source name	characteristics[organism]	characteristics[disease]	characteristics[organism part]	characteristics[developmental stage]	characteristics[biological replicate]	characteristics[sex]	characteristics[time]	characteristics[treatment]	characteristics[cell type]	assay name	technology type	comment[fraction identifier]	comment[label]	comment[proteomics data acquisition method]	comment[instrument]	comment[cleavage agent details]	comment[modification parameters]	comment[data file]	comment[technical replicate]	comment[sdrf version]	comment[sdrf template]
sample_1	salvelinus alpinus	normal	liver	juvenile	1	female	2 day	normoxia	not available	run_F1	proteomic profiling by mass spectrometry	1	TMT126	NT=data-dependent acquisition;AC=PRIDE:0000627	Orbitrap Fusion Lumos	NT=Trypsin;AC=MS:1001251	NT=TMTpro;MT=fixed;TA=N-term;AC=UNIMOD:2016	ProjectCyclicHypoxia_ArcticChar_F01.raw	1	v1.1.0	NT=ms-proteomics;VV=v1.1.0
sample_1	salvelinus alpinus	normal	liver	juvenile	1	female	2 day	normoxia	not available	run_F2	proteomic profiling by mass spectrometry	2	TMT126	NT=data-dependent acquisition;AC=PRIDE:0000627	Orbitrap Fusion Lumos	NT=Trypsin;AC=MS:1001251	NT=TMTpro;MT=fixed;TA=N-term;AC=UNIMOD:2016	ProjectCyclicHypoxia_ArcticChar_F02.raw	1	v1.1.0	NT=ms-proteomics;VV=v1.1.0
sample_1	salvelinus alpinus	normal	liver	juvenile	1	female	2 day	normoxia	not available	run_F3	proteomic profiling by mass spectrometry	3	TMT126	NT=data-dependent acquisition;AC=PRIDE:0000627	Orbitrap Fusion Lumos	NT=Trypsin;AC=MS:1001251	NT=TMTpro;MT=fixed;TA=N-term;AC=UNIMOD:2016	ProjectCyclicHypoxia_ArcticChar_F03.raw	1	v1.1.0	NT=ms-proteomics;VV=v1.1.0
sample_1	salvelinus alpinus	normal	liver	juvenile	1	female	2 day	normoxia	not available	run_F4	proteomic profiling by mass spectrometry	4	TMT126	NT=data-dependent acquisition;AC=PRIDE:0000627	Orbitrap Fusion Lumos	NT=Trypsin;AC=MS:1001251	NT=TMTpro;MT=fixed;TA=N-term;AC=UNIMOD:2016	ProjectCyclicHypoxia_ArcticChar_F04.raw	1	v1.1.0	NT=ms-proteomics;VV=v1.1.0
sample_1	salvelinus alpinus	normal	liver	juvenile	1	female	2 day	normoxia	not available	run_F5	proteomic profiling by mass spectrometry	5	TMT126	NT=data-dependent acquisition;AC=PRIDE:0000627	Orbitrap Fusion Lumos	NT=Trypsin;AC=MS:1001251	NT=TMTpro;MT=fixed;TA=N-term;AC=UNIMOD:2016	ProjectCyclicHypoxia_ArcticChar_F05.raw	1	v1.1.0	NT=ms-proteomics;VV=v1.1.0
sample_1	salvelinus alpinus	normal	liver	juvenile	1	female	2 day	normoxia	not available	run_F6	proteomic profiling by mass spectrometry	6	TMT126	NT=data-dependent acquisition;AC=PRIDE:0000627	Orbitrap Fusion Lumos	NT=Trypsin;AC=MS:1001251	NT=TMTpro;MT=fixed;TA=N-term;AC=UNIMOD:2016	ProjectCyclicHypoxia_ArcticChar_F06.raw	1	v1.1.0	NT=ms-proteomics;VV=v1.1.0
sample_1	salvelinus alpinus	normal	liver	juvenile	1	female	2 day	normoxia	not available	run_F7	proteomic profiling by mass spectrometry	7	TMT126	NT=data-dependent acquisition;AC=PRIDE:0000627	Orbitrap Fusion Lumos	NT=Trypsin;AC=MS:1001251	NT=TMTpro;MT=fixed;TA=N-term;AC=UNIMOD:2016	ProjectCyclicHypoxia_ArcticChar_F07.raw	1	v1.1.0	NT=ms-proteomics;VV=v1.1.0
sample_1	salvelinus alpinus	normal	liver	juvenile	1	female	2 day	normoxia	not available	run_F8	proteomic profiling by mass spectrometry	8	TMT126	NT=data-dependent acquisition;AC=PRIDE:0000627	Orbitrap Fusion Lumos	NT=Trypsin;AC=MS:1001251	NT=TMTpro;MT=fixed;TA=N-term;AC=UNIMOD:2016	ProjectCyclicHypoxia_ArcticChar_F08.raw	1	v1.1.0	NT=ms-proteomics;VV=v1.1.0
sample_1	salvelinus alpinus	normal	liver	juvenile	1	female	2 day	normoxia	not available	run_F9	proteomic profiling by mass spectrometry	9	TMT126	NT=data-dependent acquisition;AC=PRIDE:0000627	Orbitrap Fusion Lumos	NT=Trypsin;AC=MS:1001251	NT=TMTpro;MT=fixed;TA=N-term;AC=UNIMOD:2016	ProjectCyclicHypoxia_ArcticChar_F09.raw	1	v1.1.0	NT=ms-proteomics;VV=v1.1.0
sample_1	salvelinus alpinus	normal	liver	juvenile	1	female	2 day	normoxia	not available	run_F10	proteomic profiling by mass spectrometry	10	TMT126	NT=data-dependent acquisition;AC=PRIDE:0000627	Orbitrap Fusion Lumos	NT=Trypsin;AC=MS:1001251	NT=TMTpro;MT=fixed;TA=N-term;AC=UNIMOD:2016	ProjectCyclicHypoxia_ArcticChar_F10.raw	1	v1.1.0	NT=ms-proteomics;VV=v1.1.0
sample_1	salvelinus alpinus	normal	liver	juvenile	1	female	2 day	normoxia	not available	run_F11	proteomic profiling by mass spectrometry	11	TMT126	NT=data-dependent acquisition;AC=PRIDE:0000627	Orbitrap Fusion Lumos	NT=Trypsin;AC=MS:1001251	NT=TMTpro;MT=fixed;TA=N-term;AC=UNIMOD:2016	ProjectCyclicHypoxia_ArcticChar_F11.raw	1	v1.1.0	NT=ms-proteomics;VV=v1.1.0
sample_1	salvelinus alpinus	normal	liver	juvenile	1	female	2 day	normoxia	not available	run_F12	proteomic profiling by mass spectrometry	12	TMT126	NT=data-dependent acquisition;AC=PRIDE:0000627	Orbitrap Fusion Lumos	NT=Trypsin;AC=MS:1001251	NT=TMTpro;MT=fixed;TA=N-term;AC=UNIMOD:2016	ProjectCyclicHypoxia_ArcticChar_F12.raw	1	v1.1.0	NT=ms-proteomics;VV=v1.1.0
sample_1	salvelinus alpinus	normal	liver	juvenile	1	female	2 day	normoxia	not available	run_F13	proteomic profiling by mass spectrometry	13	TMT126	NT=data-dependent acquisition;AC=PRIDE:0000627	Orbitrap Fusion Lumos	NT=Trypsin;AC=MS:1001251	NT=TMTpro;MT=fixed;TA=N-term;AC=UNIMOD:2016	ProjectCyclicHypoxia_ArcticChar_F13.raw	1	v1.1.0	NT=ms-proteomics;VV=v1.1.0
sample_1	salvelinus alpinus	normal	liver	juvenile	1	female	2 day	normoxia	not available	run_F14	proteomic profiling by mass spectrometry	14	TMT126	NT=data-dependent acquisition;AC=PRIDE:0000627	Orbitrap Fusion Lumos	NT=Trypsin;AC=MS:1001251	NT=TMTpro;MT=fixed;TA=N-term;AC=UNIMOD:2016	ProjectCyclicHypoxia_ArcticChar_F14.raw	1	v1.1.0	NT=ms-proteomics;VV=v1.1.0
sample_1	salvelinus alpinus	normal	liver	juvenile	1	female	2 day	normoxia	not available	run_F15	proteomic profiling by mass spectrometry	15	TMT126	NT=data-dependent acquisition;AC=PRIDE:0000627	Orbitrap Fusion Lumos	NT=Trypsin;AC=MS:1001251	NT=TMTpro;MT=fixed;TA=N-term;AC=UNIMOD:2016	ProjectCyclicHypoxia_ArcticChar_F15.raw	1	v1.1.0	NT=ms-proteomics;VV=v1.1.0
sample_1	salvelinus alpinus	normal	liver	juvenile	1	female	2 day	normoxia	not available	run_F16	proteomic profiling by mass spectrometry	16	TMT126	NT=data-dependent acquisition;AC=PRIDE:0000627	Orbitrap Fusion Lumos	NT=Trypsin;AC=MS:1001251	NT=TMTpro;MT=fixed;TA=N-term;AC=UNIMOD:2016	ProjectCyclicHypoxia_ArcticChar_F16.raw	1	v1.1.0	NT=ms-proteomics;VV=v1.1.0
sample_1	salvelinus alpinus	normal	liver	juvenile	1	female	2 day	normoxia	not available	run_F17	proteomic profiling by mass spectrometry	17	TMT126	NT=data-dependent acquisition;AC=PRIDE:0000627	Orbitrap Fusion Lumos	NT=Trypsin;AC=MS:1001251	NT=TMTpro;MT=fixed;TA=N-term;AC=UNIMOD:2016	ProjectCyclicHypoxia_ArcticChar_F17.raw	1	v1.1.0	NT=ms-proteomics;VV=v1.1.0
sample_1	salvelinus alpinus	normal	liver	juvenile	1	female	2 day	normoxia	not available	run_F18	proteomic profiling by mass spectrometry	18	TMT126	NT=data-dependent acquisition;AC=PRIDE:0000627	Orbitrap Fusion Lumos	NT=Trypsin;AC=MS:1001251	NT=TMTpro;MT=fixed;TA=N-term;AC=UNIMOD:2016	ProjectCyclicHypoxia_ArcticChar_F18.raw	1	v1.1.0	NT=ms-proteomics;VV=v1.1.0
sample_1	salvelinus alpinus	normal	liver	juvenile	1	female	2 day	normoxia	not available	run_F19	proteomic profiling by mass spectrometry	19	TMT126	NT=data-dependent acquisition;AC=PRIDE:0000627	Orbitrap Fusion Lumos	NT=Trypsin;AC=MS:1001251	NT=TMTpro;MT=fixed;TA=N-term;AC=UNIMOD:2016	ProjectCyclicHypoxia_ArcticChar_F19.raw	1	v1.1.0	NT=ms-proteomics;VV=v1.1.0
sample_1	salvelinus alpinus	normal	liver	juvenile	1	female	2 day	normoxia	not available	run_F20	proteomic profiling by mass spectrometry	20	TMT126	NT=data-dependent acquisition;AC=PRIDE:0000627	Orbitrap Fusion Lumos	NT=Trypsin;AC=MS:1001251	NT=TMTpro;MT=fixed;TA=N-term;AC=UNIMOD:2016	ProjectCyclicHypoxia_ArcticChar_F20.raw	1	v1.1.0	NT=ms-proteomics;VV=v1.1.0
sample_2	salvelinus alpinus	normal	liver	juvenile	2	female	2 day	normoxia	not available	run_F1	proteomic profiling by mass spectrometry	1	TMT127N	NT=data-dependent acquisition;AC=PRIDE:0000627	Orbitrap Fusion Lumos	NT=Trypsin;AC=MS:1001251	NT=TMTpro;MT=fixed;TA=N-term;AC=UNIMOD:2016	ProjectCyclicHypoxia_ArcticChar_F01.raw	1	v1.1.0	NT=ms-proteomics;VV=v1.1.0
sample_2	salvelinus alpinus	normal	liver	juvenile	2	female	2 day	normoxia	not available	run_F2	proteomic profiling by mass spectrometry	2	TMT127N	NT=data-dependent acquisition;AC=PRIDE:0000627	Orbitrap Fusion Lumos	NT=Trypsin;AC=MS:1001251	NT=TMTpro;MT=fixed;TA=N-term;AC=UNIMOD:2016	ProjectCyclicHypoxia_ArcticChar_F02.raw	1	v1.1.0	NT=ms-proteomics;VV=v1.1.0
sample_2	salvelinus alpinus	normal	liver	juvenile	2	female	2 day	normoxia	not available	run_F3	proteomic profiling by mass spectrometry	3	TMT127N	NT=data-dependent acquisition;AC=PRIDE:0000627	Orbitrap Fusion Lumos	NT=Trypsin;AC=MS:1001251	NT=TMTpro;MT=fixed;TA=N-term;AC=UNIMOD:2016	ProjectCyclicHypoxia_ArcticChar_F03.raw	1	v1.1.0	NT=ms-proteomics;VV=v1.1.0
sample_2	salvelinus alpinus	normal	liver	juvenile	2	female	2 day	normoxia	not available	run_F4	proteomic profiling by mass spectrometry	4	TMT127N	NT=data-dependent acquisition;AC=PRIDE:0000627	Orbitrap Fusion Lumos	NT=Trypsin;AC=MS:1001251	NT=TMTpro;MT=fixed;TA=N-term;AC=UNIMOD:2016	ProjectCyclicHypoxia_ArcticChar_F04.raw	1	v1.1.0	NT=ms-proteomics;VV=v1.1.0
sample_2	salvelinus alpinus	normal	liver	juvenile	2	female	2 day	normoxia	not available	run_F5	proteomic profiling by mass spectrometry	5	TMT127N	NT=data-dependent acquisition;AC=PRIDE:0000627	Orbitrap Fusion Lumos	NT=Trypsin;AC=MS:1001251	NT=TMTpro;MT=fixed;TA=N-term;AC=UNIMOD:2016	ProjectCyclicHypoxia_ArcticChar_F05.raw	1	v1.1.0	NT=ms-proteomics;VV=v1.1.0
sample_2	salvelinus alpinus	normal	liver	juvenile	2	female	2 day	normoxia	not available	run_F6	proteomic profiling by mass spectrometry	6	TMT127N	NT=data-dependent acquisition;AC=PRIDE:0000627	Orbitrap Fusion Lumos	NT=Trypsin;AC=MS:1001251	NT=TMTpro;MT=fixed;TA=N-term;AC=UNIMOD:2016	ProjectCyclicHypoxia_ArcticChar_F06.raw	1	v1.1.0	NT=ms-proteomics;VV=v1.1.0
sample_2	salvelinus alpinus	normal	liver	juvenile	2	female	2 day	normoxia	not available	run_F7	proteomic profiling by mass spectrometry	7	TMT127N	NT=data-dependent acquisition;AC=PRIDE:0000627	Orbitrap Fusion Lumos	NT=Trypsin;AC=MS:1001251	NT=TMTpro;MT=fixed;TA=N-term;AC=UNIMOD:2016	ProjectCyclicHypoxia_ArcticChar_F07.raw	1	v1.1.0	NT=ms-proteomics;VV=v1.1.0
sample_2	salvelinus alpinus	normal	liver	juvenile	2	female	2 day	normoxia	not available	run_F8	proteomic profiling by mass spectrometry	8	TMT127N	NT=data-dependent acquisition;AC=PRIDE:0000627	Orbitrap Fusion Lumos	NT=Trypsin;AC=MS:1001251	NT=TMTpro;MT=fixed;TA=N-term;AC=UNIMOD:2016	ProjectCyclicHypoxia_ArcticChar_F08.raw	1	v1.1.0	NT=ms-proteomics;VV=v1.1.0
sample_2	salvelinus alpinus	normal	liver	juvenile	2	female	2 day	normoxia	not available	run_F9	proteomic profiling by mass spectrometry	9	TMT127N	NT=data-dependent acquisition;AC=PRIDE:0000627	Orbitrap Fusion Lumos	NT=Trypsin;AC=MS:1001251	NT=TMTpro;MT=fixed;TA=N-term;AC=UNIMOD:2016	ProjectCyclicHypoxia_ArcticChar_F09.raw	1	v1.1.0	NT=ms-proteomics;VV=v1.1.0
sample_2	salvelinus alpinus	normal	liver	juvenile	2	female	2 day	normoxia	not available	run_F10	proteomic profiling by mass spectrometry	10	TMT127N	NT=data-dependent acquisition;AC=PRIDE:0000627	Orbitrap Fusion Lumos	NT=Trypsin;AC=MS:1001251	NT=TMTpro;MT=fixed;TA=N-term;AC=UNIMOD:2016	ProjectCyclicHypoxia_ArcticChar_F10.raw	1	v1.1.0	NT=ms-proteomics;VV=v1.1.0
sample_2	salvelinus alpinus	normal	liver	juvenile	2	female	2 day	normoxia	not available	run_F11	proteomic profiling by mass spectrometry	11	TMT127N	NT=data-dependent acquisition;AC=PRIDE:0000627	Orbitrap Fusion Lumos	NT=Trypsin;AC=MS:1001251	NT=TMTpro;MT=fixed;TA=N-term;AC=UNIMOD:2016	ProjectCyclicHypoxia_ArcticChar_F11.raw	1	v1.1.0	NT=ms-proteomics;VV=v1.1.0
sample_2	salvelinus alpinus	normal	liver	juvenile	2	female	2 day	normoxia	not available	run_F12	proteomic profiling by mass spectrometry	12	TMT127N	NT=data-dependent acquisition;AC=PRIDE:0000627	Orbitrap Fusion Lumos	NT=Trypsin;AC=MS:1001251	NT=TMTpro;MT=fixed;TA=N-term;AC=UNIMOD:2016	ProjectCyclicHypoxia_ArcticChar_F12.raw	1	v1.1.0	NT=ms-proteomics;VV=v1.1.0
sample_2	salvelinus alpinus	normal	liver	juvenile	2	female	2 day	normoxia	not available	run_F13	proteomic profiling by mass spectrometry	13	TMT127N	NT=data-dependent acquisition;AC=PRIDE:0000627	Orbitrap Fusion Lumos	NT=Trypsin;AC=MS:1001251	NT=TMTpro;MT=fixed;TA=N-term;AC=UNIMOD:2016	ProjectCyclicHypoxia_ArcticChar_F13.raw	1	v1.1.0	NT=ms-proteomics;VV=v1.1.0
sample_2	salvelinus alpinus	normal	liver	juvenile	2	female	2 day	normoxia	not available	run_F14	proteomic profiling by mass spectrometry	14	TMT127N	NT=data-dependent acquisition;AC=PRIDE:0000627	Orbitrap Fusion Lumos	NT=Trypsin;AC=MS:1001251	NT=TMTpro;MT=fixed;TA=N-term;AC=UNIMOD:2016	ProjectCyclicHypoxia_ArcticChar_F14.raw	1	v1.1.0	NT=ms-proteomics;VV=v1.1.0
sample_2	salvelinus alpinus	normal	liver	juvenile	2	female	2 day	normoxia	not available	run_F15	proteomic profiling by mass spectrometry	15	TMT127N	NT=data-dependent acquisition;AC=PRIDE:0000627	Orbitrap Fusion Lumos	NT=Trypsin;AC=MS:1001251	NT=TMTpro;MT=fixed;TA=N-term;AC=UNIMOD:2016	ProjectCyclicHypoxia_ArcticChar_F15.raw	1	v1.1.0	NT=ms-proteomics;VV=v1.1.0
sample_2	salvelinus alpinus	normal	liver	juvenile	2	female	2 day	normoxia	not available	run_F16	proteomic profiling by mass spectrometry	16	TMT127N	NT=data-dependent acquisition;AC=PRIDE:0000627	Orbitrap Fusion Lumos	NT=Trypsin;AC=MS:1001251	NT=TMTpro;MT=fixed;TA=N-term;AC=UNIMOD:2016	ProjectCyclicHypoxia_ArcticChar_F16.raw	1	v1.1.0	NT=ms-proteomics;VV=v1.1.0
sample_2	salvelinus alpinus	normal	liver	juvenile	2	female	2 day	normoxia	not available	run_F17	proteomic profiling by mass spectrometry	17	TMT127N	NT=data-dependent acquisition;AC=PRIDE:0000627	Orbitrap Fusion Lumos	NT=Trypsin;AC=MS:1001251	NT=TMTpro;MT=fixed;TA=N-term;AC=UNIMOD:2016	ProjectCyclicHypoxia_ArcticChar_F17.raw	1	v1.1.0	NT=ms-proteomics;VV=v1.1.0
sample_2	salvelinus alpinus	normal	liver	juvenile	2	female	2 day	normoxia	not available	run_F18	proteomic profiling by mass spectrometry	18	TMT127N	NT=data-dependent acquisition;AC=PRIDE:0000627	Orbitrap Fusion Lumos	NT=Trypsin;AC=MS:1001251	NT=TMTpro;MT=fixed;TA=N-term;AC=UNIMOD:2016	ProjectCyclicHypoxia_ArcticChar_F18.raw	1	v1.1.0	NT=ms-proteomics;VV=v1.1.0
sample_2	salvelinus alpinus	normal	liver	juvenile	2	female	2 day	normoxia	not available	run_F19	proteomic profiling by mass spectrometry	19	TMT127N	NT=data-dependent acquisition;AC=PRIDE:0000627	Orbitrap Fusion Lumos	NT=Trypsin;AC=MS:1001251	NT=TMTpro;MT=fixed;TA=N-term;AC=UNIMOD:2016	ProjectCyclicHypoxia_ArcticChar_F19.raw	1	v1.1.0	NT=ms-proteomics;VV=v1.1.0
sample_2	salvelinus alpinus	normal	liver	juvenile	2	female	2 day	normoxia	not available	run_F20	proteomic profiling by mass spectrometry	20	TMT127N	NT=data-dependent acquisition;AC=PRIDE:0000627	Orbitrap Fusion Lumos	NT=Trypsin;AC=MS:1001251	NT=TMTpro;MT=fixed;TA=N-term;AC=UNIMOD:2016	ProjectCyclicHypoxia_ArcticChar_F20.raw	1	v1.1.0	NT=ms-proteomics;VV=v1.1.0
sample_3	salvelinus alpinus	normal	liver	juvenile	3	female	2 day	normoxia	not available	run_F1	proteomic profiling by mass spectrometry	1	TMT127C	NT=data-dependent acquisition;AC=PRIDE:0000627	Orbitrap Fusion Lumos	NT=Trypsin;AC=MS:1001251	NT=TMTpro;MT=fixed;TA=N-term;AC=UNIMOD:2016	ProjectCyclicHypoxia_ArcticChar_F01.raw	1	v1.1.0	NT=ms-proteomics;VV=v1.1.0
sample_3	salvelinus alpinus	normal	liver	juvenile	3	female	2 day	normoxia	not available	run_F2	proteomic profiling by mass spectrometry	2	TMT127C	NT=data-dependent acquisition;AC=PRIDE:0000627	Orbitrap Fusion Lumos	NT=Trypsin;AC=MS:1001251	NT=TMTpro;MT=fixed;TA=N-term;AC=UNIMOD:2016	ProjectCyclicHypoxia_ArcticChar_F02.raw	1	v1.1.0	NT=ms-proteomics;VV=v1.1.0
sample_3	salvelinus alpinus	normal	liver	juvenile	3	female	2 day	normoxia	not available	run_F3	proteomic profiling by mass spectrometry	3	TMT127C	NT=data-dependent acquisition;AC=PRIDE:0000627	Orbitrap Fusion Lumos	NT=Trypsin;AC=MS:1001251	NT=TMTpro;MT=fixed;TA=N-term;AC=UNIMOD:2016	ProjectCyclicHypoxia_ArcticChar_F03.raw	1	v1.1.0	NT=ms-proteomics;VV=v1.1.0
sample_3	salvelinus alpinus	normal	liver	juvenile	3	female	2 day	normoxia	not available	run_F4	proteomic profiling by mass spectrometry	4	TMT127C	NT=data-dependent acquisition;AC=PRIDE:0000627	Orbitrap Fusion Lumos	NT=Trypsin;AC=MS:1001251	NT=TMTpro;MT=fixed;TA=N-term;AC=UNIMOD:2016	ProjectCyclicHypoxia_ArcticChar_F04.raw	1	v1.1.0	NT=ms-proteomics;VV=v1.1.0
sample_3	salvelinus alpinus	normal	liver	juvenile	3	female	2 day	normoxia	not available	run_F5	proteomic profiling by mass spectrometry	5	TMT127C	NT=data-dependent acquisition;AC=PRIDE:0000627	Orbitrap Fusion Lumos	NT=Trypsin;AC=MS:1001251	NT=TMTpro;MT=fixed;TA=N-term;AC=UNIMOD:2016	ProjectCyclicHypoxia_ArcticChar_F05.raw	1	v1.1.0	NT=ms-proteomics;VV=v1.1.0
sample_3	salvelinus alpinus	normal	liver	juvenile	3	female	2 day	normoxia	not available	run_F6	proteomic profiling by mass spectrometry	6	TMT127C	NT=data-dependent acquisition;AC=PRIDE:0000627	Orbitrap Fusion Lumos	NT=Trypsin;AC=MS:1001251	NT=TMTpro;MT=fixed;TA=N-term;AC=UNIMOD:2016	ProjectCyclicHypoxia_ArcticChar_F06.raw	1	v1.1.0	NT=ms-proteomics;VV=v1.1.0
sample_3	salvelinus alpinus	normal	liver	juvenile	3	female	2 day	normoxia	not available	run_F7	proteomic profiling by mass spectrometry	7	TMT127C	NT=data-dependent acquisition;AC=PRIDE:0000627	Orbitrap Fusion Lumos	NT=Trypsin;AC=MS:1001251	NT=TMTpro;MT=fixed;TA=N-term;AC=UNIMOD:2016	ProjectCyclicHypoxia_ArcticChar_F07.raw	1	v1.1.0	NT=ms-proteomics;VV=v1.1.0
sample_3	salvelinus alpinus	normal	liver	juvenile	3	female	2 day	normoxia	not available	run_F8	proteomic profiling by mass spectrometry	8	TMT127C	NT=data-dependent acquisition;AC=PRIDE:0000627	Orbitrap Fusion Lumos	NT=Trypsin;AC=MS:1001251	NT=TMTpro;MT=fixed;TA=N-term;AC=UNIMOD:2016	ProjectCyclicHypoxia_ArcticChar_F08.raw	1	v1.1.0	NT=ms-proteomics;VV=v1.1.0
sample_3	salvelinus alpinus	normal	liver	juvenile	3	female	2 day	normoxia	not available	run_F9	proteomic profiling by mass spectrometry	9	TMT127C	NT=data-dependent acquisition;AC=PRIDE:0000627	Orbitrap Fusion Lumos	NT=Trypsin;AC=MS:1001251	NT=TMTpro;MT=fixed;TA=N-term;AC=UNIMOD:2016	ProjectCyclicHypoxia_ArcticChar_F09.raw	1	v1.1.0	NT=ms-proteomics;VV=v1.1.0
sample_3	salvelinus alpinus	normal	liver	juvenile	3	female	2 day	normoxia	not available	run_F10	proteomic profiling by mass spectrometry	10	TMT127C	NT=data-dependent acquisition;AC=PRIDE:0000627	Orbitrap Fusion Lumos	NT=Trypsin;AC=MS:1001251	NT=TMTpro;MT=fixed;TA=N-term;AC=UNIMOD:2016	ProjectCyclicHypoxia_ArcticChar_F10.raw	1	v1.1.0	NT=ms-proteomics;VV=v1.1.0
sample_3	salvelinus alpinus	normal	liver	juvenile	3	female	2 day	normoxia	not available	run_F11	proteomic profiling by mass spectrometry	11	TMT127C	NT=data-dependent acquisition;AC=PRIDE:0000627	Orbitrap Fusion Lumos	NT=Trypsin;AC=MS:1001251	NT=TMTpro;MT=fixed;TA=N-term;AC=UNIMOD:2016	ProjectCyclicHypoxia_ArcticChar_F11.raw	1	v1.1.0	NT=ms-proteomics;VV=v1.1.0
sample_3	salvelinus alpinus	normal	liver	juvenile	3	female	2 day	normoxia	not available	run_F12	proteomic profiling by mass spectrometry	12	TMT127C	NT=data-dependent acquisition;AC=PRIDE:0000627	Orbitrap Fusion Lumos	NT=Trypsin;AC=MS:1001251	NT=TMTpro;MT=fixed;TA=N-term;AC=UNIMOD:2016	ProjectCyclicHypoxia_ArcticChar_F12.raw	1	v1.1.0	NT=ms-proteomics;VV=v1.1.0
sample_3	salvelinus alpinus	normal	liver	juvenile	3	female	2 day	normoxia	not available	run_F13	proteomic profiling by mass spectrometry	13	TMT127C	NT=data-dependent acquisition;AC=PRIDE:0000627	Orbitrap Fusion Lumos	NT=Trypsin;AC=MS:1001251	NT=TMTpro;MT=fixed;TA=N-term;AC=UNIMOD:2016	ProjectCyclicHypoxia_ArcticChar_F13.raw	1	v1.1.0	NT=ms-proteomics;VV=v1.1.0
sample_3	salvelinus alpinus	normal	liver	juvenile	3	female	2 day	normoxia	not available	run_F14	proteomic profiling by mass spectrometry	14	TMT127C	NT=data-dependent acquisition;AC=PRIDE:0000627	Orbitrap Fusion Lumos	NT=Trypsin;AC=MS:1001251	NT=TMTpro;MT=fixed;TA=N-term;AC=UNIMOD:2016	ProjectCyclicHypoxia_ArcticChar_F14.raw	1	v1.1.0	NT=ms-proteomics;VV=v1.1.0
sample_3	salvelinus alpinus	normal	liver	juvenile	3	female	2 day	normoxia	not available	run_F15	proteomic profiling by mass spectrometry	15	TMT127C	NT=data-dependent acquisition;AC=PRIDE:0000627	Orbitrap Fusion Lumos	NT=Trypsin;AC=MS:1001251	NT=TMTpro;MT=fixed;TA=N-term;AC=UNIMOD:2016	ProjectCyclicHypoxia_ArcticChar_F15.raw	1	v1.1.0	NT=ms-proteomics;VV=v1.1.0
sample_3	salvelinus alpinus	normal	liver	juvenile	3	female	2 day	normoxia	not available	run_F16	proteomic profiling by mass spectrometry	16	TMT127C	NT=data-dependent acquisition;AC=PRIDE:0000627	Orbitrap Fusion Lumos	NT=Trypsin;AC=MS:1001251	NT=TMTpro;MT=fixed;TA=N-term;AC=UNIMOD:2016	ProjectCyclicHypoxia_ArcticChar_F16.raw	1	v1.1.0	NT=ms-proteomics;VV=v1.1.0
sample_3	salvelinus alpinus	normal	liver	juvenile	3	female	2 day	normoxia	not available	run_F17	proteomic profiling by mass spectrometry	17	TMT127C	NT=data-dependent acquisition;AC=PRIDE:0000627	Orbitrap Fusion Lumos	NT=Trypsin;AC=MS:1001251	NT=TMTpro;MT=fixed;TA=N-term;AC=UNIMOD:2016	ProjectCyclicHypoxia_ArcticChar_F17.raw	1	v1.1.0	NT=ms-proteomics;VV=v1.1.0
sample_3	salvelinus alpinus	normal	liver	juvenile	3	female	2 day	normoxia	not available	run_F18	proteomic profiling by mass spectrometry	18	TMT127C	NT=data-dependent acquisition;AC=PRIDE:0000627	Orbitrap Fusion Lumos	NT=Trypsin;AC=MS:1001251	NT=TMTpro;MT=fixed;TA=N-term;AC=UNIMOD:2016	ProjectCyclicHypoxia_ArcticChar_F18.raw	1	v1.1.0	NT=ms-proteomics;VV=v1.1.0
sample_3	salvelinus alpinus	normal	liver	juvenile	3	female	2 day	normoxia	not available	run_F19	proteomic profiling by mass spectrometry	19	TMT127C	NT=data-dependent acquisition;AC=PRIDE:0000627	Orbitrap Fusion Lumos	NT=Trypsin;AC=MS:1001251	NT=TMTpro;MT=fixed;TA=N-term;AC=UNIMOD:2016	ProjectCyclicHypoxia_ArcticChar_F19.raw	1	v1.1.0	NT=ms-proteomics;VV=v1.1.0
sample_3	salvelinus alpinus	normal	liver	juvenile	3	female	2 day	normoxia	not available	run_F20	proteomic profiling by mass spectrometry	20	TMT127C	NT=data-dependent acquisition;AC=PRIDE:0000627	Orbitrap Fusion Lumos	NT=Trypsin;AC=MS:1001251	NT=TMTpro;MT=fixed;TA=N-term;AC=UNIMOD:2016	ProjectCyclicHypoxia_ArcticChar_F20.raw	1	v1.1.0	NT=ms-proteomics;VV=v1.1.0
sample_4	salvelinus alpinus	normal	liver	juvenile	4	female	2 day	normoxia	not available	run_F1	proteomic profiling by mass spectrometry	1	TMT128N	NT=data-dependent acquisition;AC=PRIDE:0000627	Orbitrap Fusion Lumos	NT=Trypsin;AC=MS:1001251	NT=TMTpro;MT=fixed;TA=N-term;AC=UNIMOD:2016	ProjectCyclicHypoxia_ArcticChar_F01.raw	1	v1.1.0	NT=ms-proteomics;VV=v1.1.0
sample_4	salvelinus alpinus	normal	liver	juvenile	4	female	2 day	normoxia	not available	run_F2	proteomic profiling by mass spectrometry	2	TMT128N	NT=data-dependent acquisition;AC=PRIDE:0000627	Orbitrap Fusion Lumos	NT=Trypsin;AC=MS:1001251	NT=TMTpro;MT=fixed;TA=N-term;AC=UNIMOD:2016	ProjectCyclicHypoxia_ArcticChar_F02.raw	1	v1.1.0	NT=ms-proteomics;VV=v1.1.0
sample_4	salvelinus alpinus	normal	liver	juvenile	4	female	2 day	normoxia	not available	run_F3	proteomic profiling by mass spectrometry	3	TMT128N	NT=data-dependent acquisition;AC=PRIDE:0000627	Orbitrap Fusion Lumos	NT=Trypsin;AC=MS:1001251	NT=TMTpro;MT=fixed;TA=N-term;AC=UNIMOD:2016	ProjectCyclicHypoxia_ArcticChar_F03.raw	1	v1.1.0	NT=ms-proteomics;VV=v1.1.0
sample_4	salvelinus alpinus	normal	liver	juvenile	4	female	2 day	normoxia	not available	run_F4	proteomic profiling by mass spectrometry	4	TMT128N	NT=data-dependent acquisition;AC=PRIDE:0000627	Orbitrap Fusion Lumos	NT=Trypsin;AC=MS:1001251	NT=TMTpro;MT=fixed;TA=N-term;AC=UNIMOD:2016	ProjectCyclicHypoxia_ArcticChar_F04.raw	1	v1.1.0	NT=ms-proteomics;VV=v1.1.0
sample_4	salvelinus alpinus	normal	liver	juvenile	4	female	2 day	normoxia	not available	run_F5	proteomic profiling by mass spectrometry	5	TMT128N	NT=data-dependent acquisition;AC=PRIDE:0000627	Orbitrap Fusion Lumos	NT=Trypsin;AC=MS:1001251	NT=TMTpro;MT=fixed;TA=N-term;AC=UNIMOD:2016	ProjectCyclicHypoxia_ArcticChar_F05.raw	1	v1.1.0	NT=ms-proteomics;VV=v1.1.0
sample_4	salvelinus alpinus	normal	liver	juvenile	4	female	2 day	normoxia	not available	run_F6	proteomic profiling by mass spectrometry	6	TMT128N	NT=data-dependent acquisition;AC=PRIDE:0000627	Orbitrap Fusion Lumos	NT=Trypsin;AC=MS:1001251	NT=TMTpro;MT=fixed;TA=N-term;AC=UNIMOD:2016	ProjectCyclicHypoxia_ArcticChar_F06.raw	1	v1.1.0	NT=ms-proteomics;VV=v1.1.0
sample_4	salvelinus alpinus	normal	liver	juvenile	4	female	2 day	normoxia	not available	run_F7	proteomic profiling by mass spectrometry	7	TMT128N	NT=data-dependent acquisition;AC=PRIDE:0000627	Orbitrap Fusion Lumos	NT=Trypsin;AC=MS:1001251	NT=TMTpro;MT=fixed;TA=N-term;AC=UNIMOD:2016	ProjectCyclicHypoxia_ArcticChar_F07.raw	1	v1.1.0	NT=ms-proteomics;VV=v1.1.0
sample_4	salvelinus alpinus	normal	liver	juvenile	4	female	2 day	normoxia	not available	run_F8	proteomic profiling by mass spectrometry	8	TMT128N	NT=data-dependent acquisition;AC=PRIDE:0000627	Orbitrap Fusion Lumos	NT=Trypsin;AC=MS:1001251	NT=TMTpro;MT=fixed;TA=N-term;AC=UNIMOD:2016	ProjectCyclicHypoxia_ArcticChar_F08.raw	1	v1.1.0	NT=ms-proteomics;VV=v1.1.0
sample_4	salvelinus alpinus	normal	liver	juvenile	4	female	2 day	normoxia	not available	run_F9	proteomic profiling by mass spectrometry	9	TMT128N	NT=data-dependent acquisition;AC=PRIDE:0000627	Orbitrap Fusion Lumos	NT=Trypsin;AC=MS:1001251	NT=TMTpro;MT=fixed;TA=N-term;AC=UNIMOD:2016	ProjectCyclicHypoxia_ArcticChar_F09.raw	1	v1.1.0	NT=ms-proteomics;VV=v1.1.0
sample_4	salvelinus alpinus	normal	liver	juvenile	4	female	2 day	normoxia	not available	run_F10	proteomic profiling by mass spectrometry	10	TMT128N	NT=data-dependent acquisition;AC=PRIDE:0000627	Orbitrap Fusion Lumos	NT=Trypsin;AC=MS:1001251	NT=TMTpro;MT=fixed;TA=N-term;AC=UNIMOD:2016	ProjectCyclicHypoxia_ArcticChar_F10.raw	1	v1.1.0	NT=ms-proteomics;VV=v1.1.0
sample_4	salvelinus alpinus	normal	liver	juvenile	4	female	2 day	normoxia	not available	run_F11	proteomic profiling by mass spectrometry	11	TMT128N	NT=data-dependent acquisition;AC=PRIDE:0000627	Orbitrap Fusion Lumos	NT=Trypsin;AC=MS:1001251	NT=TMTpro;MT=fixed;TA=N-term;AC=UNIMOD:2016	ProjectCyclicHypoxia_ArcticChar_F11.raw	1	v1.1.0	NT=ms-proteomics;VV=v1.1.0
sample_4	salvelinus alpinus	normal	liver	juvenile	4	female	2 day	normoxia	not available	run_F12	proteomic profiling by mass spectrometry	12	TMT128N	NT=data-dependent acquisition;AC=PRIDE:0000627	Orbitrap Fusion Lumos	NT=Trypsin;AC=MS:1001251	NT=TMTpro;MT=fixed;TA=N-term;AC=UNIMOD:2016	ProjectCyclicHypoxia_ArcticChar_F12.raw	1	v1.1.0	NT=ms-proteomics;VV=v1.1.0
sample_4	salvelinus alpinus	normal	liver	juvenile	4	female	2 day	normoxia	not available	run_F13	proteomic profiling by mass spectrometry	13	TMT128N	NT=data-dependent acquisition;AC=PRIDE:0000627	Orbitrap Fusion Lumos	NT=Trypsin;AC=MS:1001251	NT=TMTpro;MT=fixed;TA=N-term;AC=UNIMOD:2016	ProjectCyclicHypoxia_ArcticChar_F13.raw	1	v1.1.0	NT=ms-proteomics;VV=v1.1.0
sample_4	salvelinus alpinus	normal	liver	juvenile	4	female	2 day	normoxia	not available	run_F14	proteomic profiling by mass spectrometry	14	TMT128N	NT=data-dependent acquisition;AC=PRIDE:0000627	Orbitrap Fusion Lumos	NT=Trypsin;AC=MS:1001251	NT=TMTpro;MT=fixed;TA=N-term;AC=UNIMOD:2016	ProjectCyclicHypoxia_ArcticChar_F14.raw	1	v1.1.0	NT=ms-proteomics;VV=v1.1.0
sample_4	salvelinus alpinus	normal	liver	juvenile	4	female	2 day	normoxia	not available	run_F15	proteomic profiling by mass spectrometry	15	TMT128N	NT=data-dependent acquisition;AC=PRIDE:0000627	Orbitrap Fusion Lumos	NT=Trypsin;AC=MS:1001251	NT=TMTpro;MT=fixed;TA=N-term;AC=UNIMOD:2016	ProjectCyclicHypoxia_ArcticChar_F15.raw	1	v1.1.0	NT=ms-proteomics;VV=v1.1.0
sample_4	salvelinus alpinus	normal	liver	juvenile	4	female	2 day	normoxia	not available	run_F16	proteomic profiling by mass spectrometry	16	TMT128N	NT=data-dependent acquisition;AC=PRIDE:0000627	Orbitrap Fusion Lumos	NT=Trypsin;AC=MS:1001251	NT=TMTpro;MT=fixed;TA=N-term;AC=UNIMOD:2016	ProjectCyclicHypoxia_ArcticChar_F16.raw	1	v1.1.0	NT=ms-proteomics;VV=v1.1.0
sample_4	salvelinus alpinus	normal	liver	juvenile	4	female	2 day	normoxia	not available	run_F17	proteomic profiling by mass spectrometry	17	TMT128N	NT=data-dependent acquisition;AC=PRIDE:0000627	Orbitrap Fusion Lumos	NT=Trypsin;AC=MS:1001251	NT=TMTpro;MT=fixed;TA=N-term;AC=UNIMOD:2016	ProjectCyclicHypoxia_ArcticChar_F17.raw	1	v1.1.0	NT=ms-proteomics;VV=v1.1.0
sample_4	salvelinus alpinus	normal	liver	juvenile	4	female	2 day	normoxia	not available	run_F18	proteomic profiling by mass spectrometry	18	TMT128N	NT=data-dependent acquisition;AC=PRIDE:0000627	Orbitrap Fusion Lumos	NT=Trypsin;AC=MS:1001251	NT=TMTpro;MT=fixed;TA=N-term;AC=UNIMOD:2016	ProjectCyclicHypoxia_ArcticChar_F18.raw	1	v1.1.0	NT=ms-proteomics;VV=v1.1.0
sample_4	salvelinus alpinus	normal	liver	juvenile	4	female	2 day	normoxia	not available	run_F19	proteomic profiling by mass spectrometry	19	TMT128N	NT=data-dependent acquisition;AC=PRIDE:0000627	Orbitrap Fusion Lumos	NT=Trypsin;AC=MS:1001251	NT=TMTpro;MT=fixed;TA=N-term;AC=UNIMOD:2016	ProjectCyclicHypoxia_ArcticChar_F19.raw	1	v1.1.0	NT=ms-proteomics;VV=v1.1.0
sample_4	salvelinus alpinus	normal	liver	juvenile	4	female	2 day	normoxia	not available	run_F20	proteomic profiling by mass spectrometry	20	TMT128N	NT=data-dependent acquisition;AC=PRIDE:0000627	Orbitrap Fusion Lumos	NT=Trypsin;AC=MS:1001251	NT=TMTpro;MT=fixed;TA=N-term;AC=UNIMOD:2016	ProjectCyclicHypoxia_ArcticChar_F20.raw	1	v1.1.0	NT=ms-proteomics;VV=v1.1.0
sample_5	salvelinus alpinus	normal	liver	juvenile	1	female	2 day	cyclic hypoxia	not available	run_F1	proteomic profiling by mass spectrometry	1	TMT128C	NT=data-dependent acquisition;AC=PRIDE:0000627	Orbitrap Fusion Lumos	NT=Trypsin;AC=MS:1001251	NT=TMTpro;MT=fixed;TA=N-term;AC=UNIMOD:2016	ProjectCyclicHypoxia_ArcticChar_F01.raw	1	v1.1.0	NT=ms-proteomics;VV=v1.1.0
sample_5	salvelinus alpinus	normal	liver	juvenile	1	female	2 day	cyclic hypoxia	not available	run_F2	proteomic profiling by mass spectrometry	2	TMT128C	NT=data-dependent acquisition;AC=PRIDE:0000627	Orbitrap Fusion Lumos	NT=Trypsin;AC=MS:1001251	NT=TMTpro;MT=fixed;TA=N-term;AC=UNIMOD:2016	ProjectCyclicHypoxia_ArcticChar_F02.raw	1	v1.1.0	NT=ms-proteomics;VV=v1.1.0
sample_5	salvelinus alpinus	normal	liver	juvenile	1	female	2 day	cyclic hypoxia	not available	run_F3	proteomic profiling by mass spectrometry	3	TMT128C	NT=data-dependent acquisition;AC=PRIDE:0000627	Orbitrap Fusion Lumos	NT=Trypsin;AC=MS:1001251	NT=TMTpro;MT=fixed;TA=N-term;AC=UNIMOD:2016	ProjectCyclicHypoxia_ArcticChar_F03.raw	1	v1.1.0	NT=ms-proteomics;VV=v1.1.0
sample_5	salvelinus alpinus	normal	liver	juvenile	1	female	2 day	cyclic hypoxia	not available	run_F4	proteomic profiling by mass spectrometry	4	TMT128C	NT=data-dependent acquisition;AC=PRIDE:0000627	Orbitrap Fusion Lumos	NT=Trypsin;AC=MS:1001251	NT=TMTpro;MT=fixed;TA=N-term;AC=UNIMOD:2016	ProjectCyclicHypoxia_ArcticChar_F04.raw	1	v1.1.0	NT=ms-proteomics;VV=v1.1.0
sample_5	salvelinus alpinus	normal	liver	juvenile	1	female	2 day	cyclic hypoxia	not available	run_F5	proteomic profiling by mass spectrometry	5	TMT128C	NT=data-dependent acquisition;AC=PRIDE:0000627	Orbitrap Fusion Lumos	NT=Trypsin;AC=MS:1001251	NT=TMTpro;MT=fixed;TA=N-term;AC=UNIMOD:2016	ProjectCyclicHypoxia_ArcticChar_F05.raw	1	v1.1.0	NT=ms-proteomics;VV=v1.1.0
sample_5	salvelinus alpinus	normal	liver	juvenile	1	female	2 day	cyclic hypoxia	not available	run_F6	proteomic profiling by mass spectrometry	6	TMT128C	NT=data-dependent acquisition;AC=PRIDE:0000627	Orbitrap Fusion Lumos	NT=Trypsin;AC=MS:1001251	NT=TMTpro;MT=fixed;TA=N-term;AC=UNIMOD:2016	ProjectCyclicHypoxia_ArcticChar_F06.raw	1	v1.1.0	NT=ms-proteomics;VV=v1.1.0
sample_5	salvelinus alpinus	normal	liver	juvenile	1	female	2 day	cyclic hypoxia	not available	run_F7	proteomic profiling by mass spectrometry	7	TMT128C	NT=data-dependent acquisition;AC=PRIDE:0000627	Orbitrap Fusion Lumos	NT=Trypsin;AC=MS:1001251	NT=TMTpro;MT=fixed;TA=N-term;AC=UNIMOD:2016	ProjectCyclicHypoxia_ArcticChar_F07.raw	1	v1.1.0	NT=ms-proteomics;VV=v1.1.0
sample_5	salvelinus alpinus	normal	liver	juvenile	1	female	2 day	cyclic hypoxia	not available	run_F8	proteomic profiling by mass spectrometry	8	TMT128C	NT=data-dependent acquisition;AC=PRIDE:0000627	Orbitrap Fusion Lumos	NT=Trypsin;AC=MS:1001251	NT=TMTpro;MT=fixed;TA=N-term;AC=UNIMOD:2016	ProjectCyclicHypoxia_ArcticChar_F08.raw	1	v1.1.0	NT=ms-proteomics;VV=v1.1.0
sample_5	salvelinus alpinus	normal	liver	juvenile	1	female	2 day	cyclic hypoxia	not available	run_F9	proteomic profiling by mass spectrometry	9	TMT128C	NT=data-dependent acquisition;AC=PRIDE:0000627	Orbitrap Fusion Lumos	NT=Trypsin;AC=MS:1001251	NT=TMTpro;MT=fixed;TA=N-term;AC=UNIMOD:2016	ProjectCyclicHypoxia_ArcticChar_F09.raw	1	v1.1.0	NT=ms-proteomics;VV=v1.1.0
sample_5	salvelinus alpinus	normal	liver	juvenile	1	female	2 day	cyclic hypoxia	not available	run_F10	proteomic profiling by mass spectrometry	10	TMT128C	NT=data-dependent acquisition;AC=PRIDE:0000627	Orbitrap Fusion Lumos	NT=Trypsin;AC=MS:1001251	NT=TMTpro;MT=fixed;TA=N-term;AC=UNIMOD:2016	ProjectCyclicHypoxia_ArcticChar_F10.raw	1	v1.1.0	NT=ms-proteomics;VV=v1.1.0
sample_5	salvelinus alpinus	normal	liver	juvenile	1	female	2 day	cyclic hypoxia	not available	run_F11	proteomic profiling by mass spectrometry	11	TMT128C	NT=data-dependent acquisition;AC=PRIDE:0000627	Orbitrap Fusion Lumos	NT=Trypsin;AC=MS:1001251	NT=TMTpro;MT=fixed;TA=N-term;AC=UNIMOD:2016	ProjectCyclicHypoxia_ArcticChar_F11.raw	1	v1.1.0	NT=ms-proteomics;VV=v1.1.0
sample_5	salvelinus alpinus	normal	liver	juvenile	1	female	2 day	cyclic hypoxia	not available	run_F12	proteomic profiling by mass spectrometry	12	TMT128C	NT=data-dependent acquisition;AC=PRIDE:0000627	Orbitrap Fusion Lumos	NT=Trypsin;AC=MS:1001251	NT=TMTpro;MT=fixed;TA=N-term;AC=UNIMOD:2016	ProjectCyclicHypoxia_ArcticChar_F12.raw	1	v1.1.0	NT=ms-proteomics;VV=v1.1.0
sample_5	salvelinus alpinus	normal	liver	juvenile	1	female	2 day	cyclic hypoxia	not available	run_F13	proteomic profiling by mass spectrometry	13	TMT128C	NT=data-dependent acquisition;AC=PRIDE:0000627	Orbitrap Fusion Lumos	NT=Trypsin;AC=MS:1001251	NT=TMTpro;MT=fixed;TA=N-term;AC=UNIMOD:2016	ProjectCyclicHypoxia_ArcticChar_F13.raw	1	v1.1.0	NT=ms-proteomics;VV=v1.1.0
sample_5	salvelinus alpinus	normal	liver	juvenile	1	female	2 day	cyclic hypoxia	not available	run_F14	proteomic profiling by mass spectrometry	14	TMT128C	NT=data-dependent acquisition;AC=PRIDE:0000627	Orbitrap Fusion Lumos	NT=Trypsin;AC=MS:1001251	NT=TMTpro;MT=fixed;TA=N-term;AC=UNIMOD:2016	ProjectCyclicHypoxia_ArcticChar_F14.raw	1	v1.1.0	NT=ms-proteomics;VV=v1.1.0
sample_5	salvelinus alpinus	normal	liver	juvenile	1	female	2 day	cyclic hypoxia	not available	run_F15	proteomic profiling by mass spectrometry	15	TMT128C	NT=data-dependent acquisition;AC=PRIDE:0000627	Orbitrap Fusion Lumos	NT=Trypsin;AC=MS:1001251	NT=TMTpro;MT=fixed;TA=N-term;AC=UNIMOD:2016	ProjectCyclicHypoxia_ArcticChar_F15.raw	1	v1.1.0	NT=ms-proteomics;VV=v1.1.0
sample_5	salvelinus alpinus	normal	liver	juvenile	1	female	2 day	cyclic hypoxia	not available	run_F16	proteomic profiling by mass spectrometry	16	TMT128C	NT=data-dependent acquisition;AC=PRIDE:0000627	Orbitrap Fusion Lumos	NT=Trypsin;AC=MS:1001251	NT=TMTpro;MT=fixed;TA=N-term;AC=UNIMOD:2016	ProjectCyclicHypoxia_ArcticChar_F16.raw	1	v1.1.0	NT=ms-proteomics;VV=v1.1.0
sample_5	salvelinus alpinus	normal	liver	juvenile	1	female	2 day	cyclic hypoxia	not available	run_F17	proteomic profiling by mass spectrometry	17	TMT128C	NT=data-dependent acquisition;AC=PRIDE:0000627	Orbitrap Fusion Lumos	NT=Trypsin;AC=MS:1001251	NT=TMTpro;MT=fixed;TA=N-term;AC=UNIMOD:2016	ProjectCyclicHypoxia_ArcticChar_F17.raw	1	v1.1.0	NT=ms-proteomics;VV=v1.1.0
sample_5	salvelinus alpinus	normal	liver	juvenile	1	female	2 day	cyclic hypoxia	not available	run_F18	proteomic profiling by mass spectrometry	18	TMT128C	NT=data-dependent acquisition;AC=PRIDE:0000627	Orbitrap Fusion Lumos	NT=Trypsin;AC=MS:1001251	NT=TMTpro;MT=fixed;TA=N-term;AC=UNIMOD:2016	ProjectCyclicHypoxia_ArcticChar_F18.raw	1	v1.1.0	NT=ms-proteomics;VV=v1.1.0
sample_5	salvelinus alpinus	normal	liver	juvenile	1	female	2 day	cyclic hypoxia	not available	run_F19	proteomic profiling by mass spectrometry	19	TMT128C	NT=data-dependent acquisition;AC=PRIDE:0000627	Orbitrap Fusion Lumos	NT=Trypsin;AC=MS:1001251	NT=TMTpro;MT=fixed;TA=N-term;AC=UNIMOD:2016	ProjectCyclicHypoxia_ArcticChar_F19.raw	1	v1.1.0	NT=ms-proteomics;VV=v1.1.0
sample_5	salvelinus alpinus	normal	liver	juvenile	1	female	2 day	cyclic hypoxia	not available	run_F20	proteomic profiling by mass spectrometry	20	TMT128C	NT=data-dependent acquisition;AC=PRIDE:0000627	Orbitrap Fusion Lumos	NT=Trypsin;AC=MS:1001251	NT=TMTpro;MT=fixed;TA=N-term;AC=UNIMOD:2016	ProjectCyclicHypoxia_ArcticChar_F20.raw	1	v1.1.0	NT=ms-proteomics;VV=v1.1.0
sample_6	salvelinus alpinus	normal	liver	juvenile	2	female	2 day	cyclic hypoxia	not available	run_F1	proteomic profiling by mass spectrometry	1	TMT129N	NT=data-dependent acquisition;AC=PRIDE:0000627	Orbitrap Fusion Lumos	NT=Trypsin;AC=MS:1001251	NT=TMTpro;MT=fixed;TA=N-term;AC=UNIMOD:2016	ProjectCyclicHypoxia_ArcticChar_F01.raw	1	v1.1.0	NT=ms-proteomics;VV=v1.1.0
sample_6	salvelinus alpinus	normal	liver	juvenile	2	female	2 day	cyclic hypoxia	not available	run_F2	proteomic profiling by mass spectrometry	2	TMT129N	NT=data-dependent acquisition;AC=PRIDE:0000627	Orbitrap Fusion Lumos	NT=Trypsin;AC=MS:1001251	NT=TMTpro;MT=fixed;TA=N-term;AC=UNIMOD:2016	ProjectCyclicHypoxia_ArcticChar_F02.raw	1	v1.1.0	NT=ms-proteomics;VV=v1.1.0
sample_6	salvelinus alpinus	normal	liver	juvenile	2	female	2 day	cyclic hypoxia	not available	run_F3	proteomic profiling by mass spectrometry	3	TMT129N	NT=data-dependent acquisition;AC=PRIDE:0000627	Orbitrap Fusion Lumos	NT=Trypsin;AC=MS:1001251	NT=TMTpro;MT=fixed;TA=N-term;AC=UNIMOD:2016	ProjectCyclicHypoxia_ArcticChar_F03.raw	1	v1.1.0	NT=ms-proteomics;VV=v1.1.0
sample_6	salvelinus alpinus	normal	liver	juvenile	2	female	2 day	cyclic hypoxia	not available	run_F4	proteomic profiling by mass spectrometry	4	TMT129N	NT=data-dependent acquisition;AC=PRIDE:0000627	Orbitrap Fusion Lumos	NT=Trypsin;AC=MS:1001251	NT=TMTpro;MT=fixed;TA=N-term;AC=UNIMOD:2016	ProjectCyclicHypoxia_ArcticChar_F04.raw	1	v1.1.0	NT=ms-proteomics;VV=v1.1.0
sample_6	salvelinus alpinus	normal	liver	juvenile	2	female	2 day	cyclic hypoxia	not available	run_F5	proteomic profiling by mass spectrometry	5	TMT129N	NT=data-dependent acquisition;AC=PRIDE:0000627	Orbitrap Fusion Lumos	NT=Trypsin;AC=MS:1001251	NT=TMTpro;MT=fixed;TA=N-term;AC=UNIMOD:2016	ProjectCyclicHypoxia_ArcticChar_F05.raw	1	v1.1.0	NT=ms-proteomics;VV=v1.1.0
sample_6	salvelinus alpinus	normal	liver	juvenile	2	female	2 day	cyclic hypoxia	not available	run_F6	proteomic profiling by mass spectrometry	6	TMT129N	NT=data-dependent acquisition;AC=PRIDE:0000627	Orbitrap Fusion Lumos	NT=Trypsin;AC=MS:1001251	NT=TMTpro;MT=fixed;TA=N-term;AC=UNIMOD:2016	ProjectCyclicHypoxia_ArcticChar_F06.raw	1	v1.1.0	NT=ms-proteomics;VV=v1.1.0
sample_6	salvelinus alpinus	normal	liver	juvenile	2	female	2 day	cyclic hypoxia	not available	run_F7	proteomic profiling by mass spectrometry	7	TMT129N	NT=data-dependent acquisition;AC=PRIDE:0000627	Orbitrap Fusion Lumos	NT=Trypsin;AC=MS:1001251	NT=TMTpro;MT=fixed;TA=N-term;AC=UNIMOD:2016	ProjectCyclicHypoxia_ArcticChar_F07.raw	1	v1.1.0	NT=ms-proteomics;VV=v1.1.0
sample_6	salvelinus alpinus	normal	liver	juvenile	2	female	2 day	cyclic hypoxia	not available	run_F8	proteomic profiling by mass spectrometry	8	TMT129N	NT=data-dependent acquisition;AC=PRIDE:0000627	Orbitrap Fusion Lumos	NT=Trypsin;AC=MS:1001251	NT=TMTpro;MT=fixed;TA=N-term;AC=UNIMOD:2016	ProjectCyclicHypoxia_ArcticChar_F08.raw	1	v1.1.0	NT=ms-proteomics;VV=v1.1.0
sample_6	salvelinus alpinus	normal	liver	juvenile	2	female	2 day	cyclic hypoxia	not available	run_F9	proteomic profiling by mass spectrometry	9	TMT129N	NT=data-dependent acquisition;AC=PRIDE:0000627	Orbitrap Fusion Lumos	NT=Trypsin;AC=MS:1001251	NT=TMTpro;MT=fixed;TA=N-term;AC=UNIMOD:2016	ProjectCyclicHypoxia_ArcticChar_F09.raw	1	v1.1.0	NT=ms-proteomics;VV=v1.1.0
sample_6	salvelinus alpinus	normal	liver	juvenile	2	female	2 day	cyclic hypoxia	not available	run_F10	proteomic profiling by mass spectrometry	10	TMT129N	NT=data-dependent acquisition;AC=PRIDE:0000627	Orbitrap Fusion Lumos	NT=Trypsin;AC=MS:1001251	NT=TMTpro;MT=fixed;TA=N-term;AC=UNIMOD:2016	ProjectCyclicHypoxia_ArcticChar_F10.raw	1	v1.1.0	NT=ms-proteomics;VV=v1.1.0
sample_6	salvelinus alpinus	normal	liver	juvenile	2	female	2 day	cyclic hypoxia	not available	run_F11	proteomic profiling by mass spectrometry	11	TMT129N	NT=data-dependent acquisition;AC=PRIDE:0000627	Orbitrap Fusion Lumos	NT=Trypsin;AC=MS:1001251	NT=TMTpro;MT=fixed;TA=N-term;AC=UNIMOD:2016	ProjectCyclicHypoxia_ArcticChar_F11.raw	1	v1.1.0	NT=ms-proteomics;VV=v1.1.0
sample_6	salvelinus alpinus	normal	liver	juvenile	2	female	2 day	cyclic hypoxia	not available	run_F12	proteomic profiling by mass spectrometry	12	TMT129N	NT=data-dependent acquisition;AC=PRIDE:0000627	Orbitrap Fusion Lumos	NT=Trypsin;AC=MS:1001251	NT=TMTpro;MT=fixed;TA=N-term;AC=UNIMOD:2016	ProjectCyclicHypoxia_ArcticChar_F12.raw	1	v1.1.0	NT=ms-proteomics;VV=v1.1.0
sample_6	salvelinus alpinus	normal	liver	juvenile	2	female	2 day	cyclic hypoxia	not available	run_F13	proteomic profiling by mass spectrometry	13	TMT129N	NT=data-dependent acquisition;AC=PRIDE:0000627	Orbitrap Fusion Lumos	NT=Trypsin;AC=MS:1001251	NT=TMTpro;MT=fixed;TA=N-term;AC=UNIMOD:2016	ProjectCyclicHypoxia_ArcticChar_F13.raw	1	v1.1.0	NT=ms-proteomics;VV=v1.1.0
sample_6	salvelinus alpinus	normal	liver	juvenile	2	female	2 day	cyclic hypoxia	not available	run_F14	proteomic profiling by mass spectrometry	14	TMT129N	NT=data-dependent acquisition;AC=PRIDE:0000627	Orbitrap Fusion Lumos	NT=Trypsin;AC=MS:1001251	NT=TMTpro;MT=fixed;TA=N-term;AC=UNIMOD:2016	ProjectCyclicHypoxia_ArcticChar_F14.raw	1	v1.1.0	NT=ms-proteomics;VV=v1.1.0
sample_6	salvelinus alpinus	normal	liver	juvenile	2	female	2 day	cyclic hypoxia	not available	run_F15	proteomic profiling by mass spectrometry	15	TMT129N	NT=data-dependent acquisition;AC=PRIDE:0000627	Orbitrap Fusion Lumos	NT=Trypsin;AC=MS:1001251	NT=TMTpro;MT=fixed;TA=N-term;AC=UNIMOD:2016	ProjectCyclicHypoxia_ArcticChar_F15.raw	1	v1.1.0	NT=ms-proteomics;VV=v1.1.0
sample_6	salvelinus alpinus	normal	liver	juvenile	2	female	2 day	cyclic hypoxia	not available	run_F16	proteomic profiling by mass spectrometry	16	TMT129N	NT=data-dependent acquisition;AC=PRIDE:0000627	Orbitrap Fusion Lumos	NT=Trypsin;AC=MS:1001251	NT=TMTpro;MT=fixed;TA=N-term;AC=UNIMOD:2016	ProjectCyclicHypoxia_ArcticChar_F16.raw	1	v1.1.0	NT=ms-proteomics;VV=v1.1.0
sample_6	salvelinus alpinus	normal	liver	juvenile	2	female	2 day	cyclic hypoxia	not available	run_F17	proteomic profiling by mass spectrometry	17	TMT129N	NT=data-dependent acquisition;AC=PRIDE:0000627	Orbitrap Fusion Lumos	NT=Trypsin;AC=MS:1001251	NT=TMTpro;MT=fixed;TA=N-term;AC=UNIMOD:2016	ProjectCyclicHypoxia_ArcticChar_F17.raw	1	v1.1.0	NT=ms-proteomics;VV=v1.1.0
sample_6	salvelinus alpinus	normal	liver	juvenile	2	female	2 day	cyclic hypoxia	not available	run_F18	proteomic profiling by mass spectrometry	18	TMT129N	NT=data-dependent acquisition;AC=PRIDE:0000627	Orbitrap Fusion Lumos	NT=Trypsin;AC=MS:1001251	NT=TMTpro;MT=fixed;TA=N-term;AC=UNIMOD:2016	ProjectCyclicHypoxia_ArcticChar_F18.raw	1	v1.1.0	NT=ms-proteomics;VV=v1.1.0
sample_6	salvelinus alpinus	normal	liver	juvenile	2	female	2 day	cyclic hypoxia	not available	run_F19	proteomic profiling by mass spectrometry	19	TMT129N	NT=data-dependent acquisition;AC=PRIDE:0000627	Orbitrap Fusion Lumos	NT=Trypsin;AC=MS:1001251	NT=TMTpro;MT=fixed;TA=N-term;AC=UNIMOD:2016	ProjectCyclicHypoxia_ArcticChar_F19.raw	1	v1.1.0	NT=ms-proteomics;VV=v1.1.0
sample_6	salvelinus alpinus	normal	liver	juvenile	2	female	2 day	cyclic hypoxia	not available	run_F20	proteomic profiling by mass spectrometry	20	TMT129N	NT=data-dependent acquisition;AC=PRIDE:0000627	Orbitrap Fusion Lumos	NT=Trypsin;AC=MS:1001251	NT=TMTpro;MT=fixed;TA=N-term;AC=UNIMOD:2016	ProjectCyclicHypoxia_ArcticChar_F20.raw	1	v1.1.0	NT=ms-proteomics;VV=v1.1.0
sample_7	salvelinus alpinus	normal	liver	juvenile	3	female	2 day	cyclic hypoxia	not available	run_F1	proteomic profiling by mass spectrometry	1	TMT129C	NT=data-dependent acquisition;AC=PRIDE:0000627	Orbitrap Fusion Lumos	NT=Trypsin;AC=MS:1001251	NT=TMTpro;MT=fixed;TA=N-term;AC=UNIMOD:2016	ProjectCyclicHypoxia_ArcticChar_F01.raw	1	v1.1.0	NT=ms-proteomics;VV=v1.1.0
sample_7	salvelinus alpinus	normal	liver	juvenile	3	female	2 day	cyclic hypoxia	not available	run_F2	proteomic profiling by mass spectrometry	2	TMT129C	NT=data-dependent acquisition;AC=PRIDE:0000627	Orbitrap Fusion Lumos	NT=Trypsin;AC=MS:1001251	NT=TMTpro;MT=fixed;TA=N-term;AC=UNIMOD:2016	ProjectCyclicHypoxia_ArcticChar_F02.raw	1	v1.1.0	NT=ms-proteomics;VV=v1.1.0
sample_7	salvelinus alpinus	normal	liver	juvenile	3	female	2 day	cyclic hypoxia	not available	run_F3	proteomic profiling by mass spectrometry	3	TMT129C	NT=data-dependent acquisition;AC=PRIDE:0000627	Orbitrap Fusion Lumos	NT=Trypsin;AC=MS:1001251	NT=TMTpro;MT=fixed;TA=N-term;AC=UNIMOD:2016	ProjectCyclicHypoxia_ArcticChar_F03.raw	1	v1.1.0	NT=ms-proteomics;VV=v1.1.0
sample_7	salvelinus alpinus	normal	liver	juvenile	3	female	2 day	cyclic hypoxia	not available	run_F4	proteomic profiling by mass spectrometry	4	TMT129C	NT=data-dependent acquisition;AC=PRIDE:0000627	Orbitrap Fusion Lumos	NT=Trypsin;AC=MS:1001251	NT=TMTpro;MT=fixed;TA=N-term;AC=UNIMOD:2016	ProjectCyclicHypoxia_ArcticChar_F04.raw	1	v1.1.0	NT=ms-proteomics;VV=v1.1.0
sample_7	salvelinus alpinus	normal	liver	juvenile	3	female	2 day	cyclic hypoxia	not available	run_F5	proteomic profiling by mass spectrometry	5	TMT129C	NT=data-dependent acquisition;AC=PRIDE:0000627	Orbitrap Fusion Lumos	NT=Trypsin;AC=MS:1001251	NT=TMTpro;MT=fixed;TA=N-term;AC=UNIMOD:2016	ProjectCyclicHypoxia_ArcticChar_F05.raw	1	v1.1.0	NT=ms-proteomics;VV=v1.1.0
sample_7	salvelinus alpinus	normal	liver	juvenile	3	female	2 day	cyclic hypoxia	not available	run_F6	proteomic profiling by mass spectrometry	6	TMT129C	NT=data-dependent acquisition;AC=PRIDE:0000627	Orbitrap Fusion Lumos	NT=Trypsin;AC=MS:1001251	NT=TMTpro;MT=fixed;TA=N-term;AC=UNIMOD:2016	ProjectCyclicHypoxia_ArcticChar_F06.raw	1	v1.1.0	NT=ms-proteomics;VV=v1.1.0
sample_7	salvelinus alpinus	normal	liver	juvenile	3	female	2 day	cyclic hypoxia	not available	run_F7	proteomic profiling by mass spectrometry	7	TMT129C	NT=data-dependent acquisition;AC=PRIDE:0000627	Orbitrap Fusion Lumos	NT=Trypsin;AC=MS:1001251	NT=TMTpro;MT=fixed;TA=N-term;AC=UNIMOD:2016	ProjectCyclicHypoxia_ArcticChar_F07.raw	1	v1.1.0	NT=ms-proteomics;VV=v1.1.0
sample_7	salvelinus alpinus	normal	liver	juvenile	3	female	2 day	cyclic hypoxia	not available	run_F8	proteomic profiling by mass spectrometry	8	TMT129C	NT=data-dependent acquisition;AC=PRIDE:0000627	Orbitrap Fusion Lumos	NT=Trypsin;AC=MS:1001251	NT=TMTpro;MT=fixed;TA=N-term;AC=UNIMOD:2016	ProjectCyclicHypoxia_ArcticChar_F08.raw	1	v1.1.0	NT=ms-proteomics;VV=v1.1.0
sample_7	salvelinus alpinus	normal	liver	juvenile	3	female	2 day	cyclic hypoxia	not available	run_F9	proteomic profiling by mass spectrometry	9	TMT129C	NT=data-dependent acquisition;AC=PRIDE:0000627	Orbitrap Fusion Lumos	NT=Trypsin;AC=MS:1001251	NT=TMTpro;MT=fixed;TA=N-term;AC=UNIMOD:2016	ProjectCyclicHypoxia_ArcticChar_F09.raw	1	v1.1.0	NT=ms-proteomics;VV=v1.1.0
sample_7	salvelinus alpinus	normal	liver	juvenile	3	female	2 day	cyclic hypoxia	not available	run_F10	proteomic profiling by mass spectrometry	10	TMT129C	NT=data-dependent acquisition;AC=PRIDE:0000627	Orbitrap Fusion Lumos	NT=Trypsin;AC=MS:1001251	NT=TMTpro;MT=fixed;TA=N-term;AC=UNIMOD:2016	ProjectCyclicHypoxia_ArcticChar_F10.raw	1	v1.1.0	NT=ms-proteomics;VV=v1.1.0
sample_7	salvelinus alpinus	normal	liver	juvenile	3	female	2 day	cyclic hypoxia	not available	run_F11	proteomic profiling by mass spectrometry	11	TMT129C	NT=data-dependent acquisition;AC=PRIDE:0000627	Orbitrap Fusion Lumos	NT=Trypsin;AC=MS:1001251	NT=TMTpro;MT=fixed;TA=N-term;AC=UNIMOD:2016	ProjectCyclicHypoxia_ArcticChar_F11.raw	1	v1.1.0	NT=ms-proteomics;VV=v1.1.0
sample_7	salvelinus alpinus	normal	liver	juvenile	3	female	2 day	cyclic hypoxia	not available	run_F12	proteomic profiling by mass spectrometry	12	TMT129C	NT=data-dependent acquisition;AC=PRIDE:0000627	Orbitrap Fusion Lumos	NT=Trypsin;AC=MS:1001251	NT=TMTpro;MT=fixed;TA=N-term;AC=UNIMOD:2016	ProjectCyclicHypoxia_ArcticChar_F12.raw	1	v1.1.0	NT=ms-proteomics;VV=v1.1.0
sample_7	salvelinus alpinus	normal	liver	juvenile	3	female	2 day	cyclic hypoxia	not available	run_F13	proteomic profiling by mass spectrometry	13	TMT129C	NT=data-dependent acquisition;AC=PRIDE:0000627	Orbitrap Fusion Lumos	NT=Trypsin;AC=MS:1001251	NT=TMTpro;MT=fixed;TA=N-term;AC=UNIMOD:2016	ProjectCyclicHypoxia_ArcticChar_F13.raw	1	v1.1.0	NT=ms-proteomics;VV=v1.1.0
sample_7	salvelinus alpinus	normal	liver	juvenile	3	female	2 day	cyclic hypoxia	not available	run_F14	proteomic profiling by mass spectrometry	14	TMT129C	NT=data-dependent acquisition;AC=PRIDE:0000627	Orbitrap Fusion Lumos	NT=Trypsin;AC=MS:1001251	NT=TMTpro;MT=fixed;TA=N-term;AC=UNIMOD:2016	ProjectCyclicHypoxia_ArcticChar_F14.raw	1	v1.1.0	NT=ms-proteomics;VV=v1.1.0
sample_7	salvelinus alpinus	normal	liver	juvenile	3	female	2 day	cyclic hypoxia	not available	run_F15	proteomic profiling by mass spectrometry	15	TMT129C	NT=data-dependent acquisition;AC=PRIDE:0000627	Orbitrap Fusion Lumos	NT=Trypsin;AC=MS:1001251	NT=TMTpro;MT=fixed;TA=N-term;AC=UNIMOD:2016	ProjectCyclicHypoxia_ArcticChar_F15.raw	1	v1.1.0	NT=ms-proteomics;VV=v1.1.0
sample_7	salvelinus alpinus	normal	liver	juvenile	3	female	2 day	cyclic hypoxia	not available	run_F16	proteomic profiling by mass spectrometry	16	TMT129C	NT=data-dependent acquisition;AC=PRIDE:0000627	Orbitrap Fusion Lumos	NT=Trypsin;AC=MS:1001251	NT=TMTpro;MT=fixed;TA=N-term;AC=UNIMOD:2016	ProjectCyclicHypoxia_ArcticChar_F16.raw	1	v1.1.0	NT=ms-proteomics;VV=v1.1.0
sample_7	salvelinus alpinus	normal	liver	juvenile	3	female	2 day	cyclic hypoxia	not available	run_F17	proteomic profiling by mass spectrometry	17	TMT129C	NT=data-dependent acquisition;AC=PRIDE:0000627	Orbitrap Fusion Lumos	NT=Trypsin;AC=MS:1001251	NT=TMTpro;MT=fixed;TA=N-term;AC=UNIMOD:2016	ProjectCyclicHypoxia_ArcticChar_F17.raw	1	v1.1.0	NT=ms-proteomics;VV=v1.1.0
sample_7	salvelinus alpinus	normal	liver	juvenile	3	female	2 day	cyclic hypoxia	not available	run_F18	proteomic profiling by mass spectrometry	18	TMT129C	NT=data-dependent acquisition;AC=PRIDE:0000627	Orbitrap Fusion Lumos	NT=Trypsin;AC=MS:1001251	NT=TMTpro;MT=fixed;TA=N-term;AC=UNIMOD:2016	ProjectCyclicHypoxia_ArcticChar_F18.raw	1	v1.1.0	NT=ms-proteomics;VV=v1.1.0
sample_7	salvelinus alpinus	normal	liver	juvenile	3	female	2 day	cyclic hypoxia	not available	run_F19	proteomic profiling by mass spectrometry	19	TMT129C	NT=data-dependent acquisition;AC=PRIDE:0000627	Orbitrap Fusion Lumos	NT=Trypsin;AC=MS:1001251	NT=TMTpro;MT=fixed;TA=N-term;AC=UNIMOD:2016	ProjectCyclicHypoxia_ArcticChar_F19.raw	1	v1.1.0	NT=ms-proteomics;VV=v1.1.0
sample_7	salvelinus alpinus	normal	liver	juvenile	3	female	2 day	cyclic hypoxia	not available	run_F20	proteomic profiling by mass spectrometry	20	TMT129C	NT=data-dependent acquisition;AC=PRIDE:0000627	Orbitrap Fusion Lumos	NT=Trypsin;AC=MS:1001251	NT=TMTpro;MT=fixed;TA=N-term;AC=UNIMOD:2016	ProjectCyclicHypoxia_ArcticChar_F20.raw	1	v1.1.0	NT=ms-proteomics;VV=v1.1.0
sample_8	salvelinus alpinus	normal	liver	juvenile	4	female	2 day	cyclic hypoxia	not available	run_F1	proteomic profiling by mass spectrometry	1	TMT130N	NT=data-dependent acquisition;AC=PRIDE:0000627	Orbitrap Fusion Lumos	NT=Trypsin;AC=MS:1001251	NT=TMTpro;MT=fixed;TA=N-term;AC=UNIMOD:2016	ProjectCyclicHypoxia_ArcticChar_F01.raw	1	v1.1.0	NT=ms-proteomics;VV=v1.1.0
sample_8	salvelinus alpinus	normal	liver	juvenile	4	female	2 day	cyclic hypoxia	not available	run_F2	proteomic profiling by mass spectrometry	2	TMT130N	NT=data-dependent acquisition;AC=PRIDE:0000627	Orbitrap Fusion Lumos	NT=Trypsin;AC=MS:1001251	NT=TMTpro;MT=fixed;TA=N-term;AC=UNIMOD:2016	ProjectCyclicHypoxia_ArcticChar_F02.raw	1	v1.1.0	NT=ms-proteomics;VV=v1.1.0
sample_8	salvelinus alpinus	normal	liver	juvenile	4	female	2 day	cyclic hypoxia	not available	run_F3	proteomic profiling by mass spectrometry	3	TMT130N	NT=data-dependent acquisition;AC=PRIDE:0000627	Orbitrap Fusion Lumos	NT=Trypsin;AC=MS:1001251	NT=TMTpro;MT=fixed;TA=N-term;AC=UNIMOD:2016	ProjectCyclicHypoxia_ArcticChar_F03.raw	1	v1.1.0	NT=ms-proteomics;VV=v1.1.0
sample_8	salvelinus alpinus	normal	liver	juvenile	4	female	2 day	cyclic hypoxia	not available	run_F4	proteomic profiling by mass spectrometry	4	TMT130N	NT=data-dependent acquisition;AC=PRIDE:0000627	Orbitrap Fusion Lumos	NT=Trypsin;AC=MS:1001251	NT=TMTpro;MT=fixed;TA=N-term;AC=UNIMOD:2016	ProjectCyclicHypoxia_ArcticChar_F04.raw	1	v1.1.0	NT=ms-proteomics;VV=v1.1.0
sample_8	salvelinus alpinus	normal	liver	juvenile	4	female	2 day	cyclic hypoxia	not available	run_F5	proteomic profiling by mass spectrometry	5	TMT130N	NT=data-dependent acquisition;AC=PRIDE:0000627	Orbitrap Fusion Lumos	NT=Trypsin;AC=MS:1001251	NT=TMTpro;MT=fixed;TA=N-term;AC=UNIMOD:2016	ProjectCyclicHypoxia_ArcticChar_F05.raw	1	v1.1.0	NT=ms-proteomics;VV=v1.1.0
sample_8	salvelinus alpinus	normal	liver	juvenile	4	female	2 day	cyclic hypoxia	not available	run_F6	proteomic profiling by mass spectrometry	6	TMT130N	NT=data-dependent acquisition;AC=PRIDE:0000627	Orbitrap Fusion Lumos	NT=Trypsin;AC=MS:1001251	NT=TMTpro;MT=fixed;TA=N-term;AC=UNIMOD:2016	ProjectCyclicHypoxia_ArcticChar_F06.raw	1	v1.1.0	NT=ms-proteomics;VV=v1.1.0
sample_8	salvelinus alpinus	normal	liver	juvenile	4	female	2 day	cyclic hypoxia	not available	run_F7	proteomic profiling by mass spectrometry	7	TMT130N	NT=data-dependent acquisition;AC=PRIDE:0000627	Orbitrap Fusion Lumos	NT=Trypsin;AC=MS:1001251	NT=TMTpro;MT=fixed;TA=N-term;AC=UNIMOD:2016	ProjectCyclicHypoxia_ArcticChar_F07.raw	1	v1.1.0	NT=ms-proteomics;VV=v1.1.0
sample_8	salvelinus alpinus	normal	liver	juvenile	4	female	2 day	cyclic hypoxia	not available	run_F8	proteomic profiling by mass spectrometry	8	TMT130N	NT=data-dependent acquisition;AC=PRIDE:0000627	Orbitrap Fusion Lumos	NT=Trypsin;AC=MS:1001251	NT=TMTpro;MT=fixed;TA=N-term;AC=UNIMOD:2016	ProjectCyclicHypoxia_ArcticChar_F08.raw	1	v1.1.0	NT=ms-proteomics;VV=v1.1.0
sample_8	salvelinus alpinus	normal	liver	juvenile	4	female	2 day	cyclic hypoxia	not available	run_F9	proteomic profiling by mass spectrometry	9	TMT130N	NT=data-dependent acquisition;AC=PRIDE:0000627	Orbitrap Fusion Lumos	NT=Trypsin;AC=MS:1001251	NT=TMTpro;MT=fixed;TA=N-term;AC=UNIMOD:2016	ProjectCyclicHypoxia_ArcticChar_F09.raw	1	v1.1.0	NT=ms-proteomics;VV=v1.1.0
sample_8	salvelinus alpinus	normal	liver	juvenile	4	female	2 day	cyclic hypoxia	not available	run_F10	proteomic profiling by mass spectrometry	10	TMT130N	NT=data-dependent acquisition;AC=PRIDE:0000627	Orbitrap Fusion Lumos	NT=Trypsin;AC=MS:1001251	NT=TMTpro;MT=fixed;TA=N-term;AC=UNIMOD:2016	ProjectCyclicHypoxia_ArcticChar_F10.raw	1	v1.1.0	NT=ms-proteomics;VV=v1.1.0
sample_8	salvelinus alpinus	normal	liver	juvenile	4	female	2 day	cyclic hypoxia	not available	run_F11	proteomic profiling by mass spectrometry	11	TMT130N	NT=data-dependent acquisition;AC=PRIDE:0000627	Orbitrap Fusion Lumos	NT=Trypsin;AC=MS:1001251	NT=TMTpro;MT=fixed;TA=N-term;AC=UNIMOD:2016	ProjectCyclicHypoxia_ArcticChar_F11.raw	1	v1.1.0	NT=ms-proteomics;VV=v1.1.0
sample_8	salvelinus alpinus	normal	liver	juvenile	4	female	2 day	cyclic hypoxia	not available	run_F12	proteomic profiling by mass spectrometry	12	TMT130N	NT=data-dependent acquisition;AC=PRIDE:0000627	Orbitrap Fusion Lumos	NT=Trypsin;AC=MS:1001251	NT=TMTpro;MT=fixed;TA=N-term;AC=UNIMOD:2016	ProjectCyclicHypoxia_ArcticChar_F12.raw	1	v1.1.0	NT=ms-proteomics;VV=v1.1.0
sample_8	salvelinus alpinus	normal	liver	juvenile	4	female	2 day	cyclic hypoxia	not available	run_F13	proteomic profiling by mass spectrometry	13	TMT130N	NT=data-dependent acquisition;AC=PRIDE:0000627	Orbitrap Fusion Lumos	NT=Trypsin;AC=MS:1001251	NT=TMTpro;MT=fixed;TA=N-term;AC=UNIMOD:2016	ProjectCyclicHypoxia_ArcticChar_F13.raw	1	v1.1.0	NT=ms-proteomics;VV=v1.1.0
sample_8	salvelinus alpinus	normal	liver	juvenile	4	female	2 day	cyclic hypoxia	not available	run_F14	proteomic profiling by mass spectrometry	14	TMT130N	NT=data-dependent acquisition;AC=PRIDE:0000627	Orbitrap Fusion Lumos	NT=Trypsin;AC=MS:1001251	NT=TMTpro;MT=fixed;TA=N-term;AC=UNIMOD:2016	ProjectCyclicHypoxia_ArcticChar_F14.raw	1	v1.1.0	NT=ms-proteomics;VV=v1.1.0
sample_8	salvelinus alpinus	normal	liver	juvenile	4	female	2 day	cyclic hypoxia	not available	run_F15	proteomic profiling by mass spectrometry	15	TMT130N	NT=data-dependent acquisition;AC=PRIDE:0000627	Orbitrap Fusion Lumos	NT=Trypsin;AC=MS:1001251	NT=TMTpro;MT=fixed;TA=N-term;AC=UNIMOD:2016	ProjectCyclicHypoxia_ArcticChar_F15.raw	1	v1.1.0	NT=ms-proteomics;VV=v1.1.0
sample_8	salvelinus alpinus	normal	liver	juvenile	4	female	2 day	cyclic hypoxia	not available	run_F16	proteomic profiling by mass spectrometry	16	TMT130N	NT=data-dependent acquisition;AC=PRIDE:0000627	Orbitrap Fusion Lumos	NT=Trypsin;AC=MS:1001251	NT=TMTpro;MT=fixed;TA=N-term;AC=UNIMOD:2016	ProjectCyclicHypoxia_ArcticChar_F16.raw	1	v1.1.0	NT=ms-proteomics;VV=v1.1.0
sample_8	salvelinus alpinus	normal	liver	juvenile	4	female	2 day	cyclic hypoxia	not available	run_F17	proteomic profiling by mass spectrometry	17	TMT130N	NT=data-dependent acquisition;AC=PRIDE:0000627	Orbitrap Fusion Lumos	NT=Trypsin;AC=MS:1001251	NT=TMTpro;MT=fixed;TA=N-term;AC=UNIMOD:2016	ProjectCyclicHypoxia_ArcticChar_F17.raw	1	v1.1.0	NT=ms-proteomics;VV=v1.1.0
sample_8	salvelinus alpinus	normal	liver	juvenile	4	female	2 day	cyclic hypoxia	not available	run_F18	proteomic profiling by mass spectrometry	18	TMT130N	NT=data-dependent acquisition;AC=PRIDE:0000627	Orbitrap Fusion Lumos	NT=Trypsin;AC=MS:1001251	NT=TMTpro;MT=fixed;TA=N-term;AC=UNIMOD:2016	ProjectCyclicHypoxia_ArcticChar_F18.raw	1	v1.1.0	NT=ms-proteomics;VV=v1.1.0
sample_8	salvelinus alpinus	normal	liver	juvenile	4	female	2 day	cyclic hypoxia	not available	run_F19	proteomic profiling by mass spectrometry	19	TMT130N	NT=data-dependent acquisition;AC=PRIDE:0000627	Orbitrap Fusion Lumos	NT=Trypsin;AC=MS:1001251	NT=TMTpro;MT=fixed;TA=N-term;AC=UNIMOD:2016	ProjectCyclicHypoxia_ArcticChar_F19.raw	1	v1.1.0	NT=ms-proteomics;VV=v1.1.0
sample_8	salvelinus alpinus	normal	liver	juvenile	4	female	2 day	cyclic hypoxia	not available	run_F20	proteomic profiling by mass spectrometry	20	TMT130N	NT=data-dependent acquisition;AC=PRIDE:0000627	Orbitrap Fusion Lumos	NT=Trypsin;AC=MS:1001251	NT=TMTpro;MT=fixed;TA=N-term;AC=UNIMOD:2016	ProjectCyclicHypoxia_ArcticChar_F20.raw	1	v1.1.0	NT=ms-proteomics;VV=v1.1.0
sample_9	salvelinus alpinus	normal	liver	juvenile	1	female	15 day	normoxia	not available	run_F1	proteomic profiling by mass spectrometry	1	TMT130C	NT=data-dependent acquisition;AC=PRIDE:0000627	Orbitrap Fusion Lumos	NT=Trypsin;AC=MS:1001251	NT=TMTpro;MT=fixed;TA=N-term;AC=UNIMOD:2016	ProjectCyclicHypoxia_ArcticChar_F01.raw	1	v1.1.0	NT=ms-proteomics;VV=v1.1.0
sample_9	salvelinus alpinus	normal	liver	juvenile	1	female	15 day	normoxia	not available	run_F2	proteomic profiling by mass spectrometry	2	TMT130C	NT=data-dependent acquisition;AC=PRIDE:0000627	Orbitrap Fusion Lumos	NT=Trypsin;AC=MS:1001251	NT=TMTpro;MT=fixed;TA=N-term;AC=UNIMOD:2016	ProjectCyclicHypoxia_ArcticChar_F02.raw	1	v1.1.0	NT=ms-proteomics;VV=v1.1.0
sample_9	salvelinus alpinus	normal	liver	juvenile	1	female	15 day	normoxia	not available	run_F3	proteomic profiling by mass spectrometry	3	TMT130C	NT=data-dependent acquisition;AC=PRIDE:0000627	Orbitrap Fusion Lumos	NT=Trypsin;AC=MS:1001251	NT=TMTpro;MT=fixed;TA=N-term;AC=UNIMOD:2016	ProjectCyclicHypoxia_ArcticChar_F03.raw	1	v1.1.0	NT=ms-proteomics;VV=v1.1.0
sample_9	salvelinus alpinus	normal	liver	juvenile	1	female	15 day	normoxia	not available	run_F4	proteomic profiling by mass spectrometry	4	TMT130C	NT=data-dependent acquisition;AC=PRIDE:0000627	Orbitrap Fusion Lumos	NT=Trypsin;AC=MS:1001251	NT=TMTpro;MT=fixed;TA=N-term;AC=UNIMOD:2016	ProjectCyclicHypoxia_ArcticChar_F04.raw	1	v1.1.0	NT=ms-proteomics;VV=v1.1.0
sample_9	salvelinus alpinus	normal	liver	juvenile	1	female	15 day	normoxia	not available	run_F5	proteomic profiling by mass spectrometry	5	TMT130C	NT=data-dependent acquisition;AC=PRIDE:0000627	Orbitrap Fusion Lumos	NT=Trypsin;AC=MS:1001251	NT=TMTpro;MT=fixed;TA=N-term;AC=UNIMOD:2016	ProjectCyclicHypoxia_ArcticChar_F05.raw	1	v1.1.0	NT=ms-proteomics;VV=v1.1.0
sample_9	salvelinus alpinus	normal	liver	juvenile	1	female	15 day	normoxia	not available	run_F6	proteomic profiling by mass spectrometry	6	TMT130C	NT=data-dependent acquisition;AC=PRIDE:0000627	Orbitrap Fusion Lumos	NT=Trypsin;AC=MS:1001251	NT=TMTpro;MT=fixed;TA=N-term;AC=UNIMOD:2016	ProjectCyclicHypoxia_ArcticChar_F06.raw	1	v1.1.0	NT=ms-proteomics;VV=v1.1.0
sample_9	salvelinus alpinus	normal	liver	juvenile	1	female	15 day	normoxia	not available	run_F7	proteomic profiling by mass spectrometry	7	TMT130C	NT=data-dependent acquisition;AC=PRIDE:0000627	Orbitrap Fusion Lumos	NT=Trypsin;AC=MS:1001251	NT=TMTpro;MT=fixed;TA=N-term;AC=UNIMOD:2016	ProjectCyclicHypoxia_ArcticChar_F07.raw	1	v1.1.0	NT=ms-proteomics;VV=v1.1.0
sample_9	salvelinus alpinus	normal	liver	juvenile	1	female	15 day	normoxia	not available	run_F8	proteomic profiling by mass spectrometry	8	TMT130C	NT=data-dependent acquisition;AC=PRIDE:0000627	Orbitrap Fusion Lumos	NT=Trypsin;AC=MS:1001251	NT=TMTpro;MT=fixed;TA=N-term;AC=UNIMOD:2016	ProjectCyclicHypoxia_ArcticChar_F08.raw	1	v1.1.0	NT=ms-proteomics;VV=v1.1.0
sample_9	salvelinus alpinus	normal	liver	juvenile	1	female	15 day	normoxia	not available	run_F9	proteomic profiling by mass spectrometry	9	TMT130C	NT=data-dependent acquisition;AC=PRIDE:0000627	Orbitrap Fusion Lumos	NT=Trypsin;AC=MS:1001251	NT=TMTpro;MT=fixed;TA=N-term;AC=UNIMOD:2016	ProjectCyclicHypoxia_ArcticChar_F09.raw	1	v1.1.0	NT=ms-proteomics;VV=v1.1.0
sample_9	salvelinus alpinus	normal	liver	juvenile	1	female	15 day	normoxia	not available	run_F10	proteomic profiling by mass spectrometry	10	TMT130C	NT=data-dependent acquisition;AC=PRIDE:0000627	Orbitrap Fusion Lumos	NT=Trypsin;AC=MS:1001251	NT=TMTpro;MT=fixed;TA=N-term;AC=UNIMOD:2016	ProjectCyclicHypoxia_ArcticChar_F10.raw	1	v1.1.0	NT=ms-proteomics;VV=v1.1.0
sample_9	salvelinus alpinus	normal	liver	juvenile	1	female	15 day	normoxia	not available	run_F11	proteomic profiling by mass spectrometry	11	TMT130C	NT=data-dependent acquisition;AC=PRIDE:0000627	Orbitrap Fusion Lumos	NT=Trypsin;AC=MS:1001251	NT=TMTpro;MT=fixed;TA=N-term;AC=UNIMOD:2016	ProjectCyclicHypoxia_ArcticChar_F11.raw	1	v1.1.0	NT=ms-proteomics;VV=v1.1.0
sample_9	salvelinus alpinus	normal	liver	juvenile	1	female	15 day	normoxia	not available	run_F12	proteomic profiling by mass spectrometry	12	TMT130C	NT=data-dependent acquisition;AC=PRIDE:0000627	Orbitrap Fusion Lumos	NT=Trypsin;AC=MS:1001251	NT=TMTpro;MT=fixed;TA=N-term;AC=UNIMOD:2016	ProjectCyclicHypoxia_ArcticChar_F12.raw	1	v1.1.0	NT=ms-proteomics;VV=v1.1.0
sample_9	salvelinus alpinus	normal	liver	juvenile	1	female	15 day	normoxia	not available	run_F13	proteomic profiling by mass spectrometry	13	TMT130C	NT=data-dependent acquisition;AC=PRIDE:0000627	Orbitrap Fusion Lumos	NT=Trypsin;AC=MS:1001251	NT=TMTpro;MT=fixed;TA=N-term;AC=UNIMOD:2016	ProjectCyclicHypoxia_ArcticChar_F13.raw	1	v1.1.0	NT=ms-proteomics;VV=v1.1.0
sample_9	salvelinus alpinus	normal	liver	juvenile	1	female	15 day	normoxia	not available	run_F14	proteomic profiling by mass spectrometry	14	TMT130C	NT=data-dependent acquisition;AC=PRIDE:0000627	Orbitrap Fusion Lumos	NT=Trypsin;AC=MS:1001251	NT=TMTpro;MT=fixed;TA=N-term;AC=UNIMOD:2016	ProjectCyclicHypoxia_ArcticChar_F14.raw	1	v1.1.0	NT=ms-proteomics;VV=v1.1.0
sample_9	salvelinus alpinus	normal	liver	juvenile	1	female	15 day	normoxia	not available	run_F15	proteomic profiling by mass spectrometry	15	TMT130C	NT=data-dependent acquisition;AC=PRIDE:0000627	Orbitrap Fusion Lumos	NT=Trypsin;AC=MS:1001251	NT=TMTpro;MT=fixed;TA=N-term;AC=UNIMOD:2016	ProjectCyclicHypoxia_ArcticChar_F15.raw	1	v1.1.0	NT=ms-proteomics;VV=v1.1.0
sample_9	salvelinus alpinus	normal	liver	juvenile	1	female	15 day	normoxia	not available	run_F16	proteomic profiling by mass spectrometry	16	TMT130C	NT=data-dependent acquisition;AC=PRIDE:0000627	Orbitrap Fusion Lumos	NT=Trypsin;AC=MS:1001251	NT=TMTpro;MT=fixed;TA=N-term;AC=UNIMOD:2016	ProjectCyclicHypoxia_ArcticChar_F16.raw	1	v1.1.0	NT=ms-proteomics;VV=v1.1.0
sample_9	salvelinus alpinus	normal	liver	juvenile	1	female	15 day	normoxia	not available	run_F17	proteomic profiling by mass spectrometry	17	TMT130C	NT=data-dependent acquisition;AC=PRIDE:0000627	Orbitrap Fusion Lumos	NT=Trypsin;AC=MS:1001251	NT=TMTpro;MT=fixed;TA=N-term;AC=UNIMOD:2016	ProjectCyclicHypoxia_ArcticChar_F17.raw	1	v1.1.0	NT=ms-proteomics;VV=v1.1.0
sample_9	salvelinus alpinus	normal	liver	juvenile	1	female	15 day	normoxia	not available	run_F18	proteomic profiling by mass spectrometry	18	TMT130C	NT=data-dependent acquisition;AC=PRIDE:0000627	Orbitrap Fusion Lumos	NT=Trypsin;AC=MS:1001251	NT=TMTpro;MT=fixed;TA=N-term;AC=UNIMOD:2016	ProjectCyclicHypoxia_ArcticChar_F18.raw	1	v1.1.0	NT=ms-proteomics;VV=v1.1.0
sample_9	salvelinus alpinus	normal	liver	juvenile	1	female	15 day	normoxia	not available	run_F19	proteomic profiling by mass spectrometry	19	TMT130C	NT=data-dependent acquisition;AC=PRIDE:0000627	Orbitrap Fusion Lumos	NT=Trypsin;AC=MS:1001251	NT=TMTpro;MT=fixed;TA=N-term;AC=UNIMOD:2016	ProjectCyclicHypoxia_ArcticChar_F19.raw	1	v1.1.0	NT=ms-proteomics;VV=v1.1.0
sample_9	salvelinus alpinus	normal	liver	juvenile	1	female	15 day	normoxia	not available	run_F20	proteomic profiling by mass spectrometry	20	TMT130C	NT=data-dependent acquisition;AC=PRIDE:0000627	Orbitrap Fusion Lumos	NT=Trypsin;AC=MS:1001251	NT=TMTpro;MT=fixed;TA=N-term;AC=UNIMOD:2016	ProjectCyclicHypoxia_ArcticChar_F20.raw	1	v1.1.0	NT=ms-proteomics;VV=v1.1.0
sample_10	salvelinus alpinus	normal	liver	juvenile	2	female	15 day	normoxia	not available	run_F1	proteomic profiling by mass spectrometry	1	TMT131N	NT=data-dependent acquisition;AC=PRIDE:0000627	Orbitrap Fusion Lumos	NT=Trypsin;AC=MS:1001251	NT=TMTpro;MT=fixed;TA=N-term;AC=UNIMOD:2016	ProjectCyclicHypoxia_ArcticChar_F01.raw	1	v1.1.0	NT=ms-proteomics;VV=v1.1.0
sample_10	salvelinus alpinus	normal	liver	juvenile	2	female	15 day	normoxia	not available	run_F2	proteomic profiling by mass spectrometry	2	TMT131N	NT=data-dependent acquisition;AC=PRIDE:0000627	Orbitrap Fusion Lumos	NT=Trypsin;AC=MS:1001251	NT=TMTpro;MT=fixed;TA=N-term;AC=UNIMOD:2016	ProjectCyclicHypoxia_ArcticChar_F02.raw	1	v1.1.0	NT=ms-proteomics;VV=v1.1.0
sample_10	salvelinus alpinus	normal	liver	juvenile	2	female	15 day	normoxia	not available	run_F3	proteomic profiling by mass spectrometry	3	TMT131N	NT=data-dependent acquisition;AC=PRIDE:0000627	Orbitrap Fusion Lumos	NT=Trypsin;AC=MS:1001251	NT=TMTpro;MT=fixed;TA=N-term;AC=UNIMOD:2016	ProjectCyclicHypoxia_ArcticChar_F03.raw	1	v1.1.0	NT=ms-proteomics;VV=v1.1.0
sample_10	salvelinus alpinus	normal	liver	juvenile	2	female	15 day	normoxia	not available	run_F4	proteomic profiling by mass spectrometry	4	TMT131N	NT=data-dependent acquisition;AC=PRIDE:0000627	Orbitrap Fusion Lumos	NT=Trypsin;AC=MS:1001251	NT=TMTpro;MT=fixed;TA=N-term;AC=UNIMOD:2016	ProjectCyclicHypoxia_ArcticChar_F04.raw	1	v1.1.0	NT=ms-proteomics;VV=v1.1.0
sample_10	salvelinus alpinus	normal	liver	juvenile	2	female	15 day	normoxia	not available	run_F5	proteomic profiling by mass spectrometry	5	TMT131N	NT=data-dependent acquisition;AC=PRIDE:0000627	Orbitrap Fusion Lumos	NT=Trypsin;AC=MS:1001251	NT=TMTpro;MT=fixed;TA=N-term;AC=UNIMOD:2016	ProjectCyclicHypoxia_ArcticChar_F05.raw	1	v1.1.0	NT=ms-proteomics;VV=v1.1.0
sample_10	salvelinus alpinus	normal	liver	juvenile	2	female	15 day	normoxia	not available	run_F6	proteomic profiling by mass spectrometry	6	TMT131N	NT=data-dependent acquisition;AC=PRIDE:0000627	Orbitrap Fusion Lumos	NT=Trypsin;AC=MS:1001251	NT=TMTpro;MT=fixed;TA=N-term;AC=UNIMOD:2016	ProjectCyclicHypoxia_ArcticChar_F06.raw	1	v1.1.0	NT=ms-proteomics;VV=v1.1.0
sample_10	salvelinus alpinus	normal	liver	juvenile	2	female	15 day	normoxia	not available	run_F7	proteomic profiling by mass spectrometry	7	TMT131N	NT=data-dependent acquisition;AC=PRIDE:0000627	Orbitrap Fusion Lumos	NT=Trypsin;AC=MS:1001251	NT=TMTpro;MT=fixed;TA=N-term;AC=UNIMOD:2016	ProjectCyclicHypoxia_ArcticChar_F07.raw	1	v1.1.0	NT=ms-proteomics;VV=v1.1.0
sample_10	salvelinus alpinus	normal	liver	juvenile	2	female	15 day	normoxia	not available	run_F8	proteomic profiling by mass spectrometry	8	TMT131N	NT=data-dependent acquisition;AC=PRIDE:0000627	Orbitrap Fusion Lumos	NT=Trypsin;AC=MS:1001251	NT=TMTpro;MT=fixed;TA=N-term;AC=UNIMOD:2016	ProjectCyclicHypoxia_ArcticChar_F08.raw	1	v1.1.0	NT=ms-proteomics;VV=v1.1.0
sample_10	salvelinus alpinus	normal	liver	juvenile	2	female	15 day	normoxia	not available	run_F9	proteomic profiling by mass spectrometry	9	TMT131N	NT=data-dependent acquisition;AC=PRIDE:0000627	Orbitrap Fusion Lumos	NT=Trypsin;AC=MS:1001251	NT=TMTpro;MT=fixed;TA=N-term;AC=UNIMOD:2016	ProjectCyclicHypoxia_ArcticChar_F09.raw	1	v1.1.0	NT=ms-proteomics;VV=v1.1.0
sample_10	salvelinus alpinus	normal	liver	juvenile	2	female	15 day	normoxia	not available	run_F10	proteomic profiling by mass spectrometry	10	TMT131N	NT=data-dependent acquisition;AC=PRIDE:0000627	Orbitrap Fusion Lumos	NT=Trypsin;AC=MS:1001251	NT=TMTpro;MT=fixed;TA=N-term;AC=UNIMOD:2016	ProjectCyclicHypoxia_ArcticChar_F10.raw	1	v1.1.0	NT=ms-proteomics;VV=v1.1.0
sample_10	salvelinus alpinus	normal	liver	juvenile	2	female	15 day	normoxia	not available	run_F11	proteomic profiling by mass spectrometry	11	TMT131N	NT=data-dependent acquisition;AC=PRIDE:0000627	Orbitrap Fusion Lumos	NT=Trypsin;AC=MS:1001251	NT=TMTpro;MT=fixed;TA=N-term;AC=UNIMOD:2016	ProjectCyclicHypoxia_ArcticChar_F11.raw	1	v1.1.0	NT=ms-proteomics;VV=v1.1.0
sample_10	salvelinus alpinus	normal	liver	juvenile	2	female	15 day	normoxia	not available	run_F12	proteomic profiling by mass spectrometry	12	TMT131N	NT=data-dependent acquisition;AC=PRIDE:0000627	Orbitrap Fusion Lumos	NT=Trypsin;AC=MS:1001251	NT=TMTpro;MT=fixed;TA=N-term;AC=UNIMOD:2016	ProjectCyclicHypoxia_ArcticChar_F12.raw	1	v1.1.0	NT=ms-proteomics;VV=v1.1.0
sample_10	salvelinus alpinus	normal	liver	juvenile	2	female	15 day	normoxia	not available	run_F13	proteomic profiling by mass spectrometry	13	TMT131N	NT=data-dependent acquisition;AC=PRIDE:0000627	Orbitrap Fusion Lumos	NT=Trypsin;AC=MS:1001251	NT=TMTpro;MT=fixed;TA=N-term;AC=UNIMOD:2016	ProjectCyclicHypoxia_ArcticChar_F13.raw	1	v1.1.0	NT=ms-proteomics;VV=v1.1.0
sample_10	salvelinus alpinus	normal	liver	juvenile	2	female	15 day	normoxia	not available	run_F14	proteomic profiling by mass spectrometry	14	TMT131N	NT=data-dependent acquisition;AC=PRIDE:0000627	Orbitrap Fusion Lumos	NT=Trypsin;AC=MS:1001251	NT=TMTpro;MT=fixed;TA=N-term;AC=UNIMOD:2016	ProjectCyclicHypoxia_ArcticChar_F14.raw	1	v1.1.0	NT=ms-proteomics;VV=v1.1.0
sample_10	salvelinus alpinus	normal	liver	juvenile	2	female	15 day	normoxia	not available	run_F15	proteomic profiling by mass spectrometry	15	TMT131N	NT=data-dependent acquisition;AC=PRIDE:0000627	Orbitrap Fusion Lumos	NT=Trypsin;AC=MS:1001251	NT=TMTpro;MT=fixed;TA=N-term;AC=UNIMOD:2016	ProjectCyclicHypoxia_ArcticChar_F15.raw	1	v1.1.0	NT=ms-proteomics;VV=v1.1.0
sample_10	salvelinus alpinus	normal	liver	juvenile	2	female	15 day	normoxia	not available	run_F16	proteomic profiling by mass spectrometry	16	TMT131N	NT=data-dependent acquisition;AC=PRIDE:0000627	Orbitrap Fusion Lumos	NT=Trypsin;AC=MS:1001251	NT=TMTpro;MT=fixed;TA=N-term;AC=UNIMOD:2016	ProjectCyclicHypoxia_ArcticChar_F16.raw	1	v1.1.0	NT=ms-proteomics;VV=v1.1.0
sample_10	salvelinus alpinus	normal	liver	juvenile	2	female	15 day	normoxia	not available	run_F17	proteomic profiling by mass spectrometry	17	TMT131N	NT=data-dependent acquisition;AC=PRIDE:0000627	Orbitrap Fusion Lumos	NT=Trypsin;AC=MS:1001251	NT=TMTpro;MT=fixed;TA=N-term;AC=UNIMOD:2016	ProjectCyclicHypoxia_ArcticChar_F17.raw	1	v1.1.0	NT=ms-proteomics;VV=v1.1.0
sample_10	salvelinus alpinus	normal	liver	juvenile	2	female	15 day	normoxia	not available	run_F18	proteomic profiling by mass spectrometry	18	TMT131N	NT=data-dependent acquisition;AC=PRIDE:0000627	Orbitrap Fusion Lumos	NT=Trypsin;AC=MS:1001251	NT=TMTpro;MT=fixed;TA=N-term;AC=UNIMOD:2016	ProjectCyclicHypoxia_ArcticChar_F18.raw	1	v1.1.0	NT=ms-proteomics;VV=v1.1.0
sample_10	salvelinus alpinus	normal	liver	juvenile	2	female	15 day	normoxia	not available	run_F19	proteomic profiling by mass spectrometry	19	TMT131N	NT=data-dependent acquisition;AC=PRIDE:0000627	Orbitrap Fusion Lumos	NT=Trypsin;AC=MS:1001251	NT=TMTpro;MT=fixed;TA=N-term;AC=UNIMOD:2016	ProjectCyclicHypoxia_ArcticChar_F19.raw	1	v1.1.0	NT=ms-proteomics;VV=v1.1.0
sample_10	salvelinus alpinus	normal	liver	juvenile	2	female	15 day	normoxia	not available	run_F20	proteomic profiling by mass spectrometry	20	TMT131N	NT=data-dependent acquisition;AC=PRIDE:0000627	Orbitrap Fusion Lumos	NT=Trypsin;AC=MS:1001251	NT=TMTpro;MT=fixed;TA=N-term;AC=UNIMOD:2016	ProjectCyclicHypoxia_ArcticChar_F20.raw	1	v1.1.0	NT=ms-proteomics;VV=v1.1.0
sample_11	salvelinus alpinus	normal	liver	juvenile	3	female	15 day	normoxia	not available	run_F1	proteomic profiling by mass spectrometry	1	TMT131C	NT=data-dependent acquisition;AC=PRIDE:0000627	Orbitrap Fusion Lumos	NT=Trypsin;AC=MS:1001251	NT=TMTpro;MT=fixed;TA=N-term;AC=UNIMOD:2016	ProjectCyclicHypoxia_ArcticChar_F01.raw	1	v1.1.0	NT=ms-proteomics;VV=v1.1.0
sample_11	salvelinus alpinus	normal	liver	juvenile	3	female	15 day	normoxia	not available	run_F2	proteomic profiling by mass spectrometry	2	TMT131C	NT=data-dependent acquisition;AC=PRIDE:0000627	Orbitrap Fusion Lumos	NT=Trypsin;AC=MS:1001251	NT=TMTpro;MT=fixed;TA=N-term;AC=UNIMOD:2016	ProjectCyclicHypoxia_ArcticChar_F02.raw	1	v1.1.0	NT=ms-proteomics;VV=v1.1.0
sample_11	salvelinus alpinus	normal	liver	juvenile	3	female	15 day	normoxia	not available	run_F3	proteomic profiling by mass spectrometry	3	TMT131C	NT=data-dependent acquisition;AC=PRIDE:0000627	Orbitrap Fusion Lumos	NT=Trypsin;AC=MS:1001251	NT=TMTpro;MT=fixed;TA=N-term;AC=UNIMOD:2016	ProjectCyclicHypoxia_ArcticChar_F03.raw	1	v1.1.0	NT=ms-proteomics;VV=v1.1.0
sample_11	salvelinus alpinus	normal	liver	juvenile	3	female	15 day	normoxia	not available	run_F4	proteomic profiling by mass spectrometry	4	TMT131C	NT=data-dependent acquisition;AC=PRIDE:0000627	Orbitrap Fusion Lumos	NT=Trypsin;AC=MS:1001251	NT=TMTpro;MT=fixed;TA=N-term;AC=UNIMOD:2016	ProjectCyclicHypoxia_ArcticChar_F04.raw	1	v1.1.0	NT=ms-proteomics;VV=v1.1.0
sample_11	salvelinus alpinus	normal	liver	juvenile	3	female	15 day	normoxia	not available	run_F5	proteomic profiling by mass spectrometry	5	TMT131C	NT=data-dependent acquisition;AC=PRIDE:0000627	Orbitrap Fusion Lumos	NT=Trypsin;AC=MS:1001251	NT=TMTpro;MT=fixed;TA=N-term;AC=UNIMOD:2016	ProjectCyclicHypoxia_ArcticChar_F05.raw	1	v1.1.0	NT=ms-proteomics;VV=v1.1.0
sample_11	salvelinus alpinus	normal	liver	juvenile	3	female	15 day	normoxia	not available	run_F6	proteomic profiling by mass spectrometry	6	TMT131C	NT=data-dependent acquisition;AC=PRIDE:0000627	Orbitrap Fusion Lumos	NT=Trypsin;AC=MS:1001251	NT=TMTpro;MT=fixed;TA=N-term;AC=UNIMOD:2016	ProjectCyclicHypoxia_ArcticChar_F06.raw	1	v1.1.0	NT=ms-proteomics;VV=v1.1.0
sample_11	salvelinus alpinus	normal	liver	juvenile	3	female	15 day	normoxia	not available	run_F7	proteomic profiling by mass spectrometry	7	TMT131C	NT=data-dependent acquisition;AC=PRIDE:0000627	Orbitrap Fusion Lumos	NT=Trypsin;AC=MS:1001251	NT=TMTpro;MT=fixed;TA=N-term;AC=UNIMOD:2016	ProjectCyclicHypoxia_ArcticChar_F07.raw	1	v1.1.0	NT=ms-proteomics;VV=v1.1.0
sample_11	salvelinus alpinus	normal	liver	juvenile	3	female	15 day	normoxia	not available	run_F8	proteomic profiling by mass spectrometry	8	TMT131C	NT=data-dependent acquisition;AC=PRIDE:0000627	Orbitrap Fusion Lumos	NT=Trypsin;AC=MS:1001251	NT=TMTpro;MT=fixed;TA=N-term;AC=UNIMOD:2016	ProjectCyclicHypoxia_ArcticChar_F08.raw	1	v1.1.0	NT=ms-proteomics;VV=v1.1.0
sample_11	salvelinus alpinus	normal	liver	juvenile	3	female	15 day	normoxia	not available	run_F9	proteomic profiling by mass spectrometry	9	TMT131C	NT=data-dependent acquisition;AC=PRIDE:0000627	Orbitrap Fusion Lumos	NT=Trypsin;AC=MS:1001251	NT=TMTpro;MT=fixed;TA=N-term;AC=UNIMOD:2016	ProjectCyclicHypoxia_ArcticChar_F09.raw	1	v1.1.0	NT=ms-proteomics;VV=v1.1.0
sample_11	salvelinus alpinus	normal	liver	juvenile	3	female	15 day	normoxia	not available	run_F10	proteomic profiling by mass spectrometry	10	TMT131C	NT=data-dependent acquisition;AC=PRIDE:0000627	Orbitrap Fusion Lumos	NT=Trypsin;AC=MS:1001251	NT=TMTpro;MT=fixed;TA=N-term;AC=UNIMOD:2016	ProjectCyclicHypoxia_ArcticChar_F10.raw	1	v1.1.0	NT=ms-proteomics;VV=v1.1.0
sample_11	salvelinus alpinus	normal	liver	juvenile	3	female	15 day	normoxia	not available	run_F11	proteomic profiling by mass spectrometry	11	TMT131C	NT=data-dependent acquisition;AC=PRIDE:0000627	Orbitrap Fusion Lumos	NT=Trypsin;AC=MS:1001251	NT=TMTpro;MT=fixed;TA=N-term;AC=UNIMOD:2016	ProjectCyclicHypoxia_ArcticChar_F11.raw	1	v1.1.0	NT=ms-proteomics;VV=v1.1.0
sample_11	salvelinus alpinus	normal	liver	juvenile	3	female	15 day	normoxia	not available	run_F12	proteomic profiling by mass spectrometry	12	TMT131C	NT=data-dependent acquisition;AC=PRIDE:0000627	Orbitrap Fusion Lumos	NT=Trypsin;AC=MS:1001251	NT=TMTpro;MT=fixed;TA=N-term;AC=UNIMOD:2016	ProjectCyclicHypoxia_ArcticChar_F12.raw	1	v1.1.0	NT=ms-proteomics;VV=v1.1.0
sample_11	salvelinus alpinus	normal	liver	juvenile	3	female	15 day	normoxia	not available	run_F13	proteomic profiling by mass spectrometry	13	TMT131C	NT=data-dependent acquisition;AC=PRIDE:0000627	Orbitrap Fusion Lumos	NT=Trypsin;AC=MS:1001251	NT=TMTpro;MT=fixed;TA=N-term;AC=UNIMOD:2016	ProjectCyclicHypoxia_ArcticChar_F13.raw	1	v1.1.0	NT=ms-proteomics;VV=v1.1.0
sample_11	salvelinus alpinus	normal	liver	juvenile	3	female	15 day	normoxia	not available	run_F14	proteomic profiling by mass spectrometry	14	TMT131C	NT=data-dependent acquisition;AC=PRIDE:0000627	Orbitrap Fusion Lumos	NT=Trypsin;AC=MS:1001251	NT=TMTpro;MT=fixed;TA=N-term;AC=UNIMOD:2016	ProjectCyclicHypoxia_ArcticChar_F14.raw	1	v1.1.0	NT=ms-proteomics;VV=v1.1.0
sample_11	salvelinus alpinus	normal	liver	juvenile	3	female	15 day	normoxia	not available	run_F15	proteomic profiling by mass spectrometry	15	TMT131C	NT=data-dependent acquisition;AC=PRIDE:0000627	Orbitrap Fusion Lumos	NT=Trypsin;AC=MS:1001251	NT=TMTpro;MT=fixed;TA=N-term;AC=UNIMOD:2016	ProjectCyclicHypoxia_ArcticChar_F15.raw	1	v1.1.0	NT=ms-proteomics;VV=v1.1.0
sample_11	salvelinus alpinus	normal	liver	juvenile	3	female	15 day	normoxia	not available	run_F16	proteomic profiling by mass spectrometry	16	TMT131C	NT=data-dependent acquisition;AC=PRIDE:0000627	Orbitrap Fusion Lumos	NT=Trypsin;AC=MS:1001251	NT=TMTpro;MT=fixed;TA=N-term;AC=UNIMOD:2016	ProjectCyclicHypoxia_ArcticChar_F16.raw	1	v1.1.0	NT=ms-proteomics;VV=v1.1.0
sample_11	salvelinus alpinus	normal	liver	juvenile	3	female	15 day	normoxia	not available	run_F17	proteomic profiling by mass spectrometry	17	TMT131C	NT=data-dependent acquisition;AC=PRIDE:0000627	Orbitrap Fusion Lumos	NT=Trypsin;AC=MS:1001251	NT=TMTpro;MT=fixed;TA=N-term;AC=UNIMOD:2016	ProjectCyclicHypoxia_ArcticChar_F17.raw	1	v1.1.0	NT=ms-proteomics;VV=v1.1.0
sample_11	salvelinus alpinus	normal	liver	juvenile	3	female	15 day	normoxia	not available	run_F18	proteomic profiling by mass spectrometry	18	TMT131C	NT=data-dependent acquisition;AC=PRIDE:0000627	Orbitrap Fusion Lumos	NT=Trypsin;AC=MS:1001251	NT=TMTpro;MT=fixed;TA=N-term;AC=UNIMOD:2016	ProjectCyclicHypoxia_ArcticChar_F18.raw	1	v1.1.0	NT=ms-proteomics;VV=v1.1.0
sample_11	salvelinus alpinus	normal	liver	juvenile	3	female	15 day	normoxia	not available	run_F19	proteomic profiling by mass spectrometry	19	TMT131C	NT=data-dependent acquisition;AC=PRIDE:0000627	Orbitrap Fusion Lumos	NT=Trypsin;AC=MS:1001251	NT=TMTpro;MT=fixed;TA=N-term;AC=UNIMOD:2016	ProjectCyclicHypoxia_ArcticChar_F19.raw	1	v1.1.0	NT=ms-proteomics;VV=v1.1.0
sample_11	salvelinus alpinus	normal	liver	juvenile	3	female	15 day	normoxia	not available	run_F20	proteomic profiling by mass spectrometry	20	TMT131C	NT=data-dependent acquisition;AC=PRIDE:0000627	Orbitrap Fusion Lumos	NT=Trypsin;AC=MS:1001251	NT=TMTpro;MT=fixed;TA=N-term;AC=UNIMOD:2016	ProjectCyclicHypoxia_ArcticChar_F20.raw	1	v1.1.0	NT=ms-proteomics;VV=v1.1.0
sample_12	salvelinus alpinus	normal	liver	juvenile	4	female	15 day	normoxia	not available	run_F1	proteomic profiling by mass spectrometry	1	TMT132N	NT=data-dependent acquisition;AC=PRIDE:0000627	Orbitrap Fusion Lumos	NT=Trypsin;AC=MS:1001251	NT=TMTpro;MT=fixed;TA=N-term;AC=UNIMOD:2016	ProjectCyclicHypoxia_ArcticChar_F01.raw	1	v1.1.0	NT=ms-proteomics;VV=v1.1.0
sample_12	salvelinus alpinus	normal	liver	juvenile	4	female	15 day	normoxia	not available	run_F2	proteomic profiling by mass spectrometry	2	TMT132N	NT=data-dependent acquisition;AC=PRIDE:0000627	Orbitrap Fusion Lumos	NT=Trypsin;AC=MS:1001251	NT=TMTpro;MT=fixed;TA=N-term;AC=UNIMOD:2016	ProjectCyclicHypoxia_ArcticChar_F02.raw	1	v1.1.0	NT=ms-proteomics;VV=v1.1.0
sample_12	salvelinus alpinus	normal	liver	juvenile	4	female	15 day	normoxia	not available	run_F3	proteomic profiling by mass spectrometry	3	TMT132N	NT=data-dependent acquisition;AC=PRIDE:0000627	Orbitrap Fusion Lumos	NT=Trypsin;AC=MS:1001251	NT=TMTpro;MT=fixed;TA=N-term;AC=UNIMOD:2016	ProjectCyclicHypoxia_ArcticChar_F03.raw	1	v1.1.0	NT=ms-proteomics;VV=v1.1.0
sample_12	salvelinus alpinus	normal	liver	juvenile	4	female	15 day	normoxia	not available	run_F4	proteomic profiling by mass spectrometry	4	TMT132N	NT=data-dependent acquisition;AC=PRIDE:0000627	Orbitrap Fusion Lumos	NT=Trypsin;AC=MS:1001251	NT=TMTpro;MT=fixed;TA=N-term;AC=UNIMOD:2016	ProjectCyclicHypoxia_ArcticChar_F04.raw	1	v1.1.0	NT=ms-proteomics;VV=v1.1.0
sample_12	salvelinus alpinus	normal	liver	juvenile	4	female	15 day	normoxia	not available	run_F5	proteomic profiling by mass spectrometry	5	TMT132N	NT=data-dependent acquisition;AC=PRIDE:0000627	Orbitrap Fusion Lumos	NT=Trypsin;AC=MS:1001251	NT=TMTpro;MT=fixed;TA=N-term;AC=UNIMOD:2016	ProjectCyclicHypoxia_ArcticChar_F05.raw	1	v1.1.0	NT=ms-proteomics;VV=v1.1.0
sample_12	salvelinus alpinus	normal	liver	juvenile	4	female	15 day	normoxia	not available	run_F6	proteomic profiling by mass spectrometry	6	TMT132N	NT=data-dependent acquisition;AC=PRIDE:0000627	Orbitrap Fusion Lumos	NT=Trypsin;AC=MS:1001251	NT=TMTpro;MT=fixed;TA=N-term;AC=UNIMOD:2016	ProjectCyclicHypoxia_ArcticChar_F06.raw	1	v1.1.0	NT=ms-proteomics;VV=v1.1.0
sample_12	salvelinus alpinus	normal	liver	juvenile	4	female	15 day	normoxia	not available	run_F7	proteomic profiling by mass spectrometry	7	TMT132N	NT=data-dependent acquisition;AC=PRIDE:0000627	Orbitrap Fusion Lumos	NT=Trypsin;AC=MS:1001251	NT=TMTpro;MT=fixed;TA=N-term;AC=UNIMOD:2016	ProjectCyclicHypoxia_ArcticChar_F07.raw	1	v1.1.0	NT=ms-proteomics;VV=v1.1.0
sample_12	salvelinus alpinus	normal	liver	juvenile	4	female	15 day	normoxia	not available	run_F8	proteomic profiling by mass spectrometry	8	TMT132N	NT=data-dependent acquisition;AC=PRIDE:0000627	Orbitrap Fusion Lumos	NT=Trypsin;AC=MS:1001251	NT=TMTpro;MT=fixed;TA=N-term;AC=UNIMOD:2016	ProjectCyclicHypoxia_ArcticChar_F08.raw	1	v1.1.0	NT=ms-proteomics;VV=v1.1.0
sample_12	salvelinus alpinus	normal	liver	juvenile	4	female	15 day	normoxia	not available	run_F9	proteomic profiling by mass spectrometry	9	TMT132N	NT=data-dependent acquisition;AC=PRIDE:0000627	Orbitrap Fusion Lumos	NT=Trypsin;AC=MS:1001251	NT=TMTpro;MT=fixed;TA=N-term;AC=UNIMOD:2016	ProjectCyclicHypoxia_ArcticChar_F09.raw	1	v1.1.0	NT=ms-proteomics;VV=v1.1.0
sample_12	salvelinus alpinus	normal	liver	juvenile	4	female	15 day	normoxia	not available	run_F10	proteomic profiling by mass spectrometry	10	TMT132N	NT=data-dependent acquisition;AC=PRIDE:0000627	Orbitrap Fusion Lumos	NT=Trypsin;AC=MS:1001251	NT=TMTpro;MT=fixed;TA=N-term;AC=UNIMOD:2016	ProjectCyclicHypoxia_ArcticChar_F10.raw	1	v1.1.0	NT=ms-proteomics;VV=v1.1.0
sample_12	salvelinus alpinus	normal	liver	juvenile	4	female	15 day	normoxia	not available	run_F11	proteomic profiling by mass spectrometry	11	TMT132N	NT=data-dependent acquisition;AC=PRIDE:0000627	Orbitrap Fusion Lumos	NT=Trypsin;AC=MS:1001251	NT=TMTpro;MT=fixed;TA=N-term;AC=UNIMOD:2016	ProjectCyclicHypoxia_ArcticChar_F11.raw	1	v1.1.0	NT=ms-proteomics;VV=v1.1.0
sample_12	salvelinus alpinus	normal	liver	juvenile	4	female	15 day	normoxia	not available	run_F12	proteomic profiling by mass spectrometry	12	TMT132N	NT=data-dependent acquisition;AC=PRIDE:0000627	Orbitrap Fusion Lumos	NT=Trypsin;AC=MS:1001251	NT=TMTpro;MT=fixed;TA=N-term;AC=UNIMOD:2016	ProjectCyclicHypoxia_ArcticChar_F12.raw	1	v1.1.0	NT=ms-proteomics;VV=v1.1.0
sample_12	salvelinus alpinus	normal	liver	juvenile	4	female	15 day	normoxia	not available	run_F13	proteomic profiling by mass spectrometry	13	TMT132N	NT=data-dependent acquisition;AC=PRIDE:0000627	Orbitrap Fusion Lumos	NT=Trypsin;AC=MS:1001251	NT=TMTpro;MT=fixed;TA=N-term;AC=UNIMOD:2016	ProjectCyclicHypoxia_ArcticChar_F13.raw	1	v1.1.0	NT=ms-proteomics;VV=v1.1.0
sample_12	salvelinus alpinus	normal	liver	juvenile	4	female	15 day	normoxia	not available	run_F14	proteomic profiling by mass spectrometry	14	TMT132N	NT=data-dependent acquisition;AC=PRIDE:0000627	Orbitrap Fusion Lumos	NT=Trypsin;AC=MS:1001251	NT=TMTpro;MT=fixed;TA=N-term;AC=UNIMOD:2016	ProjectCyclicHypoxia_ArcticChar_F14.raw	1	v1.1.0	NT=ms-proteomics;VV=v1.1.0
sample_12	salvelinus alpinus	normal	liver	juvenile	4	female	15 day	normoxia	not available	run_F15	proteomic profiling by mass spectrometry	15	TMT132N	NT=data-dependent acquisition;AC=PRIDE:0000627	Orbitrap Fusion Lumos	NT=Trypsin;AC=MS:1001251	NT=TMTpro;MT=fixed;TA=N-term;AC=UNIMOD:2016	ProjectCyclicHypoxia_ArcticChar_F15.raw	1	v1.1.0	NT=ms-proteomics;VV=v1.1.0
sample_12	salvelinus alpinus	normal	liver	juvenile	4	female	15 day	normoxia	not available	run_F16	proteomic profiling by mass spectrometry	16	TMT132N	NT=data-dependent acquisition;AC=PRIDE:0000627	Orbitrap Fusion Lumos	NT=Trypsin;AC=MS:1001251	NT=TMTpro;MT=fixed;TA=N-term;AC=UNIMOD:2016	ProjectCyclicHypoxia_ArcticChar_F16.raw	1	v1.1.0	NT=ms-proteomics;VV=v1.1.0
sample_12	salvelinus alpinus	normal	liver	juvenile	4	female	15 day	normoxia	not available	run_F17	proteomic profiling by mass spectrometry	17	TMT132N	NT=data-dependent acquisition;AC=PRIDE:0000627	Orbitrap Fusion Lumos	NT=Trypsin;AC=MS:1001251	NT=TMTpro;MT=fixed;TA=N-term;AC=UNIMOD:2016	ProjectCyclicHypoxia_ArcticChar_F17.raw	1	v1.1.0	NT=ms-proteomics;VV=v1.1.0
sample_12	salvelinus alpinus	normal	liver	juvenile	4	female	15 day	normoxia	not available	run_F18	proteomic profiling by mass spectrometry	18	TMT132N	NT=data-dependent acquisition;AC=PRIDE:0000627	Orbitrap Fusion Lumos	NT=Trypsin;AC=MS:1001251	NT=TMTpro;MT=fixed;TA=N-term;AC=UNIMOD:2016	ProjectCyclicHypoxia_ArcticChar_F18.raw	1	v1.1.0	NT=ms-proteomics;VV=v1.1.0
sample_12	salvelinus alpinus	normal	liver	juvenile	4	female	15 day	normoxia	not available	run_F19	proteomic profiling by mass spectrometry	19	TMT132N	NT=data-dependent acquisition;AC=PRIDE:0000627	Orbitrap Fusion Lumos	NT=Trypsin;AC=MS:1001251	NT=TMTpro;MT=fixed;TA=N-term;AC=UNIMOD:2016	ProjectCyclicHypoxia_ArcticChar_F19.raw	1	v1.1.0	NT=ms-proteomics;VV=v1.1.0
sample_12	salvelinus alpinus	normal	liver	juvenile	4	female	15 day	normoxia	not available	run_F20	proteomic profiling by mass spectrometry	20	TMT132N	NT=data-dependent acquisition;AC=PRIDE:0000627	Orbitrap Fusion Lumos	NT=Trypsin;AC=MS:1001251	NT=TMTpro;MT=fixed;TA=N-term;AC=UNIMOD:2016	ProjectCyclicHypoxia_ArcticChar_F20.raw	1	v1.1.0	NT=ms-proteomics;VV=v1.1.0
sample_13	salvelinus alpinus	normal	liver	juvenile	1	female	15 day	cyclic hypoxia	not available	run_F1	proteomic profiling by mass spectrometry	1	TMT132C	NT=data-dependent acquisition;AC=PRIDE:0000627	Orbitrap Fusion Lumos	NT=Trypsin;AC=MS:1001251	NT=TMTpro;MT=fixed;TA=N-term;AC=UNIMOD:2016	ProjectCyclicHypoxia_ArcticChar_F01.raw	1	v1.1.0	NT=ms-proteomics;VV=v1.1.0
sample_13	salvelinus alpinus	normal	liver	juvenile	1	female	15 day	cyclic hypoxia	not available	run_F2	proteomic profiling by mass spectrometry	2	TMT132C	NT=data-dependent acquisition;AC=PRIDE:0000627	Orbitrap Fusion Lumos	NT=Trypsin;AC=MS:1001251	NT=TMTpro;MT=fixed;TA=N-term;AC=UNIMOD:2016	ProjectCyclicHypoxia_ArcticChar_F02.raw	1	v1.1.0	NT=ms-proteomics;VV=v1.1.0
sample_13	salvelinus alpinus	normal	liver	juvenile	1	female	15 day	cyclic hypoxia	not available	run_F3	proteomic profiling by mass spectrometry	3	TMT132C	NT=data-dependent acquisition;AC=PRIDE:0000627	Orbitrap Fusion Lumos	NT=Trypsin;AC=MS:1001251	NT=TMTpro;MT=fixed;TA=N-term;AC=UNIMOD:2016	ProjectCyclicHypoxia_ArcticChar_F03.raw	1	v1.1.0	NT=ms-proteomics;VV=v1.1.0
sample_13	salvelinus alpinus	normal	liver	juvenile	1	female	15 day	cyclic hypoxia	not available	run_F4	proteomic profiling by mass spectrometry	4	TMT132C	NT=data-dependent acquisition;AC=PRIDE:0000627	Orbitrap Fusion Lumos	NT=Trypsin;AC=MS:1001251	NT=TMTpro;MT=fixed;TA=N-term;AC=UNIMOD:2016	ProjectCyclicHypoxia_ArcticChar_F04.raw	1	v1.1.0	NT=ms-proteomics;VV=v1.1.0
sample_13	salvelinus alpinus	normal	liver	juvenile	1	female	15 day	cyclic hypoxia	not available	run_F5	proteomic profiling by mass spectrometry	5	TMT132C	NT=data-dependent acquisition;AC=PRIDE:0000627	Orbitrap Fusion Lumos	NT=Trypsin;AC=MS:1001251	NT=TMTpro;MT=fixed;TA=N-term;AC=UNIMOD:2016	ProjectCyclicHypoxia_ArcticChar_F05.raw	1	v1.1.0	NT=ms-proteomics;VV=v1.1.0
sample_13	salvelinus alpinus	normal	liver	juvenile	1	female	15 day	cyclic hypoxia	not available	run_F6	proteomic profiling by mass spectrometry	6	TMT132C	NT=data-dependent acquisition;AC=PRIDE:0000627	Orbitrap Fusion Lumos	NT=Trypsin;AC=MS:1001251	NT=TMTpro;MT=fixed;TA=N-term;AC=UNIMOD:2016	ProjectCyclicHypoxia_ArcticChar_F06.raw	1	v1.1.0	NT=ms-proteomics;VV=v1.1.0
sample_13	salvelinus alpinus	normal	liver	juvenile	1	female	15 day	cyclic hypoxia	not available	run_F7	proteomic profiling by mass spectrometry	7	TMT132C	NT=data-dependent acquisition;AC=PRIDE:0000627	Orbitrap Fusion Lumos	NT=Trypsin;AC=MS:1001251	NT=TMTpro;MT=fixed;TA=N-term;AC=UNIMOD:2016	ProjectCyclicHypoxia_ArcticChar_F07.raw	1	v1.1.0	NT=ms-proteomics;VV=v1.1.0
sample_13	salvelinus alpinus	normal	liver	juvenile	1	female	15 day	cyclic hypoxia	not available	run_F8	proteomic profiling by mass spectrometry	8	TMT132C	NT=data-dependent acquisition;AC=PRIDE:0000627	Orbitrap Fusion Lumos	NT=Trypsin;AC=MS:1001251	NT=TMTpro;MT=fixed;TA=N-term;AC=UNIMOD:2016	ProjectCyclicHypoxia_ArcticChar_F08.raw	1	v1.1.0	NT=ms-proteomics;VV=v1.1.0
sample_13	salvelinus alpinus	normal	liver	juvenile	1	female	15 day	cyclic hypoxia	not available	run_F9	proteomic profiling by mass spectrometry	9	TMT132C	NT=data-dependent acquisition;AC=PRIDE:0000627	Orbitrap Fusion Lumos	NT=Trypsin;AC=MS:1001251	NT=TMTpro;MT=fixed;TA=N-term;AC=UNIMOD:2016	ProjectCyclicHypoxia_ArcticChar_F09.raw	1	v1.1.0	NT=ms-proteomics;VV=v1.1.0
sample_13	salvelinus alpinus	normal	liver	juvenile	1	female	15 day	cyclic hypoxia	not available	run_F10	proteomic profiling by mass spectrometry	10	TMT132C	NT=data-dependent acquisition;AC=PRIDE:0000627	Orbitrap Fusion Lumos	NT=Trypsin;AC=MS:1001251	NT=TMTpro;MT=fixed;TA=N-term;AC=UNIMOD:2016	ProjectCyclicHypoxia_ArcticChar_F10.raw	1	v1.1.0	NT=ms-proteomics;VV=v1.1.0
sample_13	salvelinus alpinus	normal	liver	juvenile	1	female	15 day	cyclic hypoxia	not available	run_F11	proteomic profiling by mass spectrometry	11	TMT132C	NT=data-dependent acquisition;AC=PRIDE:0000627	Orbitrap Fusion Lumos	NT=Trypsin;AC=MS:1001251	NT=TMTpro;MT=fixed;TA=N-term;AC=UNIMOD:2016	ProjectCyclicHypoxia_ArcticChar_F11.raw	1	v1.1.0	NT=ms-proteomics;VV=v1.1.0
sample_13	salvelinus alpinus	normal	liver	juvenile	1	female	15 day	cyclic hypoxia	not available	run_F12	proteomic profiling by mass spectrometry	12	TMT132C	NT=data-dependent acquisition;AC=PRIDE:0000627	Orbitrap Fusion Lumos	NT=Trypsin;AC=MS:1001251	NT=TMTpro;MT=fixed;TA=N-term;AC=UNIMOD:2016	ProjectCyclicHypoxia_ArcticChar_F12.raw	1	v1.1.0	NT=ms-proteomics;VV=v1.1.0
sample_13	salvelinus alpinus	normal	liver	juvenile	1	female	15 day	cyclic hypoxia	not available	run_F13	proteomic profiling by mass spectrometry	13	TMT132C	NT=data-dependent acquisition;AC=PRIDE:0000627	Orbitrap Fusion Lumos	NT=Trypsin;AC=MS:1001251	NT=TMTpro;MT=fixed;TA=N-term;AC=UNIMOD:2016	ProjectCyclicHypoxia_ArcticChar_F13.raw	1	v1.1.0	NT=ms-proteomics;VV=v1.1.0
sample_13	salvelinus alpinus	normal	liver	juvenile	1	female	15 day	cyclic hypoxia	not available	run_F14	proteomic profiling by mass spectrometry	14	TMT132C	NT=data-dependent acquisition;AC=PRIDE:0000627	Orbitrap Fusion Lumos	NT=Trypsin;AC=MS:1001251	NT=TMTpro;MT=fixed;TA=N-term;AC=UNIMOD:2016	ProjectCyclicHypoxia_ArcticChar_F14.raw	1	v1.1.0	NT=ms-proteomics;VV=v1.1.0
sample_13	salvelinus alpinus	normal	liver	juvenile	1	female	15 day	cyclic hypoxia	not available	run_F15	proteomic profiling by mass spectrometry	15	TMT132C	NT=data-dependent acquisition;AC=PRIDE:0000627	Orbitrap Fusion Lumos	NT=Trypsin;AC=MS:1001251	NT=TMTpro;MT=fixed;TA=N-term;AC=UNIMOD:2016	ProjectCyclicHypoxia_ArcticChar_F15.raw	1	v1.1.0	NT=ms-proteomics;VV=v1.1.0
sample_13	salvelinus alpinus	normal	liver	juvenile	1	female	15 day	cyclic hypoxia	not available	run_F16	proteomic profiling by mass spectrometry	16	TMT132C	NT=data-dependent acquisition;AC=PRIDE:0000627	Orbitrap Fusion Lumos	NT=Trypsin;AC=MS:1001251	NT=TMTpro;MT=fixed;TA=N-term;AC=UNIMOD:2016	ProjectCyclicHypoxia_ArcticChar_F16.raw	1	v1.1.0	NT=ms-proteomics;VV=v1.1.0
sample_13	salvelinus alpinus	normal	liver	juvenile	1	female	15 day	cyclic hypoxia	not available	run_F17	proteomic profiling by mass spectrometry	17	TMT132C	NT=data-dependent acquisition;AC=PRIDE:0000627	Orbitrap Fusion Lumos	NT=Trypsin;AC=MS:1001251	NT=TMTpro;MT=fixed;TA=N-term;AC=UNIMOD:2016	ProjectCyclicHypoxia_ArcticChar_F17.raw	1	v1.1.0	NT=ms-proteomics;VV=v1.1.0
sample_13	salvelinus alpinus	normal	liver	juvenile	1	female	15 day	cyclic hypoxia	not available	run_F18	proteomic profiling by mass spectrometry	18	TMT132C	NT=data-dependent acquisition;AC=PRIDE:0000627	Orbitrap Fusion Lumos	NT=Trypsin;AC=MS:1001251	NT=TMTpro;MT=fixed;TA=N-term;AC=UNIMOD:2016	ProjectCyclicHypoxia_ArcticChar_F18.raw	1	v1.1.0	NT=ms-proteomics;VV=v1.1.0
sample_13	salvelinus alpinus	normal	liver	juvenile	1	female	15 day	cyclic hypoxia	not available	run_F19	proteomic profiling by mass spectrometry	19	TMT132C	NT=data-dependent acquisition;AC=PRIDE:0000627	Orbitrap Fusion Lumos	NT=Trypsin;AC=MS:1001251	NT=TMTpro;MT=fixed;TA=N-term;AC=UNIMOD:2016	ProjectCyclicHypoxia_ArcticChar_F19.raw	1	v1.1.0	NT=ms-proteomics;VV=v1.1.0
sample_13	salvelinus alpinus	normal	liver	juvenile	1	female	15 day	cyclic hypoxia	not available	run_F20	proteomic profiling by mass spectrometry	20	TMT132C	NT=data-dependent acquisition;AC=PRIDE:0000627	Orbitrap Fusion Lumos	NT=Trypsin;AC=MS:1001251	NT=TMTpro;MT=fixed;TA=N-term;AC=UNIMOD:2016	ProjectCyclicHypoxia_ArcticChar_F20.raw	1	v1.1.0	NT=ms-proteomics;VV=v1.1.0
sample_14	salvelinus alpinus	normal	liver	juvenile	2	female	15 day	cyclic hypoxia	not available	run_F1	proteomic profiling by mass spectrometry	1	TMT133N	NT=data-dependent acquisition;AC=PRIDE:0000627	Orbitrap Fusion Lumos	NT=Trypsin;AC=MS:1001251	NT=TMTpro;MT=fixed;TA=N-term;AC=UNIMOD:2016	ProjectCyclicHypoxia_ArcticChar_F01.raw	1	v1.1.0	NT=ms-proteomics;VV=v1.1.0
sample_14	salvelinus alpinus	normal	liver	juvenile	2	female	15 day	cyclic hypoxia	not available	run_F2	proteomic profiling by mass spectrometry	2	TMT133N	NT=data-dependent acquisition;AC=PRIDE:0000627	Orbitrap Fusion Lumos	NT=Trypsin;AC=MS:1001251	NT=TMTpro;MT=fixed;TA=N-term;AC=UNIMOD:2016	ProjectCyclicHypoxia_ArcticChar_F02.raw	1	v1.1.0	NT=ms-proteomics;VV=v1.1.0
sample_14	salvelinus alpinus	normal	liver	juvenile	2	female	15 day	cyclic hypoxia	not available	run_F3	proteomic profiling by mass spectrometry	3	TMT133N	NT=data-dependent acquisition;AC=PRIDE:0000627	Orbitrap Fusion Lumos	NT=Trypsin;AC=MS:1001251	NT=TMTpro;MT=fixed;TA=N-term;AC=UNIMOD:2016	ProjectCyclicHypoxia_ArcticChar_F03.raw	1	v1.1.0	NT=ms-proteomics;VV=v1.1.0
sample_14	salvelinus alpinus	normal	liver	juvenile	2	female	15 day	cyclic hypoxia	not available	run_F4	proteomic profiling by mass spectrometry	4	TMT133N	NT=data-dependent acquisition;AC=PRIDE:0000627	Orbitrap Fusion Lumos	NT=Trypsin;AC=MS:1001251	NT=TMTpro;MT=fixed;TA=N-term;AC=UNIMOD:2016	ProjectCyclicHypoxia_ArcticChar_F04.raw	1	v1.1.0	NT=ms-proteomics;VV=v1.1.0
sample_14	salvelinus alpinus	normal	liver	juvenile	2	female	15 day	cyclic hypoxia	not available	run_F5	proteomic profiling by mass spectrometry	5	TMT133N	NT=data-dependent acquisition;AC=PRIDE:0000627	Orbitrap Fusion Lumos	NT=Trypsin;AC=MS:1001251	NT=TMTpro;MT=fixed;TA=N-term;AC=UNIMOD:2016	ProjectCyclicHypoxia_ArcticChar_F05.raw	1	v1.1.0	NT=ms-proteomics;VV=v1.1.0
sample_14	salvelinus alpinus	normal	liver	juvenile	2	female	15 day	cyclic hypoxia	not available	run_F6	proteomic profiling by mass spectrometry	6	TMT133N	NT=data-dependent acquisition;AC=PRIDE:0000627	Orbitrap Fusion Lumos	NT=Trypsin;AC=MS:1001251	NT=TMTpro;MT=fixed;TA=N-term;AC=UNIMOD:2016	ProjectCyclicHypoxia_ArcticChar_F06.raw	1	v1.1.0	NT=ms-proteomics;VV=v1.1.0
sample_14	salvelinus alpinus	normal	liver	juvenile	2	female	15 day	cyclic hypoxia	not available	run_F7	proteomic profiling by mass spectrometry	7	TMT133N	NT=data-dependent acquisition;AC=PRIDE:0000627	Orbitrap Fusion Lumos	NT=Trypsin;AC=MS:1001251	NT=TMTpro;MT=fixed;TA=N-term;AC=UNIMOD:2016	ProjectCyclicHypoxia_ArcticChar_F07.raw	1	v1.1.0	NT=ms-proteomics;VV=v1.1.0
sample_14	salvelinus alpinus	normal	liver	juvenile	2	female	15 day	cyclic hypoxia	not available	run_F8	proteomic profiling by mass spectrometry	8	TMT133N	NT=data-dependent acquisition;AC=PRIDE:0000627	Orbitrap Fusion Lumos	NT=Trypsin;AC=MS:1001251	NT=TMTpro;MT=fixed;TA=N-term;AC=UNIMOD:2016	ProjectCyclicHypoxia_ArcticChar_F08.raw	1	v1.1.0	NT=ms-proteomics;VV=v1.1.0
sample_14	salvelinus alpinus	normal	liver	juvenile	2	female	15 day	cyclic hypoxia	not available	run_F9	proteomic profiling by mass spectrometry	9	TMT133N	NT=data-dependent acquisition;AC=PRIDE:0000627	Orbitrap Fusion Lumos	NT=Trypsin;AC=MS:1001251	NT=TMTpro;MT=fixed;TA=N-term;AC=UNIMOD:2016	ProjectCyclicHypoxia_ArcticChar_F09.raw	1	v1.1.0	NT=ms-proteomics;VV=v1.1.0
sample_14	salvelinus alpinus	normal	liver	juvenile	2	female	15 day	cyclic hypoxia	not available	run_F10	proteomic profiling by mass spectrometry	10	TMT133N	NT=data-dependent acquisition;AC=PRIDE:0000627	Orbitrap Fusion Lumos	NT=Trypsin;AC=MS:1001251	NT=TMTpro;MT=fixed;TA=N-term;AC=UNIMOD:2016	ProjectCyclicHypoxia_ArcticChar_F10.raw	1	v1.1.0	NT=ms-proteomics;VV=v1.1.0
sample_14	salvelinus alpinus	normal	liver	juvenile	2	female	15 day	cyclic hypoxia	not available	run_F11	proteomic profiling by mass spectrometry	11	TMT133N	NT=data-dependent acquisition;AC=PRIDE:0000627	Orbitrap Fusion Lumos	NT=Trypsin;AC=MS:1001251	NT=TMTpro;MT=fixed;TA=N-term;AC=UNIMOD:2016	ProjectCyclicHypoxia_ArcticChar_F11.raw	1	v1.1.0	NT=ms-proteomics;VV=v1.1.0
sample_14	salvelinus alpinus	normal	liver	juvenile	2	female	15 day	cyclic hypoxia	not available	run_F12	proteomic profiling by mass spectrometry	12	TMT133N	NT=data-dependent acquisition;AC=PRIDE:0000627	Orbitrap Fusion Lumos	NT=Trypsin;AC=MS:1001251	NT=TMTpro;MT=fixed;TA=N-term;AC=UNIMOD:2016	ProjectCyclicHypoxia_ArcticChar_F12.raw	1	v1.1.0	NT=ms-proteomics;VV=v1.1.0
sample_14	salvelinus alpinus	normal	liver	juvenile	2	female	15 day	cyclic hypoxia	not available	run_F13	proteomic profiling by mass spectrometry	13	TMT133N	NT=data-dependent acquisition;AC=PRIDE:0000627	Orbitrap Fusion Lumos	NT=Trypsin;AC=MS:1001251	NT=TMTpro;MT=fixed;TA=N-term;AC=UNIMOD:2016	ProjectCyclicHypoxia_ArcticChar_F13.raw	1	v1.1.0	NT=ms-proteomics;VV=v1.1.0
sample_14	salvelinus alpinus	normal	liver	juvenile	2	female	15 day	cyclic hypoxia	not available	run_F14	proteomic profiling by mass spectrometry	14	TMT133N	NT=data-dependent acquisition;AC=PRIDE:0000627	Orbitrap Fusion Lumos	NT=Trypsin;AC=MS:1001251	NT=TMTpro;MT=fixed;TA=N-term;AC=UNIMOD:2016	ProjectCyclicHypoxia_ArcticChar_F14.raw	1	v1.1.0	NT=ms-proteomics;VV=v1.1.0
sample_14	salvelinus alpinus	normal	liver	juvenile	2	female	15 day	cyclic hypoxia	not available	run_F15	proteomic profiling by mass spectrometry	15	TMT133N	NT=data-dependent acquisition;AC=PRIDE:0000627	Orbitrap Fusion Lumos	NT=Trypsin;AC=MS:1001251	NT=TMTpro;MT=fixed;TA=N-term;AC=UNIMOD:2016	ProjectCyclicHypoxia_ArcticChar_F15.raw	1	v1.1.0	NT=ms-proteomics;VV=v1.1.0
sample_14	salvelinus alpinus	normal	liver	juvenile	2	female	15 day	cyclic hypoxia	not available	run_F16	proteomic profiling by mass spectrometry	16	TMT133N	NT=data-dependent acquisition;AC=PRIDE:0000627	Orbitrap Fusion Lumos	NT=Trypsin;AC=MS:1001251	NT=TMTpro;MT=fixed;TA=N-term;AC=UNIMOD:2016	ProjectCyclicHypoxia_ArcticChar_F16.raw	1	v1.1.0	NT=ms-proteomics;VV=v1.1.0
sample_14	salvelinus alpinus	normal	liver	juvenile	2	female	15 day	cyclic hypoxia	not available	run_F17	proteomic profiling by mass spectrometry	17	TMT133N	NT=data-dependent acquisition;AC=PRIDE:0000627	Orbitrap Fusion Lumos	NT=Trypsin;AC=MS:1001251	NT=TMTpro;MT=fixed;TA=N-term;AC=UNIMOD:2016	ProjectCyclicHypoxia_ArcticChar_F17.raw	1	v1.1.0	NT=ms-proteomics;VV=v1.1.0
sample_14	salvelinus alpinus	normal	liver	juvenile	2	female	15 day	cyclic hypoxia	not available	run_F18	proteomic profiling by mass spectrometry	18	TMT133N	NT=data-dependent acquisition;AC=PRIDE:0000627	Orbitrap Fusion Lumos	NT=Trypsin;AC=MS:1001251	NT=TMTpro;MT=fixed;TA=N-term;AC=UNIMOD:2016	ProjectCyclicHypoxia_ArcticChar_F18.raw	1	v1.1.0	NT=ms-proteomics;VV=v1.1.0
sample_14	salvelinus alpinus	normal	liver	juvenile	2	female	15 day	cyclic hypoxia	not available	run_F19	proteomic profiling by mass spectrometry	19	TMT133N	NT=data-dependent acquisition;AC=PRIDE:0000627	Orbitrap Fusion Lumos	NT=Trypsin;AC=MS:1001251	NT=TMTpro;MT=fixed;TA=N-term;AC=UNIMOD:2016	ProjectCyclicHypoxia_ArcticChar_F19.raw	1	v1.1.0	NT=ms-proteomics;VV=v1.1.0
sample_14	salvelinus alpinus	normal	liver	juvenile	2	female	15 day	cyclic hypoxia	not available	run_F20	proteomic profiling by mass spectrometry	20	TMT133N	NT=data-dependent acquisition;AC=PRIDE:0000627	Orbitrap Fusion Lumos	NT=Trypsin;AC=MS:1001251	NT=TMTpro;MT=fixed;TA=N-term;AC=UNIMOD:2016	ProjectCyclicHypoxia_ArcticChar_F20.raw	1	v1.1.0	NT=ms-proteomics;VV=v1.1.0
sample_15	salvelinus alpinus	normal	liver	juvenile	3	female	15 day	cyclic hypoxia	not available	run_F1	proteomic profiling by mass spectrometry	1	TMT133C	NT=data-dependent acquisition;AC=PRIDE:0000627	Orbitrap Fusion Lumos	NT=Trypsin;AC=MS:1001251	NT=TMTpro;MT=fixed;TA=N-term;AC=UNIMOD:2016	ProjectCyclicHypoxia_ArcticChar_F01.raw	1	v1.1.0	NT=ms-proteomics;VV=v1.1.0
sample_15	salvelinus alpinus	normal	liver	juvenile	3	female	15 day	cyclic hypoxia	not available	run_F2	proteomic profiling by mass spectrometry	2	TMT133C	NT=data-dependent acquisition;AC=PRIDE:0000627	Orbitrap Fusion Lumos	NT=Trypsin;AC=MS:1001251	NT=TMTpro;MT=fixed;TA=N-term;AC=UNIMOD:2016	ProjectCyclicHypoxia_ArcticChar_F02.raw	1	v1.1.0	NT=ms-proteomics;VV=v1.1.0
sample_15	salvelinus alpinus	normal	liver	juvenile	3	female	15 day	cyclic hypoxia	not available	run_F3	proteomic profiling by mass spectrometry	3	TMT133C	NT=data-dependent acquisition;AC=PRIDE:0000627	Orbitrap Fusion Lumos	NT=Trypsin;AC=MS:1001251	NT=TMTpro;MT=fixed;TA=N-term;AC=UNIMOD:2016	ProjectCyclicHypoxia_ArcticChar_F03.raw	1	v1.1.0	NT=ms-proteomics;VV=v1.1.0
sample_15	salvelinus alpinus	normal	liver	juvenile	3	female	15 day	cyclic hypoxia	not available	run_F4	proteomic profiling by mass spectrometry	4	TMT133C	NT=data-dependent acquisition;AC=PRIDE:0000627	Orbitrap Fusion Lumos	NT=Trypsin;AC=MS:1001251	NT=TMTpro;MT=fixed;TA=N-term;AC=UNIMOD:2016	ProjectCyclicHypoxia_ArcticChar_F04.raw	1	v1.1.0	NT=ms-proteomics;VV=v1.1.0
sample_15	salvelinus alpinus	normal	liver	juvenile	3	female	15 day	cyclic hypoxia	not available	run_F5	proteomic profiling by mass spectrometry	5	TMT133C	NT=data-dependent acquisition;AC=PRIDE:0000627	Orbitrap Fusion Lumos	NT=Trypsin;AC=MS:1001251	NT=TMTpro;MT=fixed;TA=N-term;AC=UNIMOD:2016	ProjectCyclicHypoxia_ArcticChar_F05.raw	1	v1.1.0	NT=ms-proteomics;VV=v1.1.0
sample_15	salvelinus alpinus	normal	liver	juvenile	3	female	15 day	cyclic hypoxia	not available	run_F6	proteomic profiling by mass spectrometry	6	TMT133C	NT=data-dependent acquisition;AC=PRIDE:0000627	Orbitrap Fusion Lumos	NT=Trypsin;AC=MS:1001251	NT=TMTpro;MT=fixed;TA=N-term;AC=UNIMOD:2016	ProjectCyclicHypoxia_ArcticChar_F06.raw	1	v1.1.0	NT=ms-proteomics;VV=v1.1.0
sample_15	salvelinus alpinus	normal	liver	juvenile	3	female	15 day	cyclic hypoxia	not available	run_F7	proteomic profiling by mass spectrometry	7	TMT133C	NT=data-dependent acquisition;AC=PRIDE:0000627	Orbitrap Fusion Lumos	NT=Trypsin;AC=MS:1001251	NT=TMTpro;MT=fixed;TA=N-term;AC=UNIMOD:2016	ProjectCyclicHypoxia_ArcticChar_F07.raw	1	v1.1.0	NT=ms-proteomics;VV=v1.1.0
sample_15	salvelinus alpinus	normal	liver	juvenile	3	female	15 day	cyclic hypoxia	not available	run_F8	proteomic profiling by mass spectrometry	8	TMT133C	NT=data-dependent acquisition;AC=PRIDE:0000627	Orbitrap Fusion Lumos	NT=Trypsin;AC=MS:1001251	NT=TMTpro;MT=fixed;TA=N-term;AC=UNIMOD:2016	ProjectCyclicHypoxia_ArcticChar_F08.raw	1	v1.1.0	NT=ms-proteomics;VV=v1.1.0
sample_15	salvelinus alpinus	normal	liver	juvenile	3	female	15 day	cyclic hypoxia	not available	run_F9	proteomic profiling by mass spectrometry	9	TMT133C	NT=data-dependent acquisition;AC=PRIDE:0000627	Orbitrap Fusion Lumos	NT=Trypsin;AC=MS:1001251	NT=TMTpro;MT=fixed;TA=N-term;AC=UNIMOD:2016	ProjectCyclicHypoxia_ArcticChar_F09.raw	1	v1.1.0	NT=ms-proteomics;VV=v1.1.0
sample_15	salvelinus alpinus	normal	liver	juvenile	3	female	15 day	cyclic hypoxia	not available	run_F10	proteomic profiling by mass spectrometry	10	TMT133C	NT=data-dependent acquisition;AC=PRIDE:0000627	Orbitrap Fusion Lumos	NT=Trypsin;AC=MS:1001251	NT=TMTpro;MT=fixed;TA=N-term;AC=UNIMOD:2016	ProjectCyclicHypoxia_ArcticChar_F10.raw	1	v1.1.0	NT=ms-proteomics;VV=v1.1.0
sample_15	salvelinus alpinus	normal	liver	juvenile	3	female	15 day	cyclic hypoxia	not available	run_F11	proteomic profiling by mass spectrometry	11	TMT133C	NT=data-dependent acquisition;AC=PRIDE:0000627	Orbitrap Fusion Lumos	NT=Trypsin;AC=MS:1001251	NT=TMTpro;MT=fixed;TA=N-term;AC=UNIMOD:2016	ProjectCyclicHypoxia_ArcticChar_F11.raw	1	v1.1.0	NT=ms-proteomics;VV=v1.1.0
sample_15	salvelinus alpinus	normal	liver	juvenile	3	female	15 day	cyclic hypoxia	not available	run_F12	proteomic profiling by mass spectrometry	12	TMT133C	NT=data-dependent acquisition;AC=PRIDE:0000627	Orbitrap Fusion Lumos	NT=Trypsin;AC=MS:1001251	NT=TMTpro;MT=fixed;TA=N-term;AC=UNIMOD:2016	ProjectCyclicHypoxia_ArcticChar_F12.raw	1	v1.1.0	NT=ms-proteomics;VV=v1.1.0
sample_15	salvelinus alpinus	normal	liver	juvenile	3	female	15 day	cyclic hypoxia	not available	run_F13	proteomic profiling by mass spectrometry	13	TMT133C	NT=data-dependent acquisition;AC=PRIDE:0000627	Orbitrap Fusion Lumos	NT=Trypsin;AC=MS:1001251	NT=TMTpro;MT=fixed;TA=N-term;AC=UNIMOD:2016	ProjectCyclicHypoxia_ArcticChar_F13.raw	1	v1.1.0	NT=ms-proteomics;VV=v1.1.0
sample_15	salvelinus alpinus	normal	liver	juvenile	3	female	15 day	cyclic hypoxia	not available	run_F14	proteomic profiling by mass spectrometry	14	TMT133C	NT=data-dependent acquisition;AC=PRIDE:0000627	Orbitrap Fusion Lumos	NT=Trypsin;AC=MS:1001251	NT=TMTpro;MT=fixed;TA=N-term;AC=UNIMOD:2016	ProjectCyclicHypoxia_ArcticChar_F14.raw	1	v1.1.0	NT=ms-proteomics;VV=v1.1.0
sample_15	salvelinus alpinus	normal	liver	juvenile	3	female	15 day	cyclic hypoxia	not available	run_F15	proteomic profiling by mass spectrometry	15	TMT133C	NT=data-dependent acquisition;AC=PRIDE:0000627	Orbitrap Fusion Lumos	NT=Trypsin;AC=MS:1001251	NT=TMTpro;MT=fixed;TA=N-term;AC=UNIMOD:2016	ProjectCyclicHypoxia_ArcticChar_F15.raw	1	v1.1.0	NT=ms-proteomics;VV=v1.1.0
sample_15	salvelinus alpinus	normal	liver	juvenile	3	female	15 day	cyclic hypoxia	not available	run_F16	proteomic profiling by mass spectrometry	16	TMT133C	NT=data-dependent acquisition;AC=PRIDE:0000627	Orbitrap Fusion Lumos	NT=Trypsin;AC=MS:1001251	NT=TMTpro;MT=fixed;TA=N-term;AC=UNIMOD:2016	ProjectCyclicHypoxia_ArcticChar_F16.raw	1	v1.1.0	NT=ms-proteomics;VV=v1.1.0
sample_15	salvelinus alpinus	normal	liver	juvenile	3	female	15 day	cyclic hypoxia	not available	run_F17	proteomic profiling by mass spectrometry	17	TMT133C	NT=data-dependent acquisition;AC=PRIDE:0000627	Orbitrap Fusion Lumos	NT=Trypsin;AC=MS:1001251	NT=TMTpro;MT=fixed;TA=N-term;AC=UNIMOD:2016	ProjectCyclicHypoxia_ArcticChar_F17.raw	1	v1.1.0	NT=ms-proteomics;VV=v1.1.0
sample_15	salvelinus alpinus	normal	liver	juvenile	3	female	15 day	cyclic hypoxia	not available	run_F18	proteomic profiling by mass spectrometry	18	TMT133C	NT=data-dependent acquisition;AC=PRIDE:0000627	Orbitrap Fusion Lumos	NT=Trypsin;AC=MS:1001251	NT=TMTpro;MT=fixed;TA=N-term;AC=UNIMOD:2016	ProjectCyclicHypoxia_ArcticChar_F18.raw	1	v1.1.0	NT=ms-proteomics;VV=v1.1.0
sample_15	salvelinus alpinus	normal	liver	juvenile	3	female	15 day	cyclic hypoxia	not available	run_F19	proteomic profiling by mass spectrometry	19	TMT133C	NT=data-dependent acquisition;AC=PRIDE:0000627	Orbitrap Fusion Lumos	NT=Trypsin;AC=MS:1001251	NT=TMTpro;MT=fixed;TA=N-term;AC=UNIMOD:2016	ProjectCyclicHypoxia_ArcticChar_F19.raw	1	v1.1.0	NT=ms-proteomics;VV=v1.1.0
sample_15	salvelinus alpinus	normal	liver	juvenile	3	female	15 day	cyclic hypoxia	not available	run_F20	proteomic profiling by mass spectrometry	20	TMT133C	NT=data-dependent acquisition;AC=PRIDE:0000627	Orbitrap Fusion Lumos	NT=Trypsin;AC=MS:1001251	NT=TMTpro;MT=fixed;TA=N-term;AC=UNIMOD:2016	ProjectCyclicHypoxia_ArcticChar_F20.raw	1	v1.1.0	NT=ms-proteomics;VV=v1.1.0
sample_16	salvelinus alpinus	normal	liver	juvenile	4	female	15 day	cyclic hypoxia	not available	run_F1	proteomic profiling by mass spectrometry	1	TMT134N	NT=data-dependent acquisition;AC=PRIDE:0000627	Orbitrap Fusion Lumos	NT=Trypsin;AC=MS:1001251	NT=TMTpro;MT=fixed;TA=N-term;AC=UNIMOD:2016	ProjectCyclicHypoxia_ArcticChar_F01.raw	1	v1.1.0	NT=ms-proteomics;VV=v1.1.0
sample_16	salvelinus alpinus	normal	liver	juvenile	4	female	15 day	cyclic hypoxia	not available	run_F2	proteomic profiling by mass spectrometry	2	TMT134N	NT=data-dependent acquisition;AC=PRIDE:0000627	Orbitrap Fusion Lumos	NT=Trypsin;AC=MS:1001251	NT=TMTpro;MT=fixed;TA=N-term;AC=UNIMOD:2016	ProjectCyclicHypoxia_ArcticChar_F02.raw	1	v1.1.0	NT=ms-proteomics;VV=v1.1.0
sample_16	salvelinus alpinus	normal	liver	juvenile	4	female	15 day	cyclic hypoxia	not available	run_F3	proteomic profiling by mass spectrometry	3	TMT134N	NT=data-dependent acquisition;AC=PRIDE:0000627	Orbitrap Fusion Lumos	NT=Trypsin;AC=MS:1001251	NT=TMTpro;MT=fixed;TA=N-term;AC=UNIMOD:2016	ProjectCyclicHypoxia_ArcticChar_F03.raw	1	v1.1.0	NT=ms-proteomics;VV=v1.1.0
sample_16	salvelinus alpinus	normal	liver	juvenile	4	female	15 day	cyclic hypoxia	not available	run_F4	proteomic profiling by mass spectrometry	4	TMT134N	NT=data-dependent acquisition;AC=PRIDE:0000627	Orbitrap Fusion Lumos	NT=Trypsin;AC=MS:1001251	NT=TMTpro;MT=fixed;TA=N-term;AC=UNIMOD:2016	ProjectCyclicHypoxia_ArcticChar_F04.raw	1	v1.1.0	NT=ms-proteomics;VV=v1.1.0
sample_16	salvelinus alpinus	normal	liver	juvenile	4	female	15 day	cyclic hypoxia	not available	run_F5	proteomic profiling by mass spectrometry	5	TMT134N	NT=data-dependent acquisition;AC=PRIDE:0000627	Orbitrap Fusion Lumos	NT=Trypsin;AC=MS:1001251	NT=TMTpro;MT=fixed;TA=N-term;AC=UNIMOD:2016	ProjectCyclicHypoxia_ArcticChar_F05.raw	1	v1.1.0	NT=ms-proteomics;VV=v1.1.0
sample_16	salvelinus alpinus	normal	liver	juvenile	4	female	15 day	cyclic hypoxia	not available	run_F6	proteomic profiling by mass spectrometry	6	TMT134N	NT=data-dependent acquisition;AC=PRIDE:0000627	Orbitrap Fusion Lumos	NT=Trypsin;AC=MS:1001251	NT=TMTpro;MT=fixed;TA=N-term;AC=UNIMOD:2016	ProjectCyclicHypoxia_ArcticChar_F06.raw	1	v1.1.0	NT=ms-proteomics;VV=v1.1.0
sample_16	salvelinus alpinus	normal	liver	juvenile	4	female	15 day	cyclic hypoxia	not available	run_F7	proteomic profiling by mass spectrometry	7	TMT134N	NT=data-dependent acquisition;AC=PRIDE:0000627	Orbitrap Fusion Lumos	NT=Trypsin;AC=MS:1001251	NT=TMTpro;MT=fixed;TA=N-term;AC=UNIMOD:2016	ProjectCyclicHypoxia_ArcticChar_F07.raw	1	v1.1.0	NT=ms-proteomics;VV=v1.1.0
sample_16	salvelinus alpinus	normal	liver	juvenile	4	female	15 day	cyclic hypoxia	not available	run_F8	proteomic profiling by mass spectrometry	8	TMT134N	NT=data-dependent acquisition;AC=PRIDE:0000627	Orbitrap Fusion Lumos	NT=Trypsin;AC=MS:1001251	NT=TMTpro;MT=fixed;TA=N-term;AC=UNIMOD:2016	ProjectCyclicHypoxia_ArcticChar_F08.raw	1	v1.1.0	NT=ms-proteomics;VV=v1.1.0
sample_16	salvelinus alpinus	normal	liver	juvenile	4	female	15 day	cyclic hypoxia	not available	run_F9	proteomic profiling by mass spectrometry	9	TMT134N	NT=data-dependent acquisition;AC=PRIDE:0000627	Orbitrap Fusion Lumos	NT=Trypsin;AC=MS:1001251	NT=TMTpro;MT=fixed;TA=N-term;AC=UNIMOD:2016	ProjectCyclicHypoxia_ArcticChar_F09.raw	1	v1.1.0	NT=ms-proteomics;VV=v1.1.0
sample_16	salvelinus alpinus	normal	liver	juvenile	4	female	15 day	cyclic hypoxia	not available	run_F10	proteomic profiling by mass spectrometry	10	TMT134N	NT=data-dependent acquisition;AC=PRIDE:0000627	Orbitrap Fusion Lumos	NT=Trypsin;AC=MS:1001251	NT=TMTpro;MT=fixed;TA=N-term;AC=UNIMOD:2016	ProjectCyclicHypoxia_ArcticChar_F10.raw	1	v1.1.0	NT=ms-proteomics;VV=v1.1.0
sample_16	salvelinus alpinus	normal	liver	juvenile	4	female	15 day	cyclic hypoxia	not available	run_F11	proteomic profiling by mass spectrometry	11	TMT134N	NT=data-dependent acquisition;AC=PRIDE:0000627	Orbitrap Fusion Lumos	NT=Trypsin;AC=MS:1001251	NT=TMTpro;MT=fixed;TA=N-term;AC=UNIMOD:2016	ProjectCyclicHypoxia_ArcticChar_F11.raw	1	v1.1.0	NT=ms-proteomics;VV=v1.1.0
sample_16	salvelinus alpinus	normal	liver	juvenile	4	female	15 day	cyclic hypoxia	not available	run_F12	proteomic profiling by mass spectrometry	12	TMT134N	NT=data-dependent acquisition;AC=PRIDE:0000627	Orbitrap Fusion Lumos	NT=Trypsin;AC=MS:1001251	NT=TMTpro;MT=fixed;TA=N-term;AC=UNIMOD:2016	ProjectCyclicHypoxia_ArcticChar_F12.raw	1	v1.1.0	NT=ms-proteomics;VV=v1.1.0
sample_16	salvelinus alpinus	normal	liver	juvenile	4	female	15 day	cyclic hypoxia	not available	run_F13	proteomic profiling by mass spectrometry	13	TMT134N	NT=data-dependent acquisition;AC=PRIDE:0000627	Orbitrap Fusion Lumos	NT=Trypsin;AC=MS:1001251	NT=TMTpro;MT=fixed;TA=N-term;AC=UNIMOD:2016	ProjectCyclicHypoxia_ArcticChar_F13.raw	1	v1.1.0	NT=ms-proteomics;VV=v1.1.0
sample_16	salvelinus alpinus	normal	liver	juvenile	4	female	15 day	cyclic hypoxia	not available	run_F14	proteomic profiling by mass spectrometry	14	TMT134N	NT=data-dependent acquisition;AC=PRIDE:0000627	Orbitrap Fusion Lumos	NT=Trypsin;AC=MS:1001251	NT=TMTpro;MT=fixed;TA=N-term;AC=UNIMOD:2016	ProjectCyclicHypoxia_ArcticChar_F14.raw	1	v1.1.0	NT=ms-proteomics;VV=v1.1.0
sample_16	salvelinus alpinus	normal	liver	juvenile	4	female	15 day	cyclic hypoxia	not available	run_F15	proteomic profiling by mass spectrometry	15	TMT134N	NT=data-dependent acquisition;AC=PRIDE:0000627	Orbitrap Fusion Lumos	NT=Trypsin;AC=MS:1001251	NT=TMTpro;MT=fixed;TA=N-term;AC=UNIMOD:2016	ProjectCyclicHypoxia_ArcticChar_F15.raw	1	v1.1.0	NT=ms-proteomics;VV=v1.1.0
sample_16	salvelinus alpinus	normal	liver	juvenile	4	female	15 day	cyclic hypoxia	not available	run_F16	proteomic profiling by mass spectrometry	16	TMT134N	NT=data-dependent acquisition;AC=PRIDE:0000627	Orbitrap Fusion Lumos	NT=Trypsin;AC=MS:1001251	NT=TMTpro;MT=fixed;TA=N-term;AC=UNIMOD:2016	ProjectCyclicHypoxia_ArcticChar_F16.raw	1	v1.1.0	NT=ms-proteomics;VV=v1.1.0
sample_16	salvelinus alpinus	normal	liver	juvenile	4	female	15 day	cyclic hypoxia	not available	run_F17	proteomic profiling by mass spectrometry	17	TMT134N	NT=data-dependent acquisition;AC=PRIDE:0000627	Orbitrap Fusion Lumos	NT=Trypsin;AC=MS:1001251	NT=TMTpro;MT=fixed;TA=N-term;AC=UNIMOD:2016	ProjectCyclicHypoxia_ArcticChar_F17.raw	1	v1.1.0	NT=ms-proteomics;VV=v1.1.0
sample_16	salvelinus alpinus	normal	liver	juvenile	4	female	15 day	cyclic hypoxia	not available	run_F18	proteomic profiling by mass spectrometry	18	TMT134N	NT=data-dependent acquisition;AC=PRIDE:0000627	Orbitrap Fusion Lumos	NT=Trypsin;AC=MS:1001251	NT=TMTpro;MT=fixed;TA=N-term;AC=UNIMOD:2016	ProjectCyclicHypoxia_ArcticChar_F18.raw	1	v1.1.0	NT=ms-proteomics;VV=v1.1.0
sample_16	salvelinus alpinus	normal	liver	juvenile	4	female	15 day	cyclic hypoxia	not available	run_F19	proteomic profiling by mass spectrometry	19	TMT134N	NT=data-dependent acquisition;AC=PRIDE:0000627	Orbitrap Fusion Lumos	NT=Trypsin;AC=MS:1001251	NT=TMTpro;MT=fixed;TA=N-term;AC=UNIMOD:2016	ProjectCyclicHypoxia_ArcticChar_F19.raw	1	v1.1.0	NT=ms-proteomics;VV=v1.1.0
sample_16	salvelinus alpinus	normal	liver	juvenile	4	female	15 day	cyclic hypoxia	not available	run_F20	proteomic profiling by mass spectrometry	20	TMT134N	NT=data-dependent acquisition;AC=PRIDE:0000627	Orbitrap Fusion Lumos	NT=Trypsin;AC=MS:1001251	NT=TMTpro;MT=fixed;TA=N-term;AC=UNIMOD:2016	ProjectCyclicHypoxia_ArcticChar_F20.raw	1	v1.1.0	NT=ms-proteomics;VV=v1.1.0
