source name	characteristics[organism]	characteristics[organism part]	characteristics[cell line]	characteristics[cellosaurus accession]	characteristics[cellosaurus name]	characteristics[cell line authentication]	characteristics[cell type]	characteristics[disease]	characteristics[material type]	characteristics[sex]	characteristics[age]	characteristics[ancestry category]	characteristics[individual]	characteristics[passage number]	characteristics[culture medium]	characteristics[sample storage temperature]	characteristics[enrichment process]	characteristics[treatment]	characteristics[sampling time]	characteristics[tissue mass]	characteristics[pooled sample]	characteristics[biological replicate]	assay name	technology type	comment[instrument]	comment[label]	comment[cleavage agent details]	comment[modification parameters]	comment[modification parameters]	comment[modification parameters]	comment[modification parameters]	comment[proteomics data acquisition method]	comment[dissociation method]	comment[collision energy]	comment[ms2 mass analyzer]	comment[precursor mass tolerance]	comment[fragment mass tolerance]	comment[ms1 scan range]	comment[ms min rt]	comment[ms max rt]	comment[elution conditions]	comment[reduction reagent]	comment[alkylation reagent]	comment[fractionation method]	comment[fraction identifier]	comment[technical replicate]	comment[sample preparation batch]	comment[sample preparation for assay]	comment[acquisition date]	comment[data file]	comment[associated data file]	comment[associated file uri]	comment[sdrf version]	comment[sdrf template]	comment[sdrf template]	comment[sdrf template]	comment[sdrf annotation tool]	factor value[treatment]	factor value[tissue mass]	factor value[instrument]	factor value[elution conditions]	factor value[sample preparation for assay]
U87_EPworkflow-updated_200ug_rep1	Homo sapiens	brain	U-87 MG	CVCL_0022	U-87MG ATCC	not available	not available	glioblastoma	cell line	male	not available	European ancestry	not available	not available	not available	not available	enrichment of phosphorylated protein	not available	not applicable	200 ug	not available	1	20170629_QEHF_SeHu_SA_EasyPhos_MethodCompare_New_200_1	proteomic profiling by mass spectrometry	NT=Q Exactive HF;AC=MS:1002523	NT=label free sample;AC=MS:1002038	NT=Trypsin/P;AC=MS:1001313	NT=Carbamidomethyl;AC=UNIMOD:4;TA=C;MT=Fixed	NT=Oxidation;AC=UNIMOD:35;TA=M;MT=Variable	NT=Acetyl;AC=UNIMOD:1;PP=Protein N-term;MT=Variable	NT=Phospho;AC=UNIMOD:21;TA=S,T,Y;MT=Variable	NT=Data-dependent acquisition;AC=PRIDE:0000627	NT=beam-type collision-induced dissociation;AC=MS:1000422	25 NCE	NT=orbitrap;AC=MS:1000484	not available	20 ppm	300m/z-1600m/z	0	110	not available	not available	not available	not applicable	1	1	not available	updated EasyPhos workflow	2017-07-03T19:42:00	20170629_QEHF_SeHu_SA_EasyPhos_MethodCompare_New_200_1.raw	EPmethodcompare_QEHF_Fig2_RAW.rar	https://ftp.pride.ebi.ac.uk/pride/data/archive/2018/09/PXD009227/EPmethodcompare_QEHF_Fig2_RAW.rar	v1.1.0	NT=ms-proteomics;VV=v1.1.0	NT=human;VV=v1.1.0	NT=cell-lines;VV=v1.1.0	NT=sdrf-skills;VV=v0.2.0	not available	200 ug	NT=Q Exactive HF;AC=MS:1002523	not available	updated EasyPhos workflow
U87_EPworkflow-updated_200ug_rep2	Homo sapiens	brain	U-87 MG	CVCL_0022	U-87MG ATCC	not available	not available	glioblastoma	cell line	male	not available	European ancestry	not available	not available	not available	not available	enrichment of phosphorylated protein	not available	not applicable	200 ug	not available	2	20170629_QEHF_SeHu_SA_EasyPhos_MethodCompare_New_200_2	proteomic profiling by mass spectrometry	NT=Q Exactive HF;AC=MS:1002523	NT=label free sample;AC=MS:1002038	NT=Trypsin/P;AC=MS:1001313	NT=Carbamidomethyl;AC=UNIMOD:4;TA=C;MT=Fixed	NT=Oxidation;AC=UNIMOD:35;TA=M;MT=Variable	NT=Acetyl;AC=UNIMOD:1;PP=Protein N-term;MT=Variable	NT=Phospho;AC=UNIMOD:21;TA=S,T,Y;MT=Variable	NT=Data-dependent acquisition;AC=PRIDE:0000627	NT=beam-type collision-induced dissociation;AC=MS:1000422	25 NCE	NT=orbitrap;AC=MS:1000484	not available	20 ppm	300m/z-1600m/z	0	110	not available	not available	not available	not applicable	1	1	not available	updated EasyPhos workflow	2017-07-04T07:38:01	20170629_QEHF_SeHu_SA_EasyPhos_MethodCompare_New_200_2.raw	EPmethodcompare_QEHF_Fig2_RAW.rar	https://ftp.pride.ebi.ac.uk/pride/data/archive/2018/09/PXD009227/EPmethodcompare_QEHF_Fig2_RAW.rar	v1.1.0	NT=ms-proteomics;VV=v1.1.0	NT=human;VV=v1.1.0	NT=cell-lines;VV=v1.1.0	NT=sdrf-skills;VV=v0.2.0	not available	200 ug	NT=Q Exactive HF;AC=MS:1002523	not available	updated EasyPhos workflow
U87_EPworkflow-updated_200ug_rep3	Homo sapiens	brain	U-87 MG	CVCL_0022	U-87MG ATCC	not available	not available	glioblastoma	cell line	male	not available	European ancestry	not available	not available	not available	not available	enrichment of phosphorylated protein	not available	not applicable	200 ug	not available	3	20170629_QEHF_SeHu_SA_EasyPhos_MethodCompare_New_200_3	proteomic profiling by mass spectrometry	NT=Q Exactive HF;AC=MS:1002523	NT=label free sample;AC=MS:1002038	NT=Trypsin/P;AC=MS:1001313	NT=Carbamidomethyl;AC=UNIMOD:4;TA=C;MT=Fixed	NT=Oxidation;AC=UNIMOD:35;TA=M;MT=Variable	NT=Acetyl;AC=UNIMOD:1;PP=Protein N-term;MT=Variable	NT=Phospho;AC=UNIMOD:21;TA=S,T,Y;MT=Variable	NT=Data-dependent acquisition;AC=PRIDE:0000627	NT=beam-type collision-induced dissociation;AC=MS:1000422	25 NCE	NT=orbitrap;AC=MS:1000484	not available	20 ppm	300m/z-1600m/z	0	110	not available	not available	not available	not applicable	1	1	not available	updated EasyPhos workflow	2017-07-04T12:14:20	20170629_QEHF_SeHu_SA_EasyPhos_MethodCompare_New_200_3.raw	EPmethodcompare_QEHF_Fig2_RAW.rar	https://ftp.pride.ebi.ac.uk/pride/data/archive/2018/09/PXD009227/EPmethodcompare_QEHF_Fig2_RAW.rar	v1.1.0	NT=ms-proteomics;VV=v1.1.0	NT=human;VV=v1.1.0	NT=cell-lines;VV=v1.1.0	NT=sdrf-skills;VV=v0.2.0	not available	200 ug	NT=Q Exactive HF;AC=MS:1002523	not available	updated EasyPhos workflow
U87_EPworkflow-updated_200ug_rep4	Homo sapiens	brain	U-87 MG	CVCL_0022	U-87MG ATCC	not available	not available	glioblastoma	cell line	male	not available	European ancestry	not available	not available	not available	not available	enrichment of phosphorylated protein	not available	not applicable	200 ug	not available	4	20170629_QEHF_SeHu_SA_EasyPhos_MethodCompare_New_200_4	proteomic profiling by mass spectrometry	NT=Q Exactive HF;AC=MS:1002523	NT=label free sample;AC=MS:1002038	NT=Trypsin/P;AC=MS:1001313	NT=Carbamidomethyl;AC=UNIMOD:4;TA=C;MT=Fixed	NT=Oxidation;AC=UNIMOD:35;TA=M;MT=Variable	NT=Acetyl;AC=UNIMOD:1;PP=Protein N-term;MT=Variable	NT=Phospho;AC=UNIMOD:21;TA=S,T,Y;MT=Variable	NT=Data-dependent acquisition;AC=PRIDE:0000627	NT=beam-type collision-induced dissociation;AC=MS:1000422	25 NCE	NT=orbitrap;AC=MS:1000484	not available	20 ppm	300m/z-1600m/z	0	110	not available	not available	not available	not applicable	1	1	not available	updated EasyPhos workflow	2017-07-04T21:44:05	20170629_QEHF_SeHu_SA_EasyPhos_MethodCompare_New_200_4.raw	EPmethodcompare_QEHF_Fig2_RAW.rar	https://ftp.pride.ebi.ac.uk/pride/data/archive/2018/09/PXD009227/EPmethodcompare_QEHF_Fig2_RAW.rar	v1.1.0	NT=ms-proteomics;VV=v1.1.0	NT=human;VV=v1.1.0	NT=cell-lines;VV=v1.1.0	NT=sdrf-skills;VV=v0.2.0	not available	200 ug	NT=Q Exactive HF;AC=MS:1002523	not available	updated EasyPhos workflow
U87_EPworkflow-original_200ug_rep1	Homo sapiens	brain	U-87 MG	CVCL_0022	U-87MG ATCC	not available	not available	glioblastoma	cell line	male	not available	European ancestry	not available	not available	not available	not available	enrichment of phosphorylated protein	not available	not applicable	200 ug	not available	1	20170629_QEHF_SeHu_SA_EasyPhos_MethodCompare_Original_200_1	proteomic profiling by mass spectrometry	NT=Q Exactive HF;AC=MS:1002523	NT=label free sample;AC=MS:1002038	NT=Trypsin/P;AC=MS:1001313	NT=Carbamidomethyl;AC=UNIMOD:4;TA=C;MT=Fixed	NT=Oxidation;AC=UNIMOD:35;TA=M;MT=Variable	NT=Acetyl;AC=UNIMOD:1;PP=Protein N-term;MT=Variable	NT=Phospho;AC=UNIMOD:21;TA=S,T,Y;MT=Variable	NT=Data-dependent acquisition;AC=PRIDE:0000627	NT=beam-type collision-induced dissociation;AC=MS:1000422	25 NCE	NT=orbitrap;AC=MS:1000484	not available	20 ppm	300m/z-1600m/z	0	110	not available	not available	not available	not applicable	1	1	not available	original EasyPhos workflow	2017-07-03T22:08:29	20170629_QEHF_SeHu_SA_EasyPhos_MethodCompare_Original_200_1.raw	EPmethodcompare_QEHF_Fig2_RAW.rar	https://ftp.pride.ebi.ac.uk/pride/data/archive/2018/09/PXD009227/EPmethodcompare_QEHF_Fig2_RAW.rar	v1.1.0	NT=ms-proteomics;VV=v1.1.0	NT=human;VV=v1.1.0	NT=cell-lines;VV=v1.1.0	NT=sdrf-skills;VV=v0.2.0	not available	200 ug	NT=Q Exactive HF;AC=MS:1002523	not available	original EasyPhos workflow
U87_EPworkflow-original_200ug_rep2	Homo sapiens	brain	U-87 MG	CVCL_0022	U-87MG ATCC	not available	not available	glioblastoma	cell line	male	not available	European ancestry	not available	not available	not available	not available	enrichment of phosphorylated protein	not available	not applicable	200 ug	not available	2	20170629_QEHF_SeHu_SA_EasyPhos_MethodCompare_Original_200_2	proteomic profiling by mass spectrometry	NT=Q Exactive HF;AC=MS:1002523	NT=label free sample;AC=MS:1002038	NT=Trypsin/P;AC=MS:1001313	NT=Carbamidomethyl;AC=UNIMOD:4;TA=C;MT=Fixed	NT=Oxidation;AC=UNIMOD:35;TA=M;MT=Variable	NT=Acetyl;AC=UNIMOD:1;PP=Protein N-term;MT=Variable	NT=Phospho;AC=UNIMOD:21;TA=S,T,Y;MT=Variable	NT=Data-dependent acquisition;AC=PRIDE:0000627	NT=beam-type collision-induced dissociation;AC=MS:1000422	25 NCE	NT=orbitrap;AC=MS:1000484	not available	20 ppm	300m/z-1600m/z	0	110	not available	not available	not available	not applicable	1	1	not available	original EasyPhos workflow	2017-07-04T02:44:11	20170629_QEHF_SeHu_SA_EasyPhos_MethodCompare_Original_200_2.raw	EPmethodcompare_QEHF_Fig2_RAW.rar	https://ftp.pride.ebi.ac.uk/pride/data/archive/2018/09/PXD009227/EPmethodcompare_QEHF_Fig2_RAW.rar	v1.1.0	NT=ms-proteomics;VV=v1.1.0	NT=human;VV=v1.1.0	NT=cell-lines;VV=v1.1.0	NT=sdrf-skills;VV=v0.2.0	not available	200 ug	NT=Q Exactive HF;AC=MS:1002523	not available	original EasyPhos workflow
U87_EPworkflow-original_200ug_rep3	Homo sapiens	brain	U-87 MG	CVCL_0022	U-87MG ATCC	not available	not available	glioblastoma	cell line	male	not available	European ancestry	not available	not available	not available	not available	enrichment of phosphorylated protein	not available	not applicable	200 ug	not available	3	20170629_QEHF_SeHu_SA_EasyPhos_MethodCompare_Original_200_3	proteomic profiling by mass spectrometry	NT=Q Exactive HF;AC=MS:1002523	NT=label free sample;AC=MS:1002038	NT=Trypsin/P;AC=MS:1001313	NT=Carbamidomethyl;AC=UNIMOD:4;TA=C;MT=Fixed	NT=Oxidation;AC=UNIMOD:35;TA=M;MT=Variable	NT=Acetyl;AC=UNIMOD:1;PP=Protein N-term;MT=Variable	NT=Phospho;AC=UNIMOD:21;TA=S,T,Y;MT=Variable	NT=Data-dependent acquisition;AC=PRIDE:0000627	NT=beam-type collision-induced dissociation;AC=MS:1000422	25 NCE	NT=orbitrap;AC=MS:1000484	not available	20 ppm	300m/z-1600m/z	0	110	not available	not available	not available	not applicable	1	1	not available	original EasyPhos workflow	2017-07-04T19:17:10	20170629_QEHF_SeHu_SA_EasyPhos_MethodCompare_Original_200_3.raw	EPmethodcompare_QEHF_Fig2_RAW.rar	https://ftp.pride.ebi.ac.uk/pride/data/archive/2018/09/PXD009227/EPmethodcompare_QEHF_Fig2_RAW.rar	v1.1.0	NT=ms-proteomics;VV=v1.1.0	NT=human;VV=v1.1.0	NT=cell-lines;VV=v1.1.0	NT=sdrf-skills;VV=v0.2.0	not available	200 ug	NT=Q Exactive HF;AC=MS:1002523	not available	original EasyPhos workflow
U87_EPworkflow-original_200ug_rep4	Homo sapiens	brain	U-87 MG	CVCL_0022	U-87MG ATCC	not available	not available	glioblastoma	cell line	male	not available	European ancestry	not available	not available	not available	not available	enrichment of phosphorylated protein	not available	not applicable	200 ug	not available	4	20170629_QEHF_SeHu_SA_EasyPhos_MethodCompare_Original_200_4	proteomic profiling by mass spectrometry	NT=Q Exactive HF;AC=MS:1002523	NT=label free sample;AC=MS:1002038	NT=Trypsin/P;AC=MS:1001313	NT=Carbamidomethyl;AC=UNIMOD:4;TA=C;MT=Fixed	NT=Oxidation;AC=UNIMOD:35;TA=M;MT=Variable	NT=Acetyl;AC=UNIMOD:1;PP=Protein N-term;MT=Variable	NT=Phospho;AC=UNIMOD:21;TA=S,T,Y;MT=Variable	NT=Data-dependent acquisition;AC=PRIDE:0000627	NT=beam-type collision-induced dissociation;AC=MS:1000422	25 NCE	NT=orbitrap;AC=MS:1000484	not available	20 ppm	300m/z-1600m/z	0	110	not available	not available	not available	not applicable	1	1	not available	original EasyPhos workflow	2017-07-05T04:47:23	20170629_QEHF_SeHu_SA_EasyPhos_MethodCompare_Original_200_4.raw	EPmethodcompare_QEHF_Fig2_RAW.rar	https://ftp.pride.ebi.ac.uk/pride/data/archive/2018/09/PXD009227/EPmethodcompare_QEHF_Fig2_RAW.rar	v1.1.0	NT=ms-proteomics;VV=v1.1.0	NT=human;VV=v1.1.0	NT=cell-lines;VV=v1.1.0	NT=sdrf-skills;VV=v0.2.0	not available	200 ug	NT=Q Exactive HF;AC=MS:1002523	not available	original EasyPhos workflow
U87_titration-90min_25ug_rep1	Homo sapiens	brain	U-87 MG	CVCL_0022	U-87MG ATCC	not available	not available	glioblastoma	cell line	male	not available	European ancestry	not available	not available	not available	not available	enrichment of phosphorylated protein	untreated	not applicable	25 ug	pooled	1	20170629_QEHF_SeHu_SA_EasyPhos_ISOdirect_25_1	proteomic profiling by mass spectrometry	NT=Q Exactive HF;AC=MS:1002523	NT=label free sample;AC=MS:1002038	NT=Trypsin/P;AC=MS:1001313	NT=Carbamidomethyl;AC=UNIMOD:4;TA=C;MT=Fixed	NT=Oxidation;AC=UNIMOD:35;TA=M;MT=Variable	NT=Acetyl;AC=UNIMOD:1;PP=Protein N-term;MT=Variable	NT=Phospho;AC=UNIMOD:21;TA=S,T,Y;MT=Variable	NT=Data-dependent acquisition;AC=PRIDE:0000627	NT=beam-type collision-induced dissociation;AC=MS:1000422	25 NCE	NT=orbitrap;AC=MS:1000484	not available	20 ppm	300m/z-1600m/z	0	110	90 minute LC gradient	not available	not available	not applicable	1	1	not available	updated EasyPhos workflow	2017-06-30T00:26:51	20170629_QEHF_SeHu_SA_EasyPhos_ISOdirect_25_1.raw	Dosetitration_QEHF_90min_SuppFig2a_RAW.rar	https://ftp.pride.ebi.ac.uk/pride/data/archive/2018/09/PXD009227/Dosetitration_QEHF_90min_SuppFig2a_RAW.rar	v1.1.0	NT=ms-proteomics;VV=v1.1.0	NT=human;VV=v1.1.0	NT=cell-lines;VV=v1.1.0	NT=sdrf-skills;VV=v0.2.0	untreated	25 ug	NT=Q Exactive HF;AC=MS:1002523	90 minute LC gradient	updated EasyPhos workflow
U87_titration-90min_25ug_rep2	Homo sapiens	brain	U-87 MG	CVCL_0022	U-87MG ATCC	not available	not available	glioblastoma	cell line	male	not available	European ancestry	not available	not available	not available	not available	enrichment of phosphorylated protein	untreated	not applicable	25 ug	pooled	1	20170629_QEHF_SeHu_SA_EasyPhos_ISOdirect_25_2	proteomic profiling by mass spectrometry	NT=Q Exactive HF;AC=MS:1002523	NT=label free sample;AC=MS:1002038	NT=Trypsin/P;AC=MS:1001313	NT=Carbamidomethyl;AC=UNIMOD:4;TA=C;MT=Fixed	NT=Oxidation;AC=UNIMOD:35;TA=M;MT=Variable	NT=Acetyl;AC=UNIMOD:1;PP=Protein N-term;MT=Variable	NT=Phospho;AC=UNIMOD:21;TA=S,T,Y;MT=Variable	NT=Data-dependent acquisition;AC=PRIDE:0000627	NT=beam-type collision-induced dissociation;AC=MS:1000422	25 NCE	NT=orbitrap;AC=MS:1000484	not available	20 ppm	300m/z-1600m/z	0	110	90 minute LC gradient	not available	not available	not applicable	1	1	not available	updated EasyPhos workflow	2017-06-30T20:02:01	20170629_QEHF_SeHu_SA_EasyPhos_ISOdirect_25_2.raw	Dosetitration_QEHF_90min_SuppFig2a_RAW.rar	https://ftp.pride.ebi.ac.uk/pride/data/archive/2018/09/PXD009227/Dosetitration_QEHF_90min_SuppFig2a_RAW.rar	v1.1.0	NT=ms-proteomics;VV=v1.1.0	NT=human;VV=v1.1.0	NT=cell-lines;VV=v1.1.0	NT=sdrf-skills;VV=v0.2.0	untreated	25 ug	NT=Q Exactive HF;AC=MS:1002523	90 minute LC gradient	updated EasyPhos workflow
U87_titration-90min_25ug_rep3	Homo sapiens	brain	U-87 MG	CVCL_0022	U-87MG ATCC	not available	not available	glioblastoma	cell line	male	not available	European ancestry	not available	not available	not available	not available	enrichment of phosphorylated protein	untreated	not applicable	25 ug	pooled	1	20170629_QEHF_SeHu_SA_EasyPhos_ISOdirect_25_3	proteomic profiling by mass spectrometry	NT=Q Exactive HF;AC=MS:1002523	NT=label free sample;AC=MS:1002038	NT=Trypsin/P;AC=MS:1001313	NT=Carbamidomethyl;AC=UNIMOD:4;TA=C;MT=Fixed	NT=Oxidation;AC=UNIMOD:35;TA=M;MT=Variable	NT=Acetyl;AC=UNIMOD:1;PP=Protein N-term;MT=Variable	NT=Phospho;AC=UNIMOD:21;TA=S,T,Y;MT=Variable	NT=Data-dependent acquisition;AC=PRIDE:0000627	NT=beam-type collision-induced dissociation;AC=MS:1000422	25 NCE	NT=orbitrap;AC=MS:1000484	not available	20 ppm	300m/z-1600m/z	0	110	90 minute LC gradient	not available	not available	not applicable	1	1	not available	updated EasyPhos workflow	2017-07-01T13:38:50	20170629_QEHF_SeHu_SA_EasyPhos_ISOdirect_25_3.raw	Dosetitration_QEHF_90min_SuppFig2a_RAW.rar	https://ftp.pride.ebi.ac.uk/pride/data/archive/2018/09/PXD009227/Dosetitration_QEHF_90min_SuppFig2a_RAW.rar	v1.1.0	NT=ms-proteomics;VV=v1.1.0	NT=human;VV=v1.1.0	NT=cell-lines;VV=v1.1.0	NT=sdrf-skills;VV=v0.2.0	untreated	25 ug	NT=Q Exactive HF;AC=MS:1002523	90 minute LC gradient	updated EasyPhos workflow
U87_titration-90min_25ug_rep4	Homo sapiens	brain	U-87 MG	CVCL_0022	U-87MG ATCC	not available	not available	glioblastoma	cell line	male	not available	European ancestry	not available	not available	not available	not available	enrichment of phosphorylated protein	untreated	not applicable	25 ug	pooled	1	20170629_QEHF_SeHu_SA_EasyPhos_ISOdirect_25_4	proteomic profiling by mass spectrometry	NT=Q Exactive HF;AC=MS:1002523	NT=label free sample;AC=MS:1002038	NT=Trypsin/P;AC=MS:1001313	NT=Carbamidomethyl;AC=UNIMOD:4;TA=C;MT=Fixed	NT=Oxidation;AC=UNIMOD:35;TA=M;MT=Variable	NT=Acetyl;AC=UNIMOD:1;PP=Protein N-term;MT=Variable	NT=Phospho;AC=UNIMOD:21;TA=S,T,Y;MT=Variable	NT=Data-dependent acquisition;AC=PRIDE:0000627	NT=beam-type collision-induced dissociation;AC=MS:1000422	25 NCE	NT=orbitrap;AC=MS:1000484	not available	20 ppm	300m/z-1600m/z	0	110	90 minute LC gradient	not available	not available	not applicable	1	1	not available	updated EasyPhos workflow	2017-07-02T06:17:30	20170629_QEHF_SeHu_SA_EasyPhos_ISOdirect_25_4.raw	Dosetitration_QEHF_90min_SuppFig2a_RAW.rar	https://ftp.pride.ebi.ac.uk/pride/data/archive/2018/09/PXD009227/Dosetitration_QEHF_90min_SuppFig2a_RAW.rar	v1.1.0	NT=ms-proteomics;VV=v1.1.0	NT=human;VV=v1.1.0	NT=cell-lines;VV=v1.1.0	NT=sdrf-skills;VV=v0.2.0	untreated	25 ug	NT=Q Exactive HF;AC=MS:1002523	90 minute LC gradient	updated EasyPhos workflow
U87_titration-90min_50ug_rep1	Homo sapiens	brain	U-87 MG	CVCL_0022	U-87MG ATCC	not available	not available	glioblastoma	cell line	male	not available	European ancestry	not available	not available	not available	not available	enrichment of phosphorylated protein	untreated	not applicable	50 ug	pooled	1	20170629_QEHF_SeHu_SA_EasyPhos_ISOdirect_50_1	proteomic profiling by mass spectrometry	NT=Q Exactive HF;AC=MS:1002523	NT=label free sample;AC=MS:1002038	NT=Trypsin/P;AC=MS:1001313	NT=Carbamidomethyl;AC=UNIMOD:4;TA=C;MT=Fixed	NT=Oxidation;AC=UNIMOD:35;TA=M;MT=Variable	NT=Acetyl;AC=UNIMOD:1;PP=Protein N-term;MT=Variable	NT=Phospho;AC=UNIMOD:21;TA=S,T,Y;MT=Variable	NT=Data-dependent acquisition;AC=PRIDE:0000627	NT=beam-type collision-induced dissociation;AC=MS:1000422	25 NCE	NT=orbitrap;AC=MS:1000484	not available	20 ppm	300m/z-1600m/z	0	110	90 minute LC gradient	not available	not available	not applicable	1	1	not available	updated EasyPhos workflow	2017-06-30T02:48:05	20170629_QEHF_SeHu_SA_EasyPhos_ISOdirect_50_1.raw	Dosetitration_QEHF_90min_SuppFig2a_RAW.rar	https://ftp.pride.ebi.ac.uk/pride/data/archive/2018/09/PXD009227/Dosetitration_QEHF_90min_SuppFig2a_RAW.rar	v1.1.0	NT=ms-proteomics;VV=v1.1.0	NT=human;VV=v1.1.0	NT=cell-lines;VV=v1.1.0	NT=sdrf-skills;VV=v0.2.0	untreated	50 ug	NT=Q Exactive HF;AC=MS:1002523	90 minute LC gradient	updated EasyPhos workflow
U87_titration-90min_50ug_rep2	Homo sapiens	brain	U-87 MG	CVCL_0022	U-87MG ATCC	not available	not available	glioblastoma	cell line	male	not available	European ancestry	not available	not available	not available	not available	enrichment of phosphorylated protein	untreated	not applicable	50 ug	pooled	1	20170629_QEHF_SeHu_SA_EasyPhos_ISOdirect_50_2	proteomic profiling by mass spectrometry	NT=Q Exactive HF;AC=MS:1002523	NT=label free sample;AC=MS:1002038	NT=Trypsin/P;AC=MS:1001313	NT=Carbamidomethyl;AC=UNIMOD:4;TA=C;MT=Fixed	NT=Oxidation;AC=UNIMOD:35;TA=M;MT=Variable	NT=Acetyl;AC=UNIMOD:1;PP=Protein N-term;MT=Variable	NT=Phospho;AC=UNIMOD:21;TA=S,T,Y;MT=Variable	NT=Data-dependent acquisition;AC=PRIDE:0000627	NT=beam-type collision-induced dissociation;AC=MS:1000422	25 NCE	NT=orbitrap;AC=MS:1000484	not available	20 ppm	300m/z-1600m/z	0	110	90 minute LC gradient	not available	not available	not applicable	1	1	not available	updated EasyPhos workflow	2017-06-30T22:26:14	20170629_QEHF_SeHu_SA_EasyPhos_ISOdirect_50_2.raw	Dosetitration_QEHF_90min_SuppFig2a_RAW.rar	https://ftp.pride.ebi.ac.uk/pride/data/archive/2018/09/PXD009227/Dosetitration_QEHF_90min_SuppFig2a_RAW.rar	v1.1.0	NT=ms-proteomics;VV=v1.1.0	NT=human;VV=v1.1.0	NT=cell-lines;VV=v1.1.0	NT=sdrf-skills;VV=v0.2.0	untreated	50 ug	NT=Q Exactive HF;AC=MS:1002523	90 minute LC gradient	updated EasyPhos workflow
U87_titration-90min_50ug_rep3	Homo sapiens	brain	U-87 MG	CVCL_0022	U-87MG ATCC	not available	not available	glioblastoma	cell line	male	not available	European ancestry	not available	not available	not available	not available	enrichment of phosphorylated protein	untreated	not applicable	50 ug	pooled	1	20170629_QEHF_SeHu_SA_EasyPhos_ISOdirect_50_3	proteomic profiling by mass spectrometry	NT=Q Exactive HF;AC=MS:1002523	NT=label free sample;AC=MS:1002038	NT=Trypsin/P;AC=MS:1001313	NT=Carbamidomethyl;AC=UNIMOD:4;TA=C;MT=Fixed	NT=Oxidation;AC=UNIMOD:35;TA=M;MT=Variable	NT=Acetyl;AC=UNIMOD:1;PP=Protein N-term;MT=Variable	NT=Phospho;AC=UNIMOD:21;TA=S,T,Y;MT=Variable	NT=Data-dependent acquisition;AC=PRIDE:0000627	NT=beam-type collision-induced dissociation;AC=MS:1000422	25 NCE	NT=orbitrap;AC=MS:1000484	not available	20 ppm	300m/z-1600m/z	0	110	90 minute LC gradient	not available	not available	not applicable	1	1	not available	updated EasyPhos workflow	2017-07-01T16:03:42	20170629_QEHF_SeHu_SA_EasyPhos_ISOdirect_50_3.raw	Dosetitration_QEHF_90min_SuppFig2a_RAW.rar	https://ftp.pride.ebi.ac.uk/pride/data/archive/2018/09/PXD009227/Dosetitration_QEHF_90min_SuppFig2a_RAW.rar	v1.1.0	NT=ms-proteomics;VV=v1.1.0	NT=human;VV=v1.1.0	NT=cell-lines;VV=v1.1.0	NT=sdrf-skills;VV=v0.2.0	untreated	50 ug	NT=Q Exactive HF;AC=MS:1002523	90 minute LC gradient	updated EasyPhos workflow
U87_titration-90min_50ug_rep4	Homo sapiens	brain	U-87 MG	CVCL_0022	U-87MG ATCC	not available	not available	glioblastoma	cell line	male	not available	European ancestry	not available	not available	not available	not available	enrichment of phosphorylated protein	untreated	not applicable	50 ug	pooled	1	20170629_QEHF_SeHu_SA_EasyPhos_ISOdirect_50_4	proteomic profiling by mass spectrometry	NT=Q Exactive HF;AC=MS:1002523	NT=label free sample;AC=MS:1002038	NT=Trypsin/P;AC=MS:1001313	NT=Carbamidomethyl;AC=UNIMOD:4;TA=C;MT=Fixed	NT=Oxidation;AC=UNIMOD:35;TA=M;MT=Variable	NT=Acetyl;AC=UNIMOD:1;PP=Protein N-term;MT=Variable	NT=Phospho;AC=UNIMOD:21;TA=S,T,Y;MT=Variable	NT=Data-dependent acquisition;AC=PRIDE:0000627	NT=beam-type collision-induced dissociation;AC=MS:1000422	25 NCE	NT=orbitrap;AC=MS:1000484	not available	20 ppm	300m/z-1600m/z	0	110	90 minute LC gradient	not available	not available	not applicable	1	1	not available	updated EasyPhos workflow	2017-07-02T08:43:12	20170629_QEHF_SeHu_SA_EasyPhos_ISOdirect_50_4.raw	Dosetitration_QEHF_90min_SuppFig2a_RAW.rar	https://ftp.pride.ebi.ac.uk/pride/data/archive/2018/09/PXD009227/Dosetitration_QEHF_90min_SuppFig2a_RAW.rar	v1.1.0	NT=ms-proteomics;VV=v1.1.0	NT=human;VV=v1.1.0	NT=cell-lines;VV=v1.1.0	NT=sdrf-skills;VV=v0.2.0	untreated	50 ug	NT=Q Exactive HF;AC=MS:1002523	90 minute LC gradient	updated EasyPhos workflow
U87_titration-90min_100ug_rep1	Homo sapiens	brain	U-87 MG	CVCL_0022	U-87MG ATCC	not available	not available	glioblastoma	cell line	male	not available	European ancestry	not available	not available	not available	not available	enrichment of phosphorylated protein	untreated	not applicable	100 ug	pooled	1	20170629_QEHF_SeHu_SA_EasyPhos_ISOdirect_100_1	proteomic profiling by mass spectrometry	NT=Q Exactive HF;AC=MS:1002523	NT=label free sample;AC=MS:1002038	NT=Trypsin/P;AC=MS:1001313	NT=Carbamidomethyl;AC=UNIMOD:4;TA=C;MT=Fixed	NT=Oxidation;AC=UNIMOD:35;TA=M;MT=Variable	NT=Acetyl;AC=UNIMOD:1;PP=Protein N-term;MT=Variable	NT=Phospho;AC=UNIMOD:21;TA=S,T,Y;MT=Variable	NT=Data-dependent acquisition;AC=PRIDE:0000627	NT=beam-type collision-induced dissociation;AC=MS:1000422	25 NCE	NT=orbitrap;AC=MS:1000484	not available	20 ppm	300m/z-1600m/z	0	110	90 minute LC gradient	not available	not available	not applicable	1	1	not available	updated EasyPhos workflow	2017-06-30T05:09:21	20170629_QEHF_SeHu_SA_EasyPhos_ISOdirect_100_1.raw	Dosetitration_QEHF_90min_SuppFig2a_RAW.rar	https://ftp.pride.ebi.ac.uk/pride/data/archive/2018/09/PXD009227/Dosetitration_QEHF_90min_SuppFig2a_RAW.rar	v1.1.0	NT=ms-proteomics;VV=v1.1.0	NT=human;VV=v1.1.0	NT=cell-lines;VV=v1.1.0	NT=sdrf-skills;VV=v0.2.0	untreated	100 ug	NT=Q Exactive HF;AC=MS:1002523	90 minute LC gradient	updated EasyPhos workflow
U87_titration-90min_100ug_rep2	Homo sapiens	brain	U-87 MG	CVCL_0022	U-87MG ATCC	not available	not available	glioblastoma	cell line	male	not available	European ancestry	not available	not available	not available	not available	enrichment of phosphorylated protein	untreated	not applicable	100 ug	pooled	1	20170629_QEHF_SeHu_SA_EasyPhos_ISOdirect_100_2	proteomic profiling by mass spectrometry	NT=Q Exactive HF;AC=MS:1002523	NT=label free sample;AC=MS:1002038	NT=Trypsin/P;AC=MS:1001313	NT=Carbamidomethyl;AC=UNIMOD:4;TA=C;MT=Fixed	NT=Oxidation;AC=UNIMOD:35;TA=M;MT=Variable	NT=Acetyl;AC=UNIMOD:1;PP=Protein N-term;MT=Variable	NT=Phospho;AC=UNIMOD:21;TA=S,T,Y;MT=Variable	NT=Data-dependent acquisition;AC=PRIDE:0000627	NT=beam-type collision-induced dissociation;AC=MS:1000422	25 NCE	NT=orbitrap;AC=MS:1000484	not available	20 ppm	300m/z-1600m/z	0	110	90 minute LC gradient	not available	not available	not applicable	1	1	not available	updated EasyPhos workflow	2017-07-01T00:50:38	20170629_QEHF_SeHu_SA_EasyPhos_ISOdirect_100_2.raw	Dosetitration_QEHF_90min_SuppFig2a_RAW.rar	https://ftp.pride.ebi.ac.uk/pride/data/archive/2018/09/PXD009227/Dosetitration_QEHF_90min_SuppFig2a_RAW.rar	v1.1.0	NT=ms-proteomics;VV=v1.1.0	NT=human;VV=v1.1.0	NT=cell-lines;VV=v1.1.0	NT=sdrf-skills;VV=v0.2.0	untreated	100 ug	NT=Q Exactive HF;AC=MS:1002523	90 minute LC gradient	updated EasyPhos workflow
U87_titration-90min_100ug_rep3	Homo sapiens	brain	U-87 MG	CVCL_0022	U-87MG ATCC	not available	not available	glioblastoma	cell line	male	not available	European ancestry	not available	not available	not available	not available	enrichment of phosphorylated protein	untreated	not applicable	100 ug	pooled	1	20170629_QEHF_SeHu_SA_EasyPhos_ISOdirect_100_3	proteomic profiling by mass spectrometry	NT=Q Exactive HF;AC=MS:1002523	NT=label free sample;AC=MS:1002038	NT=Trypsin/P;AC=MS:1001313	NT=Carbamidomethyl;AC=UNIMOD:4;TA=C;MT=Fixed	NT=Oxidation;AC=UNIMOD:35;TA=M;MT=Variable	NT=Acetyl;AC=UNIMOD:1;PP=Protein N-term;MT=Variable	NT=Phospho;AC=UNIMOD:21;TA=S,T,Y;MT=Variable	NT=Data-dependent acquisition;AC=PRIDE:0000627	NT=beam-type collision-induced dissociation;AC=MS:1000422	25 NCE	NT=orbitrap;AC=MS:1000484	not available	20 ppm	300m/z-1600m/z	0	110	90 minute LC gradient	not available	not available	not applicable	1	1	not available	updated EasyPhos workflow	2017-07-01T18:28:39	20170629_QEHF_SeHu_SA_EasyPhos_ISOdirect_100_3.raw	Dosetitration_QEHF_90min_SuppFig2a_RAW.rar	https://ftp.pride.ebi.ac.uk/pride/data/archive/2018/09/PXD009227/Dosetitration_QEHF_90min_SuppFig2a_RAW.rar	v1.1.0	NT=ms-proteomics;VV=v1.1.0	NT=human;VV=v1.1.0	NT=cell-lines;VV=v1.1.0	NT=sdrf-skills;VV=v0.2.0	untreated	100 ug	NT=Q Exactive HF;AC=MS:1002523	90 minute LC gradient	updated EasyPhos workflow
U87_titration-90min_100ug_rep4	Homo sapiens	brain	U-87 MG	CVCL_0022	U-87MG ATCC	not available	not available	glioblastoma	cell line	male	not available	European ancestry	not available	not available	not available	not available	enrichment of phosphorylated protein	untreated	not applicable	100 ug	pooled	1	20170629_QEHF_SeHu_SA_EasyPhos_ISOdirect_100_4	proteomic profiling by mass spectrometry	NT=Q Exactive HF;AC=MS:1002523	NT=label free sample;AC=MS:1002038	NT=Trypsin/P;AC=MS:1001313	NT=Carbamidomethyl;AC=UNIMOD:4;TA=C;MT=Fixed	NT=Oxidation;AC=UNIMOD:35;TA=M;MT=Variable	NT=Acetyl;AC=UNIMOD:1;PP=Protein N-term;MT=Variable	NT=Phospho;AC=UNIMOD:21;TA=S,T,Y;MT=Variable	NT=Data-dependent acquisition;AC=PRIDE:0000627	NT=beam-type collision-induced dissociation;AC=MS:1000422	25 NCE	NT=orbitrap;AC=MS:1000484	not available	20 ppm	300m/z-1600m/z	0	110	90 minute LC gradient	not available	not available	not applicable	1	1	not available	updated EasyPhos workflow	2017-07-02T11:09:06	20170629_QEHF_SeHu_SA_EasyPhos_ISOdirect_100_4.raw	Dosetitration_QEHF_90min_SuppFig2a_RAW.rar	https://ftp.pride.ebi.ac.uk/pride/data/archive/2018/09/PXD009227/Dosetitration_QEHF_90min_SuppFig2a_RAW.rar	v1.1.0	NT=ms-proteomics;VV=v1.1.0	NT=human;VV=v1.1.0	NT=cell-lines;VV=v1.1.0	NT=sdrf-skills;VV=v0.2.0	untreated	100 ug	NT=Q Exactive HF;AC=MS:1002523	90 minute LC gradient	updated EasyPhos workflow
U87_titration-90min_200ug_rep1	Homo sapiens	brain	U-87 MG	CVCL_0022	U-87MG ATCC	not available	not available	glioblastoma	cell line	male	not available	European ancestry	not available	not available	not available	not available	enrichment of phosphorylated protein	untreated	not applicable	200 ug	pooled	1	20170629_QEHF_SeHu_SA_EasyPhos_ISOdirect_200_1	proteomic profiling by mass spectrometry	NT=Q Exactive HF;AC=MS:1002523	NT=label free sample;AC=MS:1002038	NT=Trypsin/P;AC=MS:1001313	NT=Carbamidomethyl;AC=UNIMOD:4;TA=C;MT=Fixed	NT=Oxidation;AC=UNIMOD:35;TA=M;MT=Variable	NT=Acetyl;AC=UNIMOD:1;PP=Protein N-term;MT=Variable	NT=Phospho;AC=UNIMOD:21;TA=S,T,Y;MT=Variable	NT=Data-dependent acquisition;AC=PRIDE:0000627	NT=beam-type collision-induced dissociation;AC=MS:1000422	25 NCE	NT=orbitrap;AC=MS:1000484	not available	20 ppm	300m/z-1600m/z	0	110	90 minute LC gradient	not available	not available	not applicable	1	1	not available	updated EasyPhos workflow	2017-06-30T07:30:50	20170629_QEHF_SeHu_SA_EasyPhos_ISOdirect_200_1.raw	Dosetitration_QEHF_90min_SuppFig2a_RAW.rar	https://ftp.pride.ebi.ac.uk/pride/data/archive/2018/09/PXD009227/Dosetitration_QEHF_90min_SuppFig2a_RAW.rar	v1.1.0	NT=ms-proteomics;VV=v1.1.0	NT=human;VV=v1.1.0	NT=cell-lines;VV=v1.1.0	NT=sdrf-skills;VV=v0.2.0	untreated	200 ug	NT=Q Exactive HF;AC=MS:1002523	90 minute LC gradient	updated EasyPhos workflow
U87_titration-90min_200ug_rep2	Homo sapiens	brain	U-87 MG	CVCL_0022	U-87MG ATCC	not available	not available	glioblastoma	cell line	male	not available	European ancestry	not available	not available	not available	not available	enrichment of phosphorylated protein	untreated	not applicable	200 ug	pooled	1	20170629_QEHF_SeHu_SA_EasyPhos_ISOdirect_200_2	proteomic profiling by mass spectrometry	NT=Q Exactive HF;AC=MS:1002523	NT=label free sample;AC=MS:1002038	NT=Trypsin/P;AC=MS:1001313	NT=Carbamidomethyl;AC=UNIMOD:4;TA=C;MT=Fixed	NT=Oxidation;AC=UNIMOD:35;TA=M;MT=Variable	NT=Acetyl;AC=UNIMOD:1;PP=Protein N-term;MT=Variable	NT=Phospho;AC=UNIMOD:21;TA=S,T,Y;MT=Variable	NT=Data-dependent acquisition;AC=PRIDE:0000627	NT=beam-type collision-induced dissociation;AC=MS:1000422	25 NCE	NT=orbitrap;AC=MS:1000484	not available	20 ppm	300m/z-1600m/z	0	110	90 minute LC gradient	not available	not available	not applicable	1	1	not available	updated EasyPhos workflow	2017-07-01T03:15:03	20170629_QEHF_SeHu_SA_EasyPhos_ISOdirect_200_2.raw	Dosetitration_QEHF_90min_SuppFig2a_RAW.rar	https://ftp.pride.ebi.ac.uk/pride/data/archive/2018/09/PXD009227/Dosetitration_QEHF_90min_SuppFig2a_RAW.rar	v1.1.0	NT=ms-proteomics;VV=v1.1.0	NT=human;VV=v1.1.0	NT=cell-lines;VV=v1.1.0	NT=sdrf-skills;VV=v0.2.0	untreated	200 ug	NT=Q Exactive HF;AC=MS:1002523	90 minute LC gradient	updated EasyPhos workflow
U87_titration-90min_200ug_rep3	Homo sapiens	brain	U-87 MG	CVCL_0022	U-87MG ATCC	not available	not available	glioblastoma	cell line	male	not available	European ancestry	not available	not available	not available	not available	enrichment of phosphorylated protein	untreated	not applicable	200 ug	pooled	1	20170629_QEHF_SeHu_SA_EasyPhos_ISOdirect_200_3	proteomic profiling by mass spectrometry	NT=Q Exactive HF;AC=MS:1002523	NT=label free sample;AC=MS:1002038	NT=Trypsin/P;AC=MS:1001313	NT=Carbamidomethyl;AC=UNIMOD:4;TA=C;MT=Fixed	NT=Oxidation;AC=UNIMOD:35;TA=M;MT=Variable	NT=Acetyl;AC=UNIMOD:1;PP=Protein N-term;MT=Variable	NT=Phospho;AC=UNIMOD:21;TA=S,T,Y;MT=Variable	NT=Data-dependent acquisition;AC=PRIDE:0000627	NT=beam-type collision-induced dissociation;AC=MS:1000422	25 NCE	NT=orbitrap;AC=MS:1000484	not available	20 ppm	300m/z-1600m/z	0	110	90 minute LC gradient	not available	not available	not applicable	1	1	not available	updated EasyPhos workflow	2017-07-01T20:53:37	20170629_QEHF_SeHu_SA_EasyPhos_ISOdirect_200_3.raw	Dosetitration_QEHF_90min_SuppFig2a_RAW.rar	https://ftp.pride.ebi.ac.uk/pride/data/archive/2018/09/PXD009227/Dosetitration_QEHF_90min_SuppFig2a_RAW.rar	v1.1.0	NT=ms-proteomics;VV=v1.1.0	NT=human;VV=v1.1.0	NT=cell-lines;VV=v1.1.0	NT=sdrf-skills;VV=v0.2.0	untreated	200 ug	NT=Q Exactive HF;AC=MS:1002523	90 minute LC gradient	updated EasyPhos workflow
U87_titration-90min_200ug_rep4	Homo sapiens	brain	U-87 MG	CVCL_0022	U-87MG ATCC	not available	not available	glioblastoma	cell line	male	not available	European ancestry	not available	not available	not available	not available	enrichment of phosphorylated protein	untreated	not applicable	200 ug	pooled	1	20170629_QEHF_SeHu_SA_EasyPhos_ISOdirect_200_4	proteomic profiling by mass spectrometry	NT=Q Exactive HF;AC=MS:1002523	NT=label free sample;AC=MS:1002038	NT=Trypsin/P;AC=MS:1001313	NT=Carbamidomethyl;AC=UNIMOD:4;TA=C;MT=Fixed	NT=Oxidation;AC=UNIMOD:35;TA=M;MT=Variable	NT=Acetyl;AC=UNIMOD:1;PP=Protein N-term;MT=Variable	NT=Phospho;AC=UNIMOD:21;TA=S,T,Y;MT=Variable	NT=Data-dependent acquisition;AC=PRIDE:0000627	NT=beam-type collision-induced dissociation;AC=MS:1000422	25 NCE	NT=orbitrap;AC=MS:1000484	not available	20 ppm	300m/z-1600m/z	0	110	90 minute LC gradient	not available	not available	not applicable	1	1	not available	updated EasyPhos workflow	2017-07-02T13:34:52	20170629_QEHF_SeHu_SA_EasyPhos_ISOdirect_200_4.raw	Dosetitration_QEHF_90min_SuppFig2a_RAW.rar	https://ftp.pride.ebi.ac.uk/pride/data/archive/2018/09/PXD009227/Dosetitration_QEHF_90min_SuppFig2a_RAW.rar	v1.1.0	NT=ms-proteomics;VV=v1.1.0	NT=human;VV=v1.1.0	NT=cell-lines;VV=v1.1.0	NT=sdrf-skills;VV=v0.2.0	untreated	200 ug	NT=Q Exactive HF;AC=MS:1002523	90 minute LC gradient	updated EasyPhos workflow
U87_titration-90min_500ug_rep1	Homo sapiens	brain	U-87 MG	CVCL_0022	U-87MG ATCC	not available	not available	glioblastoma	cell line	male	not available	European ancestry	not available	not available	not available	not available	enrichment of phosphorylated protein	untreated	not applicable	500 ug	pooled	1	20170629_QEHF_SeHu_SA_EasyPhos_ISOdirect_500_1	proteomic profiling by mass spectrometry	NT=Q Exactive HF;AC=MS:1002523	NT=label free sample;AC=MS:1002038	NT=Trypsin/P;AC=MS:1001313	NT=Carbamidomethyl;AC=UNIMOD:4;TA=C;MT=Fixed	NT=Oxidation;AC=UNIMOD:35;TA=M;MT=Variable	NT=Acetyl;AC=UNIMOD:1;PP=Protein N-term;MT=Variable	NT=Phospho;AC=UNIMOD:21;TA=S,T,Y;MT=Variable	NT=Data-dependent acquisition;AC=PRIDE:0000627	NT=beam-type collision-induced dissociation;AC=MS:1000422	25 NCE	NT=orbitrap;AC=MS:1000484	not available	20 ppm	300m/z-1600m/z	0	110	90 minute LC gradient	not available	not available	not applicable	1	1	not available	updated EasyPhos workflow	2017-06-30T09:52:16	20170629_QEHF_SeHu_SA_EasyPhos_ISOdirect_500_1.raw	Dosetitration_QEHF_90min_SuppFig2a_RAW.rar	https://ftp.pride.ebi.ac.uk/pride/data/archive/2018/09/PXD009227/Dosetitration_QEHF_90min_SuppFig2a_RAW.rar	v1.1.0	NT=ms-proteomics;VV=v1.1.0	NT=human;VV=v1.1.0	NT=cell-lines;VV=v1.1.0	NT=sdrf-skills;VV=v0.2.0	untreated	500 ug	NT=Q Exactive HF;AC=MS:1002523	90 minute LC gradient	updated EasyPhos workflow
U87_titration-90min_500ug_rep2	Homo sapiens	brain	U-87 MG	CVCL_0022	U-87MG ATCC	not available	not available	glioblastoma	cell line	male	not available	European ancestry	not available	not available	not available	not available	enrichment of phosphorylated protein	untreated	not applicable	500 ug	pooled	1	20170629_QEHF_SeHu_SA_EasyPhos_ISOdirect_500_2	proteomic profiling by mass spectrometry	NT=Q Exactive HF;AC=MS:1002523	NT=label free sample;AC=MS:1002038	NT=Trypsin/P;AC=MS:1001313	NT=Carbamidomethyl;AC=UNIMOD:4;TA=C;MT=Fixed	NT=Oxidation;AC=UNIMOD:35;TA=M;MT=Variable	NT=Acetyl;AC=UNIMOD:1;PP=Protein N-term;MT=Variable	NT=Phospho;AC=UNIMOD:21;TA=S,T,Y;MT=Variable	NT=Data-dependent acquisition;AC=PRIDE:0000627	NT=beam-type collision-induced dissociation;AC=MS:1000422	25 NCE	NT=orbitrap;AC=MS:1000484	not available	20 ppm	300m/z-1600m/z	0	110	90 minute LC gradient	not available	not available	not applicable	1	1	not available	updated EasyPhos workflow	2017-07-01T05:39:33	20170629_QEHF_SeHu_SA_EasyPhos_ISOdirect_500_2.raw	Dosetitration_QEHF_90min_SuppFig2a_RAW.rar	https://ftp.pride.ebi.ac.uk/pride/data/archive/2018/09/PXD009227/Dosetitration_QEHF_90min_SuppFig2a_RAW.rar	v1.1.0	NT=ms-proteomics;VV=v1.1.0	NT=human;VV=v1.1.0	NT=cell-lines;VV=v1.1.0	NT=sdrf-skills;VV=v0.2.0	untreated	500 ug	NT=Q Exactive HF;AC=MS:1002523	90 minute LC gradient	updated EasyPhos workflow
U87_titration-90min_500ug_rep3	Homo sapiens	brain	U-87 MG	CVCL_0022	U-87MG ATCC	not available	not available	glioblastoma	cell line	male	not available	European ancestry	not available	not available	not available	not available	enrichment of phosphorylated protein	untreated	not applicable	500 ug	pooled	1	20170629_QEHF_SeHu_SA_EasyPhos_ISOdirect_500_3	proteomic profiling by mass spectrometry	NT=Q Exactive HF;AC=MS:1002523	NT=label free sample;AC=MS:1002038	NT=Trypsin/P;AC=MS:1001313	NT=Carbamidomethyl;AC=UNIMOD:4;TA=C;MT=Fixed	NT=Oxidation;AC=UNIMOD:35;TA=M;MT=Variable	NT=Acetyl;AC=UNIMOD:1;PP=Protein N-term;MT=Variable	NT=Phospho;AC=UNIMOD:21;TA=S,T,Y;MT=Variable	NT=Data-dependent acquisition;AC=PRIDE:0000627	NT=beam-type collision-induced dissociation;AC=MS:1000422	25 NCE	NT=orbitrap;AC=MS:1000484	not available	20 ppm	300m/z-1600m/z	0	110	90 minute LC gradient	not available	not available	not applicable	1	1	not available	updated EasyPhos workflow	2017-07-01T23:19:01	20170629_QEHF_SeHu_SA_EasyPhos_ISOdirect_500_3.raw	Dosetitration_QEHF_90min_SuppFig2a_RAW.rar	https://ftp.pride.ebi.ac.uk/pride/data/archive/2018/09/PXD009227/Dosetitration_QEHF_90min_SuppFig2a_RAW.rar	v1.1.0	NT=ms-proteomics;VV=v1.1.0	NT=human;VV=v1.1.0	NT=cell-lines;VV=v1.1.0	NT=sdrf-skills;VV=v0.2.0	untreated	500 ug	NT=Q Exactive HF;AC=MS:1002523	90 minute LC gradient	updated EasyPhos workflow
U87_titration-90min_500ug_rep4	Homo sapiens	brain	U-87 MG	CVCL_0022	U-87MG ATCC	not available	not available	glioblastoma	cell line	male	not available	European ancestry	not available	not available	not available	not available	enrichment of phosphorylated protein	untreated	not applicable	500 ug	pooled	1	20170629_QEHF_SeHu_SA_EasyPhos_ISOdirect_500_4	proteomic profiling by mass spectrometry	NT=Q Exactive HF;AC=MS:1002523	NT=label free sample;AC=MS:1002038	NT=Trypsin/P;AC=MS:1001313	NT=Carbamidomethyl;AC=UNIMOD:4;TA=C;MT=Fixed	NT=Oxidation;AC=UNIMOD:35;TA=M;MT=Variable	NT=Acetyl;AC=UNIMOD:1;PP=Protein N-term;MT=Variable	NT=Phospho;AC=UNIMOD:21;TA=S,T,Y;MT=Variable	NT=Data-dependent acquisition;AC=PRIDE:0000627	NT=beam-type collision-induced dissociation;AC=MS:1000422	25 NCE	NT=orbitrap;AC=MS:1000484	not available	20 ppm	300m/z-1600m/z	0	110	90 minute LC gradient	not available	not available	not applicable	1	1	not available	updated EasyPhos workflow	2017-07-02T16:00:34	20170629_QEHF_SeHu_SA_EasyPhos_ISOdirect_500_4.raw	Dosetitration_QEHF_90min_SuppFig2a_RAW.rar	https://ftp.pride.ebi.ac.uk/pride/data/archive/2018/09/PXD009227/Dosetitration_QEHF_90min_SuppFig2a_RAW.rar	v1.1.0	NT=ms-proteomics;VV=v1.1.0	NT=human;VV=v1.1.0	NT=cell-lines;VV=v1.1.0	NT=sdrf-skills;VV=v0.2.0	untreated	500 ug	NT=Q Exactive HF;AC=MS:1002523	90 minute LC gradient	updated EasyPhos workflow
U87_titration-90min_750ug_rep1	Homo sapiens	brain	U-87 MG	CVCL_0022	U-87MG ATCC	not available	not available	glioblastoma	cell line	male	not available	European ancestry	not available	not available	not available	not available	enrichment of phosphorylated protein	untreated	not applicable	750 ug	pooled	1	20170629_QEHF_SeHu_SA_EasyPhos_ISOdirect_750_1	proteomic profiling by mass spectrometry	NT=Q Exactive HF;AC=MS:1002523	NT=label free sample;AC=MS:1002038	NT=Trypsin/P;AC=MS:1001313	NT=Carbamidomethyl;AC=UNIMOD:4;TA=C;MT=Fixed	NT=Oxidation;AC=UNIMOD:35;TA=M;MT=Variable	NT=Acetyl;AC=UNIMOD:1;PP=Protein N-term;MT=Variable	NT=Phospho;AC=UNIMOD:21;TA=S,T,Y;MT=Variable	NT=Data-dependent acquisition;AC=PRIDE:0000627	NT=beam-type collision-induced dissociation;AC=MS:1000422	25 NCE	NT=orbitrap;AC=MS:1000484	not available	20 ppm	300m/z-1600m/z	0	110	90 minute LC gradient	not available	not available	not applicable	1	1	not available	updated EasyPhos workflow	2017-06-30T12:13:52	20170629_QEHF_SeHu_SA_EasyPhos_ISOdirect_750_1.raw	Dosetitration_QEHF_90min_SuppFig2a_RAW.rar	https://ftp.pride.ebi.ac.uk/pride/data/archive/2018/09/PXD009227/Dosetitration_QEHF_90min_SuppFig2a_RAW.rar	v1.1.0	NT=ms-proteomics;VV=v1.1.0	NT=human;VV=v1.1.0	NT=cell-lines;VV=v1.1.0	NT=sdrf-skills;VV=v0.2.0	untreated	750 ug	NT=Q Exactive HF;AC=MS:1002523	90 minute LC gradient	updated EasyPhos workflow
U87_titration-90min_750ug_rep2	Homo sapiens	brain	U-87 MG	CVCL_0022	U-87MG ATCC	not available	not available	glioblastoma	cell line	male	not available	European ancestry	not available	not available	not available	not available	enrichment of phosphorylated protein	untreated	not applicable	750 ug	pooled	1	20170629_QEHF_SeHu_SA_EasyPhos_ISOdirect_750_2	proteomic profiling by mass spectrometry	NT=Q Exactive HF;AC=MS:1002523	NT=label free sample;AC=MS:1002038	NT=Trypsin/P;AC=MS:1001313	NT=Carbamidomethyl;AC=UNIMOD:4;TA=C;MT=Fixed	NT=Oxidation;AC=UNIMOD:35;TA=M;MT=Variable	NT=Acetyl;AC=UNIMOD:1;PP=Protein N-term;MT=Variable	NT=Phospho;AC=UNIMOD:21;TA=S,T,Y;MT=Variable	NT=Data-dependent acquisition;AC=PRIDE:0000627	NT=beam-type collision-induced dissociation;AC=MS:1000422	25 NCE	NT=orbitrap;AC=MS:1000484	not available	20 ppm	300m/z-1600m/z	0	110	90 minute LC gradient	not available	not available	not applicable	1	1	not available	updated EasyPhos workflow	2017-07-01T08:04:22	20170629_QEHF_SeHu_SA_EasyPhos_ISOdirect_750_2.raw	Dosetitration_QEHF_90min_SuppFig2a_RAW.rar	https://ftp.pride.ebi.ac.uk/pride/data/archive/2018/09/PXD009227/Dosetitration_QEHF_90min_SuppFig2a_RAW.rar	v1.1.0	NT=ms-proteomics;VV=v1.1.0	NT=human;VV=v1.1.0	NT=cell-lines;VV=v1.1.0	NT=sdrf-skills;VV=v0.2.0	untreated	750 ug	NT=Q Exactive HF;AC=MS:1002523	90 minute LC gradient	updated EasyPhos workflow
U87_titration-90min_750ug_rep3	Homo sapiens	brain	U-87 MG	CVCL_0022	U-87MG ATCC	not available	not available	glioblastoma	cell line	male	not available	European ancestry	not available	not available	not available	not available	enrichment of phosphorylated protein	untreated	not applicable	750 ug	pooled	1	20170629_QEHF_SeHu_SA_EasyPhos_ISOdirect_750_3	proteomic profiling by mass spectrometry	NT=Q Exactive HF;AC=MS:1002523	NT=label free sample;AC=MS:1002038	NT=Trypsin/P;AC=MS:1001313	NT=Carbamidomethyl;AC=UNIMOD:4;TA=C;MT=Fixed	NT=Oxidation;AC=UNIMOD:35;TA=M;MT=Variable	NT=Acetyl;AC=UNIMOD:1;PP=Protein N-term;MT=Variable	NT=Phospho;AC=UNIMOD:21;TA=S,T,Y;MT=Variable	NT=Data-dependent acquisition;AC=PRIDE:0000627	NT=beam-type collision-induced dissociation;AC=MS:1000422	25 NCE	NT=orbitrap;AC=MS:1000484	not available	20 ppm	300m/z-1600m/z	0	110	90 minute LC gradient	not available	not available	not applicable	1	1	not available	updated EasyPhos workflow	2017-07-02T01:44:35	20170629_QEHF_SeHu_SA_EasyPhos_ISOdirect_750_3.raw	Dosetitration_QEHF_90min_SuppFig2a_RAW.rar	https://ftp.pride.ebi.ac.uk/pride/data/archive/2018/09/PXD009227/Dosetitration_QEHF_90min_SuppFig2a_RAW.rar	v1.1.0	NT=ms-proteomics;VV=v1.1.0	NT=human;VV=v1.1.0	NT=cell-lines;VV=v1.1.0	NT=sdrf-skills;VV=v0.2.0	untreated	750 ug	NT=Q Exactive HF;AC=MS:1002523	90 minute LC gradient	updated EasyPhos workflow
U87_titration-90min_750ug_rep4	Homo sapiens	brain	U-87 MG	CVCL_0022	U-87MG ATCC	not available	not available	glioblastoma	cell line	male	not available	European ancestry	not available	not available	not available	not available	enrichment of phosphorylated protein	untreated	not applicable	750 ug	pooled	1	20170629_QEHF_SeHu_SA_EasyPhos_ISOdirect_750_4	proteomic profiling by mass spectrometry	NT=Q Exactive HF;AC=MS:1002523	NT=label free sample;AC=MS:1002038	NT=Trypsin/P;AC=MS:1001313	NT=Carbamidomethyl;AC=UNIMOD:4;TA=C;MT=Fixed	NT=Oxidation;AC=UNIMOD:35;TA=M;MT=Variable	NT=Acetyl;AC=UNIMOD:1;PP=Protein N-term;MT=Variable	NT=Phospho;AC=UNIMOD:21;TA=S,T,Y;MT=Variable	NT=Data-dependent acquisition;AC=PRIDE:0000627	NT=beam-type collision-induced dissociation;AC=MS:1000422	25 NCE	NT=orbitrap;AC=MS:1000484	not available	20 ppm	300m/z-1600m/z	0	110	90 minute LC gradient	not available	not available	not applicable	1	1	not available	updated EasyPhos workflow	2017-07-02T18:26:26	20170629_QEHF_SeHu_SA_EasyPhos_ISOdirect_750_4.raw	Dosetitration_QEHF_90min_SuppFig2a_RAW.rar	https://ftp.pride.ebi.ac.uk/pride/data/archive/2018/09/PXD009227/Dosetitration_QEHF_90min_SuppFig2a_RAW.rar	v1.1.0	NT=ms-proteomics;VV=v1.1.0	NT=human;VV=v1.1.0	NT=cell-lines;VV=v1.1.0	NT=sdrf-skills;VV=v0.2.0	untreated	750 ug	NT=Q Exactive HF;AC=MS:1002523	90 minute LC gradient	updated EasyPhos workflow
U87_titration-60min_12.5ug_rep1	Homo sapiens	brain	U-87 MG	CVCL_0022	U-87MG ATCC	not available	not available	glioblastoma	cell line	male	not available	European ancestry	not available	not available	not available	not available	enrichment of phosphorylated protein	untreated	not applicable	12.5 ug	pooled	1	20171018_QEHFX1_SeHu_EP-20171017_Opt_12-5_1	proteomic profiling by mass spectrometry	NT=Q Exactive HF-X;AC=MS:1002877	NT=label free sample;AC=MS:1002038	NT=Trypsin/P;AC=MS:1001313	NT=Carbamidomethyl;AC=UNIMOD:4;TA=C;MT=Fixed	NT=Oxidation;AC=UNIMOD:35;TA=M;MT=Variable	NT=Acetyl;AC=UNIMOD:1;PP=Protein N-term;MT=Variable	NT=Phospho;AC=UNIMOD:21;TA=S,T,Y;MT=Variable	NT=Data-dependent acquisition;AC=PRIDE:0000627	NT=beam-type collision-induced dissociation;AC=MS:1000422	27 NCE	NT=orbitrap;AC=MS:1000484	not available	20 ppm	300m/z-1600m/z	0	70	60 minute LC gradient	not available	not available	not applicable	1	1	EP-20171017	updated EasyPhos workflow	2017-10-18T20:09:24	20171018_QEHFX1_SeHu_EP-20171017_Opt_12-5_1.raw	DoseTitration_QEHFX_60min_Fig3a_RAW.rar	https://ftp.pride.ebi.ac.uk/pride/data/archive/2018/09/PXD009227/DoseTitration_QEHFX_60min_Fig3a_RAW.rar	v1.1.0	NT=ms-proteomics;VV=v1.1.0	NT=human;VV=v1.1.0	NT=cell-lines;VV=v1.1.0	NT=sdrf-skills;VV=v0.2.0	untreated	12.5 ug	NT=Q Exactive HF-X;AC=MS:1002877	60 minute LC gradient	updated EasyPhos workflow
U87_titration-60min_12.5ug_rep1	Homo sapiens	brain	U-87 MG	CVCL_0022	U-87MG ATCC	not available	not available	glioblastoma	cell line	male	not available	European ancestry	not available	not available	not available	not available	enrichment of phosphorylated protein	untreated	not applicable	12.5 ug	pooled	1	20171027_QEHF_SeHu_EP-20171017_Opt_12-5_1	proteomic profiling by mass spectrometry	NT=Q Exactive HF;AC=MS:1002523	NT=label free sample;AC=MS:1002038	NT=Trypsin/P;AC=MS:1001313	NT=Carbamidomethyl;AC=UNIMOD:4;TA=C;MT=Fixed	NT=Oxidation;AC=UNIMOD:35;TA=M;MT=Variable	NT=Acetyl;AC=UNIMOD:1;PP=Protein N-term;MT=Variable	NT=Phospho;AC=UNIMOD:21;TA=S,T,Y;MT=Variable	NT=Data-dependent acquisition;AC=PRIDE:0000627	NT=beam-type collision-induced dissociation;AC=MS:1000422	27 NCE	NT=orbitrap;AC=MS:1000484	not available	20 ppm	300m/z-1600m/z	0	70	60 minute LC gradient	not available	not available	not applicable	1	2	EP-20171017	updated EasyPhos workflow	2017-10-26T17:21:22	20171027_QEHF_SeHu_EP-20171017_Opt_12-5_1.raw	DoseTitration_QEHF_60min_Fig3a_RAW.rar	https://ftp.pride.ebi.ac.uk/pride/data/archive/2018/09/PXD009227/DoseTitration_QEHF_60min_Fig3a_RAW.rar	v1.1.0	NT=ms-proteomics;VV=v1.1.0	NT=human;VV=v1.1.0	NT=cell-lines;VV=v1.1.0	NT=sdrf-skills;VV=v0.2.0	untreated	12.5 ug	NT=Q Exactive HF;AC=MS:1002523	60 minute LC gradient	updated EasyPhos workflow
U87_titration-60min_12.5ug_rep2	Homo sapiens	brain	U-87 MG	CVCL_0022	U-87MG ATCC	not available	not available	glioblastoma	cell line	male	not available	European ancestry	not available	not available	not available	not available	enrichment of phosphorylated protein	untreated	not applicable	12.5 ug	pooled	1	20171018_QEHFX1_SeHu_EP-20171017_Opt_12-5_2	proteomic profiling by mass spectrometry	NT=Q Exactive HF-X;AC=MS:1002877	NT=label free sample;AC=MS:1002038	NT=Trypsin/P;AC=MS:1001313	NT=Carbamidomethyl;AC=UNIMOD:4;TA=C;MT=Fixed	NT=Oxidation;AC=UNIMOD:35;TA=M;MT=Variable	NT=Acetyl;AC=UNIMOD:1;PP=Protein N-term;MT=Variable	NT=Phospho;AC=UNIMOD:21;TA=S,T,Y;MT=Variable	NT=Data-dependent acquisition;AC=PRIDE:0000627	NT=beam-type collision-induced dissociation;AC=MS:1000422	27 NCE	NT=orbitrap;AC=MS:1000484	not available	20 ppm	300m/z-1600m/z	0	70	60 minute LC gradient	not available	not available	not applicable	1	1	EP-20171017	updated EasyPhos workflow	2017-10-19T09:51:14	20171018_QEHFX1_SeHu_EP-20171017_Opt_12-5_2.raw	DoseTitration_QEHFX_60min_Fig3a_RAW.rar	https://ftp.pride.ebi.ac.uk/pride/data/archive/2018/09/PXD009227/DoseTitration_QEHFX_60min_Fig3a_RAW.rar	v1.1.0	NT=ms-proteomics;VV=v1.1.0	NT=human;VV=v1.1.0	NT=cell-lines;VV=v1.1.0	NT=sdrf-skills;VV=v0.2.0	untreated	12.5 ug	NT=Q Exactive HF-X;AC=MS:1002877	60 minute LC gradient	updated EasyPhos workflow
U87_titration-60min_12.5ug_rep2	Homo sapiens	brain	U-87 MG	CVCL_0022	U-87MG ATCC	not available	not available	glioblastoma	cell line	male	not available	European ancestry	not available	not available	not available	not available	enrichment of phosphorylated protein	untreated	not applicable	12.5 ug	pooled	1	20171027_QEHF_SeHu_EP-20171017_Opt_12-5_2	proteomic profiling by mass spectrometry	NT=Q Exactive HF;AC=MS:1002523	NT=label free sample;AC=MS:1002038	NT=Trypsin/P;AC=MS:1001313	NT=Carbamidomethyl;AC=UNIMOD:4;TA=C;MT=Fixed	NT=Oxidation;AC=UNIMOD:35;TA=M;MT=Variable	NT=Acetyl;AC=UNIMOD:1;PP=Protein N-term;MT=Variable	NT=Phospho;AC=UNIMOD:21;TA=S,T,Y;MT=Variable	NT=Data-dependent acquisition;AC=PRIDE:0000627	NT=beam-type collision-induced dissociation;AC=MS:1000422	27 NCE	NT=orbitrap;AC=MS:1000484	not available	20 ppm	300m/z-1600m/z	0	70	60 minute LC gradient	not available	not available	not applicable	1	2	EP-20171017	updated EasyPhos workflow	2017-10-27T05:46:42	20171027_QEHF_SeHu_EP-20171017_Opt_12-5_2.raw	DoseTitration_QEHF_60min_Fig3a_RAW.rar	https://ftp.pride.ebi.ac.uk/pride/data/archive/2018/09/PXD009227/DoseTitration_QEHF_60min_Fig3a_RAW.rar	v1.1.0	NT=ms-proteomics;VV=v1.1.0	NT=human;VV=v1.1.0	NT=cell-lines;VV=v1.1.0	NT=sdrf-skills;VV=v0.2.0	untreated	12.5 ug	NT=Q Exactive HF;AC=MS:1002523	60 minute LC gradient	updated EasyPhos workflow
U87_titration-60min_12.5ug_rep3	Homo sapiens	brain	U-87 MG	CVCL_0022	U-87MG ATCC	not available	not available	glioblastoma	cell line	male	not available	European ancestry	not available	not available	not available	not available	enrichment of phosphorylated protein	untreated	not applicable	12.5 ug	pooled	1	20171018_QEHFX1_SeHu_EP-20171017_Opt_12-5_3	proteomic profiling by mass spectrometry	NT=Q Exactive HF-X;AC=MS:1002877	NT=label free sample;AC=MS:1002038	NT=Trypsin/P;AC=MS:1001313	NT=Carbamidomethyl;AC=UNIMOD:4;TA=C;MT=Fixed	NT=Oxidation;AC=UNIMOD:35;TA=M;MT=Variable	NT=Acetyl;AC=UNIMOD:1;PP=Protein N-term;MT=Variable	NT=Phospho;AC=UNIMOD:21;TA=S,T,Y;MT=Variable	NT=Data-dependent acquisition;AC=PRIDE:0000627	NT=beam-type collision-induced dissociation;AC=MS:1000422	27 NCE	NT=orbitrap;AC=MS:1000484	not available	20 ppm	300m/z-1600m/z	0	70	60 minute LC gradient	not available	not available	not applicable	1	1	EP-20171017	updated EasyPhos workflow	2017-10-19T23:39:45	20171018_QEHFX1_SeHu_EP-20171017_Opt_12-5_3.raw	DoseTitration_QEHFX_60min_Fig3a_RAW.rar	https://ftp.pride.ebi.ac.uk/pride/data/archive/2018/09/PXD009227/DoseTitration_QEHFX_60min_Fig3a_RAW.rar	v1.1.0	NT=ms-proteomics;VV=v1.1.0	NT=human;VV=v1.1.0	NT=cell-lines;VV=v1.1.0	NT=sdrf-skills;VV=v0.2.0	untreated	12.5 ug	NT=Q Exactive HF-X;AC=MS:1002877	60 minute LC gradient	updated EasyPhos workflow
U87_titration-60min_12.5ug_rep3	Homo sapiens	brain	U-87 MG	CVCL_0022	U-87MG ATCC	not available	not available	glioblastoma	cell line	male	not available	European ancestry	not available	not available	not available	not available	enrichment of phosphorylated protein	untreated	not applicable	12.5 ug	pooled	1	20171027_QEHF_SeHu_EP-20171017_Opt_12-5_3	proteomic profiling by mass spectrometry	NT=Q Exactive HF;AC=MS:1002523	NT=label free sample;AC=MS:1002038	NT=Trypsin/P;AC=MS:1001313	NT=Carbamidomethyl;AC=UNIMOD:4;TA=C;MT=Fixed	NT=Oxidation;AC=UNIMOD:35;TA=M;MT=Variable	NT=Acetyl;AC=UNIMOD:1;PP=Protein N-term;MT=Variable	NT=Phospho;AC=UNIMOD:21;TA=S,T,Y;MT=Variable	NT=Data-dependent acquisition;AC=PRIDE:0000627	NT=beam-type collision-induced dissociation;AC=MS:1000422	27 NCE	NT=orbitrap;AC=MS:1000484	not available	20 ppm	300m/z-1600m/z	0	70	60 minute LC gradient	not available	not available	not applicable	1	2	EP-20171017	updated EasyPhos workflow	2017-10-27T18:21:07	20171027_QEHF_SeHu_EP-20171017_Opt_12-5_3.raw	DoseTitration_QEHF_60min_Fig3a_RAW.rar	https://ftp.pride.ebi.ac.uk/pride/data/archive/2018/09/PXD009227/DoseTitration_QEHF_60min_Fig3a_RAW.rar	v1.1.0	NT=ms-proteomics;VV=v1.1.0	NT=human;VV=v1.1.0	NT=cell-lines;VV=v1.1.0	NT=sdrf-skills;VV=v0.2.0	untreated	12.5 ug	NT=Q Exactive HF;AC=MS:1002523	60 minute LC gradient	updated EasyPhos workflow
U87_titration-60min_12.5ug_rep4	Homo sapiens	brain	U-87 MG	CVCL_0022	U-87MG ATCC	not available	not available	glioblastoma	cell line	male	not available	European ancestry	not available	not available	not available	not available	enrichment of phosphorylated protein	untreated	not applicable	12.5 ug	pooled	1	20171018_QEHFX1_SeHu_EP-20171017_Opt_12-5_4	proteomic profiling by mass spectrometry	NT=Q Exactive HF-X;AC=MS:1002877	NT=label free sample;AC=MS:1002038	NT=Trypsin/P;AC=MS:1001313	NT=Carbamidomethyl;AC=UNIMOD:4;TA=C;MT=Fixed	NT=Oxidation;AC=UNIMOD:35;TA=M;MT=Variable	NT=Acetyl;AC=UNIMOD:1;PP=Protein N-term;MT=Variable	NT=Phospho;AC=UNIMOD:21;TA=S,T,Y;MT=Variable	NT=Data-dependent acquisition;AC=PRIDE:0000627	NT=beam-type collision-induced dissociation;AC=MS:1000422	27 NCE	NT=orbitrap;AC=MS:1000484	not available	20 ppm	300m/z-1600m/z	0	70	60 minute LC gradient	not available	not available	not applicable	1	1	EP-20171017	updated EasyPhos workflow	2017-10-20T13:32:07	20171018_QEHFX1_SeHu_EP-20171017_Opt_12-5_4.raw	DoseTitration_QEHFX_60min_Fig3a_RAW.rar	https://ftp.pride.ebi.ac.uk/pride/data/archive/2018/09/PXD009227/DoseTitration_QEHFX_60min_Fig3a_RAW.rar	v1.1.0	NT=ms-proteomics;VV=v1.1.0	NT=human;VV=v1.1.0	NT=cell-lines;VV=v1.1.0	NT=sdrf-skills;VV=v0.2.0	untreated	12.5 ug	NT=Q Exactive HF-X;AC=MS:1002877	60 minute LC gradient	updated EasyPhos workflow
U87_titration-60min_12.5ug_rep4	Homo sapiens	brain	U-87 MG	CVCL_0022	U-87MG ATCC	not available	not available	glioblastoma	cell line	male	not available	European ancestry	not available	not available	not available	not available	enrichment of phosphorylated protein	untreated	not applicable	12.5 ug	pooled	1	20171027_QEHF_SeHu_EP-20171017_Opt_12-5_4	proteomic profiling by mass spectrometry	NT=Q Exactive HF;AC=MS:1002523	NT=label free sample;AC=MS:1002038	NT=Trypsin/P;AC=MS:1001313	NT=Carbamidomethyl;AC=UNIMOD:4;TA=C;MT=Fixed	NT=Oxidation;AC=UNIMOD:35;TA=M;MT=Variable	NT=Acetyl;AC=UNIMOD:1;PP=Protein N-term;MT=Variable	NT=Phospho;AC=UNIMOD:21;TA=S,T,Y;MT=Variable	NT=Data-dependent acquisition;AC=PRIDE:0000627	NT=beam-type collision-induced dissociation;AC=MS:1000422	27 NCE	NT=orbitrap;AC=MS:1000484	not available	20 ppm	300m/z-1600m/z	0	70	60 minute LC gradient	not available	not available	not applicable	1	2	EP-20171017	updated EasyPhos workflow	2017-10-28T07:01:14	20171027_QEHF_SeHu_EP-20171017_Opt_12-5_4.raw	DoseTitration_QEHF_60min_Fig3a_RAW.rar	https://ftp.pride.ebi.ac.uk/pride/data/archive/2018/09/PXD009227/DoseTitration_QEHF_60min_Fig3a_RAW.rar	v1.1.0	NT=ms-proteomics;VV=v1.1.0	NT=human;VV=v1.1.0	NT=cell-lines;VV=v1.1.0	NT=sdrf-skills;VV=v0.2.0	untreated	12.5 ug	NT=Q Exactive HF;AC=MS:1002523	60 minute LC gradient	updated EasyPhos workflow
U87_titration-60min_25ug_rep1	Homo sapiens	brain	U-87 MG	CVCL_0022	U-87MG ATCC	not available	not available	glioblastoma	cell line	male	not available	European ancestry	not available	not available	not available	not available	enrichment of phosphorylated protein	untreated	not applicable	25 ug	pooled	1	20171018_QEHFX1_SeHu_EP-20171017_Opt_25_1	proteomic profiling by mass spectrometry	NT=Q Exactive HF-X;AC=MS:1002877	NT=label free sample;AC=MS:1002038	NT=Trypsin/P;AC=MS:1001313	NT=Carbamidomethyl;AC=UNIMOD:4;TA=C;MT=Fixed	NT=Oxidation;AC=UNIMOD:35;TA=M;MT=Variable	NT=Acetyl;AC=UNIMOD:1;PP=Protein N-term;MT=Variable	NT=Phospho;AC=UNIMOD:21;TA=S,T,Y;MT=Variable	NT=Data-dependent acquisition;AC=PRIDE:0000627	NT=beam-type collision-induced dissociation;AC=MS:1000422	27 NCE	NT=orbitrap;AC=MS:1000484	not available	20 ppm	300m/z-1600m/z	0	70	60 minute LC gradient	not available	not available	not applicable	1	1	EP-20171017	updated EasyPhos workflow	2017-10-18T21:54:01	20171018_QEHFX1_SeHu_EP-20171017_Opt_25_1.raw	DoseTitration_QEHFX_60min_Fig3a_RAW.rar	https://ftp.pride.ebi.ac.uk/pride/data/archive/2018/09/PXD009227/DoseTitration_QEHFX_60min_Fig3a_RAW.rar	v1.1.0	NT=ms-proteomics;VV=v1.1.0	NT=human;VV=v1.1.0	NT=cell-lines;VV=v1.1.0	NT=sdrf-skills;VV=v0.2.0	untreated	25 ug	NT=Q Exactive HF-X;AC=MS:1002877	60 minute LC gradient	updated EasyPhos workflow
U87_titration-60min_25ug_rep1	Homo sapiens	brain	U-87 MG	CVCL_0022	U-87MG ATCC	not available	not available	glioblastoma	cell line	male	not available	European ancestry	not available	not available	not available	not available	enrichment of phosphorylated protein	untreated	not applicable	25 ug	pooled	1	20171027_QEHF_SeHu_EP-20171017_Opt_25_1	proteomic profiling by mass spectrometry	NT=Q Exactive HF;AC=MS:1002523	NT=label free sample;AC=MS:1002038	NT=Trypsin/P;AC=MS:1001313	NT=Carbamidomethyl;AC=UNIMOD:4;TA=C;MT=Fixed	NT=Oxidation;AC=UNIMOD:35;TA=M;MT=Variable	NT=Acetyl;AC=UNIMOD:1;PP=Protein N-term;MT=Variable	NT=Phospho;AC=UNIMOD:21;TA=S,T,Y;MT=Variable	NT=Data-dependent acquisition;AC=PRIDE:0000627	NT=beam-type collision-induced dissociation;AC=MS:1000422	27 NCE	NT=orbitrap;AC=MS:1000484	not available	20 ppm	300m/z-1600m/z	0	70	60 minute LC gradient	not available	not available	not applicable	1	2	EP-20171017	updated EasyPhos workflow	2017-10-26T19:03:42	20171027_QEHF_SeHu_EP-20171017_Opt_25_1.raw	DoseTitration_QEHF_60min_Fig3a_RAW.rar	https://ftp.pride.ebi.ac.uk/pride/data/archive/2018/09/PXD009227/DoseTitration_QEHF_60min_Fig3a_RAW.rar	v1.1.0	NT=ms-proteomics;VV=v1.1.0	NT=human;VV=v1.1.0	NT=cell-lines;VV=v1.1.0	NT=sdrf-skills;VV=v0.2.0	untreated	25 ug	NT=Q Exactive HF;AC=MS:1002523	60 minute LC gradient	updated EasyPhos workflow
U87_titration-60min_25ug_rep2	Homo sapiens	brain	U-87 MG	CVCL_0022	U-87MG ATCC	not available	not available	glioblastoma	cell line	male	not available	European ancestry	not available	not available	not available	not available	enrichment of phosphorylated protein	untreated	not applicable	25 ug	pooled	1	20171018_QEHFX1_SeHu_EP-20171017_Opt_25_2	proteomic profiling by mass spectrometry	NT=Q Exactive HF-X;AC=MS:1002877	NT=label free sample;AC=MS:1002038	NT=Trypsin/P;AC=MS:1001313	NT=Carbamidomethyl;AC=UNIMOD:4;TA=C;MT=Fixed	NT=Oxidation;AC=UNIMOD:35;TA=M;MT=Variable	NT=Acetyl;AC=UNIMOD:1;PP=Protein N-term;MT=Variable	NT=Phospho;AC=UNIMOD:21;TA=S,T,Y;MT=Variable	NT=Data-dependent acquisition;AC=PRIDE:0000627	NT=beam-type collision-induced dissociation;AC=MS:1000422	27 NCE	NT=orbitrap;AC=MS:1000484	not available	20 ppm	300m/z-1600m/z	0	70	60 minute LC gradient	not available	not available	not applicable	1	1	EP-20171017	updated EasyPhos workflow	2017-10-19T11:37:02	20171018_QEHFX1_SeHu_EP-20171017_Opt_25_2.raw	DoseTitration_QEHFX_60min_Fig3a_RAW.rar	https://ftp.pride.ebi.ac.uk/pride/data/archive/2018/09/PXD009227/DoseTitration_QEHFX_60min_Fig3a_RAW.rar	v1.1.0	NT=ms-proteomics;VV=v1.1.0	NT=human;VV=v1.1.0	NT=cell-lines;VV=v1.1.0	NT=sdrf-skills;VV=v0.2.0	untreated	25 ug	NT=Q Exactive HF-X;AC=MS:1002877	60 minute LC gradient	updated EasyPhos workflow
U87_titration-60min_25ug_rep2	Homo sapiens	brain	U-87 MG	CVCL_0022	U-87MG ATCC	not available	not available	glioblastoma	cell line	male	not available	European ancestry	not available	not available	not available	not available	enrichment of phosphorylated protein	untreated	not applicable	25 ug	pooled	1	20171027_QEHF_SeHu_EP-20171017_Opt_25_2	proteomic profiling by mass spectrometry	NT=Q Exactive HF;AC=MS:1002523	NT=label free sample;AC=MS:1002038	NT=Trypsin/P;AC=MS:1001313	NT=Carbamidomethyl;AC=UNIMOD:4;TA=C;MT=Fixed	NT=Oxidation;AC=UNIMOD:35;TA=M;MT=Variable	NT=Acetyl;AC=UNIMOD:1;PP=Protein N-term;MT=Variable	NT=Phospho;AC=UNIMOD:21;TA=S,T,Y;MT=Variable	NT=Data-dependent acquisition;AC=PRIDE:0000627	NT=beam-type collision-induced dissociation;AC=MS:1000422	27 NCE	NT=orbitrap;AC=MS:1000484	not available	20 ppm	300m/z-1600m/z	0	70	60 minute LC gradient	not available	not available	not applicable	1	2	EP-20171017	updated EasyPhos workflow	2017-10-27T07:30:52	20171027_QEHF_SeHu_EP-20171017_Opt_25_2.raw	DoseTitration_QEHF_60min_Fig3a_RAW.rar	https://ftp.pride.ebi.ac.uk/pride/data/archive/2018/09/PXD009227/DoseTitration_QEHF_60min_Fig3a_RAW.rar	v1.1.0	NT=ms-proteomics;VV=v1.1.0	NT=human;VV=v1.1.0	NT=cell-lines;VV=v1.1.0	NT=sdrf-skills;VV=v0.2.0	untreated	25 ug	NT=Q Exactive HF;AC=MS:1002523	60 minute LC gradient	updated EasyPhos workflow
U87_titration-60min_25ug_rep3	Homo sapiens	brain	U-87 MG	CVCL_0022	U-87MG ATCC	not available	not available	glioblastoma	cell line	male	not available	European ancestry	not available	not available	not available	not available	enrichment of phosphorylated protein	untreated	not applicable	25 ug	pooled	1	20171018_QEHFX1_SeHu_EP-20171017_Opt_25_3	proteomic profiling by mass spectrometry	NT=Q Exactive HF-X;AC=MS:1002877	NT=label free sample;AC=MS:1002038	NT=Trypsin/P;AC=MS:1001313	NT=Carbamidomethyl;AC=UNIMOD:4;TA=C;MT=Fixed	NT=Oxidation;AC=UNIMOD:35;TA=M;MT=Variable	NT=Acetyl;AC=UNIMOD:1;PP=Protein N-term;MT=Variable	NT=Phospho;AC=UNIMOD:21;TA=S,T,Y;MT=Variable	NT=Data-dependent acquisition;AC=PRIDE:0000627	NT=beam-type collision-induced dissociation;AC=MS:1000422	27 NCE	NT=orbitrap;AC=MS:1000484	not available	20 ppm	300m/z-1600m/z	0	70	60 minute LC gradient	not available	not available	not applicable	1	1	EP-20171017	updated EasyPhos workflow	2017-10-20T01:25:56	20171018_QEHFX1_SeHu_EP-20171017_Opt_25_3.raw	DoseTitration_QEHFX_60min_Fig3a_RAW.rar	https://ftp.pride.ebi.ac.uk/pride/data/archive/2018/09/PXD009227/DoseTitration_QEHFX_60min_Fig3a_RAW.rar	v1.1.0	NT=ms-proteomics;VV=v1.1.0	NT=human;VV=v1.1.0	NT=cell-lines;VV=v1.1.0	NT=sdrf-skills;VV=v0.2.0	untreated	25 ug	NT=Q Exactive HF-X;AC=MS:1002877	60 minute LC gradient	updated EasyPhos workflow
U87_titration-60min_25ug_rep3	Homo sapiens	brain	U-87 MG	CVCL_0022	U-87MG ATCC	not available	not available	glioblastoma	cell line	male	not available	European ancestry	not available	not available	not available	not available	enrichment of phosphorylated protein	untreated	not applicable	25 ug	pooled	1	20171027_QEHF_SeHu_EP-20171017_Opt_25_3	proteomic profiling by mass spectrometry	NT=Q Exactive HF;AC=MS:1002523	NT=label free sample;AC=MS:1002038	NT=Trypsin/P;AC=MS:1001313	NT=Carbamidomethyl;AC=UNIMOD:4;TA=C;MT=Fixed	NT=Oxidation;AC=UNIMOD:35;TA=M;MT=Variable	NT=Acetyl;AC=UNIMOD:1;PP=Protein N-term;MT=Variable	NT=Phospho;AC=UNIMOD:21;TA=S,T,Y;MT=Variable	NT=Data-dependent acquisition;AC=PRIDE:0000627	NT=beam-type collision-induced dissociation;AC=MS:1000422	27 NCE	NT=orbitrap;AC=MS:1000484	not available	20 ppm	300m/z-1600m/z	0	70	60 minute LC gradient	not available	not available	not applicable	1	2	EP-20171017	updated EasyPhos workflow	2017-10-27T20:06:24	20171027_QEHF_SeHu_EP-20171017_Opt_25_3.raw	DoseTitration_QEHF_60min_Fig3a_RAW.rar	https://ftp.pride.ebi.ac.uk/pride/data/archive/2018/09/PXD009227/DoseTitration_QEHF_60min_Fig3a_RAW.rar	v1.1.0	NT=ms-proteomics;VV=v1.1.0	NT=human;VV=v1.1.0	NT=cell-lines;VV=v1.1.0	NT=sdrf-skills;VV=v0.2.0	untreated	25 ug	NT=Q Exactive HF;AC=MS:1002523	60 minute LC gradient	updated EasyPhos workflow
U87_titration-60min_25ug_rep4	Homo sapiens	brain	U-87 MG	CVCL_0022	U-87MG ATCC	not available	not available	glioblastoma	cell line	male	not available	European ancestry	not available	not available	not available	not available	enrichment of phosphorylated protein	untreated	not applicable	25 ug	pooled	1	20171018_QEHFX1_SeHu_EP-20171017_Opt_25_4	proteomic profiling by mass spectrometry	NT=Q Exactive HF-X;AC=MS:1002877	NT=label free sample;AC=MS:1002038	NT=Trypsin/P;AC=MS:1001313	NT=Carbamidomethyl;AC=UNIMOD:4;TA=C;MT=Fixed	NT=Oxidation;AC=UNIMOD:35;TA=M;MT=Variable	NT=Acetyl;AC=UNIMOD:1;PP=Protein N-term;MT=Variable	NT=Phospho;AC=UNIMOD:21;TA=S,T,Y;MT=Variable	NT=Data-dependent acquisition;AC=PRIDE:0000627	NT=beam-type collision-induced dissociation;AC=MS:1000422	27 NCE	NT=orbitrap;AC=MS:1000484	not available	20 ppm	300m/z-1600m/z	0	70	60 minute LC gradient	not available	not available	not applicable	1	1	EP-20171017	updated EasyPhos workflow	2017-10-20T15:18:45	20171018_QEHFX1_SeHu_EP-20171017_Opt_25_4.raw	DoseTitration_QEHFX_60min_Fig3a_RAW.rar	https://ftp.pride.ebi.ac.uk/pride/data/archive/2018/09/PXD009227/DoseTitration_QEHFX_60min_Fig3a_RAW.rar	v1.1.0	NT=ms-proteomics;VV=v1.1.0	NT=human;VV=v1.1.0	NT=cell-lines;VV=v1.1.0	NT=sdrf-skills;VV=v0.2.0	untreated	25 ug	NT=Q Exactive HF-X;AC=MS:1002877	60 minute LC gradient	updated EasyPhos workflow
U87_titration-60min_25ug_rep4	Homo sapiens	brain	U-87 MG	CVCL_0022	U-87MG ATCC	not available	not available	glioblastoma	cell line	male	not available	European ancestry	not available	not available	not available	not available	enrichment of phosphorylated protein	untreated	not applicable	25 ug	pooled	1	20171027_QEHF_SeHu_EP-20171017_Opt_25_4	proteomic profiling by mass spectrometry	NT=Q Exactive HF;AC=MS:1002523	NT=label free sample;AC=MS:1002038	NT=Trypsin/P;AC=MS:1001313	NT=Carbamidomethyl;AC=UNIMOD:4;TA=C;MT=Fixed	NT=Oxidation;AC=UNIMOD:35;TA=M;MT=Variable	NT=Acetyl;AC=UNIMOD:1;PP=Protein N-term;MT=Variable	NT=Phospho;AC=UNIMOD:21;TA=S,T,Y;MT=Variable	NT=Data-dependent acquisition;AC=PRIDE:0000627	NT=beam-type collision-induced dissociation;AC=MS:1000422	27 NCE	NT=orbitrap;AC=MS:1000484	not available	20 ppm	300m/z-1600m/z	0	70	60 minute LC gradient	not available	not available	not applicable	1	2	EP-20171017	updated EasyPhos workflow	2017-10-28T08:46:49	20171027_QEHF_SeHu_EP-20171017_Opt_25_4.raw	DoseTitration_QEHF_60min_Fig3a_RAW.rar	https://ftp.pride.ebi.ac.uk/pride/data/archive/2018/09/PXD009227/DoseTitration_QEHF_60min_Fig3a_RAW.rar	v1.1.0	NT=ms-proteomics;VV=v1.1.0	NT=human;VV=v1.1.0	NT=cell-lines;VV=v1.1.0	NT=sdrf-skills;VV=v0.2.0	untreated	25 ug	NT=Q Exactive HF;AC=MS:1002523	60 minute LC gradient	updated EasyPhos workflow
U87_titration-60min_50ug_rep1	Homo sapiens	brain	U-87 MG	CVCL_0022	U-87MG ATCC	not available	not available	glioblastoma	cell line	male	not available	European ancestry	not available	not available	not available	not available	enrichment of phosphorylated protein	untreated	not applicable	50 ug	pooled	1	20171018_QEHFX1_SeHu_EP-20171017_Opt_50_1	proteomic profiling by mass spectrometry	NT=Q Exactive HF-X;AC=MS:1002877	NT=label free sample;AC=MS:1002038	NT=Trypsin/P;AC=MS:1001313	NT=Carbamidomethyl;AC=UNIMOD:4;TA=C;MT=Fixed	NT=Oxidation;AC=UNIMOD:35;TA=M;MT=Variable	NT=Acetyl;AC=UNIMOD:1;PP=Protein N-term;MT=Variable	NT=Phospho;AC=UNIMOD:21;TA=S,T,Y;MT=Variable	NT=Data-dependent acquisition;AC=PRIDE:0000627	NT=beam-type collision-induced dissociation;AC=MS:1000422	27 NCE	NT=orbitrap;AC=MS:1000484	not available	20 ppm	300m/z-1600m/z	0	70	60 minute LC gradient	not available	not available	not applicable	1	1	EP-20171017	updated EasyPhos workflow	2017-10-18T23:38:36	20171018_QEHFX1_SeHu_EP-20171017_Opt_50_1.raw	DoseTitration_QEHFX_60min_Fig3a_RAW.rar	https://ftp.pride.ebi.ac.uk/pride/data/archive/2018/09/PXD009227/DoseTitration_QEHFX_60min_Fig3a_RAW.rar	v1.1.0	NT=ms-proteomics;VV=v1.1.0	NT=human;VV=v1.1.0	NT=cell-lines;VV=v1.1.0	NT=sdrf-skills;VV=v0.2.0	untreated	50 ug	NT=Q Exactive HF-X;AC=MS:1002877	60 minute LC gradient	updated EasyPhos workflow
U87_titration-60min_50ug_rep1	Homo sapiens	brain	U-87 MG	CVCL_0022	U-87MG ATCC	not available	not available	glioblastoma	cell line	male	not available	European ancestry	not available	not available	not available	not available	enrichment of phosphorylated protein	untreated	not applicable	50 ug	pooled	1	20171027_QEHF_SeHu_EP-20171017_Opt_50_1	proteomic profiling by mass spectrometry	NT=Q Exactive HF;AC=MS:1002523	NT=label free sample;AC=MS:1002038	NT=Trypsin/P;AC=MS:1001313	NT=Carbamidomethyl;AC=UNIMOD:4;TA=C;MT=Fixed	NT=Oxidation;AC=UNIMOD:35;TA=M;MT=Variable	NT=Acetyl;AC=UNIMOD:1;PP=Protein N-term;MT=Variable	NT=Phospho;AC=UNIMOD:21;TA=S,T,Y;MT=Variable	NT=Data-dependent acquisition;AC=PRIDE:0000627	NT=beam-type collision-induced dissociation;AC=MS:1000422	27 NCE	NT=orbitrap;AC=MS:1000484	not available	20 ppm	300m/z-1600m/z	0	70	60 minute LC gradient	not available	not available	not applicable	1	2	EP-20171017	updated EasyPhos workflow	2017-10-26T20:46:42	20171027_QEHF_SeHu_EP-20171017_Opt_50_1.raw	DoseTitration_QEHF_60min_Fig3a_RAW.rar	https://ftp.pride.ebi.ac.uk/pride/data/archive/2018/09/PXD009227/DoseTitration_QEHF_60min_Fig3a_RAW.rar	v1.1.0	NT=ms-proteomics;VV=v1.1.0	NT=human;VV=v1.1.0	NT=cell-lines;VV=v1.1.0	NT=sdrf-skills;VV=v0.2.0	untreated	50 ug	NT=Q Exactive HF;AC=MS:1002523	60 minute LC gradient	updated EasyPhos workflow
U87_titration-60min_50ug_rep2	Homo sapiens	brain	U-87 MG	CVCL_0022	U-87MG ATCC	not available	not available	glioblastoma	cell line	male	not available	European ancestry	not available	not available	not available	not available	enrichment of phosphorylated protein	untreated	not applicable	50 ug	pooled	1	20171018_QEHFX1_SeHu_EP-20171017_Opt_50_2	proteomic profiling by mass spectrometry	NT=Q Exactive HF-X;AC=MS:1002877	NT=label free sample;AC=MS:1002038	NT=Trypsin/P;AC=MS:1001313	NT=Carbamidomethyl;AC=UNIMOD:4;TA=C;MT=Fixed	NT=Oxidation;AC=UNIMOD:35;TA=M;MT=Variable	NT=Acetyl;AC=UNIMOD:1;PP=Protein N-term;MT=Variable	NT=Phospho;AC=UNIMOD:21;TA=S,T,Y;MT=Variable	NT=Data-dependent acquisition;AC=PRIDE:0000627	NT=beam-type collision-induced dissociation;AC=MS:1000422	27 NCE	NT=orbitrap;AC=MS:1000484	not available	20 ppm	300m/z-1600m/z	0	70	60 minute LC gradient	not available	not available	not applicable	1	1	EP-20171017	updated EasyPhos workflow	2017-10-19T13:22:55	20171018_QEHFX1_SeHu_EP-20171017_Opt_50_2.raw	DoseTitration_QEHFX_60min_Fig3a_RAW.rar	https://ftp.pride.ebi.ac.uk/pride/data/archive/2018/09/PXD009227/DoseTitration_QEHFX_60min_Fig3a_RAW.rar	v1.1.0	NT=ms-proteomics;VV=v1.1.0	NT=human;VV=v1.1.0	NT=cell-lines;VV=v1.1.0	NT=sdrf-skills;VV=v0.2.0	untreated	50 ug	NT=Q Exactive HF-X;AC=MS:1002877	60 minute LC gradient	updated EasyPhos workflow
U87_titration-60min_50ug_rep2	Homo sapiens	brain	U-87 MG	CVCL_0022	U-87MG ATCC	not available	not available	glioblastoma	cell line	male	not available	European ancestry	not available	not available	not available	not available	enrichment of phosphorylated protein	untreated	not applicable	50 ug	pooled	1	20171027_QEHF_SeHu_EP-20171017_Opt_50_2	proteomic profiling by mass spectrometry	NT=Q Exactive HF;AC=MS:1002523	NT=label free sample;AC=MS:1002038	NT=Trypsin/P;AC=MS:1001313	NT=Carbamidomethyl;AC=UNIMOD:4;TA=C;MT=Fixed	NT=Oxidation;AC=UNIMOD:35;TA=M;MT=Variable	NT=Acetyl;AC=UNIMOD:1;PP=Protein N-term;MT=Variable	NT=Phospho;AC=UNIMOD:21;TA=S,T,Y;MT=Variable	NT=Data-dependent acquisition;AC=PRIDE:0000627	NT=beam-type collision-induced dissociation;AC=MS:1000422	27 NCE	NT=orbitrap;AC=MS:1000484	not available	20 ppm	300m/z-1600m/z	0	70	60 minute LC gradient	not available	not available	not applicable	1	2	EP-20171017	updated EasyPhos workflow	2017-10-27T09:15:15	20171027_QEHF_SeHu_EP-20171017_Opt_50_2.raw	DoseTitration_QEHF_60min_Fig3a_RAW.rar	https://ftp.pride.ebi.ac.uk/pride/data/archive/2018/09/PXD009227/DoseTitration_QEHF_60min_Fig3a_RAW.rar	v1.1.0	NT=ms-proteomics;VV=v1.1.0	NT=human;VV=v1.1.0	NT=cell-lines;VV=v1.1.0	NT=sdrf-skills;VV=v0.2.0	untreated	50 ug	NT=Q Exactive HF;AC=MS:1002523	60 minute LC gradient	updated EasyPhos workflow
U87_titration-60min_50ug_rep3	Homo sapiens	brain	U-87 MG	CVCL_0022	U-87MG ATCC	not available	not available	glioblastoma	cell line	male	not available	European ancestry	not available	not available	not available	not available	enrichment of phosphorylated protein	untreated	not applicable	50 ug	pooled	1	20171018_QEHFX1_SeHu_EP-20171017_Opt_50_3	proteomic profiling by mass spectrometry	NT=Q Exactive HF-X;AC=MS:1002877	NT=label free sample;AC=MS:1002038	NT=Trypsin/P;AC=MS:1001313	NT=Carbamidomethyl;AC=UNIMOD:4;TA=C;MT=Fixed	NT=Oxidation;AC=UNIMOD:35;TA=M;MT=Variable	NT=Acetyl;AC=UNIMOD:1;PP=Protein N-term;MT=Variable	NT=Phospho;AC=UNIMOD:21;TA=S,T,Y;MT=Variable	NT=Data-dependent acquisition;AC=PRIDE:0000627	NT=beam-type collision-induced dissociation;AC=MS:1000422	27 NCE	NT=orbitrap;AC=MS:1000484	not available	20 ppm	300m/z-1600m/z	0	70	60 minute LC gradient	not available	not available	not applicable	1	1	EP-20171017	updated EasyPhos workflow	2017-10-20T03:12:04	20171018_QEHFX1_SeHu_EP-20171017_Opt_50_3.raw	DoseTitration_QEHFX_60min_Fig3a_RAW.rar	https://ftp.pride.ebi.ac.uk/pride/data/archive/2018/09/PXD009227/DoseTitration_QEHFX_60min_Fig3a_RAW.rar	v1.1.0	NT=ms-proteomics;VV=v1.1.0	NT=human;VV=v1.1.0	NT=cell-lines;VV=v1.1.0	NT=sdrf-skills;VV=v0.2.0	untreated	50 ug	NT=Q Exactive HF-X;AC=MS:1002877	60 minute LC gradient	updated EasyPhos workflow
U87_titration-60min_50ug_rep3	Homo sapiens	brain	U-87 MG	CVCL_0022	U-87MG ATCC	not available	not available	glioblastoma	cell line	male	not available	European ancestry	not available	not available	not available	not available	enrichment of phosphorylated protein	untreated	not applicable	50 ug	pooled	1	20171027_QEHF_SeHu_EP-20171017_Opt_50_3	proteomic profiling by mass spectrometry	NT=Q Exactive HF;AC=MS:1002523	NT=label free sample;AC=MS:1002038	NT=Trypsin/P;AC=MS:1001313	NT=Carbamidomethyl;AC=UNIMOD:4;TA=C;MT=Fixed	NT=Oxidation;AC=UNIMOD:35;TA=M;MT=Variable	NT=Acetyl;AC=UNIMOD:1;PP=Protein N-term;MT=Variable	NT=Phospho;AC=UNIMOD:21;TA=S,T,Y;MT=Variable	NT=Data-dependent acquisition;AC=PRIDE:0000627	NT=beam-type collision-induced dissociation;AC=MS:1000422	27 NCE	NT=orbitrap;AC=MS:1000484	not available	20 ppm	300m/z-1600m/z	0	70	60 minute LC gradient	not available	not available	not applicable	1	2	EP-20171017	updated EasyPhos workflow	2017-10-27T21:51:25	20171027_QEHF_SeHu_EP-20171017_Opt_50_3.raw	DoseTitration_QEHF_60min_Fig3a_RAW.rar	https://ftp.pride.ebi.ac.uk/pride/data/archive/2018/09/PXD009227/DoseTitration_QEHF_60min_Fig3a_RAW.rar	v1.1.0	NT=ms-proteomics;VV=v1.1.0	NT=human;VV=v1.1.0	NT=cell-lines;VV=v1.1.0	NT=sdrf-skills;VV=v0.2.0	untreated	50 ug	NT=Q Exactive HF;AC=MS:1002523	60 minute LC gradient	updated EasyPhos workflow
U87_titration-60min_50ug_rep4	Homo sapiens	brain	U-87 MG	CVCL_0022	U-87MG ATCC	not available	not available	glioblastoma	cell line	male	not available	European ancestry	not available	not available	not available	not available	enrichment of phosphorylated protein	untreated	not applicable	50 ug	pooled	1	20171018_QEHFX1_SeHu_EP-20171017_Opt_50_4	proteomic profiling by mass spectrometry	NT=Q Exactive HF-X;AC=MS:1002877	NT=label free sample;AC=MS:1002038	NT=Trypsin/P;AC=MS:1001313	NT=Carbamidomethyl;AC=UNIMOD:4;TA=C;MT=Fixed	NT=Oxidation;AC=UNIMOD:35;TA=M;MT=Variable	NT=Acetyl;AC=UNIMOD:1;PP=Protein N-term;MT=Variable	NT=Phospho;AC=UNIMOD:21;TA=S,T,Y;MT=Variable	NT=Data-dependent acquisition;AC=PRIDE:0000627	NT=beam-type collision-induced dissociation;AC=MS:1000422	27 NCE	NT=orbitrap;AC=MS:1000484	not available	20 ppm	300m/z-1600m/z	0	70	60 minute LC gradient	not available	not available	not applicable	1	1	EP-20171017	updated EasyPhos workflow	2017-10-20T17:05:22	20171018_QEHFX1_SeHu_EP-20171017_Opt_50_4.raw	DoseTitration_QEHFX_60min_Fig3a_RAW.rar	https://ftp.pride.ebi.ac.uk/pride/data/archive/2018/09/PXD009227/DoseTitration_QEHFX_60min_Fig3a_RAW.rar	v1.1.0	NT=ms-proteomics;VV=v1.1.0	NT=human;VV=v1.1.0	NT=cell-lines;VV=v1.1.0	NT=sdrf-skills;VV=v0.2.0	untreated	50 ug	NT=Q Exactive HF-X;AC=MS:1002877	60 minute LC gradient	updated EasyPhos workflow
U87_titration-60min_50ug_rep4	Homo sapiens	brain	U-87 MG	CVCL_0022	U-87MG ATCC	not available	not available	glioblastoma	cell line	male	not available	European ancestry	not available	not available	not available	not available	enrichment of phosphorylated protein	untreated	not applicable	50 ug	pooled	1	20171027_QEHF_SeHu_EP-20171017_Opt_50_4	proteomic profiling by mass spectrometry	NT=Q Exactive HF;AC=MS:1002523	NT=label free sample;AC=MS:1002038	NT=Trypsin/P;AC=MS:1001313	NT=Carbamidomethyl;AC=UNIMOD:4;TA=C;MT=Fixed	NT=Oxidation;AC=UNIMOD:35;TA=M;MT=Variable	NT=Acetyl;AC=UNIMOD:1;PP=Protein N-term;MT=Variable	NT=Phospho;AC=UNIMOD:21;TA=S,T,Y;MT=Variable	NT=Data-dependent acquisition;AC=PRIDE:0000627	NT=beam-type collision-induced dissociation;AC=MS:1000422	27 NCE	NT=orbitrap;AC=MS:1000484	not available	20 ppm	300m/z-1600m/z	0	70	60 minute LC gradient	not available	not available	not applicable	1	2	EP-20171017	updated EasyPhos workflow	2017-10-28T10:32:30	20171027_QEHF_SeHu_EP-20171017_Opt_50_4.raw	DoseTitration_QEHF_60min_Fig3a_RAW.rar	https://ftp.pride.ebi.ac.uk/pride/data/archive/2018/09/PXD009227/DoseTitration_QEHF_60min_Fig3a_RAW.rar	v1.1.0	NT=ms-proteomics;VV=v1.1.0	NT=human;VV=v1.1.0	NT=cell-lines;VV=v1.1.0	NT=sdrf-skills;VV=v0.2.0	untreated	50 ug	NT=Q Exactive HF;AC=MS:1002523	60 minute LC gradient	updated EasyPhos workflow
U87_titration-60min_100ug_rep1	Homo sapiens	brain	U-87 MG	CVCL_0022	U-87MG ATCC	not available	not available	glioblastoma	cell line	male	not available	European ancestry	not available	not available	not available	not available	enrichment of phosphorylated protein	untreated	not applicable	100 ug	pooled	1	20171018_QEHFX1_SeHu_EP-20171017_Opt_100_1	proteomic profiling by mass spectrometry	NT=Q Exactive HF-X;AC=MS:1002877	NT=label free sample;AC=MS:1002038	NT=Trypsin/P;AC=MS:1001313	NT=Carbamidomethyl;AC=UNIMOD:4;TA=C;MT=Fixed	NT=Oxidation;AC=UNIMOD:35;TA=M;MT=Variable	NT=Acetyl;AC=UNIMOD:1;PP=Protein N-term;MT=Variable	NT=Phospho;AC=UNIMOD:21;TA=S,T,Y;MT=Variable	NT=Data-dependent acquisition;AC=PRIDE:0000627	NT=beam-type collision-induced dissociation;AC=MS:1000422	27 NCE	NT=orbitrap;AC=MS:1000484	not available	20 ppm	300m/z-1600m/z	0	70	60 minute LC gradient	not available	not available	not applicable	1	1	EP-20171017	updated EasyPhos workflow	2017-10-19T01:23:31	20171018_QEHFX1_SeHu_EP-20171017_Opt_100_1.raw	DoseTitration_QEHFX_60min_Fig3a_RAW.rar	https://ftp.pride.ebi.ac.uk/pride/data/archive/2018/09/PXD009227/DoseTitration_QEHFX_60min_Fig3a_RAW.rar	v1.1.0	NT=ms-proteomics;VV=v1.1.0	NT=human;VV=v1.1.0	NT=cell-lines;VV=v1.1.0	NT=sdrf-skills;VV=v0.2.0	untreated	100 ug	NT=Q Exactive HF-X;AC=MS:1002877	60 minute LC gradient	updated EasyPhos workflow
U87_titration-60min_100ug_rep1	Homo sapiens	brain	U-87 MG	CVCL_0022	U-87MG ATCC	not available	not available	glioblastoma	cell line	male	not available	European ancestry	not available	not available	not available	not available	enrichment of phosphorylated protein	untreated	not applicable	100 ug	pooled	1	20171027_QEHF_SeHu_EP-20171017_Opt_100_1	proteomic profiling by mass spectrometry	NT=Q Exactive HF;AC=MS:1002523	NT=label free sample;AC=MS:1002038	NT=Trypsin/P;AC=MS:1001313	NT=Carbamidomethyl;AC=UNIMOD:4;TA=C;MT=Fixed	NT=Oxidation;AC=UNIMOD:35;TA=M;MT=Variable	NT=Acetyl;AC=UNIMOD:1;PP=Protein N-term;MT=Variable	NT=Phospho;AC=UNIMOD:21;TA=S,T,Y;MT=Variable	NT=Data-dependent acquisition;AC=PRIDE:0000627	NT=beam-type collision-induced dissociation;AC=MS:1000422	27 NCE	NT=orbitrap;AC=MS:1000484	not available	20 ppm	300m/z-1600m/z	0	70	60 minute LC gradient	not available	not available	not applicable	1	2	EP-20171017	updated EasyPhos workflow	2017-10-26T22:30:04	20171027_QEHF_SeHu_EP-20171017_Opt_100_1.raw	DoseTitration_QEHF_60min_Fig3a_RAW.rar	https://ftp.pride.ebi.ac.uk/pride/data/archive/2018/09/PXD009227/DoseTitration_QEHF_60min_Fig3a_RAW.rar	v1.1.0	NT=ms-proteomics;VV=v1.1.0	NT=human;VV=v1.1.0	NT=cell-lines;VV=v1.1.0	NT=sdrf-skills;VV=v0.2.0	untreated	100 ug	NT=Q Exactive HF;AC=MS:1002523	60 minute LC gradient	updated EasyPhos workflow
U87_titration-60min_100ug_rep2	Homo sapiens	brain	U-87 MG	CVCL_0022	U-87MG ATCC	not available	not available	glioblastoma	cell line	male	not available	European ancestry	not available	not available	not available	not available	enrichment of phosphorylated protein	untreated	not applicable	100 ug	pooled	1	20171018_QEHFX1_SeHu_EP-20171017_Opt_100_2	proteomic profiling by mass spectrometry	NT=Q Exactive HF-X;AC=MS:1002877	NT=label free sample;AC=MS:1002038	NT=Trypsin/P;AC=MS:1001313	NT=Carbamidomethyl;AC=UNIMOD:4;TA=C;MT=Fixed	NT=Oxidation;AC=UNIMOD:35;TA=M;MT=Variable	NT=Acetyl;AC=UNIMOD:1;PP=Protein N-term;MT=Variable	NT=Phospho;AC=UNIMOD:21;TA=S,T,Y;MT=Variable	NT=Data-dependent acquisition;AC=PRIDE:0000627	NT=beam-type collision-induced dissociation;AC=MS:1000422	27 NCE	NT=orbitrap;AC=MS:1000484	not available	20 ppm	300m/z-1600m/z	0	70	60 minute LC gradient	not available	not available	not applicable	1	1	EP-20171017	updated EasyPhos workflow	2017-10-19T15:08:48	20171018_QEHFX1_SeHu_EP-20171017_Opt_100_2.raw	DoseTitration_QEHFX_60min_Fig3a_RAW.rar	https://ftp.pride.ebi.ac.uk/pride/data/archive/2018/09/PXD009227/DoseTitration_QEHFX_60min_Fig3a_RAW.rar	v1.1.0	NT=ms-proteomics;VV=v1.1.0	NT=human;VV=v1.1.0	NT=cell-lines;VV=v1.1.0	NT=sdrf-skills;VV=v0.2.0	untreated	100 ug	NT=Q Exactive HF-X;AC=MS:1002877	60 minute LC gradient	updated EasyPhos workflow
U87_titration-60min_100ug_rep2	Homo sapiens	brain	U-87 MG	CVCL_0022	U-87MG ATCC	not available	not available	glioblastoma	cell line	male	not available	European ancestry	not available	not available	not available	not available	enrichment of phosphorylated protein	untreated	not applicable	100 ug	pooled	1	20171027_QEHF_SeHu_EP-20171017_Opt_100_2	proteomic profiling by mass spectrometry	NT=Q Exactive HF;AC=MS:1002523	NT=label free sample;AC=MS:1002038	NT=Trypsin/P;AC=MS:1001313	NT=Carbamidomethyl;AC=UNIMOD:4;TA=C;MT=Fixed	NT=Oxidation;AC=UNIMOD:35;TA=M;MT=Variable	NT=Acetyl;AC=UNIMOD:1;PP=Protein N-term;MT=Variable	NT=Phospho;AC=UNIMOD:21;TA=S,T,Y;MT=Variable	NT=Data-dependent acquisition;AC=PRIDE:0000627	NT=beam-type collision-induced dissociation;AC=MS:1000422	27 NCE	NT=orbitrap;AC=MS:1000484	not available	20 ppm	300m/z-1600m/z	0	70	60 minute LC gradient	not available	not available	not applicable	1	2	EP-20171017	updated EasyPhos workflow	2017-10-27T10:59:47	20171027_QEHF_SeHu_EP-20171017_Opt_100_2.raw	DoseTitration_QEHF_60min_Fig3a_RAW.rar	https://ftp.pride.ebi.ac.uk/pride/data/archive/2018/09/PXD009227/DoseTitration_QEHF_60min_Fig3a_RAW.rar	v1.1.0	NT=ms-proteomics;VV=v1.1.0	NT=human;VV=v1.1.0	NT=cell-lines;VV=v1.1.0	NT=sdrf-skills;VV=v0.2.0	untreated	100 ug	NT=Q Exactive HF;AC=MS:1002523	60 minute LC gradient	updated EasyPhos workflow
U87_titration-60min_100ug_rep3	Homo sapiens	brain	U-87 MG	CVCL_0022	U-87MG ATCC	not available	not available	glioblastoma	cell line	male	not available	European ancestry	not available	not available	not available	not available	enrichment of phosphorylated protein	untreated	not applicable	100 ug	pooled	1	20171018_QEHFX1_SeHu_EP-20171017_Opt_100_3	proteomic profiling by mass spectrometry	NT=Q Exactive HF-X;AC=MS:1002877	NT=label free sample;AC=MS:1002038	NT=Trypsin/P;AC=MS:1001313	NT=Carbamidomethyl;AC=UNIMOD:4;TA=C;MT=Fixed	NT=Oxidation;AC=UNIMOD:35;TA=M;MT=Variable	NT=Acetyl;AC=UNIMOD:1;PP=Protein N-term;MT=Variable	NT=Phospho;AC=UNIMOD:21;TA=S,T,Y;MT=Variable	NT=Data-dependent acquisition;AC=PRIDE:0000627	NT=beam-type collision-induced dissociation;AC=MS:1000422	27 NCE	NT=orbitrap;AC=MS:1000484	not available	20 ppm	300m/z-1600m/z	0	70	60 minute LC gradient	not available	not available	not applicable	1	1	EP-20171017	updated EasyPhos workflow	2017-10-20T04:58:37	20171018_QEHFX1_SeHu_EP-20171017_Opt_100_3.raw	DoseTitration_QEHFX_60min_Fig3a_RAW.rar	https://ftp.pride.ebi.ac.uk/pride/data/archive/2018/09/PXD009227/DoseTitration_QEHFX_60min_Fig3a_RAW.rar	v1.1.0	NT=ms-proteomics;VV=v1.1.0	NT=human;VV=v1.1.0	NT=cell-lines;VV=v1.1.0	NT=sdrf-skills;VV=v0.2.0	untreated	100 ug	NT=Q Exactive HF-X;AC=MS:1002877	60 minute LC gradient	updated EasyPhos workflow
U87_titration-60min_100ug_rep3	Homo sapiens	brain	U-87 MG	CVCL_0022	U-87MG ATCC	not available	not available	glioblastoma	cell line	male	not available	European ancestry	not available	not available	not available	not available	enrichment of phosphorylated protein	untreated	not applicable	100 ug	pooled	1	20171027_QEHF_SeHu_EP-20171017_Opt_100_3	proteomic profiling by mass spectrometry	NT=Q Exactive HF;AC=MS:1002523	NT=label free sample;AC=MS:1002038	NT=Trypsin/P;AC=MS:1001313	NT=Carbamidomethyl;AC=UNIMOD:4;TA=C;MT=Fixed	NT=Oxidation;AC=UNIMOD:35;TA=M;MT=Variable	NT=Acetyl;AC=UNIMOD:1;PP=Protein N-term;MT=Variable	NT=Phospho;AC=UNIMOD:21;TA=S,T,Y;MT=Variable	NT=Data-dependent acquisition;AC=PRIDE:0000627	NT=beam-type collision-induced dissociation;AC=MS:1000422	27 NCE	NT=orbitrap;AC=MS:1000484	not available	20 ppm	300m/z-1600m/z	0	70	60 minute LC gradient	not available	not available	not applicable	1	2	EP-20171017	updated EasyPhos workflow	2017-10-27T23:36:48	20171027_QEHF_SeHu_EP-20171017_Opt_100_3.raw	DoseTitration_QEHF_60min_Fig3a_RAW.rar	https://ftp.pride.ebi.ac.uk/pride/data/archive/2018/09/PXD009227/DoseTitration_QEHF_60min_Fig3a_RAW.rar	v1.1.0	NT=ms-proteomics;VV=v1.1.0	NT=human;VV=v1.1.0	NT=cell-lines;VV=v1.1.0	NT=sdrf-skills;VV=v0.2.0	untreated	100 ug	NT=Q Exactive HF;AC=MS:1002523	60 minute LC gradient	updated EasyPhos workflow
U87_titration-60min_100ug_rep4	Homo sapiens	brain	U-87 MG	CVCL_0022	U-87MG ATCC	not available	not available	glioblastoma	cell line	male	not available	European ancestry	not available	not available	not available	not available	enrichment of phosphorylated protein	untreated	not applicable	100 ug	pooled	1	20171018_QEHFX1_SeHu_EP-20171017_Opt_100_4	proteomic profiling by mass spectrometry	NT=Q Exactive HF-X;AC=MS:1002877	NT=label free sample;AC=MS:1002038	NT=Trypsin/P;AC=MS:1001313	NT=Carbamidomethyl;AC=UNIMOD:4;TA=C;MT=Fixed	NT=Oxidation;AC=UNIMOD:35;TA=M;MT=Variable	NT=Acetyl;AC=UNIMOD:1;PP=Protein N-term;MT=Variable	NT=Phospho;AC=UNIMOD:21;TA=S,T,Y;MT=Variable	NT=Data-dependent acquisition;AC=PRIDE:0000627	NT=beam-type collision-induced dissociation;AC=MS:1000422	27 NCE	NT=orbitrap;AC=MS:1000484	not available	20 ppm	300m/z-1600m/z	0	70	60 minute LC gradient	not available	not available	not applicable	1	1	EP-20171017	updated EasyPhos workflow	2017-10-20T18:51:58	20171018_QEHFX1_SeHu_EP-20171017_Opt_100_4.raw	DoseTitration_QEHFX_60min_Fig3a_RAW.rar	https://ftp.pride.ebi.ac.uk/pride/data/archive/2018/09/PXD009227/DoseTitration_QEHFX_60min_Fig3a_RAW.rar	v1.1.0	NT=ms-proteomics;VV=v1.1.0	NT=human;VV=v1.1.0	NT=cell-lines;VV=v1.1.0	NT=sdrf-skills;VV=v0.2.0	untreated	100 ug	NT=Q Exactive HF-X;AC=MS:1002877	60 minute LC gradient	updated EasyPhos workflow
U87_titration-60min_100ug_rep4	Homo sapiens	brain	U-87 MG	CVCL_0022	U-87MG ATCC	not available	not available	glioblastoma	cell line	male	not available	European ancestry	not available	not available	not available	not available	enrichment of phosphorylated protein	untreated	not applicable	100 ug	pooled	1	20171027_QEHF_SeHu_EP-20171017_Opt_100_4	proteomic profiling by mass spectrometry	NT=Q Exactive HF;AC=MS:1002523	NT=label free sample;AC=MS:1002038	NT=Trypsin/P;AC=MS:1001313	NT=Carbamidomethyl;AC=UNIMOD:4;TA=C;MT=Fixed	NT=Oxidation;AC=UNIMOD:35;TA=M;MT=Variable	NT=Acetyl;AC=UNIMOD:1;PP=Protein N-term;MT=Variable	NT=Phospho;AC=UNIMOD:21;TA=S,T,Y;MT=Variable	NT=Data-dependent acquisition;AC=PRIDE:0000627	NT=beam-type collision-induced dissociation;AC=MS:1000422	27 NCE	NT=orbitrap;AC=MS:1000484	not available	20 ppm	300m/z-1600m/z	0	70	60 minute LC gradient	not available	not available	not applicable	1	2	EP-20171017	updated EasyPhos workflow	2017-10-28T12:18:11	20171027_QEHF_SeHu_EP-20171017_Opt_100_4.raw	DoseTitration_QEHF_60min_Fig3a_RAW.rar	https://ftp.pride.ebi.ac.uk/pride/data/archive/2018/09/PXD009227/DoseTitration_QEHF_60min_Fig3a_RAW.rar	v1.1.0	NT=ms-proteomics;VV=v1.1.0	NT=human;VV=v1.1.0	NT=cell-lines;VV=v1.1.0	NT=sdrf-skills;VV=v0.2.0	untreated	100 ug	NT=Q Exactive HF;AC=MS:1002523	60 minute LC gradient	updated EasyPhos workflow
U87_titration-60min_200ug_rep1	Homo sapiens	brain	U-87 MG	CVCL_0022	U-87MG ATCC	not available	not available	glioblastoma	cell line	male	not available	European ancestry	not available	not available	not available	not available	enrichment of phosphorylated protein	untreated	not applicable	200 ug	pooled	1	20171018_QEHFX1_SeHu_EP-20171017_Opt_200_1	proteomic profiling by mass spectrometry	NT=Q Exactive HF-X;AC=MS:1002877	NT=label free sample;AC=MS:1002038	NT=Trypsin/P;AC=MS:1001313	NT=Carbamidomethyl;AC=UNIMOD:4;TA=C;MT=Fixed	NT=Oxidation;AC=UNIMOD:35;TA=M;MT=Variable	NT=Acetyl;AC=UNIMOD:1;PP=Protein N-term;MT=Variable	NT=Phospho;AC=UNIMOD:21;TA=S,T,Y;MT=Variable	NT=Data-dependent acquisition;AC=PRIDE:0000627	NT=beam-type collision-induced dissociation;AC=MS:1000422	27 NCE	NT=orbitrap;AC=MS:1000484	not available	20 ppm	300m/z-1600m/z	0	70	60 minute LC gradient	not available	not available	not applicable	1	1	EP-20171017	updated EasyPhos workflow	2017-10-19T03:08:31	20171018_QEHFX1_SeHu_EP-20171017_Opt_200_1.raw	DoseTitration_QEHFX_60min_Fig3a_RAW.rar	https://ftp.pride.ebi.ac.uk/pride/data/archive/2018/09/PXD009227/DoseTitration_QEHFX_60min_Fig3a_RAW.rar	v1.1.0	NT=ms-proteomics;VV=v1.1.0	NT=human;VV=v1.1.0	NT=cell-lines;VV=v1.1.0	NT=sdrf-skills;VV=v0.2.0	untreated	200 ug	NT=Q Exactive HF-X;AC=MS:1002877	60 minute LC gradient	updated EasyPhos workflow
U87_titration-60min_200ug_rep1	Homo sapiens	brain	U-87 MG	CVCL_0022	U-87MG ATCC	not available	not available	glioblastoma	cell line	male	not available	European ancestry	not available	not available	not available	not available	enrichment of phosphorylated protein	untreated	not applicable	200 ug	pooled	1	20171027_QEHF_SeHu_EP-20171017_Opt_200_1	proteomic profiling by mass spectrometry	NT=Q Exactive HF;AC=MS:1002523	NT=label free sample;AC=MS:1002038	NT=Trypsin/P;AC=MS:1001313	NT=Carbamidomethyl;AC=UNIMOD:4;TA=C;MT=Fixed	NT=Oxidation;AC=UNIMOD:35;TA=M;MT=Variable	NT=Acetyl;AC=UNIMOD:1;PP=Protein N-term;MT=Variable	NT=Phospho;AC=UNIMOD:21;TA=S,T,Y;MT=Variable	NT=Data-dependent acquisition;AC=PRIDE:0000627	NT=beam-type collision-induced dissociation;AC=MS:1000422	27 NCE	NT=orbitrap;AC=MS:1000484	not available	20 ppm	300m/z-1600m/z	0	70	60 minute LC gradient	not available	not available	not applicable	1	2	EP-20171017	updated EasyPhos workflow	2017-10-27T00:13:38	20171027_QEHF_SeHu_EP-20171017_Opt_200_1.raw	DoseTitration_QEHF_60min_Fig3a_RAW.rar	https://ftp.pride.ebi.ac.uk/pride/data/archive/2018/09/PXD009227/DoseTitration_QEHF_60min_Fig3a_RAW.rar	v1.1.0	NT=ms-proteomics;VV=v1.1.0	NT=human;VV=v1.1.0	NT=cell-lines;VV=v1.1.0	NT=sdrf-skills;VV=v0.2.0	untreated	200 ug	NT=Q Exactive HF;AC=MS:1002523	60 minute LC gradient	updated EasyPhos workflow
U87_titration-60min_200ug_rep2	Homo sapiens	brain	U-87 MG	CVCL_0022	U-87MG ATCC	not available	not available	glioblastoma	cell line	male	not available	European ancestry	not available	not available	not available	not available	enrichment of phosphorylated protein	untreated	not applicable	200 ug	pooled	1	20171018_QEHFX1_SeHu_EP-20171017_Opt_200_2	proteomic profiling by mass spectrometry	NT=Q Exactive HF-X;AC=MS:1002877	NT=label free sample;AC=MS:1002038	NT=Trypsin/P;AC=MS:1001313	NT=Carbamidomethyl;AC=UNIMOD:4;TA=C;MT=Fixed	NT=Oxidation;AC=UNIMOD:35;TA=M;MT=Variable	NT=Acetyl;AC=UNIMOD:1;PP=Protein N-term;MT=Variable	NT=Phospho;AC=UNIMOD:21;TA=S,T,Y;MT=Variable	NT=Data-dependent acquisition;AC=PRIDE:0000627	NT=beam-type collision-induced dissociation;AC=MS:1000422	27 NCE	NT=orbitrap;AC=MS:1000484	not available	20 ppm	300m/z-1600m/z	0	70	60 minute LC gradient	not available	not available	not applicable	1	1	EP-20171017	updated EasyPhos workflow	2017-10-19T16:54:33	20171018_QEHFX1_SeHu_EP-20171017_Opt_200_2.raw	DoseTitration_QEHFX_60min_Fig3a_RAW.rar	https://ftp.pride.ebi.ac.uk/pride/data/archive/2018/09/PXD009227/DoseTitration_QEHFX_60min_Fig3a_RAW.rar	v1.1.0	NT=ms-proteomics;VV=v1.1.0	NT=human;VV=v1.1.0	NT=cell-lines;VV=v1.1.0	NT=sdrf-skills;VV=v0.2.0	untreated	200 ug	NT=Q Exactive HF-X;AC=MS:1002877	60 minute LC gradient	updated EasyPhos workflow
U87_titration-60min_200ug_rep2	Homo sapiens	brain	U-87 MG	CVCL_0022	U-87MG ATCC	not available	not available	glioblastoma	cell line	male	not available	European ancestry	not available	not available	not available	not available	enrichment of phosphorylated protein	untreated	not applicable	200 ug	pooled	1	20171027_QEHF_SeHu_EP-20171017_Opt_200_2	proteomic profiling by mass spectrometry	NT=Q Exactive HF;AC=MS:1002523	NT=label free sample;AC=MS:1002038	NT=Trypsin/P;AC=MS:1001313	NT=Carbamidomethyl;AC=UNIMOD:4;TA=C;MT=Fixed	NT=Oxidation;AC=UNIMOD:35;TA=M;MT=Variable	NT=Acetyl;AC=UNIMOD:1;PP=Protein N-term;MT=Variable	NT=Phospho;AC=UNIMOD:21;TA=S,T,Y;MT=Variable	NT=Data-dependent acquisition;AC=PRIDE:0000627	NT=beam-type collision-induced dissociation;AC=MS:1000422	27 NCE	NT=orbitrap;AC=MS:1000484	not available	20 ppm	300m/z-1600m/z	0	70	60 minute LC gradient	not available	not available	not applicable	1	2	EP-20171017	updated EasyPhos workflow	2017-10-27T12:44:24	20171027_QEHF_SeHu_EP-20171017_Opt_200_2.raw	DoseTitration_QEHF_60min_Fig3a_RAW.rar	https://ftp.pride.ebi.ac.uk/pride/data/archive/2018/09/PXD009227/DoseTitration_QEHF_60min_Fig3a_RAW.rar	v1.1.0	NT=ms-proteomics;VV=v1.1.0	NT=human;VV=v1.1.0	NT=cell-lines;VV=v1.1.0	NT=sdrf-skills;VV=v0.2.0	untreated	200 ug	NT=Q Exactive HF;AC=MS:1002523	60 minute LC gradient	updated EasyPhos workflow
U87_titration-60min_200ug_rep3	Homo sapiens	brain	U-87 MG	CVCL_0022	U-87MG ATCC	not available	not available	glioblastoma	cell line	male	not available	European ancestry	not available	not available	not available	not available	enrichment of phosphorylated protein	untreated	not applicable	200 ug	pooled	1	20171018_QEHFX1_SeHu_EP-20171017_Opt_200_3	proteomic profiling by mass spectrometry	NT=Q Exactive HF-X;AC=MS:1002877	NT=label free sample;AC=MS:1002038	NT=Trypsin/P;AC=MS:1001313	NT=Carbamidomethyl;AC=UNIMOD:4;TA=C;MT=Fixed	NT=Oxidation;AC=UNIMOD:35;TA=M;MT=Variable	NT=Acetyl;AC=UNIMOD:1;PP=Protein N-term;MT=Variable	NT=Phospho;AC=UNIMOD:21;TA=S,T,Y;MT=Variable	NT=Data-dependent acquisition;AC=PRIDE:0000627	NT=beam-type collision-induced dissociation;AC=MS:1000422	27 NCE	NT=orbitrap;AC=MS:1000484	not available	20 ppm	300m/z-1600m/z	0	70	60 minute LC gradient	not available	not available	not applicable	1	1	EP-20171017	updated EasyPhos workflow	2017-10-20T06:45:09	20171018_QEHFX1_SeHu_EP-20171017_Opt_200_3.raw	DoseTitration_QEHFX_60min_Fig3a_RAW.rar	https://ftp.pride.ebi.ac.uk/pride/data/archive/2018/09/PXD009227/DoseTitration_QEHFX_60min_Fig3a_RAW.rar	v1.1.0	NT=ms-proteomics;VV=v1.1.0	NT=human;VV=v1.1.0	NT=cell-lines;VV=v1.1.0	NT=sdrf-skills;VV=v0.2.0	untreated	200 ug	NT=Q Exactive HF-X;AC=MS:1002877	60 minute LC gradient	updated EasyPhos workflow
U87_titration-60min_200ug_rep3	Homo sapiens	brain	U-87 MG	CVCL_0022	U-87MG ATCC	not available	not available	glioblastoma	cell line	male	not available	European ancestry	not available	not available	not available	not available	enrichment of phosphorylated protein	untreated	not applicable	200 ug	pooled	1	20171027_QEHF_SeHu_EP-20171017_Opt_200_3	proteomic profiling by mass spectrometry	NT=Q Exactive HF;AC=MS:1002523	NT=label free sample;AC=MS:1002038	NT=Trypsin/P;AC=MS:1001313	NT=Carbamidomethyl;AC=UNIMOD:4;TA=C;MT=Fixed	NT=Oxidation;AC=UNIMOD:35;TA=M;MT=Variable	NT=Acetyl;AC=UNIMOD:1;PP=Protein N-term;MT=Variable	NT=Phospho;AC=UNIMOD:21;TA=S,T,Y;MT=Variable	NT=Data-dependent acquisition;AC=PRIDE:0000627	NT=beam-type collision-induced dissociation;AC=MS:1000422	27 NCE	NT=orbitrap;AC=MS:1000484	not available	20 ppm	300m/z-1600m/z	0	70	60 minute LC gradient	not available	not available	not applicable	1	2	EP-20171017	updated EasyPhos workflow	2017-10-28T01:22:15	20171027_QEHF_SeHu_EP-20171017_Opt_200_3.raw	DoseTitration_QEHF_60min_Fig3a_RAW.rar	https://ftp.pride.ebi.ac.uk/pride/data/archive/2018/09/PXD009227/DoseTitration_QEHF_60min_Fig3a_RAW.rar	v1.1.0	NT=ms-proteomics;VV=v1.1.0	NT=human;VV=v1.1.0	NT=cell-lines;VV=v1.1.0	NT=sdrf-skills;VV=v0.2.0	untreated	200 ug	NT=Q Exactive HF;AC=MS:1002523	60 minute LC gradient	updated EasyPhos workflow
U87_titration-60min_200ug_rep4	Homo sapiens	brain	U-87 MG	CVCL_0022	U-87MG ATCC	not available	not available	glioblastoma	cell line	male	not available	European ancestry	not available	not available	not available	not available	enrichment of phosphorylated protein	untreated	not applicable	200 ug	pooled	1	20171018_QEHFX1_SeHu_EP-20171017_Opt_200_4	proteomic profiling by mass spectrometry	NT=Q Exactive HF-X;AC=MS:1002877	NT=label free sample;AC=MS:1002038	NT=Trypsin/P;AC=MS:1001313	NT=Carbamidomethyl;AC=UNIMOD:4;TA=C;MT=Fixed	NT=Oxidation;AC=UNIMOD:35;TA=M;MT=Variable	NT=Acetyl;AC=UNIMOD:1;PP=Protein N-term;MT=Variable	NT=Phospho;AC=UNIMOD:21;TA=S,T,Y;MT=Variable	NT=Data-dependent acquisition;AC=PRIDE:0000627	NT=beam-type collision-induced dissociation;AC=MS:1000422	27 NCE	NT=orbitrap;AC=MS:1000484	not available	20 ppm	300m/z-1600m/z	0	70	60 minute LC gradient	not available	not available	not applicable	1	1	EP-20171017	updated EasyPhos workflow	2017-10-20T20:38:41	20171018_QEHFX1_SeHu_EP-20171017_Opt_200_4.raw	DoseTitration_QEHFX_60min_Fig3a_RAW.rar	https://ftp.pride.ebi.ac.uk/pride/data/archive/2018/09/PXD009227/DoseTitration_QEHFX_60min_Fig3a_RAW.rar	v1.1.0	NT=ms-proteomics;VV=v1.1.0	NT=human;VV=v1.1.0	NT=cell-lines;VV=v1.1.0	NT=sdrf-skills;VV=v0.2.0	untreated	200 ug	NT=Q Exactive HF-X;AC=MS:1002877	60 minute LC gradient	updated EasyPhos workflow
U87_titration-60min_200ug_rep4	Homo sapiens	brain	U-87 MG	CVCL_0022	U-87MG ATCC	not available	not available	glioblastoma	cell line	male	not available	European ancestry	not available	not available	not available	not available	enrichment of phosphorylated protein	untreated	not applicable	200 ug	pooled	1	20171027_QEHF_SeHu_EP-20171017_Opt_200_4	proteomic profiling by mass spectrometry	NT=Q Exactive HF;AC=MS:1002523	NT=label free sample;AC=MS:1002038	NT=Trypsin/P;AC=MS:1001313	NT=Carbamidomethyl;AC=UNIMOD:4;TA=C;MT=Fixed	NT=Oxidation;AC=UNIMOD:35;TA=M;MT=Variable	NT=Acetyl;AC=UNIMOD:1;PP=Protein N-term;MT=Variable	NT=Phospho;AC=UNIMOD:21;TA=S,T,Y;MT=Variable	NT=Data-dependent acquisition;AC=PRIDE:0000627	NT=beam-type collision-induced dissociation;AC=MS:1000422	27 NCE	NT=orbitrap;AC=MS:1000484	not available	20 ppm	300m/z-1600m/z	0	70	60 minute LC gradient	not available	not available	not applicable	1	2	EP-20171017	updated EasyPhos workflow	2017-10-28T14:03:59	20171027_QEHF_SeHu_EP-20171017_Opt_200_4.raw	DoseTitration_QEHF_60min_Fig3a_RAW.rar	https://ftp.pride.ebi.ac.uk/pride/data/archive/2018/09/PXD009227/DoseTitration_QEHF_60min_Fig3a_RAW.rar	v1.1.0	NT=ms-proteomics;VV=v1.1.0	NT=human;VV=v1.1.0	NT=cell-lines;VV=v1.1.0	NT=sdrf-skills;VV=v0.2.0	untreated	200 ug	NT=Q Exactive HF;AC=MS:1002523	60 minute LC gradient	updated EasyPhos workflow
U87_titration-60min_400ug_rep1	Homo sapiens	brain	U-87 MG	CVCL_0022	U-87MG ATCC	not available	not available	glioblastoma	cell line	male	not available	European ancestry	not available	not available	not available	not available	enrichment of phosphorylated protein	untreated	not applicable	400 ug	pooled	1	20171018_QEHFX1_SeHu_EP-20171017_Opt_400_1	proteomic profiling by mass spectrometry	NT=Q Exactive HF-X;AC=MS:1002877	NT=label free sample;AC=MS:1002038	NT=Trypsin/P;AC=MS:1001313	NT=Carbamidomethyl;AC=UNIMOD:4;TA=C;MT=Fixed	NT=Oxidation;AC=UNIMOD:35;TA=M;MT=Variable	NT=Acetyl;AC=UNIMOD:1;PP=Protein N-term;MT=Variable	NT=Phospho;AC=UNIMOD:21;TA=S,T,Y;MT=Variable	NT=Data-dependent acquisition;AC=PRIDE:0000627	NT=beam-type collision-induced dissociation;AC=MS:1000422	27 NCE	NT=orbitrap;AC=MS:1000484	not available	20 ppm	300m/z-1600m/z	0	70	60 minute LC gradient	not available	not available	not applicable	1	1	EP-20171017	updated EasyPhos workflow	2017-10-19T04:53:44	20171018_QEHFX1_SeHu_EP-20171017_Opt_400_1.raw	DoseTitration_QEHFX_60min_Fig3a_RAW.rar	https://ftp.pride.ebi.ac.uk/pride/data/archive/2018/09/PXD009227/DoseTitration_QEHFX_60min_Fig3a_RAW.rar	v1.1.0	NT=ms-proteomics;VV=v1.1.0	NT=human;VV=v1.1.0	NT=cell-lines;VV=v1.1.0	NT=sdrf-skills;VV=v0.2.0	untreated	400 ug	NT=Q Exactive HF-X;AC=MS:1002877	60 minute LC gradient	updated EasyPhos workflow
U87_titration-60min_400ug_rep1	Homo sapiens	brain	U-87 MG	CVCL_0022	U-87MG ATCC	not available	not available	glioblastoma	cell line	male	not available	European ancestry	not available	not available	not available	not available	enrichment of phosphorylated protein	untreated	not applicable	400 ug	pooled	1	20171027_QEHF_SeHu_EP-20171017_Opt_400_1	proteomic profiling by mass spectrometry	NT=Q Exactive HF;AC=MS:1002523	NT=label free sample;AC=MS:1002038	NT=Trypsin/P;AC=MS:1001313	NT=Carbamidomethyl;AC=UNIMOD:4;TA=C;MT=Fixed	NT=Oxidation;AC=UNIMOD:35;TA=M;MT=Variable	NT=Acetyl;AC=UNIMOD:1;PP=Protein N-term;MT=Variable	NT=Phospho;AC=UNIMOD:21;TA=S,T,Y;MT=Variable	NT=Data-dependent acquisition;AC=PRIDE:0000627	NT=beam-type collision-induced dissociation;AC=MS:1000422	27 NCE	NT=orbitrap;AC=MS:1000484	not available	20 ppm	300m/z-1600m/z	0	70	60 minute LC gradient	not available	not available	not applicable	1	2	EP-20171017	updated EasyPhos workflow	2017-10-27T01:57:11	20171027_QEHF_SeHu_EP-20171017_Opt_400_1.raw	DoseTitration_QEHF_60min_Fig3a_RAW.rar	https://ftp.pride.ebi.ac.uk/pride/data/archive/2018/09/PXD009227/DoseTitration_QEHF_60min_Fig3a_RAW.rar	v1.1.0	NT=ms-proteomics;VV=v1.1.0	NT=human;VV=v1.1.0	NT=cell-lines;VV=v1.1.0	NT=sdrf-skills;VV=v0.2.0	untreated	400 ug	NT=Q Exactive HF;AC=MS:1002523	60 minute LC gradient	updated EasyPhos workflow
U87_titration-60min_400ug_rep2	Homo sapiens	brain	U-87 MG	CVCL_0022	U-87MG ATCC	not available	not available	glioblastoma	cell line	male	not available	European ancestry	not available	not available	not available	not available	enrichment of phosphorylated protein	untreated	not applicable	400 ug	pooled	1	20171018_QEHFX1_SeHu_EP-20171017_Opt_400_2	proteomic profiling by mass spectrometry	NT=Q Exactive HF-X;AC=MS:1002877	NT=label free sample;AC=MS:1002038	NT=Trypsin/P;AC=MS:1001313	NT=Carbamidomethyl;AC=UNIMOD:4;TA=C;MT=Fixed	NT=Oxidation;AC=UNIMOD:35;TA=M;MT=Variable	NT=Acetyl;AC=UNIMOD:1;PP=Protein N-term;MT=Variable	NT=Phospho;AC=UNIMOD:21;TA=S,T,Y;MT=Variable	NT=Data-dependent acquisition;AC=PRIDE:0000627	NT=beam-type collision-induced dissociation;AC=MS:1000422	27 NCE	NT=orbitrap;AC=MS:1000484	not available	20 ppm	300m/z-1600m/z	0	70	60 minute LC gradient	not available	not available	not applicable	1	1	EP-20171017	updated EasyPhos workflow	2017-10-19T18:40:38	20171018_QEHFX1_SeHu_EP-20171017_Opt_400_2.raw	DoseTitration_QEHFX_60min_Fig3a_RAW.rar	https://ftp.pride.ebi.ac.uk/pride/data/archive/2018/09/PXD009227/DoseTitration_QEHFX_60min_Fig3a_RAW.rar	v1.1.0	NT=ms-proteomics;VV=v1.1.0	NT=human;VV=v1.1.0	NT=cell-lines;VV=v1.1.0	NT=sdrf-skills;VV=v0.2.0	untreated	400 ug	NT=Q Exactive HF-X;AC=MS:1002877	60 minute LC gradient	updated EasyPhos workflow
U87_titration-60min_400ug_rep2	Homo sapiens	brain	U-87 MG	CVCL_0022	U-87MG ATCC	not available	not available	glioblastoma	cell line	male	not available	European ancestry	not available	not available	not available	not available	enrichment of phosphorylated protein	untreated	not applicable	400 ug	pooled	1	20171027_QEHF_SeHu_EP-20171017_Opt_400_2	proteomic profiling by mass spectrometry	NT=Q Exactive HF;AC=MS:1002523	NT=label free sample;AC=MS:1002038	NT=Trypsin/P;AC=MS:1001313	NT=Carbamidomethyl;AC=UNIMOD:4;TA=C;MT=Fixed	NT=Oxidation;AC=UNIMOD:35;TA=M;MT=Variable	NT=Acetyl;AC=UNIMOD:1;PP=Protein N-term;MT=Variable	NT=Phospho;AC=UNIMOD:21;TA=S,T,Y;MT=Variable	NT=Data-dependent acquisition;AC=PRIDE:0000627	NT=beam-type collision-induced dissociation;AC=MS:1000422	27 NCE	NT=orbitrap;AC=MS:1000484	not available	20 ppm	300m/z-1600m/z	0	70	60 minute LC gradient	not available	not available	not applicable	1	2	EP-20171017	updated EasyPhos workflow	2017-10-27T14:29:13	20171027_QEHF_SeHu_EP-20171017_Opt_400_2.raw	DoseTitration_QEHF_60min_Fig3a_RAW.rar	https://ftp.pride.ebi.ac.uk/pride/data/archive/2018/09/PXD009227/DoseTitration_QEHF_60min_Fig3a_RAW.rar	v1.1.0	NT=ms-proteomics;VV=v1.1.0	NT=human;VV=v1.1.0	NT=cell-lines;VV=v1.1.0	NT=sdrf-skills;VV=v0.2.0	untreated	400 ug	NT=Q Exactive HF;AC=MS:1002523	60 minute LC gradient	updated EasyPhos workflow
U87_titration-60min_400ug_rep3	Homo sapiens	brain	U-87 MG	CVCL_0022	U-87MG ATCC	not available	not available	glioblastoma	cell line	male	not available	European ancestry	not available	not available	not available	not available	enrichment of phosphorylated protein	untreated	not applicable	400 ug	pooled	1	20171018_QEHFX1_SeHu_EP-20171017_Opt_400_3	proteomic profiling by mass spectrometry	NT=Q Exactive HF-X;AC=MS:1002877	NT=label free sample;AC=MS:1002038	NT=Trypsin/P;AC=MS:1001313	NT=Carbamidomethyl;AC=UNIMOD:4;TA=C;MT=Fixed	NT=Oxidation;AC=UNIMOD:35;TA=M;MT=Variable	NT=Acetyl;AC=UNIMOD:1;PP=Protein N-term;MT=Variable	NT=Phospho;AC=UNIMOD:21;TA=S,T,Y;MT=Variable	NT=Data-dependent acquisition;AC=PRIDE:0000627	NT=beam-type collision-induced dissociation;AC=MS:1000422	27 NCE	NT=orbitrap;AC=MS:1000484	not available	20 ppm	300m/z-1600m/z	0	70	60 minute LC gradient	not available	not available	not applicable	1	1	EP-20171017	updated EasyPhos workflow	2017-10-20T08:31:24	20171018_QEHFX1_SeHu_EP-20171017_Opt_400_3.raw	DoseTitration_QEHFX_60min_Fig3a_RAW.rar	https://ftp.pride.ebi.ac.uk/pride/data/archive/2018/09/PXD009227/DoseTitration_QEHFX_60min_Fig3a_RAW.rar	v1.1.0	NT=ms-proteomics;VV=v1.1.0	NT=human;VV=v1.1.0	NT=cell-lines;VV=v1.1.0	NT=sdrf-skills;VV=v0.2.0	untreated	400 ug	NT=Q Exactive HF-X;AC=MS:1002877	60 minute LC gradient	updated EasyPhos workflow
U87_titration-60min_400ug_rep3	Homo sapiens	brain	U-87 MG	CVCL_0022	U-87MG ATCC	not available	not available	glioblastoma	cell line	male	not available	European ancestry	not available	not available	not available	not available	enrichment of phosphorylated protein	untreated	not applicable	400 ug	pooled	1	20171027_QEHF_SeHu_EP-20171017_Opt_400_3	proteomic profiling by mass spectrometry	NT=Q Exactive HF;AC=MS:1002523	NT=label free sample;AC=MS:1002038	NT=Trypsin/P;AC=MS:1001313	NT=Carbamidomethyl;AC=UNIMOD:4;TA=C;MT=Fixed	NT=Oxidation;AC=UNIMOD:35;TA=M;MT=Variable	NT=Acetyl;AC=UNIMOD:1;PP=Protein N-term;MT=Variable	NT=Phospho;AC=UNIMOD:21;TA=S,T,Y;MT=Variable	NT=Data-dependent acquisition;AC=PRIDE:0000627	NT=beam-type collision-induced dissociation;AC=MS:1000422	27 NCE	NT=orbitrap;AC=MS:1000484	not available	20 ppm	300m/z-1600m/z	0	70	60 minute LC gradient	not available	not available	not applicable	1	2	EP-20171017	updated EasyPhos workflow	2017-10-28T03:07:48	20171027_QEHF_SeHu_EP-20171017_Opt_400_3.raw	DoseTitration_QEHF_60min_Fig3a_RAW.rar	https://ftp.pride.ebi.ac.uk/pride/data/archive/2018/09/PXD009227/DoseTitration_QEHF_60min_Fig3a_RAW.rar	v1.1.0	NT=ms-proteomics;VV=v1.1.0	NT=human;VV=v1.1.0	NT=cell-lines;VV=v1.1.0	NT=sdrf-skills;VV=v0.2.0	untreated	400 ug	NT=Q Exactive HF;AC=MS:1002523	60 minute LC gradient	updated EasyPhos workflow
U87_titration-60min_400ug_rep4	Homo sapiens	brain	U-87 MG	CVCL_0022	U-87MG ATCC	not available	not available	glioblastoma	cell line	male	not available	European ancestry	not available	not available	not available	not available	enrichment of phosphorylated protein	untreated	not applicable	400 ug	pooled	1	20171018_QEHFX1_SeHu_EP-20171017_Opt_400_4	proteomic profiling by mass spectrometry	NT=Q Exactive HF-X;AC=MS:1002877	NT=label free sample;AC=MS:1002038	NT=Trypsin/P;AC=MS:1001313	NT=Carbamidomethyl;AC=UNIMOD:4;TA=C;MT=Fixed	NT=Oxidation;AC=UNIMOD:35;TA=M;MT=Variable	NT=Acetyl;AC=UNIMOD:1;PP=Protein N-term;MT=Variable	NT=Phospho;AC=UNIMOD:21;TA=S,T,Y;MT=Variable	NT=Data-dependent acquisition;AC=PRIDE:0000627	NT=beam-type collision-induced dissociation;AC=MS:1000422	27 NCE	NT=orbitrap;AC=MS:1000484	not available	20 ppm	300m/z-1600m/z	0	70	60 minute LC gradient	not available	not available	not applicable	1	1	EP-20171017	updated EasyPhos workflow	2017-10-20T22:25:20	20171018_QEHFX1_SeHu_EP-20171017_Opt_400_4.raw	DoseTitration_QEHFX_60min_Fig3a_RAW.rar	https://ftp.pride.ebi.ac.uk/pride/data/archive/2018/09/PXD009227/DoseTitration_QEHFX_60min_Fig3a_RAW.rar	v1.1.0	NT=ms-proteomics;VV=v1.1.0	NT=human;VV=v1.1.0	NT=cell-lines;VV=v1.1.0	NT=sdrf-skills;VV=v0.2.0	untreated	400 ug	NT=Q Exactive HF-X;AC=MS:1002877	60 minute LC gradient	updated EasyPhos workflow
U87_titration-60min_400ug_rep4	Homo sapiens	brain	U-87 MG	CVCL_0022	U-87MG ATCC	not available	not available	glioblastoma	cell line	male	not available	European ancestry	not available	not available	not available	not available	enrichment of phosphorylated protein	untreated	not applicable	400 ug	pooled	1	20171027_QEHF_SeHu_EP-20171017_Opt_400_4	proteomic profiling by mass spectrometry	NT=Q Exactive HF;AC=MS:1002523	NT=label free sample;AC=MS:1002038	NT=Trypsin/P;AC=MS:1001313	NT=Carbamidomethyl;AC=UNIMOD:4;TA=C;MT=Fixed	NT=Oxidation;AC=UNIMOD:35;TA=M;MT=Variable	NT=Acetyl;AC=UNIMOD:1;PP=Protein N-term;MT=Variable	NT=Phospho;AC=UNIMOD:21;TA=S,T,Y;MT=Variable	NT=Data-dependent acquisition;AC=PRIDE:0000627	NT=beam-type collision-induced dissociation;AC=MS:1000422	27 NCE	NT=orbitrap;AC=MS:1000484	not available	20 ppm	300m/z-1600m/z	0	70	60 minute LC gradient	not available	not available	not applicable	1	2	EP-20171017	updated EasyPhos workflow	2017-10-28T15:50:00	20171027_QEHF_SeHu_EP-20171017_Opt_400_4.raw	DoseTitration_QEHF_60min_Fig3a_RAW.rar	https://ftp.pride.ebi.ac.uk/pride/data/archive/2018/09/PXD009227/DoseTitration_QEHF_60min_Fig3a_RAW.rar	v1.1.0	NT=ms-proteomics;VV=v1.1.0	NT=human;VV=v1.1.0	NT=cell-lines;VV=v1.1.0	NT=sdrf-skills;VV=v0.2.0	untreated	400 ug	NT=Q Exactive HF;AC=MS:1002523	60 minute LC gradient	updated EasyPhos workflow
U87_gradient-15m_rep1	Homo sapiens	brain	U-87 MG	CVCL_0022	U-87MG ATCC	not available	not available	glioblastoma	cell line	male	not available	European ancestry	not available	not available	not available	not available	enrichment of phosphorylated protein	not available	not applicable	not available	not available	1	20180303_QEHFX1_SeHu_EP_Gradient_15m_1	proteomic profiling by mass spectrometry	NT=Q Exactive HF-X;AC=MS:1002877	NT=label free sample;AC=MS:1002038	NT=Trypsin/P;AC=MS:1001313	NT=Carbamidomethyl;AC=UNIMOD:4;TA=C;MT=Fixed	NT=Oxidation;AC=UNIMOD:35;TA=M;MT=Variable	NT=Acetyl;AC=UNIMOD:1;PP=Protein N-term;MT=Variable	NT=Phospho;AC=UNIMOD:21;TA=S,T,Y;MT=Variable	NT=Data-dependent acquisition;AC=PRIDE:0000627	NT=beam-type collision-induced dissociation;AC=MS:1000422	27 NCE	NT=orbitrap;AC=MS:1000484	not available	20 ppm	300m/z-1600m/z	0	25	15 minute LC gradient	not available	not available	not applicable	1	1	not available	not available	2018-03-04T04:42:29	20180303_QEHFX1_SeHu_EP_Gradient_15m_1.raw	Gradientcompare_QEHFX_Fig3b_RAW.rar	https://ftp.pride.ebi.ac.uk/pride/data/archive/2018/09/PXD009227/Gradientcompare_QEHFX_Fig3b_RAW.rar	v1.1.0	NT=ms-proteomics;VV=v1.1.0	NT=human;VV=v1.1.0	NT=cell-lines;VV=v1.1.0	NT=sdrf-skills;VV=v0.2.0	not available	not available	NT=Q Exactive HF-X;AC=MS:1002877	15 minute LC gradient	not available
U87_gradient-15m_rep2	Homo sapiens	brain	U-87 MG	CVCL_0022	U-87MG ATCC	not available	not available	glioblastoma	cell line	male	not available	European ancestry	not available	not available	not available	not available	enrichment of phosphorylated protein	not available	not applicable	not available	not available	2	20180303_QEHFX1_SeHu_EP_Gradient_15m_2	proteomic profiling by mass spectrometry	NT=Q Exactive HF-X;AC=MS:1002877	NT=label free sample;AC=MS:1002038	NT=Trypsin/P;AC=MS:1001313	NT=Carbamidomethyl;AC=UNIMOD:4;TA=C;MT=Fixed	NT=Oxidation;AC=UNIMOD:35;TA=M;MT=Variable	NT=Acetyl;AC=UNIMOD:1;PP=Protein N-term;MT=Variable	NT=Phospho;AC=UNIMOD:21;TA=S,T,Y;MT=Variable	NT=Data-dependent acquisition;AC=PRIDE:0000627	NT=beam-type collision-induced dissociation;AC=MS:1000422	27 NCE	NT=orbitrap;AC=MS:1000484	not available	20 ppm	300m/z-1600m/z	0	25	15 minute LC gradient	not available	not available	not applicable	1	1	not available	not available	2018-03-04T11:46:16	20180303_QEHFX1_SeHu_EP_Gradient_15m_2.raw	Gradientcompare_QEHFX_Fig3b_RAW.rar	https://ftp.pride.ebi.ac.uk/pride/data/archive/2018/09/PXD009227/Gradientcompare_QEHFX_Fig3b_RAW.rar	v1.1.0	NT=ms-proteomics;VV=v1.1.0	NT=human;VV=v1.1.0	NT=cell-lines;VV=v1.1.0	NT=sdrf-skills;VV=v0.2.0	not available	not available	NT=Q Exactive HF-X;AC=MS:1002877	15 minute LC gradient	not available
U87_gradient-15m_rep3	Homo sapiens	brain	U-87 MG	CVCL_0022	U-87MG ATCC	not available	not available	glioblastoma	cell line	male	not available	European ancestry	not available	not available	not available	not available	enrichment of phosphorylated protein	not available	not applicable	not available	not available	3	20180303_QEHFX1_SeHu_EP_Gradient_15m_3	proteomic profiling by mass spectrometry	NT=Q Exactive HF-X;AC=MS:1002877	NT=label free sample;AC=MS:1002038	NT=Trypsin/P;AC=MS:1001313	NT=Carbamidomethyl;AC=UNIMOD:4;TA=C;MT=Fixed	NT=Oxidation;AC=UNIMOD:35;TA=M;MT=Variable	NT=Acetyl;AC=UNIMOD:1;PP=Protein N-term;MT=Variable	NT=Phospho;AC=UNIMOD:21;TA=S,T,Y;MT=Variable	NT=Data-dependent acquisition;AC=PRIDE:0000627	NT=beam-type collision-induced dissociation;AC=MS:1000422	27 NCE	NT=orbitrap;AC=MS:1000484	not available	20 ppm	300m/z-1600m/z	0	25	15 minute LC gradient	not available	not available	not applicable	1	1	not available	not available	2018-03-04T18:53:48	20180303_QEHFX1_SeHu_EP_Gradient_15m_3.raw	Gradientcompare_QEHFX_Fig3b_RAW.rar	https://ftp.pride.ebi.ac.uk/pride/data/archive/2018/09/PXD009227/Gradientcompare_QEHFX_Fig3b_RAW.rar	v1.1.0	NT=ms-proteomics;VV=v1.1.0	NT=human;VV=v1.1.0	NT=cell-lines;VV=v1.1.0	NT=sdrf-skills;VV=v0.2.0	not available	not available	NT=Q Exactive HF-X;AC=MS:1002877	15 minute LC gradient	not available
U87_gradient-30m_rep1	Homo sapiens	brain	U-87 MG	CVCL_0022	U-87MG ATCC	not available	not available	glioblastoma	cell line	male	not available	European ancestry	not available	not available	not available	not available	enrichment of phosphorylated protein	not available	not applicable	not available	not available	1	20180303_QEHFX1_SeHu_EP_Gradient_30m_1	proteomic profiling by mass spectrometry	NT=Q Exactive HF-X;AC=MS:1002877	NT=label free sample;AC=MS:1002038	NT=Trypsin/P;AC=MS:1001313	NT=Carbamidomethyl;AC=UNIMOD:4;TA=C;MT=Fixed	NT=Oxidation;AC=UNIMOD:35;TA=M;MT=Variable	NT=Acetyl;AC=UNIMOD:1;PP=Protein N-term;MT=Variable	NT=Phospho;AC=UNIMOD:21;TA=S,T,Y;MT=Variable	NT=Data-dependent acquisition;AC=PRIDE:0000627	NT=beam-type collision-induced dissociation;AC=MS:1000422	27 NCE	NT=orbitrap;AC=MS:1000484	not available	20 ppm	300m/z-1600m/z	0	40	30 minute LC gradient	not available	not available	not applicable	1	1	not available	not available	2018-03-04T03:31:55	20180303_QEHFX1_SeHu_EP_Gradient_30m_1.raw	Gradientcompare_QEHFX_Fig3b_RAW.rar	https://ftp.pride.ebi.ac.uk/pride/data/archive/2018/09/PXD009227/Gradientcompare_QEHFX_Fig3b_RAW.rar	v1.1.0	NT=ms-proteomics;VV=v1.1.0	NT=human;VV=v1.1.0	NT=cell-lines;VV=v1.1.0	NT=sdrf-skills;VV=v0.2.0	not available	not available	NT=Q Exactive HF-X;AC=MS:1002877	30 minute LC gradient	not available
U87_gradient-30m_rep2	Homo sapiens	brain	U-87 MG	CVCL_0022	U-87MG ATCC	not available	not available	glioblastoma	cell line	male	not available	European ancestry	not available	not available	not available	not available	enrichment of phosphorylated protein	not available	not applicable	not available	not available	2	20180303_QEHFX1_SeHu_EP_Gradient_30m_2	proteomic profiling by mass spectrometry	NT=Q Exactive HF-X;AC=MS:1002877	NT=label free sample;AC=MS:1002038	NT=Trypsin/P;AC=MS:1001313	NT=Carbamidomethyl;AC=UNIMOD:4;TA=C;MT=Fixed	NT=Oxidation;AC=UNIMOD:35;TA=M;MT=Variable	NT=Acetyl;AC=UNIMOD:1;PP=Protein N-term;MT=Variable	NT=Phospho;AC=UNIMOD:21;TA=S,T,Y;MT=Variable	NT=Data-dependent acquisition;AC=PRIDE:0000627	NT=beam-type collision-induced dissociation;AC=MS:1000422	27 NCE	NT=orbitrap;AC=MS:1000484	not available	20 ppm	300m/z-1600m/z	0	40	30 minute LC gradient	not available	not available	not applicable	1	1	not available	not available	2018-03-04T10:34:33	20180303_QEHFX1_SeHu_EP_Gradient_30m_2.raw	Gradientcompare_QEHFX_Fig3b_RAW.rar	https://ftp.pride.ebi.ac.uk/pride/data/archive/2018/09/PXD009227/Gradientcompare_QEHFX_Fig3b_RAW.rar	v1.1.0	NT=ms-proteomics;VV=v1.1.0	NT=human;VV=v1.1.0	NT=cell-lines;VV=v1.1.0	NT=sdrf-skills;VV=v0.2.0	not available	not available	NT=Q Exactive HF-X;AC=MS:1002877	30 minute LC gradient	not available
U87_gradient-30m_rep3	Homo sapiens	brain	U-87 MG	CVCL_0022	U-87MG ATCC	not available	not available	glioblastoma	cell line	male	not available	European ancestry	not available	not available	not available	not available	enrichment of phosphorylated protein	not available	not applicable	not available	not available	3	20180303_QEHFX1_SeHu_EP_Gradient_30m_3	proteomic profiling by mass spectrometry	NT=Q Exactive HF-X;AC=MS:1002877	NT=label free sample;AC=MS:1002038	NT=Trypsin/P;AC=MS:1001313	NT=Carbamidomethyl;AC=UNIMOD:4;TA=C;MT=Fixed	NT=Oxidation;AC=UNIMOD:35;TA=M;MT=Variable	NT=Acetyl;AC=UNIMOD:1;PP=Protein N-term;MT=Variable	NT=Phospho;AC=UNIMOD:21;TA=S,T,Y;MT=Variable	NT=Data-dependent acquisition;AC=PRIDE:0000627	NT=beam-type collision-induced dissociation;AC=MS:1000422	27 NCE	NT=orbitrap;AC=MS:1000484	not available	20 ppm	300m/z-1600m/z	0	40	30 minute LC gradient	not available	not available	not applicable	1	1	not available	not available	2018-03-04T17:41:29	20180303_QEHFX1_SeHu_EP_Gradient_30m_3.raw	Gradientcompare_QEHFX_Fig3b_RAW.rar	https://ftp.pride.ebi.ac.uk/pride/data/archive/2018/09/PXD009227/Gradientcompare_QEHFX_Fig3b_RAW.rar	v1.1.0	NT=ms-proteomics;VV=v1.1.0	NT=human;VV=v1.1.0	NT=cell-lines;VV=v1.1.0	NT=sdrf-skills;VV=v0.2.0	not available	not available	NT=Q Exactive HF-X;AC=MS:1002877	30 minute LC gradient	not available
U87_gradient-60m_rep1	Homo sapiens	brain	U-87 MG	CVCL_0022	U-87MG ATCC	not available	not available	glioblastoma	cell line	male	not available	European ancestry	not available	not available	not available	not available	enrichment of phosphorylated protein	not available	not applicable	not available	not available	1	20180303_QEHFX1_SeHu_EP_Gradient_60m_1	proteomic profiling by mass spectrometry	NT=Q Exactive HF-X;AC=MS:1002877	NT=label free sample;AC=MS:1002038	NT=Trypsin/P;AC=MS:1001313	NT=Carbamidomethyl;AC=UNIMOD:4;TA=C;MT=Fixed	NT=Oxidation;AC=UNIMOD:35;TA=M;MT=Variable	NT=Acetyl;AC=UNIMOD:1;PP=Protein N-term;MT=Variable	NT=Phospho;AC=UNIMOD:21;TA=S,T,Y;MT=Variable	NT=Data-dependent acquisition;AC=PRIDE:0000627	NT=beam-type collision-induced dissociation;AC=MS:1000422	27 NCE	NT=orbitrap;AC=MS:1000484	not available	20 ppm	300m/z-1600m/z	0	70	60 minute LC gradient	not available	not available	not applicable	1	1	not available	not available	2018-03-04T01:51:16	20180303_QEHFX1_SeHu_EP_Gradient_60m_1.raw	Gradientcompare_QEHFX_Fig3b_RAW.rar	https://ftp.pride.ebi.ac.uk/pride/data/archive/2018/09/PXD009227/Gradientcompare_QEHFX_Fig3b_RAW.rar	v1.1.0	NT=ms-proteomics;VV=v1.1.0	NT=human;VV=v1.1.0	NT=cell-lines;VV=v1.1.0	NT=sdrf-skills;VV=v0.2.0	not available	not available	NT=Q Exactive HF-X;AC=MS:1002877	60 minute LC gradient	not available
U87_gradient-60m_rep2	Homo sapiens	brain	U-87 MG	CVCL_0022	U-87MG ATCC	not available	not available	glioblastoma	cell line	male	not available	European ancestry	not available	not available	not available	not available	enrichment of phosphorylated protein	not available	not applicable	not available	not available	2	20180303_QEHFX1_SeHu_EP_Gradient_60m_2	proteomic profiling by mass spectrometry	NT=Q Exactive HF-X;AC=MS:1002877	NT=label free sample;AC=MS:1002038	NT=Trypsin/P;AC=MS:1001313	NT=Carbamidomethyl;AC=UNIMOD:4;TA=C;MT=Fixed	NT=Oxidation;AC=UNIMOD:35;TA=M;MT=Variable	NT=Acetyl;AC=UNIMOD:1;PP=Protein N-term;MT=Variable	NT=Phospho;AC=UNIMOD:21;TA=S,T,Y;MT=Variable	NT=Data-dependent acquisition;AC=PRIDE:0000627	NT=beam-type collision-induced dissociation;AC=MS:1000422	27 NCE	NT=orbitrap;AC=MS:1000484	not available	20 ppm	300m/z-1600m/z	0	70	60 minute LC gradient	not available	not available	not applicable	1	1	not available	not available	2018-03-04T08:53:02	20180303_QEHFX1_SeHu_EP_Gradient_60m_2.raw	Gradientcompare_QEHFX_Fig3b_RAW.rar	https://ftp.pride.ebi.ac.uk/pride/data/archive/2018/09/PXD009227/Gradientcompare_QEHFX_Fig3b_RAW.rar	v1.1.0	NT=ms-proteomics;VV=v1.1.0	NT=human;VV=v1.1.0	NT=cell-lines;VV=v1.1.0	NT=sdrf-skills;VV=v0.2.0	not available	not available	NT=Q Exactive HF-X;AC=MS:1002877	60 minute LC gradient	not available
U87_gradient-60m_rep3	Homo sapiens	brain	U-87 MG	CVCL_0022	U-87MG ATCC	not available	not available	glioblastoma	cell line	male	not available	European ancestry	not available	not available	not available	not available	enrichment of phosphorylated protein	not available	not applicable	not available	not available	3	20180303_QEHFX1_SeHu_EP_Gradient_60m_3	proteomic profiling by mass spectrometry	NT=Q Exactive HF-X;AC=MS:1002877	NT=label free sample;AC=MS:1002038	NT=Trypsin/P;AC=MS:1001313	NT=Carbamidomethyl;AC=UNIMOD:4;TA=C;MT=Fixed	NT=Oxidation;AC=UNIMOD:35;TA=M;MT=Variable	NT=Acetyl;AC=UNIMOD:1;PP=Protein N-term;MT=Variable	NT=Phospho;AC=UNIMOD:21;TA=S,T,Y;MT=Variable	NT=Data-dependent acquisition;AC=PRIDE:0000627	NT=beam-type collision-induced dissociation;AC=MS:1000422	27 NCE	NT=orbitrap;AC=MS:1000484	not available	20 ppm	300m/z-1600m/z	0	70	60 minute LC gradient	not available	not available	not applicable	1	1	not available	not available	2018-03-04T15:59:14	20180303_QEHFX1_SeHu_EP_Gradient_60m_3.raw	Gradientcompare_QEHFX_Fig3b_RAW.rar	https://ftp.pride.ebi.ac.uk/pride/data/archive/2018/09/PXD009227/Gradientcompare_QEHFX_Fig3b_RAW.rar	v1.1.0	NT=ms-proteomics;VV=v1.1.0	NT=human;VV=v1.1.0	NT=cell-lines;VV=v1.1.0	NT=sdrf-skills;VV=v0.2.0	not available	not available	NT=Q Exactive HF-X;AC=MS:1002877	60 minute LC gradient	not available
U87_gradient-90m_rep1	Homo sapiens	brain	U-87 MG	CVCL_0022	U-87MG ATCC	not available	not available	glioblastoma	cell line	male	not available	European ancestry	not available	not available	not available	not available	enrichment of phosphorylated protein	not available	not applicable	not available	not available	1	20180303_QEHFX1_SeHu_EP_Gradient_90m_1	proteomic profiling by mass spectrometry	NT=Q Exactive HF-X;AC=MS:1002877	NT=label free sample;AC=MS:1002038	NT=Trypsin/P;AC=MS:1001313	NT=Carbamidomethyl;AC=UNIMOD:4;TA=C;MT=Fixed	NT=Oxidation;AC=UNIMOD:35;TA=M;MT=Variable	NT=Acetyl;AC=UNIMOD:1;PP=Protein N-term;MT=Variable	NT=Phospho;AC=UNIMOD:21;TA=S,T,Y;MT=Variable	NT=Data-dependent acquisition;AC=PRIDE:0000627	NT=beam-type collision-induced dissociation;AC=MS:1000422	27 NCE	NT=orbitrap;AC=MS:1000484	not available	20 ppm	300m/z-1600m/z	0	100	90 minute LC gradient	not available	not available	not applicable	1	1	not available	not available	2018-03-03T23:41:05	20180303_QEHFX1_SeHu_EP_Gradient_90m_1.raw	Gradientcompare_QEHFX_Fig3b_RAW.rar	https://ftp.pride.ebi.ac.uk/pride/data/archive/2018/09/PXD009227/Gradientcompare_QEHFX_Fig3b_RAW.rar	v1.1.0	NT=ms-proteomics;VV=v1.1.0	NT=human;VV=v1.1.0	NT=cell-lines;VV=v1.1.0	NT=sdrf-skills;VV=v0.2.0	not available	not available	NT=Q Exactive HF-X;AC=MS:1002877	90 minute LC gradient	not available
U87_gradient-90m_rep2	Homo sapiens	brain	U-87 MG	CVCL_0022	U-87MG ATCC	not available	not available	glioblastoma	cell line	male	not available	European ancestry	not available	not available	not available	not available	enrichment of phosphorylated protein	not available	not applicable	not available	not available	2	20180303_QEHFX1_SeHu_EP_Gradient_90m_2	proteomic profiling by mass spectrometry	NT=Q Exactive HF-X;AC=MS:1002877	NT=label free sample;AC=MS:1002038	NT=Trypsin/P;AC=MS:1001313	NT=Carbamidomethyl;AC=UNIMOD:4;TA=C;MT=Fixed	NT=Oxidation;AC=UNIMOD:35;TA=M;MT=Variable	NT=Acetyl;AC=UNIMOD:1;PP=Protein N-term;MT=Variable	NT=Phospho;AC=UNIMOD:21;TA=S,T,Y;MT=Variable	NT=Data-dependent acquisition;AC=PRIDE:0000627	NT=beam-type collision-induced dissociation;AC=MS:1000422	27 NCE	NT=orbitrap;AC=MS:1000484	not available	20 ppm	300m/z-1600m/z	0	100	90 minute LC gradient	not available	not available	not applicable	1	1	not available	not available	2018-03-04T06:41:33	20180303_QEHFX1_SeHu_EP_Gradient_90m_2.raw	Gradientcompare_QEHFX_Fig3b_RAW.rar	https://ftp.pride.ebi.ac.uk/pride/data/archive/2018/09/PXD009227/Gradientcompare_QEHFX_Fig3b_RAW.rar	v1.1.0	NT=ms-proteomics;VV=v1.1.0	NT=human;VV=v1.1.0	NT=cell-lines;VV=v1.1.0	NT=sdrf-skills;VV=v0.2.0	not available	not available	NT=Q Exactive HF-X;AC=MS:1002877	90 minute LC gradient	not available
U87_gradient-90m_rep3	Homo sapiens	brain	U-87 MG	CVCL_0022	U-87MG ATCC	not available	not available	glioblastoma	cell line	male	not available	European ancestry	not available	not available	not available	not available	enrichment of phosphorylated protein	not available	not applicable	not available	not available	3	20180303_QEHFX1_SeHu_EP_Gradient_90m_3	proteomic profiling by mass spectrometry	NT=Q Exactive HF-X;AC=MS:1002877	NT=label free sample;AC=MS:1002038	NT=Trypsin/P;AC=MS:1001313	NT=Carbamidomethyl;AC=UNIMOD:4;TA=C;MT=Fixed	NT=Oxidation;AC=UNIMOD:35;TA=M;MT=Variable	NT=Acetyl;AC=UNIMOD:1;PP=Protein N-term;MT=Variable	NT=Phospho;AC=UNIMOD:21;TA=S,T,Y;MT=Variable	NT=Data-dependent acquisition;AC=PRIDE:0000627	NT=beam-type collision-induced dissociation;AC=MS:1000422	27 NCE	NT=orbitrap;AC=MS:1000484	not available	20 ppm	300m/z-1600m/z	0	100	90 minute LC gradient	not available	not available	not applicable	1	1	not available	not available	2018-03-04T13:47:03	20180303_QEHFX1_SeHu_EP_Gradient_90m_3.raw	Gradientcompare_QEHFX_Fig3b_RAW.rar	https://ftp.pride.ebi.ac.uk/pride/data/archive/2018/09/PXD009227/Gradientcompare_QEHFX_Fig3b_RAW.rar	v1.1.0	NT=ms-proteomics;VV=v1.1.0	NT=human;VV=v1.1.0	NT=cell-lines;VV=v1.1.0	NT=sdrf-skills;VV=v0.2.0	not available	not available	NT=Q Exactive HF-X;AC=MS:1002877	90 minute LC gradient	not available
U87_control_200ug_biorep1	Homo sapiens	brain	U-87 MG	CVCL_0022	U-87MG ATCC	not available	not available	glioblastoma	cell line	male	not available	European ancestry	not available	not available	not available	not available	enrichment of phosphorylated protein	untreated	0 minute	200 ug	not pooled	1	20171021_QEHFX1_SeHu_EP-20171021_U87_200_CTRL_1	proteomic profiling by mass spectrometry	NT=Q Exactive HF-X;AC=MS:1002877	NT=label free sample;AC=MS:1002038	NT=Trypsin/P;AC=MS:1001313	NT=Carbamidomethyl;AC=UNIMOD:4;TA=C;MT=Fixed	NT=Oxidation;AC=UNIMOD:35;TA=M;MT=Variable	NT=Acetyl;AC=UNIMOD:1;PP=Protein N-term;MT=Variable	NT=Phospho;AC=UNIMOD:21;TA=S,T,Y;MT=Variable	NT=Data-dependent acquisition;AC=PRIDE:0000627	NT=beam-type collision-induced dissociation;AC=MS:1000422	27 NCE	NT=orbitrap;AC=MS:1000484	not available	20 ppm	300m/z-1600m/z	0	70	60 minute LC gradient	not available	not available	not applicable	1	1	EP-20171021	updated EasyPhos workflow	2017-10-22T08:07:31	20171021_QEHFX1_SeHu_EP-20171021_U87_200_CTRL_1.raw	EGFStimulation_QEHFX_Figure4_RAW.rar	https://ftp.pride.ebi.ac.uk/pride/data/archive/2018/09/PXD009227/EGFStimulation_QEHFX_Figure4_RAW.rar	v1.1.0	NT=ms-proteomics;VV=v1.1.0	NT=human;VV=v1.1.0	NT=cell-lines;VV=v1.1.0	NT=sdrf-skills;VV=v0.2.0	untreated	200 ug	NT=Q Exactive HF-X;AC=MS:1002877	60 minute LC gradient	updated EasyPhos workflow
U87_control_200ug_biorep2	Homo sapiens	brain	U-87 MG	CVCL_0022	U-87MG ATCC	not available	not available	glioblastoma	cell line	male	not available	European ancestry	not available	not available	not available	not available	enrichment of phosphorylated protein	untreated	0 minute	200 ug	not pooled	2	20171021_QEHFX1_SeHu_EP-20171021_U87_200_CTRL_2	proteomic profiling by mass spectrometry	NT=Q Exactive HF-X;AC=MS:1002877	NT=label free sample;AC=MS:1002038	NT=Trypsin/P;AC=MS:1001313	NT=Carbamidomethyl;AC=UNIMOD:4;TA=C;MT=Fixed	NT=Oxidation;AC=UNIMOD:35;TA=M;MT=Variable	NT=Acetyl;AC=UNIMOD:1;PP=Protein N-term;MT=Variable	NT=Phospho;AC=UNIMOD:21;TA=S,T,Y;MT=Variable	NT=Data-dependent acquisition;AC=PRIDE:0000627	NT=beam-type collision-induced dissociation;AC=MS:1000422	27 NCE	NT=orbitrap;AC=MS:1000484	not available	20 ppm	300m/z-1600m/z	0	70	60 minute LC gradient	not available	not available	not applicable	1	1	EP-20171021	updated EasyPhos workflow	2017-10-22T09:48:36	20171021_QEHFX1_SeHu_EP-20171021_U87_200_CTRL_2.raw	EGFStimulation_QEHFX_Figure4_RAW.rar	https://ftp.pride.ebi.ac.uk/pride/data/archive/2018/09/PXD009227/EGFStimulation_QEHFX_Figure4_RAW.rar	v1.1.0	NT=ms-proteomics;VV=v1.1.0	NT=human;VV=v1.1.0	NT=cell-lines;VV=v1.1.0	NT=sdrf-skills;VV=v0.2.0	untreated	200 ug	NT=Q Exactive HF-X;AC=MS:1002877	60 minute LC gradient	updated EasyPhos workflow
U87_control_200ug_biorep3	Homo sapiens	brain	U-87 MG	CVCL_0022	U-87MG ATCC	not available	not available	glioblastoma	cell line	male	not available	European ancestry	not available	not available	not available	not available	enrichment of phosphorylated protein	untreated	0 minute	200 ug	not pooled	3	20171021_QEHFX1_SeHu_EP-20171021_U87_200_CTRL_3	proteomic profiling by mass spectrometry	NT=Q Exactive HF-X;AC=MS:1002877	NT=label free sample;AC=MS:1002038	NT=Trypsin/P;AC=MS:1001313	NT=Carbamidomethyl;AC=UNIMOD:4;TA=C;MT=Fixed	NT=Oxidation;AC=UNIMOD:35;TA=M;MT=Variable	NT=Acetyl;AC=UNIMOD:1;PP=Protein N-term;MT=Variable	NT=Phospho;AC=UNIMOD:21;TA=S,T,Y;MT=Variable	NT=Data-dependent acquisition;AC=PRIDE:0000627	NT=beam-type collision-induced dissociation;AC=MS:1000422	27 NCE	NT=orbitrap;AC=MS:1000484	not available	20 ppm	300m/z-1600m/z	0	70	60 minute LC gradient	not available	not available	not applicable	1	1	EP-20171021	updated EasyPhos workflow	2017-10-22T11:30:02	20171021_QEHFX1_SeHu_EP-20171021_U87_200_CTRL_3.raw	EGFStimulation_QEHFX_Figure4_RAW.rar	https://ftp.pride.ebi.ac.uk/pride/data/archive/2018/09/PXD009227/EGFStimulation_QEHFX_Figure4_RAW.rar	v1.1.0	NT=ms-proteomics;VV=v1.1.0	NT=human;VV=v1.1.0	NT=cell-lines;VV=v1.1.0	NT=sdrf-skills;VV=v0.2.0	untreated	200 ug	NT=Q Exactive HF-X;AC=MS:1002877	60 minute LC gradient	updated EasyPhos workflow
U87_control_200ug_biorep4	Homo sapiens	brain	U-87 MG	CVCL_0022	U-87MG ATCC	not available	not available	glioblastoma	cell line	male	not available	European ancestry	not available	not available	not available	not available	enrichment of phosphorylated protein	untreated	0 minute	200 ug	not pooled	4	20171021_QEHFX1_SeHu_EP-20171021_U87_200_CTRL_4	proteomic profiling by mass spectrometry	NT=Q Exactive HF-X;AC=MS:1002877	NT=label free sample;AC=MS:1002038	NT=Trypsin/P;AC=MS:1001313	NT=Carbamidomethyl;AC=UNIMOD:4;TA=C;MT=Fixed	NT=Oxidation;AC=UNIMOD:35;TA=M;MT=Variable	NT=Acetyl;AC=UNIMOD:1;PP=Protein N-term;MT=Variable	NT=Phospho;AC=UNIMOD:21;TA=S,T,Y;MT=Variable	NT=Data-dependent acquisition;AC=PRIDE:0000627	NT=beam-type collision-induced dissociation;AC=MS:1000422	27 NCE	NT=orbitrap;AC=MS:1000484	not available	20 ppm	300m/z-1600m/z	0	70	60 minute LC gradient	not available	not available	not applicable	1	1	EP-20171021	updated EasyPhos workflow	2017-10-22T13:11:37	20171021_QEHFX1_SeHu_EP-20171021_U87_200_CTRL_4.raw	EGFStimulation_QEHFX_Figure4_RAW.rar	https://ftp.pride.ebi.ac.uk/pride/data/archive/2018/09/PXD009227/EGFStimulation_QEHFX_Figure4_RAW.rar	v1.1.0	NT=ms-proteomics;VV=v1.1.0	NT=human;VV=v1.1.0	NT=cell-lines;VV=v1.1.0	NT=sdrf-skills;VV=v0.2.0	untreated	200 ug	NT=Q Exactive HF-X;AC=MS:1002877	60 minute LC gradient	updated EasyPhos workflow
U87_control_200ug_biorep5	Homo sapiens	brain	U-87 MG	CVCL_0022	U-87MG ATCC	not available	not available	glioblastoma	cell line	male	not available	European ancestry	not available	not available	not available	not available	enrichment of phosphorylated protein	untreated	0 minute	200 ug	not pooled	5	20171021_QEHFX1_SeHu_EP-20171021_U87_200_CTRL_5	proteomic profiling by mass spectrometry	NT=Q Exactive HF-X;AC=MS:1002877	NT=label free sample;AC=MS:1002038	NT=Trypsin/P;AC=MS:1001313	NT=Carbamidomethyl;AC=UNIMOD:4;TA=C;MT=Fixed	NT=Oxidation;AC=UNIMOD:35;TA=M;MT=Variable	NT=Acetyl;AC=UNIMOD:1;PP=Protein N-term;MT=Variable	NT=Phospho;AC=UNIMOD:21;TA=S,T,Y;MT=Variable	NT=Data-dependent acquisition;AC=PRIDE:0000627	NT=beam-type collision-induced dissociation;AC=MS:1000422	27 NCE	NT=orbitrap;AC=MS:1000484	not available	20 ppm	300m/z-1600m/z	0	70	60 minute LC gradient	not available	not available	not applicable	1	1	EP-20171021	updated EasyPhos workflow	2017-10-22T14:53:07	20171021_QEHFX1_SeHu_EP-20171021_U87_200_CTRL_5.raw	EGFStimulation_QEHFX_Figure4_RAW.rar	https://ftp.pride.ebi.ac.uk/pride/data/archive/2018/09/PXD009227/EGFStimulation_QEHFX_Figure4_RAW.rar	v1.1.0	NT=ms-proteomics;VV=v1.1.0	NT=human;VV=v1.1.0	NT=cell-lines;VV=v1.1.0	NT=sdrf-skills;VV=v0.2.0	untreated	200 ug	NT=Q Exactive HF-X;AC=MS:1002877	60 minute LC gradient	updated EasyPhos workflow
U87_control_200ug_biorep6	Homo sapiens	brain	U-87 MG	CVCL_0022	U-87MG ATCC	not available	not available	glioblastoma	cell line	male	not available	European ancestry	not available	not available	not available	not available	enrichment of phosphorylated protein	untreated	0 minute	200 ug	not pooled	6	20171021_QEHFX1_SeHu_EP-20171021_U87_200_CTRL_6	proteomic profiling by mass spectrometry	NT=Q Exactive HF-X;AC=MS:1002877	NT=label free sample;AC=MS:1002038	NT=Trypsin/P;AC=MS:1001313	NT=Carbamidomethyl;AC=UNIMOD:4;TA=C;MT=Fixed	NT=Oxidation;AC=UNIMOD:35;TA=M;MT=Variable	NT=Acetyl;AC=UNIMOD:1;PP=Protein N-term;MT=Variable	NT=Phospho;AC=UNIMOD:21;TA=S,T,Y;MT=Variable	NT=Data-dependent acquisition;AC=PRIDE:0000627	NT=beam-type collision-induced dissociation;AC=MS:1000422	27 NCE	NT=orbitrap;AC=MS:1000484	not available	20 ppm	300m/z-1600m/z	0	70	60 minute LC gradient	not available	not available	not applicable	1	1	EP-20171021	updated EasyPhos workflow	2017-10-23T03:08:35	20171021_QEHFX1_SeHu_EP-20171021_U87_200_CTRL_6.raw	EGFStimulation_QEHFX_Figure4_RAW.rar	https://ftp.pride.ebi.ac.uk/pride/data/archive/2018/09/PXD009227/EGFStimulation_QEHFX_Figure4_RAW.rar	v1.1.0	NT=ms-proteomics;VV=v1.1.0	NT=human;VV=v1.1.0	NT=cell-lines;VV=v1.1.0	NT=sdrf-skills;VV=v0.2.0	untreated	200 ug	NT=Q Exactive HF-X;AC=MS:1002877	60 minute LC gradient	updated EasyPhos workflow
U87_EGF-15min_200ug_biorep1	Homo sapiens	brain	U-87 MG	CVCL_0022	U-87MG ATCC	not available	not available	glioblastoma	cell line	male	not available	European ancestry	not available	not available	not available	not available	enrichment of phosphorylated protein	Epidermal Growth Factor	15 minute	200 ug	not pooled	1	20171021_QEHFX1_SeHu_EP-20171021_U87_200_EGF_1	proteomic profiling by mass spectrometry	NT=Q Exactive HF-X;AC=MS:1002877	NT=label free sample;AC=MS:1002038	NT=Trypsin/P;AC=MS:1001313	NT=Carbamidomethyl;AC=UNIMOD:4;TA=C;MT=Fixed	NT=Oxidation;AC=UNIMOD:35;TA=M;MT=Variable	NT=Acetyl;AC=UNIMOD:1;PP=Protein N-term;MT=Variable	NT=Phospho;AC=UNIMOD:21;TA=S,T,Y;MT=Variable	NT=Data-dependent acquisition;AC=PRIDE:0000627	NT=beam-type collision-induced dissociation;AC=MS:1000422	27 NCE	NT=orbitrap;AC=MS:1000484	not available	20 ppm	300m/z-1600m/z	0	70	60 minute LC gradient	not available	not available	not applicable	1	1	EP-20171021	updated EasyPhos workflow	2017-10-22T17:36:01	20171021_QEHFX1_SeHu_EP-20171021_U87_200_EGF_1.raw	EGFStimulation_QEHFX_Figure4_RAW.rar	https://ftp.pride.ebi.ac.uk/pride/data/archive/2018/09/PXD009227/EGFStimulation_QEHFX_Figure4_RAW.rar	v1.1.0	NT=ms-proteomics;VV=v1.1.0	NT=human;VV=v1.1.0	NT=cell-lines;VV=v1.1.0	NT=sdrf-skills;VV=v0.2.0	Epidermal Growth Factor	200 ug	NT=Q Exactive HF-X;AC=MS:1002877	60 minute LC gradient	updated EasyPhos workflow
U87_EGF-15min_200ug_biorep2	Homo sapiens	brain	U-87 MG	CVCL_0022	U-87MG ATCC	not available	not available	glioblastoma	cell line	male	not available	European ancestry	not available	not available	not available	not available	enrichment of phosphorylated protein	Epidermal Growth Factor	15 minute	200 ug	not pooled	2	20171021_QEHFX1_SeHu_EP-20171021_U87_200_EGF_2	proteomic profiling by mass spectrometry	NT=Q Exactive HF-X;AC=MS:1002877	NT=label free sample;AC=MS:1002038	NT=Trypsin/P;AC=MS:1001313	NT=Carbamidomethyl;AC=UNIMOD:4;TA=C;MT=Fixed	NT=Oxidation;AC=UNIMOD:35;TA=M;MT=Variable	NT=Acetyl;AC=UNIMOD:1;PP=Protein N-term;MT=Variable	NT=Phospho;AC=UNIMOD:21;TA=S,T,Y;MT=Variable	NT=Data-dependent acquisition;AC=PRIDE:0000627	NT=beam-type collision-induced dissociation;AC=MS:1000422	27 NCE	NT=orbitrap;AC=MS:1000484	not available	20 ppm	300m/z-1600m/z	0	70	60 minute LC gradient	not available	not available	not applicable	1	1	EP-20171021	updated EasyPhos workflow	2017-10-22T19:17:53	20171021_QEHFX1_SeHu_EP-20171021_U87_200_EGF_2.raw	EGFStimulation_QEHFX_Figure4_RAW.rar	https://ftp.pride.ebi.ac.uk/pride/data/archive/2018/09/PXD009227/EGFStimulation_QEHFX_Figure4_RAW.rar	v1.1.0	NT=ms-proteomics;VV=v1.1.0	NT=human;VV=v1.1.0	NT=cell-lines;VV=v1.1.0	NT=sdrf-skills;VV=v0.2.0	Epidermal Growth Factor	200 ug	NT=Q Exactive HF-X;AC=MS:1002877	60 minute LC gradient	updated EasyPhos workflow
U87_EGF-15min_200ug_biorep3	Homo sapiens	brain	U-87 MG	CVCL_0022	U-87MG ATCC	not available	not available	glioblastoma	cell line	male	not available	European ancestry	not available	not available	not available	not available	enrichment of phosphorylated protein	Epidermal Growth Factor	15 minute	200 ug	not pooled	3	20171021_QEHFX1_SeHu_EP-20171021_U87_200_EGF_3	proteomic profiling by mass spectrometry	NT=Q Exactive HF-X;AC=MS:1002877	NT=label free sample;AC=MS:1002038	NT=Trypsin/P;AC=MS:1001313	NT=Carbamidomethyl;AC=UNIMOD:4;TA=C;MT=Fixed	NT=Oxidation;AC=UNIMOD:35;TA=M;MT=Variable	NT=Acetyl;AC=UNIMOD:1;PP=Protein N-term;MT=Variable	NT=Phospho;AC=UNIMOD:21;TA=S,T,Y;MT=Variable	NT=Data-dependent acquisition;AC=PRIDE:0000627	NT=beam-type collision-induced dissociation;AC=MS:1000422	27 NCE	NT=orbitrap;AC=MS:1000484	not available	20 ppm	300m/z-1600m/z	0	70	60 minute LC gradient	not available	not available	not applicable	1	1	EP-20171021	updated EasyPhos workflow	2017-10-22T20:59:59	20171021_QEHFX1_SeHu_EP-20171021_U87_200_EGF_3.raw	EGFStimulation_QEHFX_Figure4_RAW.rar	https://ftp.pride.ebi.ac.uk/pride/data/archive/2018/09/PXD009227/EGFStimulation_QEHFX_Figure4_RAW.rar	v1.1.0	NT=ms-proteomics;VV=v1.1.0	NT=human;VV=v1.1.0	NT=cell-lines;VV=v1.1.0	NT=sdrf-skills;VV=v0.2.0	Epidermal Growth Factor	200 ug	NT=Q Exactive HF-X;AC=MS:1002877	60 minute LC gradient	updated EasyPhos workflow
U87_EGF-15min_200ug_biorep4	Homo sapiens	brain	U-87 MG	CVCL_0022	U-87MG ATCC	not available	not available	glioblastoma	cell line	male	not available	European ancestry	not available	not available	not available	not available	enrichment of phosphorylated protein	Epidermal Growth Factor	15 minute	200 ug	not pooled	4	20171021_QEHFX1_SeHu_EP-20171021_U87_200_EGF_4	proteomic profiling by mass spectrometry	NT=Q Exactive HF-X;AC=MS:1002877	NT=label free sample;AC=MS:1002038	NT=Trypsin/P;AC=MS:1001313	NT=Carbamidomethyl;AC=UNIMOD:4;TA=C;MT=Fixed	NT=Oxidation;AC=UNIMOD:35;TA=M;MT=Variable	NT=Acetyl;AC=UNIMOD:1;PP=Protein N-term;MT=Variable	NT=Phospho;AC=UNIMOD:21;TA=S,T,Y;MT=Variable	NT=Data-dependent acquisition;AC=PRIDE:0000627	NT=beam-type collision-induced dissociation;AC=MS:1000422	27 NCE	NT=orbitrap;AC=MS:1000484	not available	20 ppm	300m/z-1600m/z	0	70	60 minute LC gradient	not available	not available	not applicable	1	1	EP-20171021	updated EasyPhos workflow	2017-10-22T22:42:21	20171021_QEHFX1_SeHu_EP-20171021_U87_200_EGF_4.raw	EGFStimulation_QEHFX_Figure4_RAW.rar	https://ftp.pride.ebi.ac.uk/pride/data/archive/2018/09/PXD009227/EGFStimulation_QEHFX_Figure4_RAW.rar	v1.1.0	NT=ms-proteomics;VV=v1.1.0	NT=human;VV=v1.1.0	NT=cell-lines;VV=v1.1.0	NT=sdrf-skills;VV=v0.2.0	Epidermal Growth Factor	200 ug	NT=Q Exactive HF-X;AC=MS:1002877	60 minute LC gradient	updated EasyPhos workflow
U87_EGF-15min_200ug_biorep5	Homo sapiens	brain	U-87 MG	CVCL_0022	U-87MG ATCC	not available	not available	glioblastoma	cell line	male	not available	European ancestry	not available	not available	not available	not available	enrichment of phosphorylated protein	Epidermal Growth Factor	15 minute	200 ug	not pooled	5	20171021_QEHFX1_SeHu_EP-20171021_U87_200_EGF_5	proteomic profiling by mass spectrometry	NT=Q Exactive HF-X;AC=MS:1002877	NT=label free sample;AC=MS:1002038	NT=Trypsin/P;AC=MS:1001313	NT=Carbamidomethyl;AC=UNIMOD:4;TA=C;MT=Fixed	NT=Oxidation;AC=UNIMOD:35;TA=M;MT=Variable	NT=Acetyl;AC=UNIMOD:1;PP=Protein N-term;MT=Variable	NT=Phospho;AC=UNIMOD:21;TA=S,T,Y;MT=Variable	NT=Data-dependent acquisition;AC=PRIDE:0000627	NT=beam-type collision-induced dissociation;AC=MS:1000422	27 NCE	NT=orbitrap;AC=MS:1000484	not available	20 ppm	300m/z-1600m/z	0	70	60 minute LC gradient	not available	not available	not applicable	1	1	EP-20171021	updated EasyPhos workflow	2017-10-23T00:24:32	20171021_QEHFX1_SeHu_EP-20171021_U87_200_EGF_5.raw	EGFStimulation_QEHFX_Figure4_RAW.rar	https://ftp.pride.ebi.ac.uk/pride/data/archive/2018/09/PXD009227/EGFStimulation_QEHFX_Figure4_RAW.rar	v1.1.0	NT=ms-proteomics;VV=v1.1.0	NT=human;VV=v1.1.0	NT=cell-lines;VV=v1.1.0	NT=sdrf-skills;VV=v0.2.0	Epidermal Growth Factor	200 ug	NT=Q Exactive HF-X;AC=MS:1002877	60 minute LC gradient	updated EasyPhos workflow
U87_EGF-15min_200ug_biorep6	Homo sapiens	brain	U-87 MG	CVCL_0022	U-87MG ATCC	not available	not available	glioblastoma	cell line	male	not available	European ancestry	not available	not available	not available	not available	enrichment of phosphorylated protein	Epidermal Growth Factor	15 minute	200 ug	not pooled	6	20171021_QEHFX1_SeHu_EP-20171021_U87_200_EGF_6	proteomic profiling by mass spectrometry	NT=Q Exactive HF-X;AC=MS:1002877	NT=label free sample;AC=MS:1002038	NT=Trypsin/P;AC=MS:1001313	NT=Carbamidomethyl;AC=UNIMOD:4;TA=C;MT=Fixed	NT=Oxidation;AC=UNIMOD:35;TA=M;MT=Variable	NT=Acetyl;AC=UNIMOD:1;PP=Protein N-term;MT=Variable	NT=Phospho;AC=UNIMOD:21;TA=S,T,Y;MT=Variable	NT=Data-dependent acquisition;AC=PRIDE:0000627	NT=beam-type collision-induced dissociation;AC=MS:1000422	27 NCE	NT=orbitrap;AC=MS:1000484	not available	20 ppm	300m/z-1600m/z	0	70	60 minute LC gradient	not available	not available	not applicable	1	1	EP-20171021	updated EasyPhos workflow	2017-10-23T12:43:16	20171021_QEHFX1_SeHu_EP-20171021_U87_200_EGF_6.raw	EGFStimulation_QEHFX_Figure4_RAW.rar	https://ftp.pride.ebi.ac.uk/pride/data/archive/2018/09/PXD009227/EGFStimulation_QEHFX_Figure4_RAW.rar	v1.1.0	NT=ms-proteomics;VV=v1.1.0	NT=human;VV=v1.1.0	NT=cell-lines;VV=v1.1.0	NT=sdrf-skills;VV=v0.2.0	Epidermal Growth Factor	200 ug	NT=Q Exactive HF-X;AC=MS:1002877	60 minute LC gradient	updated EasyPhos workflow
