source name	characteristics[organism]	characteristics[organism part]	characteristics[biological replicate]	characteristics[cell line]	characteristics[cell type]	characteristics[disease]	assay name	technology type	comment[cleavage agent details]	comment[data file]	comment[fraction identifier]	comment[fragment mass tolerance]	comment[instrument]	comment[label]	comment[modification parameters]	comment[modification parameters]	comment[modification parameters]	comment[modification parameters]	comment[modification parameters]	comment[modification parameters]	comment[precursor mass tolerance]	comment[technical replicate]	comment[tool metadata]	comment[proteomics data acquisition method]	comment[sdrf version]	comment[sdrf template]
IC-Kme,di/tr 2	Homo sapiens	cervix	1	HeLa	not applicable	Cancer	run1	proteomic profiling by mass spectrometry	Trypsin	20120612_EXQ3_AC_SA_IPcyt_0101.raw	Cytosol	20ppm	Velos	SILAC light	NT=Carbamidomethyl; AC=4; MT=Fixed; PP=Anywhere; TA=C	NT=Oxidation; AC=35; MT=Variable; PP=Anywhere; TA=M	NT=Methyl; AC=34; MT=Variable; PP=Anywhere; TA=K,R	NT=Dimethyl; AC=36; MT=Variable; PP=Anywhere; TA=K,R	NT=Trimethyl; AC=37; MT=Variable; PP=Anywhere; TA=K		20ppm	1	lesSDRF v0.1.0	NT=data-dependent acquisition;AC=PRIDE:0000627	v1.1.0	NT=ms-proteomics;VV=v1.1.0
IC-Kme,di/tr 2	Homo sapiens	cervix	1	HeLa	not applicable	Cancer	run1	proteomic profiling by mass spectrometry	Trypsin	20120612_EXQ3_AC_SA_IPcyt_0101.raw	Cytosol	20ppm	Velos	SILAC heavy	NT=Carbamidomethyl; AC=4; MT=Fixed; PP=Anywhere; TA=C	NT=Oxidation; AC=35; MT=Variable; PP=Anywhere; TA=M	NT=Methyl:2H(3)13C(1); AC=329; MT=Variable; PP=Anywhere; TA=K,R	NT=Dimethyl:2H(6)13C(2); AC=330; MT=Variable; PP=Anywhere; TA=K,R	NT=Trimethyl:13C(3)2H(9); AC=1414; MT=Variable; PP=Anywhere; TA=K	NT=Label:13C(4); AC=1266; MT=Fixed; PP=Anywhere; TA=M	20ppm	1	lesSDRF v0.1.0	NT=data-dependent acquisition;AC=PRIDE:0000627	v1.1.0	NT=ms-proteomics;VV=v1.1.0
IC-Kme,di/tr 2	Homo sapiens	cervix	2	HeLa	not applicable	Cancer	run2	proteomic profiling by mass spectrometry	Trypsin	20120612_EXQ3_AC_SA_IPcyt_0201.raw	Cytosol	20ppm	Velos	SILAC light	NT=Carbamidomethyl; AC=4; MT=Fixed; PP=Anywhere; TA=C	NT=Oxidation; AC=35; MT=Variable; PP=Anywhere; TA=M	NT=Methyl; AC=34; MT=Variable; PP=Anywhere; TA=K,R	NT=Dimethyl; AC=36; MT=Variable; PP=Anywhere; TA=K,R	NT=Trimethyl; AC=37; MT=Variable; PP=Anywhere; TA=K		20ppm	2	lesSDRF v0.1.0	NT=data-dependent acquisition;AC=PRIDE:0000627	v1.1.0	NT=ms-proteomics;VV=v1.1.0
IC-Kme,di/tr 2	Homo sapiens	cervix	2	HeLa	not applicable	Cancer	run2	proteomic profiling by mass spectrometry	Trypsin	20120612_EXQ3_AC_SA_IPcyt_0201.raw	Cytosol	20ppm	Velos	SILAC heavy	NT=Carbamidomethyl; AC=4; MT=Fixed; PP=Anywhere; TA=C	NT=Oxidation; AC=35; MT=Variable; PP=Anywhere; TA=M	NT=Methyl:2H(3)13C(1); AC=329; MT=Variable; PP=Anywhere; TA=K,R	NT=Dimethyl:2H(6)13C(2); AC=330; MT=Variable; PP=Anywhere; TA=K,R	NT=Trimethyl:13C(3)2H(9); AC=1414; MT=Variable; PP=Anywhere; TA=K	NT=Label:13C(4); AC=1266; MT=Fixed; PP=Anywhere; TA=M	20ppm	2	lesSDRF v0.1.0	NT=data-dependent acquisition;AC=PRIDE:0000627	v1.1.0	NT=ms-proteomics;VV=v1.1.0
IC-Kme,di/tr 2	Homo sapiens	cervix	3	HeLa	not applicable	Cancer	run3	proteomic profiling by mass spectrometry	Trypsin	20120612_EXQ3_AC_SA_IPcyt_0301.raw	Cytosol	20ppm	Velos	SILAC light	NT=Carbamidomethyl; AC=4; MT=Fixed; PP=Anywhere; TA=C	NT=Oxidation; AC=35; MT=Variable; PP=Anywhere; TA=M	NT=Methyl; AC=34; MT=Variable; PP=Anywhere; TA=K,R	NT=Dimethyl; AC=36; MT=Variable; PP=Anywhere; TA=K,R	NT=Trimethyl; AC=37; MT=Variable; PP=Anywhere; TA=K		20ppm	3	lesSDRF v0.1.0	NT=data-dependent acquisition;AC=PRIDE:0000627	v1.1.0	NT=ms-proteomics;VV=v1.1.0
IC-Kme,di/tr 2	Homo sapiens	cervix	3	HeLa	not applicable	Cancer	run3	proteomic profiling by mass spectrometry	Trypsin	20120612_EXQ3_AC_SA_IPcyt_0301.raw	Cytosol	20ppm	Velos	SILAC heavy	NT=Carbamidomethyl; AC=4; MT=Fixed; PP=Anywhere; TA=C	NT=Oxidation; AC=35; MT=Variable; PP=Anywhere; TA=M	NT=Methyl:2H(3)13C(1); AC=329; MT=Variable; PP=Anywhere; TA=K,R	NT=Dimethyl:2H(6)13C(2); AC=330; MT=Variable; PP=Anywhere; TA=K,R	NT=Trimethyl:13C(3)2H(9); AC=1414; MT=Variable; PP=Anywhere; TA=K	NT=Label:13C(4); AC=1266; MT=Fixed; PP=Anywhere; TA=M	20ppm	3	lesSDRF v0.1.0	NT=data-dependent acquisition;AC=PRIDE:0000627	v1.1.0	NT=ms-proteomics;VV=v1.1.0
IC-Kme,di/tr 2	Homo sapiens	cervix	4	HeLa	not applicable	Cancer	run4	proteomic profiling by mass spectrometry	Trypsin	20120612_EXQ3_AC_SA_IPcyt_0401.raw	Cytosol	20ppm	Velos	SILAC light	NT=Carbamidomethyl; AC=4; MT=Fixed; PP=Anywhere; TA=C	NT=Oxidation; AC=35; MT=Variable; PP=Anywhere; TA=M	NT=Methyl; AC=34; MT=Variable; PP=Anywhere; TA=K,R	NT=Dimethyl; AC=36; MT=Variable; PP=Anywhere; TA=K,R	NT=Trimethyl; AC=37; MT=Variable; PP=Anywhere; TA=K		20ppm	4	lesSDRF v0.1.0	NT=data-dependent acquisition;AC=PRIDE:0000627	v1.1.0	NT=ms-proteomics;VV=v1.1.0
IC-Kme,di/tr 2	Homo sapiens	cervix	4	HeLa	not applicable	Cancer	run4	proteomic profiling by mass spectrometry	Trypsin	20120612_EXQ3_AC_SA_IPcyt_0401.raw	Cytosol	20ppm	Velos	SILAC heavy	NT=Carbamidomethyl; AC=4; MT=Fixed; PP=Anywhere; TA=C	NT=Oxidation; AC=35; MT=Variable; PP=Anywhere; TA=M	NT=Methyl:2H(3)13C(1); AC=329; MT=Variable; PP=Anywhere; TA=K,R	NT=Dimethyl:2H(6)13C(2); AC=330; MT=Variable; PP=Anywhere; TA=K,R	NT=Trimethyl:13C(3)2H(9); AC=1414; MT=Variable; PP=Anywhere; TA=K	NT=Label:13C(4); AC=1266; MT=Fixed; PP=Anywhere; TA=M	20ppm	4	lesSDRF v0.1.0	NT=data-dependent acquisition;AC=PRIDE:0000627	v1.1.0	NT=ms-proteomics;VV=v1.1.0
IC-Kme,di/tr 2	Homo sapiens	cervix	5	HeLa	not applicable	Cancer	run5	proteomic profiling by mass spectrometry	Trypsin	20120612_EXQ3_AC_SA_IPcyt_0501.raw	Cytosol	20ppm	Velos	SILAC light	NT=Carbamidomethyl; AC=4; MT=Fixed; PP=Anywhere; TA=C	NT=Oxidation; AC=35; MT=Variable; PP=Anywhere; TA=M	NT=Methyl; AC=34; MT=Variable; PP=Anywhere; TA=K,R	NT=Dimethyl; AC=36; MT=Variable; PP=Anywhere; TA=K,R	NT=Trimethyl; AC=37; MT=Variable; PP=Anywhere; TA=K		20ppm	5	lesSDRF v0.1.0	NT=data-dependent acquisition;AC=PRIDE:0000627	v1.1.0	NT=ms-proteomics;VV=v1.1.0
IC-Kme,di/tr 2	Homo sapiens	cervix	5	HeLa	not applicable	Cancer	run5	proteomic profiling by mass spectrometry	Trypsin	20120612_EXQ3_AC_SA_IPcyt_0501.raw	Cytosol	20ppm	Velos	SILAC heavy	NT=Carbamidomethyl; AC=4; MT=Fixed; PP=Anywhere; TA=C	NT=Oxidation; AC=35; MT=Variable; PP=Anywhere; TA=M	NT=Methyl:2H(3)13C(1); AC=329; MT=Variable; PP=Anywhere; TA=K,R	NT=Dimethyl:2H(6)13C(2); AC=330; MT=Variable; PP=Anywhere; TA=K,R	NT=Trimethyl:13C(3)2H(9); AC=1414; MT=Variable; PP=Anywhere; TA=K	NT=Label:13C(4); AC=1266; MT=Fixed; PP=Anywhere; TA=M	20ppm	5	lesSDRF v0.1.0	NT=data-dependent acquisition;AC=PRIDE:0000627	v1.1.0	NT=ms-proteomics;VV=v1.1.0
IC-Kme,di/tr 2	Homo sapiens	cervix	6	HeLa	not applicable	Cancer	run6	proteomic profiling by mass spectrometry	Trypsin	20120612_EXQ3_AC_SA_IPcyt_0601.raw	Cytosol	20ppm	Velos	SILAC light	NT=Carbamidomethyl; AC=4; MT=Fixed; PP=Anywhere; TA=C	NT=Oxidation; AC=35; MT=Variable; PP=Anywhere; TA=M	NT=Methyl; AC=34; MT=Variable; PP=Anywhere; TA=K,R	NT=Dimethyl; AC=36; MT=Variable; PP=Anywhere; TA=K,R	NT=Trimethyl; AC=37; MT=Variable; PP=Anywhere; TA=K		20ppm	6	lesSDRF v0.1.0	NT=data-dependent acquisition;AC=PRIDE:0000627	v1.1.0	NT=ms-proteomics;VV=v1.1.0
IC-Kme,di/tr 2	Homo sapiens	cervix	6	HeLa	not applicable	Cancer	run6	proteomic profiling by mass spectrometry	Trypsin	20120612_EXQ3_AC_SA_IPcyt_0601.raw	Cytosol	20ppm	Velos	SILAC heavy	NT=Carbamidomethyl; AC=4; MT=Fixed; PP=Anywhere; TA=C	NT=Oxidation; AC=35; MT=Variable; PP=Anywhere; TA=M	NT=Methyl:2H(3)13C(1); AC=329; MT=Variable; PP=Anywhere; TA=K,R	NT=Dimethyl:2H(6)13C(2); AC=330; MT=Variable; PP=Anywhere; TA=K,R	NT=Trimethyl:13C(3)2H(9); AC=1414; MT=Variable; PP=Anywhere; TA=K	NT=Label:13C(4); AC=1266; MT=Fixed; PP=Anywhere; TA=M	20ppm	6	lesSDRF v0.1.0	NT=data-dependent acquisition;AC=PRIDE:0000627	v1.1.0	NT=ms-proteomics;VV=v1.1.0
IC-Kme,di/tr 2	Homo sapiens	cervix	7	HeLa	not applicable	Cancer	run7	proteomic profiling by mass spectrometry	Trypsin	20120612_EXQ3_AC_SA_IPcyt_0701.raw	Cytosol	20ppm	Velos	SILAC light	NT=Carbamidomethyl; AC=4; MT=Fixed; PP=Anywhere; TA=C	NT=Oxidation; AC=35; MT=Variable; PP=Anywhere; TA=M	NT=Methyl; AC=34; MT=Variable; PP=Anywhere; TA=K,R	NT=Dimethyl; AC=36; MT=Variable; PP=Anywhere; TA=K,R	NT=Trimethyl; AC=37; MT=Variable; PP=Anywhere; TA=K		20ppm	7	lesSDRF v0.1.0	NT=data-dependent acquisition;AC=PRIDE:0000627	v1.1.0	NT=ms-proteomics;VV=v1.1.0
IC-Kme,di/tr 2	Homo sapiens	cervix	7	HeLa	not applicable	Cancer	run7	proteomic profiling by mass spectrometry	Trypsin	20120612_EXQ3_AC_SA_IPcyt_0701.raw	Cytosol	20ppm	Velos	SILAC heavy	NT=Carbamidomethyl; AC=4; MT=Fixed; PP=Anywhere; TA=C	NT=Oxidation; AC=35; MT=Variable; PP=Anywhere; TA=M	NT=Methyl:2H(3)13C(1); AC=329; MT=Variable; PP=Anywhere; TA=K,R	NT=Dimethyl:2H(6)13C(2); AC=330; MT=Variable; PP=Anywhere; TA=K,R	NT=Trimethyl:13C(3)2H(9); AC=1414; MT=Variable; PP=Anywhere; TA=K	NT=Label:13C(4); AC=1266; MT=Fixed; PP=Anywhere; TA=M	20ppm	7	lesSDRF v0.1.0	NT=data-dependent acquisition;AC=PRIDE:0000627	v1.1.0	NT=ms-proteomics;VV=v1.1.0
IC-Kme,di/tr 1	Homo sapiens	cervix	8	HeLa	not applicable	Cancer	run8	proteomic profiling by mass spectrometry	Trypsin	20120612_EXQ3_AC_SA_IPncl_0101.raw	Nucleus	20ppm	Velos	SILAC light	NT=Carbamidomethyl; AC=4; MT=Fixed; PP=Anywhere; TA=C	NT=Oxidation; AC=35; MT=Variable; PP=Anywhere; TA=M	NT=Methyl; AC=34; MT=Variable; PP=Anywhere; TA=K,R	NT=Dimethyl; AC=36; MT=Variable; PP=Anywhere; TA=K,R	NT=Trimethyl; AC=37; MT=Variable; PP=Anywhere; TA=K		20ppm	8	lesSDRF v0.1.0	NT=data-dependent acquisition;AC=PRIDE:0000627	v1.1.0	NT=ms-proteomics;VV=v1.1.0
IC-Kme,di/tr 1	Homo sapiens	cervix	8	HeLa	not applicable	Cancer	run8	proteomic profiling by mass spectrometry	Trypsin	20120612_EXQ3_AC_SA_IPncl_0101.raw	Nucleus	20ppm	Velos	SILAC heavy	NT=Carbamidomethyl; AC=4; MT=Fixed; PP=Anywhere; TA=C	NT=Oxidation; AC=35; MT=Variable; PP=Anywhere; TA=M	NT=Methyl:2H(3)13C(1); AC=329; MT=Variable; PP=Anywhere; TA=K,R	NT=Dimethyl:2H(6)13C(2); AC=330; MT=Variable; PP=Anywhere; TA=K,R	NT=Trimethyl:13C(3)2H(9); AC=1414; MT=Variable; PP=Anywhere; TA=K	NT=Label:13C(4); AC=1266; MT=Fixed; PP=Anywhere; TA=M	20ppm	8	lesSDRF v0.1.0	NT=data-dependent acquisition;AC=PRIDE:0000627	v1.1.0	NT=ms-proteomics;VV=v1.1.0
IC-Kme,di/tr 1	Homo sapiens	cervix	9	HeLa	not applicable	Cancer	run9	proteomic profiling by mass spectrometry	Trypsin	20120612_EXQ3_AC_SA_IPncl_0201.raw	Nucleus	20ppm	Velos	SILAC light	NT=Carbamidomethyl; AC=4; MT=Fixed; PP=Anywhere; TA=C	NT=Oxidation; AC=35; MT=Variable; PP=Anywhere; TA=M	NT=Methyl; AC=34; MT=Variable; PP=Anywhere; TA=K,R	NT=Dimethyl; AC=36; MT=Variable; PP=Anywhere; TA=K,R	NT=Trimethyl; AC=37; MT=Variable; PP=Anywhere; TA=K		20ppm	9	lesSDRF v0.1.0	NT=data-dependent acquisition;AC=PRIDE:0000627	v1.1.0	NT=ms-proteomics;VV=v1.1.0
IC-Kme,di/tr 1	Homo sapiens	cervix	9	HeLa	not applicable	Cancer	run9	proteomic profiling by mass spectrometry	Trypsin	20120612_EXQ3_AC_SA_IPncl_0201.raw	Nucleus	20ppm	Velos	SILAC heavy	NT=Carbamidomethyl; AC=4; MT=Fixed; PP=Anywhere; TA=C	NT=Oxidation; AC=35; MT=Variable; PP=Anywhere; TA=M	NT=Methyl:2H(3)13C(1); AC=329; MT=Variable; PP=Anywhere; TA=K,R	NT=Dimethyl:2H(6)13C(2); AC=330; MT=Variable; PP=Anywhere; TA=K,R	NT=Trimethyl:13C(3)2H(9); AC=1414; MT=Variable; PP=Anywhere; TA=K	NT=Label:13C(4); AC=1266; MT=Fixed; PP=Anywhere; TA=M	20ppm	9	lesSDRF v0.1.0	NT=data-dependent acquisition;AC=PRIDE:0000627	v1.1.0	NT=ms-proteomics;VV=v1.1.0
IC-Kme,di/tr 1	Homo sapiens	cervix	10	HeLa	not applicable	Cancer	run10	proteomic profiling by mass spectrometry	Trypsin	20120612_EXQ3_AC_SA_IPncl_0301.raw	Nucleus	20ppm	Velos	SILAC light	NT=Carbamidomethyl; AC=4; MT=Fixed; PP=Anywhere; TA=C	NT=Oxidation; AC=35; MT=Variable; PP=Anywhere; TA=M	NT=Methyl; AC=34; MT=Variable; PP=Anywhere; TA=K,R	NT=Dimethyl; AC=36; MT=Variable; PP=Anywhere; TA=K,R	NT=Trimethyl; AC=37; MT=Variable; PP=Anywhere; TA=K		20ppm	10	lesSDRF v0.1.0	NT=data-dependent acquisition;AC=PRIDE:0000627	v1.1.0	NT=ms-proteomics;VV=v1.1.0
IC-Kme,di/tr 1	Homo sapiens	cervix	10	HeLa	not applicable	Cancer	run10	proteomic profiling by mass spectrometry	Trypsin	20120612_EXQ3_AC_SA_IPncl_0301.raw	Nucleus	20ppm	Velos	SILAC heavy	NT=Carbamidomethyl; AC=4; MT=Fixed; PP=Anywhere; TA=C	NT=Oxidation; AC=35; MT=Variable; PP=Anywhere; TA=M	NT=Methyl:2H(3)13C(1); AC=329; MT=Variable; PP=Anywhere; TA=K,R	NT=Dimethyl:2H(6)13C(2); AC=330; MT=Variable; PP=Anywhere; TA=K,R	NT=Trimethyl:13C(3)2H(9); AC=1414; MT=Variable; PP=Anywhere; TA=K	NT=Label:13C(4); AC=1266; MT=Fixed; PP=Anywhere; TA=M	20ppm	10	lesSDRF v0.1.0	NT=data-dependent acquisition;AC=PRIDE:0000627	v1.1.0	NT=ms-proteomics;VV=v1.1.0
IC-Kme,di/tr 1	Homo sapiens	cervix	11	HeLa	not applicable	Cancer	run11	proteomic profiling by mass spectrometry	Trypsin	20120612_EXQ3_AC_SA_IPncl_0401.raw	Nucleus	20ppm	Velos	SILAC light	NT=Carbamidomethyl; AC=4; MT=Fixed; PP=Anywhere; TA=C	NT=Oxidation; AC=35; MT=Variable; PP=Anywhere; TA=M	NT=Methyl; AC=34; MT=Variable; PP=Anywhere; TA=K,R	NT=Dimethyl; AC=36; MT=Variable; PP=Anywhere; TA=K,R	NT=Trimethyl; AC=37; MT=Variable; PP=Anywhere; TA=K		20ppm	11	lesSDRF v0.1.0	NT=data-dependent acquisition;AC=PRIDE:0000627	v1.1.0	NT=ms-proteomics;VV=v1.1.0
IC-Kme,di/tr 1	Homo sapiens	cervix	11	HeLa	not applicable	Cancer	run11	proteomic profiling by mass spectrometry	Trypsin	20120612_EXQ3_AC_SA_IPncl_0401.raw	Nucleus	20ppm	Velos	SILAC heavy	NT=Carbamidomethyl; AC=4; MT=Fixed; PP=Anywhere; TA=C	NT=Oxidation; AC=35; MT=Variable; PP=Anywhere; TA=M	NT=Methyl:2H(3)13C(1); AC=329; MT=Variable; PP=Anywhere; TA=K,R	NT=Dimethyl:2H(6)13C(2); AC=330; MT=Variable; PP=Anywhere; TA=K,R	NT=Trimethyl:13C(3)2H(9); AC=1414; MT=Variable; PP=Anywhere; TA=K	NT=Label:13C(4); AC=1266; MT=Fixed; PP=Anywhere; TA=M	20ppm	11	lesSDRF v0.1.0	NT=data-dependent acquisition;AC=PRIDE:0000627	v1.1.0	NT=ms-proteomics;VV=v1.1.0
IC-Kme,di/tr 1	Homo sapiens	cervix	12	HeLa	not applicable	Cancer	run12	proteomic profiling by mass spectrometry	Trypsin	20120612_EXQ3_AC_SA_IPncl_0501.raw	Nucleus	20ppm	Velos	SILAC light	NT=Carbamidomethyl; AC=4; MT=Fixed; PP=Anywhere; TA=C	NT=Oxidation; AC=35; MT=Variable; PP=Anywhere; TA=M	NT=Methyl; AC=34; MT=Variable; PP=Anywhere; TA=K,R	NT=Dimethyl; AC=36; MT=Variable; PP=Anywhere; TA=K,R	NT=Trimethyl; AC=37; MT=Variable; PP=Anywhere; TA=K		20ppm	12	lesSDRF v0.1.0	NT=data-dependent acquisition;AC=PRIDE:0000627	v1.1.0	NT=ms-proteomics;VV=v1.1.0
IC-Kme,di/tr 1	Homo sapiens	cervix	12	HeLa	not applicable	Cancer	run12	proteomic profiling by mass spectrometry	Trypsin	20120612_EXQ3_AC_SA_IPncl_0501.raw	Nucleus	20ppm	Velos	SILAC heavy	NT=Carbamidomethyl; AC=4; MT=Fixed; PP=Anywhere; TA=C	NT=Oxidation; AC=35; MT=Variable; PP=Anywhere; TA=M	NT=Methyl:2H(3)13C(1); AC=329; MT=Variable; PP=Anywhere; TA=K,R	NT=Dimethyl:2H(6)13C(2); AC=330; MT=Variable; PP=Anywhere; TA=K,R	NT=Trimethyl:13C(3)2H(9); AC=1414; MT=Variable; PP=Anywhere; TA=K	NT=Label:13C(4); AC=1266; MT=Fixed; PP=Anywhere; TA=M	20ppm	12	lesSDRF v0.1.0	NT=data-dependent acquisition;AC=PRIDE:0000627	v1.1.0	NT=ms-proteomics;VV=v1.1.0
IC-Kme,di/tr 1	Homo sapiens	cervix	13	HeLa	not applicable	Cancer	run13	proteomic profiling by mass spectrometry	Trypsin	20120612_EXQ3_AC_SA_IPncl_0601.raw	Nucleus	20ppm	Velos	SILAC light	NT=Carbamidomethyl; AC=4; MT=Fixed; PP=Anywhere; TA=C	NT=Oxidation; AC=35; MT=Variable; PP=Anywhere; TA=M	NT=Methyl; AC=34; MT=Variable; PP=Anywhere; TA=K,R	NT=Dimethyl; AC=36; MT=Variable; PP=Anywhere; TA=K,R	NT=Trimethyl; AC=37; MT=Variable; PP=Anywhere; TA=K		20ppm	13	lesSDRF v0.1.0	NT=data-dependent acquisition;AC=PRIDE:0000627	v1.1.0	NT=ms-proteomics;VV=v1.1.0
IC-Kme,di/tr 1	Homo sapiens	cervix	13	HeLa	not applicable	Cancer	run13	proteomic profiling by mass spectrometry	Trypsin	20120612_EXQ3_AC_SA_IPncl_0601.raw	Nucleus	20ppm	Velos	SILAC heavy	NT=Carbamidomethyl; AC=4; MT=Fixed; PP=Anywhere; TA=C	NT=Oxidation; AC=35; MT=Variable; PP=Anywhere; TA=M	NT=Methyl:2H(3)13C(1); AC=329; MT=Variable; PP=Anywhere; TA=K,R	NT=Dimethyl:2H(6)13C(2); AC=330; MT=Variable; PP=Anywhere; TA=K,R	NT=Trimethyl:13C(3)2H(9); AC=1414; MT=Variable; PP=Anywhere; TA=K	NT=Label:13C(4); AC=1266; MT=Fixed; PP=Anywhere; TA=M	20ppm	13	lesSDRF v0.1.0	NT=data-dependent acquisition;AC=PRIDE:0000627	v1.1.0	NT=ms-proteomics;VV=v1.1.0
IC-Kme,di/tr 1	Homo sapiens	cervix	14	HeLa	not applicable	Cancer	run14	proteomic profiling by mass spectrometry	Trypsin	20120612_EXQ3_AC_SA_IPncl_0701.raw	Nucleus	20ppm	Velos	SILAC light	NT=Carbamidomethyl; AC=4; MT=Fixed; PP=Anywhere; TA=C	NT=Oxidation; AC=35; MT=Variable; PP=Anywhere; TA=M	NT=Methyl; AC=34; MT=Variable; PP=Anywhere; TA=K,R	NT=Dimethyl; AC=36; MT=Variable; PP=Anywhere; TA=K,R	NT=Trimethyl; AC=37; MT=Variable; PP=Anywhere; TA=K		20ppm	14	lesSDRF v0.1.0	NT=data-dependent acquisition;AC=PRIDE:0000627	v1.1.0	NT=ms-proteomics;VV=v1.1.0
IC-Kme,di/tr 1	Homo sapiens	cervix	14	HeLa	not applicable	Cancer	run14	proteomic profiling by mass spectrometry	Trypsin	20120612_EXQ3_AC_SA_IPncl_0701.raw	Nucleus	20ppm	Velos	SILAC heavy	NT=Carbamidomethyl; AC=4; MT=Fixed; PP=Anywhere; TA=C	NT=Oxidation; AC=35; MT=Variable; PP=Anywhere; TA=M	NT=Methyl:2H(3)13C(1); AC=329; MT=Variable; PP=Anywhere; TA=K,R	NT=Dimethyl:2H(6)13C(2); AC=330; MT=Variable; PP=Anywhere; TA=K,R	NT=Trimethyl:13C(3)2H(9); AC=1414; MT=Variable; PP=Anywhere; TA=K	NT=Label:13C(4); AC=1266; MT=Fixed; PP=Anywhere; TA=M	20ppm	14	lesSDRF v0.1.0	NT=data-dependent acquisition;AC=PRIDE:0000627	v1.1.0	NT=ms-proteomics;VV=v1.1.0
LS-Kpan 2	Homo sapiens	cervix	15	HeLa	not applicable	Cancer	run15	proteomic profiling by mass spectrometry	Trypsin	20120618_EXQ1_AC_SA_lyfespanC101.raw	Cytosol	20ppm	Velos	SILAC light	NT=Carbamidomethyl; AC=4; MT=Fixed; PP=Anywhere; TA=C	NT=Oxidation; AC=35; MT=Variable; PP=Anywhere; TA=M	NT=Methyl; AC=34; MT=Variable; PP=Anywhere; TA=K,R	NT=Dimethyl; AC=36; MT=Variable; PP=Anywhere; TA=K,R	NT=Trimethyl; AC=37; MT=Variable; PP=Anywhere; TA=K		20ppm	15	lesSDRF v0.1.0	NT=data-dependent acquisition;AC=PRIDE:0000627	v1.1.0	NT=ms-proteomics;VV=v1.1.0
LS-Kpan 2	Homo sapiens	cervix	15	HeLa	not applicable	Cancer	run15	proteomic profiling by mass spectrometry	Trypsin	20120618_EXQ1_AC_SA_lyfespanC101.raw	Cytosol	20ppm	Velos	SILAC heavy	NT=Carbamidomethyl; AC=4; MT=Fixed; PP=Anywhere; TA=C	NT=Oxidation; AC=35; MT=Variable; PP=Anywhere; TA=M	NT=Methyl:2H(3)13C(1); AC=329; MT=Variable; PP=Anywhere; TA=K,R	NT=Dimethyl:2H(6)13C(2); AC=330; MT=Variable; PP=Anywhere; TA=K,R	NT=Trimethyl:13C(3)2H(9); AC=1414; MT=Variable; PP=Anywhere; TA=K	NT=Label:13C(4); AC=1266; MT=Fixed; PP=Anywhere; TA=M	20ppm	15	lesSDRF v0.1.0	NT=data-dependent acquisition;AC=PRIDE:0000627	v1.1.0	NT=ms-proteomics;VV=v1.1.0
LS-Kpan 2	Homo sapiens	cervix	16	HeLa	not applicable	Cancer	run16	proteomic profiling by mass spectrometry	Trypsin	20120618_EXQ1_AC_SA_lyfespanC201.raw	Cytosol	20ppm	Velos	SILAC light	NT=Carbamidomethyl; AC=4; MT=Fixed; PP=Anywhere; TA=C	NT=Oxidation; AC=35; MT=Variable; PP=Anywhere; TA=M	NT=Methyl; AC=34; MT=Variable; PP=Anywhere; TA=K,R	NT=Dimethyl; AC=36; MT=Variable; PP=Anywhere; TA=K,R	NT=Trimethyl; AC=37; MT=Variable; PP=Anywhere; TA=K		20ppm	16	lesSDRF v0.1.0	NT=data-dependent acquisition;AC=PRIDE:0000627	v1.1.0	NT=ms-proteomics;VV=v1.1.0
LS-Kpan 2	Homo sapiens	cervix	16	HeLa	not applicable	Cancer	run16	proteomic profiling by mass spectrometry	Trypsin	20120618_EXQ1_AC_SA_lyfespanC201.raw	Cytosol	20ppm	Velos	SILAC heavy	NT=Carbamidomethyl; AC=4; MT=Fixed; PP=Anywhere; TA=C	NT=Oxidation; AC=35; MT=Variable; PP=Anywhere; TA=M	NT=Methyl:2H(3)13C(1); AC=329; MT=Variable; PP=Anywhere; TA=K,R	NT=Dimethyl:2H(6)13C(2); AC=330; MT=Variable; PP=Anywhere; TA=K,R	NT=Trimethyl:13C(3)2H(9); AC=1414; MT=Variable; PP=Anywhere; TA=K	NT=Label:13C(4); AC=1266; MT=Fixed; PP=Anywhere; TA=M	20ppm	16	lesSDRF v0.1.0	NT=data-dependent acquisition;AC=PRIDE:0000627	v1.1.0	NT=ms-proteomics;VV=v1.1.0
LS-Kpan 2	Homo sapiens	cervix	17	HeLa	not applicable	Cancer	run17	proteomic profiling by mass spectrometry	Trypsin	20120618_EXQ1_AC_SA_lyfespanC3_0301.raw	Cytosol	20ppm	Velos	SILAC light	NT=Carbamidomethyl; AC=4; MT=Fixed; PP=Anywhere; TA=C	NT=Oxidation; AC=35; MT=Variable; PP=Anywhere; TA=M	NT=Methyl; AC=34; MT=Variable; PP=Anywhere; TA=K,R	NT=Dimethyl; AC=36; MT=Variable; PP=Anywhere; TA=K,R	NT=Trimethyl; AC=37; MT=Variable; PP=Anywhere; TA=K		20ppm	17	lesSDRF v0.1.0	NT=data-dependent acquisition;AC=PRIDE:0000627	v1.1.0	NT=ms-proteomics;VV=v1.1.0
LS-Kpan 2	Homo sapiens	cervix	17	HeLa	not applicable	Cancer	run17	proteomic profiling by mass spectrometry	Trypsin	20120618_EXQ1_AC_SA_lyfespanC3_0301.raw	Cytosol	20ppm	Velos	SILAC heavy	NT=Carbamidomethyl; AC=4; MT=Fixed; PP=Anywhere; TA=C	NT=Oxidation; AC=35; MT=Variable; PP=Anywhere; TA=M	NT=Methyl:2H(3)13C(1); AC=329; MT=Variable; PP=Anywhere; TA=K,R	NT=Dimethyl:2H(6)13C(2); AC=330; MT=Variable; PP=Anywhere; TA=K,R	NT=Trimethyl:13C(3)2H(9); AC=1414; MT=Variable; PP=Anywhere; TA=K	NT=Label:13C(4); AC=1266; MT=Fixed; PP=Anywhere; TA=M	20ppm	17	lesSDRF v0.1.0	NT=data-dependent acquisition;AC=PRIDE:0000627	v1.1.0	NT=ms-proteomics;VV=v1.1.0
LS-Kpan 2	Homo sapiens	cervix	18	HeLa	not applicable	Cancer	run18	proteomic profiling by mass spectrometry	Trypsin	20120618_EXQ1_AC_SA_lyfespanC3_0401.raw	Cytosol	20ppm	Velos	SILAC light	NT=Carbamidomethyl; AC=4; MT=Fixed; PP=Anywhere; TA=C	NT=Oxidation; AC=35; MT=Variable; PP=Anywhere; TA=M	NT=Methyl; AC=34; MT=Variable; PP=Anywhere; TA=K,R	NT=Dimethyl; AC=36; MT=Variable; PP=Anywhere; TA=K,R	NT=Trimethyl; AC=37; MT=Variable; PP=Anywhere; TA=K		20ppm	18	lesSDRF v0.1.0	NT=data-dependent acquisition;AC=PRIDE:0000627	v1.1.0	NT=ms-proteomics;VV=v1.1.0
LS-Kpan 2	Homo sapiens	cervix	18	HeLa	not applicable	Cancer	run18	proteomic profiling by mass spectrometry	Trypsin	20120618_EXQ1_AC_SA_lyfespanC3_0401.raw	Cytosol	20ppm	Velos	SILAC heavy	NT=Carbamidomethyl; AC=4; MT=Fixed; PP=Anywhere; TA=C	NT=Oxidation; AC=35; MT=Variable; PP=Anywhere; TA=M	NT=Methyl:2H(3)13C(1); AC=329; MT=Variable; PP=Anywhere; TA=K,R	NT=Dimethyl:2H(6)13C(2); AC=330; MT=Variable; PP=Anywhere; TA=K,R	NT=Trimethyl:13C(3)2H(9); AC=1414; MT=Variable; PP=Anywhere; TA=K	NT=Label:13C(4); AC=1266; MT=Fixed; PP=Anywhere; TA=M	20ppm	18	lesSDRF v0.1.0	NT=data-dependent acquisition;AC=PRIDE:0000627	v1.1.0	NT=ms-proteomics;VV=v1.1.0
LS-Kpan 2	Homo sapiens	cervix	19	HeLa	not applicable	Cancer	run19	proteomic profiling by mass spectrometry	Trypsin	20120618_EXQ1_AC_SA_lyfespanC401.raw	Cytosol	20ppm	Velos	SILAC light	NT=Carbamidomethyl; AC=4; MT=Fixed; PP=Anywhere; TA=C	NT=Oxidation; AC=35; MT=Variable; PP=Anywhere; TA=M	NT=Methyl; AC=34; MT=Variable; PP=Anywhere; TA=K,R	NT=Dimethyl; AC=36; MT=Variable; PP=Anywhere; TA=K,R	NT=Trimethyl; AC=37; MT=Variable; PP=Anywhere; TA=K		20ppm	19	lesSDRF v0.1.0	NT=data-dependent acquisition;AC=PRIDE:0000627	v1.1.0	NT=ms-proteomics;VV=v1.1.0
LS-Kpan 2	Homo sapiens	cervix	19	HeLa	not applicable	Cancer	run19	proteomic profiling by mass spectrometry	Trypsin	20120618_EXQ1_AC_SA_lyfespanC401.raw	Cytosol	20ppm	Velos	SILAC heavy	NT=Carbamidomethyl; AC=4; MT=Fixed; PP=Anywhere; TA=C	NT=Oxidation; AC=35; MT=Variable; PP=Anywhere; TA=M	NT=Methyl:2H(3)13C(1); AC=329; MT=Variable; PP=Anywhere; TA=K,R	NT=Dimethyl:2H(6)13C(2); AC=330; MT=Variable; PP=Anywhere; TA=K,R	NT=Trimethyl:13C(3)2H(9); AC=1414; MT=Variable; PP=Anywhere; TA=K	NT=Label:13C(4); AC=1266; MT=Fixed; PP=Anywhere; TA=M	20ppm	19	lesSDRF v0.1.0	NT=data-dependent acquisition;AC=PRIDE:0000627	v1.1.0	NT=ms-proteomics;VV=v1.1.0
LS-Kpan 2	Homo sapiens	cervix	20	HeLa	not applicable	Cancer	run20	proteomic profiling by mass spectrometry	Trypsin	20120618_EXQ1_AC_SA_lyfespanC501.raw	Cytosol	20ppm	Velos	SILAC light	NT=Carbamidomethyl; AC=4; MT=Fixed; PP=Anywhere; TA=C	NT=Oxidation; AC=35; MT=Variable; PP=Anywhere; TA=M	NT=Methyl; AC=34; MT=Variable; PP=Anywhere; TA=K,R	NT=Dimethyl; AC=36; MT=Variable; PP=Anywhere; TA=K,R	NT=Trimethyl; AC=37; MT=Variable; PP=Anywhere; TA=K		20ppm	20	lesSDRF v0.1.0	NT=data-dependent acquisition;AC=PRIDE:0000627	v1.1.0	NT=ms-proteomics;VV=v1.1.0
LS-Kpan 2	Homo sapiens	cervix	20	HeLa	not applicable	Cancer	run20	proteomic profiling by mass spectrometry	Trypsin	20120618_EXQ1_AC_SA_lyfespanC501.raw	Cytosol	20ppm	Velos	SILAC heavy	NT=Carbamidomethyl; AC=4; MT=Fixed; PP=Anywhere; TA=C	NT=Oxidation; AC=35; MT=Variable; PP=Anywhere; TA=M	NT=Methyl:2H(3)13C(1); AC=329; MT=Variable; PP=Anywhere; TA=K,R	NT=Dimethyl:2H(6)13C(2); AC=330; MT=Variable; PP=Anywhere; TA=K,R	NT=Trimethyl:13C(3)2H(9); AC=1414; MT=Variable; PP=Anywhere; TA=K	NT=Label:13C(4); AC=1266; MT=Fixed; PP=Anywhere; TA=M	20ppm	20	lesSDRF v0.1.0	NT=data-dependent acquisition;AC=PRIDE:0000627	v1.1.0	NT=ms-proteomics;VV=v1.1.0
LS-Kpan 1	Homo sapiens	cervix	21	HeLa	not applicable	Cancer	run21	proteomic profiling by mass spectrometry	Trypsin	20120618_EXQ1_AC_SA_lyfespanN101.raw	Nucleus	20ppm	Velos	SILAC light	NT=Carbamidomethyl; AC=4; MT=Fixed; PP=Anywhere; TA=C	NT=Oxidation; AC=35; MT=Variable; PP=Anywhere; TA=M	NT=Methyl; AC=34; MT=Variable; PP=Anywhere; TA=K,R	NT=Dimethyl; AC=36; MT=Variable; PP=Anywhere; TA=K,R	NT=Trimethyl; AC=37; MT=Variable; PP=Anywhere; TA=K		20ppm	21	lesSDRF v0.1.0	NT=data-dependent acquisition;AC=PRIDE:0000627	v1.1.0	NT=ms-proteomics;VV=v1.1.0
LS-Kpan 1	Homo sapiens	cervix	21	HeLa	not applicable	Cancer	run21	proteomic profiling by mass spectrometry	Trypsin	20120618_EXQ1_AC_SA_lyfespanN101.raw	Nucleus	20ppm	Velos	SILAC heavy	NT=Carbamidomethyl; AC=4; MT=Fixed; PP=Anywhere; TA=C	NT=Oxidation; AC=35; MT=Variable; PP=Anywhere; TA=M	NT=Methyl:2H(3)13C(1); AC=329; MT=Variable; PP=Anywhere; TA=K,R	NT=Dimethyl:2H(6)13C(2); AC=330; MT=Variable; PP=Anywhere; TA=K,R	NT=Trimethyl:13C(3)2H(9); AC=1414; MT=Variable; PP=Anywhere; TA=K	NT=Label:13C(4); AC=1266; MT=Fixed; PP=Anywhere; TA=M	20ppm	21	lesSDRF v0.1.0	NT=data-dependent acquisition;AC=PRIDE:0000627	v1.1.0	NT=ms-proteomics;VV=v1.1.0
LS-Kpan 1	Homo sapiens	cervix	22	HeLa	not applicable	Cancer	run22	proteomic profiling by mass spectrometry	Trypsin	20120618_EXQ1_AC_SA_lyfespanN201.raw	Nucleus	20ppm	Velos	SILAC light	NT=Carbamidomethyl; AC=4; MT=Fixed; PP=Anywhere; TA=C	NT=Oxidation; AC=35; MT=Variable; PP=Anywhere; TA=M	NT=Methyl; AC=34; MT=Variable; PP=Anywhere; TA=K,R	NT=Dimethyl; AC=36; MT=Variable; PP=Anywhere; TA=K,R	NT=Trimethyl; AC=37; MT=Variable; PP=Anywhere; TA=K		20ppm	22	lesSDRF v0.1.0	NT=data-dependent acquisition;AC=PRIDE:0000627	v1.1.0	NT=ms-proteomics;VV=v1.1.0
LS-Kpan 1	Homo sapiens	cervix	22	HeLa	not applicable	Cancer	run22	proteomic profiling by mass spectrometry	Trypsin	20120618_EXQ1_AC_SA_lyfespanN201.raw	Nucleus	20ppm	Velos	SILAC heavy	NT=Carbamidomethyl; AC=4; MT=Fixed; PP=Anywhere; TA=C	NT=Oxidation; AC=35; MT=Variable; PP=Anywhere; TA=M	NT=Methyl:2H(3)13C(1); AC=329; MT=Variable; PP=Anywhere; TA=K,R	NT=Dimethyl:2H(6)13C(2); AC=330; MT=Variable; PP=Anywhere; TA=K,R	NT=Trimethyl:13C(3)2H(9); AC=1414; MT=Variable; PP=Anywhere; TA=K	NT=Label:13C(4); AC=1266; MT=Fixed; PP=Anywhere; TA=M	20ppm	22	lesSDRF v0.1.0	NT=data-dependent acquisition;AC=PRIDE:0000627	v1.1.0	NT=ms-proteomics;VV=v1.1.0
LS-Kpan 1	Homo sapiens	cervix	23	HeLa	not applicable	Cancer	run23	proteomic profiling by mass spectrometry	Trypsin	20120618_EXQ1_AC_SA_lyfespanN301.raw	Nucleus	20ppm	Velos	SILAC light	NT=Carbamidomethyl; AC=4; MT=Fixed; PP=Anywhere; TA=C	NT=Oxidation; AC=35; MT=Variable; PP=Anywhere; TA=M	NT=Methyl; AC=34; MT=Variable; PP=Anywhere; TA=K,R	NT=Dimethyl; AC=36; MT=Variable; PP=Anywhere; TA=K,R	NT=Trimethyl; AC=37; MT=Variable; PP=Anywhere; TA=K		20ppm	23	lesSDRF v0.1.0	NT=data-dependent acquisition;AC=PRIDE:0000627	v1.1.0	NT=ms-proteomics;VV=v1.1.0
LS-Kpan 1	Homo sapiens	cervix	23	HeLa	not applicable	Cancer	run23	proteomic profiling by mass spectrometry	Trypsin	20120618_EXQ1_AC_SA_lyfespanN301.raw	Nucleus	20ppm	Velos	SILAC heavy	NT=Carbamidomethyl; AC=4; MT=Fixed; PP=Anywhere; TA=C	NT=Oxidation; AC=35; MT=Variable; PP=Anywhere; TA=M	NT=Methyl:2H(3)13C(1); AC=329; MT=Variable; PP=Anywhere; TA=K,R	NT=Dimethyl:2H(6)13C(2); AC=330; MT=Variable; PP=Anywhere; TA=K,R	NT=Trimethyl:13C(3)2H(9); AC=1414; MT=Variable; PP=Anywhere; TA=K	NT=Label:13C(4); AC=1266; MT=Fixed; PP=Anywhere; TA=M	20ppm	23	lesSDRF v0.1.0	NT=data-dependent acquisition;AC=PRIDE:0000627	v1.1.0	NT=ms-proteomics;VV=v1.1.0
LS-Kpan 1	Homo sapiens	cervix	24	HeLa	not applicable	Cancer	run24	proteomic profiling by mass spectrometry	Trypsin	20120618_EXQ1_AC_SA_lyfespanN401.raw	Nucleus	20ppm	Velos	SILAC light	NT=Carbamidomethyl; AC=4; MT=Fixed; PP=Anywhere; TA=C	NT=Oxidation; AC=35; MT=Variable; PP=Anywhere; TA=M	NT=Methyl; AC=34; MT=Variable; PP=Anywhere; TA=K,R	NT=Dimethyl; AC=36; MT=Variable; PP=Anywhere; TA=K,R	NT=Trimethyl; AC=37; MT=Variable; PP=Anywhere; TA=K		20ppm	24	lesSDRF v0.1.0	NT=data-dependent acquisition;AC=PRIDE:0000627	v1.1.0	NT=ms-proteomics;VV=v1.1.0
LS-Kpan 1	Homo sapiens	cervix	24	HeLa	not applicable	Cancer	run24	proteomic profiling by mass spectrometry	Trypsin	20120618_EXQ1_AC_SA_lyfespanN401.raw	Nucleus	20ppm	Velos	SILAC heavy	NT=Carbamidomethyl; AC=4; MT=Fixed; PP=Anywhere; TA=C	NT=Oxidation; AC=35; MT=Variable; PP=Anywhere; TA=M	NT=Methyl:2H(3)13C(1); AC=329; MT=Variable; PP=Anywhere; TA=K,R	NT=Dimethyl:2H(6)13C(2); AC=330; MT=Variable; PP=Anywhere; TA=K,R	NT=Trimethyl:13C(3)2H(9); AC=1414; MT=Variable; PP=Anywhere; TA=K	NT=Label:13C(4); AC=1266; MT=Fixed; PP=Anywhere; TA=M	20ppm	24	lesSDRF v0.1.0	NT=data-dependent acquisition;AC=PRIDE:0000627	v1.1.0	NT=ms-proteomics;VV=v1.1.0
LS-Kpan 1	Homo sapiens	cervix	25	HeLa	not applicable	Cancer	run25	proteomic profiling by mass spectrometry	Trypsin	20120618_EXQ1_AC_SA_lyfespanN501.raw	Nucleus	20ppm	Velos	SILAC light	NT=Carbamidomethyl; AC=4; MT=Fixed; PP=Anywhere; TA=C	NT=Oxidation; AC=35; MT=Variable; PP=Anywhere; TA=M	NT=Methyl; AC=34; MT=Variable; PP=Anywhere; TA=K,R	NT=Dimethyl; AC=36; MT=Variable; PP=Anywhere; TA=K,R	NT=Trimethyl; AC=37; MT=Variable; PP=Anywhere; TA=K		20ppm	25	lesSDRF v0.1.0	NT=data-dependent acquisition;AC=PRIDE:0000627	v1.1.0	NT=ms-proteomics;VV=v1.1.0
LS-Kpan 1	Homo sapiens	cervix	25	HeLa	not applicable	Cancer	run25	proteomic profiling by mass spectrometry	Trypsin	20120618_EXQ1_AC_SA_lyfespanN501.raw	Nucleus	20ppm	Velos	SILAC heavy	NT=Carbamidomethyl; AC=4; MT=Fixed; PP=Anywhere; TA=C	NT=Oxidation; AC=35; MT=Variable; PP=Anywhere; TA=M	NT=Methyl:2H(3)13C(1); AC=329; MT=Variable; PP=Anywhere; TA=K,R	NT=Dimethyl:2H(6)13C(2); AC=330; MT=Variable; PP=Anywhere; TA=K,R	NT=Trimethyl:13C(3)2H(9); AC=1414; MT=Variable; PP=Anywhere; TA=K	NT=Label:13C(4); AC=1266; MT=Fixed; PP=Anywhere; TA=M	20ppm	25	lesSDRF v0.1.0	NT=data-dependent acquisition;AC=PRIDE:0000627	v1.1.0	NT=ms-proteomics;VV=v1.1.0
LS-Kpan 1	Homo sapiens	cervix	26	HeLa	not applicable	Cancer	run26	proteomic profiling by mass spectrometry	Trypsin	20120618_EXQ1_AC_SA_lyfespanN601.raw	Nucleus	20ppm	Velos	SILAC light	NT=Carbamidomethyl; AC=4; MT=Fixed; PP=Anywhere; TA=C	NT=Oxidation; AC=35; MT=Variable; PP=Anywhere; TA=M	NT=Methyl; AC=34; MT=Variable; PP=Anywhere; TA=K,R	NT=Dimethyl; AC=36; MT=Variable; PP=Anywhere; TA=K,R	NT=Trimethyl; AC=37; MT=Variable; PP=Anywhere; TA=K		20ppm	26	lesSDRF v0.1.0	NT=data-dependent acquisition;AC=PRIDE:0000627	v1.1.0	NT=ms-proteomics;VV=v1.1.0
LS-Kpan 1	Homo sapiens	cervix	26	HeLa	not applicable	Cancer	run26	proteomic profiling by mass spectrometry	Trypsin	20120618_EXQ1_AC_SA_lyfespanN601.raw	Nucleus	20ppm	Velos	SILAC heavy	NT=Carbamidomethyl; AC=4; MT=Fixed; PP=Anywhere; TA=C	NT=Oxidation; AC=35; MT=Variable; PP=Anywhere; TA=M	NT=Methyl:2H(3)13C(1); AC=329; MT=Variable; PP=Anywhere; TA=K,R	NT=Dimethyl:2H(6)13C(2); AC=330; MT=Variable; PP=Anywhere; TA=K,R	NT=Trimethyl:13C(3)2H(9); AC=1414; MT=Variable; PP=Anywhere; TA=K	NT=Label:13C(4); AC=1266; MT=Fixed; PP=Anywhere; TA=M	20ppm	26	lesSDRF v0.1.0	NT=data-dependent acquisition;AC=PRIDE:0000627	v1.1.0	NT=ms-proteomics;VV=v1.1.0
LS-Kpan 1	Homo sapiens	cervix	27	HeLa	not applicable	Cancer	run27	proteomic profiling by mass spectrometry	Trypsin	20120618_EXQ1_AC_SA_lyfespanN701.raw	Nucleus	20ppm	Velos	SILAC light	NT=Carbamidomethyl; AC=4; MT=Fixed; PP=Anywhere; TA=C	NT=Oxidation; AC=35; MT=Variable; PP=Anywhere; TA=M	NT=Methyl; AC=34; MT=Variable; PP=Anywhere; TA=K,R	NT=Dimethyl; AC=36; MT=Variable; PP=Anywhere; TA=K,R	NT=Trimethyl; AC=37; MT=Variable; PP=Anywhere; TA=K		20ppm	27	lesSDRF v0.1.0	NT=data-dependent acquisition;AC=PRIDE:0000627	v1.1.0	NT=ms-proteomics;VV=v1.1.0
LS-Kpan 1	Homo sapiens	cervix	27	HeLa	not applicable	Cancer	run27	proteomic profiling by mass spectrometry	Trypsin	20120618_EXQ1_AC_SA_lyfespanN701.raw	Nucleus	20ppm	Velos	SILAC heavy	NT=Carbamidomethyl; AC=4; MT=Fixed; PP=Anywhere; TA=C	NT=Oxidation; AC=35; MT=Variable; PP=Anywhere; TA=M	NT=Methyl:2H(3)13C(1); AC=329; MT=Variable; PP=Anywhere; TA=K,R	NT=Dimethyl:2H(6)13C(2); AC=330; MT=Variable; PP=Anywhere; TA=K,R	NT=Trimethyl:13C(3)2H(9); AC=1414; MT=Variable; PP=Anywhere; TA=K	NT=Label:13C(4); AC=1266; MT=Fixed; PP=Anywhere; TA=M	20ppm	27	lesSDRF v0.1.0	NT=data-dependent acquisition;AC=PRIDE:0000627	v1.1.0	NT=ms-proteomics;VV=v1.1.0
AC-Ktr 2	Homo sapiens	cervix	28	HeLa	not applicable	Cancer	run28	proteomic profiling by mass spectrometry	Trypsin	20120707_EXQ3_AlCu_SA_76118_IPCyt_Top10_20cm_0101.raw	Cytosol	20ppm	Velos	SILAC light	NT=Carbamidomethyl; AC=4; MT=Fixed; PP=Anywhere; TA=C	NT=Oxidation; AC=35; MT=Variable; PP=Anywhere; TA=M	NT=Methyl; AC=34; MT=Variable; PP=Anywhere; TA=K,R	NT=Dimethyl; AC=36; MT=Variable; PP=Anywhere; TA=K,R	NT=Trimethyl; AC=37; MT=Variable; PP=Anywhere; TA=K		20ppm	28	lesSDRF v0.1.0	NT=data-dependent acquisition;AC=PRIDE:0000627	v1.1.0	NT=ms-proteomics;VV=v1.1.0
AC-Ktr 2	Homo sapiens	cervix	28	HeLa	not applicable	Cancer	run28	proteomic profiling by mass spectrometry	Trypsin	20120707_EXQ3_AlCu_SA_76118_IPCyt_Top10_20cm_0101.raw	Cytosol	20ppm	Velos	SILAC heavy	NT=Carbamidomethyl; AC=4; MT=Fixed; PP=Anywhere; TA=C	NT=Oxidation; AC=35; MT=Variable; PP=Anywhere; TA=M	NT=Methyl:2H(3)13C(1); AC=329; MT=Variable; PP=Anywhere; TA=K,R	NT=Dimethyl:2H(6)13C(2); AC=330; MT=Variable; PP=Anywhere; TA=K,R	NT=Trimethyl:13C(3)2H(9); AC=1414; MT=Variable; PP=Anywhere; TA=K	NT=Label:13C(4); AC=1266; MT=Fixed; PP=Anywhere; TA=M	20ppm	28	lesSDRF v0.1.0	NT=data-dependent acquisition;AC=PRIDE:0000627	v1.1.0	NT=ms-proteomics;VV=v1.1.0
AC-Ktr 2	Homo sapiens	cervix	29	HeLa	not applicable	Cancer	run29	proteomic profiling by mass spectrometry	Trypsin	20120707_EXQ3_AlCu_SA_76118_IPCyt_Top10_20cm_0201.raw	Cytosol	20ppm	Velos	SILAC light	NT=Carbamidomethyl; AC=4; MT=Fixed; PP=Anywhere; TA=C	NT=Oxidation; AC=35; MT=Variable; PP=Anywhere; TA=M	NT=Methyl; AC=34; MT=Variable; PP=Anywhere; TA=K,R	NT=Dimethyl; AC=36; MT=Variable; PP=Anywhere; TA=K,R	NT=Trimethyl; AC=37; MT=Variable; PP=Anywhere; TA=K		20ppm	29	lesSDRF v0.1.0	NT=data-dependent acquisition;AC=PRIDE:0000627	v1.1.0	NT=ms-proteomics;VV=v1.1.0
AC-Ktr 2	Homo sapiens	cervix	29	HeLa	not applicable	Cancer	run29	proteomic profiling by mass spectrometry	Trypsin	20120707_EXQ3_AlCu_SA_76118_IPCyt_Top10_20cm_0201.raw	Cytosol	20ppm	Velos	SILAC heavy	NT=Carbamidomethyl; AC=4; MT=Fixed; PP=Anywhere; TA=C	NT=Oxidation; AC=35; MT=Variable; PP=Anywhere; TA=M	NT=Methyl:2H(3)13C(1); AC=329; MT=Variable; PP=Anywhere; TA=K,R	NT=Dimethyl:2H(6)13C(2); AC=330; MT=Variable; PP=Anywhere; TA=K,R	NT=Trimethyl:13C(3)2H(9); AC=1414; MT=Variable; PP=Anywhere; TA=K	NT=Label:13C(4); AC=1266; MT=Fixed; PP=Anywhere; TA=M	20ppm	29	lesSDRF v0.1.0	NT=data-dependent acquisition;AC=PRIDE:0000627	v1.1.0	NT=ms-proteomics;VV=v1.1.0
AC-Ktr 2	Homo sapiens	cervix	30	HeLa	not applicable	Cancer	run30	proteomic profiling by mass spectrometry	Trypsin	20120707_EXQ3_AlCu_SA_76118_IPCyt_Top10_20cm_0301.raw	Cytosol	20ppm	Velos	SILAC light	NT=Carbamidomethyl; AC=4; MT=Fixed; PP=Anywhere; TA=C	NT=Oxidation; AC=35; MT=Variable; PP=Anywhere; TA=M	NT=Methyl; AC=34; MT=Variable; PP=Anywhere; TA=K,R	NT=Dimethyl; AC=36; MT=Variable; PP=Anywhere; TA=K,R	NT=Trimethyl; AC=37; MT=Variable; PP=Anywhere; TA=K		20ppm	30	lesSDRF v0.1.0	NT=data-dependent acquisition;AC=PRIDE:0000627	v1.1.0	NT=ms-proteomics;VV=v1.1.0
AC-Ktr 2	Homo sapiens	cervix	30	HeLa	not applicable	Cancer	run30	proteomic profiling by mass spectrometry	Trypsin	20120707_EXQ3_AlCu_SA_76118_IPCyt_Top10_20cm_0301.raw	Cytosol	20ppm	Velos	SILAC heavy	NT=Carbamidomethyl; AC=4; MT=Fixed; PP=Anywhere; TA=C	NT=Oxidation; AC=35; MT=Variable; PP=Anywhere; TA=M	NT=Methyl:2H(3)13C(1); AC=329; MT=Variable; PP=Anywhere; TA=K,R	NT=Dimethyl:2H(6)13C(2); AC=330; MT=Variable; PP=Anywhere; TA=K,R	NT=Trimethyl:13C(3)2H(9); AC=1414; MT=Variable; PP=Anywhere; TA=K	NT=Label:13C(4); AC=1266; MT=Fixed; PP=Anywhere; TA=M	20ppm	30	lesSDRF v0.1.0	NT=data-dependent acquisition;AC=PRIDE:0000627	v1.1.0	NT=ms-proteomics;VV=v1.1.0
AC-Ktr 2	Homo sapiens	cervix	31	HeLa	not applicable	Cancer	run31	proteomic profiling by mass spectrometry	Trypsin	20120707_EXQ3_AlCu_SA_76118_IPCyt_Top10_20cm_0401.raw	Cytosol	20ppm	Velos	SILAC light	NT=Carbamidomethyl; AC=4; MT=Fixed; PP=Anywhere; TA=C	NT=Oxidation; AC=35; MT=Variable; PP=Anywhere; TA=M	NT=Methyl; AC=34; MT=Variable; PP=Anywhere; TA=K,R	NT=Dimethyl; AC=36; MT=Variable; PP=Anywhere; TA=K,R	NT=Trimethyl; AC=37; MT=Variable; PP=Anywhere; TA=K		20ppm	31	lesSDRF v0.1.0	NT=data-dependent acquisition;AC=PRIDE:0000627	v1.1.0	NT=ms-proteomics;VV=v1.1.0
AC-Ktr 2	Homo sapiens	cervix	31	HeLa	not applicable	Cancer	run31	proteomic profiling by mass spectrometry	Trypsin	20120707_EXQ3_AlCu_SA_76118_IPCyt_Top10_20cm_0401.raw	Cytosol	20ppm	Velos	SILAC heavy	NT=Carbamidomethyl; AC=4; MT=Fixed; PP=Anywhere; TA=C	NT=Oxidation; AC=35; MT=Variable; PP=Anywhere; TA=M	NT=Methyl:2H(3)13C(1); AC=329; MT=Variable; PP=Anywhere; TA=K,R	NT=Dimethyl:2H(6)13C(2); AC=330; MT=Variable; PP=Anywhere; TA=K,R	NT=Trimethyl:13C(3)2H(9); AC=1414; MT=Variable; PP=Anywhere; TA=K	NT=Label:13C(4); AC=1266; MT=Fixed; PP=Anywhere; TA=M	20ppm	31	lesSDRF v0.1.0	NT=data-dependent acquisition;AC=PRIDE:0000627	v1.1.0	NT=ms-proteomics;VV=v1.1.0
AC-Ktr 2	Homo sapiens	cervix	32	HeLa	not applicable	Cancer	run32	proteomic profiling by mass spectrometry	Trypsin	20120707_EXQ3_AlCu_SA_76118_IPCyt_Top10_20cm_0501.raw	Cytosol	20ppm	Velos	SILAC light	NT=Carbamidomethyl; AC=4; MT=Fixed; PP=Anywhere; TA=C	NT=Oxidation; AC=35; MT=Variable; PP=Anywhere; TA=M	NT=Methyl; AC=34; MT=Variable; PP=Anywhere; TA=K,R	NT=Dimethyl; AC=36; MT=Variable; PP=Anywhere; TA=K,R	NT=Trimethyl; AC=37; MT=Variable; PP=Anywhere; TA=K		20ppm	32	lesSDRF v0.1.0	NT=data-dependent acquisition;AC=PRIDE:0000627	v1.1.0	NT=ms-proteomics;VV=v1.1.0
AC-Ktr 2	Homo sapiens	cervix	32	HeLa	not applicable	Cancer	run32	proteomic profiling by mass spectrometry	Trypsin	20120707_EXQ3_AlCu_SA_76118_IPCyt_Top10_20cm_0501.raw	Cytosol	20ppm	Velos	SILAC heavy	NT=Carbamidomethyl; AC=4; MT=Fixed; PP=Anywhere; TA=C	NT=Oxidation; AC=35; MT=Variable; PP=Anywhere; TA=M	NT=Methyl:2H(3)13C(1); AC=329; MT=Variable; PP=Anywhere; TA=K,R	NT=Dimethyl:2H(6)13C(2); AC=330; MT=Variable; PP=Anywhere; TA=K,R	NT=Trimethyl:13C(3)2H(9); AC=1414; MT=Variable; PP=Anywhere; TA=K	NT=Label:13C(4); AC=1266; MT=Fixed; PP=Anywhere; TA=M	20ppm	32	lesSDRF v0.1.0	NT=data-dependent acquisition;AC=PRIDE:0000627	v1.1.0	NT=ms-proteomics;VV=v1.1.0
AC-Ktr 1	Homo sapiens	cervix	33	HeLa	not applicable	Cancer	run33	proteomic profiling by mass spectrometry	Trypsin	20120707_EXQ3_AlCu_SA_76118_IPNlc_Top10_20cm_0101.raw	Nucleus	20ppm	Velos	SILAC light	NT=Carbamidomethyl; AC=4; MT=Fixed; PP=Anywhere; TA=C	NT=Oxidation; AC=35; MT=Variable; PP=Anywhere; TA=M	NT=Methyl; AC=34; MT=Variable; PP=Anywhere; TA=K,R	NT=Dimethyl; AC=36; MT=Variable; PP=Anywhere; TA=K,R	NT=Trimethyl; AC=37; MT=Variable; PP=Anywhere; TA=K		20ppm	33	lesSDRF v0.1.0	NT=data-dependent acquisition;AC=PRIDE:0000627	v1.1.0	NT=ms-proteomics;VV=v1.1.0
AC-Ktr 1	Homo sapiens	cervix	33	HeLa	not applicable	Cancer	run33	proteomic profiling by mass spectrometry	Trypsin	20120707_EXQ3_AlCu_SA_76118_IPNlc_Top10_20cm_0101.raw	Nucleus	20ppm	Velos	SILAC heavy	NT=Carbamidomethyl; AC=4; MT=Fixed; PP=Anywhere; TA=C	NT=Oxidation; AC=35; MT=Variable; PP=Anywhere; TA=M	NT=Methyl:2H(3)13C(1); AC=329; MT=Variable; PP=Anywhere; TA=K,R	NT=Dimethyl:2H(6)13C(2); AC=330; MT=Variable; PP=Anywhere; TA=K,R	NT=Trimethyl:13C(3)2H(9); AC=1414; MT=Variable; PP=Anywhere; TA=K	NT=Label:13C(4); AC=1266; MT=Fixed; PP=Anywhere; TA=M	20ppm	33	lesSDRF v0.1.0	NT=data-dependent acquisition;AC=PRIDE:0000627	v1.1.0	NT=ms-proteomics;VV=v1.1.0
AC-Ktr 1	Homo sapiens	cervix	34	HeLa	not applicable	Cancer	run34	proteomic profiling by mass spectrometry	Trypsin	20120707_EXQ3_AlCu_SA_76118_IPNlc_Top10_20cm_0201.raw	Nucleus	20ppm	Velos	SILAC light	NT=Carbamidomethyl; AC=4; MT=Fixed; PP=Anywhere; TA=C	NT=Oxidation; AC=35; MT=Variable; PP=Anywhere; TA=M	NT=Methyl; AC=34; MT=Variable; PP=Anywhere; TA=K,R	NT=Dimethyl; AC=36; MT=Variable; PP=Anywhere; TA=K,R	NT=Trimethyl; AC=37; MT=Variable; PP=Anywhere; TA=K		20ppm	34	lesSDRF v0.1.0	NT=data-dependent acquisition;AC=PRIDE:0000627	v1.1.0	NT=ms-proteomics;VV=v1.1.0
AC-Ktr 1	Homo sapiens	cervix	34	HeLa	not applicable	Cancer	run34	proteomic profiling by mass spectrometry	Trypsin	20120707_EXQ3_AlCu_SA_76118_IPNlc_Top10_20cm_0201.raw	Nucleus	20ppm	Velos	SILAC heavy	NT=Carbamidomethyl; AC=4; MT=Fixed; PP=Anywhere; TA=C	NT=Oxidation; AC=35; MT=Variable; PP=Anywhere; TA=M	NT=Methyl:2H(3)13C(1); AC=329; MT=Variable; PP=Anywhere; TA=K,R	NT=Dimethyl:2H(6)13C(2); AC=330; MT=Variable; PP=Anywhere; TA=K,R	NT=Trimethyl:13C(3)2H(9); AC=1414; MT=Variable; PP=Anywhere; TA=K	NT=Label:13C(4); AC=1266; MT=Fixed; PP=Anywhere; TA=M	20ppm	34	lesSDRF v0.1.0	NT=data-dependent acquisition;AC=PRIDE:0000627	v1.1.0	NT=ms-proteomics;VV=v1.1.0
AC-Ktr 1	Homo sapiens	cervix	35	HeLa	not applicable	Cancer	run35	proteomic profiling by mass spectrometry	Trypsin	20120707_EXQ3_AlCu_SA_76118_IPNlc_Top10_20cm_0301.raw	Nucleus	20ppm	Velos	SILAC light	NT=Carbamidomethyl; AC=4; MT=Fixed; PP=Anywhere; TA=C	NT=Oxidation; AC=35; MT=Variable; PP=Anywhere; TA=M	NT=Methyl; AC=34; MT=Variable; PP=Anywhere; TA=K,R	NT=Dimethyl; AC=36; MT=Variable; PP=Anywhere; TA=K,R	NT=Trimethyl; AC=37; MT=Variable; PP=Anywhere; TA=K		20ppm	35	lesSDRF v0.1.0	NT=data-dependent acquisition;AC=PRIDE:0000627	v1.1.0	NT=ms-proteomics;VV=v1.1.0
AC-Ktr 1	Homo sapiens	cervix	35	HeLa	not applicable	Cancer	run35	proteomic profiling by mass spectrometry	Trypsin	20120707_EXQ3_AlCu_SA_76118_IPNlc_Top10_20cm_0301.raw	Nucleus	20ppm	Velos	SILAC heavy	NT=Carbamidomethyl; AC=4; MT=Fixed; PP=Anywhere; TA=C	NT=Oxidation; AC=35; MT=Variable; PP=Anywhere; TA=M	NT=Methyl:2H(3)13C(1); AC=329; MT=Variable; PP=Anywhere; TA=K,R	NT=Dimethyl:2H(6)13C(2); AC=330; MT=Variable; PP=Anywhere; TA=K,R	NT=Trimethyl:13C(3)2H(9); AC=1414; MT=Variable; PP=Anywhere; TA=K	NT=Label:13C(4); AC=1266; MT=Fixed; PP=Anywhere; TA=M	20ppm	35	lesSDRF v0.1.0	NT=data-dependent acquisition;AC=PRIDE:0000627	v1.1.0	NT=ms-proteomics;VV=v1.1.0
AC-Ktr 1	Homo sapiens	cervix	36	HeLa	not applicable	Cancer	run36	proteomic profiling by mass spectrometry	Trypsin	20120707_EXQ3_AlCu_SA_76118_IPNlc_Top10_20cm_0401.raw	Nucleus	20ppm	Velos	SILAC light	NT=Carbamidomethyl; AC=4; MT=Fixed; PP=Anywhere; TA=C	NT=Oxidation; AC=35; MT=Variable; PP=Anywhere; TA=M	NT=Methyl; AC=34; MT=Variable; PP=Anywhere; TA=K,R	NT=Dimethyl; AC=36; MT=Variable; PP=Anywhere; TA=K,R	NT=Trimethyl; AC=37; MT=Variable; PP=Anywhere; TA=K		20ppm	36	lesSDRF v0.1.0	NT=data-dependent acquisition;AC=PRIDE:0000627	v1.1.0	NT=ms-proteomics;VV=v1.1.0
AC-Ktr 1	Homo sapiens	cervix	36	HeLa	not applicable	Cancer	run36	proteomic profiling by mass spectrometry	Trypsin	20120707_EXQ3_AlCu_SA_76118_IPNlc_Top10_20cm_0401.raw	Nucleus	20ppm	Velos	SILAC heavy	NT=Carbamidomethyl; AC=4; MT=Fixed; PP=Anywhere; TA=C	NT=Oxidation; AC=35; MT=Variable; PP=Anywhere; TA=M	NT=Methyl:2H(3)13C(1); AC=329; MT=Variable; PP=Anywhere; TA=K,R	NT=Dimethyl:2H(6)13C(2); AC=330; MT=Variable; PP=Anywhere; TA=K,R	NT=Trimethyl:13C(3)2H(9); AC=1414; MT=Variable; PP=Anywhere; TA=K	NT=Label:13C(4); AC=1266; MT=Fixed; PP=Anywhere; TA=M	20ppm	36	lesSDRF v0.1.0	NT=data-dependent acquisition;AC=PRIDE:0000627	v1.1.0	NT=ms-proteomics;VV=v1.1.0
AC-Ktr 1	Homo sapiens	cervix	37	HeLa	not applicable	Cancer	run37	proteomic profiling by mass spectrometry	Trypsin	20120707_EXQ3_AlCu_SA_76118_IPNlc_Top10_20cm_0501.raw	Nucleus	20ppm	Velos	SILAC light	NT=Carbamidomethyl; AC=4; MT=Fixed; PP=Anywhere; TA=C	NT=Oxidation; AC=35; MT=Variable; PP=Anywhere; TA=M	NT=Methyl; AC=34; MT=Variable; PP=Anywhere; TA=K,R	NT=Dimethyl; AC=36; MT=Variable; PP=Anywhere; TA=K,R	NT=Trimethyl; AC=37; MT=Variable; PP=Anywhere; TA=K		20ppm	37	lesSDRF v0.1.0	NT=data-dependent acquisition;AC=PRIDE:0000627	v1.1.0	NT=ms-proteomics;VV=v1.1.0
AC-Ktr 1	Homo sapiens	cervix	37	HeLa	not applicable	Cancer	run37	proteomic profiling by mass spectrometry	Trypsin	20120707_EXQ3_AlCu_SA_76118_IPNlc_Top10_20cm_0501.raw	Nucleus	20ppm	Velos	SILAC heavy	NT=Carbamidomethyl; AC=4; MT=Fixed; PP=Anywhere; TA=C	NT=Oxidation; AC=35; MT=Variable; PP=Anywhere; TA=M	NT=Methyl:2H(3)13C(1); AC=329; MT=Variable; PP=Anywhere; TA=K,R	NT=Dimethyl:2H(6)13C(2); AC=330; MT=Variable; PP=Anywhere; TA=K,R	NT=Trimethyl:13C(3)2H(9); AC=1414; MT=Variable; PP=Anywhere; TA=K	NT=Label:13C(4); AC=1266; MT=Fixed; PP=Anywhere; TA=M	20ppm	37	lesSDRF v0.1.0	NT=data-dependent acquisition;AC=PRIDE:0000627	v1.1.0	NT=ms-proteomics;VV=v1.1.0
AC-Ktr 1	Homo sapiens	cervix	38	HeLa	not applicable	Cancer	run38	proteomic profiling by mass spectrometry	Trypsin	20120707_EXQ3_AlCu_SA_76118_IPNlc_Top10_20cm_0601.raw	Nucleus	20ppm	Velos	SILAC light	NT=Carbamidomethyl; AC=4; MT=Fixed; PP=Anywhere; TA=C	NT=Oxidation; AC=35; MT=Variable; PP=Anywhere; TA=M	NT=Methyl; AC=34; MT=Variable; PP=Anywhere; TA=K,R	NT=Dimethyl; AC=36; MT=Variable; PP=Anywhere; TA=K,R	NT=Trimethyl; AC=37; MT=Variable; PP=Anywhere; TA=K		20ppm	38	lesSDRF v0.1.0	NT=data-dependent acquisition;AC=PRIDE:0000627	v1.1.0	NT=ms-proteomics;VV=v1.1.0
AC-Ktr 1	Homo sapiens	cervix	38	HeLa	not applicable	Cancer	run38	proteomic profiling by mass spectrometry	Trypsin	20120707_EXQ3_AlCu_SA_76118_IPNlc_Top10_20cm_0601.raw	Nucleus	20ppm	Velos	SILAC heavy	NT=Carbamidomethyl; AC=4; MT=Fixed; PP=Anywhere; TA=C	NT=Oxidation; AC=35; MT=Variable; PP=Anywhere; TA=M	NT=Methyl:2H(3)13C(1); AC=329; MT=Variable; PP=Anywhere; TA=K,R	NT=Dimethyl:2H(6)13C(2); AC=330; MT=Variable; PP=Anywhere; TA=K,R	NT=Trimethyl:13C(3)2H(9); AC=1414; MT=Variable; PP=Anywhere; TA=K	NT=Label:13C(4); AC=1266; MT=Fixed; PP=Anywhere; TA=M	20ppm	38	lesSDRF v0.1.0	NT=data-dependent acquisition;AC=PRIDE:0000627	v1.1.0	NT=ms-proteomics;VV=v1.1.0
AC-Ktr 1	Homo sapiens	cervix	39	HeLa	not applicable	Cancer	run39	proteomic profiling by mass spectrometry	Trypsin	20120707_EXQ3_AlCu_SA_76118_IPNlc_Top10_20cm_0701.raw	Nucleus	20ppm	Velos	SILAC light	NT=Carbamidomethyl; AC=4; MT=Fixed; PP=Anywhere; TA=C	NT=Oxidation; AC=35; MT=Variable; PP=Anywhere; TA=M	NT=Methyl; AC=34; MT=Variable; PP=Anywhere; TA=K,R	NT=Dimethyl; AC=36; MT=Variable; PP=Anywhere; TA=K,R	NT=Trimethyl; AC=37; MT=Variable; PP=Anywhere; TA=K		20ppm	39	lesSDRF v0.1.0	NT=data-dependent acquisition;AC=PRIDE:0000627	v1.1.0	NT=ms-proteomics;VV=v1.1.0
AC-Ktr 1	Homo sapiens	cervix	39	HeLa	not applicable	Cancer	run39	proteomic profiling by mass spectrometry	Trypsin	20120707_EXQ3_AlCu_SA_76118_IPNlc_Top10_20cm_0701.raw	Nucleus	20ppm	Velos	SILAC heavy	NT=Carbamidomethyl; AC=4; MT=Fixed; PP=Anywhere; TA=C	NT=Oxidation; AC=35; MT=Variable; PP=Anywhere; TA=M	NT=Methyl:2H(3)13C(1); AC=329; MT=Variable; PP=Anywhere; TA=K,R	NT=Dimethyl:2H(6)13C(2); AC=330; MT=Variable; PP=Anywhere; TA=K,R	NT=Trimethyl:13C(3)2H(9); AC=1414; MT=Variable; PP=Anywhere; TA=K	NT=Label:13C(4); AC=1266; MT=Fixed; PP=Anywhere; TA=M	20ppm	39	lesSDRF v0.1.0	NT=data-dependent acquisition;AC=PRIDE:0000627	v1.1.0	NT=ms-proteomics;VV=v1.1.0
AR-Kpan 2	Homo sapiens	cervix	40	HeLa	not applicable	Cancer	run40	proteomic profiling by mass spectrometry	Trypsin	20120710_EXQ3_AlCu_SA_IPAcris_Cyt_0101.raw	Cytosol	20ppm	Velos	SILAC light	NT=Carbamidomethyl; AC=4; MT=Fixed; PP=Anywhere; TA=C	NT=Oxidation; AC=35; MT=Variable; PP=Anywhere; TA=M	NT=Methyl; AC=34; MT=Variable; PP=Anywhere; TA=K,R	NT=Dimethyl; AC=36; MT=Variable; PP=Anywhere; TA=K,R	NT=Trimethyl; AC=37; MT=Variable; PP=Anywhere; TA=K		20ppm	40	lesSDRF v0.1.0	NT=data-dependent acquisition;AC=PRIDE:0000627	v1.1.0	NT=ms-proteomics;VV=v1.1.0
AR-Kpan 2	Homo sapiens	cervix	40	HeLa	not applicable	Cancer	run40	proteomic profiling by mass spectrometry	Trypsin	20120710_EXQ3_AlCu_SA_IPAcris_Cyt_0101.raw	Cytosol	20ppm	Velos	SILAC heavy	NT=Carbamidomethyl; AC=4; MT=Fixed; PP=Anywhere; TA=C	NT=Oxidation; AC=35; MT=Variable; PP=Anywhere; TA=M	NT=Methyl:2H(3)13C(1); AC=329; MT=Variable; PP=Anywhere; TA=K,R	NT=Dimethyl:2H(6)13C(2); AC=330; MT=Variable; PP=Anywhere; TA=K,R	NT=Trimethyl:13C(3)2H(9); AC=1414; MT=Variable; PP=Anywhere; TA=K	NT=Label:13C(4); AC=1266; MT=Fixed; PP=Anywhere; TA=M	20ppm	40	lesSDRF v0.1.0	NT=data-dependent acquisition;AC=PRIDE:0000627	v1.1.0	NT=ms-proteomics;VV=v1.1.0
AR-Kpan 2	Homo sapiens	cervix	41	HeLa	not applicable	Cancer	run41	proteomic profiling by mass spectrometry	Trypsin	20120710_EXQ3_AlCu_SA_IPAcris_Cyt_0201.raw	Cytosol	20ppm	Velos	SILAC light	NT=Carbamidomethyl; AC=4; MT=Fixed; PP=Anywhere; TA=C	NT=Oxidation; AC=35; MT=Variable; PP=Anywhere; TA=M	NT=Methyl; AC=34; MT=Variable; PP=Anywhere; TA=K,R	NT=Dimethyl; AC=36; MT=Variable; PP=Anywhere; TA=K,R	NT=Trimethyl; AC=37; MT=Variable; PP=Anywhere; TA=K		20ppm	41	lesSDRF v0.1.0	NT=data-dependent acquisition;AC=PRIDE:0000627	v1.1.0	NT=ms-proteomics;VV=v1.1.0
AR-Kpan 2	Homo sapiens	cervix	41	HeLa	not applicable	Cancer	run41	proteomic profiling by mass spectrometry	Trypsin	20120710_EXQ3_AlCu_SA_IPAcris_Cyt_0201.raw	Cytosol	20ppm	Velos	SILAC heavy	NT=Carbamidomethyl; AC=4; MT=Fixed; PP=Anywhere; TA=C	NT=Oxidation; AC=35; MT=Variable; PP=Anywhere; TA=M	NT=Methyl:2H(3)13C(1); AC=329; MT=Variable; PP=Anywhere; TA=K,R	NT=Dimethyl:2H(6)13C(2); AC=330; MT=Variable; PP=Anywhere; TA=K,R	NT=Trimethyl:13C(3)2H(9); AC=1414; MT=Variable; PP=Anywhere; TA=K	NT=Label:13C(4); AC=1266; MT=Fixed; PP=Anywhere; TA=M	20ppm	41	lesSDRF v0.1.0	NT=data-dependent acquisition;AC=PRIDE:0000627	v1.1.0	NT=ms-proteomics;VV=v1.1.0
AR-Kpan 2	Homo sapiens	cervix	42	HeLa	not applicable	Cancer	run42	proteomic profiling by mass spectrometry	Trypsin	20120710_EXQ3_AlCu_SA_IPAcris_Cyt_0301.raw	Cytosol	20ppm	Velos	SILAC light	NT=Carbamidomethyl; AC=4; MT=Fixed; PP=Anywhere; TA=C	NT=Oxidation; AC=35; MT=Variable; PP=Anywhere; TA=M	NT=Methyl; AC=34; MT=Variable; PP=Anywhere; TA=K,R	NT=Dimethyl; AC=36; MT=Variable; PP=Anywhere; TA=K,R	NT=Trimethyl; AC=37; MT=Variable; PP=Anywhere; TA=K		20ppm	42	lesSDRF v0.1.0	NT=data-dependent acquisition;AC=PRIDE:0000627	v1.1.0	NT=ms-proteomics;VV=v1.1.0
AR-Kpan 2	Homo sapiens	cervix	42	HeLa	not applicable	Cancer	run42	proteomic profiling by mass spectrometry	Trypsin	20120710_EXQ3_AlCu_SA_IPAcris_Cyt_0301.raw	Cytosol	20ppm	Velos	SILAC heavy	NT=Carbamidomethyl; AC=4; MT=Fixed; PP=Anywhere; TA=C	NT=Oxidation; AC=35; MT=Variable; PP=Anywhere; TA=M	NT=Methyl:2H(3)13C(1); AC=329; MT=Variable; PP=Anywhere; TA=K,R	NT=Dimethyl:2H(6)13C(2); AC=330; MT=Variable; PP=Anywhere; TA=K,R	NT=Trimethyl:13C(3)2H(9); AC=1414; MT=Variable; PP=Anywhere; TA=K	NT=Label:13C(4); AC=1266; MT=Fixed; PP=Anywhere; TA=M	20ppm	42	lesSDRF v0.1.0	NT=data-dependent acquisition;AC=PRIDE:0000627	v1.1.0	NT=ms-proteomics;VV=v1.1.0
AR-Kpan 1	Homo sapiens	cervix	43	HeLa	not applicable	Cancer	run43	proteomic profiling by mass spectrometry	Trypsin	20120710_EXQ3_AlCu_SA_IPAcris_Ncl_0101.raw	Nucleus	20ppm	Velos	SILAC light	NT=Carbamidomethyl; AC=4; MT=Fixed; PP=Anywhere; TA=C	NT=Oxidation; AC=35; MT=Variable; PP=Anywhere; TA=M	NT=Methyl; AC=34; MT=Variable; PP=Anywhere; TA=K,R	NT=Dimethyl; AC=36; MT=Variable; PP=Anywhere; TA=K,R	NT=Trimethyl; AC=37; MT=Variable; PP=Anywhere; TA=K		20ppm	43	lesSDRF v0.1.0	NT=data-dependent acquisition;AC=PRIDE:0000627	v1.1.0	NT=ms-proteomics;VV=v1.1.0
AR-Kpan 1	Homo sapiens	cervix	43	HeLa	not applicable	Cancer	run43	proteomic profiling by mass spectrometry	Trypsin	20120710_EXQ3_AlCu_SA_IPAcris_Ncl_0101.raw	Nucleus	20ppm	Velos	SILAC heavy	NT=Carbamidomethyl; AC=4; MT=Fixed; PP=Anywhere; TA=C	NT=Oxidation; AC=35; MT=Variable; PP=Anywhere; TA=M	NT=Methyl:2H(3)13C(1); AC=329; MT=Variable; PP=Anywhere; TA=K,R	NT=Dimethyl:2H(6)13C(2); AC=330; MT=Variable; PP=Anywhere; TA=K,R	NT=Trimethyl:13C(3)2H(9); AC=1414; MT=Variable; PP=Anywhere; TA=K	NT=Label:13C(4); AC=1266; MT=Fixed; PP=Anywhere; TA=M	20ppm	43	lesSDRF v0.1.0	NT=data-dependent acquisition;AC=PRIDE:0000627	v1.1.0	NT=ms-proteomics;VV=v1.1.0
AR-Kpan 1	Homo sapiens	cervix	44	HeLa	not applicable	Cancer	run44	proteomic profiling by mass spectrometry	Trypsin	20120710_EXQ3_AlCu_SA_IPAcris_Ncl_0201.raw	Nucleus	20ppm	Velos	SILAC light	NT=Carbamidomethyl; AC=4; MT=Fixed; PP=Anywhere; TA=C	NT=Oxidation; AC=35; MT=Variable; PP=Anywhere; TA=M	NT=Methyl; AC=34; MT=Variable; PP=Anywhere; TA=K,R	NT=Dimethyl; AC=36; MT=Variable; PP=Anywhere; TA=K,R	NT=Trimethyl; AC=37; MT=Variable; PP=Anywhere; TA=K		20ppm	44	lesSDRF v0.1.0	NT=data-dependent acquisition;AC=PRIDE:0000627	v1.1.0	NT=ms-proteomics;VV=v1.1.0
AR-Kpan 1	Homo sapiens	cervix	44	HeLa	not applicable	Cancer	run44	proteomic profiling by mass spectrometry	Trypsin	20120710_EXQ3_AlCu_SA_IPAcris_Ncl_0201.raw	Nucleus	20ppm	Velos	SILAC heavy	NT=Carbamidomethyl; AC=4; MT=Fixed; PP=Anywhere; TA=C	NT=Oxidation; AC=35; MT=Variable; PP=Anywhere; TA=M	NT=Methyl:2H(3)13C(1); AC=329; MT=Variable; PP=Anywhere; TA=K,R	NT=Dimethyl:2H(6)13C(2); AC=330; MT=Variable; PP=Anywhere; TA=K,R	NT=Trimethyl:13C(3)2H(9); AC=1414; MT=Variable; PP=Anywhere; TA=K	NT=Label:13C(4); AC=1266; MT=Fixed; PP=Anywhere; TA=M	20ppm	44	lesSDRF v0.1.0	NT=data-dependent acquisition;AC=PRIDE:0000627	v1.1.0	NT=ms-proteomics;VV=v1.1.0
AR-Kpan 1	Homo sapiens	cervix	45	HeLa	not applicable	Cancer	run45	proteomic profiling by mass spectrometry	Trypsin	20120710_EXQ3_AlCu_SA_IPAcris_Ncl_0301.raw	Nucleus	20ppm	Velos	SILAC light	NT=Carbamidomethyl; AC=4; MT=Fixed; PP=Anywhere; TA=C	NT=Oxidation; AC=35; MT=Variable; PP=Anywhere; TA=M	NT=Methyl; AC=34; MT=Variable; PP=Anywhere; TA=K,R	NT=Dimethyl; AC=36; MT=Variable; PP=Anywhere; TA=K,R	NT=Trimethyl; AC=37; MT=Variable; PP=Anywhere; TA=K		20ppm	45	lesSDRF v0.1.0	NT=data-dependent acquisition;AC=PRIDE:0000627	v1.1.0	NT=ms-proteomics;VV=v1.1.0
AR-Kpan 1	Homo sapiens	cervix	45	HeLa	not applicable	Cancer	run45	proteomic profiling by mass spectrometry	Trypsin	20120710_EXQ3_AlCu_SA_IPAcris_Ncl_0301.raw	Nucleus	20ppm	Velos	SILAC heavy	NT=Carbamidomethyl; AC=4; MT=Fixed; PP=Anywhere; TA=C	NT=Oxidation; AC=35; MT=Variable; PP=Anywhere; TA=M	NT=Methyl:2H(3)13C(1); AC=329; MT=Variable; PP=Anywhere; TA=K,R	NT=Dimethyl:2H(6)13C(2); AC=330; MT=Variable; PP=Anywhere; TA=K,R	NT=Trimethyl:13C(3)2H(9); AC=1414; MT=Variable; PP=Anywhere; TA=K	NT=Label:13C(4); AC=1266; MT=Fixed; PP=Anywhere; TA=M	20ppm	45	lesSDRF v0.1.0	NT=data-dependent acquisition;AC=PRIDE:0000627	v1.1.0	NT=ms-proteomics;VV=v1.1.0
AR-Kpan 1	Homo sapiens	cervix	46	HeLa	not applicable	Cancer	run46	proteomic profiling by mass spectrometry	Trypsin	20120710_EXQ3_AlCu_SA_IPAcris_Ncl_0401.raw	Nucleus	20ppm	Velos	SILAC light	NT=Carbamidomethyl; AC=4; MT=Fixed; PP=Anywhere; TA=C	NT=Oxidation; AC=35; MT=Variable; PP=Anywhere; TA=M	NT=Methyl; AC=34; MT=Variable; PP=Anywhere; TA=K,R	NT=Dimethyl; AC=36; MT=Variable; PP=Anywhere; TA=K,R	NT=Trimethyl; AC=37; MT=Variable; PP=Anywhere; TA=K		20ppm	46	lesSDRF v0.1.0	NT=data-dependent acquisition;AC=PRIDE:0000627	v1.1.0	NT=ms-proteomics;VV=v1.1.0
AR-Kpan 1	Homo sapiens	cervix	46	HeLa	not applicable	Cancer	run46	proteomic profiling by mass spectrometry	Trypsin	20120710_EXQ3_AlCu_SA_IPAcris_Ncl_0401.raw	Nucleus	20ppm	Velos	SILAC heavy	NT=Carbamidomethyl; AC=4; MT=Fixed; PP=Anywhere; TA=C	NT=Oxidation; AC=35; MT=Variable; PP=Anywhere; TA=M	NT=Methyl:2H(3)13C(1); AC=329; MT=Variable; PP=Anywhere; TA=K,R	NT=Dimethyl:2H(6)13C(2); AC=330; MT=Variable; PP=Anywhere; TA=K,R	NT=Trimethyl:13C(3)2H(9); AC=1414; MT=Variable; PP=Anywhere; TA=K	NT=Label:13C(4); AC=1266; MT=Fixed; PP=Anywhere; TA=M	20ppm	46	lesSDRF v0.1.0	NT=data-dependent acquisition;AC=PRIDE:0000627	v1.1.0	NT=ms-proteomics;VV=v1.1.0
AR-Kpan 1	Homo sapiens	cervix	47	HeLa	not applicable	Cancer	run47	proteomic profiling by mass spectrometry	Trypsin	20120710_EXQ3_AlCu_SA_IPAcris_Ncl_0501.raw	Nucleus	20ppm	Velos	SILAC light	NT=Carbamidomethyl; AC=4; MT=Fixed; PP=Anywhere; TA=C	NT=Oxidation; AC=35; MT=Variable; PP=Anywhere; TA=M	NT=Methyl; AC=34; MT=Variable; PP=Anywhere; TA=K,R	NT=Dimethyl; AC=36; MT=Variable; PP=Anywhere; TA=K,R	NT=Trimethyl; AC=37; MT=Variable; PP=Anywhere; TA=K		20ppm	47	lesSDRF v0.1.0	NT=data-dependent acquisition;AC=PRIDE:0000627	v1.1.0	NT=ms-proteomics;VV=v1.1.0
AR-Kpan 1	Homo sapiens	cervix	47	HeLa	not applicable	Cancer	run47	proteomic profiling by mass spectrometry	Trypsin	20120710_EXQ3_AlCu_SA_IPAcris_Ncl_0501.raw	Nucleus	20ppm	Velos	SILAC heavy	NT=Carbamidomethyl; AC=4; MT=Fixed; PP=Anywhere; TA=C	NT=Oxidation; AC=35; MT=Variable; PP=Anywhere; TA=M	NT=Methyl:2H(3)13C(1); AC=329; MT=Variable; PP=Anywhere; TA=K,R	NT=Dimethyl:2H(6)13C(2); AC=330; MT=Variable; PP=Anywhere; TA=K,R	NT=Trimethyl:13C(3)2H(9); AC=1414; MT=Variable; PP=Anywhere; TA=K	NT=Label:13C(4); AC=1266; MT=Fixed; PP=Anywhere; TA=M	20ppm	47	lesSDRF v0.1.0	NT=data-dependent acquisition;AC=PRIDE:0000627	v1.1.0	NT=ms-proteomics;VV=v1.1.0
AR-Kpan 1	Homo sapiens	cervix	48	HeLa	not applicable	Cancer	run48	proteomic profiling by mass spectrometry	Trypsin	20120710_EXQ3_AlCu_SA_IPAcris_Ncl_0601.raw	Nucleus	20ppm	Velos	SILAC light	NT=Carbamidomethyl; AC=4; MT=Fixed; PP=Anywhere; TA=C	NT=Oxidation; AC=35; MT=Variable; PP=Anywhere; TA=M	NT=Methyl; AC=34; MT=Variable; PP=Anywhere; TA=K,R	NT=Dimethyl; AC=36; MT=Variable; PP=Anywhere; TA=K,R	NT=Trimethyl; AC=37; MT=Variable; PP=Anywhere; TA=K		20ppm	48	lesSDRF v0.1.0	NT=data-dependent acquisition;AC=PRIDE:0000627	v1.1.0	NT=ms-proteomics;VV=v1.1.0
AR-Kpan 1	Homo sapiens	cervix	48	HeLa	not applicable	Cancer	run48	proteomic profiling by mass spectrometry	Trypsin	20120710_EXQ3_AlCu_SA_IPAcris_Ncl_0601.raw	Nucleus	20ppm	Velos	SILAC heavy	NT=Carbamidomethyl; AC=4; MT=Fixed; PP=Anywhere; TA=C	NT=Oxidation; AC=35; MT=Variable; PP=Anywhere; TA=M	NT=Methyl:2H(3)13C(1); AC=329; MT=Variable; PP=Anywhere; TA=K,R	NT=Dimethyl:2H(6)13C(2); AC=330; MT=Variable; PP=Anywhere; TA=K,R	NT=Trimethyl:13C(3)2H(9); AC=1414; MT=Variable; PP=Anywhere; TA=K	NT=Label:13C(4); AC=1266; MT=Fixed; PP=Anywhere; TA=M	20ppm	48	lesSDRF v0.1.0	NT=data-dependent acquisition;AC=PRIDE:0000627	v1.1.0	NT=ms-proteomics;VV=v1.1.0
AR-Kpan 1	Homo sapiens	cervix	49	HeLa	not applicable	Cancer	run49	proteomic profiling by mass spectrometry	Trypsin	20120710_EXQ3_AlCu_SA_IPAcris_Ncl_0701.raw	Nucleus	20ppm	Velos	SILAC light	NT=Carbamidomethyl; AC=4; MT=Fixed; PP=Anywhere; TA=C	NT=Oxidation; AC=35; MT=Variable; PP=Anywhere; TA=M	NT=Methyl; AC=34; MT=Variable; PP=Anywhere; TA=K,R	NT=Dimethyl; AC=36; MT=Variable; PP=Anywhere; TA=K,R	NT=Trimethyl; AC=37; MT=Variable; PP=Anywhere; TA=K		20ppm	49	lesSDRF v0.1.0	NT=data-dependent acquisition;AC=PRIDE:0000627	v1.1.0	NT=ms-proteomics;VV=v1.1.0
AR-Kpan 1	Homo sapiens	cervix	49	HeLa	not applicable	Cancer	run49	proteomic profiling by mass spectrometry	Trypsin	20120710_EXQ3_AlCu_SA_IPAcris_Ncl_0701.raw	Nucleus	20ppm	Velos	SILAC heavy	NT=Carbamidomethyl; AC=4; MT=Fixed; PP=Anywhere; TA=C	NT=Oxidation; AC=35; MT=Variable; PP=Anywhere; TA=M	NT=Methyl:2H(3)13C(1); AC=329; MT=Variable; PP=Anywhere; TA=K,R	NT=Dimethyl:2H(6)13C(2); AC=330; MT=Variable; PP=Anywhere; TA=K,R	NT=Trimethyl:13C(3)2H(9); AC=1414; MT=Variable; PP=Anywhere; TA=K	NT=Label:13C(4); AC=1266; MT=Fixed; PP=Anywhere; TA=M	20ppm	49	lesSDRF v0.1.0	NT=data-dependent acquisition;AC=PRIDE:0000627	v1.1.0	NT=ms-proteomics;VV=v1.1.0
IngelCyt	Homo sapiens	cervix	50	HeLa	not applicable	Cancer	run50	proteomic profiling by mass spectrometry	Trypsin	20120720_EXQ4_AlCu_SA_InputInGel_Cyt_0101.raw	Cytosol	20ppm	Velos	SILAC light	NT=Carbamidomethyl; AC=4; MT=Fixed; PP=Anywhere; TA=C	NT=Oxidation; AC=35; MT=Variable; PP=Anywhere; TA=M	NT=Methyl; AC=34; MT=Variable; PP=Anywhere; TA=K,R	NT=Dimethyl; AC=36; MT=Variable; PP=Anywhere; TA=K,R	NT=Trimethyl; AC=37; MT=Variable; PP=Anywhere; TA=K		20ppm	50	lesSDRF v0.1.0	NT=data-dependent acquisition;AC=PRIDE:0000627	v1.1.0	NT=ms-proteomics;VV=v1.1.0
IngelCyt	Homo sapiens	cervix	50	HeLa	not applicable	Cancer	run50	proteomic profiling by mass spectrometry	Trypsin	20120720_EXQ4_AlCu_SA_InputInGel_Cyt_0101.raw	Cytosol	20ppm	Velos	SILAC heavy	NT=Carbamidomethyl; AC=4; MT=Fixed; PP=Anywhere; TA=C	NT=Oxidation; AC=35; MT=Variable; PP=Anywhere; TA=M	NT=Methyl:2H(3)13C(1); AC=329; MT=Variable; PP=Anywhere; TA=K,R	NT=Dimethyl:2H(6)13C(2); AC=330; MT=Variable; PP=Anywhere; TA=K,R	NT=Trimethyl:13C(3)2H(9); AC=1414; MT=Variable; PP=Anywhere; TA=K	NT=Label:13C(4); AC=1266; MT=Fixed; PP=Anywhere; TA=M	20ppm	50	lesSDRF v0.1.0	NT=data-dependent acquisition;AC=PRIDE:0000627	v1.1.0	NT=ms-proteomics;VV=v1.1.0
IngelCyt	Homo sapiens	cervix	51	HeLa	not applicable	Cancer	run51	proteomic profiling by mass spectrometry	Trypsin	20120720_EXQ4_AlCu_SA_InputInGel_Cyt_0201.raw	Cytosol	20ppm	Velos	SILAC light	NT=Carbamidomethyl; AC=4; MT=Fixed; PP=Anywhere; TA=C	NT=Oxidation; AC=35; MT=Variable; PP=Anywhere; TA=M	NT=Methyl; AC=34; MT=Variable; PP=Anywhere; TA=K,R	NT=Dimethyl; AC=36; MT=Variable; PP=Anywhere; TA=K,R	NT=Trimethyl; AC=37; MT=Variable; PP=Anywhere; TA=K		20ppm	51	lesSDRF v0.1.0	NT=data-dependent acquisition;AC=PRIDE:0000627	v1.1.0	NT=ms-proteomics;VV=v1.1.0
IngelCyt	Homo sapiens	cervix	51	HeLa	not applicable	Cancer	run51	proteomic profiling by mass spectrometry	Trypsin	20120720_EXQ4_AlCu_SA_InputInGel_Cyt_0201.raw	Cytosol	20ppm	Velos	SILAC heavy	NT=Carbamidomethyl; AC=4; MT=Fixed; PP=Anywhere; TA=C	NT=Oxidation; AC=35; MT=Variable; PP=Anywhere; TA=M	NT=Methyl:2H(3)13C(1); AC=329; MT=Variable; PP=Anywhere; TA=K,R	NT=Dimethyl:2H(6)13C(2); AC=330; MT=Variable; PP=Anywhere; TA=K,R	NT=Trimethyl:13C(3)2H(9); AC=1414; MT=Variable; PP=Anywhere; TA=K	NT=Label:13C(4); AC=1266; MT=Fixed; PP=Anywhere; TA=M	20ppm	51	lesSDRF v0.1.0	NT=data-dependent acquisition;AC=PRIDE:0000627	v1.1.0	NT=ms-proteomics;VV=v1.1.0
IngelCyt	Homo sapiens	cervix	52	HeLa	not applicable	Cancer	run52	proteomic profiling by mass spectrometry	Trypsin	20120720_EXQ4_AlCu_SA_InputInGel_Cyt_0301.raw	Cytosol	20ppm	Velos	SILAC light	NT=Carbamidomethyl; AC=4; MT=Fixed; PP=Anywhere; TA=C	NT=Oxidation; AC=35; MT=Variable; PP=Anywhere; TA=M	NT=Methyl; AC=34; MT=Variable; PP=Anywhere; TA=K,R	NT=Dimethyl; AC=36; MT=Variable; PP=Anywhere; TA=K,R	NT=Trimethyl; AC=37; MT=Variable; PP=Anywhere; TA=K		20ppm	52	lesSDRF v0.1.0	NT=data-dependent acquisition;AC=PRIDE:0000627	v1.1.0	NT=ms-proteomics;VV=v1.1.0
IngelCyt	Homo sapiens	cervix	52	HeLa	not applicable	Cancer	run52	proteomic profiling by mass spectrometry	Trypsin	20120720_EXQ4_AlCu_SA_InputInGel_Cyt_0301.raw	Cytosol	20ppm	Velos	SILAC heavy	NT=Carbamidomethyl; AC=4; MT=Fixed; PP=Anywhere; TA=C	NT=Oxidation; AC=35; MT=Variable; PP=Anywhere; TA=M	NT=Methyl:2H(3)13C(1); AC=329; MT=Variable; PP=Anywhere; TA=K,R	NT=Dimethyl:2H(6)13C(2); AC=330; MT=Variable; PP=Anywhere; TA=K,R	NT=Trimethyl:13C(3)2H(9); AC=1414; MT=Variable; PP=Anywhere; TA=K	NT=Label:13C(4); AC=1266; MT=Fixed; PP=Anywhere; TA=M	20ppm	52	lesSDRF v0.1.0	NT=data-dependent acquisition;AC=PRIDE:0000627	v1.1.0	NT=ms-proteomics;VV=v1.1.0
IngelCyt	Homo sapiens	cervix	53	HeLa	not applicable	Cancer	run53	proteomic profiling by mass spectrometry	Trypsin	20120720_EXQ4_AlCu_SA_InputInGel_Cyt_0401.raw	Cytosol	20ppm	Velos	SILAC light	NT=Carbamidomethyl; AC=4; MT=Fixed; PP=Anywhere; TA=C	NT=Oxidation; AC=35; MT=Variable; PP=Anywhere; TA=M	NT=Methyl; AC=34; MT=Variable; PP=Anywhere; TA=K,R	NT=Dimethyl; AC=36; MT=Variable; PP=Anywhere; TA=K,R	NT=Trimethyl; AC=37; MT=Variable; PP=Anywhere; TA=K		20ppm	53	lesSDRF v0.1.0	NT=data-dependent acquisition;AC=PRIDE:0000627	v1.1.0	NT=ms-proteomics;VV=v1.1.0
IngelCyt	Homo sapiens	cervix	53	HeLa	not applicable	Cancer	run53	proteomic profiling by mass spectrometry	Trypsin	20120720_EXQ4_AlCu_SA_InputInGel_Cyt_0401.raw	Cytosol	20ppm	Velos	SILAC heavy	NT=Carbamidomethyl; AC=4; MT=Fixed; PP=Anywhere; TA=C	NT=Oxidation; AC=35; MT=Variable; PP=Anywhere; TA=M	NT=Methyl:2H(3)13C(1); AC=329; MT=Variable; PP=Anywhere; TA=K,R	NT=Dimethyl:2H(6)13C(2); AC=330; MT=Variable; PP=Anywhere; TA=K,R	NT=Trimethyl:13C(3)2H(9); AC=1414; MT=Variable; PP=Anywhere; TA=K	NT=Label:13C(4); AC=1266; MT=Fixed; PP=Anywhere; TA=M	20ppm	53	lesSDRF v0.1.0	NT=data-dependent acquisition;AC=PRIDE:0000627	v1.1.0	NT=ms-proteomics;VV=v1.1.0
IngelCyt	Homo sapiens	cervix	54	HeLa	not applicable	Cancer	run54	proteomic profiling by mass spectrometry	Trypsin	20120720_EXQ4_AlCu_SA_InputInGel_Cyt_0501.raw	Cytosol	20ppm	Velos	SILAC light	NT=Carbamidomethyl; AC=4; MT=Fixed; PP=Anywhere; TA=C	NT=Oxidation; AC=35; MT=Variable; PP=Anywhere; TA=M	NT=Methyl; AC=34; MT=Variable; PP=Anywhere; TA=K,R	NT=Dimethyl; AC=36; MT=Variable; PP=Anywhere; TA=K,R	NT=Trimethyl; AC=37; MT=Variable; PP=Anywhere; TA=K		20ppm	54	lesSDRF v0.1.0	NT=data-dependent acquisition;AC=PRIDE:0000627	v1.1.0	NT=ms-proteomics;VV=v1.1.0
IngelCyt	Homo sapiens	cervix	54	HeLa	not applicable	Cancer	run54	proteomic profiling by mass spectrometry	Trypsin	20120720_EXQ4_AlCu_SA_InputInGel_Cyt_0501.raw	Cytosol	20ppm	Velos	SILAC heavy	NT=Carbamidomethyl; AC=4; MT=Fixed; PP=Anywhere; TA=C	NT=Oxidation; AC=35; MT=Variable; PP=Anywhere; TA=M	NT=Methyl:2H(3)13C(1); AC=329; MT=Variable; PP=Anywhere; TA=K,R	NT=Dimethyl:2H(6)13C(2); AC=330; MT=Variable; PP=Anywhere; TA=K,R	NT=Trimethyl:13C(3)2H(9); AC=1414; MT=Variable; PP=Anywhere; TA=K	NT=Label:13C(4); AC=1266; MT=Fixed; PP=Anywhere; TA=M	20ppm	54	lesSDRF v0.1.0	NT=data-dependent acquisition;AC=PRIDE:0000627	v1.1.0	NT=ms-proteomics;VV=v1.1.0
IngelCyt	Homo sapiens	cervix	55	HeLa	not applicable	Cancer	run55	proteomic profiling by mass spectrometry	Trypsin	20120720_EXQ4_AlCu_SA_InputInGel_Cyt_0601.raw	Cytosol	20ppm	Velos	SILAC light	NT=Carbamidomethyl; AC=4; MT=Fixed; PP=Anywhere; TA=C	NT=Oxidation; AC=35; MT=Variable; PP=Anywhere; TA=M	NT=Methyl; AC=34; MT=Variable; PP=Anywhere; TA=K,R	NT=Dimethyl; AC=36; MT=Variable; PP=Anywhere; TA=K,R	NT=Trimethyl; AC=37; MT=Variable; PP=Anywhere; TA=K		20ppm	55	lesSDRF v0.1.0	NT=data-dependent acquisition;AC=PRIDE:0000627	v1.1.0	NT=ms-proteomics;VV=v1.1.0
IngelCyt	Homo sapiens	cervix	55	HeLa	not applicable	Cancer	run55	proteomic profiling by mass spectrometry	Trypsin	20120720_EXQ4_AlCu_SA_InputInGel_Cyt_0601.raw	Cytosol	20ppm	Velos	SILAC heavy	NT=Carbamidomethyl; AC=4; MT=Fixed; PP=Anywhere; TA=C	NT=Oxidation; AC=35; MT=Variable; PP=Anywhere; TA=M	NT=Methyl:2H(3)13C(1); AC=329; MT=Variable; PP=Anywhere; TA=K,R	NT=Dimethyl:2H(6)13C(2); AC=330; MT=Variable; PP=Anywhere; TA=K,R	NT=Trimethyl:13C(3)2H(9); AC=1414; MT=Variable; PP=Anywhere; TA=K	NT=Label:13C(4); AC=1266; MT=Fixed; PP=Anywhere; TA=M	20ppm	55	lesSDRF v0.1.0	NT=data-dependent acquisition;AC=PRIDE:0000627	v1.1.0	NT=ms-proteomics;VV=v1.1.0
IngelCyt	Homo sapiens	cervix	56	HeLa	not applicable	Cancer	run56	proteomic profiling by mass spectrometry	Trypsin	20120720_EXQ4_AlCu_SA_InputInGel_Cyt_0701.raw	Cytosol	20ppm	Velos	SILAC light	NT=Carbamidomethyl; AC=4; MT=Fixed; PP=Anywhere; TA=C	NT=Oxidation; AC=35; MT=Variable; PP=Anywhere; TA=M	NT=Methyl; AC=34; MT=Variable; PP=Anywhere; TA=K,R	NT=Dimethyl; AC=36; MT=Variable; PP=Anywhere; TA=K,R	NT=Trimethyl; AC=37; MT=Variable; PP=Anywhere; TA=K		20ppm	56	lesSDRF v0.1.0	NT=data-dependent acquisition;AC=PRIDE:0000627	v1.1.0	NT=ms-proteomics;VV=v1.1.0
IngelCyt	Homo sapiens	cervix	56	HeLa	not applicable	Cancer	run56	proteomic profiling by mass spectrometry	Trypsin	20120720_EXQ4_AlCu_SA_InputInGel_Cyt_0701.raw	Cytosol	20ppm	Velos	SILAC heavy	NT=Carbamidomethyl; AC=4; MT=Fixed; PP=Anywhere; TA=C	NT=Oxidation; AC=35; MT=Variable; PP=Anywhere; TA=M	NT=Methyl:2H(3)13C(1); AC=329; MT=Variable; PP=Anywhere; TA=K,R	NT=Dimethyl:2H(6)13C(2); AC=330; MT=Variable; PP=Anywhere; TA=K,R	NT=Trimethyl:13C(3)2H(9); AC=1414; MT=Variable; PP=Anywhere; TA=K	NT=Label:13C(4); AC=1266; MT=Fixed; PP=Anywhere; TA=M	20ppm	56	lesSDRF v0.1.0	NT=data-dependent acquisition;AC=PRIDE:0000627	v1.1.0	NT=ms-proteomics;VV=v1.1.0
IngelCyt	Homo sapiens	cervix	57	HeLa	not applicable	Cancer	run57	proteomic profiling by mass spectrometry	Trypsin	20120720_EXQ4_AlCu_SA_InputInGel_Cyt_0801.raw	Cytosol	20ppm	Velos	SILAC light	NT=Carbamidomethyl; AC=4; MT=Fixed; PP=Anywhere; TA=C	NT=Oxidation; AC=35; MT=Variable; PP=Anywhere; TA=M	NT=Methyl; AC=34; MT=Variable; PP=Anywhere; TA=K,R	NT=Dimethyl; AC=36; MT=Variable; PP=Anywhere; TA=K,R	NT=Trimethyl; AC=37; MT=Variable; PP=Anywhere; TA=K		20ppm	57	lesSDRF v0.1.0	NT=data-dependent acquisition;AC=PRIDE:0000627	v1.1.0	NT=ms-proteomics;VV=v1.1.0
IngelCyt	Homo sapiens	cervix	57	HeLa	not applicable	Cancer	run57	proteomic profiling by mass spectrometry	Trypsin	20120720_EXQ4_AlCu_SA_InputInGel_Cyt_0801.raw	Cytosol	20ppm	Velos	SILAC heavy	NT=Carbamidomethyl; AC=4; MT=Fixed; PP=Anywhere; TA=C	NT=Oxidation; AC=35; MT=Variable; PP=Anywhere; TA=M	NT=Methyl:2H(3)13C(1); AC=329; MT=Variable; PP=Anywhere; TA=K,R	NT=Dimethyl:2H(6)13C(2); AC=330; MT=Variable; PP=Anywhere; TA=K,R	NT=Trimethyl:13C(3)2H(9); AC=1414; MT=Variable; PP=Anywhere; TA=K	NT=Label:13C(4); AC=1266; MT=Fixed; PP=Anywhere; TA=M	20ppm	57	lesSDRF v0.1.0	NT=data-dependent acquisition;AC=PRIDE:0000627	v1.1.0	NT=ms-proteomics;VV=v1.1.0
IngelCyt	Homo sapiens	cervix	58	HeLa	not applicable	Cancer	run58	proteomic profiling by mass spectrometry	Trypsin	20120720_EXQ4_AlCu_SA_InputInGel_Cyt_0901.raw	Cytosol	20ppm	Velos	SILAC light	NT=Carbamidomethyl; AC=4; MT=Fixed; PP=Anywhere; TA=C	NT=Oxidation; AC=35; MT=Variable; PP=Anywhere; TA=M	NT=Methyl; AC=34; MT=Variable; PP=Anywhere; TA=K,R	NT=Dimethyl; AC=36; MT=Variable; PP=Anywhere; TA=K,R	NT=Trimethyl; AC=37; MT=Variable; PP=Anywhere; TA=K		20ppm	58	lesSDRF v0.1.0	NT=data-dependent acquisition;AC=PRIDE:0000627	v1.1.0	NT=ms-proteomics;VV=v1.1.0
IngelCyt	Homo sapiens	cervix	58	HeLa	not applicable	Cancer	run58	proteomic profiling by mass spectrometry	Trypsin	20120720_EXQ4_AlCu_SA_InputInGel_Cyt_0901.raw	Cytosol	20ppm	Velos	SILAC heavy	NT=Carbamidomethyl; AC=4; MT=Fixed; PP=Anywhere; TA=C	NT=Oxidation; AC=35; MT=Variable; PP=Anywhere; TA=M	NT=Methyl:2H(3)13C(1); AC=329; MT=Variable; PP=Anywhere; TA=K,R	NT=Dimethyl:2H(6)13C(2); AC=330; MT=Variable; PP=Anywhere; TA=K,R	NT=Trimethyl:13C(3)2H(9); AC=1414; MT=Variable; PP=Anywhere; TA=K	NT=Label:13C(4); AC=1266; MT=Fixed; PP=Anywhere; TA=M	20ppm	58	lesSDRF v0.1.0	NT=data-dependent acquisition;AC=PRIDE:0000627	v1.1.0	NT=ms-proteomics;VV=v1.1.0
IngelCyt	Homo sapiens	cervix	59	HeLa	not applicable	Cancer	run59	proteomic profiling by mass spectrometry	Trypsin	20120720_EXQ4_AlCu_SA_InputInGel_Cyt_1001.raw	Cytosol	20ppm	Velos	SILAC light	NT=Carbamidomethyl; AC=4; MT=Fixed; PP=Anywhere; TA=C	NT=Oxidation; AC=35; MT=Variable; PP=Anywhere; TA=M	NT=Methyl; AC=34; MT=Variable; PP=Anywhere; TA=K,R	NT=Dimethyl; AC=36; MT=Variable; PP=Anywhere; TA=K,R	NT=Trimethyl; AC=37; MT=Variable; PP=Anywhere; TA=K		20ppm	59	lesSDRF v0.1.0	NT=data-dependent acquisition;AC=PRIDE:0000627	v1.1.0	NT=ms-proteomics;VV=v1.1.0
IngelCyt	Homo sapiens	cervix	59	HeLa	not applicable	Cancer	run59	proteomic profiling by mass spectrometry	Trypsin	20120720_EXQ4_AlCu_SA_InputInGel_Cyt_1001.raw	Cytosol	20ppm	Velos	SILAC heavy	NT=Carbamidomethyl; AC=4; MT=Fixed; PP=Anywhere; TA=C	NT=Oxidation; AC=35; MT=Variable; PP=Anywhere; TA=M	NT=Methyl:2H(3)13C(1); AC=329; MT=Variable; PP=Anywhere; TA=K,R	NT=Dimethyl:2H(6)13C(2); AC=330; MT=Variable; PP=Anywhere; TA=K,R	NT=Trimethyl:13C(3)2H(9); AC=1414; MT=Variable; PP=Anywhere; TA=K	NT=Label:13C(4); AC=1266; MT=Fixed; PP=Anywhere; TA=M	20ppm	59	lesSDRF v0.1.0	NT=data-dependent acquisition;AC=PRIDE:0000627	v1.1.0	NT=ms-proteomics;VV=v1.1.0
IngelNcl	Homo sapiens	cervix	60	HeLa	not applicable	Cancer	run60	proteomic profiling by mass spectrometry	Trypsin	20120720_EXQ4_AlCu_SA_InputInGel_Ncl_0101.raw	Nucleus	20ppm	Velos	SILAC light	NT=Carbamidomethyl; AC=4; MT=Fixed; PP=Anywhere; TA=C	NT=Oxidation; AC=35; MT=Variable; PP=Anywhere; TA=M	NT=Methyl; AC=34; MT=Variable; PP=Anywhere; TA=K,R	NT=Dimethyl; AC=36; MT=Variable; PP=Anywhere; TA=K,R	NT=Trimethyl; AC=37; MT=Variable; PP=Anywhere; TA=K		20ppm	60	lesSDRF v0.1.0	NT=data-dependent acquisition;AC=PRIDE:0000627	v1.1.0	NT=ms-proteomics;VV=v1.1.0
IngelNcl	Homo sapiens	cervix	60	HeLa	not applicable	Cancer	run60	proteomic profiling by mass spectrometry	Trypsin	20120720_EXQ4_AlCu_SA_InputInGel_Ncl_0101.raw	Nucleus	20ppm	Velos	SILAC heavy	NT=Carbamidomethyl; AC=4; MT=Fixed; PP=Anywhere; TA=C	NT=Oxidation; AC=35; MT=Variable; PP=Anywhere; TA=M	NT=Methyl:2H(3)13C(1); AC=329; MT=Variable; PP=Anywhere; TA=K,R	NT=Dimethyl:2H(6)13C(2); AC=330; MT=Variable; PP=Anywhere; TA=K,R	NT=Trimethyl:13C(3)2H(9); AC=1414; MT=Variable; PP=Anywhere; TA=K	NT=Label:13C(4); AC=1266; MT=Fixed; PP=Anywhere; TA=M	20ppm	60	lesSDRF v0.1.0	NT=data-dependent acquisition;AC=PRIDE:0000627	v1.1.0	NT=ms-proteomics;VV=v1.1.0
IngelNcl	Homo sapiens	cervix	61	HeLa	not applicable	Cancer	run61	proteomic profiling by mass spectrometry	Trypsin	20120720_EXQ4_AlCu_SA_InputInGel_Ncl_0201.raw	Nucleus	20ppm	Velos	SILAC light	NT=Carbamidomethyl; AC=4; MT=Fixed; PP=Anywhere; TA=C	NT=Oxidation; AC=35; MT=Variable; PP=Anywhere; TA=M	NT=Methyl; AC=34; MT=Variable; PP=Anywhere; TA=K,R	NT=Dimethyl; AC=36; MT=Variable; PP=Anywhere; TA=K,R	NT=Trimethyl; AC=37; MT=Variable; PP=Anywhere; TA=K		20ppm	61	lesSDRF v0.1.0	NT=data-dependent acquisition;AC=PRIDE:0000627	v1.1.0	NT=ms-proteomics;VV=v1.1.0
IngelNcl	Homo sapiens	cervix	61	HeLa	not applicable	Cancer	run61	proteomic profiling by mass spectrometry	Trypsin	20120720_EXQ4_AlCu_SA_InputInGel_Ncl_0201.raw	Nucleus	20ppm	Velos	SILAC heavy	NT=Carbamidomethyl; AC=4; MT=Fixed; PP=Anywhere; TA=C	NT=Oxidation; AC=35; MT=Variable; PP=Anywhere; TA=M	NT=Methyl:2H(3)13C(1); AC=329; MT=Variable; PP=Anywhere; TA=K,R	NT=Dimethyl:2H(6)13C(2); AC=330; MT=Variable; PP=Anywhere; TA=K,R	NT=Trimethyl:13C(3)2H(9); AC=1414; MT=Variable; PP=Anywhere; TA=K	NT=Label:13C(4); AC=1266; MT=Fixed; PP=Anywhere; TA=M	20ppm	61	lesSDRF v0.1.0	NT=data-dependent acquisition;AC=PRIDE:0000627	v1.1.0	NT=ms-proteomics;VV=v1.1.0
IngelNcl	Homo sapiens	cervix	62	HeLa	not applicable	Cancer	run62	proteomic profiling by mass spectrometry	Trypsin	20120720_EXQ4_AlCu_SA_InputInGel_Ncl_0301.raw	Nucleus	20ppm	Velos	SILAC light	NT=Carbamidomethyl; AC=4; MT=Fixed; PP=Anywhere; TA=C	NT=Oxidation; AC=35; MT=Variable; PP=Anywhere; TA=M	NT=Methyl; AC=34; MT=Variable; PP=Anywhere; TA=K,R	NT=Dimethyl; AC=36; MT=Variable; PP=Anywhere; TA=K,R	NT=Trimethyl; AC=37; MT=Variable; PP=Anywhere; TA=K		20ppm	62	lesSDRF v0.1.0	NT=data-dependent acquisition;AC=PRIDE:0000627	v1.1.0	NT=ms-proteomics;VV=v1.1.0
IngelNcl	Homo sapiens	cervix	62	HeLa	not applicable	Cancer	run62	proteomic profiling by mass spectrometry	Trypsin	20120720_EXQ4_AlCu_SA_InputInGel_Ncl_0301.raw	Nucleus	20ppm	Velos	SILAC heavy	NT=Carbamidomethyl; AC=4; MT=Fixed; PP=Anywhere; TA=C	NT=Oxidation; AC=35; MT=Variable; PP=Anywhere; TA=M	NT=Methyl:2H(3)13C(1); AC=329; MT=Variable; PP=Anywhere; TA=K,R	NT=Dimethyl:2H(6)13C(2); AC=330; MT=Variable; PP=Anywhere; TA=K,R	NT=Trimethyl:13C(3)2H(9); AC=1414; MT=Variable; PP=Anywhere; TA=K	NT=Label:13C(4); AC=1266; MT=Fixed; PP=Anywhere; TA=M	20ppm	62	lesSDRF v0.1.0	NT=data-dependent acquisition;AC=PRIDE:0000627	v1.1.0	NT=ms-proteomics;VV=v1.1.0
IngelNcl	Homo sapiens	cervix	63	HeLa	not applicable	Cancer	run63	proteomic profiling by mass spectrometry	Trypsin	20120720_EXQ4_AlCu_SA_InputInGel_Ncl_0401.raw	Nucleus	20ppm	Velos	SILAC light	NT=Carbamidomethyl; AC=4; MT=Fixed; PP=Anywhere; TA=C	NT=Oxidation; AC=35; MT=Variable; PP=Anywhere; TA=M	NT=Methyl; AC=34; MT=Variable; PP=Anywhere; TA=K,R	NT=Dimethyl; AC=36; MT=Variable; PP=Anywhere; TA=K,R	NT=Trimethyl; AC=37; MT=Variable; PP=Anywhere; TA=K		20ppm	63	lesSDRF v0.1.0	NT=data-dependent acquisition;AC=PRIDE:0000627	v1.1.0	NT=ms-proteomics;VV=v1.1.0
IngelNcl	Homo sapiens	cervix	63	HeLa	not applicable	Cancer	run63	proteomic profiling by mass spectrometry	Trypsin	20120720_EXQ4_AlCu_SA_InputInGel_Ncl_0401.raw	Nucleus	20ppm	Velos	SILAC heavy	NT=Carbamidomethyl; AC=4; MT=Fixed; PP=Anywhere; TA=C	NT=Oxidation; AC=35; MT=Variable; PP=Anywhere; TA=M	NT=Methyl:2H(3)13C(1); AC=329; MT=Variable; PP=Anywhere; TA=K,R	NT=Dimethyl:2H(6)13C(2); AC=330; MT=Variable; PP=Anywhere; TA=K,R	NT=Trimethyl:13C(3)2H(9); AC=1414; MT=Variable; PP=Anywhere; TA=K	NT=Label:13C(4); AC=1266; MT=Fixed; PP=Anywhere; TA=M	20ppm	63	lesSDRF v0.1.0	NT=data-dependent acquisition;AC=PRIDE:0000627	v1.1.0	NT=ms-proteomics;VV=v1.1.0
IngelNcl	Homo sapiens	cervix	64	HeLa	not applicable	Cancer	run64	proteomic profiling by mass spectrometry	Trypsin	20120720_EXQ4_AlCu_SA_InputInGel_Ncl_0501.raw	Nucleus	20ppm	Velos	SILAC light	NT=Carbamidomethyl; AC=4; MT=Fixed; PP=Anywhere; TA=C	NT=Oxidation; AC=35; MT=Variable; PP=Anywhere; TA=M	NT=Methyl; AC=34; MT=Variable; PP=Anywhere; TA=K,R	NT=Dimethyl; AC=36; MT=Variable; PP=Anywhere; TA=K,R	NT=Trimethyl; AC=37; MT=Variable; PP=Anywhere; TA=K		20ppm	64	lesSDRF v0.1.0	NT=data-dependent acquisition;AC=PRIDE:0000627	v1.1.0	NT=ms-proteomics;VV=v1.1.0
IngelNcl	Homo sapiens	cervix	64	HeLa	not applicable	Cancer	run64	proteomic profiling by mass spectrometry	Trypsin	20120720_EXQ4_AlCu_SA_InputInGel_Ncl_0501.raw	Nucleus	20ppm	Velos	SILAC heavy	NT=Carbamidomethyl; AC=4; MT=Fixed; PP=Anywhere; TA=C	NT=Oxidation; AC=35; MT=Variable; PP=Anywhere; TA=M	NT=Methyl:2H(3)13C(1); AC=329; MT=Variable; PP=Anywhere; TA=K,R	NT=Dimethyl:2H(6)13C(2); AC=330; MT=Variable; PP=Anywhere; TA=K,R	NT=Trimethyl:13C(3)2H(9); AC=1414; MT=Variable; PP=Anywhere; TA=K	NT=Label:13C(4); AC=1266; MT=Fixed; PP=Anywhere; TA=M	20ppm	64	lesSDRF v0.1.0	NT=data-dependent acquisition;AC=PRIDE:0000627	v1.1.0	NT=ms-proteomics;VV=v1.1.0
IngelNcl	Homo sapiens	cervix	65	HeLa	not applicable	Cancer	run65	proteomic profiling by mass spectrometry	Trypsin	20120720_EXQ4_AlCu_SA_InputInGel_Ncl_0601.raw	Nucleus	20ppm	Velos	SILAC light	NT=Carbamidomethyl; AC=4; MT=Fixed; PP=Anywhere; TA=C	NT=Oxidation; AC=35; MT=Variable; PP=Anywhere; TA=M	NT=Methyl; AC=34; MT=Variable; PP=Anywhere; TA=K,R	NT=Dimethyl; AC=36; MT=Variable; PP=Anywhere; TA=K,R	NT=Trimethyl; AC=37; MT=Variable; PP=Anywhere; TA=K		20ppm	65	lesSDRF v0.1.0	NT=data-dependent acquisition;AC=PRIDE:0000627	v1.1.0	NT=ms-proteomics;VV=v1.1.0
IngelNcl	Homo sapiens	cervix	65	HeLa	not applicable	Cancer	run65	proteomic profiling by mass spectrometry	Trypsin	20120720_EXQ4_AlCu_SA_InputInGel_Ncl_0601.raw	Nucleus	20ppm	Velos	SILAC heavy	NT=Carbamidomethyl; AC=4; MT=Fixed; PP=Anywhere; TA=C	NT=Oxidation; AC=35; MT=Variable; PP=Anywhere; TA=M	NT=Methyl:2H(3)13C(1); AC=329; MT=Variable; PP=Anywhere; TA=K,R	NT=Dimethyl:2H(6)13C(2); AC=330; MT=Variable; PP=Anywhere; TA=K,R	NT=Trimethyl:13C(3)2H(9); AC=1414; MT=Variable; PP=Anywhere; TA=K	NT=Label:13C(4); AC=1266; MT=Fixed; PP=Anywhere; TA=M	20ppm	65	lesSDRF v0.1.0	NT=data-dependent acquisition;AC=PRIDE:0000627	v1.1.0	NT=ms-proteomics;VV=v1.1.0
IngelNcl	Homo sapiens	cervix	66	HeLa	not applicable	Cancer	run66	proteomic profiling by mass spectrometry	Trypsin	20120720_EXQ4_AlCu_SA_InputInGel_Ncl_0701.raw	Nucleus	20ppm	Velos	SILAC light	NT=Carbamidomethyl; AC=4; MT=Fixed; PP=Anywhere; TA=C	NT=Oxidation; AC=35; MT=Variable; PP=Anywhere; TA=M	NT=Methyl; AC=34; MT=Variable; PP=Anywhere; TA=K,R	NT=Dimethyl; AC=36; MT=Variable; PP=Anywhere; TA=K,R	NT=Trimethyl; AC=37; MT=Variable; PP=Anywhere; TA=K		20ppm	66	lesSDRF v0.1.0	NT=data-dependent acquisition;AC=PRIDE:0000627	v1.1.0	NT=ms-proteomics;VV=v1.1.0
IngelNcl	Homo sapiens	cervix	66	HeLa	not applicable	Cancer	run66	proteomic profiling by mass spectrometry	Trypsin	20120720_EXQ4_AlCu_SA_InputInGel_Ncl_0701.raw	Nucleus	20ppm	Velos	SILAC heavy	NT=Carbamidomethyl; AC=4; MT=Fixed; PP=Anywhere; TA=C	NT=Oxidation; AC=35; MT=Variable; PP=Anywhere; TA=M	NT=Methyl:2H(3)13C(1); AC=329; MT=Variable; PP=Anywhere; TA=K,R	NT=Dimethyl:2H(6)13C(2); AC=330; MT=Variable; PP=Anywhere; TA=K,R	NT=Trimethyl:13C(3)2H(9); AC=1414; MT=Variable; PP=Anywhere; TA=K	NT=Label:13C(4); AC=1266; MT=Fixed; PP=Anywhere; TA=M	20ppm	66	lesSDRF v0.1.0	NT=data-dependent acquisition;AC=PRIDE:0000627	v1.1.0	NT=ms-proteomics;VV=v1.1.0
IngelNcl	Homo sapiens	cervix	67	HeLa	not applicable	Cancer	run67	proteomic profiling by mass spectrometry	Trypsin	20120720_EXQ4_AlCu_SA_InputInGel_Ncl_0801.raw	Nucleus	20ppm	Velos	SILAC light	NT=Carbamidomethyl; AC=4; MT=Fixed; PP=Anywhere; TA=C	NT=Oxidation; AC=35; MT=Variable; PP=Anywhere; TA=M	NT=Methyl; AC=34; MT=Variable; PP=Anywhere; TA=K,R	NT=Dimethyl; AC=36; MT=Variable; PP=Anywhere; TA=K,R	NT=Trimethyl; AC=37; MT=Variable; PP=Anywhere; TA=K		20ppm	67	lesSDRF v0.1.0	NT=data-dependent acquisition;AC=PRIDE:0000627	v1.1.0	NT=ms-proteomics;VV=v1.1.0
IngelNcl	Homo sapiens	cervix	67	HeLa	not applicable	Cancer	run67	proteomic profiling by mass spectrometry	Trypsin	20120720_EXQ4_AlCu_SA_InputInGel_Ncl_0801.raw	Nucleus	20ppm	Velos	SILAC heavy	NT=Carbamidomethyl; AC=4; MT=Fixed; PP=Anywhere; TA=C	NT=Oxidation; AC=35; MT=Variable; PP=Anywhere; TA=M	NT=Methyl:2H(3)13C(1); AC=329; MT=Variable; PP=Anywhere; TA=K,R	NT=Dimethyl:2H(6)13C(2); AC=330; MT=Variable; PP=Anywhere; TA=K,R	NT=Trimethyl:13C(3)2H(9); AC=1414; MT=Variable; PP=Anywhere; TA=K	NT=Label:13C(4); AC=1266; MT=Fixed; PP=Anywhere; TA=M	20ppm	67	lesSDRF v0.1.0	NT=data-dependent acquisition;AC=PRIDE:0000627	v1.1.0	NT=ms-proteomics;VV=v1.1.0
IngelNcl	Homo sapiens	cervix	68	HeLa	not applicable	Cancer	run68	proteomic profiling by mass spectrometry	Trypsin	20120720_EXQ4_AlCu_SA_InputInGel_Ncl_0901.raw	Nucleus	20ppm	Velos	SILAC light	NT=Carbamidomethyl; AC=4; MT=Fixed; PP=Anywhere; TA=C	NT=Oxidation; AC=35; MT=Variable; PP=Anywhere; TA=M	NT=Methyl; AC=34; MT=Variable; PP=Anywhere; TA=K,R	NT=Dimethyl; AC=36; MT=Variable; PP=Anywhere; TA=K,R	NT=Trimethyl; AC=37; MT=Variable; PP=Anywhere; TA=K		20ppm	68	lesSDRF v0.1.0	NT=data-dependent acquisition;AC=PRIDE:0000627	v1.1.0	NT=ms-proteomics;VV=v1.1.0
IngelNcl	Homo sapiens	cervix	68	HeLa	not applicable	Cancer	run68	proteomic profiling by mass spectrometry	Trypsin	20120720_EXQ4_AlCu_SA_InputInGel_Ncl_0901.raw	Nucleus	20ppm	Velos	SILAC heavy	NT=Carbamidomethyl; AC=4; MT=Fixed; PP=Anywhere; TA=C	NT=Oxidation; AC=35; MT=Variable; PP=Anywhere; TA=M	NT=Methyl:2H(3)13C(1); AC=329; MT=Variable; PP=Anywhere; TA=K,R	NT=Dimethyl:2H(6)13C(2); AC=330; MT=Variable; PP=Anywhere; TA=K,R	NT=Trimethyl:13C(3)2H(9); AC=1414; MT=Variable; PP=Anywhere; TA=K	NT=Label:13C(4); AC=1266; MT=Fixed; PP=Anywhere; TA=M	20ppm	68	lesSDRF v0.1.0	NT=data-dependent acquisition;AC=PRIDE:0000627	v1.1.0	NT=ms-proteomics;VV=v1.1.0
IngelNcl	Homo sapiens	cervix	69	HeLa	not applicable	Cancer	run69	proteomic profiling by mass spectrometry	Trypsin	20120720_EXQ4_AlCu_SA_InputInGel_Ncl_1001.raw	Nucleus	20ppm	Velos	SILAC light	NT=Carbamidomethyl; AC=4; MT=Fixed; PP=Anywhere; TA=C	NT=Oxidation; AC=35; MT=Variable; PP=Anywhere; TA=M	NT=Methyl; AC=34; MT=Variable; PP=Anywhere; TA=K,R	NT=Dimethyl; AC=36; MT=Variable; PP=Anywhere; TA=K,R	NT=Trimethyl; AC=37; MT=Variable; PP=Anywhere; TA=K		20ppm	69	lesSDRF v0.1.0	NT=data-dependent acquisition;AC=PRIDE:0000627	v1.1.0	NT=ms-proteomics;VV=v1.1.0
IngelNcl	Homo sapiens	cervix	69	HeLa	not applicable	Cancer	run69	proteomic profiling by mass spectrometry	Trypsin	20120720_EXQ4_AlCu_SA_InputInGel_Ncl_1001.raw	Nucleus	20ppm	Velos	SILAC heavy	NT=Carbamidomethyl; AC=4; MT=Fixed; PP=Anywhere; TA=C	NT=Oxidation; AC=35; MT=Variable; PP=Anywhere; TA=M	NT=Methyl:2H(3)13C(1); AC=329; MT=Variable; PP=Anywhere; TA=K,R	NT=Dimethyl:2H(6)13C(2); AC=330; MT=Variable; PP=Anywhere; TA=K,R	NT=Trimethyl:13C(3)2H(9); AC=1414; MT=Variable; PP=Anywhere; TA=K	NT=Label:13C(4); AC=1266; MT=Fixed; PP=Anywhere; TA=M	20ppm	69	lesSDRF v0.1.0	NT=data-dependent acquisition;AC=PRIDE:0000627	v1.1.0	NT=ms-proteomics;VV=v1.1.0
AC-Kme,di 2	Homo sapiens	cervix	70	HeLa	not applicable	Cancer	run70	proteomic profiling by mass spectrometry	Trypsin	20120720_EXQ4_AlCu_SA_IP23366_Cyt_0201.raw	Cytosol	20ppm	Velos	SILAC light	NT=Carbamidomethyl; AC=4; MT=Fixed; PP=Anywhere; TA=C	NT=Oxidation; AC=35; MT=Variable; PP=Anywhere; TA=M	NT=Methyl; AC=34; MT=Variable; PP=Anywhere; TA=K,R	NT=Dimethyl; AC=36; MT=Variable; PP=Anywhere; TA=K,R	NT=Trimethyl; AC=37; MT=Variable; PP=Anywhere; TA=K		20ppm	70	lesSDRF v0.1.0	NT=data-dependent acquisition;AC=PRIDE:0000627	v1.1.0	NT=ms-proteomics;VV=v1.1.0
AC-Kme,di 2	Homo sapiens	cervix	70	HeLa	not applicable	Cancer	run70	proteomic profiling by mass spectrometry	Trypsin	20120720_EXQ4_AlCu_SA_IP23366_Cyt_0201.raw	Cytosol	20ppm	Velos	SILAC heavy	NT=Carbamidomethyl; AC=4; MT=Fixed; PP=Anywhere; TA=C	NT=Oxidation; AC=35; MT=Variable; PP=Anywhere; TA=M	NT=Methyl:2H(3)13C(1); AC=329; MT=Variable; PP=Anywhere; TA=K,R	NT=Dimethyl:2H(6)13C(2); AC=330; MT=Variable; PP=Anywhere; TA=K,R	NT=Trimethyl:13C(3)2H(9); AC=1414; MT=Variable; PP=Anywhere; TA=K	NT=Label:13C(4); AC=1266; MT=Fixed; PP=Anywhere; TA=M	20ppm	70	lesSDRF v0.1.0	NT=data-dependent acquisition;AC=PRIDE:0000627	v1.1.0	NT=ms-proteomics;VV=v1.1.0
AC-Kme,di 2	Homo sapiens	cervix	71	HeLa	not applicable	Cancer	run71	proteomic profiling by mass spectrometry	Trypsin	20120720_EXQ4_AlCu_SA_IP23366_Cyt_0301.raw	Cytosol	20ppm	Velos	SILAC light	NT=Carbamidomethyl; AC=4; MT=Fixed; PP=Anywhere; TA=C	NT=Oxidation; AC=35; MT=Variable; PP=Anywhere; TA=M	NT=Methyl; AC=34; MT=Variable; PP=Anywhere; TA=K,R	NT=Dimethyl; AC=36; MT=Variable; PP=Anywhere; TA=K,R	NT=Trimethyl; AC=37; MT=Variable; PP=Anywhere; TA=K		20ppm	71	lesSDRF v0.1.0	NT=data-dependent acquisition;AC=PRIDE:0000627	v1.1.0	NT=ms-proteomics;VV=v1.1.0
AC-Kme,di 2	Homo sapiens	cervix	71	HeLa	not applicable	Cancer	run71	proteomic profiling by mass spectrometry	Trypsin	20120720_EXQ4_AlCu_SA_IP23366_Cyt_0301.raw	Cytosol	20ppm	Velos	SILAC heavy	NT=Carbamidomethyl; AC=4; MT=Fixed; PP=Anywhere; TA=C	NT=Oxidation; AC=35; MT=Variable; PP=Anywhere; TA=M	NT=Methyl:2H(3)13C(1); AC=329; MT=Variable; PP=Anywhere; TA=K,R	NT=Dimethyl:2H(6)13C(2); AC=330; MT=Variable; PP=Anywhere; TA=K,R	NT=Trimethyl:13C(3)2H(9); AC=1414; MT=Variable; PP=Anywhere; TA=K	NT=Label:13C(4); AC=1266; MT=Fixed; PP=Anywhere; TA=M	20ppm	71	lesSDRF v0.1.0	NT=data-dependent acquisition;AC=PRIDE:0000627	v1.1.0	NT=ms-proteomics;VV=v1.1.0
AC-Kme,di 1	Homo sapiens	cervix	72	HeLa	not applicable	Cancer	run72	proteomic profiling by mass spectrometry	Trypsin	20120720_EXQ4_AlCu_SA_IP23366_Ncl_0101.raw	Nucleus	20ppm	Velos	SILAC light	NT=Carbamidomethyl; AC=4; MT=Fixed; PP=Anywhere; TA=C	NT=Oxidation; AC=35; MT=Variable; PP=Anywhere; TA=M	NT=Methyl; AC=34; MT=Variable; PP=Anywhere; TA=K,R	NT=Dimethyl; AC=36; MT=Variable; PP=Anywhere; TA=K,R	NT=Trimethyl; AC=37; MT=Variable; PP=Anywhere; TA=K		20ppm	72	lesSDRF v0.1.0	NT=data-dependent acquisition;AC=PRIDE:0000627	v1.1.0	NT=ms-proteomics;VV=v1.1.0
AC-Kme,di 1	Homo sapiens	cervix	72	HeLa	not applicable	Cancer	run72	proteomic profiling by mass spectrometry	Trypsin	20120720_EXQ4_AlCu_SA_IP23366_Ncl_0101.raw	Nucleus	20ppm	Velos	SILAC heavy	NT=Carbamidomethyl; AC=4; MT=Fixed; PP=Anywhere; TA=C	NT=Oxidation; AC=35; MT=Variable; PP=Anywhere; TA=M	NT=Methyl:2H(3)13C(1); AC=329; MT=Variable; PP=Anywhere; TA=K,R	NT=Dimethyl:2H(6)13C(2); AC=330; MT=Variable; PP=Anywhere; TA=K,R	NT=Trimethyl:13C(3)2H(9); AC=1414; MT=Variable; PP=Anywhere; TA=K	NT=Label:13C(4); AC=1266; MT=Fixed; PP=Anywhere; TA=M	20ppm	72	lesSDRF v0.1.0	NT=data-dependent acquisition;AC=PRIDE:0000627	v1.1.0	NT=ms-proteomics;VV=v1.1.0
AC-Kme,di 1	Homo sapiens	cervix	73	HeLa	not applicable	Cancer	run73	proteomic profiling by mass spectrometry	Trypsin	20120720_EXQ4_AlCu_SA_IP23366_Ncl_0201.raw	Nucleus	20ppm	Velos	SILAC light	NT=Carbamidomethyl; AC=4; MT=Fixed; PP=Anywhere; TA=C	NT=Oxidation; AC=35; MT=Variable; PP=Anywhere; TA=M	NT=Methyl; AC=34; MT=Variable; PP=Anywhere; TA=K,R	NT=Dimethyl; AC=36; MT=Variable; PP=Anywhere; TA=K,R	NT=Trimethyl; AC=37; MT=Variable; PP=Anywhere; TA=K		20ppm	73	lesSDRF v0.1.0	NT=data-dependent acquisition;AC=PRIDE:0000627	v1.1.0	NT=ms-proteomics;VV=v1.1.0
AC-Kme,di 1	Homo sapiens	cervix	73	HeLa	not applicable	Cancer	run73	proteomic profiling by mass spectrometry	Trypsin	20120720_EXQ4_AlCu_SA_IP23366_Ncl_0201.raw	Nucleus	20ppm	Velos	SILAC heavy	NT=Carbamidomethyl; AC=4; MT=Fixed; PP=Anywhere; TA=C	NT=Oxidation; AC=35; MT=Variable; PP=Anywhere; TA=M	NT=Methyl:2H(3)13C(1); AC=329; MT=Variable; PP=Anywhere; TA=K,R	NT=Dimethyl:2H(6)13C(2); AC=330; MT=Variable; PP=Anywhere; TA=K,R	NT=Trimethyl:13C(3)2H(9); AC=1414; MT=Variable; PP=Anywhere; TA=K	NT=Label:13C(4); AC=1266; MT=Fixed; PP=Anywhere; TA=M	20ppm	73	lesSDRF v0.1.0	NT=data-dependent acquisition;AC=PRIDE:0000627	v1.1.0	NT=ms-proteomics;VV=v1.1.0
AC-Kme,di 1	Homo sapiens	cervix	74	HeLa	not applicable	Cancer	run74	proteomic profiling by mass spectrometry	Trypsin	20120720_EXQ4_AlCu_SA_IP23366_Ncl_0301.raw	Nucleus	20ppm	Velos	SILAC light	NT=Carbamidomethyl; AC=4; MT=Fixed; PP=Anywhere; TA=C	NT=Oxidation; AC=35; MT=Variable; PP=Anywhere; TA=M	NT=Methyl; AC=34; MT=Variable; PP=Anywhere; TA=K,R	NT=Dimethyl; AC=36; MT=Variable; PP=Anywhere; TA=K,R	NT=Trimethyl; AC=37; MT=Variable; PP=Anywhere; TA=K		20ppm	74	lesSDRF v0.1.0	NT=data-dependent acquisition;AC=PRIDE:0000627	v1.1.0	NT=ms-proteomics;VV=v1.1.0
AC-Kme,di 1	Homo sapiens	cervix	74	HeLa	not applicable	Cancer	run74	proteomic profiling by mass spectrometry	Trypsin	20120720_EXQ4_AlCu_SA_IP23366_Ncl_0301.raw	Nucleus	20ppm	Velos	SILAC heavy	NT=Carbamidomethyl; AC=4; MT=Fixed; PP=Anywhere; TA=C	NT=Oxidation; AC=35; MT=Variable; PP=Anywhere; TA=M	NT=Methyl:2H(3)13C(1); AC=329; MT=Variable; PP=Anywhere; TA=K,R	NT=Dimethyl:2H(6)13C(2); AC=330; MT=Variable; PP=Anywhere; TA=K,R	NT=Trimethyl:13C(3)2H(9); AC=1414; MT=Variable; PP=Anywhere; TA=K	NT=Label:13C(4); AC=1266; MT=Fixed; PP=Anywhere; TA=M	20ppm	74	lesSDRF v0.1.0	NT=data-dependent acquisition;AC=PRIDE:0000627	v1.1.0	NT=ms-proteomics;VV=v1.1.0
AC-Kme,di 1	Homo sapiens	cervix	75	HeLa	not applicable	Cancer	run75	proteomic profiling by mass spectrometry	Trypsin	20120720_EXQ4_AlCu_SA_IP23366_Ncl_0401.raw	Nucleus	20ppm	Velos	SILAC light	NT=Carbamidomethyl; AC=4; MT=Fixed; PP=Anywhere; TA=C	NT=Oxidation; AC=35; MT=Variable; PP=Anywhere; TA=M	NT=Methyl; AC=34; MT=Variable; PP=Anywhere; TA=K,R	NT=Dimethyl; AC=36; MT=Variable; PP=Anywhere; TA=K,R	NT=Trimethyl; AC=37; MT=Variable; PP=Anywhere; TA=K		20ppm	75	lesSDRF v0.1.0	NT=data-dependent acquisition;AC=PRIDE:0000627	v1.1.0	NT=ms-proteomics;VV=v1.1.0
AC-Kme,di 1	Homo sapiens	cervix	75	HeLa	not applicable	Cancer	run75	proteomic profiling by mass spectrometry	Trypsin	20120720_EXQ4_AlCu_SA_IP23366_Ncl_0401.raw	Nucleus	20ppm	Velos	SILAC heavy	NT=Carbamidomethyl; AC=4; MT=Fixed; PP=Anywhere; TA=C	NT=Oxidation; AC=35; MT=Variable; PP=Anywhere; TA=M	NT=Methyl:2H(3)13C(1); AC=329; MT=Variable; PP=Anywhere; TA=K,R	NT=Dimethyl:2H(6)13C(2); AC=330; MT=Variable; PP=Anywhere; TA=K,R	NT=Trimethyl:13C(3)2H(9); AC=1414; MT=Variable; PP=Anywhere; TA=K	NT=Label:13C(4); AC=1266; MT=Fixed; PP=Anywhere; TA=M	20ppm	75	lesSDRF v0.1.0	NT=data-dependent acquisition;AC=PRIDE:0000627	v1.1.0	NT=ms-proteomics;VV=v1.1.0
AC-Kme,di 1	Homo sapiens	cervix	76	HeLa	not applicable	Cancer	run76	proteomic profiling by mass spectrometry	Trypsin	20120720_EXQ4_AlCu_SA_IP23366_Ncl_0501.raw	Nucleus	20ppm	Velos	SILAC light	NT=Carbamidomethyl; AC=4; MT=Fixed; PP=Anywhere; TA=C	NT=Oxidation; AC=35; MT=Variable; PP=Anywhere; TA=M	NT=Methyl; AC=34; MT=Variable; PP=Anywhere; TA=K,R	NT=Dimethyl; AC=36; MT=Variable; PP=Anywhere; TA=K,R	NT=Trimethyl; AC=37; MT=Variable; PP=Anywhere; TA=K		20ppm	76	lesSDRF v0.1.0	NT=data-dependent acquisition;AC=PRIDE:0000627	v1.1.0	NT=ms-proteomics;VV=v1.1.0
AC-Kme,di 1	Homo sapiens	cervix	76	HeLa	not applicable	Cancer	run76	proteomic profiling by mass spectrometry	Trypsin	20120720_EXQ4_AlCu_SA_IP23366_Ncl_0501.raw	Nucleus	20ppm	Velos	SILAC heavy	NT=Carbamidomethyl; AC=4; MT=Fixed; PP=Anywhere; TA=C	NT=Oxidation; AC=35; MT=Variable; PP=Anywhere; TA=M	NT=Methyl:2H(3)13C(1); AC=329; MT=Variable; PP=Anywhere; TA=K,R	NT=Dimethyl:2H(6)13C(2); AC=330; MT=Variable; PP=Anywhere; TA=K,R	NT=Trimethyl:13C(3)2H(9); AC=1414; MT=Variable; PP=Anywhere; TA=K	NT=Label:13C(4); AC=1266; MT=Fixed; PP=Anywhere; TA=M	20ppm	76	lesSDRF v0.1.0	NT=data-dependent acquisition;AC=PRIDE:0000627	v1.1.0	NT=ms-proteomics;VV=v1.1.0
MP-Rasym 2	Homo sapiens	cervix	77	HeLa	not applicable	Cancer	run77	proteomic profiling by mass spectrometry	Trypsin	20120724_EXQ4_AlCu_SA_asym24_Cyt_0101.raw	Cytosol	20ppm	Velos	SILAC light	NT=Carbamidomethyl; AC=4; MT=Fixed; PP=Anywhere; TA=C	NT=Oxidation; AC=35; MT=Variable; PP=Anywhere; TA=M	NT=Methyl; AC=34; MT=Variable; PP=Anywhere; TA=K,R	NT=Dimethyl; AC=36; MT=Variable; PP=Anywhere; TA=K,R	NT=Trimethyl; AC=37; MT=Variable; PP=Anywhere; TA=K		20ppm	77	lesSDRF v0.1.0	NT=data-dependent acquisition;AC=PRIDE:0000627	v1.1.0	NT=ms-proteomics;VV=v1.1.0
MP-Rasym 2	Homo sapiens	cervix	77	HeLa	not applicable	Cancer	run77	proteomic profiling by mass spectrometry	Trypsin	20120724_EXQ4_AlCu_SA_asym24_Cyt_0101.raw	Cytosol	20ppm	Velos	SILAC heavy	NT=Carbamidomethyl; AC=4; MT=Fixed; PP=Anywhere; TA=C	NT=Oxidation; AC=35; MT=Variable; PP=Anywhere; TA=M	NT=Methyl:2H(3)13C(1); AC=329; MT=Variable; PP=Anywhere; TA=K,R	NT=Dimethyl:2H(6)13C(2); AC=330; MT=Variable; PP=Anywhere; TA=K,R	NT=Trimethyl:13C(3)2H(9); AC=1414; MT=Variable; PP=Anywhere; TA=K	NT=Label:13C(4); AC=1266; MT=Fixed; PP=Anywhere; TA=M	20ppm	77	lesSDRF v0.1.0	NT=data-dependent acquisition;AC=PRIDE:0000627	v1.1.0	NT=ms-proteomics;VV=v1.1.0
MP-Rasym 2	Homo sapiens	cervix	78	HeLa	not applicable	Cancer	run78	proteomic profiling by mass spectrometry	Trypsin	20120724_EXQ4_AlCu_SA_asym24_Cyt_0201.raw	Cytosol	20ppm	Velos	SILAC light	NT=Carbamidomethyl; AC=4; MT=Fixed; PP=Anywhere; TA=C	NT=Oxidation; AC=35; MT=Variable; PP=Anywhere; TA=M	NT=Methyl; AC=34; MT=Variable; PP=Anywhere; TA=K,R	NT=Dimethyl; AC=36; MT=Variable; PP=Anywhere; TA=K,R	NT=Trimethyl; AC=37; MT=Variable; PP=Anywhere; TA=K		20ppm	78	lesSDRF v0.1.0	NT=data-dependent acquisition;AC=PRIDE:0000627	v1.1.0	NT=ms-proteomics;VV=v1.1.0
MP-Rasym 2	Homo sapiens	cervix	78	HeLa	not applicable	Cancer	run78	proteomic profiling by mass spectrometry	Trypsin	20120724_EXQ4_AlCu_SA_asym24_Cyt_0201.raw	Cytosol	20ppm	Velos	SILAC heavy	NT=Carbamidomethyl; AC=4; MT=Fixed; PP=Anywhere; TA=C	NT=Oxidation; AC=35; MT=Variable; PP=Anywhere; TA=M	NT=Methyl:2H(3)13C(1); AC=329; MT=Variable; PP=Anywhere; TA=K,R	NT=Dimethyl:2H(6)13C(2); AC=330; MT=Variable; PP=Anywhere; TA=K,R	NT=Trimethyl:13C(3)2H(9); AC=1414; MT=Variable; PP=Anywhere; TA=K	NT=Label:13C(4); AC=1266; MT=Fixed; PP=Anywhere; TA=M	20ppm	78	lesSDRF v0.1.0	NT=data-dependent acquisition;AC=PRIDE:0000627	v1.1.0	NT=ms-proteomics;VV=v1.1.0
MP-Rasym 2	Homo sapiens	cervix	79	HeLa	not applicable	Cancer	run79	proteomic profiling by mass spectrometry	Trypsin	20120724_EXQ4_AlCu_SA_asym24_Cyt_0301.raw	Cytosol	20ppm	Velos	SILAC light	NT=Carbamidomethyl; AC=4; MT=Fixed; PP=Anywhere; TA=C	NT=Oxidation; AC=35; MT=Variable; PP=Anywhere; TA=M	NT=Methyl; AC=34; MT=Variable; PP=Anywhere; TA=K,R	NT=Dimethyl; AC=36; MT=Variable; PP=Anywhere; TA=K,R	NT=Trimethyl; AC=37; MT=Variable; PP=Anywhere; TA=K		20ppm	79	lesSDRF v0.1.0	NT=data-dependent acquisition;AC=PRIDE:0000627	v1.1.0	NT=ms-proteomics;VV=v1.1.0
MP-Rasym 2	Homo sapiens	cervix	79	HeLa	not applicable	Cancer	run79	proteomic profiling by mass spectrometry	Trypsin	20120724_EXQ4_AlCu_SA_asym24_Cyt_0301.raw	Cytosol	20ppm	Velos	SILAC heavy	NT=Carbamidomethyl; AC=4; MT=Fixed; PP=Anywhere; TA=C	NT=Oxidation; AC=35; MT=Variable; PP=Anywhere; TA=M	NT=Methyl:2H(3)13C(1); AC=329; MT=Variable; PP=Anywhere; TA=K,R	NT=Dimethyl:2H(6)13C(2); AC=330; MT=Variable; PP=Anywhere; TA=K,R	NT=Trimethyl:13C(3)2H(9); AC=1414; MT=Variable; PP=Anywhere; TA=K	NT=Label:13C(4); AC=1266; MT=Fixed; PP=Anywhere; TA=M	20ppm	79	lesSDRF v0.1.0	NT=data-dependent acquisition;AC=PRIDE:0000627	v1.1.0	NT=ms-proteomics;VV=v1.1.0
MP-Rasym 1	Homo sapiens	cervix	80	HeLa	not applicable	Cancer	run80	proteomic profiling by mass spectrometry	Trypsin	20120724_EXQ4_AlCu_SA_asym24_Ncl_0101.raw	Nucleus	20ppm	Velos	SILAC light	NT=Carbamidomethyl; AC=4; MT=Fixed; PP=Anywhere; TA=C	NT=Oxidation; AC=35; MT=Variable; PP=Anywhere; TA=M	NT=Methyl; AC=34; MT=Variable; PP=Anywhere; TA=K,R	NT=Dimethyl; AC=36; MT=Variable; PP=Anywhere; TA=K,R	NT=Trimethyl; AC=37; MT=Variable; PP=Anywhere; TA=K		20ppm	80	lesSDRF v0.1.0	NT=data-dependent acquisition;AC=PRIDE:0000627	v1.1.0	NT=ms-proteomics;VV=v1.1.0
MP-Rasym 1	Homo sapiens	cervix	80	HeLa	not applicable	Cancer	run80	proteomic profiling by mass spectrometry	Trypsin	20120724_EXQ4_AlCu_SA_asym24_Ncl_0101.raw	Nucleus	20ppm	Velos	SILAC heavy	NT=Carbamidomethyl; AC=4; MT=Fixed; PP=Anywhere; TA=C	NT=Oxidation; AC=35; MT=Variable; PP=Anywhere; TA=M	NT=Methyl:2H(3)13C(1); AC=329; MT=Variable; PP=Anywhere; TA=K,R	NT=Dimethyl:2H(6)13C(2); AC=330; MT=Variable; PP=Anywhere; TA=K,R	NT=Trimethyl:13C(3)2H(9); AC=1414; MT=Variable; PP=Anywhere; TA=K	NT=Label:13C(4); AC=1266; MT=Fixed; PP=Anywhere; TA=M	20ppm	80	lesSDRF v0.1.0	NT=data-dependent acquisition;AC=PRIDE:0000627	v1.1.0	NT=ms-proteomics;VV=v1.1.0
MP-Rasym 1	Homo sapiens	cervix	81	HeLa	not applicable	Cancer	run81	proteomic profiling by mass spectrometry	Trypsin	20120724_EXQ4_AlCu_SA_asym24_Ncl_0201.raw	Nucleus	20ppm	Velos	SILAC light	NT=Carbamidomethyl; AC=4; MT=Fixed; PP=Anywhere; TA=C	NT=Oxidation; AC=35; MT=Variable; PP=Anywhere; TA=M	NT=Methyl; AC=34; MT=Variable; PP=Anywhere; TA=K,R	NT=Dimethyl; AC=36; MT=Variable; PP=Anywhere; TA=K,R	NT=Trimethyl; AC=37; MT=Variable; PP=Anywhere; TA=K		20ppm	81	lesSDRF v0.1.0	NT=data-dependent acquisition;AC=PRIDE:0000627	v1.1.0	NT=ms-proteomics;VV=v1.1.0
MP-Rasym 1	Homo sapiens	cervix	81	HeLa	not applicable	Cancer	run81	proteomic profiling by mass spectrometry	Trypsin	20120724_EXQ4_AlCu_SA_asym24_Ncl_0201.raw	Nucleus	20ppm	Velos	SILAC heavy	NT=Carbamidomethyl; AC=4; MT=Fixed; PP=Anywhere; TA=C	NT=Oxidation; AC=35; MT=Variable; PP=Anywhere; TA=M	NT=Methyl:2H(3)13C(1); AC=329; MT=Variable; PP=Anywhere; TA=K,R	NT=Dimethyl:2H(6)13C(2); AC=330; MT=Variable; PP=Anywhere; TA=K,R	NT=Trimethyl:13C(3)2H(9); AC=1414; MT=Variable; PP=Anywhere; TA=K	NT=Label:13C(4); AC=1266; MT=Fixed; PP=Anywhere; TA=M	20ppm	81	lesSDRF v0.1.0	NT=data-dependent acquisition;AC=PRIDE:0000627	v1.1.0	NT=ms-proteomics;VV=v1.1.0
MP-Rasym 1	Homo sapiens	cervix	82	HeLa	not applicable	Cancer	run82	proteomic profiling by mass spectrometry	Trypsin	20120724_EXQ4_AlCu_SA_asym24_Ncl_0301.raw	Nucleus	20ppm	Velos	SILAC light	NT=Carbamidomethyl; AC=4; MT=Fixed; PP=Anywhere; TA=C	NT=Oxidation; AC=35; MT=Variable; PP=Anywhere; TA=M	NT=Methyl; AC=34; MT=Variable; PP=Anywhere; TA=K,R	NT=Dimethyl; AC=36; MT=Variable; PP=Anywhere; TA=K,R	NT=Trimethyl; AC=37; MT=Variable; PP=Anywhere; TA=K		20ppm	82	lesSDRF v0.1.0	NT=data-dependent acquisition;AC=PRIDE:0000627	v1.1.0	NT=ms-proteomics;VV=v1.1.0
MP-Rasym 1	Homo sapiens	cervix	82	HeLa	not applicable	Cancer	run82	proteomic profiling by mass spectrometry	Trypsin	20120724_EXQ4_AlCu_SA_asym24_Ncl_0301.raw	Nucleus	20ppm	Velos	SILAC heavy	NT=Carbamidomethyl; AC=4; MT=Fixed; PP=Anywhere; TA=C	NT=Oxidation; AC=35; MT=Variable; PP=Anywhere; TA=M	NT=Methyl:2H(3)13C(1); AC=329; MT=Variable; PP=Anywhere; TA=K,R	NT=Dimethyl:2H(6)13C(2); AC=330; MT=Variable; PP=Anywhere; TA=K,R	NT=Trimethyl:13C(3)2H(9); AC=1414; MT=Variable; PP=Anywhere; TA=K	NT=Label:13C(4); AC=1266; MT=Fixed; PP=Anywhere; TA=M	20ppm	82	lesSDRF v0.1.0	NT=data-dependent acquisition;AC=PRIDE:0000627	v1.1.0	NT=ms-proteomics;VV=v1.1.0
MP-Rasym 1	Homo sapiens	cervix	83	HeLa	not applicable	Cancer	run83	proteomic profiling by mass spectrometry	Trypsin	20120724_EXQ4_AlCu_SA_asym24_Ncl_0401.raw	Nucleus	20ppm	Velos	SILAC light	NT=Carbamidomethyl; AC=4; MT=Fixed; PP=Anywhere; TA=C	NT=Oxidation; AC=35; MT=Variable; PP=Anywhere; TA=M	NT=Methyl; AC=34; MT=Variable; PP=Anywhere; TA=K,R	NT=Dimethyl; AC=36; MT=Variable; PP=Anywhere; TA=K,R	NT=Trimethyl; AC=37; MT=Variable; PP=Anywhere; TA=K		20ppm	83	lesSDRF v0.1.0	NT=data-dependent acquisition;AC=PRIDE:0000627	v1.1.0	NT=ms-proteomics;VV=v1.1.0
MP-Rasym 1	Homo sapiens	cervix	83	HeLa	not applicable	Cancer	run83	proteomic profiling by mass spectrometry	Trypsin	20120724_EXQ4_AlCu_SA_asym24_Ncl_0401.raw	Nucleus	20ppm	Velos	SILAC heavy	NT=Carbamidomethyl; AC=4; MT=Fixed; PP=Anywhere; TA=C	NT=Oxidation; AC=35; MT=Variable; PP=Anywhere; TA=M	NT=Methyl:2H(3)13C(1); AC=329; MT=Variable; PP=Anywhere; TA=K,R	NT=Dimethyl:2H(6)13C(2); AC=330; MT=Variable; PP=Anywhere; TA=K,R	NT=Trimethyl:13C(3)2H(9); AC=1414; MT=Variable; PP=Anywhere; TA=K	NT=Label:13C(4); AC=1266; MT=Fixed; PP=Anywhere; TA=M	20ppm	83	lesSDRF v0.1.0	NT=data-dependent acquisition;AC=PRIDE:0000627	v1.1.0	NT=ms-proteomics;VV=v1.1.0
MP-Rasym 1	Homo sapiens	cervix	84	HeLa	not applicable	Cancer	run84	proteomic profiling by mass spectrometry	Trypsin	20120724_EXQ4_AlCu_SA_asym24_Ncl_0501.raw	Nucleus	20ppm	Velos	SILAC light	NT=Carbamidomethyl; AC=4; MT=Fixed; PP=Anywhere; TA=C	NT=Oxidation; AC=35; MT=Variable; PP=Anywhere; TA=M	NT=Methyl; AC=34; MT=Variable; PP=Anywhere; TA=K,R	NT=Dimethyl; AC=36; MT=Variable; PP=Anywhere; TA=K,R	NT=Trimethyl; AC=37; MT=Variable; PP=Anywhere; TA=K		20ppm	84	lesSDRF v0.1.0	NT=data-dependent acquisition;AC=PRIDE:0000627	v1.1.0	NT=ms-proteomics;VV=v1.1.0
MP-Rasym 1	Homo sapiens	cervix	84	HeLa	not applicable	Cancer	run84	proteomic profiling by mass spectrometry	Trypsin	20120724_EXQ4_AlCu_SA_asym24_Ncl_0501.raw	Nucleus	20ppm	Velos	SILAC heavy	NT=Carbamidomethyl; AC=4; MT=Fixed; PP=Anywhere; TA=C	NT=Oxidation; AC=35; MT=Variable; PP=Anywhere; TA=M	NT=Methyl:2H(3)13C(1); AC=329; MT=Variable; PP=Anywhere; TA=K,R	NT=Dimethyl:2H(6)13C(2); AC=330; MT=Variable; PP=Anywhere; TA=K,R	NT=Trimethyl:13C(3)2H(9); AC=1414; MT=Variable; PP=Anywhere; TA=K	NT=Label:13C(4); AC=1266; MT=Fixed; PP=Anywhere; TA=M	20ppm	84	lesSDRF v0.1.0	NT=data-dependent acquisition;AC=PRIDE:0000627	v1.1.0	NT=ms-proteomics;VV=v1.1.0
OffgelCyt	Homo sapiens	cervix	85	HeLa	not applicable	Cancer	run85	proteomic profiling by mass spectrometry	Trypsin	20120724_EXQ4_AlCu_SA_InputOFFGel_Cytl_0101.raw	Cytosol	20ppm	Velos	SILAC light	NT=Carbamidomethyl; AC=4; MT=Fixed; PP=Anywhere; TA=C	NT=Oxidation; AC=35; MT=Variable; PP=Anywhere; TA=M	NT=Methyl; AC=34; MT=Variable; PP=Anywhere; TA=K,R	NT=Dimethyl; AC=36; MT=Variable; PP=Anywhere; TA=K,R	NT=Trimethyl; AC=37; MT=Variable; PP=Anywhere; TA=K		20ppm	85	lesSDRF v0.1.0	NT=data-dependent acquisition;AC=PRIDE:0000627	v1.1.0	NT=ms-proteomics;VV=v1.1.0
OffgelCyt	Homo sapiens	cervix	85	HeLa	not applicable	Cancer	run85	proteomic profiling by mass spectrometry	Trypsin	20120724_EXQ4_AlCu_SA_InputOFFGel_Cytl_0101.raw	Cytosol	20ppm	Velos	SILAC heavy	NT=Carbamidomethyl; AC=4; MT=Fixed; PP=Anywhere; TA=C	NT=Oxidation; AC=35; MT=Variable; PP=Anywhere; TA=M	NT=Methyl:2H(3)13C(1); AC=329; MT=Variable; PP=Anywhere; TA=K,R	NT=Dimethyl:2H(6)13C(2); AC=330; MT=Variable; PP=Anywhere; TA=K,R	NT=Trimethyl:13C(3)2H(9); AC=1414; MT=Variable; PP=Anywhere; TA=K	NT=Label:13C(4); AC=1266; MT=Fixed; PP=Anywhere; TA=M	20ppm	85	lesSDRF v0.1.0	NT=data-dependent acquisition;AC=PRIDE:0000627	v1.1.0	NT=ms-proteomics;VV=v1.1.0
OffgelCyt	Homo sapiens	cervix	86	HeLa	not applicable	Cancer	run86	proteomic profiling by mass spectrometry	Trypsin	20120724_EXQ4_AlCu_SA_InputOFFGel_Cytl_0201.raw	Cytosol	20ppm	Velos	SILAC light	NT=Carbamidomethyl; AC=4; MT=Fixed; PP=Anywhere; TA=C	NT=Oxidation; AC=35; MT=Variable; PP=Anywhere; TA=M	NT=Methyl; AC=34; MT=Variable; PP=Anywhere; TA=K,R	NT=Dimethyl; AC=36; MT=Variable; PP=Anywhere; TA=K,R	NT=Trimethyl; AC=37; MT=Variable; PP=Anywhere; TA=K		20ppm	86	lesSDRF v0.1.0	NT=data-dependent acquisition;AC=PRIDE:0000627	v1.1.0	NT=ms-proteomics;VV=v1.1.0
OffgelCyt	Homo sapiens	cervix	86	HeLa	not applicable	Cancer	run86	proteomic profiling by mass spectrometry	Trypsin	20120724_EXQ4_AlCu_SA_InputOFFGel_Cytl_0201.raw	Cytosol	20ppm	Velos	SILAC heavy	NT=Carbamidomethyl; AC=4; MT=Fixed; PP=Anywhere; TA=C	NT=Oxidation; AC=35; MT=Variable; PP=Anywhere; TA=M	NT=Methyl:2H(3)13C(1); AC=329; MT=Variable; PP=Anywhere; TA=K,R	NT=Dimethyl:2H(6)13C(2); AC=330; MT=Variable; PP=Anywhere; TA=K,R	NT=Trimethyl:13C(3)2H(9); AC=1414; MT=Variable; PP=Anywhere; TA=K	NT=Label:13C(4); AC=1266; MT=Fixed; PP=Anywhere; TA=M	20ppm	86	lesSDRF v0.1.0	NT=data-dependent acquisition;AC=PRIDE:0000627	v1.1.0	NT=ms-proteomics;VV=v1.1.0
OffgelCyt	Homo sapiens	cervix	87	HeLa	not applicable	Cancer	run87	proteomic profiling by mass spectrometry	Trypsin	20120724_EXQ4_AlCu_SA_InputOFFGel_Cytl_0301.raw	Cytosol	20ppm	Velos	SILAC light	NT=Carbamidomethyl; AC=4; MT=Fixed; PP=Anywhere; TA=C	NT=Oxidation; AC=35; MT=Variable; PP=Anywhere; TA=M	NT=Methyl; AC=34; MT=Variable; PP=Anywhere; TA=K,R	NT=Dimethyl; AC=36; MT=Variable; PP=Anywhere; TA=K,R	NT=Trimethyl; AC=37; MT=Variable; PP=Anywhere; TA=K		20ppm	87	lesSDRF v0.1.0	NT=data-dependent acquisition;AC=PRIDE:0000627	v1.1.0	NT=ms-proteomics;VV=v1.1.0
OffgelCyt	Homo sapiens	cervix	87	HeLa	not applicable	Cancer	run87	proteomic profiling by mass spectrometry	Trypsin	20120724_EXQ4_AlCu_SA_InputOFFGel_Cytl_0301.raw	Cytosol	20ppm	Velos	SILAC heavy	NT=Carbamidomethyl; AC=4; MT=Fixed; PP=Anywhere; TA=C	NT=Oxidation; AC=35; MT=Variable; PP=Anywhere; TA=M	NT=Methyl:2H(3)13C(1); AC=329; MT=Variable; PP=Anywhere; TA=K,R	NT=Dimethyl:2H(6)13C(2); AC=330; MT=Variable; PP=Anywhere; TA=K,R	NT=Trimethyl:13C(3)2H(9); AC=1414; MT=Variable; PP=Anywhere; TA=K	NT=Label:13C(4); AC=1266; MT=Fixed; PP=Anywhere; TA=M	20ppm	87	lesSDRF v0.1.0	NT=data-dependent acquisition;AC=PRIDE:0000627	v1.1.0	NT=ms-proteomics;VV=v1.1.0
OffgelCyt	Homo sapiens	cervix	88	HeLa	not applicable	Cancer	run88	proteomic profiling by mass spectrometry	Trypsin	20120724_EXQ4_AlCu_SA_InputOFFGel_Cytl_0401.raw	Cytosol	20ppm	Velos	SILAC light	NT=Carbamidomethyl; AC=4; MT=Fixed; PP=Anywhere; TA=C	NT=Oxidation; AC=35; MT=Variable; PP=Anywhere; TA=M	NT=Methyl; AC=34; MT=Variable; PP=Anywhere; TA=K,R	NT=Dimethyl; AC=36; MT=Variable; PP=Anywhere; TA=K,R	NT=Trimethyl; AC=37; MT=Variable; PP=Anywhere; TA=K		20ppm	88	lesSDRF v0.1.0	NT=data-dependent acquisition;AC=PRIDE:0000627	v1.1.0	NT=ms-proteomics;VV=v1.1.0
OffgelCyt	Homo sapiens	cervix	88	HeLa	not applicable	Cancer	run88	proteomic profiling by mass spectrometry	Trypsin	20120724_EXQ4_AlCu_SA_InputOFFGel_Cytl_0401.raw	Cytosol	20ppm	Velos	SILAC heavy	NT=Carbamidomethyl; AC=4; MT=Fixed; PP=Anywhere; TA=C	NT=Oxidation; AC=35; MT=Variable; PP=Anywhere; TA=M	NT=Methyl:2H(3)13C(1); AC=329; MT=Variable; PP=Anywhere; TA=K,R	NT=Dimethyl:2H(6)13C(2); AC=330; MT=Variable; PP=Anywhere; TA=K,R	NT=Trimethyl:13C(3)2H(9); AC=1414; MT=Variable; PP=Anywhere; TA=K	NT=Label:13C(4); AC=1266; MT=Fixed; PP=Anywhere; TA=M	20ppm	88	lesSDRF v0.1.0	NT=data-dependent acquisition;AC=PRIDE:0000627	v1.1.0	NT=ms-proteomics;VV=v1.1.0
OffgelCyt	Homo sapiens	cervix	89	HeLa	not applicable	Cancer	run89	proteomic profiling by mass spectrometry	Trypsin	20120724_EXQ4_AlCu_SA_InputOFFGel_Cytl_0501.raw	Cytosol	20ppm	Velos	SILAC light	NT=Carbamidomethyl; AC=4; MT=Fixed; PP=Anywhere; TA=C	NT=Oxidation; AC=35; MT=Variable; PP=Anywhere; TA=M	NT=Methyl; AC=34; MT=Variable; PP=Anywhere; TA=K,R	NT=Dimethyl; AC=36; MT=Variable; PP=Anywhere; TA=K,R	NT=Trimethyl; AC=37; MT=Variable; PP=Anywhere; TA=K		20ppm	89	lesSDRF v0.1.0	NT=data-dependent acquisition;AC=PRIDE:0000627	v1.1.0	NT=ms-proteomics;VV=v1.1.0
OffgelCyt	Homo sapiens	cervix	89	HeLa	not applicable	Cancer	run89	proteomic profiling by mass spectrometry	Trypsin	20120724_EXQ4_AlCu_SA_InputOFFGel_Cytl_0501.raw	Cytosol	20ppm	Velos	SILAC heavy	NT=Carbamidomethyl; AC=4; MT=Fixed; PP=Anywhere; TA=C	NT=Oxidation; AC=35; MT=Variable; PP=Anywhere; TA=M	NT=Methyl:2H(3)13C(1); AC=329; MT=Variable; PP=Anywhere; TA=K,R	NT=Dimethyl:2H(6)13C(2); AC=330; MT=Variable; PP=Anywhere; TA=K,R	NT=Trimethyl:13C(3)2H(9); AC=1414; MT=Variable; PP=Anywhere; TA=K	NT=Label:13C(4); AC=1266; MT=Fixed; PP=Anywhere; TA=M	20ppm	89	lesSDRF v0.1.0	NT=data-dependent acquisition;AC=PRIDE:0000627	v1.1.0	NT=ms-proteomics;VV=v1.1.0
OffgelCyt	Homo sapiens	cervix	90	HeLa	not applicable	Cancer	run90	proteomic profiling by mass spectrometry	Trypsin	20120724_EXQ4_AlCu_SA_InputOFFGel_Cytl_0601.raw	Cytosol	20ppm	Velos	SILAC light	NT=Carbamidomethyl; AC=4; MT=Fixed; PP=Anywhere; TA=C	NT=Oxidation; AC=35; MT=Variable; PP=Anywhere; TA=M	NT=Methyl; AC=34; MT=Variable; PP=Anywhere; TA=K,R	NT=Dimethyl; AC=36; MT=Variable; PP=Anywhere; TA=K,R	NT=Trimethyl; AC=37; MT=Variable; PP=Anywhere; TA=K		20ppm	90	lesSDRF v0.1.0	NT=data-dependent acquisition;AC=PRIDE:0000627	v1.1.0	NT=ms-proteomics;VV=v1.1.0
OffgelCyt	Homo sapiens	cervix	90	HeLa	not applicable	Cancer	run90	proteomic profiling by mass spectrometry	Trypsin	20120724_EXQ4_AlCu_SA_InputOFFGel_Cytl_0601.raw	Cytosol	20ppm	Velos	SILAC heavy	NT=Carbamidomethyl; AC=4; MT=Fixed; PP=Anywhere; TA=C	NT=Oxidation; AC=35; MT=Variable; PP=Anywhere; TA=M	NT=Methyl:2H(3)13C(1); AC=329; MT=Variable; PP=Anywhere; TA=K,R	NT=Dimethyl:2H(6)13C(2); AC=330; MT=Variable; PP=Anywhere; TA=K,R	NT=Trimethyl:13C(3)2H(9); AC=1414; MT=Variable; PP=Anywhere; TA=K	NT=Label:13C(4); AC=1266; MT=Fixed; PP=Anywhere; TA=M	20ppm	90	lesSDRF v0.1.0	NT=data-dependent acquisition;AC=PRIDE:0000627	v1.1.0	NT=ms-proteomics;VV=v1.1.0
OffgelCyt	Homo sapiens	cervix	91	HeLa	not applicable	Cancer	run91	proteomic profiling by mass spectrometry	Trypsin	20120724_EXQ4_AlCu_SA_InputOFFGel_Cytl_0701.raw	Cytosol	20ppm	Velos	SILAC light	NT=Carbamidomethyl; AC=4; MT=Fixed; PP=Anywhere; TA=C	NT=Oxidation; AC=35; MT=Variable; PP=Anywhere; TA=M	NT=Methyl; AC=34; MT=Variable; PP=Anywhere; TA=K,R	NT=Dimethyl; AC=36; MT=Variable; PP=Anywhere; TA=K,R	NT=Trimethyl; AC=37; MT=Variable; PP=Anywhere; TA=K		20ppm	91	lesSDRF v0.1.0	NT=data-dependent acquisition;AC=PRIDE:0000627	v1.1.0	NT=ms-proteomics;VV=v1.1.0
OffgelCyt	Homo sapiens	cervix	91	HeLa	not applicable	Cancer	run91	proteomic profiling by mass spectrometry	Trypsin	20120724_EXQ4_AlCu_SA_InputOFFGel_Cytl_0701.raw	Cytosol	20ppm	Velos	SILAC heavy	NT=Carbamidomethyl; AC=4; MT=Fixed; PP=Anywhere; TA=C	NT=Oxidation; AC=35; MT=Variable; PP=Anywhere; TA=M	NT=Methyl:2H(3)13C(1); AC=329; MT=Variable; PP=Anywhere; TA=K,R	NT=Dimethyl:2H(6)13C(2); AC=330; MT=Variable; PP=Anywhere; TA=K,R	NT=Trimethyl:13C(3)2H(9); AC=1414; MT=Variable; PP=Anywhere; TA=K	NT=Label:13C(4); AC=1266; MT=Fixed; PP=Anywhere; TA=M	20ppm	91	lesSDRF v0.1.0	NT=data-dependent acquisition;AC=PRIDE:0000627	v1.1.0	NT=ms-proteomics;VV=v1.1.0
OffgelCyt	Homo sapiens	cervix	92	HeLa	not applicable	Cancer	run92	proteomic profiling by mass spectrometry	Trypsin	20120724_EXQ4_AlCu_SA_InputOFFGel_Cytl_0801.raw	Cytosol	20ppm	Velos	SILAC light	NT=Carbamidomethyl; AC=4; MT=Fixed; PP=Anywhere; TA=C	NT=Oxidation; AC=35; MT=Variable; PP=Anywhere; TA=M	NT=Methyl; AC=34; MT=Variable; PP=Anywhere; TA=K,R	NT=Dimethyl; AC=36; MT=Variable; PP=Anywhere; TA=K,R	NT=Trimethyl; AC=37; MT=Variable; PP=Anywhere; TA=K		20ppm	92	lesSDRF v0.1.0	NT=data-dependent acquisition;AC=PRIDE:0000627	v1.1.0	NT=ms-proteomics;VV=v1.1.0
OffgelCyt	Homo sapiens	cervix	92	HeLa	not applicable	Cancer	run92	proteomic profiling by mass spectrometry	Trypsin	20120724_EXQ4_AlCu_SA_InputOFFGel_Cytl_0801.raw	Cytosol	20ppm	Velos	SILAC heavy	NT=Carbamidomethyl; AC=4; MT=Fixed; PP=Anywhere; TA=C	NT=Oxidation; AC=35; MT=Variable; PP=Anywhere; TA=M	NT=Methyl:2H(3)13C(1); AC=329; MT=Variable; PP=Anywhere; TA=K,R	NT=Dimethyl:2H(6)13C(2); AC=330; MT=Variable; PP=Anywhere; TA=K,R	NT=Trimethyl:13C(3)2H(9); AC=1414; MT=Variable; PP=Anywhere; TA=K	NT=Label:13C(4); AC=1266; MT=Fixed; PP=Anywhere; TA=M	20ppm	92	lesSDRF v0.1.0	NT=data-dependent acquisition;AC=PRIDE:0000627	v1.1.0	NT=ms-proteomics;VV=v1.1.0
OffgelCyt	Homo sapiens	cervix	93	HeLa	not applicable	Cancer	run93	proteomic profiling by mass spectrometry	Trypsin	20120724_EXQ4_AlCu_SA_InputOFFGel_Cytl_0901.raw	Cytosol	20ppm	Velos	SILAC light	NT=Carbamidomethyl; AC=4; MT=Fixed; PP=Anywhere; TA=C	NT=Oxidation; AC=35; MT=Variable; PP=Anywhere; TA=M	NT=Methyl; AC=34; MT=Variable; PP=Anywhere; TA=K,R	NT=Dimethyl; AC=36; MT=Variable; PP=Anywhere; TA=K,R	NT=Trimethyl; AC=37; MT=Variable; PP=Anywhere; TA=K		20ppm	93	lesSDRF v0.1.0	NT=data-dependent acquisition;AC=PRIDE:0000627	v1.1.0	NT=ms-proteomics;VV=v1.1.0
OffgelCyt	Homo sapiens	cervix	93	HeLa	not applicable	Cancer	run93	proteomic profiling by mass spectrometry	Trypsin	20120724_EXQ4_AlCu_SA_InputOFFGel_Cytl_0901.raw	Cytosol	20ppm	Velos	SILAC heavy	NT=Carbamidomethyl; AC=4; MT=Fixed; PP=Anywhere; TA=C	NT=Oxidation; AC=35; MT=Variable; PP=Anywhere; TA=M	NT=Methyl:2H(3)13C(1); AC=329; MT=Variable; PP=Anywhere; TA=K,R	NT=Dimethyl:2H(6)13C(2); AC=330; MT=Variable; PP=Anywhere; TA=K,R	NT=Trimethyl:13C(3)2H(9); AC=1414; MT=Variable; PP=Anywhere; TA=K	NT=Label:13C(4); AC=1266; MT=Fixed; PP=Anywhere; TA=M	20ppm	93	lesSDRF v0.1.0	NT=data-dependent acquisition;AC=PRIDE:0000627	v1.1.0	NT=ms-proteomics;VV=v1.1.0
OffgelCyt	Homo sapiens	cervix	94	HeLa	not applicable	Cancer	run94	proteomic profiling by mass spectrometry	Trypsin	20120724_EXQ4_AlCu_SA_InputOFFGel_Cytl_1001.raw	Cytosol	20ppm	Velos	SILAC light	NT=Carbamidomethyl; AC=4; MT=Fixed; PP=Anywhere; TA=C	NT=Oxidation; AC=35; MT=Variable; PP=Anywhere; TA=M	NT=Methyl; AC=34; MT=Variable; PP=Anywhere; TA=K,R	NT=Dimethyl; AC=36; MT=Variable; PP=Anywhere; TA=K,R	NT=Trimethyl; AC=37; MT=Variable; PP=Anywhere; TA=K		20ppm	94	lesSDRF v0.1.0	NT=data-dependent acquisition;AC=PRIDE:0000627	v1.1.0	NT=ms-proteomics;VV=v1.1.0
OffgelCyt	Homo sapiens	cervix	94	HeLa	not applicable	Cancer	run94	proteomic profiling by mass spectrometry	Trypsin	20120724_EXQ4_AlCu_SA_InputOFFGel_Cytl_1001.raw	Cytosol	20ppm	Velos	SILAC heavy	NT=Carbamidomethyl; AC=4; MT=Fixed; PP=Anywhere; TA=C	NT=Oxidation; AC=35; MT=Variable; PP=Anywhere; TA=M	NT=Methyl:2H(3)13C(1); AC=329; MT=Variable; PP=Anywhere; TA=K,R	NT=Dimethyl:2H(6)13C(2); AC=330; MT=Variable; PP=Anywhere; TA=K,R	NT=Trimethyl:13C(3)2H(9); AC=1414; MT=Variable; PP=Anywhere; TA=K	NT=Label:13C(4); AC=1266; MT=Fixed; PP=Anywhere; TA=M	20ppm	94	lesSDRF v0.1.0	NT=data-dependent acquisition;AC=PRIDE:0000627	v1.1.0	NT=ms-proteomics;VV=v1.1.0
OffgelCyt	Homo sapiens	cervix	95	HeLa	not applicable	Cancer	run95	proteomic profiling by mass spectrometry	Trypsin	20120724_EXQ4_AlCu_SA_InputOFFGel_Cytl_1101.raw	Cytosol	20ppm	Velos	SILAC light	NT=Carbamidomethyl; AC=4; MT=Fixed; PP=Anywhere; TA=C	NT=Oxidation; AC=35; MT=Variable; PP=Anywhere; TA=M	NT=Methyl; AC=34; MT=Variable; PP=Anywhere; TA=K,R	NT=Dimethyl; AC=36; MT=Variable; PP=Anywhere; TA=K,R	NT=Trimethyl; AC=37; MT=Variable; PP=Anywhere; TA=K		20ppm	95	lesSDRF v0.1.0	NT=data-dependent acquisition;AC=PRIDE:0000627	v1.1.0	NT=ms-proteomics;VV=v1.1.0
OffgelCyt	Homo sapiens	cervix	95	HeLa	not applicable	Cancer	run95	proteomic profiling by mass spectrometry	Trypsin	20120724_EXQ4_AlCu_SA_InputOFFGel_Cytl_1101.raw	Cytosol	20ppm	Velos	SILAC heavy	NT=Carbamidomethyl; AC=4; MT=Fixed; PP=Anywhere; TA=C	NT=Oxidation; AC=35; MT=Variable; PP=Anywhere; TA=M	NT=Methyl:2H(3)13C(1); AC=329; MT=Variable; PP=Anywhere; TA=K,R	NT=Dimethyl:2H(6)13C(2); AC=330; MT=Variable; PP=Anywhere; TA=K,R	NT=Trimethyl:13C(3)2H(9); AC=1414; MT=Variable; PP=Anywhere; TA=K	NT=Label:13C(4); AC=1266; MT=Fixed; PP=Anywhere; TA=M	20ppm	95	lesSDRF v0.1.0	NT=data-dependent acquisition;AC=PRIDE:0000627	v1.1.0	NT=ms-proteomics;VV=v1.1.0
OffgelCyt	Homo sapiens	cervix	96	HeLa	not applicable	Cancer	run96	proteomic profiling by mass spectrometry	Trypsin	20120724_EXQ4_AlCu_SA_InputOFFGel_Cytl_1201.raw	Cytosol	20ppm	Velos	SILAC light	NT=Carbamidomethyl; AC=4; MT=Fixed; PP=Anywhere; TA=C	NT=Oxidation; AC=35; MT=Variable; PP=Anywhere; TA=M	NT=Methyl; AC=34; MT=Variable; PP=Anywhere; TA=K,R	NT=Dimethyl; AC=36; MT=Variable; PP=Anywhere; TA=K,R	NT=Trimethyl; AC=37; MT=Variable; PP=Anywhere; TA=K		20ppm	96	lesSDRF v0.1.0	NT=data-dependent acquisition;AC=PRIDE:0000627	v1.1.0	NT=ms-proteomics;VV=v1.1.0
OffgelCyt	Homo sapiens	cervix	96	HeLa	not applicable	Cancer	run96	proteomic profiling by mass spectrometry	Trypsin	20120724_EXQ4_AlCu_SA_InputOFFGel_Cytl_1201.raw	Cytosol	20ppm	Velos	SILAC heavy	NT=Carbamidomethyl; AC=4; MT=Fixed; PP=Anywhere; TA=C	NT=Oxidation; AC=35; MT=Variable; PP=Anywhere; TA=M	NT=Methyl:2H(3)13C(1); AC=329; MT=Variable; PP=Anywhere; TA=K,R	NT=Dimethyl:2H(6)13C(2); AC=330; MT=Variable; PP=Anywhere; TA=K,R	NT=Trimethyl:13C(3)2H(9); AC=1414; MT=Variable; PP=Anywhere; TA=K	NT=Label:13C(4); AC=1266; MT=Fixed; PP=Anywhere; TA=M	20ppm	96	lesSDRF v0.1.0	NT=data-dependent acquisition;AC=PRIDE:0000627	v1.1.0	NT=ms-proteomics;VV=v1.1.0
OffgelCyt	Homo sapiens	cervix	97	HeLa	not applicable	Cancer	run97	proteomic profiling by mass spectrometry	Trypsin	20120724_EXQ4_AlCu_SA_InputOFFGel_Cytl_1301.raw	Cytosol	20ppm	Velos	SILAC light	NT=Carbamidomethyl; AC=4; MT=Fixed; PP=Anywhere; TA=C	NT=Oxidation; AC=35; MT=Variable; PP=Anywhere; TA=M	NT=Methyl; AC=34; MT=Variable; PP=Anywhere; TA=K,R	NT=Dimethyl; AC=36; MT=Variable; PP=Anywhere; TA=K,R	NT=Trimethyl; AC=37; MT=Variable; PP=Anywhere; TA=K		20ppm	97	lesSDRF v0.1.0	NT=data-dependent acquisition;AC=PRIDE:0000627	v1.1.0	NT=ms-proteomics;VV=v1.1.0
OffgelCyt	Homo sapiens	cervix	97	HeLa	not applicable	Cancer	run97	proteomic profiling by mass spectrometry	Trypsin	20120724_EXQ4_AlCu_SA_InputOFFGel_Cytl_1301.raw	Cytosol	20ppm	Velos	SILAC heavy	NT=Carbamidomethyl; AC=4; MT=Fixed; PP=Anywhere; TA=C	NT=Oxidation; AC=35; MT=Variable; PP=Anywhere; TA=M	NT=Methyl:2H(3)13C(1); AC=329; MT=Variable; PP=Anywhere; TA=K,R	NT=Dimethyl:2H(6)13C(2); AC=330; MT=Variable; PP=Anywhere; TA=K,R	NT=Trimethyl:13C(3)2H(9); AC=1414; MT=Variable; PP=Anywhere; TA=K	NT=Label:13C(4); AC=1266; MT=Fixed; PP=Anywhere; TA=M	20ppm	97	lesSDRF v0.1.0	NT=data-dependent acquisition;AC=PRIDE:0000627	v1.1.0	NT=ms-proteomics;VV=v1.1.0
OffgelCyt	Homo sapiens	cervix	98	HeLa	not applicable	Cancer	run98	proteomic profiling by mass spectrometry	Trypsin	20120724_EXQ4_AlCu_SA_InputOFFGel_Cytl_1401.raw	Cytosol	20ppm	Velos	SILAC light	NT=Carbamidomethyl; AC=4; MT=Fixed; PP=Anywhere; TA=C	NT=Oxidation; AC=35; MT=Variable; PP=Anywhere; TA=M	NT=Methyl; AC=34; MT=Variable; PP=Anywhere; TA=K,R	NT=Dimethyl; AC=36; MT=Variable; PP=Anywhere; TA=K,R	NT=Trimethyl; AC=37; MT=Variable; PP=Anywhere; TA=K		20ppm	98	lesSDRF v0.1.0	NT=data-dependent acquisition;AC=PRIDE:0000627	v1.1.0	NT=ms-proteomics;VV=v1.1.0
OffgelCyt	Homo sapiens	cervix	98	HeLa	not applicable	Cancer	run98	proteomic profiling by mass spectrometry	Trypsin	20120724_EXQ4_AlCu_SA_InputOFFGel_Cytl_1401.raw	Cytosol	20ppm	Velos	SILAC heavy	NT=Carbamidomethyl; AC=4; MT=Fixed; PP=Anywhere; TA=C	NT=Oxidation; AC=35; MT=Variable; PP=Anywhere; TA=M	NT=Methyl:2H(3)13C(1); AC=329; MT=Variable; PP=Anywhere; TA=K,R	NT=Dimethyl:2H(6)13C(2); AC=330; MT=Variable; PP=Anywhere; TA=K,R	NT=Trimethyl:13C(3)2H(9); AC=1414; MT=Variable; PP=Anywhere; TA=K	NT=Label:13C(4); AC=1266; MT=Fixed; PP=Anywhere; TA=M	20ppm	98	lesSDRF v0.1.0	NT=data-dependent acquisition;AC=PRIDE:0000627	v1.1.0	NT=ms-proteomics;VV=v1.1.0
OffgelCyt	Homo sapiens	cervix	99	HeLa	not applicable	Cancer	run99	proteomic profiling by mass spectrometry	Trypsin	20120724_EXQ4_AlCu_SA_InputOFFGel_Cytl_1501.raw	Cytosol	20ppm	Velos	SILAC light	NT=Carbamidomethyl; AC=4; MT=Fixed; PP=Anywhere; TA=C	NT=Oxidation; AC=35; MT=Variable; PP=Anywhere; TA=M	NT=Methyl; AC=34; MT=Variable; PP=Anywhere; TA=K,R	NT=Dimethyl; AC=36; MT=Variable; PP=Anywhere; TA=K,R	NT=Trimethyl; AC=37; MT=Variable; PP=Anywhere; TA=K		20ppm	99	lesSDRF v0.1.0	NT=data-dependent acquisition;AC=PRIDE:0000627	v1.1.0	NT=ms-proteomics;VV=v1.1.0
OffgelCyt	Homo sapiens	cervix	99	HeLa	not applicable	Cancer	run99	proteomic profiling by mass spectrometry	Trypsin	20120724_EXQ4_AlCu_SA_InputOFFGel_Cytl_1501.raw	Cytosol	20ppm	Velos	SILAC heavy	NT=Carbamidomethyl; AC=4; MT=Fixed; PP=Anywhere; TA=C	NT=Oxidation; AC=35; MT=Variable; PP=Anywhere; TA=M	NT=Methyl:2H(3)13C(1); AC=329; MT=Variable; PP=Anywhere; TA=K,R	NT=Dimethyl:2H(6)13C(2); AC=330; MT=Variable; PP=Anywhere; TA=K,R	NT=Trimethyl:13C(3)2H(9); AC=1414; MT=Variable; PP=Anywhere; TA=K	NT=Label:13C(4); AC=1266; MT=Fixed; PP=Anywhere; TA=M	20ppm	99	lesSDRF v0.1.0	NT=data-dependent acquisition;AC=PRIDE:0000627	v1.1.0	NT=ms-proteomics;VV=v1.1.0
OffgelCyt	Homo sapiens	cervix	100	HeLa	not applicable	Cancer	run100	proteomic profiling by mass spectrometry	Trypsin	20120724_EXQ4_AlCu_SA_InputOFFGel_Cytl_1601.raw	Cytosol	20ppm	Velos	SILAC light	NT=Carbamidomethyl; AC=4; MT=Fixed; PP=Anywhere; TA=C	NT=Oxidation; AC=35; MT=Variable; PP=Anywhere; TA=M	NT=Methyl; AC=34; MT=Variable; PP=Anywhere; TA=K,R	NT=Dimethyl; AC=36; MT=Variable; PP=Anywhere; TA=K,R	NT=Trimethyl; AC=37; MT=Variable; PP=Anywhere; TA=K		20ppm	100	lesSDRF v0.1.0	NT=data-dependent acquisition;AC=PRIDE:0000627	v1.1.0	NT=ms-proteomics;VV=v1.1.0
OffgelCyt	Homo sapiens	cervix	100	HeLa	not applicable	Cancer	run100	proteomic profiling by mass spectrometry	Trypsin	20120724_EXQ4_AlCu_SA_InputOFFGel_Cytl_1601.raw	Cytosol	20ppm	Velos	SILAC heavy	NT=Carbamidomethyl; AC=4; MT=Fixed; PP=Anywhere; TA=C	NT=Oxidation; AC=35; MT=Variable; PP=Anywhere; TA=M	NT=Methyl:2H(3)13C(1); AC=329; MT=Variable; PP=Anywhere; TA=K,R	NT=Dimethyl:2H(6)13C(2); AC=330; MT=Variable; PP=Anywhere; TA=K,R	NT=Trimethyl:13C(3)2H(9); AC=1414; MT=Variable; PP=Anywhere; TA=K	NT=Label:13C(4); AC=1266; MT=Fixed; PP=Anywhere; TA=M	20ppm	100	lesSDRF v0.1.0	NT=data-dependent acquisition;AC=PRIDE:0000627	v1.1.0	NT=ms-proteomics;VV=v1.1.0
OffgelCyt	Homo sapiens	cervix	101	HeLa	not applicable	Cancer	run101	proteomic profiling by mass spectrometry	Trypsin	20120724_EXQ4_AlCu_SA_InputOFFGel_Cytl_1701.raw	Cytosol	20ppm	Velos	SILAC light	NT=Carbamidomethyl; AC=4; MT=Fixed; PP=Anywhere; TA=C	NT=Oxidation; AC=35; MT=Variable; PP=Anywhere; TA=M	NT=Methyl; AC=34; MT=Variable; PP=Anywhere; TA=K,R	NT=Dimethyl; AC=36; MT=Variable; PP=Anywhere; TA=K,R	NT=Trimethyl; AC=37; MT=Variable; PP=Anywhere; TA=K		20ppm	101	lesSDRF v0.1.0	NT=data-dependent acquisition;AC=PRIDE:0000627	v1.1.0	NT=ms-proteomics;VV=v1.1.0
OffgelCyt	Homo sapiens	cervix	101	HeLa	not applicable	Cancer	run101	proteomic profiling by mass spectrometry	Trypsin	20120724_EXQ4_AlCu_SA_InputOFFGel_Cytl_1701.raw	Cytosol	20ppm	Velos	SILAC heavy	NT=Carbamidomethyl; AC=4; MT=Fixed; PP=Anywhere; TA=C	NT=Oxidation; AC=35; MT=Variable; PP=Anywhere; TA=M	NT=Methyl:2H(3)13C(1); AC=329; MT=Variable; PP=Anywhere; TA=K,R	NT=Dimethyl:2H(6)13C(2); AC=330; MT=Variable; PP=Anywhere; TA=K,R	NT=Trimethyl:13C(3)2H(9); AC=1414; MT=Variable; PP=Anywhere; TA=K	NT=Label:13C(4); AC=1266; MT=Fixed; PP=Anywhere; TA=M	20ppm	101	lesSDRF v0.1.0	NT=data-dependent acquisition;AC=PRIDE:0000627	v1.1.0	NT=ms-proteomics;VV=v1.1.0
OffgelCyt	Homo sapiens	cervix	102	HeLa	not applicable	Cancer	run102	proteomic profiling by mass spectrometry	Trypsin	20120724_EXQ4_AlCu_SA_InputOFFGel_Cytl_1801.raw	Cytosol	20ppm	Velos	SILAC light	NT=Carbamidomethyl; AC=4; MT=Fixed; PP=Anywhere; TA=C	NT=Oxidation; AC=35; MT=Variable; PP=Anywhere; TA=M	NT=Methyl; AC=34; MT=Variable; PP=Anywhere; TA=K,R	NT=Dimethyl; AC=36; MT=Variable; PP=Anywhere; TA=K,R	NT=Trimethyl; AC=37; MT=Variable; PP=Anywhere; TA=K		20ppm	102	lesSDRF v0.1.0	NT=data-dependent acquisition;AC=PRIDE:0000627	v1.1.0	NT=ms-proteomics;VV=v1.1.0
OffgelCyt	Homo sapiens	cervix	102	HeLa	not applicable	Cancer	run102	proteomic profiling by mass spectrometry	Trypsin	20120724_EXQ4_AlCu_SA_InputOFFGel_Cytl_1801.raw	Cytosol	20ppm	Velos	SILAC heavy	NT=Carbamidomethyl; AC=4; MT=Fixed; PP=Anywhere; TA=C	NT=Oxidation; AC=35; MT=Variable; PP=Anywhere; TA=M	NT=Methyl:2H(3)13C(1); AC=329; MT=Variable; PP=Anywhere; TA=K,R	NT=Dimethyl:2H(6)13C(2); AC=330; MT=Variable; PP=Anywhere; TA=K,R	NT=Trimethyl:13C(3)2H(9); AC=1414; MT=Variable; PP=Anywhere; TA=K	NT=Label:13C(4); AC=1266; MT=Fixed; PP=Anywhere; TA=M	20ppm	102	lesSDRF v0.1.0	NT=data-dependent acquisition;AC=PRIDE:0000627	v1.1.0	NT=ms-proteomics;VV=v1.1.0
OffgelCyt	Homo sapiens	cervix	103	HeLa	not applicable	Cancer	run103	proteomic profiling by mass spectrometry	Trypsin	20120724_EXQ4_AlCu_SA_InputOFFGel_Cytl_1901.raw	Cytosol	20ppm	Velos	SILAC light	NT=Carbamidomethyl; AC=4; MT=Fixed; PP=Anywhere; TA=C	NT=Oxidation; AC=35; MT=Variable; PP=Anywhere; TA=M	NT=Methyl; AC=34; MT=Variable; PP=Anywhere; TA=K,R	NT=Dimethyl; AC=36; MT=Variable; PP=Anywhere; TA=K,R	NT=Trimethyl; AC=37; MT=Variable; PP=Anywhere; TA=K		20ppm	103	lesSDRF v0.1.0	NT=data-dependent acquisition;AC=PRIDE:0000627	v1.1.0	NT=ms-proteomics;VV=v1.1.0
OffgelCyt	Homo sapiens	cervix	103	HeLa	not applicable	Cancer	run103	proteomic profiling by mass spectrometry	Trypsin	20120724_EXQ4_AlCu_SA_InputOFFGel_Cytl_1901.raw	Cytosol	20ppm	Velos	SILAC heavy	NT=Carbamidomethyl; AC=4; MT=Fixed; PP=Anywhere; TA=C	NT=Oxidation; AC=35; MT=Variable; PP=Anywhere; TA=M	NT=Methyl:2H(3)13C(1); AC=329; MT=Variable; PP=Anywhere; TA=K,R	NT=Dimethyl:2H(6)13C(2); AC=330; MT=Variable; PP=Anywhere; TA=K,R	NT=Trimethyl:13C(3)2H(9); AC=1414; MT=Variable; PP=Anywhere; TA=K	NT=Label:13C(4); AC=1266; MT=Fixed; PP=Anywhere; TA=M	20ppm	103	lesSDRF v0.1.0	NT=data-dependent acquisition;AC=PRIDE:0000627	v1.1.0	NT=ms-proteomics;VV=v1.1.0
OffgelCyt	Homo sapiens	cervix	104	HeLa	not applicable	Cancer	run104	proteomic profiling by mass spectrometry	Trypsin	20120724_EXQ4_AlCu_SA_InputOFFGel_Cytl_2001.raw	Cytosol	20ppm	Velos	SILAC light	NT=Carbamidomethyl; AC=4; MT=Fixed; PP=Anywhere; TA=C	NT=Oxidation; AC=35; MT=Variable; PP=Anywhere; TA=M	NT=Methyl; AC=34; MT=Variable; PP=Anywhere; TA=K,R	NT=Dimethyl; AC=36; MT=Variable; PP=Anywhere; TA=K,R	NT=Trimethyl; AC=37; MT=Variable; PP=Anywhere; TA=K		20ppm	104	lesSDRF v0.1.0	NT=data-dependent acquisition;AC=PRIDE:0000627	v1.1.0	NT=ms-proteomics;VV=v1.1.0
OffgelCyt	Homo sapiens	cervix	104	HeLa	not applicable	Cancer	run104	proteomic profiling by mass spectrometry	Trypsin	20120724_EXQ4_AlCu_SA_InputOFFGel_Cytl_2001.raw	Cytosol	20ppm	Velos	SILAC heavy	NT=Carbamidomethyl; AC=4; MT=Fixed; PP=Anywhere; TA=C	NT=Oxidation; AC=35; MT=Variable; PP=Anywhere; TA=M	NT=Methyl:2H(3)13C(1); AC=329; MT=Variable; PP=Anywhere; TA=K,R	NT=Dimethyl:2H(6)13C(2); AC=330; MT=Variable; PP=Anywhere; TA=K,R	NT=Trimethyl:13C(3)2H(9); AC=1414; MT=Variable; PP=Anywhere; TA=K	NT=Label:13C(4); AC=1266; MT=Fixed; PP=Anywhere; TA=M	20ppm	104	lesSDRF v0.1.0	NT=data-dependent acquisition;AC=PRIDE:0000627	v1.1.0	NT=ms-proteomics;VV=v1.1.0
OffgelNcl	Homo sapiens	cervix	105	HeLa	not applicable	Cancer	run105	proteomic profiling by mass spectrometry	Trypsin	20120724_EXQ4_AlCu_SA_InputOFFGel_Ncl_0101.raw	Nucleus	20ppm	Velos	SILAC light	NT=Carbamidomethyl; AC=4; MT=Fixed; PP=Anywhere; TA=C	NT=Oxidation; AC=35; MT=Variable; PP=Anywhere; TA=M	NT=Methyl; AC=34; MT=Variable; PP=Anywhere; TA=K,R	NT=Dimethyl; AC=36; MT=Variable; PP=Anywhere; TA=K,R	NT=Trimethyl; AC=37; MT=Variable; PP=Anywhere; TA=K		20ppm	105	lesSDRF v0.1.0	NT=data-dependent acquisition;AC=PRIDE:0000627	v1.1.0	NT=ms-proteomics;VV=v1.1.0
OffgelNcl	Homo sapiens	cervix	105	HeLa	not applicable	Cancer	run105	proteomic profiling by mass spectrometry	Trypsin	20120724_EXQ4_AlCu_SA_InputOFFGel_Ncl_0101.raw	Nucleus	20ppm	Velos	SILAC heavy	NT=Carbamidomethyl; AC=4; MT=Fixed; PP=Anywhere; TA=C	NT=Oxidation; AC=35; MT=Variable; PP=Anywhere; TA=M	NT=Methyl:2H(3)13C(1); AC=329; MT=Variable; PP=Anywhere; TA=K,R	NT=Dimethyl:2H(6)13C(2); AC=330; MT=Variable; PP=Anywhere; TA=K,R	NT=Trimethyl:13C(3)2H(9); AC=1414; MT=Variable; PP=Anywhere; TA=K	NT=Label:13C(4); AC=1266; MT=Fixed; PP=Anywhere; TA=M	20ppm	105	lesSDRF v0.1.0	NT=data-dependent acquisition;AC=PRIDE:0000627	v1.1.0	NT=ms-proteomics;VV=v1.1.0
OffgelNcl	Homo sapiens	cervix	106	HeLa	not applicable	Cancer	run106	proteomic profiling by mass spectrometry	Trypsin	20120724_EXQ4_AlCu_SA_InputOFFGel_Ncl_0201.raw	Nucleus	20ppm	Velos	SILAC light	NT=Carbamidomethyl; AC=4; MT=Fixed; PP=Anywhere; TA=C	NT=Oxidation; AC=35; MT=Variable; PP=Anywhere; TA=M	NT=Methyl; AC=34; MT=Variable; PP=Anywhere; TA=K,R	NT=Dimethyl; AC=36; MT=Variable; PP=Anywhere; TA=K,R	NT=Trimethyl; AC=37; MT=Variable; PP=Anywhere; TA=K		20ppm	106	lesSDRF v0.1.0	NT=data-dependent acquisition;AC=PRIDE:0000627	v1.1.0	NT=ms-proteomics;VV=v1.1.0
OffgelNcl	Homo sapiens	cervix	106	HeLa	not applicable	Cancer	run106	proteomic profiling by mass spectrometry	Trypsin	20120724_EXQ4_AlCu_SA_InputOFFGel_Ncl_0201.raw	Nucleus	20ppm	Velos	SILAC heavy	NT=Carbamidomethyl; AC=4; MT=Fixed; PP=Anywhere; TA=C	NT=Oxidation; AC=35; MT=Variable; PP=Anywhere; TA=M	NT=Methyl:2H(3)13C(1); AC=329; MT=Variable; PP=Anywhere; TA=K,R	NT=Dimethyl:2H(6)13C(2); AC=330; MT=Variable; PP=Anywhere; TA=K,R	NT=Trimethyl:13C(3)2H(9); AC=1414; MT=Variable; PP=Anywhere; TA=K	NT=Label:13C(4); AC=1266; MT=Fixed; PP=Anywhere; TA=M	20ppm	106	lesSDRF v0.1.0	NT=data-dependent acquisition;AC=PRIDE:0000627	v1.1.0	NT=ms-proteomics;VV=v1.1.0
OffgelNcl	Homo sapiens	cervix	107	HeLa	not applicable	Cancer	run107	proteomic profiling by mass spectrometry	Trypsin	20120724_EXQ4_AlCu_SA_InputOFFGel_Ncl_0301.raw	Nucleus	20ppm	Velos	SILAC light	NT=Carbamidomethyl; AC=4; MT=Fixed; PP=Anywhere; TA=C	NT=Oxidation; AC=35; MT=Variable; PP=Anywhere; TA=M	NT=Methyl; AC=34; MT=Variable; PP=Anywhere; TA=K,R	NT=Dimethyl; AC=36; MT=Variable; PP=Anywhere; TA=K,R	NT=Trimethyl; AC=37; MT=Variable; PP=Anywhere; TA=K		20ppm	107	lesSDRF v0.1.0	NT=data-dependent acquisition;AC=PRIDE:0000627	v1.1.0	NT=ms-proteomics;VV=v1.1.0
OffgelNcl	Homo sapiens	cervix	107	HeLa	not applicable	Cancer	run107	proteomic profiling by mass spectrometry	Trypsin	20120724_EXQ4_AlCu_SA_InputOFFGel_Ncl_0301.raw	Nucleus	20ppm	Velos	SILAC heavy	NT=Carbamidomethyl; AC=4; MT=Fixed; PP=Anywhere; TA=C	NT=Oxidation; AC=35; MT=Variable; PP=Anywhere; TA=M	NT=Methyl:2H(3)13C(1); AC=329; MT=Variable; PP=Anywhere; TA=K,R	NT=Dimethyl:2H(6)13C(2); AC=330; MT=Variable; PP=Anywhere; TA=K,R	NT=Trimethyl:13C(3)2H(9); AC=1414; MT=Variable; PP=Anywhere; TA=K	NT=Label:13C(4); AC=1266; MT=Fixed; PP=Anywhere; TA=M	20ppm	107	lesSDRF v0.1.0	NT=data-dependent acquisition;AC=PRIDE:0000627	v1.1.0	NT=ms-proteomics;VV=v1.1.0
OffgelNcl	Homo sapiens	cervix	108	HeLa	not applicable	Cancer	run108	proteomic profiling by mass spectrometry	Trypsin	20120724_EXQ4_AlCu_SA_InputOFFGel_Ncl_0401.raw	Nucleus	20ppm	Velos	SILAC light	NT=Carbamidomethyl; AC=4; MT=Fixed; PP=Anywhere; TA=C	NT=Oxidation; AC=35; MT=Variable; PP=Anywhere; TA=M	NT=Methyl; AC=34; MT=Variable; PP=Anywhere; TA=K,R	NT=Dimethyl; AC=36; MT=Variable; PP=Anywhere; TA=K,R	NT=Trimethyl; AC=37; MT=Variable; PP=Anywhere; TA=K		20ppm	108	lesSDRF v0.1.0	NT=data-dependent acquisition;AC=PRIDE:0000627	v1.1.0	NT=ms-proteomics;VV=v1.1.0
OffgelNcl	Homo sapiens	cervix	108	HeLa	not applicable	Cancer	run108	proteomic profiling by mass spectrometry	Trypsin	20120724_EXQ4_AlCu_SA_InputOFFGel_Ncl_0401.raw	Nucleus	20ppm	Velos	SILAC heavy	NT=Carbamidomethyl; AC=4; MT=Fixed; PP=Anywhere; TA=C	NT=Oxidation; AC=35; MT=Variable; PP=Anywhere; TA=M	NT=Methyl:2H(3)13C(1); AC=329; MT=Variable; PP=Anywhere; TA=K,R	NT=Dimethyl:2H(6)13C(2); AC=330; MT=Variable; PP=Anywhere; TA=K,R	NT=Trimethyl:13C(3)2H(9); AC=1414; MT=Variable; PP=Anywhere; TA=K	NT=Label:13C(4); AC=1266; MT=Fixed; PP=Anywhere; TA=M	20ppm	108	lesSDRF v0.1.0	NT=data-dependent acquisition;AC=PRIDE:0000627	v1.1.0	NT=ms-proteomics;VV=v1.1.0
OffgelNcl	Homo sapiens	cervix	109	HeLa	not applicable	Cancer	run109	proteomic profiling by mass spectrometry	Trypsin	20120724_EXQ4_AlCu_SA_InputOFFGel_Ncl_0501.raw	Nucleus	20ppm	Velos	SILAC light	NT=Carbamidomethyl; AC=4; MT=Fixed; PP=Anywhere; TA=C	NT=Oxidation; AC=35; MT=Variable; PP=Anywhere; TA=M	NT=Methyl; AC=34; MT=Variable; PP=Anywhere; TA=K,R	NT=Dimethyl; AC=36; MT=Variable; PP=Anywhere; TA=K,R	NT=Trimethyl; AC=37; MT=Variable; PP=Anywhere; TA=K		20ppm	109	lesSDRF v0.1.0	NT=data-dependent acquisition;AC=PRIDE:0000627	v1.1.0	NT=ms-proteomics;VV=v1.1.0
OffgelNcl	Homo sapiens	cervix	109	HeLa	not applicable	Cancer	run109	proteomic profiling by mass spectrometry	Trypsin	20120724_EXQ4_AlCu_SA_InputOFFGel_Ncl_0501.raw	Nucleus	20ppm	Velos	SILAC heavy	NT=Carbamidomethyl; AC=4; MT=Fixed; PP=Anywhere; TA=C	NT=Oxidation; AC=35; MT=Variable; PP=Anywhere; TA=M	NT=Methyl:2H(3)13C(1); AC=329; MT=Variable; PP=Anywhere; TA=K,R	NT=Dimethyl:2H(6)13C(2); AC=330; MT=Variable; PP=Anywhere; TA=K,R	NT=Trimethyl:13C(3)2H(9); AC=1414; MT=Variable; PP=Anywhere; TA=K	NT=Label:13C(4); AC=1266; MT=Fixed; PP=Anywhere; TA=M	20ppm	109	lesSDRF v0.1.0	NT=data-dependent acquisition;AC=PRIDE:0000627	v1.1.0	NT=ms-proteomics;VV=v1.1.0
OffgelNcl	Homo sapiens	cervix	110	HeLa	not applicable	Cancer	run110	proteomic profiling by mass spectrometry	Trypsin	20120724_EXQ4_AlCu_SA_InputOFFGel_Ncl_0601.raw	Nucleus	20ppm	Velos	SILAC light	NT=Carbamidomethyl; AC=4; MT=Fixed; PP=Anywhere; TA=C	NT=Oxidation; AC=35; MT=Variable; PP=Anywhere; TA=M	NT=Methyl; AC=34; MT=Variable; PP=Anywhere; TA=K,R	NT=Dimethyl; AC=36; MT=Variable; PP=Anywhere; TA=K,R	NT=Trimethyl; AC=37; MT=Variable; PP=Anywhere; TA=K		20ppm	110	lesSDRF v0.1.0	NT=data-dependent acquisition;AC=PRIDE:0000627	v1.1.0	NT=ms-proteomics;VV=v1.1.0
OffgelNcl	Homo sapiens	cervix	110	HeLa	not applicable	Cancer	run110	proteomic profiling by mass spectrometry	Trypsin	20120724_EXQ4_AlCu_SA_InputOFFGel_Ncl_0601.raw	Nucleus	20ppm	Velos	SILAC heavy	NT=Carbamidomethyl; AC=4; MT=Fixed; PP=Anywhere; TA=C	NT=Oxidation; AC=35; MT=Variable; PP=Anywhere; TA=M	NT=Methyl:2H(3)13C(1); AC=329; MT=Variable; PP=Anywhere; TA=K,R	NT=Dimethyl:2H(6)13C(2); AC=330; MT=Variable; PP=Anywhere; TA=K,R	NT=Trimethyl:13C(3)2H(9); AC=1414; MT=Variable; PP=Anywhere; TA=K	NT=Label:13C(4); AC=1266; MT=Fixed; PP=Anywhere; TA=M	20ppm	110	lesSDRF v0.1.0	NT=data-dependent acquisition;AC=PRIDE:0000627	v1.1.0	NT=ms-proteomics;VV=v1.1.0
OffgelNcl	Homo sapiens	cervix	111	HeLa	not applicable	Cancer	run111	proteomic profiling by mass spectrometry	Trypsin	20120724_EXQ4_AlCu_SA_InputOFFGel_Ncl_0701.raw	Nucleus	20ppm	Velos	SILAC light	NT=Carbamidomethyl; AC=4; MT=Fixed; PP=Anywhere; TA=C	NT=Oxidation; AC=35; MT=Variable; PP=Anywhere; TA=M	NT=Methyl; AC=34; MT=Variable; PP=Anywhere; TA=K,R	NT=Dimethyl; AC=36; MT=Variable; PP=Anywhere; TA=K,R	NT=Trimethyl; AC=37; MT=Variable; PP=Anywhere; TA=K		20ppm	111	lesSDRF v0.1.0	NT=data-dependent acquisition;AC=PRIDE:0000627	v1.1.0	NT=ms-proteomics;VV=v1.1.0
OffgelNcl	Homo sapiens	cervix	111	HeLa	not applicable	Cancer	run111	proteomic profiling by mass spectrometry	Trypsin	20120724_EXQ4_AlCu_SA_InputOFFGel_Ncl_0701.raw	Nucleus	20ppm	Velos	SILAC heavy	NT=Carbamidomethyl; AC=4; MT=Fixed; PP=Anywhere; TA=C	NT=Oxidation; AC=35; MT=Variable; PP=Anywhere; TA=M	NT=Methyl:2H(3)13C(1); AC=329; MT=Variable; PP=Anywhere; TA=K,R	NT=Dimethyl:2H(6)13C(2); AC=330; MT=Variable; PP=Anywhere; TA=K,R	NT=Trimethyl:13C(3)2H(9); AC=1414; MT=Variable; PP=Anywhere; TA=K	NT=Label:13C(4); AC=1266; MT=Fixed; PP=Anywhere; TA=M	20ppm	111	lesSDRF v0.1.0	NT=data-dependent acquisition;AC=PRIDE:0000627	v1.1.0	NT=ms-proteomics;VV=v1.1.0
OffgelNcl	Homo sapiens	cervix	112	HeLa	not applicable	Cancer	run112	proteomic profiling by mass spectrometry	Trypsin	20120724_EXQ4_AlCu_SA_InputOFFGel_Ncl_0801.raw	Nucleus	20ppm	Velos	SILAC light	NT=Carbamidomethyl; AC=4; MT=Fixed; PP=Anywhere; TA=C	NT=Oxidation; AC=35; MT=Variable; PP=Anywhere; TA=M	NT=Methyl; AC=34; MT=Variable; PP=Anywhere; TA=K,R	NT=Dimethyl; AC=36; MT=Variable; PP=Anywhere; TA=K,R	NT=Trimethyl; AC=37; MT=Variable; PP=Anywhere; TA=K		20ppm	112	lesSDRF v0.1.0	NT=data-dependent acquisition;AC=PRIDE:0000627	v1.1.0	NT=ms-proteomics;VV=v1.1.0
OffgelNcl	Homo sapiens	cervix	112	HeLa	not applicable	Cancer	run112	proteomic profiling by mass spectrometry	Trypsin	20120724_EXQ4_AlCu_SA_InputOFFGel_Ncl_0801.raw	Nucleus	20ppm	Velos	SILAC heavy	NT=Carbamidomethyl; AC=4; MT=Fixed; PP=Anywhere; TA=C	NT=Oxidation; AC=35; MT=Variable; PP=Anywhere; TA=M	NT=Methyl:2H(3)13C(1); AC=329; MT=Variable; PP=Anywhere; TA=K,R	NT=Dimethyl:2H(6)13C(2); AC=330; MT=Variable; PP=Anywhere; TA=K,R	NT=Trimethyl:13C(3)2H(9); AC=1414; MT=Variable; PP=Anywhere; TA=K	NT=Label:13C(4); AC=1266; MT=Fixed; PP=Anywhere; TA=M	20ppm	112	lesSDRF v0.1.0	NT=data-dependent acquisition;AC=PRIDE:0000627	v1.1.0	NT=ms-proteomics;VV=v1.1.0
OffgelNcl	Homo sapiens	cervix	113	HeLa	not applicable	Cancer	run113	proteomic profiling by mass spectrometry	Trypsin	20120724_EXQ4_AlCu_SA_InputOFFGel_Ncl_0901.raw	Nucleus	20ppm	Velos	SILAC light	NT=Carbamidomethyl; AC=4; MT=Fixed; PP=Anywhere; TA=C	NT=Oxidation; AC=35; MT=Variable; PP=Anywhere; TA=M	NT=Methyl; AC=34; MT=Variable; PP=Anywhere; TA=K,R	NT=Dimethyl; AC=36; MT=Variable; PP=Anywhere; TA=K,R	NT=Trimethyl; AC=37; MT=Variable; PP=Anywhere; TA=K		20ppm	113	lesSDRF v0.1.0	NT=data-dependent acquisition;AC=PRIDE:0000627	v1.1.0	NT=ms-proteomics;VV=v1.1.0
OffgelNcl	Homo sapiens	cervix	113	HeLa	not applicable	Cancer	run113	proteomic profiling by mass spectrometry	Trypsin	20120724_EXQ4_AlCu_SA_InputOFFGel_Ncl_0901.raw	Nucleus	20ppm	Velos	SILAC heavy	NT=Carbamidomethyl; AC=4; MT=Fixed; PP=Anywhere; TA=C	NT=Oxidation; AC=35; MT=Variable; PP=Anywhere; TA=M	NT=Methyl:2H(3)13C(1); AC=329; MT=Variable; PP=Anywhere; TA=K,R	NT=Dimethyl:2H(6)13C(2); AC=330; MT=Variable; PP=Anywhere; TA=K,R	NT=Trimethyl:13C(3)2H(9); AC=1414; MT=Variable; PP=Anywhere; TA=K	NT=Label:13C(4); AC=1266; MT=Fixed; PP=Anywhere; TA=M	20ppm	113	lesSDRF v0.1.0	NT=data-dependent acquisition;AC=PRIDE:0000627	v1.1.0	NT=ms-proteomics;VV=v1.1.0
OffgelNcl	Homo sapiens	cervix	114	HeLa	not applicable	Cancer	run114	proteomic profiling by mass spectrometry	Trypsin	20120724_EXQ4_AlCu_SA_InputOFFGel_Ncl_1001.raw	Nucleus	20ppm	Velos	SILAC light	NT=Carbamidomethyl; AC=4; MT=Fixed; PP=Anywhere; TA=C	NT=Oxidation; AC=35; MT=Variable; PP=Anywhere; TA=M	NT=Methyl; AC=34; MT=Variable; PP=Anywhere; TA=K,R	NT=Dimethyl; AC=36; MT=Variable; PP=Anywhere; TA=K,R	NT=Trimethyl; AC=37; MT=Variable; PP=Anywhere; TA=K		20ppm	114	lesSDRF v0.1.0	NT=data-dependent acquisition;AC=PRIDE:0000627	v1.1.0	NT=ms-proteomics;VV=v1.1.0
OffgelNcl	Homo sapiens	cervix	114	HeLa	not applicable	Cancer	run114	proteomic profiling by mass spectrometry	Trypsin	20120724_EXQ4_AlCu_SA_InputOFFGel_Ncl_1001.raw	Nucleus	20ppm	Velos	SILAC heavy	NT=Carbamidomethyl; AC=4; MT=Fixed; PP=Anywhere; TA=C	NT=Oxidation; AC=35; MT=Variable; PP=Anywhere; TA=M	NT=Methyl:2H(3)13C(1); AC=329; MT=Variable; PP=Anywhere; TA=K,R	NT=Dimethyl:2H(6)13C(2); AC=330; MT=Variable; PP=Anywhere; TA=K,R	NT=Trimethyl:13C(3)2H(9); AC=1414; MT=Variable; PP=Anywhere; TA=K	NT=Label:13C(4); AC=1266; MT=Fixed; PP=Anywhere; TA=M	20ppm	114	lesSDRF v0.1.0	NT=data-dependent acquisition;AC=PRIDE:0000627	v1.1.0	NT=ms-proteomics;VV=v1.1.0
OffgelNcl	Homo sapiens	cervix	115	HeLa	not applicable	Cancer	run115	proteomic profiling by mass spectrometry	Trypsin	20120724_EXQ4_AlCu_SA_InputOFFGel_Ncl_1101.raw	Nucleus	20ppm	Velos	SILAC light	NT=Carbamidomethyl; AC=4; MT=Fixed; PP=Anywhere; TA=C	NT=Oxidation; AC=35; MT=Variable; PP=Anywhere; TA=M	NT=Methyl; AC=34; MT=Variable; PP=Anywhere; TA=K,R	NT=Dimethyl; AC=36; MT=Variable; PP=Anywhere; TA=K,R	NT=Trimethyl; AC=37; MT=Variable; PP=Anywhere; TA=K		20ppm	115	lesSDRF v0.1.0	NT=data-dependent acquisition;AC=PRIDE:0000627	v1.1.0	NT=ms-proteomics;VV=v1.1.0
OffgelNcl	Homo sapiens	cervix	115	HeLa	not applicable	Cancer	run115	proteomic profiling by mass spectrometry	Trypsin	20120724_EXQ4_AlCu_SA_InputOFFGel_Ncl_1101.raw	Nucleus	20ppm	Velos	SILAC heavy	NT=Carbamidomethyl; AC=4; MT=Fixed; PP=Anywhere; TA=C	NT=Oxidation; AC=35; MT=Variable; PP=Anywhere; TA=M	NT=Methyl:2H(3)13C(1); AC=329; MT=Variable; PP=Anywhere; TA=K,R	NT=Dimethyl:2H(6)13C(2); AC=330; MT=Variable; PP=Anywhere; TA=K,R	NT=Trimethyl:13C(3)2H(9); AC=1414; MT=Variable; PP=Anywhere; TA=K	NT=Label:13C(4); AC=1266; MT=Fixed; PP=Anywhere; TA=M	20ppm	115	lesSDRF v0.1.0	NT=data-dependent acquisition;AC=PRIDE:0000627	v1.1.0	NT=ms-proteomics;VV=v1.1.0
OffgelNcl	Homo sapiens	cervix	116	HeLa	not applicable	Cancer	run116	proteomic profiling by mass spectrometry	Trypsin	20120724_EXQ4_AlCu_SA_InputOFFGel_Ncl_1201.raw	Nucleus	20ppm	Velos	SILAC light	NT=Carbamidomethyl; AC=4; MT=Fixed; PP=Anywhere; TA=C	NT=Oxidation; AC=35; MT=Variable; PP=Anywhere; TA=M	NT=Methyl; AC=34; MT=Variable; PP=Anywhere; TA=K,R	NT=Dimethyl; AC=36; MT=Variable; PP=Anywhere; TA=K,R	NT=Trimethyl; AC=37; MT=Variable; PP=Anywhere; TA=K		20ppm	116	lesSDRF v0.1.0	NT=data-dependent acquisition;AC=PRIDE:0000627	v1.1.0	NT=ms-proteomics;VV=v1.1.0
OffgelNcl	Homo sapiens	cervix	116	HeLa	not applicable	Cancer	run116	proteomic profiling by mass spectrometry	Trypsin	20120724_EXQ4_AlCu_SA_InputOFFGel_Ncl_1201.raw	Nucleus	20ppm	Velos	SILAC heavy	NT=Carbamidomethyl; AC=4; MT=Fixed; PP=Anywhere; TA=C	NT=Oxidation; AC=35; MT=Variable; PP=Anywhere; TA=M	NT=Methyl:2H(3)13C(1); AC=329; MT=Variable; PP=Anywhere; TA=K,R	NT=Dimethyl:2H(6)13C(2); AC=330; MT=Variable; PP=Anywhere; TA=K,R	NT=Trimethyl:13C(3)2H(9); AC=1414; MT=Variable; PP=Anywhere; TA=K	NT=Label:13C(4); AC=1266; MT=Fixed; PP=Anywhere; TA=M	20ppm	116	lesSDRF v0.1.0	NT=data-dependent acquisition;AC=PRIDE:0000627	v1.1.0	NT=ms-proteomics;VV=v1.1.0
OffgelNcl	Homo sapiens	cervix	117	HeLa	not applicable	Cancer	run117	proteomic profiling by mass spectrometry	Trypsin	20120724_EXQ4_AlCu_SA_InputOFFGel_Ncl_1301.raw	Nucleus	20ppm	Velos	SILAC light	NT=Carbamidomethyl; AC=4; MT=Fixed; PP=Anywhere; TA=C	NT=Oxidation; AC=35; MT=Variable; PP=Anywhere; TA=M	NT=Methyl; AC=34; MT=Variable; PP=Anywhere; TA=K,R	NT=Dimethyl; AC=36; MT=Variable; PP=Anywhere; TA=K,R	NT=Trimethyl; AC=37; MT=Variable; PP=Anywhere; TA=K		20ppm	117	lesSDRF v0.1.0	NT=data-dependent acquisition;AC=PRIDE:0000627	v1.1.0	NT=ms-proteomics;VV=v1.1.0
OffgelNcl	Homo sapiens	cervix	117	HeLa	not applicable	Cancer	run117	proteomic profiling by mass spectrometry	Trypsin	20120724_EXQ4_AlCu_SA_InputOFFGel_Ncl_1301.raw	Nucleus	20ppm	Velos	SILAC heavy	NT=Carbamidomethyl; AC=4; MT=Fixed; PP=Anywhere; TA=C	NT=Oxidation; AC=35; MT=Variable; PP=Anywhere; TA=M	NT=Methyl:2H(3)13C(1); AC=329; MT=Variable; PP=Anywhere; TA=K,R	NT=Dimethyl:2H(6)13C(2); AC=330; MT=Variable; PP=Anywhere; TA=K,R	NT=Trimethyl:13C(3)2H(9); AC=1414; MT=Variable; PP=Anywhere; TA=K	NT=Label:13C(4); AC=1266; MT=Fixed; PP=Anywhere; TA=M	20ppm	117	lesSDRF v0.1.0	NT=data-dependent acquisition;AC=PRIDE:0000627	v1.1.0	NT=ms-proteomics;VV=v1.1.0
OffgelNcl	Homo sapiens	cervix	118	HeLa	not applicable	Cancer	run118	proteomic profiling by mass spectrometry	Trypsin	20120724_EXQ4_AlCu_SA_InputOFFGel_Ncl_1401.raw	Nucleus	20ppm	Velos	SILAC light	NT=Carbamidomethyl; AC=4; MT=Fixed; PP=Anywhere; TA=C	NT=Oxidation; AC=35; MT=Variable; PP=Anywhere; TA=M	NT=Methyl; AC=34; MT=Variable; PP=Anywhere; TA=K,R	NT=Dimethyl; AC=36; MT=Variable; PP=Anywhere; TA=K,R	NT=Trimethyl; AC=37; MT=Variable; PP=Anywhere; TA=K		20ppm	118	lesSDRF v0.1.0	NT=data-dependent acquisition;AC=PRIDE:0000627	v1.1.0	NT=ms-proteomics;VV=v1.1.0
OffgelNcl	Homo sapiens	cervix	118	HeLa	not applicable	Cancer	run118	proteomic profiling by mass spectrometry	Trypsin	20120724_EXQ4_AlCu_SA_InputOFFGel_Ncl_1401.raw	Nucleus	20ppm	Velos	SILAC heavy	NT=Carbamidomethyl; AC=4; MT=Fixed; PP=Anywhere; TA=C	NT=Oxidation; AC=35; MT=Variable; PP=Anywhere; TA=M	NT=Methyl:2H(3)13C(1); AC=329; MT=Variable; PP=Anywhere; TA=K,R	NT=Dimethyl:2H(6)13C(2); AC=330; MT=Variable; PP=Anywhere; TA=K,R	NT=Trimethyl:13C(3)2H(9); AC=1414; MT=Variable; PP=Anywhere; TA=K	NT=Label:13C(4); AC=1266; MT=Fixed; PP=Anywhere; TA=M	20ppm	118	lesSDRF v0.1.0	NT=data-dependent acquisition;AC=PRIDE:0000627	v1.1.0	NT=ms-proteomics;VV=v1.1.0
OffgelNcl	Homo sapiens	cervix	119	HeLa	not applicable	Cancer	run119	proteomic profiling by mass spectrometry	Trypsin	20120724_EXQ4_AlCu_SA_InputOFFGel_Ncl_1501.raw	Nucleus	20ppm	Velos	SILAC light	NT=Carbamidomethyl; AC=4; MT=Fixed; PP=Anywhere; TA=C	NT=Oxidation; AC=35; MT=Variable; PP=Anywhere; TA=M	NT=Methyl; AC=34; MT=Variable; PP=Anywhere; TA=K,R	NT=Dimethyl; AC=36; MT=Variable; PP=Anywhere; TA=K,R	NT=Trimethyl; AC=37; MT=Variable; PP=Anywhere; TA=K		20ppm	119	lesSDRF v0.1.0	NT=data-dependent acquisition;AC=PRIDE:0000627	v1.1.0	NT=ms-proteomics;VV=v1.1.0
OffgelNcl	Homo sapiens	cervix	119	HeLa	not applicable	Cancer	run119	proteomic profiling by mass spectrometry	Trypsin	20120724_EXQ4_AlCu_SA_InputOFFGel_Ncl_1501.raw	Nucleus	20ppm	Velos	SILAC heavy	NT=Carbamidomethyl; AC=4; MT=Fixed; PP=Anywhere; TA=C	NT=Oxidation; AC=35; MT=Variable; PP=Anywhere; TA=M	NT=Methyl:2H(3)13C(1); AC=329; MT=Variable; PP=Anywhere; TA=K,R	NT=Dimethyl:2H(6)13C(2); AC=330; MT=Variable; PP=Anywhere; TA=K,R	NT=Trimethyl:13C(3)2H(9); AC=1414; MT=Variable; PP=Anywhere; TA=K	NT=Label:13C(4); AC=1266; MT=Fixed; PP=Anywhere; TA=M	20ppm	119	lesSDRF v0.1.0	NT=data-dependent acquisition;AC=PRIDE:0000627	v1.1.0	NT=ms-proteomics;VV=v1.1.0
OffgelNcl	Homo sapiens	cervix	120	HeLa	not applicable	Cancer	run120	proteomic profiling by mass spectrometry	Trypsin	20120724_EXQ4_AlCu_SA_InputOFFGel_Ncl_1601.raw	Nucleus	20ppm	Velos	SILAC light	NT=Carbamidomethyl; AC=4; MT=Fixed; PP=Anywhere; TA=C	NT=Oxidation; AC=35; MT=Variable; PP=Anywhere; TA=M	NT=Methyl; AC=34; MT=Variable; PP=Anywhere; TA=K,R	NT=Dimethyl; AC=36; MT=Variable; PP=Anywhere; TA=K,R	NT=Trimethyl; AC=37; MT=Variable; PP=Anywhere; TA=K		20ppm	120	lesSDRF v0.1.0	NT=data-dependent acquisition;AC=PRIDE:0000627	v1.1.0	NT=ms-proteomics;VV=v1.1.0
OffgelNcl	Homo sapiens	cervix	120	HeLa	not applicable	Cancer	run120	proteomic profiling by mass spectrometry	Trypsin	20120724_EXQ4_AlCu_SA_InputOFFGel_Ncl_1601.raw	Nucleus	20ppm	Velos	SILAC heavy	NT=Carbamidomethyl; AC=4; MT=Fixed; PP=Anywhere; TA=C	NT=Oxidation; AC=35; MT=Variable; PP=Anywhere; TA=M	NT=Methyl:2H(3)13C(1); AC=329; MT=Variable; PP=Anywhere; TA=K,R	NT=Dimethyl:2H(6)13C(2); AC=330; MT=Variable; PP=Anywhere; TA=K,R	NT=Trimethyl:13C(3)2H(9); AC=1414; MT=Variable; PP=Anywhere; TA=K	NT=Label:13C(4); AC=1266; MT=Fixed; PP=Anywhere; TA=M	20ppm	120	lesSDRF v0.1.0	NT=data-dependent acquisition;AC=PRIDE:0000627	v1.1.0	NT=ms-proteomics;VV=v1.1.0
OffgelNcl	Homo sapiens	cervix	121	HeLa	not applicable	Cancer	run121	proteomic profiling by mass spectrometry	Trypsin	20120724_EXQ4_AlCu_SA_InputOFFGel_Ncl_1701.raw	Nucleus	20ppm	Velos	SILAC light	NT=Carbamidomethyl; AC=4; MT=Fixed; PP=Anywhere; TA=C	NT=Oxidation; AC=35; MT=Variable; PP=Anywhere; TA=M	NT=Methyl; AC=34; MT=Variable; PP=Anywhere; TA=K,R	NT=Dimethyl; AC=36; MT=Variable; PP=Anywhere; TA=K,R	NT=Trimethyl; AC=37; MT=Variable; PP=Anywhere; TA=K		20ppm	121	lesSDRF v0.1.0	NT=data-dependent acquisition;AC=PRIDE:0000627	v1.1.0	NT=ms-proteomics;VV=v1.1.0
OffgelNcl	Homo sapiens	cervix	121	HeLa	not applicable	Cancer	run121	proteomic profiling by mass spectrometry	Trypsin	20120724_EXQ4_AlCu_SA_InputOFFGel_Ncl_1701.raw	Nucleus	20ppm	Velos	SILAC heavy	NT=Carbamidomethyl; AC=4; MT=Fixed; PP=Anywhere; TA=C	NT=Oxidation; AC=35; MT=Variable; PP=Anywhere; TA=M	NT=Methyl:2H(3)13C(1); AC=329; MT=Variable; PP=Anywhere; TA=K,R	NT=Dimethyl:2H(6)13C(2); AC=330; MT=Variable; PP=Anywhere; TA=K,R	NT=Trimethyl:13C(3)2H(9); AC=1414; MT=Variable; PP=Anywhere; TA=K	NT=Label:13C(4); AC=1266; MT=Fixed; PP=Anywhere; TA=M	20ppm	121	lesSDRF v0.1.0	NT=data-dependent acquisition;AC=PRIDE:0000627	v1.1.0	NT=ms-proteomics;VV=v1.1.0
OffgelNcl	Homo sapiens	cervix	122	HeLa	not applicable	Cancer	run122	proteomic profiling by mass spectrometry	Trypsin	20120724_EXQ4_AlCu_SA_InputOFFGel_Ncl_1801.raw	Nucleus	20ppm	Velos	SILAC light	NT=Carbamidomethyl; AC=4; MT=Fixed; PP=Anywhere; TA=C	NT=Oxidation; AC=35; MT=Variable; PP=Anywhere; TA=M	NT=Methyl; AC=34; MT=Variable; PP=Anywhere; TA=K,R	NT=Dimethyl; AC=36; MT=Variable; PP=Anywhere; TA=K,R	NT=Trimethyl; AC=37; MT=Variable; PP=Anywhere; TA=K		20ppm	122	lesSDRF v0.1.0	NT=data-dependent acquisition;AC=PRIDE:0000627	v1.1.0	NT=ms-proteomics;VV=v1.1.0
OffgelNcl	Homo sapiens	cervix	122	HeLa	not applicable	Cancer	run122	proteomic profiling by mass spectrometry	Trypsin	20120724_EXQ4_AlCu_SA_InputOFFGel_Ncl_1801.raw	Nucleus	20ppm	Velos	SILAC heavy	NT=Carbamidomethyl; AC=4; MT=Fixed; PP=Anywhere; TA=C	NT=Oxidation; AC=35; MT=Variable; PP=Anywhere; TA=M	NT=Methyl:2H(3)13C(1); AC=329; MT=Variable; PP=Anywhere; TA=K,R	NT=Dimethyl:2H(6)13C(2); AC=330; MT=Variable; PP=Anywhere; TA=K,R	NT=Trimethyl:13C(3)2H(9); AC=1414; MT=Variable; PP=Anywhere; TA=K	NT=Label:13C(4); AC=1266; MT=Fixed; PP=Anywhere; TA=M	20ppm	122	lesSDRF v0.1.0	NT=data-dependent acquisition;AC=PRIDE:0000627	v1.1.0	NT=ms-proteomics;VV=v1.1.0
OffgelNcl	Homo sapiens	cervix	123	HeLa	not applicable	Cancer	run123	proteomic profiling by mass spectrometry	Trypsin	20120724_EXQ4_AlCu_SA_InputOFFGel_Ncl_1901.raw	Nucleus	20ppm	Velos	SILAC light	NT=Carbamidomethyl; AC=4; MT=Fixed; PP=Anywhere; TA=C	NT=Oxidation; AC=35; MT=Variable; PP=Anywhere; TA=M	NT=Methyl; AC=34; MT=Variable; PP=Anywhere; TA=K,R	NT=Dimethyl; AC=36; MT=Variable; PP=Anywhere; TA=K,R	NT=Trimethyl; AC=37; MT=Variable; PP=Anywhere; TA=K		20ppm	123	lesSDRF v0.1.0	NT=data-dependent acquisition;AC=PRIDE:0000627	v1.1.0	NT=ms-proteomics;VV=v1.1.0
OffgelNcl	Homo sapiens	cervix	123	HeLa	not applicable	Cancer	run123	proteomic profiling by mass spectrometry	Trypsin	20120724_EXQ4_AlCu_SA_InputOFFGel_Ncl_1901.raw	Nucleus	20ppm	Velos	SILAC heavy	NT=Carbamidomethyl; AC=4; MT=Fixed; PP=Anywhere; TA=C	NT=Oxidation; AC=35; MT=Variable; PP=Anywhere; TA=M	NT=Methyl:2H(3)13C(1); AC=329; MT=Variable; PP=Anywhere; TA=K,R	NT=Dimethyl:2H(6)13C(2); AC=330; MT=Variable; PP=Anywhere; TA=K,R	NT=Trimethyl:13C(3)2H(9); AC=1414; MT=Variable; PP=Anywhere; TA=K	NT=Label:13C(4); AC=1266; MT=Fixed; PP=Anywhere; TA=M	20ppm	123	lesSDRF v0.1.0	NT=data-dependent acquisition;AC=PRIDE:0000627	v1.1.0	NT=ms-proteomics;VV=v1.1.0
OffgelNcl	Homo sapiens	cervix	124	HeLa	not applicable	Cancer	run124	proteomic profiling by mass spectrometry	Trypsin	20120724_EXQ4_AlCu_SA_InputOFFGel_Ncl_2001.raw	Nucleus	20ppm	Velos	SILAC light	NT=Carbamidomethyl; AC=4; MT=Fixed; PP=Anywhere; TA=C	NT=Oxidation; AC=35; MT=Variable; PP=Anywhere; TA=M	NT=Methyl; AC=34; MT=Variable; PP=Anywhere; TA=K,R	NT=Dimethyl; AC=36; MT=Variable; PP=Anywhere; TA=K,R	NT=Trimethyl; AC=37; MT=Variable; PP=Anywhere; TA=K		20ppm	124	lesSDRF v0.1.0	NT=data-dependent acquisition;AC=PRIDE:0000627	v1.1.0	NT=ms-proteomics;VV=v1.1.0
OffgelNcl	Homo sapiens	cervix	124	HeLa	not applicable	Cancer	run124	proteomic profiling by mass spectrometry	Trypsin	20120724_EXQ4_AlCu_SA_InputOFFGel_Ncl_2001.raw	Nucleus	20ppm	Velos	SILAC heavy	NT=Carbamidomethyl; AC=4; MT=Fixed; PP=Anywhere; TA=C	NT=Oxidation; AC=35; MT=Variable; PP=Anywhere; TA=M	NT=Methyl:2H(3)13C(1); AC=329; MT=Variable; PP=Anywhere; TA=K,R	NT=Dimethyl:2H(6)13C(2); AC=330; MT=Variable; PP=Anywhere; TA=K,R	NT=Trimethyl:13C(3)2H(9); AC=1414; MT=Variable; PP=Anywhere; TA=K	NT=Label:13C(4); AC=1266; MT=Fixed; PP=Anywhere; TA=M	20ppm	124	lesSDRF v0.1.0	NT=data-dependent acquisition;AC=PRIDE:0000627	v1.1.0	NT=ms-proteomics;VV=v1.1.0
OffgelNcl	Homo sapiens	cervix	125	HeLa	not applicable	Cancer	run125	proteomic profiling by mass spectrometry	Trypsin	20120728_EXQ3_AlCu_SA_OffGel_NclPellet_0101.raw	Nucleus	20ppm	Velos	SILAC light	NT=Carbamidomethyl; AC=4; MT=Fixed; PP=Anywhere; TA=C	NT=Oxidation; AC=35; MT=Variable; PP=Anywhere; TA=M	NT=Methyl; AC=34; MT=Variable; PP=Anywhere; TA=K,R	NT=Dimethyl; AC=36; MT=Variable; PP=Anywhere; TA=K,R	NT=Trimethyl; AC=37; MT=Variable; PP=Anywhere; TA=K		20ppm	125	lesSDRF v0.1.0	NT=data-dependent acquisition;AC=PRIDE:0000627	v1.1.0	NT=ms-proteomics;VV=v1.1.0
OffgelNcl	Homo sapiens	cervix	125	HeLa	not applicable	Cancer	run125	proteomic profiling by mass spectrometry	Trypsin	20120728_EXQ3_AlCu_SA_OffGel_NclPellet_0101.raw	Nucleus	20ppm	Velos	SILAC heavy	NT=Carbamidomethyl; AC=4; MT=Fixed; PP=Anywhere; TA=C	NT=Oxidation; AC=35; MT=Variable; PP=Anywhere; TA=M	NT=Methyl:2H(3)13C(1); AC=329; MT=Variable; PP=Anywhere; TA=K,R	NT=Dimethyl:2H(6)13C(2); AC=330; MT=Variable; PP=Anywhere; TA=K,R	NT=Trimethyl:13C(3)2H(9); AC=1414; MT=Variable; PP=Anywhere; TA=K	NT=Label:13C(4); AC=1266; MT=Fixed; PP=Anywhere; TA=M	20ppm	125	lesSDRF v0.1.0	NT=data-dependent acquisition;AC=PRIDE:0000627	v1.1.0	NT=ms-proteomics;VV=v1.1.0
OffgelNcl	Homo sapiens	cervix	126	HeLa	not applicable	Cancer	run126	proteomic profiling by mass spectrometry	Trypsin	20120728_EXQ3_AlCu_SA_OffGel_NclPellet_0201.raw	Nucleus	20ppm	Velos	SILAC light	NT=Carbamidomethyl; AC=4; MT=Fixed; PP=Anywhere; TA=C	NT=Oxidation; AC=35; MT=Variable; PP=Anywhere; TA=M	NT=Methyl; AC=34; MT=Variable; PP=Anywhere; TA=K,R	NT=Dimethyl; AC=36; MT=Variable; PP=Anywhere; TA=K,R	NT=Trimethyl; AC=37; MT=Variable; PP=Anywhere; TA=K		20ppm	126	lesSDRF v0.1.0	NT=data-dependent acquisition;AC=PRIDE:0000627	v1.1.0	NT=ms-proteomics;VV=v1.1.0
OffgelNcl	Homo sapiens	cervix	126	HeLa	not applicable	Cancer	run126	proteomic profiling by mass spectrometry	Trypsin	20120728_EXQ3_AlCu_SA_OffGel_NclPellet_0201.raw	Nucleus	20ppm	Velos	SILAC heavy	NT=Carbamidomethyl; AC=4; MT=Fixed; PP=Anywhere; TA=C	NT=Oxidation; AC=35; MT=Variable; PP=Anywhere; TA=M	NT=Methyl:2H(3)13C(1); AC=329; MT=Variable; PP=Anywhere; TA=K,R	NT=Dimethyl:2H(6)13C(2); AC=330; MT=Variable; PP=Anywhere; TA=K,R	NT=Trimethyl:13C(3)2H(9); AC=1414; MT=Variable; PP=Anywhere; TA=K	NT=Label:13C(4); AC=1266; MT=Fixed; PP=Anywhere; TA=M	20ppm	126	lesSDRF v0.1.0	NT=data-dependent acquisition;AC=PRIDE:0000627	v1.1.0	NT=ms-proteomics;VV=v1.1.0
OffgelNcl	Homo sapiens	cervix	127	HeLa	not applicable	Cancer	run127	proteomic profiling by mass spectrometry	Trypsin	20120728_EXQ3_AlCu_SA_OffGel_NclPellet_0301.raw	Nucleus	20ppm	Velos	SILAC light	NT=Carbamidomethyl; AC=4; MT=Fixed; PP=Anywhere; TA=C	NT=Oxidation; AC=35; MT=Variable; PP=Anywhere; TA=M	NT=Methyl; AC=34; MT=Variable; PP=Anywhere; TA=K,R	NT=Dimethyl; AC=36; MT=Variable; PP=Anywhere; TA=K,R	NT=Trimethyl; AC=37; MT=Variable; PP=Anywhere; TA=K		20ppm	127	lesSDRF v0.1.0	NT=data-dependent acquisition;AC=PRIDE:0000627	v1.1.0	NT=ms-proteomics;VV=v1.1.0
OffgelNcl	Homo sapiens	cervix	127	HeLa	not applicable	Cancer	run127	proteomic profiling by mass spectrometry	Trypsin	20120728_EXQ3_AlCu_SA_OffGel_NclPellet_0301.raw	Nucleus	20ppm	Velos	SILAC heavy	NT=Carbamidomethyl; AC=4; MT=Fixed; PP=Anywhere; TA=C	NT=Oxidation; AC=35; MT=Variable; PP=Anywhere; TA=M	NT=Methyl:2H(3)13C(1); AC=329; MT=Variable; PP=Anywhere; TA=K,R	NT=Dimethyl:2H(6)13C(2); AC=330; MT=Variable; PP=Anywhere; TA=K,R	NT=Trimethyl:13C(3)2H(9); AC=1414; MT=Variable; PP=Anywhere; TA=K	NT=Label:13C(4); AC=1266; MT=Fixed; PP=Anywhere; TA=M	20ppm	127	lesSDRF v0.1.0	NT=data-dependent acquisition;AC=PRIDE:0000627	v1.1.0	NT=ms-proteomics;VV=v1.1.0
OffgelNcl	Homo sapiens	cervix	128	HeLa	not applicable	Cancer	run128	proteomic profiling by mass spectrometry	Trypsin	20120728_EXQ3_AlCu_SA_OffGel_NclPellet_0401.raw	Nucleus	20ppm	Velos	SILAC light	NT=Carbamidomethyl; AC=4; MT=Fixed; PP=Anywhere; TA=C	NT=Oxidation; AC=35; MT=Variable; PP=Anywhere; TA=M	NT=Methyl; AC=34; MT=Variable; PP=Anywhere; TA=K,R	NT=Dimethyl; AC=36; MT=Variable; PP=Anywhere; TA=K,R	NT=Trimethyl; AC=37; MT=Variable; PP=Anywhere; TA=K		20ppm	128	lesSDRF v0.1.0	NT=data-dependent acquisition;AC=PRIDE:0000627	v1.1.0	NT=ms-proteomics;VV=v1.1.0
OffgelNcl	Homo sapiens	cervix	128	HeLa	not applicable	Cancer	run128	proteomic profiling by mass spectrometry	Trypsin	20120728_EXQ3_AlCu_SA_OffGel_NclPellet_0401.raw	Nucleus	20ppm	Velos	SILAC heavy	NT=Carbamidomethyl; AC=4; MT=Fixed; PP=Anywhere; TA=C	NT=Oxidation; AC=35; MT=Variable; PP=Anywhere; TA=M	NT=Methyl:2H(3)13C(1); AC=329; MT=Variable; PP=Anywhere; TA=K,R	NT=Dimethyl:2H(6)13C(2); AC=330; MT=Variable; PP=Anywhere; TA=K,R	NT=Trimethyl:13C(3)2H(9); AC=1414; MT=Variable; PP=Anywhere; TA=K	NT=Label:13C(4); AC=1266; MT=Fixed; PP=Anywhere; TA=M	20ppm	128	lesSDRF v0.1.0	NT=data-dependent acquisition;AC=PRIDE:0000627	v1.1.0	NT=ms-proteomics;VV=v1.1.0
OffgelNcl	Homo sapiens	cervix	129	HeLa	not applicable	Cancer	run129	proteomic profiling by mass spectrometry	Trypsin	20120728_EXQ3_AlCu_SA_OffGel_NclPellet_0501.raw	Nucleus	20ppm	Velos	SILAC light	NT=Carbamidomethyl; AC=4; MT=Fixed; PP=Anywhere; TA=C	NT=Oxidation; AC=35; MT=Variable; PP=Anywhere; TA=M	NT=Methyl; AC=34; MT=Variable; PP=Anywhere; TA=K,R	NT=Dimethyl; AC=36; MT=Variable; PP=Anywhere; TA=K,R	NT=Trimethyl; AC=37; MT=Variable; PP=Anywhere; TA=K		20ppm	129	lesSDRF v0.1.0	NT=data-dependent acquisition;AC=PRIDE:0000627	v1.1.0	NT=ms-proteomics;VV=v1.1.0
OffgelNcl	Homo sapiens	cervix	129	HeLa	not applicable	Cancer	run129	proteomic profiling by mass spectrometry	Trypsin	20120728_EXQ3_AlCu_SA_OffGel_NclPellet_0501.raw	Nucleus	20ppm	Velos	SILAC heavy	NT=Carbamidomethyl; AC=4; MT=Fixed; PP=Anywhere; TA=C	NT=Oxidation; AC=35; MT=Variable; PP=Anywhere; TA=M	NT=Methyl:2H(3)13C(1); AC=329; MT=Variable; PP=Anywhere; TA=K,R	NT=Dimethyl:2H(6)13C(2); AC=330; MT=Variable; PP=Anywhere; TA=K,R	NT=Trimethyl:13C(3)2H(9); AC=1414; MT=Variable; PP=Anywhere; TA=K	NT=Label:13C(4); AC=1266; MT=Fixed; PP=Anywhere; TA=M	20ppm	129	lesSDRF v0.1.0	NT=data-dependent acquisition;AC=PRIDE:0000627	v1.1.0	NT=ms-proteomics;VV=v1.1.0
OffgelNcl	Homo sapiens	cervix	130	HeLa	not applicable	Cancer	run130	proteomic profiling by mass spectrometry	Trypsin	20120728_EXQ3_AlCu_SA_OffGel_NclPellet_0601.raw	Nucleus	20ppm	Velos	SILAC light	NT=Carbamidomethyl; AC=4; MT=Fixed; PP=Anywhere; TA=C	NT=Oxidation; AC=35; MT=Variable; PP=Anywhere; TA=M	NT=Methyl; AC=34; MT=Variable; PP=Anywhere; TA=K,R	NT=Dimethyl; AC=36; MT=Variable; PP=Anywhere; TA=K,R	NT=Trimethyl; AC=37; MT=Variable; PP=Anywhere; TA=K		20ppm	130	lesSDRF v0.1.0	NT=data-dependent acquisition;AC=PRIDE:0000627	v1.1.0	NT=ms-proteomics;VV=v1.1.0
OffgelNcl	Homo sapiens	cervix	130	HeLa	not applicable	Cancer	run130	proteomic profiling by mass spectrometry	Trypsin	20120728_EXQ3_AlCu_SA_OffGel_NclPellet_0601.raw	Nucleus	20ppm	Velos	SILAC heavy	NT=Carbamidomethyl; AC=4; MT=Fixed; PP=Anywhere; TA=C	NT=Oxidation; AC=35; MT=Variable; PP=Anywhere; TA=M	NT=Methyl:2H(3)13C(1); AC=329; MT=Variable; PP=Anywhere; TA=K,R	NT=Dimethyl:2H(6)13C(2); AC=330; MT=Variable; PP=Anywhere; TA=K,R	NT=Trimethyl:13C(3)2H(9); AC=1414; MT=Variable; PP=Anywhere; TA=K	NT=Label:13C(4); AC=1266; MT=Fixed; PP=Anywhere; TA=M	20ppm	130	lesSDRF v0.1.0	NT=data-dependent acquisition;AC=PRIDE:0000627	v1.1.0	NT=ms-proteomics;VV=v1.1.0
OffgelNcl	Homo sapiens	cervix	131	HeLa	not applicable	Cancer	run131	proteomic profiling by mass spectrometry	Trypsin	20120728_EXQ3_AlCu_SA_OffGel_NclPellet_0701.raw	Nucleus	20ppm	Velos	SILAC light	NT=Carbamidomethyl; AC=4; MT=Fixed; PP=Anywhere; TA=C	NT=Oxidation; AC=35; MT=Variable; PP=Anywhere; TA=M	NT=Methyl; AC=34; MT=Variable; PP=Anywhere; TA=K,R	NT=Dimethyl; AC=36; MT=Variable; PP=Anywhere; TA=K,R	NT=Trimethyl; AC=37; MT=Variable; PP=Anywhere; TA=K		20ppm	131	lesSDRF v0.1.0	NT=data-dependent acquisition;AC=PRIDE:0000627	v1.1.0	NT=ms-proteomics;VV=v1.1.0
OffgelNcl	Homo sapiens	cervix	131	HeLa	not applicable	Cancer	run131	proteomic profiling by mass spectrometry	Trypsin	20120728_EXQ3_AlCu_SA_OffGel_NclPellet_0701.raw	Nucleus	20ppm	Velos	SILAC heavy	NT=Carbamidomethyl; AC=4; MT=Fixed; PP=Anywhere; TA=C	NT=Oxidation; AC=35; MT=Variable; PP=Anywhere; TA=M	NT=Methyl:2H(3)13C(1); AC=329; MT=Variable; PP=Anywhere; TA=K,R	NT=Dimethyl:2H(6)13C(2); AC=330; MT=Variable; PP=Anywhere; TA=K,R	NT=Trimethyl:13C(3)2H(9); AC=1414; MT=Variable; PP=Anywhere; TA=K	NT=Label:13C(4); AC=1266; MT=Fixed; PP=Anywhere; TA=M	20ppm	131	lesSDRF v0.1.0	NT=data-dependent acquisition;AC=PRIDE:0000627	v1.1.0	NT=ms-proteomics;VV=v1.1.0
OffgelNcl	Homo sapiens	cervix	132	HeLa	not applicable	Cancer	run132	proteomic profiling by mass spectrometry	Trypsin	20120728_EXQ3_AlCu_SA_OffGel_NclPellet_0801.raw	Nucleus	20ppm	Velos	SILAC light	NT=Carbamidomethyl; AC=4; MT=Fixed; PP=Anywhere; TA=C	NT=Oxidation; AC=35; MT=Variable; PP=Anywhere; TA=M	NT=Methyl; AC=34; MT=Variable; PP=Anywhere; TA=K,R	NT=Dimethyl; AC=36; MT=Variable; PP=Anywhere; TA=K,R	NT=Trimethyl; AC=37; MT=Variable; PP=Anywhere; TA=K		20ppm	132	lesSDRF v0.1.0	NT=data-dependent acquisition;AC=PRIDE:0000627	v1.1.0	NT=ms-proteomics;VV=v1.1.0
OffgelNcl	Homo sapiens	cervix	132	HeLa	not applicable	Cancer	run132	proteomic profiling by mass spectrometry	Trypsin	20120728_EXQ3_AlCu_SA_OffGel_NclPellet_0801.raw	Nucleus	20ppm	Velos	SILAC heavy	NT=Carbamidomethyl; AC=4; MT=Fixed; PP=Anywhere; TA=C	NT=Oxidation; AC=35; MT=Variable; PP=Anywhere; TA=M	NT=Methyl:2H(3)13C(1); AC=329; MT=Variable; PP=Anywhere; TA=K,R	NT=Dimethyl:2H(6)13C(2); AC=330; MT=Variable; PP=Anywhere; TA=K,R	NT=Trimethyl:13C(3)2H(9); AC=1414; MT=Variable; PP=Anywhere; TA=K	NT=Label:13C(4); AC=1266; MT=Fixed; PP=Anywhere; TA=M	20ppm	132	lesSDRF v0.1.0	NT=data-dependent acquisition;AC=PRIDE:0000627	v1.1.0	NT=ms-proteomics;VV=v1.1.0
OffgelNcl	Homo sapiens	cervix	133	HeLa	not applicable	Cancer	run133	proteomic profiling by mass spectrometry	Trypsin	20120728_EXQ3_AlCu_SA_OffGel_NclPellet_0901.raw	Nucleus	20ppm	Velos	SILAC light	NT=Carbamidomethyl; AC=4; MT=Fixed; PP=Anywhere; TA=C	NT=Oxidation; AC=35; MT=Variable; PP=Anywhere; TA=M	NT=Methyl; AC=34; MT=Variable; PP=Anywhere; TA=K,R	NT=Dimethyl; AC=36; MT=Variable; PP=Anywhere; TA=K,R	NT=Trimethyl; AC=37; MT=Variable; PP=Anywhere; TA=K		20ppm	133	lesSDRF v0.1.0	NT=data-dependent acquisition;AC=PRIDE:0000627	v1.1.0	NT=ms-proteomics;VV=v1.1.0
OffgelNcl	Homo sapiens	cervix	133	HeLa	not applicable	Cancer	run133	proteomic profiling by mass spectrometry	Trypsin	20120728_EXQ3_AlCu_SA_OffGel_NclPellet_0901.raw	Nucleus	20ppm	Velos	SILAC heavy	NT=Carbamidomethyl; AC=4; MT=Fixed; PP=Anywhere; TA=C	NT=Oxidation; AC=35; MT=Variable; PP=Anywhere; TA=M	NT=Methyl:2H(3)13C(1); AC=329; MT=Variable; PP=Anywhere; TA=K,R	NT=Dimethyl:2H(6)13C(2); AC=330; MT=Variable; PP=Anywhere; TA=K,R	NT=Trimethyl:13C(3)2H(9); AC=1414; MT=Variable; PP=Anywhere; TA=K	NT=Label:13C(4); AC=1266; MT=Fixed; PP=Anywhere; TA=M	20ppm	133	lesSDRF v0.1.0	NT=data-dependent acquisition;AC=PRIDE:0000627	v1.1.0	NT=ms-proteomics;VV=v1.1.0
OffgelNcl	Homo sapiens	cervix	134	HeLa	not applicable	Cancer	run134	proteomic profiling by mass spectrometry	Trypsin	20120728_EXQ3_AlCu_SA_OffGel_NclPellet_1001.raw	Nucleus	20ppm	Velos	SILAC light	NT=Carbamidomethyl; AC=4; MT=Fixed; PP=Anywhere; TA=C	NT=Oxidation; AC=35; MT=Variable; PP=Anywhere; TA=M	NT=Methyl; AC=34; MT=Variable; PP=Anywhere; TA=K,R	NT=Dimethyl; AC=36; MT=Variable; PP=Anywhere; TA=K,R	NT=Trimethyl; AC=37; MT=Variable; PP=Anywhere; TA=K		20ppm	134	lesSDRF v0.1.0	NT=data-dependent acquisition;AC=PRIDE:0000627	v1.1.0	NT=ms-proteomics;VV=v1.1.0
OffgelNcl	Homo sapiens	cervix	134	HeLa	not applicable	Cancer	run134	proteomic profiling by mass spectrometry	Trypsin	20120728_EXQ3_AlCu_SA_OffGel_NclPellet_1001.raw	Nucleus	20ppm	Velos	SILAC heavy	NT=Carbamidomethyl; AC=4; MT=Fixed; PP=Anywhere; TA=C	NT=Oxidation; AC=35; MT=Variable; PP=Anywhere; TA=M	NT=Methyl:2H(3)13C(1); AC=329; MT=Variable; PP=Anywhere; TA=K,R	NT=Dimethyl:2H(6)13C(2); AC=330; MT=Variable; PP=Anywhere; TA=K,R	NT=Trimethyl:13C(3)2H(9); AC=1414; MT=Variable; PP=Anywhere; TA=K	NT=Label:13C(4); AC=1266; MT=Fixed; PP=Anywhere; TA=M	20ppm	134	lesSDRF v0.1.0	NT=data-dependent acquisition;AC=PRIDE:0000627	v1.1.0	NT=ms-proteomics;VV=v1.1.0
OffgelNcl	Homo sapiens	cervix	135	HeLa	not applicable	Cancer	run135	proteomic profiling by mass spectrometry	Trypsin	20120728_EXQ3_AlCu_SA_OffGel_NclPellet_1101.raw	Nucleus	20ppm	Velos	SILAC light	NT=Carbamidomethyl; AC=4; MT=Fixed; PP=Anywhere; TA=C	NT=Oxidation; AC=35; MT=Variable; PP=Anywhere; TA=M	NT=Methyl; AC=34; MT=Variable; PP=Anywhere; TA=K,R	NT=Dimethyl; AC=36; MT=Variable; PP=Anywhere; TA=K,R	NT=Trimethyl; AC=37; MT=Variable; PP=Anywhere; TA=K		20ppm	135	lesSDRF v0.1.0	NT=data-dependent acquisition;AC=PRIDE:0000627	v1.1.0	NT=ms-proteomics;VV=v1.1.0
OffgelNcl	Homo sapiens	cervix	135	HeLa	not applicable	Cancer	run135	proteomic profiling by mass spectrometry	Trypsin	20120728_EXQ3_AlCu_SA_OffGel_NclPellet_1101.raw	Nucleus	20ppm	Velos	SILAC heavy	NT=Carbamidomethyl; AC=4; MT=Fixed; PP=Anywhere; TA=C	NT=Oxidation; AC=35; MT=Variable; PP=Anywhere; TA=M	NT=Methyl:2H(3)13C(1); AC=329; MT=Variable; PP=Anywhere; TA=K,R	NT=Dimethyl:2H(6)13C(2); AC=330; MT=Variable; PP=Anywhere; TA=K,R	NT=Trimethyl:13C(3)2H(9); AC=1414; MT=Variable; PP=Anywhere; TA=K	NT=Label:13C(4); AC=1266; MT=Fixed; PP=Anywhere; TA=M	20ppm	135	lesSDRF v0.1.0	NT=data-dependent acquisition;AC=PRIDE:0000627	v1.1.0	NT=ms-proteomics;VV=v1.1.0
OffgelNcl	Homo sapiens	cervix	136	HeLa	not applicable	Cancer	run136	proteomic profiling by mass spectrometry	Trypsin	20120728_EXQ3_AlCu_SA_OffGel_NclPellet_1201.raw	Nucleus	20ppm	Velos	SILAC light	NT=Carbamidomethyl; AC=4; MT=Fixed; PP=Anywhere; TA=C	NT=Oxidation; AC=35; MT=Variable; PP=Anywhere; TA=M	NT=Methyl; AC=34; MT=Variable; PP=Anywhere; TA=K,R	NT=Dimethyl; AC=36; MT=Variable; PP=Anywhere; TA=K,R	NT=Trimethyl; AC=37; MT=Variable; PP=Anywhere; TA=K		20ppm	136	lesSDRF v0.1.0	NT=data-dependent acquisition;AC=PRIDE:0000627	v1.1.0	NT=ms-proteomics;VV=v1.1.0
OffgelNcl	Homo sapiens	cervix	136	HeLa	not applicable	Cancer	run136	proteomic profiling by mass spectrometry	Trypsin	20120728_EXQ3_AlCu_SA_OffGel_NclPellet_1201.raw	Nucleus	20ppm	Velos	SILAC heavy	NT=Carbamidomethyl; AC=4; MT=Fixed; PP=Anywhere; TA=C	NT=Oxidation; AC=35; MT=Variable; PP=Anywhere; TA=M	NT=Methyl:2H(3)13C(1); AC=329; MT=Variable; PP=Anywhere; TA=K,R	NT=Dimethyl:2H(6)13C(2); AC=330; MT=Variable; PP=Anywhere; TA=K,R	NT=Trimethyl:13C(3)2H(9); AC=1414; MT=Variable; PP=Anywhere; TA=K	NT=Label:13C(4); AC=1266; MT=Fixed; PP=Anywhere; TA=M	20ppm	136	lesSDRF v0.1.0	NT=data-dependent acquisition;AC=PRIDE:0000627	v1.1.0	NT=ms-proteomics;VV=v1.1.0
OffgelNcl	Homo sapiens	cervix	137	HeLa	not applicable	Cancer	run137	proteomic profiling by mass spectrometry	Trypsin	20120728_EXQ3_AlCu_SA_OffGel_NclPellet_1301.raw	Nucleus	20ppm	Velos	SILAC light	NT=Carbamidomethyl; AC=4; MT=Fixed; PP=Anywhere; TA=C	NT=Oxidation; AC=35; MT=Variable; PP=Anywhere; TA=M	NT=Methyl; AC=34; MT=Variable; PP=Anywhere; TA=K,R	NT=Dimethyl; AC=36; MT=Variable; PP=Anywhere; TA=K,R	NT=Trimethyl; AC=37; MT=Variable; PP=Anywhere; TA=K		20ppm	137	lesSDRF v0.1.0	NT=data-dependent acquisition;AC=PRIDE:0000627	v1.1.0	NT=ms-proteomics;VV=v1.1.0
OffgelNcl	Homo sapiens	cervix	137	HeLa	not applicable	Cancer	run137	proteomic profiling by mass spectrometry	Trypsin	20120728_EXQ3_AlCu_SA_OffGel_NclPellet_1301.raw	Nucleus	20ppm	Velos	SILAC heavy	NT=Carbamidomethyl; AC=4; MT=Fixed; PP=Anywhere; TA=C	NT=Oxidation; AC=35; MT=Variable; PP=Anywhere; TA=M	NT=Methyl:2H(3)13C(1); AC=329; MT=Variable; PP=Anywhere; TA=K,R	NT=Dimethyl:2H(6)13C(2); AC=330; MT=Variable; PP=Anywhere; TA=K,R	NT=Trimethyl:13C(3)2H(9); AC=1414; MT=Variable; PP=Anywhere; TA=K	NT=Label:13C(4); AC=1266; MT=Fixed; PP=Anywhere; TA=M	20ppm	137	lesSDRF v0.1.0	NT=data-dependent acquisition;AC=PRIDE:0000627	v1.1.0	NT=ms-proteomics;VV=v1.1.0
OffgelNcl	Homo sapiens	cervix	138	HeLa	not applicable	Cancer	run138	proteomic profiling by mass spectrometry	Trypsin	20120728_EXQ3_AlCu_SA_OffGel_NclPellet_1401.raw	Nucleus	20ppm	Velos	SILAC light	NT=Carbamidomethyl; AC=4; MT=Fixed; PP=Anywhere; TA=C	NT=Oxidation; AC=35; MT=Variable; PP=Anywhere; TA=M	NT=Methyl; AC=34; MT=Variable; PP=Anywhere; TA=K,R	NT=Dimethyl; AC=36; MT=Variable; PP=Anywhere; TA=K,R	NT=Trimethyl; AC=37; MT=Variable; PP=Anywhere; TA=K		20ppm	138	lesSDRF v0.1.0	NT=data-dependent acquisition;AC=PRIDE:0000627	v1.1.0	NT=ms-proteomics;VV=v1.1.0
OffgelNcl	Homo sapiens	cervix	138	HeLa	not applicable	Cancer	run138	proteomic profiling by mass spectrometry	Trypsin	20120728_EXQ3_AlCu_SA_OffGel_NclPellet_1401.raw	Nucleus	20ppm	Velos	SILAC heavy	NT=Carbamidomethyl; AC=4; MT=Fixed; PP=Anywhere; TA=C	NT=Oxidation; AC=35; MT=Variable; PP=Anywhere; TA=M	NT=Methyl:2H(3)13C(1); AC=329; MT=Variable; PP=Anywhere; TA=K,R	NT=Dimethyl:2H(6)13C(2); AC=330; MT=Variable; PP=Anywhere; TA=K,R	NT=Trimethyl:13C(3)2H(9); AC=1414; MT=Variable; PP=Anywhere; TA=K	NT=Label:13C(4); AC=1266; MT=Fixed; PP=Anywhere; TA=M	20ppm	138	lesSDRF v0.1.0	NT=data-dependent acquisition;AC=PRIDE:0000627	v1.1.0	NT=ms-proteomics;VV=v1.1.0
OffgelNcl	Homo sapiens	cervix	139	HeLa	not applicable	Cancer	run139	proteomic profiling by mass spectrometry	Trypsin	20120730_EXQ3_AlCu_SA_OffGel_NclPellet_1501.raw	Nucleus	20ppm	Velos	SILAC light	NT=Carbamidomethyl; AC=4; MT=Fixed; PP=Anywhere; TA=C	NT=Oxidation; AC=35; MT=Variable; PP=Anywhere; TA=M	NT=Methyl; AC=34; MT=Variable; PP=Anywhere; TA=K,R	NT=Dimethyl; AC=36; MT=Variable; PP=Anywhere; TA=K,R	NT=Trimethyl; AC=37; MT=Variable; PP=Anywhere; TA=K		20ppm	139	lesSDRF v0.1.0	NT=data-dependent acquisition;AC=PRIDE:0000627	v1.1.0	NT=ms-proteomics;VV=v1.1.0
OffgelNcl	Homo sapiens	cervix	139	HeLa	not applicable	Cancer	run139	proteomic profiling by mass spectrometry	Trypsin	20120730_EXQ3_AlCu_SA_OffGel_NclPellet_1501.raw	Nucleus	20ppm	Velos	SILAC heavy	NT=Carbamidomethyl; AC=4; MT=Fixed; PP=Anywhere; TA=C	NT=Oxidation; AC=35; MT=Variable; PP=Anywhere; TA=M	NT=Methyl:2H(3)13C(1); AC=329; MT=Variable; PP=Anywhere; TA=K,R	NT=Dimethyl:2H(6)13C(2); AC=330; MT=Variable; PP=Anywhere; TA=K,R	NT=Trimethyl:13C(3)2H(9); AC=1414; MT=Variable; PP=Anywhere; TA=K	NT=Label:13C(4); AC=1266; MT=Fixed; PP=Anywhere; TA=M	20ppm	139	lesSDRF v0.1.0	NT=data-dependent acquisition;AC=PRIDE:0000627	v1.1.0	NT=ms-proteomics;VV=v1.1.0
OffgelNcl	Homo sapiens	cervix	140	HeLa	not applicable	Cancer	run140	proteomic profiling by mass spectrometry	Trypsin	20120730_EXQ3_AlCu_SA_OffGel_NclPellet_1601.raw	Nucleus	20ppm	Velos	SILAC light	NT=Carbamidomethyl; AC=4; MT=Fixed; PP=Anywhere; TA=C	NT=Oxidation; AC=35; MT=Variable; PP=Anywhere; TA=M	NT=Methyl; AC=34; MT=Variable; PP=Anywhere; TA=K,R	NT=Dimethyl; AC=36; MT=Variable; PP=Anywhere; TA=K,R	NT=Trimethyl; AC=37; MT=Variable; PP=Anywhere; TA=K		20ppm	140	lesSDRF v0.1.0	NT=data-dependent acquisition;AC=PRIDE:0000627	v1.1.0	NT=ms-proteomics;VV=v1.1.0
OffgelNcl	Homo sapiens	cervix	140	HeLa	not applicable	Cancer	run140	proteomic profiling by mass spectrometry	Trypsin	20120730_EXQ3_AlCu_SA_OffGel_NclPellet_1601.raw	Nucleus	20ppm	Velos	SILAC heavy	NT=Carbamidomethyl; AC=4; MT=Fixed; PP=Anywhere; TA=C	NT=Oxidation; AC=35; MT=Variable; PP=Anywhere; TA=M	NT=Methyl:2H(3)13C(1); AC=329; MT=Variable; PP=Anywhere; TA=K,R	NT=Dimethyl:2H(6)13C(2); AC=330; MT=Variable; PP=Anywhere; TA=K,R	NT=Trimethyl:13C(3)2H(9); AC=1414; MT=Variable; PP=Anywhere; TA=K	NT=Label:13C(4); AC=1266; MT=Fixed; PP=Anywhere; TA=M	20ppm	140	lesSDRF v0.1.0	NT=data-dependent acquisition;AC=PRIDE:0000627	v1.1.0	NT=ms-proteomics;VV=v1.1.0
OffgelNcl	Homo sapiens	cervix	141	HeLa	not applicable	Cancer	run141	proteomic profiling by mass spectrometry	Trypsin	20120730_EXQ3_AlCu_SA_OffGel_NclPellet_1701.raw	Nucleus	20ppm	Velos	SILAC light	NT=Carbamidomethyl; AC=4; MT=Fixed; PP=Anywhere; TA=C	NT=Oxidation; AC=35; MT=Variable; PP=Anywhere; TA=M	NT=Methyl; AC=34; MT=Variable; PP=Anywhere; TA=K,R	NT=Dimethyl; AC=36; MT=Variable; PP=Anywhere; TA=K,R	NT=Trimethyl; AC=37; MT=Variable; PP=Anywhere; TA=K		20ppm	141	lesSDRF v0.1.0	NT=data-dependent acquisition;AC=PRIDE:0000627	v1.1.0	NT=ms-proteomics;VV=v1.1.0
OffgelNcl	Homo sapiens	cervix	141	HeLa	not applicable	Cancer	run141	proteomic profiling by mass spectrometry	Trypsin	20120730_EXQ3_AlCu_SA_OffGel_NclPellet_1701.raw	Nucleus	20ppm	Velos	SILAC heavy	NT=Carbamidomethyl; AC=4; MT=Fixed; PP=Anywhere; TA=C	NT=Oxidation; AC=35; MT=Variable; PP=Anywhere; TA=M	NT=Methyl:2H(3)13C(1); AC=329; MT=Variable; PP=Anywhere; TA=K,R	NT=Dimethyl:2H(6)13C(2); AC=330; MT=Variable; PP=Anywhere; TA=K,R	NT=Trimethyl:13C(3)2H(9); AC=1414; MT=Variable; PP=Anywhere; TA=K	NT=Label:13C(4); AC=1266; MT=Fixed; PP=Anywhere; TA=M	20ppm	141	lesSDRF v0.1.0	NT=data-dependent acquisition;AC=PRIDE:0000627	v1.1.0	NT=ms-proteomics;VV=v1.1.0
OffgelNcl	Homo sapiens	cervix	142	HeLa	not applicable	Cancer	run142	proteomic profiling by mass spectrometry	Trypsin	20120730_EXQ3_AlCu_SA_OffGel_NclPellet_1801.raw	Nucleus	20ppm	Velos	SILAC light	NT=Carbamidomethyl; AC=4; MT=Fixed; PP=Anywhere; TA=C	NT=Oxidation; AC=35; MT=Variable; PP=Anywhere; TA=M	NT=Methyl; AC=34; MT=Variable; PP=Anywhere; TA=K,R	NT=Dimethyl; AC=36; MT=Variable; PP=Anywhere; TA=K,R	NT=Trimethyl; AC=37; MT=Variable; PP=Anywhere; TA=K		20ppm	142	lesSDRF v0.1.0	NT=data-dependent acquisition;AC=PRIDE:0000627	v1.1.0	NT=ms-proteomics;VV=v1.1.0
OffgelNcl	Homo sapiens	cervix	142	HeLa	not applicable	Cancer	run142	proteomic profiling by mass spectrometry	Trypsin	20120730_EXQ3_AlCu_SA_OffGel_NclPellet_1801.raw	Nucleus	20ppm	Velos	SILAC heavy	NT=Carbamidomethyl; AC=4; MT=Fixed; PP=Anywhere; TA=C	NT=Oxidation; AC=35; MT=Variable; PP=Anywhere; TA=M	NT=Methyl:2H(3)13C(1); AC=329; MT=Variable; PP=Anywhere; TA=K,R	NT=Dimethyl:2H(6)13C(2); AC=330; MT=Variable; PP=Anywhere; TA=K,R	NT=Trimethyl:13C(3)2H(9); AC=1414; MT=Variable; PP=Anywhere; TA=K	NT=Label:13C(4); AC=1266; MT=Fixed; PP=Anywhere; TA=M	20ppm	142	lesSDRF v0.1.0	NT=data-dependent acquisition;AC=PRIDE:0000627	v1.1.0	NT=ms-proteomics;VV=v1.1.0
OffgelNcl	Homo sapiens	cervix	143	HeLa	not applicable	Cancer	run143	proteomic profiling by mass spectrometry	Trypsin	20120730_EXQ3_AlCu_SA_OffGel_NclPellet_1901.raw	Nucleus	20ppm	Velos	SILAC light	NT=Carbamidomethyl; AC=4; MT=Fixed; PP=Anywhere; TA=C	NT=Oxidation; AC=35; MT=Variable; PP=Anywhere; TA=M	NT=Methyl; AC=34; MT=Variable; PP=Anywhere; TA=K,R	NT=Dimethyl; AC=36; MT=Variable; PP=Anywhere; TA=K,R	NT=Trimethyl; AC=37; MT=Variable; PP=Anywhere; TA=K		20ppm	143	lesSDRF v0.1.0	NT=data-dependent acquisition;AC=PRIDE:0000627	v1.1.0	NT=ms-proteomics;VV=v1.1.0
OffgelNcl	Homo sapiens	cervix	143	HeLa	not applicable	Cancer	run143	proteomic profiling by mass spectrometry	Trypsin	20120730_EXQ3_AlCu_SA_OffGel_NclPellet_1901.raw	Nucleus	20ppm	Velos	SILAC heavy	NT=Carbamidomethyl; AC=4; MT=Fixed; PP=Anywhere; TA=C	NT=Oxidation; AC=35; MT=Variable; PP=Anywhere; TA=M	NT=Methyl:2H(3)13C(1); AC=329; MT=Variable; PP=Anywhere; TA=K,R	NT=Dimethyl:2H(6)13C(2); AC=330; MT=Variable; PP=Anywhere; TA=K,R	NT=Trimethyl:13C(3)2H(9); AC=1414; MT=Variable; PP=Anywhere; TA=K	NT=Label:13C(4); AC=1266; MT=Fixed; PP=Anywhere; TA=M	20ppm	143	lesSDRF v0.1.0	NT=data-dependent acquisition;AC=PRIDE:0000627	v1.1.0	NT=ms-proteomics;VV=v1.1.0
OffgelNcl	Homo sapiens	cervix	144	HeLa	not applicable	Cancer	run144	proteomic profiling by mass spectrometry	Trypsin	20120730_EXQ3_AlCu_SA_OffGel_NclPellet_2001.raw	Nucleus	20ppm	Velos	SILAC light	NT=Carbamidomethyl; AC=4; MT=Fixed; PP=Anywhere; TA=C	NT=Oxidation; AC=35; MT=Variable; PP=Anywhere; TA=M	NT=Methyl; AC=34; MT=Variable; PP=Anywhere; TA=K,R	NT=Dimethyl; AC=36; MT=Variable; PP=Anywhere; TA=K,R	NT=Trimethyl; AC=37; MT=Variable; PP=Anywhere; TA=K		20ppm	144	lesSDRF v0.1.0	NT=data-dependent acquisition;AC=PRIDE:0000627	v1.1.0	NT=ms-proteomics;VV=v1.1.0
OffgelNcl	Homo sapiens	cervix	144	HeLa	not applicable	Cancer	run144	proteomic profiling by mass spectrometry	Trypsin	20120730_EXQ3_AlCu_SA_OffGel_NclPellet_2001.raw	Nucleus	20ppm	Velos	SILAC heavy	NT=Carbamidomethyl; AC=4; MT=Fixed; PP=Anywhere; TA=C	NT=Oxidation; AC=35; MT=Variable; PP=Anywhere; TA=M	NT=Methyl:2H(3)13C(1); AC=329; MT=Variable; PP=Anywhere; TA=K,R	NT=Dimethyl:2H(6)13C(2); AC=330; MT=Variable; PP=Anywhere; TA=K,R	NT=Trimethyl:13C(3)2H(9); AC=1414; MT=Variable; PP=Anywhere; TA=K	NT=Label:13C(4); AC=1266; MT=Fixed; PP=Anywhere; TA=M	20ppm	144	lesSDRF v0.1.0	NT=data-dependent acquisition;AC=PRIDE:0000627	v1.1.0	NT=ms-proteomics;VV=v1.1.0
OffgelCyt	Homo sapiens	cervix	145	HeLa	not applicable	Cancer	run145	proteomic profiling by mass spectrometry	Trypsin	20120731_EXQ3_AlCu_SA_OffGel_CytPellet_0103.raw	Cytosol	20ppm	Velos	SILAC light	NT=Carbamidomethyl; AC=4; MT=Fixed; PP=Anywhere; TA=C	NT=Oxidation; AC=35; MT=Variable; PP=Anywhere; TA=M	NT=Methyl; AC=34; MT=Variable; PP=Anywhere; TA=K,R	NT=Dimethyl; AC=36; MT=Variable; PP=Anywhere; TA=K,R	NT=Trimethyl; AC=37; MT=Variable; PP=Anywhere; TA=K		20ppm	145	lesSDRF v0.1.0	NT=data-dependent acquisition;AC=PRIDE:0000627	v1.1.0	NT=ms-proteomics;VV=v1.1.0
OffgelCyt	Homo sapiens	cervix	145	HeLa	not applicable	Cancer	run145	proteomic profiling by mass spectrometry	Trypsin	20120731_EXQ3_AlCu_SA_OffGel_CytPellet_0103.raw	Cytosol	20ppm	Velos	SILAC heavy	NT=Carbamidomethyl; AC=4; MT=Fixed; PP=Anywhere; TA=C	NT=Oxidation; AC=35; MT=Variable; PP=Anywhere; TA=M	NT=Methyl:2H(3)13C(1); AC=329; MT=Variable; PP=Anywhere; TA=K,R	NT=Dimethyl:2H(6)13C(2); AC=330; MT=Variable; PP=Anywhere; TA=K,R	NT=Trimethyl:13C(3)2H(9); AC=1414; MT=Variable; PP=Anywhere; TA=K	NT=Label:13C(4); AC=1266; MT=Fixed; PP=Anywhere; TA=M	20ppm	145	lesSDRF v0.1.0	NT=data-dependent acquisition;AC=PRIDE:0000627	v1.1.0	NT=ms-proteomics;VV=v1.1.0
OffgelCyt	Homo sapiens	cervix	146	HeLa	not applicable	Cancer	run146	proteomic profiling by mass spectrometry	Trypsin	20120731_EXQ3_AlCu_SA_OffGel_CytPellet_0203.raw	Cytosol	20ppm	Velos	SILAC light	NT=Carbamidomethyl; AC=4; MT=Fixed; PP=Anywhere; TA=C	NT=Oxidation; AC=35; MT=Variable; PP=Anywhere; TA=M	NT=Methyl; AC=34; MT=Variable; PP=Anywhere; TA=K,R	NT=Dimethyl; AC=36; MT=Variable; PP=Anywhere; TA=K,R	NT=Trimethyl; AC=37; MT=Variable; PP=Anywhere; TA=K		20ppm	146	lesSDRF v0.1.0	NT=data-dependent acquisition;AC=PRIDE:0000627	v1.1.0	NT=ms-proteomics;VV=v1.1.0
OffgelCyt	Homo sapiens	cervix	146	HeLa	not applicable	Cancer	run146	proteomic profiling by mass spectrometry	Trypsin	20120731_EXQ3_AlCu_SA_OffGel_CytPellet_0203.raw	Cytosol	20ppm	Velos	SILAC heavy	NT=Carbamidomethyl; AC=4; MT=Fixed; PP=Anywhere; TA=C	NT=Oxidation; AC=35; MT=Variable; PP=Anywhere; TA=M	NT=Methyl:2H(3)13C(1); AC=329; MT=Variable; PP=Anywhere; TA=K,R	NT=Dimethyl:2H(6)13C(2); AC=330; MT=Variable; PP=Anywhere; TA=K,R	NT=Trimethyl:13C(3)2H(9); AC=1414; MT=Variable; PP=Anywhere; TA=K	NT=Label:13C(4); AC=1266; MT=Fixed; PP=Anywhere; TA=M	20ppm	146	lesSDRF v0.1.0	NT=data-dependent acquisition;AC=PRIDE:0000627	v1.1.0	NT=ms-proteomics;VV=v1.1.0
OffgelCyt	Homo sapiens	cervix	147	HeLa	not applicable	Cancer	run147	proteomic profiling by mass spectrometry	Trypsin	20120731_EXQ3_AlCu_SA_OffGel_CytPellet_0303.raw	Cytosol	20ppm	Velos	SILAC light	NT=Carbamidomethyl; AC=4; MT=Fixed; PP=Anywhere; TA=C	NT=Oxidation; AC=35; MT=Variable; PP=Anywhere; TA=M	NT=Methyl; AC=34; MT=Variable; PP=Anywhere; TA=K,R	NT=Dimethyl; AC=36; MT=Variable; PP=Anywhere; TA=K,R	NT=Trimethyl; AC=37; MT=Variable; PP=Anywhere; TA=K		20ppm	147	lesSDRF v0.1.0	NT=data-dependent acquisition;AC=PRIDE:0000627	v1.1.0	NT=ms-proteomics;VV=v1.1.0
OffgelCyt	Homo sapiens	cervix	147	HeLa	not applicable	Cancer	run147	proteomic profiling by mass spectrometry	Trypsin	20120731_EXQ3_AlCu_SA_OffGel_CytPellet_0303.raw	Cytosol	20ppm	Velos	SILAC heavy	NT=Carbamidomethyl; AC=4; MT=Fixed; PP=Anywhere; TA=C	NT=Oxidation; AC=35; MT=Variable; PP=Anywhere; TA=M	NT=Methyl:2H(3)13C(1); AC=329; MT=Variable; PP=Anywhere; TA=K,R	NT=Dimethyl:2H(6)13C(2); AC=330; MT=Variable; PP=Anywhere; TA=K,R	NT=Trimethyl:13C(3)2H(9); AC=1414; MT=Variable; PP=Anywhere; TA=K	NT=Label:13C(4); AC=1266; MT=Fixed; PP=Anywhere; TA=M	20ppm	147	lesSDRF v0.1.0	NT=data-dependent acquisition;AC=PRIDE:0000627	v1.1.0	NT=ms-proteomics;VV=v1.1.0
OffgelCyt	Homo sapiens	cervix	148	HeLa	not applicable	Cancer	run148	proteomic profiling by mass spectrometry	Trypsin	20120731_EXQ3_AlCu_SA_OffGel_CytPellet_0403.raw	Cytosol	20ppm	Velos	SILAC light	NT=Carbamidomethyl; AC=4; MT=Fixed; PP=Anywhere; TA=C	NT=Oxidation; AC=35; MT=Variable; PP=Anywhere; TA=M	NT=Methyl; AC=34; MT=Variable; PP=Anywhere; TA=K,R	NT=Dimethyl; AC=36; MT=Variable; PP=Anywhere; TA=K,R	NT=Trimethyl; AC=37; MT=Variable; PP=Anywhere; TA=K		20ppm	148	lesSDRF v0.1.0	NT=data-dependent acquisition;AC=PRIDE:0000627	v1.1.0	NT=ms-proteomics;VV=v1.1.0
OffgelCyt	Homo sapiens	cervix	148	HeLa	not applicable	Cancer	run148	proteomic profiling by mass spectrometry	Trypsin	20120731_EXQ3_AlCu_SA_OffGel_CytPellet_0403.raw	Cytosol	20ppm	Velos	SILAC heavy	NT=Carbamidomethyl; AC=4; MT=Fixed; PP=Anywhere; TA=C	NT=Oxidation; AC=35; MT=Variable; PP=Anywhere; TA=M	NT=Methyl:2H(3)13C(1); AC=329; MT=Variable; PP=Anywhere; TA=K,R	NT=Dimethyl:2H(6)13C(2); AC=330; MT=Variable; PP=Anywhere; TA=K,R	NT=Trimethyl:13C(3)2H(9); AC=1414; MT=Variable; PP=Anywhere; TA=K	NT=Label:13C(4); AC=1266; MT=Fixed; PP=Anywhere; TA=M	20ppm	148	lesSDRF v0.1.0	NT=data-dependent acquisition;AC=PRIDE:0000627	v1.1.0	NT=ms-proteomics;VV=v1.1.0
OffgelCyt	Homo sapiens	cervix	149	HeLa	not applicable	Cancer	run149	proteomic profiling by mass spectrometry	Trypsin	20120731_EXQ3_AlCu_SA_OffGel_CytPellet_0503.raw	Cytosol	20ppm	Velos	SILAC light	NT=Carbamidomethyl; AC=4; MT=Fixed; PP=Anywhere; TA=C	NT=Oxidation; AC=35; MT=Variable; PP=Anywhere; TA=M	NT=Methyl; AC=34; MT=Variable; PP=Anywhere; TA=K,R	NT=Dimethyl; AC=36; MT=Variable; PP=Anywhere; TA=K,R	NT=Trimethyl; AC=37; MT=Variable; PP=Anywhere; TA=K		20ppm	149	lesSDRF v0.1.0	NT=data-dependent acquisition;AC=PRIDE:0000627	v1.1.0	NT=ms-proteomics;VV=v1.1.0
OffgelCyt	Homo sapiens	cervix	149	HeLa	not applicable	Cancer	run149	proteomic profiling by mass spectrometry	Trypsin	20120731_EXQ3_AlCu_SA_OffGel_CytPellet_0503.raw	Cytosol	20ppm	Velos	SILAC heavy	NT=Carbamidomethyl; AC=4; MT=Fixed; PP=Anywhere; TA=C	NT=Oxidation; AC=35; MT=Variable; PP=Anywhere; TA=M	NT=Methyl:2H(3)13C(1); AC=329; MT=Variable; PP=Anywhere; TA=K,R	NT=Dimethyl:2H(6)13C(2); AC=330; MT=Variable; PP=Anywhere; TA=K,R	NT=Trimethyl:13C(3)2H(9); AC=1414; MT=Variable; PP=Anywhere; TA=K	NT=Label:13C(4); AC=1266; MT=Fixed; PP=Anywhere; TA=M	20ppm	149	lesSDRF v0.1.0	NT=data-dependent acquisition;AC=PRIDE:0000627	v1.1.0	NT=ms-proteomics;VV=v1.1.0
OffgelCyt	Homo sapiens	cervix	150	HeLa	not applicable	Cancer	run150	proteomic profiling by mass spectrometry	Trypsin	20120731_EXQ3_AlCu_SA_OffGel_CytPellet_0603.raw	Cytosol	20ppm	Velos	SILAC light	NT=Carbamidomethyl; AC=4; MT=Fixed; PP=Anywhere; TA=C	NT=Oxidation; AC=35; MT=Variable; PP=Anywhere; TA=M	NT=Methyl; AC=34; MT=Variable; PP=Anywhere; TA=K,R	NT=Dimethyl; AC=36; MT=Variable; PP=Anywhere; TA=K,R	NT=Trimethyl; AC=37; MT=Variable; PP=Anywhere; TA=K		20ppm	150	lesSDRF v0.1.0	NT=data-dependent acquisition;AC=PRIDE:0000627	v1.1.0	NT=ms-proteomics;VV=v1.1.0
OffgelCyt	Homo sapiens	cervix	150	HeLa	not applicable	Cancer	run150	proteomic profiling by mass spectrometry	Trypsin	20120731_EXQ3_AlCu_SA_OffGel_CytPellet_0603.raw	Cytosol	20ppm	Velos	SILAC heavy	NT=Carbamidomethyl; AC=4; MT=Fixed; PP=Anywhere; TA=C	NT=Oxidation; AC=35; MT=Variable; PP=Anywhere; TA=M	NT=Methyl:2H(3)13C(1); AC=329; MT=Variable; PP=Anywhere; TA=K,R	NT=Dimethyl:2H(6)13C(2); AC=330; MT=Variable; PP=Anywhere; TA=K,R	NT=Trimethyl:13C(3)2H(9); AC=1414; MT=Variable; PP=Anywhere; TA=K	NT=Label:13C(4); AC=1266; MT=Fixed; PP=Anywhere; TA=M	20ppm	150	lesSDRF v0.1.0	NT=data-dependent acquisition;AC=PRIDE:0000627	v1.1.0	NT=ms-proteomics;VV=v1.1.0
OffgelCyt	Homo sapiens	cervix	151	HeLa	not applicable	Cancer	run151	proteomic profiling by mass spectrometry	Trypsin	20120731_EXQ3_AlCu_SA_OffGel_CytPellet_0703.raw	Cytosol	20ppm	Velos	SILAC light	NT=Carbamidomethyl; AC=4; MT=Fixed; PP=Anywhere; TA=C	NT=Oxidation; AC=35; MT=Variable; PP=Anywhere; TA=M	NT=Methyl; AC=34; MT=Variable; PP=Anywhere; TA=K,R	NT=Dimethyl; AC=36; MT=Variable; PP=Anywhere; TA=K,R	NT=Trimethyl; AC=37; MT=Variable; PP=Anywhere; TA=K		20ppm	151	lesSDRF v0.1.0	NT=data-dependent acquisition;AC=PRIDE:0000627	v1.1.0	NT=ms-proteomics;VV=v1.1.0
OffgelCyt	Homo sapiens	cervix	151	HeLa	not applicable	Cancer	run151	proteomic profiling by mass spectrometry	Trypsin	20120731_EXQ3_AlCu_SA_OffGel_CytPellet_0703.raw	Cytosol	20ppm	Velos	SILAC heavy	NT=Carbamidomethyl; AC=4; MT=Fixed; PP=Anywhere; TA=C	NT=Oxidation; AC=35; MT=Variable; PP=Anywhere; TA=M	NT=Methyl:2H(3)13C(1); AC=329; MT=Variable; PP=Anywhere; TA=K,R	NT=Dimethyl:2H(6)13C(2); AC=330; MT=Variable; PP=Anywhere; TA=K,R	NT=Trimethyl:13C(3)2H(9); AC=1414; MT=Variable; PP=Anywhere; TA=K	NT=Label:13C(4); AC=1266; MT=Fixed; PP=Anywhere; TA=M	20ppm	151	lesSDRF v0.1.0	NT=data-dependent acquisition;AC=PRIDE:0000627	v1.1.0	NT=ms-proteomics;VV=v1.1.0
OffgelCyt	Homo sapiens	cervix	152	HeLa	not applicable	Cancer	run152	proteomic profiling by mass spectrometry	Trypsin	20120731_EXQ3_AlCu_SA_OffGel_CytPellet_0803.raw	Cytosol	20ppm	Velos	SILAC light	NT=Carbamidomethyl; AC=4; MT=Fixed; PP=Anywhere; TA=C	NT=Oxidation; AC=35; MT=Variable; PP=Anywhere; TA=M	NT=Methyl; AC=34; MT=Variable; PP=Anywhere; TA=K,R	NT=Dimethyl; AC=36; MT=Variable; PP=Anywhere; TA=K,R	NT=Trimethyl; AC=37; MT=Variable; PP=Anywhere; TA=K		20ppm	152	lesSDRF v0.1.0	NT=data-dependent acquisition;AC=PRIDE:0000627	v1.1.0	NT=ms-proteomics;VV=v1.1.0
OffgelCyt	Homo sapiens	cervix	152	HeLa	not applicable	Cancer	run152	proteomic profiling by mass spectrometry	Trypsin	20120731_EXQ3_AlCu_SA_OffGel_CytPellet_0803.raw	Cytosol	20ppm	Velos	SILAC heavy	NT=Carbamidomethyl; AC=4; MT=Fixed; PP=Anywhere; TA=C	NT=Oxidation; AC=35; MT=Variable; PP=Anywhere; TA=M	NT=Methyl:2H(3)13C(1); AC=329; MT=Variable; PP=Anywhere; TA=K,R	NT=Dimethyl:2H(6)13C(2); AC=330; MT=Variable; PP=Anywhere; TA=K,R	NT=Trimethyl:13C(3)2H(9); AC=1414; MT=Variable; PP=Anywhere; TA=K	NT=Label:13C(4); AC=1266; MT=Fixed; PP=Anywhere; TA=M	20ppm	152	lesSDRF v0.1.0	NT=data-dependent acquisition;AC=PRIDE:0000627	v1.1.0	NT=ms-proteomics;VV=v1.1.0
OffgelCyt	Homo sapiens	cervix	153	HeLa	not applicable	Cancer	run153	proteomic profiling by mass spectrometry	Trypsin	20120731_EXQ3_AlCu_SA_OffGel_CytPellet_0903.raw	Cytosol	20ppm	Velos	SILAC light	NT=Carbamidomethyl; AC=4; MT=Fixed; PP=Anywhere; TA=C	NT=Oxidation; AC=35; MT=Variable; PP=Anywhere; TA=M	NT=Methyl; AC=34; MT=Variable; PP=Anywhere; TA=K,R	NT=Dimethyl; AC=36; MT=Variable; PP=Anywhere; TA=K,R	NT=Trimethyl; AC=37; MT=Variable; PP=Anywhere; TA=K		20ppm	153	lesSDRF v0.1.0	NT=data-dependent acquisition;AC=PRIDE:0000627	v1.1.0	NT=ms-proteomics;VV=v1.1.0
OffgelCyt	Homo sapiens	cervix	153	HeLa	not applicable	Cancer	run153	proteomic profiling by mass spectrometry	Trypsin	20120731_EXQ3_AlCu_SA_OffGel_CytPellet_0903.raw	Cytosol	20ppm	Velos	SILAC heavy	NT=Carbamidomethyl; AC=4; MT=Fixed; PP=Anywhere; TA=C	NT=Oxidation; AC=35; MT=Variable; PP=Anywhere; TA=M	NT=Methyl:2H(3)13C(1); AC=329; MT=Variable; PP=Anywhere; TA=K,R	NT=Dimethyl:2H(6)13C(2); AC=330; MT=Variable; PP=Anywhere; TA=K,R	NT=Trimethyl:13C(3)2H(9); AC=1414; MT=Variable; PP=Anywhere; TA=K	NT=Label:13C(4); AC=1266; MT=Fixed; PP=Anywhere; TA=M	20ppm	153	lesSDRF v0.1.0	NT=data-dependent acquisition;AC=PRIDE:0000627	v1.1.0	NT=ms-proteomics;VV=v1.1.0
OffgelCyt	Homo sapiens	cervix	154	HeLa	not applicable	Cancer	run154	proteomic profiling by mass spectrometry	Trypsin	20120731_EXQ3_AlCu_SA_OffGel_CytPellet_1003.raw	Cytosol	20ppm	Velos	SILAC light	NT=Carbamidomethyl; AC=4; MT=Fixed; PP=Anywhere; TA=C	NT=Oxidation; AC=35; MT=Variable; PP=Anywhere; TA=M	NT=Methyl; AC=34; MT=Variable; PP=Anywhere; TA=K,R	NT=Dimethyl; AC=36; MT=Variable; PP=Anywhere; TA=K,R	NT=Trimethyl; AC=37; MT=Variable; PP=Anywhere; TA=K		20ppm	154	lesSDRF v0.1.0	NT=data-dependent acquisition;AC=PRIDE:0000627	v1.1.0	NT=ms-proteomics;VV=v1.1.0
OffgelCyt	Homo sapiens	cervix	154	HeLa	not applicable	Cancer	run154	proteomic profiling by mass spectrometry	Trypsin	20120731_EXQ3_AlCu_SA_OffGel_CytPellet_1003.raw	Cytosol	20ppm	Velos	SILAC heavy	NT=Carbamidomethyl; AC=4; MT=Fixed; PP=Anywhere; TA=C	NT=Oxidation; AC=35; MT=Variable; PP=Anywhere; TA=M	NT=Methyl:2H(3)13C(1); AC=329; MT=Variable; PP=Anywhere; TA=K,R	NT=Dimethyl:2H(6)13C(2); AC=330; MT=Variable; PP=Anywhere; TA=K,R	NT=Trimethyl:13C(3)2H(9); AC=1414; MT=Variable; PP=Anywhere; TA=K	NT=Label:13C(4); AC=1266; MT=Fixed; PP=Anywhere; TA=M	20ppm	154	lesSDRF v0.1.0	NT=data-dependent acquisition;AC=PRIDE:0000627	v1.1.0	NT=ms-proteomics;VV=v1.1.0
OffgelCyt	Homo sapiens	cervix	155	HeLa	not applicable	Cancer	run155	proteomic profiling by mass spectrometry	Trypsin	20120731_EXQ3_AlCu_SA_OffGel_CytPellet_1103.raw	Cytosol	20ppm	Velos	SILAC light	NT=Carbamidomethyl; AC=4; MT=Fixed; PP=Anywhere; TA=C	NT=Oxidation; AC=35; MT=Variable; PP=Anywhere; TA=M	NT=Methyl; AC=34; MT=Variable; PP=Anywhere; TA=K,R	NT=Dimethyl; AC=36; MT=Variable; PP=Anywhere; TA=K,R	NT=Trimethyl; AC=37; MT=Variable; PP=Anywhere; TA=K		20ppm	155	lesSDRF v0.1.0	NT=data-dependent acquisition;AC=PRIDE:0000627	v1.1.0	NT=ms-proteomics;VV=v1.1.0
OffgelCyt	Homo sapiens	cervix	155	HeLa	not applicable	Cancer	run155	proteomic profiling by mass spectrometry	Trypsin	20120731_EXQ3_AlCu_SA_OffGel_CytPellet_1103.raw	Cytosol	20ppm	Velos	SILAC heavy	NT=Carbamidomethyl; AC=4; MT=Fixed; PP=Anywhere; TA=C	NT=Oxidation; AC=35; MT=Variable; PP=Anywhere; TA=M	NT=Methyl:2H(3)13C(1); AC=329; MT=Variable; PP=Anywhere; TA=K,R	NT=Dimethyl:2H(6)13C(2); AC=330; MT=Variable; PP=Anywhere; TA=K,R	NT=Trimethyl:13C(3)2H(9); AC=1414; MT=Variable; PP=Anywhere; TA=K	NT=Label:13C(4); AC=1266; MT=Fixed; PP=Anywhere; TA=M	20ppm	155	lesSDRF v0.1.0	NT=data-dependent acquisition;AC=PRIDE:0000627	v1.1.0	NT=ms-proteomics;VV=v1.1.0
OffgelCyt	Homo sapiens	cervix	156	HeLa	not applicable	Cancer	run156	proteomic profiling by mass spectrometry	Trypsin	20120731_EXQ3_AlCu_SA_OffGel_CytPellet_1203.raw	Cytosol	20ppm	Velos	SILAC light	NT=Carbamidomethyl; AC=4; MT=Fixed; PP=Anywhere; TA=C	NT=Oxidation; AC=35; MT=Variable; PP=Anywhere; TA=M	NT=Methyl; AC=34; MT=Variable; PP=Anywhere; TA=K,R	NT=Dimethyl; AC=36; MT=Variable; PP=Anywhere; TA=K,R	NT=Trimethyl; AC=37; MT=Variable; PP=Anywhere; TA=K		20ppm	156	lesSDRF v0.1.0	NT=data-dependent acquisition;AC=PRIDE:0000627	v1.1.0	NT=ms-proteomics;VV=v1.1.0
OffgelCyt	Homo sapiens	cervix	156	HeLa	not applicable	Cancer	run156	proteomic profiling by mass spectrometry	Trypsin	20120731_EXQ3_AlCu_SA_OffGel_CytPellet_1203.raw	Cytosol	20ppm	Velos	SILAC heavy	NT=Carbamidomethyl; AC=4; MT=Fixed; PP=Anywhere; TA=C	NT=Oxidation; AC=35; MT=Variable; PP=Anywhere; TA=M	NT=Methyl:2H(3)13C(1); AC=329; MT=Variable; PP=Anywhere; TA=K,R	NT=Dimethyl:2H(6)13C(2); AC=330; MT=Variable; PP=Anywhere; TA=K,R	NT=Trimethyl:13C(3)2H(9); AC=1414; MT=Variable; PP=Anywhere; TA=K	NT=Label:13C(4); AC=1266; MT=Fixed; PP=Anywhere; TA=M	20ppm	156	lesSDRF v0.1.0	NT=data-dependent acquisition;AC=PRIDE:0000627	v1.1.0	NT=ms-proteomics;VV=v1.1.0
OffgelCyt	Homo sapiens	cervix	157	HeLa	not applicable	Cancer	run157	proteomic profiling by mass spectrometry	Trypsin	20120731_EXQ3_AlCu_SA_OffGel_CytPellet_1303.raw	Cytosol	20ppm	Velos	SILAC light	NT=Carbamidomethyl; AC=4; MT=Fixed; PP=Anywhere; TA=C	NT=Oxidation; AC=35; MT=Variable; PP=Anywhere; TA=M	NT=Methyl; AC=34; MT=Variable; PP=Anywhere; TA=K,R	NT=Dimethyl; AC=36; MT=Variable; PP=Anywhere; TA=K,R	NT=Trimethyl; AC=37; MT=Variable; PP=Anywhere; TA=K		20ppm	157	lesSDRF v0.1.0	NT=data-dependent acquisition;AC=PRIDE:0000627	v1.1.0	NT=ms-proteomics;VV=v1.1.0
OffgelCyt	Homo sapiens	cervix	157	HeLa	not applicable	Cancer	run157	proteomic profiling by mass spectrometry	Trypsin	20120731_EXQ3_AlCu_SA_OffGel_CytPellet_1303.raw	Cytosol	20ppm	Velos	SILAC heavy	NT=Carbamidomethyl; AC=4; MT=Fixed; PP=Anywhere; TA=C	NT=Oxidation; AC=35; MT=Variable; PP=Anywhere; TA=M	NT=Methyl:2H(3)13C(1); AC=329; MT=Variable; PP=Anywhere; TA=K,R	NT=Dimethyl:2H(6)13C(2); AC=330; MT=Variable; PP=Anywhere; TA=K,R	NT=Trimethyl:13C(3)2H(9); AC=1414; MT=Variable; PP=Anywhere; TA=K	NT=Label:13C(4); AC=1266; MT=Fixed; PP=Anywhere; TA=M	20ppm	157	lesSDRF v0.1.0	NT=data-dependent acquisition;AC=PRIDE:0000627	v1.1.0	NT=ms-proteomics;VV=v1.1.0
OffgelCyt	Homo sapiens	cervix	158	HeLa	not applicable	Cancer	run158	proteomic profiling by mass spectrometry	Trypsin	20120731_EXQ3_AlCu_SA_OffGel_CytPellet_1403.raw	Cytosol	20ppm	Velos	SILAC light	NT=Carbamidomethyl; AC=4; MT=Fixed; PP=Anywhere; TA=C	NT=Oxidation; AC=35; MT=Variable; PP=Anywhere; TA=M	NT=Methyl; AC=34; MT=Variable; PP=Anywhere; TA=K,R	NT=Dimethyl; AC=36; MT=Variable; PP=Anywhere; TA=K,R	NT=Trimethyl; AC=37; MT=Variable; PP=Anywhere; TA=K		20ppm	158	lesSDRF v0.1.0	NT=data-dependent acquisition;AC=PRIDE:0000627	v1.1.0	NT=ms-proteomics;VV=v1.1.0
OffgelCyt	Homo sapiens	cervix	158	HeLa	not applicable	Cancer	run158	proteomic profiling by mass spectrometry	Trypsin	20120731_EXQ3_AlCu_SA_OffGel_CytPellet_1403.raw	Cytosol	20ppm	Velos	SILAC heavy	NT=Carbamidomethyl; AC=4; MT=Fixed; PP=Anywhere; TA=C	NT=Oxidation; AC=35; MT=Variable; PP=Anywhere; TA=M	NT=Methyl:2H(3)13C(1); AC=329; MT=Variable; PP=Anywhere; TA=K,R	NT=Dimethyl:2H(6)13C(2); AC=330; MT=Variable; PP=Anywhere; TA=K,R	NT=Trimethyl:13C(3)2H(9); AC=1414; MT=Variable; PP=Anywhere; TA=K	NT=Label:13C(4); AC=1266; MT=Fixed; PP=Anywhere; TA=M	20ppm	158	lesSDRF v0.1.0	NT=data-dependent acquisition;AC=PRIDE:0000627	v1.1.0	NT=ms-proteomics;VV=v1.1.0
OffgelCyt	Homo sapiens	cervix	159	HeLa	not applicable	Cancer	run159	proteomic profiling by mass spectrometry	Trypsin	20120731_EXQ3_AlCu_SA_OffGel_CytPellet_1503.raw	Cytosol	20ppm	Velos	SILAC light	NT=Carbamidomethyl; AC=4; MT=Fixed; PP=Anywhere; TA=C	NT=Oxidation; AC=35; MT=Variable; PP=Anywhere; TA=M	NT=Methyl; AC=34; MT=Variable; PP=Anywhere; TA=K,R	NT=Dimethyl; AC=36; MT=Variable; PP=Anywhere; TA=K,R	NT=Trimethyl; AC=37; MT=Variable; PP=Anywhere; TA=K		20ppm	159	lesSDRF v0.1.0	NT=data-dependent acquisition;AC=PRIDE:0000627	v1.1.0	NT=ms-proteomics;VV=v1.1.0
OffgelCyt	Homo sapiens	cervix	159	HeLa	not applicable	Cancer	run159	proteomic profiling by mass spectrometry	Trypsin	20120731_EXQ3_AlCu_SA_OffGel_CytPellet_1503.raw	Cytosol	20ppm	Velos	SILAC heavy	NT=Carbamidomethyl; AC=4; MT=Fixed; PP=Anywhere; TA=C	NT=Oxidation; AC=35; MT=Variable; PP=Anywhere; TA=M	NT=Methyl:2H(3)13C(1); AC=329; MT=Variable; PP=Anywhere; TA=K,R	NT=Dimethyl:2H(6)13C(2); AC=330; MT=Variable; PP=Anywhere; TA=K,R	NT=Trimethyl:13C(3)2H(9); AC=1414; MT=Variable; PP=Anywhere; TA=K	NT=Label:13C(4); AC=1266; MT=Fixed; PP=Anywhere; TA=M	20ppm	159	lesSDRF v0.1.0	NT=data-dependent acquisition;AC=PRIDE:0000627	v1.1.0	NT=ms-proteomics;VV=v1.1.0
OffgelCyt	Homo sapiens	cervix	160	HeLa	not applicable	Cancer	run160	proteomic profiling by mass spectrometry	Trypsin	20120731_EXQ3_AlCu_SA_OffGel_CytPellet_1603.raw	Cytosol	20ppm	Velos	SILAC light	NT=Carbamidomethyl; AC=4; MT=Fixed; PP=Anywhere; TA=C	NT=Oxidation; AC=35; MT=Variable; PP=Anywhere; TA=M	NT=Methyl; AC=34; MT=Variable; PP=Anywhere; TA=K,R	NT=Dimethyl; AC=36; MT=Variable; PP=Anywhere; TA=K,R	NT=Trimethyl; AC=37; MT=Variable; PP=Anywhere; TA=K		20ppm	160	lesSDRF v0.1.0	NT=data-dependent acquisition;AC=PRIDE:0000627	v1.1.0	NT=ms-proteomics;VV=v1.1.0
OffgelCyt	Homo sapiens	cervix	160	HeLa	not applicable	Cancer	run160	proteomic profiling by mass spectrometry	Trypsin	20120731_EXQ3_AlCu_SA_OffGel_CytPellet_1603.raw	Cytosol	20ppm	Velos	SILAC heavy	NT=Carbamidomethyl; AC=4; MT=Fixed; PP=Anywhere; TA=C	NT=Oxidation; AC=35; MT=Variable; PP=Anywhere; TA=M	NT=Methyl:2H(3)13C(1); AC=329; MT=Variable; PP=Anywhere; TA=K,R	NT=Dimethyl:2H(6)13C(2); AC=330; MT=Variable; PP=Anywhere; TA=K,R	NT=Trimethyl:13C(3)2H(9); AC=1414; MT=Variable; PP=Anywhere; TA=K	NT=Label:13C(4); AC=1266; MT=Fixed; PP=Anywhere; TA=M	20ppm	160	lesSDRF v0.1.0	NT=data-dependent acquisition;AC=PRIDE:0000627	v1.1.0	NT=ms-proteomics;VV=v1.1.0
OffgelCyt	Homo sapiens	cervix	161	HeLa	not applicable	Cancer	run161	proteomic profiling by mass spectrometry	Trypsin	20120731_EXQ3_AlCu_SA_OffGel_CytPellet_1703.raw	Cytosol	20ppm	Velos	SILAC light	NT=Carbamidomethyl; AC=4; MT=Fixed; PP=Anywhere; TA=C	NT=Oxidation; AC=35; MT=Variable; PP=Anywhere; TA=M	NT=Methyl; AC=34; MT=Variable; PP=Anywhere; TA=K,R	NT=Dimethyl; AC=36; MT=Variable; PP=Anywhere; TA=K,R	NT=Trimethyl; AC=37; MT=Variable; PP=Anywhere; TA=K		20ppm	161	lesSDRF v0.1.0	NT=data-dependent acquisition;AC=PRIDE:0000627	v1.1.0	NT=ms-proteomics;VV=v1.1.0
OffgelCyt	Homo sapiens	cervix	161	HeLa	not applicable	Cancer	run161	proteomic profiling by mass spectrometry	Trypsin	20120731_EXQ3_AlCu_SA_OffGel_CytPellet_1703.raw	Cytosol	20ppm	Velos	SILAC heavy	NT=Carbamidomethyl; AC=4; MT=Fixed; PP=Anywhere; TA=C	NT=Oxidation; AC=35; MT=Variable; PP=Anywhere; TA=M	NT=Methyl:2H(3)13C(1); AC=329; MT=Variable; PP=Anywhere; TA=K,R	NT=Dimethyl:2H(6)13C(2); AC=330; MT=Variable; PP=Anywhere; TA=K,R	NT=Trimethyl:13C(3)2H(9); AC=1414; MT=Variable; PP=Anywhere; TA=K	NT=Label:13C(4); AC=1266; MT=Fixed; PP=Anywhere; TA=M	20ppm	161	lesSDRF v0.1.0	NT=data-dependent acquisition;AC=PRIDE:0000627	v1.1.0	NT=ms-proteomics;VV=v1.1.0
OffgelCyt	Homo sapiens	cervix	162	HeLa	not applicable	Cancer	run162	proteomic profiling by mass spectrometry	Trypsin	20120731_EXQ3_AlCu_SA_OffGel_CytPellet_1803.raw	Cytosol	20ppm	Velos	SILAC light	NT=Carbamidomethyl; AC=4; MT=Fixed; PP=Anywhere; TA=C	NT=Oxidation; AC=35; MT=Variable; PP=Anywhere; TA=M	NT=Methyl; AC=34; MT=Variable; PP=Anywhere; TA=K,R	NT=Dimethyl; AC=36; MT=Variable; PP=Anywhere; TA=K,R	NT=Trimethyl; AC=37; MT=Variable; PP=Anywhere; TA=K		20ppm	162	lesSDRF v0.1.0	NT=data-dependent acquisition;AC=PRIDE:0000627	v1.1.0	NT=ms-proteomics;VV=v1.1.0
OffgelCyt	Homo sapiens	cervix	162	HeLa	not applicable	Cancer	run162	proteomic profiling by mass spectrometry	Trypsin	20120731_EXQ3_AlCu_SA_OffGel_CytPellet_1803.raw	Cytosol	20ppm	Velos	SILAC heavy	NT=Carbamidomethyl; AC=4; MT=Fixed; PP=Anywhere; TA=C	NT=Oxidation; AC=35; MT=Variable; PP=Anywhere; TA=M	NT=Methyl:2H(3)13C(1); AC=329; MT=Variable; PP=Anywhere; TA=K,R	NT=Dimethyl:2H(6)13C(2); AC=330; MT=Variable; PP=Anywhere; TA=K,R	NT=Trimethyl:13C(3)2H(9); AC=1414; MT=Variable; PP=Anywhere; TA=K	NT=Label:13C(4); AC=1266; MT=Fixed; PP=Anywhere; TA=M	20ppm	162	lesSDRF v0.1.0	NT=data-dependent acquisition;AC=PRIDE:0000627	v1.1.0	NT=ms-proteomics;VV=v1.1.0
OffgelCyt	Homo sapiens	cervix	163	HeLa	not applicable	Cancer	run163	proteomic profiling by mass spectrometry	Trypsin	20120731_EXQ3_AlCu_SA_OffGel_CytPellet_1903.raw	Cytosol	20ppm	Velos	SILAC light	NT=Carbamidomethyl; AC=4; MT=Fixed; PP=Anywhere; TA=C	NT=Oxidation; AC=35; MT=Variable; PP=Anywhere; TA=M	NT=Methyl; AC=34; MT=Variable; PP=Anywhere; TA=K,R	NT=Dimethyl; AC=36; MT=Variable; PP=Anywhere; TA=K,R	NT=Trimethyl; AC=37; MT=Variable; PP=Anywhere; TA=K		20ppm	163	lesSDRF v0.1.0	NT=data-dependent acquisition;AC=PRIDE:0000627	v1.1.0	NT=ms-proteomics;VV=v1.1.0
OffgelCyt	Homo sapiens	cervix	163	HeLa	not applicable	Cancer	run163	proteomic profiling by mass spectrometry	Trypsin	20120731_EXQ3_AlCu_SA_OffGel_CytPellet_1903.raw	Cytosol	20ppm	Velos	SILAC heavy	NT=Carbamidomethyl; AC=4; MT=Fixed; PP=Anywhere; TA=C	NT=Oxidation; AC=35; MT=Variable; PP=Anywhere; TA=M	NT=Methyl:2H(3)13C(1); AC=329; MT=Variable; PP=Anywhere; TA=K,R	NT=Dimethyl:2H(6)13C(2); AC=330; MT=Variable; PP=Anywhere; TA=K,R	NT=Trimethyl:13C(3)2H(9); AC=1414; MT=Variable; PP=Anywhere; TA=K	NT=Label:13C(4); AC=1266; MT=Fixed; PP=Anywhere; TA=M	20ppm	163	lesSDRF v0.1.0	NT=data-dependent acquisition;AC=PRIDE:0000627	v1.1.0	NT=ms-proteomics;VV=v1.1.0
Histone samples	Homo sapiens	cervix	164	HeLa	not applicable	Cancer	run164	proteomic profiling by mass spectrometry	ArgC	DM_hmSILAC_Test_ArgC_ambic.raw	Nucleus (acidic extraction of histones)	20ppm	Q Exactive	SILAC light	NT=Carbamidomethyl; AC=4; MT=Fixed; PP=Anywhere; TA=C	NT=Oxidation; AC=35; MT=Variable; PP=Anywhere; TA=M	NT=Methyl; AC=34; MT=Variable; PP=Anywhere; TA=K,R	NT=Dimethyl; AC=36; MT=Variable; PP=Anywhere; TA=K,R	NT=Trimethyl; AC=37; MT=Variable; PP=Anywhere; TA=K		20ppm	164	lesSDRF v0.1.0	NT=data-dependent acquisition;AC=PRIDE:0000627	v1.1.0	NT=ms-proteomics;VV=v1.1.0
Histone samples	Homo sapiens	cervix	164	HeLa	not applicable	Cancer	run164	proteomic profiling by mass spectrometry	ArgC	DM_hmSILAC_Test_ArgC_ambic.raw	Nucleus (acidic extraction of histones)	20ppm	Q Exactive	SILAC heavy	NT=Carbamidomethyl; AC=4; MT=Fixed; PP=Anywhere; TA=C	NT=Oxidation; AC=35; MT=Variable; PP=Anywhere; TA=M	NT=Methyl:2H(3)13C(1); AC=329; MT=Variable; PP=Anywhere; TA=K,R	NT=Dimethyl:2H(6)13C(2); AC=330; MT=Variable; PP=Anywhere; TA=K,R	NT=Trimethyl:13C(3)2H(9); AC=1414; MT=Variable; PP=Anywhere; TA=K	NT=Label:13C(4); AC=1266; MT=Fixed; PP=Anywhere; TA=M	20ppm	164	lesSDRF v0.1.0	NT=data-dependent acquisition;AC=PRIDE:0000627	v1.1.0	NT=ms-proteomics;VV=v1.1.0
Histone samples	Homo sapiens	cervix	165	HeLa	not applicable	Cancer	run165	proteomic profiling by mass spectrometry	LysC	DM_hmSILAC_Test_LysC_Ambic.raw	Nucleus (acidic extraction of histones)	20ppm	Q Exactive	SILAC light	NT=Carbamidomethyl; AC=4; MT=Fixed; PP=Anywhere; TA=C	NT=Oxidation; AC=35; MT=Variable; PP=Anywhere; TA=M	NT=Methyl; AC=34; MT=Variable; PP=Anywhere; TA=K,R	NT=Dimethyl; AC=36; MT=Variable; PP=Anywhere; TA=K,R	NT=Trimethyl; AC=37; MT=Variable; PP=Anywhere; TA=K		20ppm	165	lesSDRF v0.1.0	NT=data-dependent acquisition;AC=PRIDE:0000627	v1.1.0	NT=ms-proteomics;VV=v1.1.0
Histone samples	Homo sapiens	cervix	165	HeLa	not applicable	Cancer	run165	proteomic profiling by mass spectrometry	LysC	DM_hmSILAC_Test_LysC_Ambic.raw	Nucleus (acidic extraction of histones)	20ppm	Q Exactive	SILAC heavy	NT=Carbamidomethyl; AC=4; MT=Fixed; PP=Anywhere; TA=C	NT=Oxidation; AC=35; MT=Variable; PP=Anywhere; TA=M	NT=Methyl:2H(3)13C(1); AC=329; MT=Variable; PP=Anywhere; TA=K,R	NT=Dimethyl:2H(6)13C(2); AC=330; MT=Variable; PP=Anywhere; TA=K,R	NT=Trimethyl:13C(3)2H(9); AC=1414; MT=Variable; PP=Anywhere; TA=K	NT=Label:13C(4); AC=1266; MT=Fixed; PP=Anywhere; TA=M	20ppm	165	lesSDRF v0.1.0	NT=data-dependent acquisition;AC=PRIDE:0000627	v1.1.0	NT=ms-proteomics;VV=v1.1.0
Histone samples	Homo sapiens	cervix	166	HeLa	not applicable	Cancer	run166	proteomic profiling by mass spectrometry	LysC	DM_hmSILAC_Test_LysC_Urea.raw	Nucleus (acidic extraction of histones)	20ppm	Q Exactive	SILAC light	NT=Carbamidomethyl; AC=4; MT=Fixed; PP=Anywhere; TA=C	NT=Oxidation; AC=35; MT=Variable; PP=Anywhere; TA=M	NT=Methyl; AC=34; MT=Variable; PP=Anywhere; TA=K,R	NT=Dimethyl; AC=36; MT=Variable; PP=Anywhere; TA=K,R	NT=Trimethyl; AC=37; MT=Variable; PP=Anywhere; TA=K		20ppm	166	lesSDRF v0.1.0	NT=data-dependent acquisition;AC=PRIDE:0000627	v1.1.0	NT=ms-proteomics;VV=v1.1.0
Histone samples	Homo sapiens	cervix	166	HeLa	not applicable	Cancer	run166	proteomic profiling by mass spectrometry	LysC	DM_hmSILAC_Test_LysC_Urea.raw	Nucleus (acidic extraction of histones)	20ppm	Q Exactive	SILAC heavy	NT=Carbamidomethyl; AC=4; MT=Fixed; PP=Anywhere; TA=C	NT=Oxidation; AC=35; MT=Variable; PP=Anywhere; TA=M	NT=Methyl:2H(3)13C(1); AC=329; MT=Variable; PP=Anywhere; TA=K,R	NT=Dimethyl:2H(6)13C(2); AC=330; MT=Variable; PP=Anywhere; TA=K,R	NT=Trimethyl:13C(3)2H(9); AC=1414; MT=Variable; PP=Anywhere; TA=K	NT=Label:13C(4); AC=1266; MT=Fixed; PP=Anywhere; TA=M	20ppm	166	lesSDRF v0.1.0	NT=data-dependent acquisition;AC=PRIDE:0000627	v1.1.0	NT=ms-proteomics;VV=v1.1.0
Histone samples	Homo sapiens	cervix	167	HeLa	not applicable	Cancer	run167	proteomic profiling by mass spectrometry	Trypsin	DM_hmSILAC_Test_Tryp_Ambic.raw	Nucleus (acidic extraction of histones)	20ppm	Q Exactive	SILAC light	NT=Carbamidomethyl; AC=4; MT=Fixed; PP=Anywhere; TA=C	NT=Oxidation; AC=35; MT=Variable; PP=Anywhere; TA=M	NT=Methyl; AC=34; MT=Variable; PP=Anywhere; TA=K,R	NT=Dimethyl; AC=36; MT=Variable; PP=Anywhere; TA=K,R	NT=Trimethyl; AC=37; MT=Variable; PP=Anywhere; TA=K		20ppm	167	lesSDRF v0.1.0	NT=data-dependent acquisition;AC=PRIDE:0000627	v1.1.0	NT=ms-proteomics;VV=v1.1.0
Histone samples	Homo sapiens	cervix	167	HeLa	not applicable	Cancer	run167	proteomic profiling by mass spectrometry	Trypsin	DM_hmSILAC_Test_Tryp_Ambic.raw	Nucleus (acidic extraction of histones)	20ppm	Q Exactive	SILAC heavy	NT=Carbamidomethyl; AC=4; MT=Fixed; PP=Anywhere; TA=C	NT=Oxidation; AC=35; MT=Variable; PP=Anywhere; TA=M	NT=Methyl:2H(3)13C(1); AC=329; MT=Variable; PP=Anywhere; TA=K,R	NT=Dimethyl:2H(6)13C(2); AC=330; MT=Variable; PP=Anywhere; TA=K,R	NT=Trimethyl:13C(3)2H(9); AC=1414; MT=Variable; PP=Anywhere; TA=K	NT=Label:13C(4); AC=1266; MT=Fixed; PP=Anywhere; TA=M	20ppm	167	lesSDRF v0.1.0	NT=data-dependent acquisition;AC=PRIDE:0000627	v1.1.0	NT=ms-proteomics;VV=v1.1.0
Histone samples	Homo sapiens	cervix	168	HeLa	not applicable	Cancer	run168	proteomic profiling by mass spectrometry	Trypsin	DM_hmSILAC_Test_Tryp_Urea.raw	Nucleus (acidic extraction of histones)	20ppm	Q Exactive	SILAC light	NT=Carbamidomethyl; AC=4; MT=Fixed; PP=Anywhere; TA=C	NT=Oxidation; AC=35; MT=Variable; PP=Anywhere; TA=M	NT=Methyl; AC=34; MT=Variable; PP=Anywhere; TA=K,R	NT=Dimethyl; AC=36; MT=Variable; PP=Anywhere; TA=K,R	NT=Trimethyl; AC=37; MT=Variable; PP=Anywhere; TA=K		20ppm	168	lesSDRF v0.1.0	NT=data-dependent acquisition;AC=PRIDE:0000627	v1.1.0	NT=ms-proteomics;VV=v1.1.0
Histone samples	Homo sapiens	cervix	168	HeLa	not applicable	Cancer	run168	proteomic profiling by mass spectrometry	Trypsin	DM_hmSILAC_Test_Tryp_Urea.raw	Nucleus (acidic extraction of histones)	20ppm	Q Exactive	SILAC heavy	NT=Carbamidomethyl; AC=4; MT=Fixed; PP=Anywhere; TA=C	NT=Oxidation; AC=35; MT=Variable; PP=Anywhere; TA=M	NT=Methyl:2H(3)13C(1); AC=329; MT=Variable; PP=Anywhere; TA=K,R	NT=Dimethyl:2H(6)13C(2); AC=330; MT=Variable; PP=Anywhere; TA=K,R	NT=Trimethyl:13C(3)2H(9); AC=1414; MT=Variable; PP=Anywhere; TA=K	NT=Label:13C(4); AC=1266; MT=Fixed; PP=Anywhere; TA=M	20ppm	168	lesSDRF v0.1.0	NT=data-dependent acquisition;AC=PRIDE:0000627	v1.1.0	NT=ms-proteomics;VV=v1.1.0
AC-Kme,di 1	Homo sapiens	cervix	169	HeLa	not applicable	Cancer	run169	proteomic profiling by mass spectrometry	Trypsin	F110525_AA_AC_IP2336_NCL01.RAW	Nucleus	20ppm	Velos	SILAC light	NT=Carbamidomethyl; AC=4; MT=Fixed; PP=Anywhere; TA=C	NT=Oxidation; AC=35; MT=Variable; PP=Anywhere; TA=M	NT=Methyl; AC=34; MT=Variable; PP=Anywhere; TA=K,R	NT=Dimethyl; AC=36; MT=Variable; PP=Anywhere; TA=K,R	NT=Trimethyl; AC=37; MT=Variable; PP=Anywhere; TA=K		20ppm	169	lesSDRF v0.1.0	NT=data-dependent acquisition;AC=PRIDE:0000627	v1.1.0	NT=ms-proteomics;VV=v1.1.0
AC-Kme,di 1	Homo sapiens	cervix	169	HeLa	not applicable	Cancer	run169	proteomic profiling by mass spectrometry	Trypsin	F110525_AA_AC_IP2336_NCL01.RAW	Nucleus	20ppm	Velos	SILAC heavy	NT=Carbamidomethyl; AC=4; MT=Fixed; PP=Anywhere; TA=C	NT=Oxidation; AC=35; MT=Variable; PP=Anywhere; TA=M	NT=Methyl:2H(3)13C(1); AC=329; MT=Variable; PP=Anywhere; TA=K,R	NT=Dimethyl:2H(6)13C(2); AC=330; MT=Variable; PP=Anywhere; TA=K,R	NT=Trimethyl:13C(3)2H(9); AC=1414; MT=Variable; PP=Anywhere; TA=K	NT=Label:13C(4); AC=1266; MT=Fixed; PP=Anywhere; TA=M	20ppm	169	lesSDRF v0.1.0	NT=data-dependent acquisition;AC=PRIDE:0000627	v1.1.0	NT=ms-proteomics;VV=v1.1.0
AC-Kme,di 1	Homo sapiens	cervix	170	HeLa	not applicable	Cancer	run170	proteomic profiling by mass spectrometry	Trypsin	F110525_AA_AC_IP2336_NCL02.RAW	Nucleus	20ppm	Velos	SILAC light	NT=Carbamidomethyl; AC=4; MT=Fixed; PP=Anywhere; TA=C	NT=Oxidation; AC=35; MT=Variable; PP=Anywhere; TA=M	NT=Methyl; AC=34; MT=Variable; PP=Anywhere; TA=K,R	NT=Dimethyl; AC=36; MT=Variable; PP=Anywhere; TA=K,R	NT=Trimethyl; AC=37; MT=Variable; PP=Anywhere; TA=K		20ppm	170	lesSDRF v0.1.0	NT=data-dependent acquisition;AC=PRIDE:0000627	v1.1.0	NT=ms-proteomics;VV=v1.1.0
AC-Kme,di 1	Homo sapiens	cervix	170	HeLa	not applicable	Cancer	run170	proteomic profiling by mass spectrometry	Trypsin	F110525_AA_AC_IP2336_NCL02.RAW	Nucleus	20ppm	Velos	SILAC heavy	NT=Carbamidomethyl; AC=4; MT=Fixed; PP=Anywhere; TA=C	NT=Oxidation; AC=35; MT=Variable; PP=Anywhere; TA=M	NT=Methyl:2H(3)13C(1); AC=329; MT=Variable; PP=Anywhere; TA=K,R	NT=Dimethyl:2H(6)13C(2); AC=330; MT=Variable; PP=Anywhere; TA=K,R	NT=Trimethyl:13C(3)2H(9); AC=1414; MT=Variable; PP=Anywhere; TA=K	NT=Label:13C(4); AC=1266; MT=Fixed; PP=Anywhere; TA=M	20ppm	170	lesSDRF v0.1.0	NT=data-dependent acquisition;AC=PRIDE:0000627	v1.1.0	NT=ms-proteomics;VV=v1.1.0
AC-Kme,di 1	Homo sapiens	cervix	171	HeLa	not applicable	Cancer	run171	proteomic profiling by mass spectrometry	Trypsin	F110525_AA_AC_IP2336_NCL03.RAW	Nucleus	20ppm	Velos	SILAC light	NT=Carbamidomethyl; AC=4; MT=Fixed; PP=Anywhere; TA=C	NT=Oxidation; AC=35; MT=Variable; PP=Anywhere; TA=M	NT=Methyl; AC=34; MT=Variable; PP=Anywhere; TA=K,R	NT=Dimethyl; AC=36; MT=Variable; PP=Anywhere; TA=K,R	NT=Trimethyl; AC=37; MT=Variable; PP=Anywhere; TA=K		20ppm	171	lesSDRF v0.1.0	NT=data-dependent acquisition;AC=PRIDE:0000627	v1.1.0	NT=ms-proteomics;VV=v1.1.0
AC-Kme,di 1	Homo sapiens	cervix	171	HeLa	not applicable	Cancer	run171	proteomic profiling by mass spectrometry	Trypsin	F110525_AA_AC_IP2336_NCL03.RAW	Nucleus	20ppm	Velos	SILAC heavy	NT=Carbamidomethyl; AC=4; MT=Fixed; PP=Anywhere; TA=C	NT=Oxidation; AC=35; MT=Variable; PP=Anywhere; TA=M	NT=Methyl:2H(3)13C(1); AC=329; MT=Variable; PP=Anywhere; TA=K,R	NT=Dimethyl:2H(6)13C(2); AC=330; MT=Variable; PP=Anywhere; TA=K,R	NT=Trimethyl:13C(3)2H(9); AC=1414; MT=Variable; PP=Anywhere; TA=K	NT=Label:13C(4); AC=1266; MT=Fixed; PP=Anywhere; TA=M	20ppm	171	lesSDRF v0.1.0	NT=data-dependent acquisition;AC=PRIDE:0000627	v1.1.0	NT=ms-proteomics;VV=v1.1.0
AC-Kme,di 1	Homo sapiens	cervix	172	HeLa	not applicable	Cancer	run172	proteomic profiling by mass spectrometry	Trypsin	F110525_AA_AC_IP2336_NCL04.RAW	Nucleus	20ppm	Velos	SILAC light	NT=Carbamidomethyl; AC=4; MT=Fixed; PP=Anywhere; TA=C	NT=Oxidation; AC=35; MT=Variable; PP=Anywhere; TA=M	NT=Methyl; AC=34; MT=Variable; PP=Anywhere; TA=K,R	NT=Dimethyl; AC=36; MT=Variable; PP=Anywhere; TA=K,R	NT=Trimethyl; AC=37; MT=Variable; PP=Anywhere; TA=K		20ppm	172	lesSDRF v0.1.0	NT=data-dependent acquisition;AC=PRIDE:0000627	v1.1.0	NT=ms-proteomics;VV=v1.1.0
AC-Kme,di 1	Homo sapiens	cervix	172	HeLa	not applicable	Cancer	run172	proteomic profiling by mass spectrometry	Trypsin	F110525_AA_AC_IP2336_NCL04.RAW	Nucleus	20ppm	Velos	SILAC heavy	NT=Carbamidomethyl; AC=4; MT=Fixed; PP=Anywhere; TA=C	NT=Oxidation; AC=35; MT=Variable; PP=Anywhere; TA=M	NT=Methyl:2H(3)13C(1); AC=329; MT=Variable; PP=Anywhere; TA=K,R	NT=Dimethyl:2H(6)13C(2); AC=330; MT=Variable; PP=Anywhere; TA=K,R	NT=Trimethyl:13C(3)2H(9); AC=1414; MT=Variable; PP=Anywhere; TA=K	NT=Label:13C(4); AC=1266; MT=Fixed; PP=Anywhere; TA=M	20ppm	172	lesSDRF v0.1.0	NT=data-dependent acquisition;AC=PRIDE:0000627	v1.1.0	NT=ms-proteomics;VV=v1.1.0
AC-Kme,di 1	Homo sapiens	cervix	173	HeLa	not applicable	Cancer	run173	proteomic profiling by mass spectrometry	Trypsin	F110525_AA_AC_IP2336_NCL05.RAW	Nucleus	20ppm	Velos	SILAC light	NT=Carbamidomethyl; AC=4; MT=Fixed; PP=Anywhere; TA=C	NT=Oxidation; AC=35; MT=Variable; PP=Anywhere; TA=M	NT=Methyl; AC=34; MT=Variable; PP=Anywhere; TA=K,R	NT=Dimethyl; AC=36; MT=Variable; PP=Anywhere; TA=K,R	NT=Trimethyl; AC=37; MT=Variable; PP=Anywhere; TA=K		20ppm	173	lesSDRF v0.1.0	NT=data-dependent acquisition;AC=PRIDE:0000627	v1.1.0	NT=ms-proteomics;VV=v1.1.0
AC-Kme,di 1	Homo sapiens	cervix	173	HeLa	not applicable	Cancer	run173	proteomic profiling by mass spectrometry	Trypsin	F110525_AA_AC_IP2336_NCL05.RAW	Nucleus	20ppm	Velos	SILAC heavy	NT=Carbamidomethyl; AC=4; MT=Fixed; PP=Anywhere; TA=C	NT=Oxidation; AC=35; MT=Variable; PP=Anywhere; TA=M	NT=Methyl:2H(3)13C(1); AC=329; MT=Variable; PP=Anywhere; TA=K,R	NT=Dimethyl:2H(6)13C(2); AC=330; MT=Variable; PP=Anywhere; TA=K,R	NT=Trimethyl:13C(3)2H(9); AC=1414; MT=Variable; PP=Anywhere; TA=K	NT=Label:13C(4); AC=1266; MT=Fixed; PP=Anywhere; TA=M	20ppm	173	lesSDRF v0.1.0	NT=data-dependent acquisition;AC=PRIDE:0000627	v1.1.0	NT=ms-proteomics;VV=v1.1.0
AC-Kme,di 1	Homo sapiens	cervix	174	HeLa	not applicable	Cancer	run174	proteomic profiling by mass spectrometry	Trypsin	F110525_AA_AC_IP2336_NCL06.RAW	Nucleus	20ppm	Velos	SILAC light	NT=Carbamidomethyl; AC=4; MT=Fixed; PP=Anywhere; TA=C	NT=Oxidation; AC=35; MT=Variable; PP=Anywhere; TA=M	NT=Methyl; AC=34; MT=Variable; PP=Anywhere; TA=K,R	NT=Dimethyl; AC=36; MT=Variable; PP=Anywhere; TA=K,R	NT=Trimethyl; AC=37; MT=Variable; PP=Anywhere; TA=K		20ppm	174	lesSDRF v0.1.0	NT=data-dependent acquisition;AC=PRIDE:0000627	v1.1.0	NT=ms-proteomics;VV=v1.1.0
AC-Kme,di 1	Homo sapiens	cervix	174	HeLa	not applicable	Cancer	run174	proteomic profiling by mass spectrometry	Trypsin	F110525_AA_AC_IP2336_NCL06.RAW	Nucleus	20ppm	Velos	SILAC heavy	NT=Carbamidomethyl; AC=4; MT=Fixed; PP=Anywhere; TA=C	NT=Oxidation; AC=35; MT=Variable; PP=Anywhere; TA=M	NT=Methyl:2H(3)13C(1); AC=329; MT=Variable; PP=Anywhere; TA=K,R	NT=Dimethyl:2H(6)13C(2); AC=330; MT=Variable; PP=Anywhere; TA=K,R	NT=Trimethyl:13C(3)2H(9); AC=1414; MT=Variable; PP=Anywhere; TA=K	NT=Label:13C(4); AC=1266; MT=Fixed; PP=Anywhere; TA=M	20ppm	174	lesSDRF v0.1.0	NT=data-dependent acquisition;AC=PRIDE:0000627	v1.1.0	NT=ms-proteomics;VV=v1.1.0
AC-Kme,di 1	Homo sapiens	cervix	175	HeLa	not applicable	Cancer	run175	proteomic profiling by mass spectrometry	Trypsin	F110525_AA_AC_IP2336_NCL07.RAW	Nucleus	20ppm	Velos	SILAC light	NT=Carbamidomethyl; AC=4; MT=Fixed; PP=Anywhere; TA=C	NT=Oxidation; AC=35; MT=Variable; PP=Anywhere; TA=M	NT=Methyl; AC=34; MT=Variable; PP=Anywhere; TA=K,R	NT=Dimethyl; AC=36; MT=Variable; PP=Anywhere; TA=K,R	NT=Trimethyl; AC=37; MT=Variable; PP=Anywhere; TA=K		20ppm	175	lesSDRF v0.1.0	NT=data-dependent acquisition;AC=PRIDE:0000627	v1.1.0	NT=ms-proteomics;VV=v1.1.0
AC-Kme,di 1	Homo sapiens	cervix	175	HeLa	not applicable	Cancer	run175	proteomic profiling by mass spectrometry	Trypsin	F110525_AA_AC_IP2336_NCL07.RAW	Nucleus	20ppm	Velos	SILAC heavy	NT=Carbamidomethyl; AC=4; MT=Fixed; PP=Anywhere; TA=C	NT=Oxidation; AC=35; MT=Variable; PP=Anywhere; TA=M	NT=Methyl:2H(3)13C(1); AC=329; MT=Variable; PP=Anywhere; TA=K,R	NT=Dimethyl:2H(6)13C(2); AC=330; MT=Variable; PP=Anywhere; TA=K,R	NT=Trimethyl:13C(3)2H(9); AC=1414; MT=Variable; PP=Anywhere; TA=K	NT=Label:13C(4); AC=1266; MT=Fixed; PP=Anywhere; TA=M	20ppm	175	lesSDRF v0.1.0	NT=data-dependent acquisition;AC=PRIDE:0000627	v1.1.0	NT=ms-proteomics;VV=v1.1.0
AC-Kme,di 1	Homo sapiens	cervix	176	HeLa	not applicable	Cancer	run176	proteomic profiling by mass spectrometry	Trypsin	F110525_AA_AC_IP2336_NCL08.RAW	Nucleus	20ppm	Velos	SILAC light	NT=Carbamidomethyl; AC=4; MT=Fixed; PP=Anywhere; TA=C	NT=Oxidation; AC=35; MT=Variable; PP=Anywhere; TA=M	NT=Methyl; AC=34; MT=Variable; PP=Anywhere; TA=K,R	NT=Dimethyl; AC=36; MT=Variable; PP=Anywhere; TA=K,R	NT=Trimethyl; AC=37; MT=Variable; PP=Anywhere; TA=K		20ppm	176	lesSDRF v0.1.0	NT=data-dependent acquisition;AC=PRIDE:0000627	v1.1.0	NT=ms-proteomics;VV=v1.1.0
AC-Kme,di 1	Homo sapiens	cervix	176	HeLa	not applicable	Cancer	run176	proteomic profiling by mass spectrometry	Trypsin	F110525_AA_AC_IP2336_NCL08.RAW	Nucleus	20ppm	Velos	SILAC heavy	NT=Carbamidomethyl; AC=4; MT=Fixed; PP=Anywhere; TA=C	NT=Oxidation; AC=35; MT=Variable; PP=Anywhere; TA=M	NT=Methyl:2H(3)13C(1); AC=329; MT=Variable; PP=Anywhere; TA=K,R	NT=Dimethyl:2H(6)13C(2); AC=330; MT=Variable; PP=Anywhere; TA=K,R	NT=Trimethyl:13C(3)2H(9); AC=1414; MT=Variable; PP=Anywhere; TA=K	NT=Label:13C(4); AC=1266; MT=Fixed; PP=Anywhere; TA=M	20ppm	176	lesSDRF v0.1.0	NT=data-dependent acquisition;AC=PRIDE:0000627	v1.1.0	NT=ms-proteomics;VV=v1.1.0
AR-Kpan 1	Homo sapiens	cervix	177	HeLa	not applicable	Cancer	run177	proteomic profiling by mass spectrometry	Trypsin	F120120_AA_AC_IPAcris_Nucl_01.raw	Nucleus	20ppm	Velos	SILAC light	NT=Carbamidomethyl; AC=4; MT=Fixed; PP=Anywhere; TA=C	NT=Oxidation; AC=35; MT=Variable; PP=Anywhere; TA=M	NT=Methyl; AC=34; MT=Variable; PP=Anywhere; TA=K,R	NT=Dimethyl; AC=36; MT=Variable; PP=Anywhere; TA=K,R	NT=Trimethyl; AC=37; MT=Variable; PP=Anywhere; TA=K		20ppm	177	lesSDRF v0.1.0	NT=data-dependent acquisition;AC=PRIDE:0000627	v1.1.0	NT=ms-proteomics;VV=v1.1.0
AR-Kpan 1	Homo sapiens	cervix	177	HeLa	not applicable	Cancer	run177	proteomic profiling by mass spectrometry	Trypsin	F120120_AA_AC_IPAcris_Nucl_01.raw	Nucleus	20ppm	Velos	SILAC heavy	NT=Carbamidomethyl; AC=4; MT=Fixed; PP=Anywhere; TA=C	NT=Oxidation; AC=35; MT=Variable; PP=Anywhere; TA=M	NT=Methyl:2H(3)13C(1); AC=329; MT=Variable; PP=Anywhere; TA=K,R	NT=Dimethyl:2H(6)13C(2); AC=330; MT=Variable; PP=Anywhere; TA=K,R	NT=Trimethyl:13C(3)2H(9); AC=1414; MT=Variable; PP=Anywhere; TA=K	NT=Label:13C(4); AC=1266; MT=Fixed; PP=Anywhere; TA=M	20ppm	177	lesSDRF v0.1.0	NT=data-dependent acquisition;AC=PRIDE:0000627	v1.1.0	NT=ms-proteomics;VV=v1.1.0
AR-Kpan 1	Homo sapiens	cervix	178	HeLa	not applicable	Cancer	run178	proteomic profiling by mass spectrometry	Trypsin	F120120_AA_AC_IPAcris_Nucl_02.raw	Nucleus	20ppm	Velos	SILAC light	NT=Carbamidomethyl; AC=4; MT=Fixed; PP=Anywhere; TA=C	NT=Oxidation; AC=35; MT=Variable; PP=Anywhere; TA=M	NT=Methyl; AC=34; MT=Variable; PP=Anywhere; TA=K,R	NT=Dimethyl; AC=36; MT=Variable; PP=Anywhere; TA=K,R	NT=Trimethyl; AC=37; MT=Variable; PP=Anywhere; TA=K		20ppm	178	lesSDRF v0.1.0	NT=data-dependent acquisition;AC=PRIDE:0000627	v1.1.0	NT=ms-proteomics;VV=v1.1.0
AR-Kpan 1	Homo sapiens	cervix	178	HeLa	not applicable	Cancer	run178	proteomic profiling by mass spectrometry	Trypsin	F120120_AA_AC_IPAcris_Nucl_02.raw	Nucleus	20ppm	Velos	SILAC heavy	NT=Carbamidomethyl; AC=4; MT=Fixed; PP=Anywhere; TA=C	NT=Oxidation; AC=35; MT=Variable; PP=Anywhere; TA=M	NT=Methyl:2H(3)13C(1); AC=329; MT=Variable; PP=Anywhere; TA=K,R	NT=Dimethyl:2H(6)13C(2); AC=330; MT=Variable; PP=Anywhere; TA=K,R	NT=Trimethyl:13C(3)2H(9); AC=1414; MT=Variable; PP=Anywhere; TA=K	NT=Label:13C(4); AC=1266; MT=Fixed; PP=Anywhere; TA=M	20ppm	178	lesSDRF v0.1.0	NT=data-dependent acquisition;AC=PRIDE:0000627	v1.1.0	NT=ms-proteomics;VV=v1.1.0
AR-Kpan 1	Homo sapiens	cervix	179	HeLa	not applicable	Cancer	run179	proteomic profiling by mass spectrometry	Trypsin	F120120_AA_AC_IPAcris_Nucl_03.raw	Nucleus	20ppm	Velos	SILAC light	NT=Carbamidomethyl; AC=4; MT=Fixed; PP=Anywhere; TA=C	NT=Oxidation; AC=35; MT=Variable; PP=Anywhere; TA=M	NT=Methyl; AC=34; MT=Variable; PP=Anywhere; TA=K,R	NT=Dimethyl; AC=36; MT=Variable; PP=Anywhere; TA=K,R	NT=Trimethyl; AC=37; MT=Variable; PP=Anywhere; TA=K		20ppm	179	lesSDRF v0.1.0	NT=data-dependent acquisition;AC=PRIDE:0000627	v1.1.0	NT=ms-proteomics;VV=v1.1.0
AR-Kpan 1	Homo sapiens	cervix	179	HeLa	not applicable	Cancer	run179	proteomic profiling by mass spectrometry	Trypsin	F120120_AA_AC_IPAcris_Nucl_03.raw	Nucleus	20ppm	Velos	SILAC heavy	NT=Carbamidomethyl; AC=4; MT=Fixed; PP=Anywhere; TA=C	NT=Oxidation; AC=35; MT=Variable; PP=Anywhere; TA=M	NT=Methyl:2H(3)13C(1); AC=329; MT=Variable; PP=Anywhere; TA=K,R	NT=Dimethyl:2H(6)13C(2); AC=330; MT=Variable; PP=Anywhere; TA=K,R	NT=Trimethyl:13C(3)2H(9); AC=1414; MT=Variable; PP=Anywhere; TA=K	NT=Label:13C(4); AC=1266; MT=Fixed; PP=Anywhere; TA=M	20ppm	179	lesSDRF v0.1.0	NT=data-dependent acquisition;AC=PRIDE:0000627	v1.1.0	NT=ms-proteomics;VV=v1.1.0
AR-Kpan 1	Homo sapiens	cervix	180	HeLa	not applicable	Cancer	run180	proteomic profiling by mass spectrometry	Trypsin	F120120_AA_AC_IPAcris_Nucl_04.raw	Nucleus	20ppm	Velos	SILAC light	NT=Carbamidomethyl; AC=4; MT=Fixed; PP=Anywhere; TA=C	NT=Oxidation; AC=35; MT=Variable; PP=Anywhere; TA=M	NT=Methyl; AC=34; MT=Variable; PP=Anywhere; TA=K,R	NT=Dimethyl; AC=36; MT=Variable; PP=Anywhere; TA=K,R	NT=Trimethyl; AC=37; MT=Variable; PP=Anywhere; TA=K		20ppm	180	lesSDRF v0.1.0	NT=data-dependent acquisition;AC=PRIDE:0000627	v1.1.0	NT=ms-proteomics;VV=v1.1.0
AR-Kpan 1	Homo sapiens	cervix	180	HeLa	not applicable	Cancer	run180	proteomic profiling by mass spectrometry	Trypsin	F120120_AA_AC_IPAcris_Nucl_04.raw	Nucleus	20ppm	Velos	SILAC heavy	NT=Carbamidomethyl; AC=4; MT=Fixed; PP=Anywhere; TA=C	NT=Oxidation; AC=35; MT=Variable; PP=Anywhere; TA=M	NT=Methyl:2H(3)13C(1); AC=329; MT=Variable; PP=Anywhere; TA=K,R	NT=Dimethyl:2H(6)13C(2); AC=330; MT=Variable; PP=Anywhere; TA=K,R	NT=Trimethyl:13C(3)2H(9); AC=1414; MT=Variable; PP=Anywhere; TA=K	NT=Label:13C(4); AC=1266; MT=Fixed; PP=Anywhere; TA=M	20ppm	180	lesSDRF v0.1.0	NT=data-dependent acquisition;AC=PRIDE:0000627	v1.1.0	NT=ms-proteomics;VV=v1.1.0
AR-Kpan 1	Homo sapiens	cervix	181	HeLa	not applicable	Cancer	run181	proteomic profiling by mass spectrometry	Trypsin	F120120_AA_AC_IPAcris_Nucl_05.raw	Nucleus	20ppm	Velos	SILAC light	NT=Carbamidomethyl; AC=4; MT=Fixed; PP=Anywhere; TA=C	NT=Oxidation; AC=35; MT=Variable; PP=Anywhere; TA=M	NT=Methyl; AC=34; MT=Variable; PP=Anywhere; TA=K,R	NT=Dimethyl; AC=36; MT=Variable; PP=Anywhere; TA=K,R	NT=Trimethyl; AC=37; MT=Variable; PP=Anywhere; TA=K		20ppm	181	lesSDRF v0.1.0	NT=data-dependent acquisition;AC=PRIDE:0000627	v1.1.0	NT=ms-proteomics;VV=v1.1.0
AR-Kpan 1	Homo sapiens	cervix	181	HeLa	not applicable	Cancer	run181	proteomic profiling by mass spectrometry	Trypsin	F120120_AA_AC_IPAcris_Nucl_05.raw	Nucleus	20ppm	Velos	SILAC heavy	NT=Carbamidomethyl; AC=4; MT=Fixed; PP=Anywhere; TA=C	NT=Oxidation; AC=35; MT=Variable; PP=Anywhere; TA=M	NT=Methyl:2H(3)13C(1); AC=329; MT=Variable; PP=Anywhere; TA=K,R	NT=Dimethyl:2H(6)13C(2); AC=330; MT=Variable; PP=Anywhere; TA=K,R	NT=Trimethyl:13C(3)2H(9); AC=1414; MT=Variable; PP=Anywhere; TA=K	NT=Label:13C(4); AC=1266; MT=Fixed; PP=Anywhere; TA=M	20ppm	181	lesSDRF v0.1.0	NT=data-dependent acquisition;AC=PRIDE:0000627	v1.1.0	NT=ms-proteomics;VV=v1.1.0
AR-Kpan 1	Homo sapiens	cervix	182	HeLa	not applicable	Cancer	run182	proteomic profiling by mass spectrometry	Trypsin	F120120_AA_AC_IPAcris_Nucl_06.raw	Nucleus	20ppm	Velos	SILAC light	NT=Carbamidomethyl; AC=4; MT=Fixed; PP=Anywhere; TA=C	NT=Oxidation; AC=35; MT=Variable; PP=Anywhere; TA=M	NT=Methyl; AC=34; MT=Variable; PP=Anywhere; TA=K,R	NT=Dimethyl; AC=36; MT=Variable; PP=Anywhere; TA=K,R	NT=Trimethyl; AC=37; MT=Variable; PP=Anywhere; TA=K		20ppm	182	lesSDRF v0.1.0	NT=data-dependent acquisition;AC=PRIDE:0000627	v1.1.0	NT=ms-proteomics;VV=v1.1.0
AR-Kpan 1	Homo sapiens	cervix	182	HeLa	not applicable	Cancer	run182	proteomic profiling by mass spectrometry	Trypsin	F120120_AA_AC_IPAcris_Nucl_06.raw	Nucleus	20ppm	Velos	SILAC heavy	NT=Carbamidomethyl; AC=4; MT=Fixed; PP=Anywhere; TA=C	NT=Oxidation; AC=35; MT=Variable; PP=Anywhere; TA=M	NT=Methyl:2H(3)13C(1); AC=329; MT=Variable; PP=Anywhere; TA=K,R	NT=Dimethyl:2H(6)13C(2); AC=330; MT=Variable; PP=Anywhere; TA=K,R	NT=Trimethyl:13C(3)2H(9); AC=1414; MT=Variable; PP=Anywhere; TA=K	NT=Label:13C(4); AC=1266; MT=Fixed; PP=Anywhere; TA=M	20ppm	182	lesSDRF v0.1.0	NT=data-dependent acquisition;AC=PRIDE:0000627	v1.1.0	NT=ms-proteomics;VV=v1.1.0
AR-Kpan 1	Homo sapiens	cervix	183	HeLa	not applicable	Cancer	run183	proteomic profiling by mass spectrometry	Trypsin	F120120_AA_AC_IPAcris_Nucl_07.raw	Nucleus	20ppm	Velos	SILAC light	NT=Carbamidomethyl; AC=4; MT=Fixed; PP=Anywhere; TA=C	NT=Oxidation; AC=35; MT=Variable; PP=Anywhere; TA=M	NT=Methyl; AC=34; MT=Variable; PP=Anywhere; TA=K,R	NT=Dimethyl; AC=36; MT=Variable; PP=Anywhere; TA=K,R	NT=Trimethyl; AC=37; MT=Variable; PP=Anywhere; TA=K		20ppm	183	lesSDRF v0.1.0	NT=data-dependent acquisition;AC=PRIDE:0000627	v1.1.0	NT=ms-proteomics;VV=v1.1.0
AR-Kpan 1	Homo sapiens	cervix	183	HeLa	not applicable	Cancer	run183	proteomic profiling by mass spectrometry	Trypsin	F120120_AA_AC_IPAcris_Nucl_07.raw	Nucleus	20ppm	Velos	SILAC heavy	NT=Carbamidomethyl; AC=4; MT=Fixed; PP=Anywhere; TA=C	NT=Oxidation; AC=35; MT=Variable; PP=Anywhere; TA=M	NT=Methyl:2H(3)13C(1); AC=329; MT=Variable; PP=Anywhere; TA=K,R	NT=Dimethyl:2H(6)13C(2); AC=330; MT=Variable; PP=Anywhere; TA=K,R	NT=Trimethyl:13C(3)2H(9); AC=1414; MT=Variable; PP=Anywhere; TA=K	NT=Label:13C(4); AC=1266; MT=Fixed; PP=Anywhere; TA=M	20ppm	183	lesSDRF v0.1.0	NT=data-dependent acquisition;AC=PRIDE:0000627	v1.1.0	NT=ms-proteomics;VV=v1.1.0
AR-Kpan 1	Homo sapiens	cervix	184	HeLa	not applicable	Cancer	run184	proteomic profiling by mass spectrometry	Trypsin	F120120_AA_AC_IPAcris_Nucl_08.raw	Nucleus	20ppm	Velos	SILAC light	NT=Carbamidomethyl; AC=4; MT=Fixed; PP=Anywhere; TA=C	NT=Oxidation; AC=35; MT=Variable; PP=Anywhere; TA=M	NT=Methyl; AC=34; MT=Variable; PP=Anywhere; TA=K,R	NT=Dimethyl; AC=36; MT=Variable; PP=Anywhere; TA=K,R	NT=Trimethyl; AC=37; MT=Variable; PP=Anywhere; TA=K		20ppm	184	lesSDRF v0.1.0	NT=data-dependent acquisition;AC=PRIDE:0000627	v1.1.0	NT=ms-proteomics;VV=v1.1.0
AR-Kpan 1	Homo sapiens	cervix	184	HeLa	not applicable	Cancer	run184	proteomic profiling by mass spectrometry	Trypsin	F120120_AA_AC_IPAcris_Nucl_08.raw	Nucleus	20ppm	Velos	SILAC heavy	NT=Carbamidomethyl; AC=4; MT=Fixed; PP=Anywhere; TA=C	NT=Oxidation; AC=35; MT=Variable; PP=Anywhere; TA=M	NT=Methyl:2H(3)13C(1); AC=329; MT=Variable; PP=Anywhere; TA=K,R	NT=Dimethyl:2H(6)13C(2); AC=330; MT=Variable; PP=Anywhere; TA=K,R	NT=Trimethyl:13C(3)2H(9); AC=1414; MT=Variable; PP=Anywhere; TA=K	NT=Label:13C(4); AC=1266; MT=Fixed; PP=Anywhere; TA=M	20ppm	184	lesSDRF v0.1.0	NT=data-dependent acquisition;AC=PRIDE:0000627	v1.1.0	NT=ms-proteomics;VV=v1.1.0
CS-Rme-I	Homo sapiens	cervix	185	HeLa	not applicable	Cancer	run185	proteomic profiling by mass spectrometry	Trypsin	F121002_AC_MS_RGG_N1.raw	Nucleus	20ppm	Velos	SILAC light	NT=Carbamidomethyl; AC=4; MT=Fixed; PP=Anywhere; TA=C	NT=Oxidation; AC=35; MT=Variable; PP=Anywhere; TA=M	NT=Methyl; AC=34; MT=Variable; PP=Anywhere; TA=K,R	NT=Dimethyl; AC=36; MT=Variable; PP=Anywhere; TA=K,R	NT=Trimethyl; AC=37; MT=Variable; PP=Anywhere; TA=K		20ppm	185	lesSDRF v0.1.0	NT=data-dependent acquisition;AC=PRIDE:0000627	v1.1.0	NT=ms-proteomics;VV=v1.1.0
CS-Rme-I	Homo sapiens	cervix	185	HeLa	not applicable	Cancer	run185	proteomic profiling by mass spectrometry	Trypsin	F121002_AC_MS_RGG_N1.raw	Nucleus	20ppm	Velos	SILAC heavy	NT=Carbamidomethyl; AC=4; MT=Fixed; PP=Anywhere; TA=C	NT=Oxidation; AC=35; MT=Variable; PP=Anywhere; TA=M	NT=Methyl:2H(3)13C(1); AC=329; MT=Variable; PP=Anywhere; TA=K,R	NT=Dimethyl:2H(6)13C(2); AC=330; MT=Variable; PP=Anywhere; TA=K,R	NT=Trimethyl:13C(3)2H(9); AC=1414; MT=Variable; PP=Anywhere; TA=K	NT=Label:13C(4); AC=1266; MT=Fixed; PP=Anywhere; TA=M	20ppm	185	lesSDRF v0.1.0	NT=data-dependent acquisition;AC=PRIDE:0000627	v1.1.0	NT=ms-proteomics;VV=v1.1.0
CS-Rme-I	Homo sapiens	cervix	186	HeLa	not applicable	Cancer	run186	proteomic profiling by mass spectrometry	Trypsin	F121002_AC_MS_RGG_N2.raw	Nucleus	20ppm	Velos	SILAC light	NT=Carbamidomethyl; AC=4; MT=Fixed; PP=Anywhere; TA=C	NT=Oxidation; AC=35; MT=Variable; PP=Anywhere; TA=M	NT=Methyl; AC=34; MT=Variable; PP=Anywhere; TA=K,R	NT=Dimethyl; AC=36; MT=Variable; PP=Anywhere; TA=K,R	NT=Trimethyl; AC=37; MT=Variable; PP=Anywhere; TA=K		20ppm	186	lesSDRF v0.1.0	NT=data-dependent acquisition;AC=PRIDE:0000627	v1.1.0	NT=ms-proteomics;VV=v1.1.0
CS-Rme-I	Homo sapiens	cervix	186	HeLa	not applicable	Cancer	run186	proteomic profiling by mass spectrometry	Trypsin	F121002_AC_MS_RGG_N2.raw	Nucleus	20ppm	Velos	SILAC heavy	NT=Carbamidomethyl; AC=4; MT=Fixed; PP=Anywhere; TA=C	NT=Oxidation; AC=35; MT=Variable; PP=Anywhere; TA=M	NT=Methyl:2H(3)13C(1); AC=329; MT=Variable; PP=Anywhere; TA=K,R	NT=Dimethyl:2H(6)13C(2); AC=330; MT=Variable; PP=Anywhere; TA=K,R	NT=Trimethyl:13C(3)2H(9); AC=1414; MT=Variable; PP=Anywhere; TA=K	NT=Label:13C(4); AC=1266; MT=Fixed; PP=Anywhere; TA=M	20ppm	186	lesSDRF v0.1.0	NT=data-dependent acquisition;AC=PRIDE:0000627	v1.1.0	NT=ms-proteomics;VV=v1.1.0
CS-Rme-I	Homo sapiens	cervix	187	HeLa	not applicable	Cancer	run187	proteomic profiling by mass spectrometry	Trypsin	F121002_AC_MS_RGG_N3.raw	Nucleus	20ppm	Velos	SILAC light	NT=Carbamidomethyl; AC=4; MT=Fixed; PP=Anywhere; TA=C	NT=Oxidation; AC=35; MT=Variable; PP=Anywhere; TA=M	NT=Methyl; AC=34; MT=Variable; PP=Anywhere; TA=K,R	NT=Dimethyl; AC=36; MT=Variable; PP=Anywhere; TA=K,R	NT=Trimethyl; AC=37; MT=Variable; PP=Anywhere; TA=K		20ppm	187	lesSDRF v0.1.0	NT=data-dependent acquisition;AC=PRIDE:0000627	v1.1.0	NT=ms-proteomics;VV=v1.1.0
CS-Rme-I	Homo sapiens	cervix	187	HeLa	not applicable	Cancer	run187	proteomic profiling by mass spectrometry	Trypsin	F121002_AC_MS_RGG_N3.raw	Nucleus	20ppm	Velos	SILAC heavy	NT=Carbamidomethyl; AC=4; MT=Fixed; PP=Anywhere; TA=C	NT=Oxidation; AC=35; MT=Variable; PP=Anywhere; TA=M	NT=Methyl:2H(3)13C(1); AC=329; MT=Variable; PP=Anywhere; TA=K,R	NT=Dimethyl:2H(6)13C(2); AC=330; MT=Variable; PP=Anywhere; TA=K,R	NT=Trimethyl:13C(3)2H(9); AC=1414; MT=Variable; PP=Anywhere; TA=K	NT=Label:13C(4); AC=1266; MT=Fixed; PP=Anywhere; TA=M	20ppm	187	lesSDRF v0.1.0	NT=data-dependent acquisition;AC=PRIDE:0000627	v1.1.0	NT=ms-proteomics;VV=v1.1.0
CS-Rme-I	Homo sapiens	cervix	188	HeLa	not applicable	Cancer	run188	proteomic profiling by mass spectrometry	Trypsin	F121002_AC_MS_RGG_N4.raw	Nucleus	20ppm	Velos	SILAC light	NT=Carbamidomethyl; AC=4; MT=Fixed; PP=Anywhere; TA=C	NT=Oxidation; AC=35; MT=Variable; PP=Anywhere; TA=M	NT=Methyl; AC=34; MT=Variable; PP=Anywhere; TA=K,R	NT=Dimethyl; AC=36; MT=Variable; PP=Anywhere; TA=K,R	NT=Trimethyl; AC=37; MT=Variable; PP=Anywhere; TA=K		20ppm	188	lesSDRF v0.1.0	NT=data-dependent acquisition;AC=PRIDE:0000627	v1.1.0	NT=ms-proteomics;VV=v1.1.0
CS-Rme-I	Homo sapiens	cervix	188	HeLa	not applicable	Cancer	run188	proteomic profiling by mass spectrometry	Trypsin	F121002_AC_MS_RGG_N4.raw	Nucleus	20ppm	Velos	SILAC heavy	NT=Carbamidomethyl; AC=4; MT=Fixed; PP=Anywhere; TA=C	NT=Oxidation; AC=35; MT=Variable; PP=Anywhere; TA=M	NT=Methyl:2H(3)13C(1); AC=329; MT=Variable; PP=Anywhere; TA=K,R	NT=Dimethyl:2H(6)13C(2); AC=330; MT=Variable; PP=Anywhere; TA=K,R	NT=Trimethyl:13C(3)2H(9); AC=1414; MT=Variable; PP=Anywhere; TA=K	NT=Label:13C(4); AC=1266; MT=Fixed; PP=Anywhere; TA=M	20ppm	188	lesSDRF v0.1.0	NT=data-dependent acquisition;AC=PRIDE:0000627	v1.1.0	NT=ms-proteomics;VV=v1.1.0
CS-Rme-I	Homo sapiens	cervix	189	HeLa	not applicable	Cancer	run189	proteomic profiling by mass spectrometry	Trypsin	F121002_AC_MS_RGG_N5.raw	Nucleus	20ppm	Velos	SILAC light	NT=Carbamidomethyl; AC=4; MT=Fixed; PP=Anywhere; TA=C	NT=Oxidation; AC=35; MT=Variable; PP=Anywhere; TA=M	NT=Methyl; AC=34; MT=Variable; PP=Anywhere; TA=K,R	NT=Dimethyl; AC=36; MT=Variable; PP=Anywhere; TA=K,R	NT=Trimethyl; AC=37; MT=Variable; PP=Anywhere; TA=K		20ppm	189	lesSDRF v0.1.0	NT=data-dependent acquisition;AC=PRIDE:0000627	v1.1.0	NT=ms-proteomics;VV=v1.1.0
CS-Rme-I	Homo sapiens	cervix	189	HeLa	not applicable	Cancer	run189	proteomic profiling by mass spectrometry	Trypsin	F121002_AC_MS_RGG_N5.raw	Nucleus	20ppm	Velos	SILAC heavy	NT=Carbamidomethyl; AC=4; MT=Fixed; PP=Anywhere; TA=C	NT=Oxidation; AC=35; MT=Variable; PP=Anywhere; TA=M	NT=Methyl:2H(3)13C(1); AC=329; MT=Variable; PP=Anywhere; TA=K,R	NT=Dimethyl:2H(6)13C(2); AC=330; MT=Variable; PP=Anywhere; TA=K,R	NT=Trimethyl:13C(3)2H(9); AC=1414; MT=Variable; PP=Anywhere; TA=K	NT=Label:13C(4); AC=1266; MT=Fixed; PP=Anywhere; TA=M	20ppm	189	lesSDRF v0.1.0	NT=data-dependent acquisition;AC=PRIDE:0000627	v1.1.0	NT=ms-proteomics;VV=v1.1.0
CS-Rme-I	Homo sapiens	cervix	190	HeLa	not applicable	Cancer	run190	proteomic profiling by mass spectrometry	Trypsin	F121002_AC_MS_RGG_N6_121006054657.raw	Nucleus	20ppm	Velos	SILAC light	NT=Carbamidomethyl; AC=4; MT=Fixed; PP=Anywhere; TA=C	NT=Oxidation; AC=35; MT=Variable; PP=Anywhere; TA=M	NT=Methyl; AC=34; MT=Variable; PP=Anywhere; TA=K,R	NT=Dimethyl; AC=36; MT=Variable; PP=Anywhere; TA=K,R	NT=Trimethyl; AC=37; MT=Variable; PP=Anywhere; TA=K		20ppm	190	lesSDRF v0.1.0	NT=data-dependent acquisition;AC=PRIDE:0000627	v1.1.0	NT=ms-proteomics;VV=v1.1.0
CS-Rme-I	Homo sapiens	cervix	190	HeLa	not applicable	Cancer	run190	proteomic profiling by mass spectrometry	Trypsin	F121002_AC_MS_RGG_N6_121006054657.raw	Nucleus	20ppm	Velos	SILAC heavy	NT=Carbamidomethyl; AC=4; MT=Fixed; PP=Anywhere; TA=C	NT=Oxidation; AC=35; MT=Variable; PP=Anywhere; TA=M	NT=Methyl:2H(3)13C(1); AC=329; MT=Variable; PP=Anywhere; TA=K,R	NT=Dimethyl:2H(6)13C(2); AC=330; MT=Variable; PP=Anywhere; TA=K,R	NT=Trimethyl:13C(3)2H(9); AC=1414; MT=Variable; PP=Anywhere; TA=K	NT=Label:13C(4); AC=1266; MT=Fixed; PP=Anywhere; TA=M	20ppm	190	lesSDRF v0.1.0	NT=data-dependent acquisition;AC=PRIDE:0000627	v1.1.0	NT=ms-proteomics;VV=v1.1.0
CS-Rme-I	Homo sapiens	cervix	191	HeLa	not applicable	Cancer	run191	proteomic profiling by mass spectrometry	Trypsin	F121002_AC_MS_RGG_N7_121006081746.raw	Nucleus	20ppm	Velos	SILAC light	NT=Carbamidomethyl; AC=4; MT=Fixed; PP=Anywhere; TA=C	NT=Oxidation; AC=35; MT=Variable; PP=Anywhere; TA=M	NT=Methyl; AC=34; MT=Variable; PP=Anywhere; TA=K,R	NT=Dimethyl; AC=36; MT=Variable; PP=Anywhere; TA=K,R	NT=Trimethyl; AC=37; MT=Variable; PP=Anywhere; TA=K		20ppm	191	lesSDRF v0.1.0	NT=data-dependent acquisition;AC=PRIDE:0000627	v1.1.0	NT=ms-proteomics;VV=v1.1.0
CS-Rme-I	Homo sapiens	cervix	191	HeLa	not applicable	Cancer	run191	proteomic profiling by mass spectrometry	Trypsin	F121002_AC_MS_RGG_N7_121006081746.raw	Nucleus	20ppm	Velos	SILAC heavy	NT=Carbamidomethyl; AC=4; MT=Fixed; PP=Anywhere; TA=C	NT=Oxidation; AC=35; MT=Variable; PP=Anywhere; TA=M	NT=Methyl:2H(3)13C(1); AC=329; MT=Variable; PP=Anywhere; TA=K,R	NT=Dimethyl:2H(6)13C(2); AC=330; MT=Variable; PP=Anywhere; TA=K,R	NT=Trimethyl:13C(3)2H(9); AC=1414; MT=Variable; PP=Anywhere; TA=K	NT=Label:13C(4); AC=1266; MT=Fixed; PP=Anywhere; TA=M	20ppm	191	lesSDRF v0.1.0	NT=data-dependent acquisition;AC=PRIDE:0000627	v1.1.0	NT=ms-proteomics;VV=v1.1.0
CS-Rme-I	Homo sapiens	cervix	192	HeLa	not applicable	Cancer	run192	proteomic profiling by mass spectrometry	Trypsin	F121002_AC_MS_RGG_N8_121006104834.raw	Nucleus	20ppm	Velos	SILAC light	NT=Carbamidomethyl; AC=4; MT=Fixed; PP=Anywhere; TA=C	NT=Oxidation; AC=35; MT=Variable; PP=Anywhere; TA=M	NT=Methyl; AC=34; MT=Variable; PP=Anywhere; TA=K,R	NT=Dimethyl; AC=36; MT=Variable; PP=Anywhere; TA=K,R	NT=Trimethyl; AC=37; MT=Variable; PP=Anywhere; TA=K		20ppm	192	lesSDRF v0.1.0	NT=data-dependent acquisition;AC=PRIDE:0000627	v1.1.0	NT=ms-proteomics;VV=v1.1.0
CS-Rme-I	Homo sapiens	cervix	192	HeLa	not applicable	Cancer	run192	proteomic profiling by mass spectrometry	Trypsin	F121002_AC_MS_RGG_N8_121006104834.raw	Nucleus	20ppm	Velos	SILAC heavy	NT=Carbamidomethyl; AC=4; MT=Fixed; PP=Anywhere; TA=C	NT=Oxidation; AC=35; MT=Variable; PP=Anywhere; TA=M	NT=Methyl:2H(3)13C(1); AC=329; MT=Variable; PP=Anywhere; TA=K,R	NT=Dimethyl:2H(6)13C(2); AC=330; MT=Variable; PP=Anywhere; TA=K,R	NT=Trimethyl:13C(3)2H(9); AC=1414; MT=Variable; PP=Anywhere; TA=K	NT=Label:13C(4); AC=1266; MT=Fixed; PP=Anywhere; TA=M	20ppm	192	lesSDRF v0.1.0	NT=data-dependent acquisition;AC=PRIDE:0000627	v1.1.0	NT=ms-proteomics;VV=v1.1.0
CS-Rme-I	Homo sapiens	cervix	193	HeLa	not applicable	Cancer	run193	proteomic profiling by mass spectrometry	Trypsin	F121002_AC_MS_RGG_N9_121006131922.raw	Nucleus	20ppm	Velos	SILAC light	NT=Carbamidomethyl; AC=4; MT=Fixed; PP=Anywhere; TA=C	NT=Oxidation; AC=35; MT=Variable; PP=Anywhere; TA=M	NT=Methyl; AC=34; MT=Variable; PP=Anywhere; TA=K,R	NT=Dimethyl; AC=36; MT=Variable; PP=Anywhere; TA=K,R	NT=Trimethyl; AC=37; MT=Variable; PP=Anywhere; TA=K		20ppm	193	lesSDRF v0.1.0	NT=data-dependent acquisition;AC=PRIDE:0000627	v1.1.0	NT=ms-proteomics;VV=v1.1.0
CS-Rme-I	Homo sapiens	cervix	193	HeLa	not applicable	Cancer	run193	proteomic profiling by mass spectrometry	Trypsin	F121002_AC_MS_RGG_N9_121006131922.raw	Nucleus	20ppm	Velos	SILAC heavy	NT=Carbamidomethyl; AC=4; MT=Fixed; PP=Anywhere; TA=C	NT=Oxidation; AC=35; MT=Variable; PP=Anywhere; TA=M	NT=Methyl:2H(3)13C(1); AC=329; MT=Variable; PP=Anywhere; TA=K,R	NT=Dimethyl:2H(6)13C(2); AC=330; MT=Variable; PP=Anywhere; TA=K,R	NT=Trimethyl:13C(3)2H(9); AC=1414; MT=Variable; PP=Anywhere; TA=K	NT=Label:13C(4); AC=1266; MT=Fixed; PP=Anywhere; TA=M	20ppm	193	lesSDRF v0.1.0	NT=data-dependent acquisition;AC=PRIDE:0000627	v1.1.0	NT=ms-proteomics;VV=v1.1.0
CS-Rme-II 2	Homo sapiens	cervix	194	HeLa	not applicable	Cancer	run194	proteomic profiling by mass spectrometry	Trypsin	F121029_QC_HCD_MetRII_Cyt_01.raw	Cytosol	20ppm	Velos	SILAC light	NT=Carbamidomethyl; AC=4; MT=Fixed; PP=Anywhere; TA=C	NT=Oxidation; AC=35; MT=Variable; PP=Anywhere; TA=M	NT=Methyl; AC=34; MT=Variable; PP=Anywhere; TA=K,R	NT=Dimethyl; AC=36; MT=Variable; PP=Anywhere; TA=K,R	NT=Trimethyl; AC=37; MT=Variable; PP=Anywhere; TA=K		20ppm	194	lesSDRF v0.1.0	NT=data-dependent acquisition;AC=PRIDE:0000627	v1.1.0	NT=ms-proteomics;VV=v1.1.0
CS-Rme-II 2	Homo sapiens	cervix	194	HeLa	not applicable	Cancer	run194	proteomic profiling by mass spectrometry	Trypsin	F121029_QC_HCD_MetRII_Cyt_01.raw	Cytosol	20ppm	Velos	SILAC heavy	NT=Carbamidomethyl; AC=4; MT=Fixed; PP=Anywhere; TA=C	NT=Oxidation; AC=35; MT=Variable; PP=Anywhere; TA=M	NT=Methyl:2H(3)13C(1); AC=329; MT=Variable; PP=Anywhere; TA=K,R	NT=Dimethyl:2H(6)13C(2); AC=330; MT=Variable; PP=Anywhere; TA=K,R	NT=Trimethyl:13C(3)2H(9); AC=1414; MT=Variable; PP=Anywhere; TA=K	NT=Label:13C(4); AC=1266; MT=Fixed; PP=Anywhere; TA=M	20ppm	194	lesSDRF v0.1.0	NT=data-dependent acquisition;AC=PRIDE:0000627	v1.1.0	NT=ms-proteomics;VV=v1.1.0
CS-Rme-II 2	Homo sapiens	cervix	195	HeLa	not applicable	Cancer	run195	proteomic profiling by mass spectrometry	Trypsin	F121029_QC_HCD_MetRII_Cyt_02.raw	Cytosol	20ppm	Velos	SILAC light	NT=Carbamidomethyl; AC=4; MT=Fixed; PP=Anywhere; TA=C	NT=Oxidation; AC=35; MT=Variable; PP=Anywhere; TA=M	NT=Methyl; AC=34; MT=Variable; PP=Anywhere; TA=K,R	NT=Dimethyl; AC=36; MT=Variable; PP=Anywhere; TA=K,R	NT=Trimethyl; AC=37; MT=Variable; PP=Anywhere; TA=K		20ppm	195	lesSDRF v0.1.0	NT=data-dependent acquisition;AC=PRIDE:0000627	v1.1.0	NT=ms-proteomics;VV=v1.1.0
CS-Rme-II 2	Homo sapiens	cervix	195	HeLa	not applicable	Cancer	run195	proteomic profiling by mass spectrometry	Trypsin	F121029_QC_HCD_MetRII_Cyt_02.raw	Cytosol	20ppm	Velos	SILAC heavy	NT=Carbamidomethyl; AC=4; MT=Fixed; PP=Anywhere; TA=C	NT=Oxidation; AC=35; MT=Variable; PP=Anywhere; TA=M	NT=Methyl:2H(3)13C(1); AC=329; MT=Variable; PP=Anywhere; TA=K,R	NT=Dimethyl:2H(6)13C(2); AC=330; MT=Variable; PP=Anywhere; TA=K,R	NT=Trimethyl:13C(3)2H(9); AC=1414; MT=Variable; PP=Anywhere; TA=K	NT=Label:13C(4); AC=1266; MT=Fixed; PP=Anywhere; TA=M	20ppm	195	lesSDRF v0.1.0	NT=data-dependent acquisition;AC=PRIDE:0000627	v1.1.0	NT=ms-proteomics;VV=v1.1.0
CS-Rme-II 2	Homo sapiens	cervix	196	HeLa	not applicable	Cancer	run196	proteomic profiling by mass spectrometry	Trypsin	F121029_QC_HCD_MetRII_Cyt_03.raw	Cytosol	20ppm	Velos	SILAC light	NT=Carbamidomethyl; AC=4; MT=Fixed; PP=Anywhere; TA=C	NT=Oxidation; AC=35; MT=Variable; PP=Anywhere; TA=M	NT=Methyl; AC=34; MT=Variable; PP=Anywhere; TA=K,R	NT=Dimethyl; AC=36; MT=Variable; PP=Anywhere; TA=K,R	NT=Trimethyl; AC=37; MT=Variable; PP=Anywhere; TA=K		20ppm	196	lesSDRF v0.1.0	NT=data-dependent acquisition;AC=PRIDE:0000627	v1.1.0	NT=ms-proteomics;VV=v1.1.0
CS-Rme-II 2	Homo sapiens	cervix	196	HeLa	not applicable	Cancer	run196	proteomic profiling by mass spectrometry	Trypsin	F121029_QC_HCD_MetRII_Cyt_03.raw	Cytosol	20ppm	Velos	SILAC heavy	NT=Carbamidomethyl; AC=4; MT=Fixed; PP=Anywhere; TA=C	NT=Oxidation; AC=35; MT=Variable; PP=Anywhere; TA=M	NT=Methyl:2H(3)13C(1); AC=329; MT=Variable; PP=Anywhere; TA=K,R	NT=Dimethyl:2H(6)13C(2); AC=330; MT=Variable; PP=Anywhere; TA=K,R	NT=Trimethyl:13C(3)2H(9); AC=1414; MT=Variable; PP=Anywhere; TA=K	NT=Label:13C(4); AC=1266; MT=Fixed; PP=Anywhere; TA=M	20ppm	196	lesSDRF v0.1.0	NT=data-dependent acquisition;AC=PRIDE:0000627	v1.1.0	NT=ms-proteomics;VV=v1.1.0
CS-Rme-II 2	Homo sapiens	cervix	197	HeLa	not applicable	Cancer	run197	proteomic profiling by mass spectrometry	Trypsin	F121029_QC_HCD_MetRII_Cyt_04.raw	Cytosol	20ppm	Velos	SILAC light	NT=Carbamidomethyl; AC=4; MT=Fixed; PP=Anywhere; TA=C	NT=Oxidation; AC=35; MT=Variable; PP=Anywhere; TA=M	NT=Methyl; AC=34; MT=Variable; PP=Anywhere; TA=K,R	NT=Dimethyl; AC=36; MT=Variable; PP=Anywhere; TA=K,R	NT=Trimethyl; AC=37; MT=Variable; PP=Anywhere; TA=K		20ppm	197	lesSDRF v0.1.0	NT=data-dependent acquisition;AC=PRIDE:0000627	v1.1.0	NT=ms-proteomics;VV=v1.1.0
CS-Rme-II 2	Homo sapiens	cervix	197	HeLa	not applicable	Cancer	run197	proteomic profiling by mass spectrometry	Trypsin	F121029_QC_HCD_MetRII_Cyt_04.raw	Cytosol	20ppm	Velos	SILAC heavy	NT=Carbamidomethyl; AC=4; MT=Fixed; PP=Anywhere; TA=C	NT=Oxidation; AC=35; MT=Variable; PP=Anywhere; TA=M	NT=Methyl:2H(3)13C(1); AC=329; MT=Variable; PP=Anywhere; TA=K,R	NT=Dimethyl:2H(6)13C(2); AC=330; MT=Variable; PP=Anywhere; TA=K,R	NT=Trimethyl:13C(3)2H(9); AC=1414; MT=Variable; PP=Anywhere; TA=K	NT=Label:13C(4); AC=1266; MT=Fixed; PP=Anywhere; TA=M	20ppm	197	lesSDRF v0.1.0	NT=data-dependent acquisition;AC=PRIDE:0000627	v1.1.0	NT=ms-proteomics;VV=v1.1.0
CS-Rme-II 2	Homo sapiens	cervix	198	HeLa	not applicable	Cancer	run198	proteomic profiling by mass spectrometry	Trypsin	F121029_QC_HCD_MetRII_Cyt_05.raw	Cytosol	20ppm	Velos	SILAC light	NT=Carbamidomethyl; AC=4; MT=Fixed; PP=Anywhere; TA=C	NT=Oxidation; AC=35; MT=Variable; PP=Anywhere; TA=M	NT=Methyl; AC=34; MT=Variable; PP=Anywhere; TA=K,R	NT=Dimethyl; AC=36; MT=Variable; PP=Anywhere; TA=K,R	NT=Trimethyl; AC=37; MT=Variable; PP=Anywhere; TA=K		20ppm	198	lesSDRF v0.1.0	NT=data-dependent acquisition;AC=PRIDE:0000627	v1.1.0	NT=ms-proteomics;VV=v1.1.0
CS-Rme-II 2	Homo sapiens	cervix	198	HeLa	not applicable	Cancer	run198	proteomic profiling by mass spectrometry	Trypsin	F121029_QC_HCD_MetRII_Cyt_05.raw	Cytosol	20ppm	Velos	SILAC heavy	NT=Carbamidomethyl; AC=4; MT=Fixed; PP=Anywhere; TA=C	NT=Oxidation; AC=35; MT=Variable; PP=Anywhere; TA=M	NT=Methyl:2H(3)13C(1); AC=329; MT=Variable; PP=Anywhere; TA=K,R	NT=Dimethyl:2H(6)13C(2); AC=330; MT=Variable; PP=Anywhere; TA=K,R	NT=Trimethyl:13C(3)2H(9); AC=1414; MT=Variable; PP=Anywhere; TA=K	NT=Label:13C(4); AC=1266; MT=Fixed; PP=Anywhere; TA=M	20ppm	198	lesSDRF v0.1.0	NT=data-dependent acquisition;AC=PRIDE:0000627	v1.1.0	NT=ms-proteomics;VV=v1.1.0
CS-Rme-II 2	Homo sapiens	cervix	199	HeLa	not applicable	Cancer	run199	proteomic profiling by mass spectrometry	Trypsin	F121029_QC_HCD_MetRII_Cyt_06.raw	Cytosol	20ppm	Velos	SILAC light	NT=Carbamidomethyl; AC=4; MT=Fixed; PP=Anywhere; TA=C	NT=Oxidation; AC=35; MT=Variable; PP=Anywhere; TA=M	NT=Methyl; AC=34; MT=Variable; PP=Anywhere; TA=K,R	NT=Dimethyl; AC=36; MT=Variable; PP=Anywhere; TA=K,R	NT=Trimethyl; AC=37; MT=Variable; PP=Anywhere; TA=K		20ppm	199	lesSDRF v0.1.0	NT=data-dependent acquisition;AC=PRIDE:0000627	v1.1.0	NT=ms-proteomics;VV=v1.1.0
CS-Rme-II 2	Homo sapiens	cervix	199	HeLa	not applicable	Cancer	run199	proteomic profiling by mass spectrometry	Trypsin	F121029_QC_HCD_MetRII_Cyt_06.raw	Cytosol	20ppm	Velos	SILAC heavy	NT=Carbamidomethyl; AC=4; MT=Fixed; PP=Anywhere; TA=C	NT=Oxidation; AC=35; MT=Variable; PP=Anywhere; TA=M	NT=Methyl:2H(3)13C(1); AC=329; MT=Variable; PP=Anywhere; TA=K,R	NT=Dimethyl:2H(6)13C(2); AC=330; MT=Variable; PP=Anywhere; TA=K,R	NT=Trimethyl:13C(3)2H(9); AC=1414; MT=Variable; PP=Anywhere; TA=K	NT=Label:13C(4); AC=1266; MT=Fixed; PP=Anywhere; TA=M	20ppm	199	lesSDRF v0.1.0	NT=data-dependent acquisition;AC=PRIDE:0000627	v1.1.0	NT=ms-proteomics;VV=v1.1.0
CS-Rme-II 2	Homo sapiens	cervix	200	HeLa	not applicable	Cancer	run200	proteomic profiling by mass spectrometry	Trypsin	F121029_QC_HCD_MetRII_Cyt_07.raw	Cytosol	20ppm	Velos	SILAC light	NT=Carbamidomethyl; AC=4; MT=Fixed; PP=Anywhere; TA=C	NT=Oxidation; AC=35; MT=Variable; PP=Anywhere; TA=M	NT=Methyl; AC=34; MT=Variable; PP=Anywhere; TA=K,R	NT=Dimethyl; AC=36; MT=Variable; PP=Anywhere; TA=K,R	NT=Trimethyl; AC=37; MT=Variable; PP=Anywhere; TA=K		20ppm	200	lesSDRF v0.1.0	NT=data-dependent acquisition;AC=PRIDE:0000627	v1.1.0	NT=ms-proteomics;VV=v1.1.0
CS-Rme-II 2	Homo sapiens	cervix	200	HeLa	not applicable	Cancer	run200	proteomic profiling by mass spectrometry	Trypsin	F121029_QC_HCD_MetRII_Cyt_07.raw	Cytosol	20ppm	Velos	SILAC heavy	NT=Carbamidomethyl; AC=4; MT=Fixed; PP=Anywhere; TA=C	NT=Oxidation; AC=35; MT=Variable; PP=Anywhere; TA=M	NT=Methyl:2H(3)13C(1); AC=329; MT=Variable; PP=Anywhere; TA=K,R	NT=Dimethyl:2H(6)13C(2); AC=330; MT=Variable; PP=Anywhere; TA=K,R	NT=Trimethyl:13C(3)2H(9); AC=1414; MT=Variable; PP=Anywhere; TA=K	NT=Label:13C(4); AC=1266; MT=Fixed; PP=Anywhere; TA=M	20ppm	200	lesSDRF v0.1.0	NT=data-dependent acquisition;AC=PRIDE:0000627	v1.1.0	NT=ms-proteomics;VV=v1.1.0
CS-Rme-II 2	Homo sapiens	cervix	201	HeLa	not applicable	Cancer	run201	proteomic profiling by mass spectrometry	Trypsin	F121029_QC_HCD_MetRII_Cyt_08.raw	Cytosol	20ppm	Velos	SILAC light	NT=Carbamidomethyl; AC=4; MT=Fixed; PP=Anywhere; TA=C	NT=Oxidation; AC=35; MT=Variable; PP=Anywhere; TA=M	NT=Methyl; AC=34; MT=Variable; PP=Anywhere; TA=K,R	NT=Dimethyl; AC=36; MT=Variable; PP=Anywhere; TA=K,R	NT=Trimethyl; AC=37; MT=Variable; PP=Anywhere; TA=K		20ppm	201	lesSDRF v0.1.0	NT=data-dependent acquisition;AC=PRIDE:0000627	v1.1.0	NT=ms-proteomics;VV=v1.1.0
CS-Rme-II 2	Homo sapiens	cervix	201	HeLa	not applicable	Cancer	run201	proteomic profiling by mass spectrometry	Trypsin	F121029_QC_HCD_MetRII_Cyt_08.raw	Cytosol	20ppm	Velos	SILAC heavy	NT=Carbamidomethyl; AC=4; MT=Fixed; PP=Anywhere; TA=C	NT=Oxidation; AC=35; MT=Variable; PP=Anywhere; TA=M	NT=Methyl:2H(3)13C(1); AC=329; MT=Variable; PP=Anywhere; TA=K,R	NT=Dimethyl:2H(6)13C(2); AC=330; MT=Variable; PP=Anywhere; TA=K,R	NT=Trimethyl:13C(3)2H(9); AC=1414; MT=Variable; PP=Anywhere; TA=K	NT=Label:13C(4); AC=1266; MT=Fixed; PP=Anywhere; TA=M	20ppm	201	lesSDRF v0.1.0	NT=data-dependent acquisition;AC=PRIDE:0000627	v1.1.0	NT=ms-proteomics;VV=v1.1.0
CS-Rme-II 2	Homo sapiens	cervix	202	HeLa	not applicable	Cancer	run202	proteomic profiling by mass spectrometry	Trypsin	F121029_QC_HCD_MetRII_Cyt_09.raw	Cytosol	20ppm	Velos	SILAC light	NT=Carbamidomethyl; AC=4; MT=Fixed; PP=Anywhere; TA=C	NT=Oxidation; AC=35; MT=Variable; PP=Anywhere; TA=M	NT=Methyl; AC=34; MT=Variable; PP=Anywhere; TA=K,R	NT=Dimethyl; AC=36; MT=Variable; PP=Anywhere; TA=K,R	NT=Trimethyl; AC=37; MT=Variable; PP=Anywhere; TA=K		20ppm	202	lesSDRF v0.1.0	NT=data-dependent acquisition;AC=PRIDE:0000627	v1.1.0	NT=ms-proteomics;VV=v1.1.0
CS-Rme-II 2	Homo sapiens	cervix	202	HeLa	not applicable	Cancer	run202	proteomic profiling by mass spectrometry	Trypsin	F121029_QC_HCD_MetRII_Cyt_09.raw	Cytosol	20ppm	Velos	SILAC heavy	NT=Carbamidomethyl; AC=4; MT=Fixed; PP=Anywhere; TA=C	NT=Oxidation; AC=35; MT=Variable; PP=Anywhere; TA=M	NT=Methyl:2H(3)13C(1); AC=329; MT=Variable; PP=Anywhere; TA=K,R	NT=Dimethyl:2H(6)13C(2); AC=330; MT=Variable; PP=Anywhere; TA=K,R	NT=Trimethyl:13C(3)2H(9); AC=1414; MT=Variable; PP=Anywhere; TA=K	NT=Label:13C(4); AC=1266; MT=Fixed; PP=Anywhere; TA=M	20ppm	202	lesSDRF v0.1.0	NT=data-dependent acquisition;AC=PRIDE:0000627	v1.1.0	NT=ms-proteomics;VV=v1.1.0
CS-Rme-II 1	Homo sapiens	cervix	203	HeLa	not applicable	Cancer	run203	proteomic profiling by mass spectrometry	Trypsin	F121029_QC_HCD_MetRII_Ncl_01.raw	Nucleus	20ppm	Velos	SILAC light	NT=Carbamidomethyl; AC=4; MT=Fixed; PP=Anywhere; TA=C	NT=Oxidation; AC=35; MT=Variable; PP=Anywhere; TA=M	NT=Methyl; AC=34; MT=Variable; PP=Anywhere; TA=K,R	NT=Dimethyl; AC=36; MT=Variable; PP=Anywhere; TA=K,R	NT=Trimethyl; AC=37; MT=Variable; PP=Anywhere; TA=K		20ppm	203	lesSDRF v0.1.0	NT=data-dependent acquisition;AC=PRIDE:0000627	v1.1.0	NT=ms-proteomics;VV=v1.1.0
CS-Rme-II 1	Homo sapiens	cervix	203	HeLa	not applicable	Cancer	run203	proteomic profiling by mass spectrometry	Trypsin	F121029_QC_HCD_MetRII_Ncl_01.raw	Nucleus	20ppm	Velos	SILAC heavy	NT=Carbamidomethyl; AC=4; MT=Fixed; PP=Anywhere; TA=C	NT=Oxidation; AC=35; MT=Variable; PP=Anywhere; TA=M	NT=Methyl:2H(3)13C(1); AC=329; MT=Variable; PP=Anywhere; TA=K,R	NT=Dimethyl:2H(6)13C(2); AC=330; MT=Variable; PP=Anywhere; TA=K,R	NT=Trimethyl:13C(3)2H(9); AC=1414; MT=Variable; PP=Anywhere; TA=K	NT=Label:13C(4); AC=1266; MT=Fixed; PP=Anywhere; TA=M	20ppm	203	lesSDRF v0.1.0	NT=data-dependent acquisition;AC=PRIDE:0000627	v1.1.0	NT=ms-proteomics;VV=v1.1.0
CS-Rme-II 1	Homo sapiens	cervix	204	HeLa	not applicable	Cancer	run204	proteomic profiling by mass spectrometry	Trypsin	F121029_QC_HCD_MetRII_Ncl_02.raw	Nucleus	20ppm	Velos	SILAC light	NT=Carbamidomethyl; AC=4; MT=Fixed; PP=Anywhere; TA=C	NT=Oxidation; AC=35; MT=Variable; PP=Anywhere; TA=M	NT=Methyl; AC=34; MT=Variable; PP=Anywhere; TA=K,R	NT=Dimethyl; AC=36; MT=Variable; PP=Anywhere; TA=K,R	NT=Trimethyl; AC=37; MT=Variable; PP=Anywhere; TA=K		20ppm	204	lesSDRF v0.1.0	NT=data-dependent acquisition;AC=PRIDE:0000627	v1.1.0	NT=ms-proteomics;VV=v1.1.0
CS-Rme-II 1	Homo sapiens	cervix	204	HeLa	not applicable	Cancer	run204	proteomic profiling by mass spectrometry	Trypsin	F121029_QC_HCD_MetRII_Ncl_02.raw	Nucleus	20ppm	Velos	SILAC heavy	NT=Carbamidomethyl; AC=4; MT=Fixed; PP=Anywhere; TA=C	NT=Oxidation; AC=35; MT=Variable; PP=Anywhere; TA=M	NT=Methyl:2H(3)13C(1); AC=329; MT=Variable; PP=Anywhere; TA=K,R	NT=Dimethyl:2H(6)13C(2); AC=330; MT=Variable; PP=Anywhere; TA=K,R	NT=Trimethyl:13C(3)2H(9); AC=1414; MT=Variable; PP=Anywhere; TA=K	NT=Label:13C(4); AC=1266; MT=Fixed; PP=Anywhere; TA=M	20ppm	204	lesSDRF v0.1.0	NT=data-dependent acquisition;AC=PRIDE:0000627	v1.1.0	NT=ms-proteomics;VV=v1.1.0
CS-Rme-II 1	Homo sapiens	cervix	205	HeLa	not applicable	Cancer	run205	proteomic profiling by mass spectrometry	Trypsin	F121029_QC_HCD_MetRII_Ncl_03.raw	Nucleus	20ppm	Velos	SILAC light	NT=Carbamidomethyl; AC=4; MT=Fixed; PP=Anywhere; TA=C	NT=Oxidation; AC=35; MT=Variable; PP=Anywhere; TA=M	NT=Methyl; AC=34; MT=Variable; PP=Anywhere; TA=K,R	NT=Dimethyl; AC=36; MT=Variable; PP=Anywhere; TA=K,R	NT=Trimethyl; AC=37; MT=Variable; PP=Anywhere; TA=K		20ppm	205	lesSDRF v0.1.0	NT=data-dependent acquisition;AC=PRIDE:0000627	v1.1.0	NT=ms-proteomics;VV=v1.1.0
CS-Rme-II 1	Homo sapiens	cervix	205	HeLa	not applicable	Cancer	run205	proteomic profiling by mass spectrometry	Trypsin	F121029_QC_HCD_MetRII_Ncl_03.raw	Nucleus	20ppm	Velos	SILAC heavy	NT=Carbamidomethyl; AC=4; MT=Fixed; PP=Anywhere; TA=C	NT=Oxidation; AC=35; MT=Variable; PP=Anywhere; TA=M	NT=Methyl:2H(3)13C(1); AC=329; MT=Variable; PP=Anywhere; TA=K,R	NT=Dimethyl:2H(6)13C(2); AC=330; MT=Variable; PP=Anywhere; TA=K,R	NT=Trimethyl:13C(3)2H(9); AC=1414; MT=Variable; PP=Anywhere; TA=K	NT=Label:13C(4); AC=1266; MT=Fixed; PP=Anywhere; TA=M	20ppm	205	lesSDRF v0.1.0	NT=data-dependent acquisition;AC=PRIDE:0000627	v1.1.0	NT=ms-proteomics;VV=v1.1.0
CS-Rme-II 1	Homo sapiens	cervix	206	HeLa	not applicable	Cancer	run206	proteomic profiling by mass spectrometry	Trypsin	F121029_QC_HCD_MetRII_Ncl_04.raw	Nucleus	20ppm	Velos	SILAC light	NT=Carbamidomethyl; AC=4; MT=Fixed; PP=Anywhere; TA=C	NT=Oxidation; AC=35; MT=Variable; PP=Anywhere; TA=M	NT=Methyl; AC=34; MT=Variable; PP=Anywhere; TA=K,R	NT=Dimethyl; AC=36; MT=Variable; PP=Anywhere; TA=K,R	NT=Trimethyl; AC=37; MT=Variable; PP=Anywhere; TA=K		20ppm	206	lesSDRF v0.1.0	NT=data-dependent acquisition;AC=PRIDE:0000627	v1.1.0	NT=ms-proteomics;VV=v1.1.0
CS-Rme-II 1	Homo sapiens	cervix	206	HeLa	not applicable	Cancer	run206	proteomic profiling by mass spectrometry	Trypsin	F121029_QC_HCD_MetRII_Ncl_04.raw	Nucleus	20ppm	Velos	SILAC heavy	NT=Carbamidomethyl; AC=4; MT=Fixed; PP=Anywhere; TA=C	NT=Oxidation; AC=35; MT=Variable; PP=Anywhere; TA=M	NT=Methyl:2H(3)13C(1); AC=329; MT=Variable; PP=Anywhere; TA=K,R	NT=Dimethyl:2H(6)13C(2); AC=330; MT=Variable; PP=Anywhere; TA=K,R	NT=Trimethyl:13C(3)2H(9); AC=1414; MT=Variable; PP=Anywhere; TA=K	NT=Label:13C(4); AC=1266; MT=Fixed; PP=Anywhere; TA=M	20ppm	206	lesSDRF v0.1.0	NT=data-dependent acquisition;AC=PRIDE:0000627	v1.1.0	NT=ms-proteomics;VV=v1.1.0
CS-Rme-II 1	Homo sapiens	cervix	207	HeLa	not applicable	Cancer	run207	proteomic profiling by mass spectrometry	Trypsin	F121029_QC_HCD_MetRII_Ncl_05.raw	Nucleus	20ppm	Velos	SILAC light	NT=Carbamidomethyl; AC=4; MT=Fixed; PP=Anywhere; TA=C	NT=Oxidation; AC=35; MT=Variable; PP=Anywhere; TA=M	NT=Methyl; AC=34; MT=Variable; PP=Anywhere; TA=K,R	NT=Dimethyl; AC=36; MT=Variable; PP=Anywhere; TA=K,R	NT=Trimethyl; AC=37; MT=Variable; PP=Anywhere; TA=K		20ppm	207	lesSDRF v0.1.0	NT=data-dependent acquisition;AC=PRIDE:0000627	v1.1.0	NT=ms-proteomics;VV=v1.1.0
CS-Rme-II 1	Homo sapiens	cervix	207	HeLa	not applicable	Cancer	run207	proteomic profiling by mass spectrometry	Trypsin	F121029_QC_HCD_MetRII_Ncl_05.raw	Nucleus	20ppm	Velos	SILAC heavy	NT=Carbamidomethyl; AC=4; MT=Fixed; PP=Anywhere; TA=C	NT=Oxidation; AC=35; MT=Variable; PP=Anywhere; TA=M	NT=Methyl:2H(3)13C(1); AC=329; MT=Variable; PP=Anywhere; TA=K,R	NT=Dimethyl:2H(6)13C(2); AC=330; MT=Variable; PP=Anywhere; TA=K,R	NT=Trimethyl:13C(3)2H(9); AC=1414; MT=Variable; PP=Anywhere; TA=K	NT=Label:13C(4); AC=1266; MT=Fixed; PP=Anywhere; TA=M	20ppm	207	lesSDRF v0.1.0	NT=data-dependent acquisition;AC=PRIDE:0000627	v1.1.0	NT=ms-proteomics;VV=v1.1.0
CS-Rme-II 1	Homo sapiens	cervix	208	HeLa	not applicable	Cancer	run208	proteomic profiling by mass spectrometry	Trypsin	F121029_QC_HCD_MetRII_Ncl_06.raw	Nucleus	20ppm	Velos	SILAC light	NT=Carbamidomethyl; AC=4; MT=Fixed; PP=Anywhere; TA=C	NT=Oxidation; AC=35; MT=Variable; PP=Anywhere; TA=M	NT=Methyl; AC=34; MT=Variable; PP=Anywhere; TA=K,R	NT=Dimethyl; AC=36; MT=Variable; PP=Anywhere; TA=K,R	NT=Trimethyl; AC=37; MT=Variable; PP=Anywhere; TA=K		20ppm	208	lesSDRF v0.1.0	NT=data-dependent acquisition;AC=PRIDE:0000627	v1.1.0	NT=ms-proteomics;VV=v1.1.0
CS-Rme-II 1	Homo sapiens	cervix	208	HeLa	not applicable	Cancer	run208	proteomic profiling by mass spectrometry	Trypsin	F121029_QC_HCD_MetRII_Ncl_06.raw	Nucleus	20ppm	Velos	SILAC heavy	NT=Carbamidomethyl; AC=4; MT=Fixed; PP=Anywhere; TA=C	NT=Oxidation; AC=35; MT=Variable; PP=Anywhere; TA=M	NT=Methyl:2H(3)13C(1); AC=329; MT=Variable; PP=Anywhere; TA=K,R	NT=Dimethyl:2H(6)13C(2); AC=330; MT=Variable; PP=Anywhere; TA=K,R	NT=Trimethyl:13C(3)2H(9); AC=1414; MT=Variable; PP=Anywhere; TA=K	NT=Label:13C(4); AC=1266; MT=Fixed; PP=Anywhere; TA=M	20ppm	208	lesSDRF v0.1.0	NT=data-dependent acquisition;AC=PRIDE:0000627	v1.1.0	NT=ms-proteomics;VV=v1.1.0
CS-Rme-II 1	Homo sapiens	cervix	209	HeLa	not applicable	Cancer	run209	proteomic profiling by mass spectrometry	Trypsin	F121029_QC_HCD_MetRII_Ncl_07.raw	Nucleus	20ppm	Velos	SILAC light	NT=Carbamidomethyl; AC=4; MT=Fixed; PP=Anywhere; TA=C	NT=Oxidation; AC=35; MT=Variable; PP=Anywhere; TA=M	NT=Methyl; AC=34; MT=Variable; PP=Anywhere; TA=K,R	NT=Dimethyl; AC=36; MT=Variable; PP=Anywhere; TA=K,R	NT=Trimethyl; AC=37; MT=Variable; PP=Anywhere; TA=K		20ppm	209	lesSDRF v0.1.0	NT=data-dependent acquisition;AC=PRIDE:0000627	v1.1.0	NT=ms-proteomics;VV=v1.1.0
CS-Rme-II 1	Homo sapiens	cervix	209	HeLa	not applicable	Cancer	run209	proteomic profiling by mass spectrometry	Trypsin	F121029_QC_HCD_MetRII_Ncl_07.raw	Nucleus	20ppm	Velos	SILAC heavy	NT=Carbamidomethyl; AC=4; MT=Fixed; PP=Anywhere; TA=C	NT=Oxidation; AC=35; MT=Variable; PP=Anywhere; TA=M	NT=Methyl:2H(3)13C(1); AC=329; MT=Variable; PP=Anywhere; TA=K,R	NT=Dimethyl:2H(6)13C(2); AC=330; MT=Variable; PP=Anywhere; TA=K,R	NT=Trimethyl:13C(3)2H(9); AC=1414; MT=Variable; PP=Anywhere; TA=K	NT=Label:13C(4); AC=1266; MT=Fixed; PP=Anywhere; TA=M	20ppm	209	lesSDRF v0.1.0	NT=data-dependent acquisition;AC=PRIDE:0000627	v1.1.0	NT=ms-proteomics;VV=v1.1.0
CS-Rme-II 1	Homo sapiens	cervix	210	HeLa	not applicable	Cancer	run210	proteomic profiling by mass spectrometry	Trypsin	F121029_QC_HCD_MetRII_Ncl_08.raw	Nucleus	20ppm	Velos	SILAC light	NT=Carbamidomethyl; AC=4; MT=Fixed; PP=Anywhere; TA=C	NT=Oxidation; AC=35; MT=Variable; PP=Anywhere; TA=M	NT=Methyl; AC=34; MT=Variable; PP=Anywhere; TA=K,R	NT=Dimethyl; AC=36; MT=Variable; PP=Anywhere; TA=K,R	NT=Trimethyl; AC=37; MT=Variable; PP=Anywhere; TA=K		20ppm	210	lesSDRF v0.1.0	NT=data-dependent acquisition;AC=PRIDE:0000627	v1.1.0	NT=ms-proteomics;VV=v1.1.0
CS-Rme-II 1	Homo sapiens	cervix	210	HeLa	not applicable	Cancer	run210	proteomic profiling by mass spectrometry	Trypsin	F121029_QC_HCD_MetRII_Ncl_08.raw	Nucleus	20ppm	Velos	SILAC heavy	NT=Carbamidomethyl; AC=4; MT=Fixed; PP=Anywhere; TA=C	NT=Oxidation; AC=35; MT=Variable; PP=Anywhere; TA=M	NT=Methyl:2H(3)13C(1); AC=329; MT=Variable; PP=Anywhere; TA=K,R	NT=Dimethyl:2H(6)13C(2); AC=330; MT=Variable; PP=Anywhere; TA=K,R	NT=Trimethyl:13C(3)2H(9); AC=1414; MT=Variable; PP=Anywhere; TA=K	NT=Label:13C(4); AC=1266; MT=Fixed; PP=Anywhere; TA=M	20ppm	210	lesSDRF v0.1.0	NT=data-dependent acquisition;AC=PRIDE:0000627	v1.1.0	NT=ms-proteomics;VV=v1.1.0
MP-Rsym	Homo sapiens	cervix	211	HeLa	not applicable	Cancer	run211	proteomic profiling by mass spectrometry	Trypsin	F121029_QC_HCD_SYM10_Ncl_01.raw	Nucleus	20ppm	Velos	SILAC light	NT=Carbamidomethyl; AC=4; MT=Fixed; PP=Anywhere; TA=C	NT=Oxidation; AC=35; MT=Variable; PP=Anywhere; TA=M	NT=Methyl; AC=34; MT=Variable; PP=Anywhere; TA=K,R	NT=Dimethyl; AC=36; MT=Variable; PP=Anywhere; TA=K,R	NT=Trimethyl; AC=37; MT=Variable; PP=Anywhere; TA=K		20ppm	211	lesSDRF v0.1.0	NT=data-dependent acquisition;AC=PRIDE:0000627	v1.1.0	NT=ms-proteomics;VV=v1.1.0
MP-Rsym	Homo sapiens	cervix	211	HeLa	not applicable	Cancer	run211	proteomic profiling by mass spectrometry	Trypsin	F121029_QC_HCD_SYM10_Ncl_01.raw	Nucleus	20ppm	Velos	SILAC heavy	NT=Carbamidomethyl; AC=4; MT=Fixed; PP=Anywhere; TA=C	NT=Oxidation; AC=35; MT=Variable; PP=Anywhere; TA=M	NT=Methyl:2H(3)13C(1); AC=329; MT=Variable; PP=Anywhere; TA=K,R	NT=Dimethyl:2H(6)13C(2); AC=330; MT=Variable; PP=Anywhere; TA=K,R	NT=Trimethyl:13C(3)2H(9); AC=1414; MT=Variable; PP=Anywhere; TA=K	NT=Label:13C(4); AC=1266; MT=Fixed; PP=Anywhere; TA=M	20ppm	211	lesSDRF v0.1.0	NT=data-dependent acquisition;AC=PRIDE:0000627	v1.1.0	NT=ms-proteomics;VV=v1.1.0
MP-Rsym	Homo sapiens	cervix	212	HeLa	not applicable	Cancer	run212	proteomic profiling by mass spectrometry	Trypsin	F121029_QC_HCD_SYM10_Ncl_02.raw	Nucleus	20ppm	Velos	SILAC light	NT=Carbamidomethyl; AC=4; MT=Fixed; PP=Anywhere; TA=C	NT=Oxidation; AC=35; MT=Variable; PP=Anywhere; TA=M	NT=Methyl; AC=34; MT=Variable; PP=Anywhere; TA=K,R	NT=Dimethyl; AC=36; MT=Variable; PP=Anywhere; TA=K,R	NT=Trimethyl; AC=37; MT=Variable; PP=Anywhere; TA=K		20ppm	212	lesSDRF v0.1.0	NT=data-dependent acquisition;AC=PRIDE:0000627	v1.1.0	NT=ms-proteomics;VV=v1.1.0
MP-Rsym	Homo sapiens	cervix	212	HeLa	not applicable	Cancer	run212	proteomic profiling by mass spectrometry	Trypsin	F121029_QC_HCD_SYM10_Ncl_02.raw	Nucleus	20ppm	Velos	SILAC heavy	NT=Carbamidomethyl; AC=4; MT=Fixed; PP=Anywhere; TA=C	NT=Oxidation; AC=35; MT=Variable; PP=Anywhere; TA=M	NT=Methyl:2H(3)13C(1); AC=329; MT=Variable; PP=Anywhere; TA=K,R	NT=Dimethyl:2H(6)13C(2); AC=330; MT=Variable; PP=Anywhere; TA=K,R	NT=Trimethyl:13C(3)2H(9); AC=1414; MT=Variable; PP=Anywhere; TA=K	NT=Label:13C(4); AC=1266; MT=Fixed; PP=Anywhere; TA=M	20ppm	212	lesSDRF v0.1.0	NT=data-dependent acquisition;AC=PRIDE:0000627	v1.1.0	NT=ms-proteomics;VV=v1.1.0
MP-Rsym	Homo sapiens	cervix	213	HeLa	not applicable	Cancer	run213	proteomic profiling by mass spectrometry	Trypsin	F121029_QC_HCD_SYM10_Ncl_03.raw	Nucleus	20ppm	Velos	SILAC light	NT=Carbamidomethyl; AC=4; MT=Fixed; PP=Anywhere; TA=C	NT=Oxidation; AC=35; MT=Variable; PP=Anywhere; TA=M	NT=Methyl; AC=34; MT=Variable; PP=Anywhere; TA=K,R	NT=Dimethyl; AC=36; MT=Variable; PP=Anywhere; TA=K,R	NT=Trimethyl; AC=37; MT=Variable; PP=Anywhere; TA=K		20ppm	213	lesSDRF v0.1.0	NT=data-dependent acquisition;AC=PRIDE:0000627	v1.1.0	NT=ms-proteomics;VV=v1.1.0
MP-Rsym	Homo sapiens	cervix	213	HeLa	not applicable	Cancer	run213	proteomic profiling by mass spectrometry	Trypsin	F121029_QC_HCD_SYM10_Ncl_03.raw	Nucleus	20ppm	Velos	SILAC heavy	NT=Carbamidomethyl; AC=4; MT=Fixed; PP=Anywhere; TA=C	NT=Oxidation; AC=35; MT=Variable; PP=Anywhere; TA=M	NT=Methyl:2H(3)13C(1); AC=329; MT=Variable; PP=Anywhere; TA=K,R	NT=Dimethyl:2H(6)13C(2); AC=330; MT=Variable; PP=Anywhere; TA=K,R	NT=Trimethyl:13C(3)2H(9); AC=1414; MT=Variable; PP=Anywhere; TA=K	NT=Label:13C(4); AC=1266; MT=Fixed; PP=Anywhere; TA=M	20ppm	213	lesSDRF v0.1.0	NT=data-dependent acquisition;AC=PRIDE:0000627	v1.1.0	NT=ms-proteomics;VV=v1.1.0
MP-Rsym	Homo sapiens	cervix	214	HeLa	not applicable	Cancer	run214	proteomic profiling by mass spectrometry	Trypsin	F121029_QC_HCD_SYM10_Ncl_04.raw	Nucleus	20ppm	Velos	SILAC light	NT=Carbamidomethyl; AC=4; MT=Fixed; PP=Anywhere; TA=C	NT=Oxidation; AC=35; MT=Variable; PP=Anywhere; TA=M	NT=Methyl; AC=34; MT=Variable; PP=Anywhere; TA=K,R	NT=Dimethyl; AC=36; MT=Variable; PP=Anywhere; TA=K,R	NT=Trimethyl; AC=37; MT=Variable; PP=Anywhere; TA=K		20ppm	214	lesSDRF v0.1.0	NT=data-dependent acquisition;AC=PRIDE:0000627	v1.1.0	NT=ms-proteomics;VV=v1.1.0
MP-Rsym	Homo sapiens	cervix	214	HeLa	not applicable	Cancer	run214	proteomic profiling by mass spectrometry	Trypsin	F121029_QC_HCD_SYM10_Ncl_04.raw	Nucleus	20ppm	Velos	SILAC heavy	NT=Carbamidomethyl; AC=4; MT=Fixed; PP=Anywhere; TA=C	NT=Oxidation; AC=35; MT=Variable; PP=Anywhere; TA=M	NT=Methyl:2H(3)13C(1); AC=329; MT=Variable; PP=Anywhere; TA=K,R	NT=Dimethyl:2H(6)13C(2); AC=330; MT=Variable; PP=Anywhere; TA=K,R	NT=Trimethyl:13C(3)2H(9); AC=1414; MT=Variable; PP=Anywhere; TA=K	NT=Label:13C(4); AC=1266; MT=Fixed; PP=Anywhere; TA=M	20ppm	214	lesSDRF v0.1.0	NT=data-dependent acquisition;AC=PRIDE:0000627	v1.1.0	NT=ms-proteomics;VV=v1.1.0
MP-Rsym	Homo sapiens	cervix	215	HeLa	not applicable	Cancer	run215	proteomic profiling by mass spectrometry	Trypsin	F121029_QC_HCD_SYM10_Ncl_05.raw	Nucleus	20ppm	Velos	SILAC light	NT=Carbamidomethyl; AC=4; MT=Fixed; PP=Anywhere; TA=C	NT=Oxidation; AC=35; MT=Variable; PP=Anywhere; TA=M	NT=Methyl; AC=34; MT=Variable; PP=Anywhere; TA=K,R	NT=Dimethyl; AC=36; MT=Variable; PP=Anywhere; TA=K,R	NT=Trimethyl; AC=37; MT=Variable; PP=Anywhere; TA=K		20ppm	215	lesSDRF v0.1.0	NT=data-dependent acquisition;AC=PRIDE:0000627	v1.1.0	NT=ms-proteomics;VV=v1.1.0
MP-Rsym	Homo sapiens	cervix	215	HeLa	not applicable	Cancer	run215	proteomic profiling by mass spectrometry	Trypsin	F121029_QC_HCD_SYM10_Ncl_05.raw	Nucleus	20ppm	Velos	SILAC heavy	NT=Carbamidomethyl; AC=4; MT=Fixed; PP=Anywhere; TA=C	NT=Oxidation; AC=35; MT=Variable; PP=Anywhere; TA=M	NT=Methyl:2H(3)13C(1); AC=329; MT=Variable; PP=Anywhere; TA=K,R	NT=Dimethyl:2H(6)13C(2); AC=330; MT=Variable; PP=Anywhere; TA=K,R	NT=Trimethyl:13C(3)2H(9); AC=1414; MT=Variable; PP=Anywhere; TA=K	NT=Label:13C(4); AC=1266; MT=Fixed; PP=Anywhere; TA=M	20ppm	215	lesSDRF v0.1.0	NT=data-dependent acquisition;AC=PRIDE:0000627	v1.1.0	NT=ms-proteomics;VV=v1.1.0
MP-Rsym	Homo sapiens	cervix	216	HeLa	not applicable	Cancer	run216	proteomic profiling by mass spectrometry	Trypsin	F121029_QC_HCD_SYM10_Ncl_06.raw	Nucleus	20ppm	Velos	SILAC light	NT=Carbamidomethyl; AC=4; MT=Fixed; PP=Anywhere; TA=C	NT=Oxidation; AC=35; MT=Variable; PP=Anywhere; TA=M	NT=Methyl; AC=34; MT=Variable; PP=Anywhere; TA=K,R	NT=Dimethyl; AC=36; MT=Variable; PP=Anywhere; TA=K,R	NT=Trimethyl; AC=37; MT=Variable; PP=Anywhere; TA=K		20ppm	216	lesSDRF v0.1.0	NT=data-dependent acquisition;AC=PRIDE:0000627	v1.1.0	NT=ms-proteomics;VV=v1.1.0
MP-Rsym	Homo sapiens	cervix	216	HeLa	not applicable	Cancer	run216	proteomic profiling by mass spectrometry	Trypsin	F121029_QC_HCD_SYM10_Ncl_06.raw	Nucleus	20ppm	Velos	SILAC heavy	NT=Carbamidomethyl; AC=4; MT=Fixed; PP=Anywhere; TA=C	NT=Oxidation; AC=35; MT=Variable; PP=Anywhere; TA=M	NT=Methyl:2H(3)13C(1); AC=329; MT=Variable; PP=Anywhere; TA=K,R	NT=Dimethyl:2H(6)13C(2); AC=330; MT=Variable; PP=Anywhere; TA=K,R	NT=Trimethyl:13C(3)2H(9); AC=1414; MT=Variable; PP=Anywhere; TA=K	NT=Label:13C(4); AC=1266; MT=Fixed; PP=Anywhere; TA=M	20ppm	216	lesSDRF v0.1.0	NT=data-dependent acquisition;AC=PRIDE:0000627	v1.1.0	NT=ms-proteomics;VV=v1.1.0
MP-Rsym	Homo sapiens	cervix	217	HeLa	not applicable	Cancer	run217	proteomic profiling by mass spectrometry	Trypsin	F121029_QC_HCD_SYM10_Ncl_07.raw	Nucleus	20ppm	Velos	SILAC light	NT=Carbamidomethyl; AC=4; MT=Fixed; PP=Anywhere; TA=C	NT=Oxidation; AC=35; MT=Variable; PP=Anywhere; TA=M	NT=Methyl; AC=34; MT=Variable; PP=Anywhere; TA=K,R	NT=Dimethyl; AC=36; MT=Variable; PP=Anywhere; TA=K,R	NT=Trimethyl; AC=37; MT=Variable; PP=Anywhere; TA=K		20ppm	217	lesSDRF v0.1.0	NT=data-dependent acquisition;AC=PRIDE:0000627	v1.1.0	NT=ms-proteomics;VV=v1.1.0
MP-Rsym	Homo sapiens	cervix	217	HeLa	not applicable	Cancer	run217	proteomic profiling by mass spectrometry	Trypsin	F121029_QC_HCD_SYM10_Ncl_07.raw	Nucleus	20ppm	Velos	SILAC heavy	NT=Carbamidomethyl; AC=4; MT=Fixed; PP=Anywhere; TA=C	NT=Oxidation; AC=35; MT=Variable; PP=Anywhere; TA=M	NT=Methyl:2H(3)13C(1); AC=329; MT=Variable; PP=Anywhere; TA=K,R	NT=Dimethyl:2H(6)13C(2); AC=330; MT=Variable; PP=Anywhere; TA=K,R	NT=Trimethyl:13C(3)2H(9); AC=1414; MT=Variable; PP=Anywhere; TA=K	NT=Label:13C(4); AC=1266; MT=Fixed; PP=Anywhere; TA=M	20ppm	217	lesSDRF v0.1.0	NT=data-dependent acquisition;AC=PRIDE:0000627	v1.1.0	NT=ms-proteomics;VV=v1.1.0
MP-Rsym	Homo sapiens	cervix	218	HeLa	not applicable	Cancer	run218	proteomic profiling by mass spectrometry	Trypsin	F121029_QC_HCD_SYM10_Ncl_08.raw	Nucleus	20ppm	Velos	SILAC light	NT=Carbamidomethyl; AC=4; MT=Fixed; PP=Anywhere; TA=C	NT=Oxidation; AC=35; MT=Variable; PP=Anywhere; TA=M	NT=Methyl; AC=34; MT=Variable; PP=Anywhere; TA=K,R	NT=Dimethyl; AC=36; MT=Variable; PP=Anywhere; TA=K,R	NT=Trimethyl; AC=37; MT=Variable; PP=Anywhere; TA=K		20ppm	218	lesSDRF v0.1.0	NT=data-dependent acquisition;AC=PRIDE:0000627	v1.1.0	NT=ms-proteomics;VV=v1.1.0
MP-Rsym	Homo sapiens	cervix	218	HeLa	not applicable	Cancer	run218	proteomic profiling by mass spectrometry	Trypsin	F121029_QC_HCD_SYM10_Ncl_08.raw	Nucleus	20ppm	Velos	SILAC heavy	NT=Carbamidomethyl; AC=4; MT=Fixed; PP=Anywhere; TA=C	NT=Oxidation; AC=35; MT=Variable; PP=Anywhere; TA=M	NT=Methyl:2H(3)13C(1); AC=329; MT=Variable; PP=Anywhere; TA=K,R	NT=Dimethyl:2H(6)13C(2); AC=330; MT=Variable; PP=Anywhere; TA=K,R	NT=Trimethyl:13C(3)2H(9); AC=1414; MT=Variable; PP=Anywhere; TA=K	NT=Label:13C(4); AC=1266; MT=Fixed; PP=Anywhere; TA=M	20ppm	218	lesSDRF v0.1.0	NT=data-dependent acquisition;AC=PRIDE:0000627	v1.1.0	NT=ms-proteomics;VV=v1.1.0
OffgelNcl	Homo sapiens	cervix	219	HeLa	not applicable	Cancer	run219	proteomic profiling by mass spectrometry	Trypsin	F121108_HCD_Input_OffGel_Ncl_01.raw	Nucleus	20ppm	Velos	SILAC light	NT=Carbamidomethyl; AC=4; MT=Fixed; PP=Anywhere; TA=C	NT=Oxidation; AC=35; MT=Variable; PP=Anywhere; TA=M	NT=Methyl; AC=34; MT=Variable; PP=Anywhere; TA=K,R	NT=Dimethyl; AC=36; MT=Variable; PP=Anywhere; TA=K,R	NT=Trimethyl; AC=37; MT=Variable; PP=Anywhere; TA=K		20ppm	219	lesSDRF v0.1.0	NT=data-dependent acquisition;AC=PRIDE:0000627	v1.1.0	NT=ms-proteomics;VV=v1.1.0
OffgelNcl	Homo sapiens	cervix	219	HeLa	not applicable	Cancer	run219	proteomic profiling by mass spectrometry	Trypsin	F121108_HCD_Input_OffGel_Ncl_01.raw	Nucleus	20ppm	Velos	SILAC heavy	NT=Carbamidomethyl; AC=4; MT=Fixed; PP=Anywhere; TA=C	NT=Oxidation; AC=35; MT=Variable; PP=Anywhere; TA=M	NT=Methyl:2H(3)13C(1); AC=329; MT=Variable; PP=Anywhere; TA=K,R	NT=Dimethyl:2H(6)13C(2); AC=330; MT=Variable; PP=Anywhere; TA=K,R	NT=Trimethyl:13C(3)2H(9); AC=1414; MT=Variable; PP=Anywhere; TA=K	NT=Label:13C(4); AC=1266; MT=Fixed; PP=Anywhere; TA=M	20ppm	219	lesSDRF v0.1.0	NT=data-dependent acquisition;AC=PRIDE:0000627	v1.1.0	NT=ms-proteomics;VV=v1.1.0
OffgelNcl	Homo sapiens	cervix	220	HeLa	not applicable	Cancer	run220	proteomic profiling by mass spectrometry	Trypsin	F121108_HCD_Input_OffGel_Ncl_02.raw	Nucleus	20ppm	Velos	SILAC light	NT=Carbamidomethyl; AC=4; MT=Fixed; PP=Anywhere; TA=C	NT=Oxidation; AC=35; MT=Variable; PP=Anywhere; TA=M	NT=Methyl; AC=34; MT=Variable; PP=Anywhere; TA=K,R	NT=Dimethyl; AC=36; MT=Variable; PP=Anywhere; TA=K,R	NT=Trimethyl; AC=37; MT=Variable; PP=Anywhere; TA=K		20ppm	220	lesSDRF v0.1.0	NT=data-dependent acquisition;AC=PRIDE:0000627	v1.1.0	NT=ms-proteomics;VV=v1.1.0
OffgelNcl	Homo sapiens	cervix	220	HeLa	not applicable	Cancer	run220	proteomic profiling by mass spectrometry	Trypsin	F121108_HCD_Input_OffGel_Ncl_02.raw	Nucleus	20ppm	Velos	SILAC heavy	NT=Carbamidomethyl; AC=4; MT=Fixed; PP=Anywhere; TA=C	NT=Oxidation; AC=35; MT=Variable; PP=Anywhere; TA=M	NT=Methyl:2H(3)13C(1); AC=329; MT=Variable; PP=Anywhere; TA=K,R	NT=Dimethyl:2H(6)13C(2); AC=330; MT=Variable; PP=Anywhere; TA=K,R	NT=Trimethyl:13C(3)2H(9); AC=1414; MT=Variable; PP=Anywhere; TA=K	NT=Label:13C(4); AC=1266; MT=Fixed; PP=Anywhere; TA=M	20ppm	220	lesSDRF v0.1.0	NT=data-dependent acquisition;AC=PRIDE:0000627	v1.1.0	NT=ms-proteomics;VV=v1.1.0
OffgelNcl	Homo sapiens	cervix	221	HeLa	not applicable	Cancer	run221	proteomic profiling by mass spectrometry	Trypsin	F121108_HCD_Input_OffGel_Ncl_03.raw	Nucleus	20ppm	Velos	SILAC light	NT=Carbamidomethyl; AC=4; MT=Fixed; PP=Anywhere; TA=C	NT=Oxidation; AC=35; MT=Variable; PP=Anywhere; TA=M	NT=Methyl; AC=34; MT=Variable; PP=Anywhere; TA=K,R	NT=Dimethyl; AC=36; MT=Variable; PP=Anywhere; TA=K,R	NT=Trimethyl; AC=37; MT=Variable; PP=Anywhere; TA=K		20ppm	221	lesSDRF v0.1.0	NT=data-dependent acquisition;AC=PRIDE:0000627	v1.1.0	NT=ms-proteomics;VV=v1.1.0
OffgelNcl	Homo sapiens	cervix	221	HeLa	not applicable	Cancer	run221	proteomic profiling by mass spectrometry	Trypsin	F121108_HCD_Input_OffGel_Ncl_03.raw	Nucleus	20ppm	Velos	SILAC heavy	NT=Carbamidomethyl; AC=4; MT=Fixed; PP=Anywhere; TA=C	NT=Oxidation; AC=35; MT=Variable; PP=Anywhere; TA=M	NT=Methyl:2H(3)13C(1); AC=329; MT=Variable; PP=Anywhere; TA=K,R	NT=Dimethyl:2H(6)13C(2); AC=330; MT=Variable; PP=Anywhere; TA=K,R	NT=Trimethyl:13C(3)2H(9); AC=1414; MT=Variable; PP=Anywhere; TA=K	NT=Label:13C(4); AC=1266; MT=Fixed; PP=Anywhere; TA=M	20ppm	221	lesSDRF v0.1.0	NT=data-dependent acquisition;AC=PRIDE:0000627	v1.1.0	NT=ms-proteomics;VV=v1.1.0
OffgelNcl	Homo sapiens	cervix	222	HeLa	not applicable	Cancer	run222	proteomic profiling by mass spectrometry	Trypsin	F121108_HCD_Input_OffGel_Ncl_04.raw	Nucleus	20ppm	Velos	SILAC light	NT=Carbamidomethyl; AC=4; MT=Fixed; PP=Anywhere; TA=C	NT=Oxidation; AC=35; MT=Variable; PP=Anywhere; TA=M	NT=Methyl; AC=34; MT=Variable; PP=Anywhere; TA=K,R	NT=Dimethyl; AC=36; MT=Variable; PP=Anywhere; TA=K,R	NT=Trimethyl; AC=37; MT=Variable; PP=Anywhere; TA=K		20ppm	222	lesSDRF v0.1.0	NT=data-dependent acquisition;AC=PRIDE:0000627	v1.1.0	NT=ms-proteomics;VV=v1.1.0
OffgelNcl	Homo sapiens	cervix	222	HeLa	not applicable	Cancer	run222	proteomic profiling by mass spectrometry	Trypsin	F121108_HCD_Input_OffGel_Ncl_04.raw	Nucleus	20ppm	Velos	SILAC heavy	NT=Carbamidomethyl; AC=4; MT=Fixed; PP=Anywhere; TA=C	NT=Oxidation; AC=35; MT=Variable; PP=Anywhere; TA=M	NT=Methyl:2H(3)13C(1); AC=329; MT=Variable; PP=Anywhere; TA=K,R	NT=Dimethyl:2H(6)13C(2); AC=330; MT=Variable; PP=Anywhere; TA=K,R	NT=Trimethyl:13C(3)2H(9); AC=1414; MT=Variable; PP=Anywhere; TA=K	NT=Label:13C(4); AC=1266; MT=Fixed; PP=Anywhere; TA=M	20ppm	222	lesSDRF v0.1.0	NT=data-dependent acquisition;AC=PRIDE:0000627	v1.1.0	NT=ms-proteomics;VV=v1.1.0
OffgelNcl	Homo sapiens	cervix	223	HeLa	not applicable	Cancer	run223	proteomic profiling by mass spectrometry	Trypsin	F121108_HCD_Input_OffGel_Ncl_05.raw	Nucleus	20ppm	Velos	SILAC light	NT=Carbamidomethyl; AC=4; MT=Fixed; PP=Anywhere; TA=C	NT=Oxidation; AC=35; MT=Variable; PP=Anywhere; TA=M	NT=Methyl; AC=34; MT=Variable; PP=Anywhere; TA=K,R	NT=Dimethyl; AC=36; MT=Variable; PP=Anywhere; TA=K,R	NT=Trimethyl; AC=37; MT=Variable; PP=Anywhere; TA=K		20ppm	223	lesSDRF v0.1.0	NT=data-dependent acquisition;AC=PRIDE:0000627	v1.1.0	NT=ms-proteomics;VV=v1.1.0
OffgelNcl	Homo sapiens	cervix	223	HeLa	not applicable	Cancer	run223	proteomic profiling by mass spectrometry	Trypsin	F121108_HCD_Input_OffGel_Ncl_05.raw	Nucleus	20ppm	Velos	SILAC heavy	NT=Carbamidomethyl; AC=4; MT=Fixed; PP=Anywhere; TA=C	NT=Oxidation; AC=35; MT=Variable; PP=Anywhere; TA=M	NT=Methyl:2H(3)13C(1); AC=329; MT=Variable; PP=Anywhere; TA=K,R	NT=Dimethyl:2H(6)13C(2); AC=330; MT=Variable; PP=Anywhere; TA=K,R	NT=Trimethyl:13C(3)2H(9); AC=1414; MT=Variable; PP=Anywhere; TA=K	NT=Label:13C(4); AC=1266; MT=Fixed; PP=Anywhere; TA=M	20ppm	223	lesSDRF v0.1.0	NT=data-dependent acquisition;AC=PRIDE:0000627	v1.1.0	NT=ms-proteomics;VV=v1.1.0
OffgelNcl	Homo sapiens	cervix	224	HeLa	not applicable	Cancer	run224	proteomic profiling by mass spectrometry	Trypsin	F121108_HCD_Input_OffGel_Ncl_06.raw	Nucleus	20ppm	Velos	SILAC light	NT=Carbamidomethyl; AC=4; MT=Fixed; PP=Anywhere; TA=C	NT=Oxidation; AC=35; MT=Variable; PP=Anywhere; TA=M	NT=Methyl; AC=34; MT=Variable; PP=Anywhere; TA=K,R	NT=Dimethyl; AC=36; MT=Variable; PP=Anywhere; TA=K,R	NT=Trimethyl; AC=37; MT=Variable; PP=Anywhere; TA=K		20ppm	224	lesSDRF v0.1.0	NT=data-dependent acquisition;AC=PRIDE:0000627	v1.1.0	NT=ms-proteomics;VV=v1.1.0
OffgelNcl	Homo sapiens	cervix	224	HeLa	not applicable	Cancer	run224	proteomic profiling by mass spectrometry	Trypsin	F121108_HCD_Input_OffGel_Ncl_06.raw	Nucleus	20ppm	Velos	SILAC heavy	NT=Carbamidomethyl; AC=4; MT=Fixed; PP=Anywhere; TA=C	NT=Oxidation; AC=35; MT=Variable; PP=Anywhere; TA=M	NT=Methyl:2H(3)13C(1); AC=329; MT=Variable; PP=Anywhere; TA=K,R	NT=Dimethyl:2H(6)13C(2); AC=330; MT=Variable; PP=Anywhere; TA=K,R	NT=Trimethyl:13C(3)2H(9); AC=1414; MT=Variable; PP=Anywhere; TA=K	NT=Label:13C(4); AC=1266; MT=Fixed; PP=Anywhere; TA=M	20ppm	224	lesSDRF v0.1.0	NT=data-dependent acquisition;AC=PRIDE:0000627	v1.1.0	NT=ms-proteomics;VV=v1.1.0
OffgelNcl	Homo sapiens	cervix	225	HeLa	not applicable	Cancer	run225	proteomic profiling by mass spectrometry	Trypsin	F121108_HCD_Input_OffGel_Ncl_07.raw	Nucleus	20ppm	Velos	SILAC light	NT=Carbamidomethyl; AC=4; MT=Fixed; PP=Anywhere; TA=C	NT=Oxidation; AC=35; MT=Variable; PP=Anywhere; TA=M	NT=Methyl; AC=34; MT=Variable; PP=Anywhere; TA=K,R	NT=Dimethyl; AC=36; MT=Variable; PP=Anywhere; TA=K,R	NT=Trimethyl; AC=37; MT=Variable; PP=Anywhere; TA=K		20ppm	225	lesSDRF v0.1.0	NT=data-dependent acquisition;AC=PRIDE:0000627	v1.1.0	NT=ms-proteomics;VV=v1.1.0
OffgelNcl	Homo sapiens	cervix	225	HeLa	not applicable	Cancer	run225	proteomic profiling by mass spectrometry	Trypsin	F121108_HCD_Input_OffGel_Ncl_07.raw	Nucleus	20ppm	Velos	SILAC heavy	NT=Carbamidomethyl; AC=4; MT=Fixed; PP=Anywhere; TA=C	NT=Oxidation; AC=35; MT=Variable; PP=Anywhere; TA=M	NT=Methyl:2H(3)13C(1); AC=329; MT=Variable; PP=Anywhere; TA=K,R	NT=Dimethyl:2H(6)13C(2); AC=330; MT=Variable; PP=Anywhere; TA=K,R	NT=Trimethyl:13C(3)2H(9); AC=1414; MT=Variable; PP=Anywhere; TA=K	NT=Label:13C(4); AC=1266; MT=Fixed; PP=Anywhere; TA=M	20ppm	225	lesSDRF v0.1.0	NT=data-dependent acquisition;AC=PRIDE:0000627	v1.1.0	NT=ms-proteomics;VV=v1.1.0
OffgelNcl	Homo sapiens	cervix	226	HeLa	not applicable	Cancer	run226	proteomic profiling by mass spectrometry	Trypsin	F121108_HCD_Input_OffGel_Ncl_08.raw	Nucleus	20ppm	Velos	SILAC light	NT=Carbamidomethyl; AC=4; MT=Fixed; PP=Anywhere; TA=C	NT=Oxidation; AC=35; MT=Variable; PP=Anywhere; TA=M	NT=Methyl; AC=34; MT=Variable; PP=Anywhere; TA=K,R	NT=Dimethyl; AC=36; MT=Variable; PP=Anywhere; TA=K,R	NT=Trimethyl; AC=37; MT=Variable; PP=Anywhere; TA=K		20ppm	226	lesSDRF v0.1.0	NT=data-dependent acquisition;AC=PRIDE:0000627	v1.1.0	NT=ms-proteomics;VV=v1.1.0
OffgelNcl	Homo sapiens	cervix	226	HeLa	not applicable	Cancer	run226	proteomic profiling by mass spectrometry	Trypsin	F121108_HCD_Input_OffGel_Ncl_08.raw	Nucleus	20ppm	Velos	SILAC heavy	NT=Carbamidomethyl; AC=4; MT=Fixed; PP=Anywhere; TA=C	NT=Oxidation; AC=35; MT=Variable; PP=Anywhere; TA=M	NT=Methyl:2H(3)13C(1); AC=329; MT=Variable; PP=Anywhere; TA=K,R	NT=Dimethyl:2H(6)13C(2); AC=330; MT=Variable; PP=Anywhere; TA=K,R	NT=Trimethyl:13C(3)2H(9); AC=1414; MT=Variable; PP=Anywhere; TA=K	NT=Label:13C(4); AC=1266; MT=Fixed; PP=Anywhere; TA=M	20ppm	226	lesSDRF v0.1.0	NT=data-dependent acquisition;AC=PRIDE:0000627	v1.1.0	NT=ms-proteomics;VV=v1.1.0
OffgelNcl	Homo sapiens	cervix	227	HeLa	not applicable	Cancer	run227	proteomic profiling by mass spectrometry	Trypsin	F121108_HCD_Input_OffGel_Ncl_09.raw	Nucleus	20ppm	Velos	SILAC light	NT=Carbamidomethyl; AC=4; MT=Fixed; PP=Anywhere; TA=C	NT=Oxidation; AC=35; MT=Variable; PP=Anywhere; TA=M	NT=Methyl; AC=34; MT=Variable; PP=Anywhere; TA=K,R	NT=Dimethyl; AC=36; MT=Variable; PP=Anywhere; TA=K,R	NT=Trimethyl; AC=37; MT=Variable; PP=Anywhere; TA=K		20ppm	227	lesSDRF v0.1.0	NT=data-dependent acquisition;AC=PRIDE:0000627	v1.1.0	NT=ms-proteomics;VV=v1.1.0
OffgelNcl	Homo sapiens	cervix	227	HeLa	not applicable	Cancer	run227	proteomic profiling by mass spectrometry	Trypsin	F121108_HCD_Input_OffGel_Ncl_09.raw	Nucleus	20ppm	Velos	SILAC heavy	NT=Carbamidomethyl; AC=4; MT=Fixed; PP=Anywhere; TA=C	NT=Oxidation; AC=35; MT=Variable; PP=Anywhere; TA=M	NT=Methyl:2H(3)13C(1); AC=329; MT=Variable; PP=Anywhere; TA=K,R	NT=Dimethyl:2H(6)13C(2); AC=330; MT=Variable; PP=Anywhere; TA=K,R	NT=Trimethyl:13C(3)2H(9); AC=1414; MT=Variable; PP=Anywhere; TA=K	NT=Label:13C(4); AC=1266; MT=Fixed; PP=Anywhere; TA=M	20ppm	227	lesSDRF v0.1.0	NT=data-dependent acquisition;AC=PRIDE:0000627	v1.1.0	NT=ms-proteomics;VV=v1.1.0
OffgelNcl	Homo sapiens	cervix	228	HeLa	not applicable	Cancer	run228	proteomic profiling by mass spectrometry	Trypsin	F121108_HCD_Input_OffGel_Ncl_10.raw	Nucleus	20ppm	Velos	SILAC light	NT=Carbamidomethyl; AC=4; MT=Fixed; PP=Anywhere; TA=C	NT=Oxidation; AC=35; MT=Variable; PP=Anywhere; TA=M	NT=Methyl; AC=34; MT=Variable; PP=Anywhere; TA=K,R	NT=Dimethyl; AC=36; MT=Variable; PP=Anywhere; TA=K,R	NT=Trimethyl; AC=37; MT=Variable; PP=Anywhere; TA=K		20ppm	228	lesSDRF v0.1.0	NT=data-dependent acquisition;AC=PRIDE:0000627	v1.1.0	NT=ms-proteomics;VV=v1.1.0
OffgelNcl	Homo sapiens	cervix	228	HeLa	not applicable	Cancer	run228	proteomic profiling by mass spectrometry	Trypsin	F121108_HCD_Input_OffGel_Ncl_10.raw	Nucleus	20ppm	Velos	SILAC heavy	NT=Carbamidomethyl; AC=4; MT=Fixed; PP=Anywhere; TA=C	NT=Oxidation; AC=35; MT=Variable; PP=Anywhere; TA=M	NT=Methyl:2H(3)13C(1); AC=329; MT=Variable; PP=Anywhere; TA=K,R	NT=Dimethyl:2H(6)13C(2); AC=330; MT=Variable; PP=Anywhere; TA=K,R	NT=Trimethyl:13C(3)2H(9); AC=1414; MT=Variable; PP=Anywhere; TA=K	NT=Label:13C(4); AC=1266; MT=Fixed; PP=Anywhere; TA=M	20ppm	228	lesSDRF v0.1.0	NT=data-dependent acquisition;AC=PRIDE:0000627	v1.1.0	NT=ms-proteomics;VV=v1.1.0
OffgelNcl	Homo sapiens	cervix	229	HeLa	not applicable	Cancer	run229	proteomic profiling by mass spectrometry	Trypsin	F121108_HCD_Input_OffGel_Ncl_11.raw	Nucleus	20ppm	Velos	SILAC light	NT=Carbamidomethyl; AC=4; MT=Fixed; PP=Anywhere; TA=C	NT=Oxidation; AC=35; MT=Variable; PP=Anywhere; TA=M	NT=Methyl; AC=34; MT=Variable; PP=Anywhere; TA=K,R	NT=Dimethyl; AC=36; MT=Variable; PP=Anywhere; TA=K,R	NT=Trimethyl; AC=37; MT=Variable; PP=Anywhere; TA=K		20ppm	229	lesSDRF v0.1.0	NT=data-dependent acquisition;AC=PRIDE:0000627	v1.1.0	NT=ms-proteomics;VV=v1.1.0
OffgelNcl	Homo sapiens	cervix	229	HeLa	not applicable	Cancer	run229	proteomic profiling by mass spectrometry	Trypsin	F121108_HCD_Input_OffGel_Ncl_11.raw	Nucleus	20ppm	Velos	SILAC heavy	NT=Carbamidomethyl; AC=4; MT=Fixed; PP=Anywhere; TA=C	NT=Oxidation; AC=35; MT=Variable; PP=Anywhere; TA=M	NT=Methyl:2H(3)13C(1); AC=329; MT=Variable; PP=Anywhere; TA=K,R	NT=Dimethyl:2H(6)13C(2); AC=330; MT=Variable; PP=Anywhere; TA=K,R	NT=Trimethyl:13C(3)2H(9); AC=1414; MT=Variable; PP=Anywhere; TA=K	NT=Label:13C(4); AC=1266; MT=Fixed; PP=Anywhere; TA=M	20ppm	229	lesSDRF v0.1.0	NT=data-dependent acquisition;AC=PRIDE:0000627	v1.1.0	NT=ms-proteomics;VV=v1.1.0
OffgelNcl	Homo sapiens	cervix	230	HeLa	not applicable	Cancer	run230	proteomic profiling by mass spectrometry	Trypsin	F121108_HCD_Input_OffGel_Ncl_12.raw	Nucleus	20ppm	Velos	SILAC light	NT=Carbamidomethyl; AC=4; MT=Fixed; PP=Anywhere; TA=C	NT=Oxidation; AC=35; MT=Variable; PP=Anywhere; TA=M	NT=Methyl; AC=34; MT=Variable; PP=Anywhere; TA=K,R	NT=Dimethyl; AC=36; MT=Variable; PP=Anywhere; TA=K,R	NT=Trimethyl; AC=37; MT=Variable; PP=Anywhere; TA=K		20ppm	230	lesSDRF v0.1.0	NT=data-dependent acquisition;AC=PRIDE:0000627	v1.1.0	NT=ms-proteomics;VV=v1.1.0
OffgelNcl	Homo sapiens	cervix	230	HeLa	not applicable	Cancer	run230	proteomic profiling by mass spectrometry	Trypsin	F121108_HCD_Input_OffGel_Ncl_12.raw	Nucleus	20ppm	Velos	SILAC heavy	NT=Carbamidomethyl; AC=4; MT=Fixed; PP=Anywhere; TA=C	NT=Oxidation; AC=35; MT=Variable; PP=Anywhere; TA=M	NT=Methyl:2H(3)13C(1); AC=329; MT=Variable; PP=Anywhere; TA=K,R	NT=Dimethyl:2H(6)13C(2); AC=330; MT=Variable; PP=Anywhere; TA=K,R	NT=Trimethyl:13C(3)2H(9); AC=1414; MT=Variable; PP=Anywhere; TA=K	NT=Label:13C(4); AC=1266; MT=Fixed; PP=Anywhere; TA=M	20ppm	230	lesSDRF v0.1.0	NT=data-dependent acquisition;AC=PRIDE:0000627	v1.1.0	NT=ms-proteomics;VV=v1.1.0
OffgelNcl	Homo sapiens	cervix	231	HeLa	not applicable	Cancer	run231	proteomic profiling by mass spectrometry	Trypsin	F121108_HCD_Input_OffGel_Ncl_13.raw	Nucleus	20ppm	Velos	SILAC light	NT=Carbamidomethyl; AC=4; MT=Fixed; PP=Anywhere; TA=C	NT=Oxidation; AC=35; MT=Variable; PP=Anywhere; TA=M	NT=Methyl; AC=34; MT=Variable; PP=Anywhere; TA=K,R	NT=Dimethyl; AC=36; MT=Variable; PP=Anywhere; TA=K,R	NT=Trimethyl; AC=37; MT=Variable; PP=Anywhere; TA=K		20ppm	231	lesSDRF v0.1.0	NT=data-dependent acquisition;AC=PRIDE:0000627	v1.1.0	NT=ms-proteomics;VV=v1.1.0
OffgelNcl	Homo sapiens	cervix	231	HeLa	not applicable	Cancer	run231	proteomic profiling by mass spectrometry	Trypsin	F121108_HCD_Input_OffGel_Ncl_13.raw	Nucleus	20ppm	Velos	SILAC heavy	NT=Carbamidomethyl; AC=4; MT=Fixed; PP=Anywhere; TA=C	NT=Oxidation; AC=35; MT=Variable; PP=Anywhere; TA=M	NT=Methyl:2H(3)13C(1); AC=329; MT=Variable; PP=Anywhere; TA=K,R	NT=Dimethyl:2H(6)13C(2); AC=330; MT=Variable; PP=Anywhere; TA=K,R	NT=Trimethyl:13C(3)2H(9); AC=1414; MT=Variable; PP=Anywhere; TA=K	NT=Label:13C(4); AC=1266; MT=Fixed; PP=Anywhere; TA=M	20ppm	231	lesSDRF v0.1.0	NT=data-dependent acquisition;AC=PRIDE:0000627	v1.1.0	NT=ms-proteomics;VV=v1.1.0
OffgelNcl	Homo sapiens	cervix	232	HeLa	not applicable	Cancer	run232	proteomic profiling by mass spectrometry	Trypsin	F121108_HCD_Input_OffGel_Ncl_14.raw	Nucleus	20ppm	Velos	SILAC light	NT=Carbamidomethyl; AC=4; MT=Fixed; PP=Anywhere; TA=C	NT=Oxidation; AC=35; MT=Variable; PP=Anywhere; TA=M	NT=Methyl; AC=34; MT=Variable; PP=Anywhere; TA=K,R	NT=Dimethyl; AC=36; MT=Variable; PP=Anywhere; TA=K,R	NT=Trimethyl; AC=37; MT=Variable; PP=Anywhere; TA=K		20ppm	232	lesSDRF v0.1.0	NT=data-dependent acquisition;AC=PRIDE:0000627	v1.1.0	NT=ms-proteomics;VV=v1.1.0
OffgelNcl	Homo sapiens	cervix	232	HeLa	not applicable	Cancer	run232	proteomic profiling by mass spectrometry	Trypsin	F121108_HCD_Input_OffGel_Ncl_14.raw	Nucleus	20ppm	Velos	SILAC heavy	NT=Carbamidomethyl; AC=4; MT=Fixed; PP=Anywhere; TA=C	NT=Oxidation; AC=35; MT=Variable; PP=Anywhere; TA=M	NT=Methyl:2H(3)13C(1); AC=329; MT=Variable; PP=Anywhere; TA=K,R	NT=Dimethyl:2H(6)13C(2); AC=330; MT=Variable; PP=Anywhere; TA=K,R	NT=Trimethyl:13C(3)2H(9); AC=1414; MT=Variable; PP=Anywhere; TA=K	NT=Label:13C(4); AC=1266; MT=Fixed; PP=Anywhere; TA=M	20ppm	232	lesSDRF v0.1.0	NT=data-dependent acquisition;AC=PRIDE:0000627	v1.1.0	NT=ms-proteomics;VV=v1.1.0
OffgelNcl	Homo sapiens	cervix	233	HeLa	not applicable	Cancer	run233	proteomic profiling by mass spectrometry	Trypsin	F121108_HCD_Input_OffGel_Ncl_15.raw	Nucleus	20ppm	Velos	SILAC light	NT=Carbamidomethyl; AC=4; MT=Fixed; PP=Anywhere; TA=C	NT=Oxidation; AC=35; MT=Variable; PP=Anywhere; TA=M	NT=Methyl; AC=34; MT=Variable; PP=Anywhere; TA=K,R	NT=Dimethyl; AC=36; MT=Variable; PP=Anywhere; TA=K,R	NT=Trimethyl; AC=37; MT=Variable; PP=Anywhere; TA=K		20ppm	233	lesSDRF v0.1.0	NT=data-dependent acquisition;AC=PRIDE:0000627	v1.1.0	NT=ms-proteomics;VV=v1.1.0
OffgelNcl	Homo sapiens	cervix	233	HeLa	not applicable	Cancer	run233	proteomic profiling by mass spectrometry	Trypsin	F121108_HCD_Input_OffGel_Ncl_15.raw	Nucleus	20ppm	Velos	SILAC heavy	NT=Carbamidomethyl; AC=4; MT=Fixed; PP=Anywhere; TA=C	NT=Oxidation; AC=35; MT=Variable; PP=Anywhere; TA=M	NT=Methyl:2H(3)13C(1); AC=329; MT=Variable; PP=Anywhere; TA=K,R	NT=Dimethyl:2H(6)13C(2); AC=330; MT=Variable; PP=Anywhere; TA=K,R	NT=Trimethyl:13C(3)2H(9); AC=1414; MT=Variable; PP=Anywhere; TA=K	NT=Label:13C(4); AC=1266; MT=Fixed; PP=Anywhere; TA=M	20ppm	233	lesSDRF v0.1.0	NT=data-dependent acquisition;AC=PRIDE:0000627	v1.1.0	NT=ms-proteomics;VV=v1.1.0
OffgelNcl	Homo sapiens	cervix	234	HeLa	not applicable	Cancer	run234	proteomic profiling by mass spectrometry	Trypsin	F121108_HCD_Input_OffGel_Ncl_16.raw	Nucleus	20ppm	Velos	SILAC light	NT=Carbamidomethyl; AC=4; MT=Fixed; PP=Anywhere; TA=C	NT=Oxidation; AC=35; MT=Variable; PP=Anywhere; TA=M	NT=Methyl; AC=34; MT=Variable; PP=Anywhere; TA=K,R	NT=Dimethyl; AC=36; MT=Variable; PP=Anywhere; TA=K,R	NT=Trimethyl; AC=37; MT=Variable; PP=Anywhere; TA=K		20ppm	234	lesSDRF v0.1.0	NT=data-dependent acquisition;AC=PRIDE:0000627	v1.1.0	NT=ms-proteomics;VV=v1.1.0
OffgelNcl	Homo sapiens	cervix	234	HeLa	not applicable	Cancer	run234	proteomic profiling by mass spectrometry	Trypsin	F121108_HCD_Input_OffGel_Ncl_16.raw	Nucleus	20ppm	Velos	SILAC heavy	NT=Carbamidomethyl; AC=4; MT=Fixed; PP=Anywhere; TA=C	NT=Oxidation; AC=35; MT=Variable; PP=Anywhere; TA=M	NT=Methyl:2H(3)13C(1); AC=329; MT=Variable; PP=Anywhere; TA=K,R	NT=Dimethyl:2H(6)13C(2); AC=330; MT=Variable; PP=Anywhere; TA=K,R	NT=Trimethyl:13C(3)2H(9); AC=1414; MT=Variable; PP=Anywhere; TA=K	NT=Label:13C(4); AC=1266; MT=Fixed; PP=Anywhere; TA=M	20ppm	234	lesSDRF v0.1.0	NT=data-dependent acquisition;AC=PRIDE:0000627	v1.1.0	NT=ms-proteomics;VV=v1.1.0
OffgelNcl	Homo sapiens	cervix	235	HeLa	not applicable	Cancer	run235	proteomic profiling by mass spectrometry	Trypsin	F121108_HCD_Input_OffGel_Ncl_17.raw	Nucleus	20ppm	Velos	SILAC light	NT=Carbamidomethyl; AC=4; MT=Fixed; PP=Anywhere; TA=C	NT=Oxidation; AC=35; MT=Variable; PP=Anywhere; TA=M	NT=Methyl; AC=34; MT=Variable; PP=Anywhere; TA=K,R	NT=Dimethyl; AC=36; MT=Variable; PP=Anywhere; TA=K,R	NT=Trimethyl; AC=37; MT=Variable; PP=Anywhere; TA=K		20ppm	235	lesSDRF v0.1.0	NT=data-dependent acquisition;AC=PRIDE:0000627	v1.1.0	NT=ms-proteomics;VV=v1.1.0
OffgelNcl	Homo sapiens	cervix	235	HeLa	not applicable	Cancer	run235	proteomic profiling by mass spectrometry	Trypsin	F121108_HCD_Input_OffGel_Ncl_17.raw	Nucleus	20ppm	Velos	SILAC heavy	NT=Carbamidomethyl; AC=4; MT=Fixed; PP=Anywhere; TA=C	NT=Oxidation; AC=35; MT=Variable; PP=Anywhere; TA=M	NT=Methyl:2H(3)13C(1); AC=329; MT=Variable; PP=Anywhere; TA=K,R	NT=Dimethyl:2H(6)13C(2); AC=330; MT=Variable; PP=Anywhere; TA=K,R	NT=Trimethyl:13C(3)2H(9); AC=1414; MT=Variable; PP=Anywhere; TA=K	NT=Label:13C(4); AC=1266; MT=Fixed; PP=Anywhere; TA=M	20ppm	235	lesSDRF v0.1.0	NT=data-dependent acquisition;AC=PRIDE:0000627	v1.1.0	NT=ms-proteomics;VV=v1.1.0
OffgelNcl	Homo sapiens	cervix	236	HeLa	not applicable	Cancer	run236	proteomic profiling by mass spectrometry	Trypsin	F121108_HCD_Input_OffGel_Ncl_18.raw	Nucleus	20ppm	Velos	SILAC light	NT=Carbamidomethyl; AC=4; MT=Fixed; PP=Anywhere; TA=C	NT=Oxidation; AC=35; MT=Variable; PP=Anywhere; TA=M	NT=Methyl; AC=34; MT=Variable; PP=Anywhere; TA=K,R	NT=Dimethyl; AC=36; MT=Variable; PP=Anywhere; TA=K,R	NT=Trimethyl; AC=37; MT=Variable; PP=Anywhere; TA=K		20ppm	236	lesSDRF v0.1.0	NT=data-dependent acquisition;AC=PRIDE:0000627	v1.1.0	NT=ms-proteomics;VV=v1.1.0
OffgelNcl	Homo sapiens	cervix	236	HeLa	not applicable	Cancer	run236	proteomic profiling by mass spectrometry	Trypsin	F121108_HCD_Input_OffGel_Ncl_18.raw	Nucleus	20ppm	Velos	SILAC heavy	NT=Carbamidomethyl; AC=4; MT=Fixed; PP=Anywhere; TA=C	NT=Oxidation; AC=35; MT=Variable; PP=Anywhere; TA=M	NT=Methyl:2H(3)13C(1); AC=329; MT=Variable; PP=Anywhere; TA=K,R	NT=Dimethyl:2H(6)13C(2); AC=330; MT=Variable; PP=Anywhere; TA=K,R	NT=Trimethyl:13C(3)2H(9); AC=1414; MT=Variable; PP=Anywhere; TA=K	NT=Label:13C(4); AC=1266; MT=Fixed; PP=Anywhere; TA=M	20ppm	236	lesSDRF v0.1.0	NT=data-dependent acquisition;AC=PRIDE:0000627	v1.1.0	NT=ms-proteomics;VV=v1.1.0
OffgelNcl	Homo sapiens	cervix	237	HeLa	not applicable	Cancer	run237	proteomic profiling by mass spectrometry	Trypsin	F121108_HCD_Input_OffGel_Ncl_19.raw	Nucleus	20ppm	Velos	SILAC light	NT=Carbamidomethyl; AC=4; MT=Fixed; PP=Anywhere; TA=C	NT=Oxidation; AC=35; MT=Variable; PP=Anywhere; TA=M	NT=Methyl; AC=34; MT=Variable; PP=Anywhere; TA=K,R	NT=Dimethyl; AC=36; MT=Variable; PP=Anywhere; TA=K,R	NT=Trimethyl; AC=37; MT=Variable; PP=Anywhere; TA=K		20ppm	237	lesSDRF v0.1.0	NT=data-dependent acquisition;AC=PRIDE:0000627	v1.1.0	NT=ms-proteomics;VV=v1.1.0
OffgelNcl	Homo sapiens	cervix	237	HeLa	not applicable	Cancer	run237	proteomic profiling by mass spectrometry	Trypsin	F121108_HCD_Input_OffGel_Ncl_19.raw	Nucleus	20ppm	Velos	SILAC heavy	NT=Carbamidomethyl; AC=4; MT=Fixed; PP=Anywhere; TA=C	NT=Oxidation; AC=35; MT=Variable; PP=Anywhere; TA=M	NT=Methyl:2H(3)13C(1); AC=329; MT=Variable; PP=Anywhere; TA=K,R	NT=Dimethyl:2H(6)13C(2); AC=330; MT=Variable; PP=Anywhere; TA=K,R	NT=Trimethyl:13C(3)2H(9); AC=1414; MT=Variable; PP=Anywhere; TA=K	NT=Label:13C(4); AC=1266; MT=Fixed; PP=Anywhere; TA=M	20ppm	237	lesSDRF v0.1.0	NT=data-dependent acquisition;AC=PRIDE:0000627	v1.1.0	NT=ms-proteomics;VV=v1.1.0
OffgelNcl	Homo sapiens	cervix	238	HeLa	not applicable	Cancer	run238	proteomic profiling by mass spectrometry	Trypsin	F121108_HCD_Input_OffGel_Ncl_20.raw	Nucleus	20ppm	Velos	SILAC light	NT=Carbamidomethyl; AC=4; MT=Fixed; PP=Anywhere; TA=C	NT=Oxidation; AC=35; MT=Variable; PP=Anywhere; TA=M	NT=Methyl; AC=34; MT=Variable; PP=Anywhere; TA=K,R	NT=Dimethyl; AC=36; MT=Variable; PP=Anywhere; TA=K,R	NT=Trimethyl; AC=37; MT=Variable; PP=Anywhere; TA=K		20ppm	238	lesSDRF v0.1.0	NT=data-dependent acquisition;AC=PRIDE:0000627	v1.1.0	NT=ms-proteomics;VV=v1.1.0
OffgelNcl	Homo sapiens	cervix	238	HeLa	not applicable	Cancer	run238	proteomic profiling by mass spectrometry	Trypsin	F121108_HCD_Input_OffGel_Ncl_20.raw	Nucleus	20ppm	Velos	SILAC heavy	NT=Carbamidomethyl; AC=4; MT=Fixed; PP=Anywhere; TA=C	NT=Oxidation; AC=35; MT=Variable; PP=Anywhere; TA=M	NT=Methyl:2H(3)13C(1); AC=329; MT=Variable; PP=Anywhere; TA=K,R	NT=Dimethyl:2H(6)13C(2); AC=330; MT=Variable; PP=Anywhere; TA=K,R	NT=Trimethyl:13C(3)2H(9); AC=1414; MT=Variable; PP=Anywhere; TA=K	NT=Label:13C(4); AC=1266; MT=Fixed; PP=Anywhere; TA=M	20ppm	238	lesSDRF v0.1.0	NT=data-dependent acquisition;AC=PRIDE:0000627	v1.1.0	NT=ms-proteomics;VV=v1.1.0
OffgelNcl	Homo sapiens	cervix	239	HeLa	not applicable	Cancer	run239	proteomic profiling by mass spectrometry	Trypsin	F121108_HCD_Input_OffGel_Ncl_21.raw	Nucleus	20ppm	Velos	SILAC light	NT=Carbamidomethyl; AC=4; MT=Fixed; PP=Anywhere; TA=C	NT=Oxidation; AC=35; MT=Variable; PP=Anywhere; TA=M	NT=Methyl; AC=34; MT=Variable; PP=Anywhere; TA=K,R	NT=Dimethyl; AC=36; MT=Variable; PP=Anywhere; TA=K,R	NT=Trimethyl; AC=37; MT=Variable; PP=Anywhere; TA=K		20ppm	239	lesSDRF v0.1.0	NT=data-dependent acquisition;AC=PRIDE:0000627	v1.1.0	NT=ms-proteomics;VV=v1.1.0
OffgelNcl	Homo sapiens	cervix	239	HeLa	not applicable	Cancer	run239	proteomic profiling by mass spectrometry	Trypsin	F121108_HCD_Input_OffGel_Ncl_21.raw	Nucleus	20ppm	Velos	SILAC heavy	NT=Carbamidomethyl; AC=4; MT=Fixed; PP=Anywhere; TA=C	NT=Oxidation; AC=35; MT=Variable; PP=Anywhere; TA=M	NT=Methyl:2H(3)13C(1); AC=329; MT=Variable; PP=Anywhere; TA=K,R	NT=Dimethyl:2H(6)13C(2); AC=330; MT=Variable; PP=Anywhere; TA=K,R	NT=Trimethyl:13C(3)2H(9); AC=1414; MT=Variable; PP=Anywhere; TA=K	NT=Label:13C(4); AC=1266; MT=Fixed; PP=Anywhere; TA=M	20ppm	239	lesSDRF v0.1.0	NT=data-dependent acquisition;AC=PRIDE:0000627	v1.1.0	NT=ms-proteomics;VV=v1.1.0
OffgelNcl	Homo sapiens	cervix	240	HeLa	not applicable	Cancer	run240	proteomic profiling by mass spectrometry	Trypsin	F121108_HCD_Input_OffGel_Ncl_22.raw	Nucleus	20ppm	Velos	SILAC light	NT=Carbamidomethyl; AC=4; MT=Fixed; PP=Anywhere; TA=C	NT=Oxidation; AC=35; MT=Variable; PP=Anywhere; TA=M	NT=Methyl; AC=34; MT=Variable; PP=Anywhere; TA=K,R	NT=Dimethyl; AC=36; MT=Variable; PP=Anywhere; TA=K,R	NT=Trimethyl; AC=37; MT=Variable; PP=Anywhere; TA=K		20ppm	240	lesSDRF v0.1.0	NT=data-dependent acquisition;AC=PRIDE:0000627	v1.1.0	NT=ms-proteomics;VV=v1.1.0
OffgelNcl	Homo sapiens	cervix	240	HeLa	not applicable	Cancer	run240	proteomic profiling by mass spectrometry	Trypsin	F121108_HCD_Input_OffGel_Ncl_22.raw	Nucleus	20ppm	Velos	SILAC heavy	NT=Carbamidomethyl; AC=4; MT=Fixed; PP=Anywhere; TA=C	NT=Oxidation; AC=35; MT=Variable; PP=Anywhere; TA=M	NT=Methyl:2H(3)13C(1); AC=329; MT=Variable; PP=Anywhere; TA=K,R	NT=Dimethyl:2H(6)13C(2); AC=330; MT=Variable; PP=Anywhere; TA=K,R	NT=Trimethyl:13C(3)2H(9); AC=1414; MT=Variable; PP=Anywhere; TA=K	NT=Label:13C(4); AC=1266; MT=Fixed; PP=Anywhere; TA=M	20ppm	240	lesSDRF v0.1.0	NT=data-dependent acquisition;AC=PRIDE:0000627	v1.1.0	NT=ms-proteomics;VV=v1.1.0
HeLa_LDC_protein_Ips	Homo sapiens	cervix	241	HeLa	not applicable	Cancer	run241	proteomic profiling by mass spectrometry	Trypsin	F130509_VS_IP_DDX5_01.raw	WCE	20ppm	Q Exactive	SILAC light	NT=Carbamidomethyl; AC=4; MT=Fixed; PP=Anywhere; TA=C	NT=Oxidation; AC=35; MT=Variable; PP=Anywhere; TA=M	NT=Methyl; AC=34; MT=Variable; PP=Anywhere; TA=K,R	NT=Dimethyl; AC=36; MT=Variable; PP=Anywhere; TA=K,R	NT=Trimethyl; AC=37; MT=Variable; PP=Anywhere; TA=K		20ppm	241	lesSDRF v0.1.0	NT=data-dependent acquisition;AC=PRIDE:0000627	v1.1.0	NT=ms-proteomics;VV=v1.1.0
HeLa_LDC_protein_Ips	Homo sapiens	cervix	241	HeLa	not applicable	Cancer	run241	proteomic profiling by mass spectrometry	Trypsin	F130509_VS_IP_DDX5_01.raw	WCE	20ppm	Q Exactive	SILAC heavy	NT=Carbamidomethyl; AC=4; MT=Fixed; PP=Anywhere; TA=C	NT=Oxidation; AC=35; MT=Variable; PP=Anywhere; TA=M	NT=Methyl:2H(3)13C(1); AC=329; MT=Variable; PP=Anywhere; TA=K,R	NT=Dimethyl:2H(6)13C(2); AC=330; MT=Variable; PP=Anywhere; TA=K,R	NT=Trimethyl:13C(3)2H(9); AC=1414; MT=Variable; PP=Anywhere; TA=K	NT=Label:13C(4); AC=1266; MT=Fixed; PP=Anywhere; TA=M	20ppm	241	lesSDRF v0.1.0	NT=data-dependent acquisition;AC=PRIDE:0000627	v1.1.0	NT=ms-proteomics;VV=v1.1.0
HeLa_LDC_protein_Ips	Homo sapiens	cervix	242	HeLa	not applicable	Cancer	run242	proteomic profiling by mass spectrometry	Trypsin	F130509_VS_IP_DDX5_02.raw	WCE	20ppm	Q Exactive	SILAC light	NT=Carbamidomethyl; AC=4; MT=Fixed; PP=Anywhere; TA=C	NT=Oxidation; AC=35; MT=Variable; PP=Anywhere; TA=M	NT=Methyl; AC=34; MT=Variable; PP=Anywhere; TA=K,R	NT=Dimethyl; AC=36; MT=Variable; PP=Anywhere; TA=K,R	NT=Trimethyl; AC=37; MT=Variable; PP=Anywhere; TA=K		20ppm	242	lesSDRF v0.1.0	NT=data-dependent acquisition;AC=PRIDE:0000627	v1.1.0	NT=ms-proteomics;VV=v1.1.0
HeLa_LDC_protein_Ips	Homo sapiens	cervix	242	HeLa	not applicable	Cancer	run242	proteomic profiling by mass spectrometry	Trypsin	F130509_VS_IP_DDX5_02.raw	WCE	20ppm	Q Exactive	SILAC heavy	NT=Carbamidomethyl; AC=4; MT=Fixed; PP=Anywhere; TA=C	NT=Oxidation; AC=35; MT=Variable; PP=Anywhere; TA=M	NT=Methyl:2H(3)13C(1); AC=329; MT=Variable; PP=Anywhere; TA=K,R	NT=Dimethyl:2H(6)13C(2); AC=330; MT=Variable; PP=Anywhere; TA=K,R	NT=Trimethyl:13C(3)2H(9); AC=1414; MT=Variable; PP=Anywhere; TA=K	NT=Label:13C(4); AC=1266; MT=Fixed; PP=Anywhere; TA=M	20ppm	242	lesSDRF v0.1.0	NT=data-dependent acquisition;AC=PRIDE:0000627	v1.1.0	NT=ms-proteomics;VV=v1.1.0
HeLa_LDC_protein_Ips	Homo sapiens	cervix	243	HeLa	not applicable	Cancer	run243	proteomic profiling by mass spectrometry	Trypsin	F130509_VS_IP_DDX5_03.raw	WCE	20ppm	Q Exactive	SILAC light	NT=Carbamidomethyl; AC=4; MT=Fixed; PP=Anywhere; TA=C	NT=Oxidation; AC=35; MT=Variable; PP=Anywhere; TA=M	NT=Methyl; AC=34; MT=Variable; PP=Anywhere; TA=K,R	NT=Dimethyl; AC=36; MT=Variable; PP=Anywhere; TA=K,R	NT=Trimethyl; AC=37; MT=Variable; PP=Anywhere; TA=K		20ppm	243	lesSDRF v0.1.0	NT=data-dependent acquisition;AC=PRIDE:0000627	v1.1.0	NT=ms-proteomics;VV=v1.1.0
HeLa_LDC_protein_Ips	Homo sapiens	cervix	243	HeLa	not applicable	Cancer	run243	proteomic profiling by mass spectrometry	Trypsin	F130509_VS_IP_DDX5_03.raw	WCE	20ppm	Q Exactive	SILAC heavy	NT=Carbamidomethyl; AC=4; MT=Fixed; PP=Anywhere; TA=C	NT=Oxidation; AC=35; MT=Variable; PP=Anywhere; TA=M	NT=Methyl:2H(3)13C(1); AC=329; MT=Variable; PP=Anywhere; TA=K,R	NT=Dimethyl:2H(6)13C(2); AC=330; MT=Variable; PP=Anywhere; TA=K,R	NT=Trimethyl:13C(3)2H(9); AC=1414; MT=Variable; PP=Anywhere; TA=K	NT=Label:13C(4); AC=1266; MT=Fixed; PP=Anywhere; TA=M	20ppm	243	lesSDRF v0.1.0	NT=data-dependent acquisition;AC=PRIDE:0000627	v1.1.0	NT=ms-proteomics;VV=v1.1.0
HeLa_LDC_protein_Ips	Homo sapiens	cervix	244	HeLa	not applicable	Cancer	run244	proteomic profiling by mass spectrometry	Trypsin	F130509_VS_IP_DDX5_04.raw	WCE	20ppm	Q Exactive	SILAC light	NT=Carbamidomethyl; AC=4; MT=Fixed; PP=Anywhere; TA=C	NT=Oxidation; AC=35; MT=Variable; PP=Anywhere; TA=M	NT=Methyl; AC=34; MT=Variable; PP=Anywhere; TA=K,R	NT=Dimethyl; AC=36; MT=Variable; PP=Anywhere; TA=K,R	NT=Trimethyl; AC=37; MT=Variable; PP=Anywhere; TA=K		20ppm	244	lesSDRF v0.1.0	NT=data-dependent acquisition;AC=PRIDE:0000627	v1.1.0	NT=ms-proteomics;VV=v1.1.0
HeLa_LDC_protein_Ips	Homo sapiens	cervix	244	HeLa	not applicable	Cancer	run244	proteomic profiling by mass spectrometry	Trypsin	F130509_VS_IP_DDX5_04.raw	WCE	20ppm	Q Exactive	SILAC heavy	NT=Carbamidomethyl; AC=4; MT=Fixed; PP=Anywhere; TA=C	NT=Oxidation; AC=35; MT=Variable; PP=Anywhere; TA=M	NT=Methyl:2H(3)13C(1); AC=329; MT=Variable; PP=Anywhere; TA=K,R	NT=Dimethyl:2H(6)13C(2); AC=330; MT=Variable; PP=Anywhere; TA=K,R	NT=Trimethyl:13C(3)2H(9); AC=1414; MT=Variable; PP=Anywhere; TA=K	NT=Label:13C(4); AC=1266; MT=Fixed; PP=Anywhere; TA=M	20ppm	244	lesSDRF v0.1.0	NT=data-dependent acquisition;AC=PRIDE:0000627	v1.1.0	NT=ms-proteomics;VV=v1.1.0
HeLa_LDC_protein_Ips	Homo sapiens	cervix	245	HeLa	not applicable	Cancer	run245	proteomic profiling by mass spectrometry	Trypsin	F130509_VS_IP_DDX5_05.raw	WCE	20ppm	Q Exactive	SILAC light	NT=Carbamidomethyl; AC=4; MT=Fixed; PP=Anywhere; TA=C	NT=Oxidation; AC=35; MT=Variable; PP=Anywhere; TA=M	NT=Methyl; AC=34; MT=Variable; PP=Anywhere; TA=K,R	NT=Dimethyl; AC=36; MT=Variable; PP=Anywhere; TA=K,R	NT=Trimethyl; AC=37; MT=Variable; PP=Anywhere; TA=K		20ppm	245	lesSDRF v0.1.0	NT=data-dependent acquisition;AC=PRIDE:0000627	v1.1.0	NT=ms-proteomics;VV=v1.1.0
HeLa_LDC_protein_Ips	Homo sapiens	cervix	245	HeLa	not applicable	Cancer	run245	proteomic profiling by mass spectrometry	Trypsin	F130509_VS_IP_DDX5_05.raw	WCE	20ppm	Q Exactive	SILAC heavy	NT=Carbamidomethyl; AC=4; MT=Fixed; PP=Anywhere; TA=C	NT=Oxidation; AC=35; MT=Variable; PP=Anywhere; TA=M	NT=Methyl:2H(3)13C(1); AC=329; MT=Variable; PP=Anywhere; TA=K,R	NT=Dimethyl:2H(6)13C(2); AC=330; MT=Variable; PP=Anywhere; TA=K,R	NT=Trimethyl:13C(3)2H(9); AC=1414; MT=Variable; PP=Anywhere; TA=K	NT=Label:13C(4); AC=1266; MT=Fixed; PP=Anywhere; TA=M	20ppm	245	lesSDRF v0.1.0	NT=data-dependent acquisition;AC=PRIDE:0000627	v1.1.0	NT=ms-proteomics;VV=v1.1.0
HeLa_LDC_protein_Ips	Homo sapiens	cervix	246	HeLa	not applicable	Cancer	run246	proteomic profiling by mass spectrometry	Trypsin	F130509_VS_IP_DDX5_06.raw	WCE	20ppm	Q Exactive	SILAC light	NT=Carbamidomethyl; AC=4; MT=Fixed; PP=Anywhere; TA=C	NT=Oxidation; AC=35; MT=Variable; PP=Anywhere; TA=M	NT=Methyl; AC=34; MT=Variable; PP=Anywhere; TA=K,R	NT=Dimethyl; AC=36; MT=Variable; PP=Anywhere; TA=K,R	NT=Trimethyl; AC=37; MT=Variable; PP=Anywhere; TA=K		20ppm	246	lesSDRF v0.1.0	NT=data-dependent acquisition;AC=PRIDE:0000627	v1.1.0	NT=ms-proteomics;VV=v1.1.0
HeLa_LDC_protein_Ips	Homo sapiens	cervix	246	HeLa	not applicable	Cancer	run246	proteomic profiling by mass spectrometry	Trypsin	F130509_VS_IP_DDX5_06.raw	WCE	20ppm	Q Exactive	SILAC heavy	NT=Carbamidomethyl; AC=4; MT=Fixed; PP=Anywhere; TA=C	NT=Oxidation; AC=35; MT=Variable; PP=Anywhere; TA=M	NT=Methyl:2H(3)13C(1); AC=329; MT=Variable; PP=Anywhere; TA=K,R	NT=Dimethyl:2H(6)13C(2); AC=330; MT=Variable; PP=Anywhere; TA=K,R	NT=Trimethyl:13C(3)2H(9); AC=1414; MT=Variable; PP=Anywhere; TA=K	NT=Label:13C(4); AC=1266; MT=Fixed; PP=Anywhere; TA=M	20ppm	246	lesSDRF v0.1.0	NT=data-dependent acquisition;AC=PRIDE:0000627	v1.1.0	NT=ms-proteomics;VV=v1.1.0
HeLa_LDC_protein_Ips	Homo sapiens	cervix	247	HeLa	not applicable	Cancer	run247	proteomic profiling by mass spectrometry	Trypsin	F130509_VS_IP_DDX5_07.raw	WCE	20ppm	Q Exactive	SILAC light	NT=Carbamidomethyl; AC=4; MT=Fixed; PP=Anywhere; TA=C	NT=Oxidation; AC=35; MT=Variable; PP=Anywhere; TA=M	NT=Methyl; AC=34; MT=Variable; PP=Anywhere; TA=K,R	NT=Dimethyl; AC=36; MT=Variable; PP=Anywhere; TA=K,R	NT=Trimethyl; AC=37; MT=Variable; PP=Anywhere; TA=K		20ppm	247	lesSDRF v0.1.0	NT=data-dependent acquisition;AC=PRIDE:0000627	v1.1.0	NT=ms-proteomics;VV=v1.1.0
HeLa_LDC_protein_Ips	Homo sapiens	cervix	247	HeLa	not applicable	Cancer	run247	proteomic profiling by mass spectrometry	Trypsin	F130509_VS_IP_DDX5_07.raw	WCE	20ppm	Q Exactive	SILAC heavy	NT=Carbamidomethyl; AC=4; MT=Fixed; PP=Anywhere; TA=C	NT=Oxidation; AC=35; MT=Variable; PP=Anywhere; TA=M	NT=Methyl:2H(3)13C(1); AC=329; MT=Variable; PP=Anywhere; TA=K,R	NT=Dimethyl:2H(6)13C(2); AC=330; MT=Variable; PP=Anywhere; TA=K,R	NT=Trimethyl:13C(3)2H(9); AC=1414; MT=Variable; PP=Anywhere; TA=K	NT=Label:13C(4); AC=1266; MT=Fixed; PP=Anywhere; TA=M	20ppm	247	lesSDRF v0.1.0	NT=data-dependent acquisition;AC=PRIDE:0000627	v1.1.0	NT=ms-proteomics;VV=v1.1.0
HeLa_LDC_protein_Ips	Homo sapiens	cervix	248	HeLa	not applicable	Cancer	run248	proteomic profiling by mass spectrometry	Trypsin	F130509_VS_IP_DDX5_08.raw	WCE	20ppm	Q Exactive	SILAC light	NT=Carbamidomethyl; AC=4; MT=Fixed; PP=Anywhere; TA=C	NT=Oxidation; AC=35; MT=Variable; PP=Anywhere; TA=M	NT=Methyl; AC=34; MT=Variable; PP=Anywhere; TA=K,R	NT=Dimethyl; AC=36; MT=Variable; PP=Anywhere; TA=K,R	NT=Trimethyl; AC=37; MT=Variable; PP=Anywhere; TA=K		20ppm	248	lesSDRF v0.1.0	NT=data-dependent acquisition;AC=PRIDE:0000627	v1.1.0	NT=ms-proteomics;VV=v1.1.0
HeLa_LDC_protein_Ips	Homo sapiens	cervix	248	HeLa	not applicable	Cancer	run248	proteomic profiling by mass spectrometry	Trypsin	F130509_VS_IP_DDX5_08.raw	WCE	20ppm	Q Exactive	SILAC heavy	NT=Carbamidomethyl; AC=4; MT=Fixed; PP=Anywhere; TA=C	NT=Oxidation; AC=35; MT=Variable; PP=Anywhere; TA=M	NT=Methyl:2H(3)13C(1); AC=329; MT=Variable; PP=Anywhere; TA=K,R	NT=Dimethyl:2H(6)13C(2); AC=330; MT=Variable; PP=Anywhere; TA=K,R	NT=Trimethyl:13C(3)2H(9); AC=1414; MT=Variable; PP=Anywhere; TA=K	NT=Label:13C(4); AC=1266; MT=Fixed; PP=Anywhere; TA=M	20ppm	248	lesSDRF v0.1.0	NT=data-dependent acquisition;AC=PRIDE:0000627	v1.1.0	NT=ms-proteomics;VV=v1.1.0
HeLa_LDC_protein_Ips	Homo sapiens	cervix	249	HeLa	not applicable	Cancer	run249	proteomic profiling by mass spectrometry	Trypsin	F130705_VS_AC_IP_DDX5_01.raw	WCE	20ppm	Q Exactive	SILAC light	NT=Carbamidomethyl; AC=4; MT=Fixed; PP=Anywhere; TA=C	NT=Oxidation; AC=35; MT=Variable; PP=Anywhere; TA=M	NT=Methyl; AC=34; MT=Variable; PP=Anywhere; TA=K,R	NT=Dimethyl; AC=36; MT=Variable; PP=Anywhere; TA=K,R	NT=Trimethyl; AC=37; MT=Variable; PP=Anywhere; TA=K		20ppm	249	lesSDRF v0.1.0	NT=data-dependent acquisition;AC=PRIDE:0000627	v1.1.0	NT=ms-proteomics;VV=v1.1.0
HeLa_LDC_protein_Ips	Homo sapiens	cervix	249	HeLa	not applicable	Cancer	run249	proteomic profiling by mass spectrometry	Trypsin	F130705_VS_AC_IP_DDX5_01.raw	WCE	20ppm	Q Exactive	SILAC heavy	NT=Carbamidomethyl; AC=4; MT=Fixed; PP=Anywhere; TA=C	NT=Oxidation; AC=35; MT=Variable; PP=Anywhere; TA=M	NT=Methyl:2H(3)13C(1); AC=329; MT=Variable; PP=Anywhere; TA=K,R	NT=Dimethyl:2H(6)13C(2); AC=330; MT=Variable; PP=Anywhere; TA=K,R	NT=Trimethyl:13C(3)2H(9); AC=1414; MT=Variable; PP=Anywhere; TA=K	NT=Label:13C(4); AC=1266; MT=Fixed; PP=Anywhere; TA=M	20ppm	249	lesSDRF v0.1.0	NT=data-dependent acquisition;AC=PRIDE:0000627	v1.1.0	NT=ms-proteomics;VV=v1.1.0
HeLa_LDC_protein_Ips	Homo sapiens	cervix	250	HeLa	not applicable	Cancer	run250	proteomic profiling by mass spectrometry	Trypsin	F130705_VS_AC_IP_DDX5_02.raw	WCE	20ppm	Q Exactive	SILAC light	NT=Carbamidomethyl; AC=4; MT=Fixed; PP=Anywhere; TA=C	NT=Oxidation; AC=35; MT=Variable; PP=Anywhere; TA=M	NT=Methyl; AC=34; MT=Variable; PP=Anywhere; TA=K,R	NT=Dimethyl; AC=36; MT=Variable; PP=Anywhere; TA=K,R	NT=Trimethyl; AC=37; MT=Variable; PP=Anywhere; TA=K		20ppm	250	lesSDRF v0.1.0	NT=data-dependent acquisition;AC=PRIDE:0000627	v1.1.0	NT=ms-proteomics;VV=v1.1.0
HeLa_LDC_protein_Ips	Homo sapiens	cervix	250	HeLa	not applicable	Cancer	run250	proteomic profiling by mass spectrometry	Trypsin	F130705_VS_AC_IP_DDX5_02.raw	WCE	20ppm	Q Exactive	SILAC heavy	NT=Carbamidomethyl; AC=4; MT=Fixed; PP=Anywhere; TA=C	NT=Oxidation; AC=35; MT=Variable; PP=Anywhere; TA=M	NT=Methyl:2H(3)13C(1); AC=329; MT=Variable; PP=Anywhere; TA=K,R	NT=Dimethyl:2H(6)13C(2); AC=330; MT=Variable; PP=Anywhere; TA=K,R	NT=Trimethyl:13C(3)2H(9); AC=1414; MT=Variable; PP=Anywhere; TA=K	NT=Label:13C(4); AC=1266; MT=Fixed; PP=Anywhere; TA=M	20ppm	250	lesSDRF v0.1.0	NT=data-dependent acquisition;AC=PRIDE:0000627	v1.1.0	NT=ms-proteomics;VV=v1.1.0
HeLa_LDC_protein_Ips	Homo sapiens	cervix	251	HeLa	not applicable	Cancer	run251	proteomic profiling by mass spectrometry	Trypsin	F130705_VS_AC_IP_DDX5_03.raw	WCE	20ppm	Q Exactive	SILAC light	NT=Carbamidomethyl; AC=4; MT=Fixed; PP=Anywhere; TA=C	NT=Oxidation; AC=35; MT=Variable; PP=Anywhere; TA=M	NT=Methyl; AC=34; MT=Variable; PP=Anywhere; TA=K,R	NT=Dimethyl; AC=36; MT=Variable; PP=Anywhere; TA=K,R	NT=Trimethyl; AC=37; MT=Variable; PP=Anywhere; TA=K		20ppm	251	lesSDRF v0.1.0	NT=data-dependent acquisition;AC=PRIDE:0000627	v1.1.0	NT=ms-proteomics;VV=v1.1.0
HeLa_LDC_protein_Ips	Homo sapiens	cervix	251	HeLa	not applicable	Cancer	run251	proteomic profiling by mass spectrometry	Trypsin	F130705_VS_AC_IP_DDX5_03.raw	WCE	20ppm	Q Exactive	SILAC heavy	NT=Carbamidomethyl; AC=4; MT=Fixed; PP=Anywhere; TA=C	NT=Oxidation; AC=35; MT=Variable; PP=Anywhere; TA=M	NT=Methyl:2H(3)13C(1); AC=329; MT=Variable; PP=Anywhere; TA=K,R	NT=Dimethyl:2H(6)13C(2); AC=330; MT=Variable; PP=Anywhere; TA=K,R	NT=Trimethyl:13C(3)2H(9); AC=1414; MT=Variable; PP=Anywhere; TA=K	NT=Label:13C(4); AC=1266; MT=Fixed; PP=Anywhere; TA=M	20ppm	251	lesSDRF v0.1.0	NT=data-dependent acquisition;AC=PRIDE:0000627	v1.1.0	NT=ms-proteomics;VV=v1.1.0
HeLa_LDC_protein_Ips	Homo sapiens	cervix	252	HeLa	not applicable	Cancer	run252	proteomic profiling by mass spectrometry	Trypsin	F130705_VS_AC_IP_DDX5_04.raw	WCE	20ppm	Q Exactive	SILAC light	NT=Carbamidomethyl; AC=4; MT=Fixed; PP=Anywhere; TA=C	NT=Oxidation; AC=35; MT=Variable; PP=Anywhere; TA=M	NT=Methyl; AC=34; MT=Variable; PP=Anywhere; TA=K,R	NT=Dimethyl; AC=36; MT=Variable; PP=Anywhere; TA=K,R	NT=Trimethyl; AC=37; MT=Variable; PP=Anywhere; TA=K		20ppm	252	lesSDRF v0.1.0	NT=data-dependent acquisition;AC=PRIDE:0000627	v1.1.0	NT=ms-proteomics;VV=v1.1.0
HeLa_LDC_protein_Ips	Homo sapiens	cervix	252	HeLa	not applicable	Cancer	run252	proteomic profiling by mass spectrometry	Trypsin	F130705_VS_AC_IP_DDX5_04.raw	WCE	20ppm	Q Exactive	SILAC heavy	NT=Carbamidomethyl; AC=4; MT=Fixed; PP=Anywhere; TA=C	NT=Oxidation; AC=35; MT=Variable; PP=Anywhere; TA=M	NT=Methyl:2H(3)13C(1); AC=329; MT=Variable; PP=Anywhere; TA=K,R	NT=Dimethyl:2H(6)13C(2); AC=330; MT=Variable; PP=Anywhere; TA=K,R	NT=Trimethyl:13C(3)2H(9); AC=1414; MT=Variable; PP=Anywhere; TA=K	NT=Label:13C(4); AC=1266; MT=Fixed; PP=Anywhere; TA=M	20ppm	252	lesSDRF v0.1.0	NT=data-dependent acquisition;AC=PRIDE:0000627	v1.1.0	NT=ms-proteomics;VV=v1.1.0
HeLa_LDC_protein_Ips	Homo sapiens	cervix	253	HeLa	not applicable	Cancer	run253	proteomic profiling by mass spectrometry	Trypsin	F130705_VS_AC_IP_DDX5_05.raw	WCE	20ppm	Q Exactive	SILAC light	NT=Carbamidomethyl; AC=4; MT=Fixed; PP=Anywhere; TA=C	NT=Oxidation; AC=35; MT=Variable; PP=Anywhere; TA=M	NT=Methyl; AC=34; MT=Variable; PP=Anywhere; TA=K,R	NT=Dimethyl; AC=36; MT=Variable; PP=Anywhere; TA=K,R	NT=Trimethyl; AC=37; MT=Variable; PP=Anywhere; TA=K		20ppm	253	lesSDRF v0.1.0	NT=data-dependent acquisition;AC=PRIDE:0000627	v1.1.0	NT=ms-proteomics;VV=v1.1.0
HeLa_LDC_protein_Ips	Homo sapiens	cervix	253	HeLa	not applicable	Cancer	run253	proteomic profiling by mass spectrometry	Trypsin	F130705_VS_AC_IP_DDX5_05.raw	WCE	20ppm	Q Exactive	SILAC heavy	NT=Carbamidomethyl; AC=4; MT=Fixed; PP=Anywhere; TA=C	NT=Oxidation; AC=35; MT=Variable; PP=Anywhere; TA=M	NT=Methyl:2H(3)13C(1); AC=329; MT=Variable; PP=Anywhere; TA=K,R	NT=Dimethyl:2H(6)13C(2); AC=330; MT=Variable; PP=Anywhere; TA=K,R	NT=Trimethyl:13C(3)2H(9); AC=1414; MT=Variable; PP=Anywhere; TA=K	NT=Label:13C(4); AC=1266; MT=Fixed; PP=Anywhere; TA=M	20ppm	253	lesSDRF v0.1.0	NT=data-dependent acquisition;AC=PRIDE:0000627	v1.1.0	NT=ms-proteomics;VV=v1.1.0
HeLa_LDC_protein_Ips	Homo sapiens	cervix	254	HeLa	not applicable	Cancer	run254	proteomic profiling by mass spectrometry	Trypsin	F130705_VS_AC_IP_DDX5_06.raw	WCE	20ppm	Q Exactive	SILAC light	NT=Carbamidomethyl; AC=4; MT=Fixed; PP=Anywhere; TA=C	NT=Oxidation; AC=35; MT=Variable; PP=Anywhere; TA=M	NT=Methyl; AC=34; MT=Variable; PP=Anywhere; TA=K,R	NT=Dimethyl; AC=36; MT=Variable; PP=Anywhere; TA=K,R	NT=Trimethyl; AC=37; MT=Variable; PP=Anywhere; TA=K		20ppm	254	lesSDRF v0.1.0	NT=data-dependent acquisition;AC=PRIDE:0000627	v1.1.0	NT=ms-proteomics;VV=v1.1.0
HeLa_LDC_protein_Ips	Homo sapiens	cervix	254	HeLa	not applicable	Cancer	run254	proteomic profiling by mass spectrometry	Trypsin	F130705_VS_AC_IP_DDX5_06.raw	WCE	20ppm	Q Exactive	SILAC heavy	NT=Carbamidomethyl; AC=4; MT=Fixed; PP=Anywhere; TA=C	NT=Oxidation; AC=35; MT=Variable; PP=Anywhere; TA=M	NT=Methyl:2H(3)13C(1); AC=329; MT=Variable; PP=Anywhere; TA=K,R	NT=Dimethyl:2H(6)13C(2); AC=330; MT=Variable; PP=Anywhere; TA=K,R	NT=Trimethyl:13C(3)2H(9); AC=1414; MT=Variable; PP=Anywhere; TA=K	NT=Label:13C(4); AC=1266; MT=Fixed; PP=Anywhere; TA=M	20ppm	254	lesSDRF v0.1.0	NT=data-dependent acquisition;AC=PRIDE:0000627	v1.1.0	NT=ms-proteomics;VV=v1.1.0
HeLa_LDC_protein_Ips	Homo sapiens	cervix	255	HeLa	not applicable	Cancer	run255	proteomic profiling by mass spectrometry	Trypsin	F130705_VS_AC_IP_DDX5_07.raw	WCE	20ppm	Q Exactive	SILAC light	NT=Carbamidomethyl; AC=4; MT=Fixed; PP=Anywhere; TA=C	NT=Oxidation; AC=35; MT=Variable; PP=Anywhere; TA=M	NT=Methyl; AC=34; MT=Variable; PP=Anywhere; TA=K,R	NT=Dimethyl; AC=36; MT=Variable; PP=Anywhere; TA=K,R	NT=Trimethyl; AC=37; MT=Variable; PP=Anywhere; TA=K		20ppm	255	lesSDRF v0.1.0	NT=data-dependent acquisition;AC=PRIDE:0000627	v1.1.0	NT=ms-proteomics;VV=v1.1.0
HeLa_LDC_protein_Ips	Homo sapiens	cervix	255	HeLa	not applicable	Cancer	run255	proteomic profiling by mass spectrometry	Trypsin	F130705_VS_AC_IP_DDX5_07.raw	WCE	20ppm	Q Exactive	SILAC heavy	NT=Carbamidomethyl; AC=4; MT=Fixed; PP=Anywhere; TA=C	NT=Oxidation; AC=35; MT=Variable; PP=Anywhere; TA=M	NT=Methyl:2H(3)13C(1); AC=329; MT=Variable; PP=Anywhere; TA=K,R	NT=Dimethyl:2H(6)13C(2); AC=330; MT=Variable; PP=Anywhere; TA=K,R	NT=Trimethyl:13C(3)2H(9); AC=1414; MT=Variable; PP=Anywhere; TA=K	NT=Label:13C(4); AC=1266; MT=Fixed; PP=Anywhere; TA=M	20ppm	255	lesSDRF v0.1.0	NT=data-dependent acquisition;AC=PRIDE:0000627	v1.1.0	NT=ms-proteomics;VV=v1.1.0
HeLa_LDC_protein_Ips	Homo sapiens	cervix	256	HeLa	not applicable	Cancer	run256	proteomic profiling by mass spectrometry	Trypsin	F130705_VS_AC_IP_DDX5_08.raw	WCE	20ppm	Q Exactive	SILAC light	NT=Carbamidomethyl; AC=4; MT=Fixed; PP=Anywhere; TA=C	NT=Oxidation; AC=35; MT=Variable; PP=Anywhere; TA=M	NT=Methyl; AC=34; MT=Variable; PP=Anywhere; TA=K,R	NT=Dimethyl; AC=36; MT=Variable; PP=Anywhere; TA=K,R	NT=Trimethyl; AC=37; MT=Variable; PP=Anywhere; TA=K		20ppm	256	lesSDRF v0.1.0	NT=data-dependent acquisition;AC=PRIDE:0000627	v1.1.0	NT=ms-proteomics;VV=v1.1.0
HeLa_LDC_protein_Ips	Homo sapiens	cervix	256	HeLa	not applicable	Cancer	run256	proteomic profiling by mass spectrometry	Trypsin	F130705_VS_AC_IP_DDX5_08.raw	WCE	20ppm	Q Exactive	SILAC heavy	NT=Carbamidomethyl; AC=4; MT=Fixed; PP=Anywhere; TA=C	NT=Oxidation; AC=35; MT=Variable; PP=Anywhere; TA=M	NT=Methyl:2H(3)13C(1); AC=329; MT=Variable; PP=Anywhere; TA=K,R	NT=Dimethyl:2H(6)13C(2); AC=330; MT=Variable; PP=Anywhere; TA=K,R	NT=Trimethyl:13C(3)2H(9); AC=1414; MT=Variable; PP=Anywhere; TA=K	NT=Label:13C(4); AC=1266; MT=Fixed; PP=Anywhere; TA=M	20ppm	256	lesSDRF v0.1.0	NT=data-dependent acquisition;AC=PRIDE:0000627	v1.1.0	NT=ms-proteomics;VV=v1.1.0
HeLa_LDC_protein_Ips	Homo sapiens	cervix	257	HeLa	not applicable	Cancer	run257	proteomic profiling by mass spectrometry	Trypsin	F130705_VS_AC_IP_FUS_01.raw	WCE	20ppm	Q Exactive	SILAC light	NT=Carbamidomethyl; AC=4; MT=Fixed; PP=Anywhere; TA=C	NT=Oxidation; AC=35; MT=Variable; PP=Anywhere; TA=M	NT=Methyl; AC=34; MT=Variable; PP=Anywhere; TA=K,R	NT=Dimethyl; AC=36; MT=Variable; PP=Anywhere; TA=K,R	NT=Trimethyl; AC=37; MT=Variable; PP=Anywhere; TA=K		20ppm	257	lesSDRF v0.1.0	NT=data-dependent acquisition;AC=PRIDE:0000627	v1.1.0	NT=ms-proteomics;VV=v1.1.0
HeLa_LDC_protein_Ips	Homo sapiens	cervix	257	HeLa	not applicable	Cancer	run257	proteomic profiling by mass spectrometry	Trypsin	F130705_VS_AC_IP_FUS_01.raw	WCE	20ppm	Q Exactive	SILAC heavy	NT=Carbamidomethyl; AC=4; MT=Fixed; PP=Anywhere; TA=C	NT=Oxidation; AC=35; MT=Variable; PP=Anywhere; TA=M	NT=Methyl:2H(3)13C(1); AC=329; MT=Variable; PP=Anywhere; TA=K,R	NT=Dimethyl:2H(6)13C(2); AC=330; MT=Variable; PP=Anywhere; TA=K,R	NT=Trimethyl:13C(3)2H(9); AC=1414; MT=Variable; PP=Anywhere; TA=K	NT=Label:13C(4); AC=1266; MT=Fixed; PP=Anywhere; TA=M	20ppm	257	lesSDRF v0.1.0	NT=data-dependent acquisition;AC=PRIDE:0000627	v1.1.0	NT=ms-proteomics;VV=v1.1.0
HeLa_LDC_protein_Ips	Homo sapiens	cervix	258	HeLa	not applicable	Cancer	run258	proteomic profiling by mass spectrometry	Trypsin	F130705_VS_AC_IP_FUS_02.raw	WCE	20ppm	Q Exactive	SILAC light	NT=Carbamidomethyl; AC=4; MT=Fixed; PP=Anywhere; TA=C	NT=Oxidation; AC=35; MT=Variable; PP=Anywhere; TA=M	NT=Methyl; AC=34; MT=Variable; PP=Anywhere; TA=K,R	NT=Dimethyl; AC=36; MT=Variable; PP=Anywhere; TA=K,R	NT=Trimethyl; AC=37; MT=Variable; PP=Anywhere; TA=K		20ppm	258	lesSDRF v0.1.0	NT=data-dependent acquisition;AC=PRIDE:0000627	v1.1.0	NT=ms-proteomics;VV=v1.1.0
HeLa_LDC_protein_Ips	Homo sapiens	cervix	258	HeLa	not applicable	Cancer	run258	proteomic profiling by mass spectrometry	Trypsin	F130705_VS_AC_IP_FUS_02.raw	WCE	20ppm	Q Exactive	SILAC heavy	NT=Carbamidomethyl; AC=4; MT=Fixed; PP=Anywhere; TA=C	NT=Oxidation; AC=35; MT=Variable; PP=Anywhere; TA=M	NT=Methyl:2H(3)13C(1); AC=329; MT=Variable; PP=Anywhere; TA=K,R	NT=Dimethyl:2H(6)13C(2); AC=330; MT=Variable; PP=Anywhere; TA=K,R	NT=Trimethyl:13C(3)2H(9); AC=1414; MT=Variable; PP=Anywhere; TA=K	NT=Label:13C(4); AC=1266; MT=Fixed; PP=Anywhere; TA=M	20ppm	258	lesSDRF v0.1.0	NT=data-dependent acquisition;AC=PRIDE:0000627	v1.1.0	NT=ms-proteomics;VV=v1.1.0
HeLa_LDC_protein_Ips	Homo sapiens	cervix	259	HeLa	not applicable	Cancer	run259	proteomic profiling by mass spectrometry	Trypsin	F130705_VS_AC_IP_FUS_03.raw	WCE	20ppm	Q Exactive	SILAC light	NT=Carbamidomethyl; AC=4; MT=Fixed; PP=Anywhere; TA=C	NT=Oxidation; AC=35; MT=Variable; PP=Anywhere; TA=M	NT=Methyl; AC=34; MT=Variable; PP=Anywhere; TA=K,R	NT=Dimethyl; AC=36; MT=Variable; PP=Anywhere; TA=K,R	NT=Trimethyl; AC=37; MT=Variable; PP=Anywhere; TA=K		20ppm	259	lesSDRF v0.1.0	NT=data-dependent acquisition;AC=PRIDE:0000627	v1.1.0	NT=ms-proteomics;VV=v1.1.0
HeLa_LDC_protein_Ips	Homo sapiens	cervix	259	HeLa	not applicable	Cancer	run259	proteomic profiling by mass spectrometry	Trypsin	F130705_VS_AC_IP_FUS_03.raw	WCE	20ppm	Q Exactive	SILAC heavy	NT=Carbamidomethyl; AC=4; MT=Fixed; PP=Anywhere; TA=C	NT=Oxidation; AC=35; MT=Variable; PP=Anywhere; TA=M	NT=Methyl:2H(3)13C(1); AC=329; MT=Variable; PP=Anywhere; TA=K,R	NT=Dimethyl:2H(6)13C(2); AC=330; MT=Variable; PP=Anywhere; TA=K,R	NT=Trimethyl:13C(3)2H(9); AC=1414; MT=Variable; PP=Anywhere; TA=K	NT=Label:13C(4); AC=1266; MT=Fixed; PP=Anywhere; TA=M	20ppm	259	lesSDRF v0.1.0	NT=data-dependent acquisition;AC=PRIDE:0000627	v1.1.0	NT=ms-proteomics;VV=v1.1.0
HeLa_LDC_protein_Ips	Homo sapiens	cervix	260	HeLa	not applicable	Cancer	run260	proteomic profiling by mass spectrometry	Trypsin	F130705_VS_AC_IP_FUS_04.raw	WCE	20ppm	Q Exactive	SILAC light	NT=Carbamidomethyl; AC=4; MT=Fixed; PP=Anywhere; TA=C	NT=Oxidation; AC=35; MT=Variable; PP=Anywhere; TA=M	NT=Methyl; AC=34; MT=Variable; PP=Anywhere; TA=K,R	NT=Dimethyl; AC=36; MT=Variable; PP=Anywhere; TA=K,R	NT=Trimethyl; AC=37; MT=Variable; PP=Anywhere; TA=K		20ppm	260	lesSDRF v0.1.0	NT=data-dependent acquisition;AC=PRIDE:0000627	v1.1.0	NT=ms-proteomics;VV=v1.1.0
HeLa_LDC_protein_Ips	Homo sapiens	cervix	260	HeLa	not applicable	Cancer	run260	proteomic profiling by mass spectrometry	Trypsin	F130705_VS_AC_IP_FUS_04.raw	WCE	20ppm	Q Exactive	SILAC heavy	NT=Carbamidomethyl; AC=4; MT=Fixed; PP=Anywhere; TA=C	NT=Oxidation; AC=35; MT=Variable; PP=Anywhere; TA=M	NT=Methyl:2H(3)13C(1); AC=329; MT=Variable; PP=Anywhere; TA=K,R	NT=Dimethyl:2H(6)13C(2); AC=330; MT=Variable; PP=Anywhere; TA=K,R	NT=Trimethyl:13C(3)2H(9); AC=1414; MT=Variable; PP=Anywhere; TA=K	NT=Label:13C(4); AC=1266; MT=Fixed; PP=Anywhere; TA=M	20ppm	260	lesSDRF v0.1.0	NT=data-dependent acquisition;AC=PRIDE:0000627	v1.1.0	NT=ms-proteomics;VV=v1.1.0
HeLa_LDC_protein_Ips	Homo sapiens	cervix	261	HeLa	not applicable	Cancer	run261	proteomic profiling by mass spectrometry	Trypsin	F130705_VS_AC_IP_FUS_05.raw	WCE	20ppm	Q Exactive	SILAC light	NT=Carbamidomethyl; AC=4; MT=Fixed; PP=Anywhere; TA=C	NT=Oxidation; AC=35; MT=Variable; PP=Anywhere; TA=M	NT=Methyl; AC=34; MT=Variable; PP=Anywhere; TA=K,R	NT=Dimethyl; AC=36; MT=Variable; PP=Anywhere; TA=K,R	NT=Trimethyl; AC=37; MT=Variable; PP=Anywhere; TA=K		20ppm	261	lesSDRF v0.1.0	NT=data-dependent acquisition;AC=PRIDE:0000627	v1.1.0	NT=ms-proteomics;VV=v1.1.0
HeLa_LDC_protein_Ips	Homo sapiens	cervix	261	HeLa	not applicable	Cancer	run261	proteomic profiling by mass spectrometry	Trypsin	F130705_VS_AC_IP_FUS_05.raw	WCE	20ppm	Q Exactive	SILAC heavy	NT=Carbamidomethyl; AC=4; MT=Fixed; PP=Anywhere; TA=C	NT=Oxidation; AC=35; MT=Variable; PP=Anywhere; TA=M	NT=Methyl:2H(3)13C(1); AC=329; MT=Variable; PP=Anywhere; TA=K,R	NT=Dimethyl:2H(6)13C(2); AC=330; MT=Variable; PP=Anywhere; TA=K,R	NT=Trimethyl:13C(3)2H(9); AC=1414; MT=Variable; PP=Anywhere; TA=K	NT=Label:13C(4); AC=1266; MT=Fixed; PP=Anywhere; TA=M	20ppm	261	lesSDRF v0.1.0	NT=data-dependent acquisition;AC=PRIDE:0000627	v1.1.0	NT=ms-proteomics;VV=v1.1.0
HeLa_LDC_protein_Ips	Homo sapiens	cervix	262	HeLa	not applicable	Cancer	run262	proteomic profiling by mass spectrometry	Trypsin	F130705_VS_AC_IP_FUS_06.raw	WCE	20ppm	Q Exactive	SILAC light	NT=Carbamidomethyl; AC=4; MT=Fixed; PP=Anywhere; TA=C	NT=Oxidation; AC=35; MT=Variable; PP=Anywhere; TA=M	NT=Methyl; AC=34; MT=Variable; PP=Anywhere; TA=K,R	NT=Dimethyl; AC=36; MT=Variable; PP=Anywhere; TA=K,R	NT=Trimethyl; AC=37; MT=Variable; PP=Anywhere; TA=K		20ppm	262	lesSDRF v0.1.0	NT=data-dependent acquisition;AC=PRIDE:0000627	v1.1.0	NT=ms-proteomics;VV=v1.1.0
HeLa_LDC_protein_Ips	Homo sapiens	cervix	262	HeLa	not applicable	Cancer	run262	proteomic profiling by mass spectrometry	Trypsin	F130705_VS_AC_IP_FUS_06.raw	WCE	20ppm	Q Exactive	SILAC heavy	NT=Carbamidomethyl; AC=4; MT=Fixed; PP=Anywhere; TA=C	NT=Oxidation; AC=35; MT=Variable; PP=Anywhere; TA=M	NT=Methyl:2H(3)13C(1); AC=329; MT=Variable; PP=Anywhere; TA=K,R	NT=Dimethyl:2H(6)13C(2); AC=330; MT=Variable; PP=Anywhere; TA=K,R	NT=Trimethyl:13C(3)2H(9); AC=1414; MT=Variable; PP=Anywhere; TA=K	NT=Label:13C(4); AC=1266; MT=Fixed; PP=Anywhere; TA=M	20ppm	262	lesSDRF v0.1.0	NT=data-dependent acquisition;AC=PRIDE:0000627	v1.1.0	NT=ms-proteomics;VV=v1.1.0
HeLa_LDC_protein_Ips	Homo sapiens	cervix	263	HeLa	not applicable	Cancer	run263	proteomic profiling by mass spectrometry	Trypsin	F130705_VS_AC_IP_FUS_07.raw	WCE	20ppm	Q Exactive	SILAC light	NT=Carbamidomethyl; AC=4; MT=Fixed; PP=Anywhere; TA=C	NT=Oxidation; AC=35; MT=Variable; PP=Anywhere; TA=M	NT=Methyl; AC=34; MT=Variable; PP=Anywhere; TA=K,R	NT=Dimethyl; AC=36; MT=Variable; PP=Anywhere; TA=K,R	NT=Trimethyl; AC=37; MT=Variable; PP=Anywhere; TA=K		20ppm	263	lesSDRF v0.1.0	NT=data-dependent acquisition;AC=PRIDE:0000627	v1.1.0	NT=ms-proteomics;VV=v1.1.0
HeLa_LDC_protein_Ips	Homo sapiens	cervix	263	HeLa	not applicable	Cancer	run263	proteomic profiling by mass spectrometry	Trypsin	F130705_VS_AC_IP_FUS_07.raw	WCE	20ppm	Q Exactive	SILAC heavy	NT=Carbamidomethyl; AC=4; MT=Fixed; PP=Anywhere; TA=C	NT=Oxidation; AC=35; MT=Variable; PP=Anywhere; TA=M	NT=Methyl:2H(3)13C(1); AC=329; MT=Variable; PP=Anywhere; TA=K,R	NT=Dimethyl:2H(6)13C(2); AC=330; MT=Variable; PP=Anywhere; TA=K,R	NT=Trimethyl:13C(3)2H(9); AC=1414; MT=Variable; PP=Anywhere; TA=K	NT=Label:13C(4); AC=1266; MT=Fixed; PP=Anywhere; TA=M	20ppm	263	lesSDRF v0.1.0	NT=data-dependent acquisition;AC=PRIDE:0000627	v1.1.0	NT=ms-proteomics;VV=v1.1.0
HeLa_LDC_protein_Ips	Homo sapiens	cervix	264	HeLa	not applicable	Cancer	run264	proteomic profiling by mass spectrometry	Trypsin	F130705_VS_AC_IP_FUS_08.raw	WCE	20ppm	Q Exactive	SILAC light	NT=Carbamidomethyl; AC=4; MT=Fixed; PP=Anywhere; TA=C	NT=Oxidation; AC=35; MT=Variable; PP=Anywhere; TA=M	NT=Methyl; AC=34; MT=Variable; PP=Anywhere; TA=K,R	NT=Dimethyl; AC=36; MT=Variable; PP=Anywhere; TA=K,R	NT=Trimethyl; AC=37; MT=Variable; PP=Anywhere; TA=K		20ppm	264	lesSDRF v0.1.0	NT=data-dependent acquisition;AC=PRIDE:0000627	v1.1.0	NT=ms-proteomics;VV=v1.1.0
HeLa_LDC_protein_Ips	Homo sapiens	cervix	264	HeLa	not applicable	Cancer	run264	proteomic profiling by mass spectrometry	Trypsin	F130705_VS_AC_IP_FUS_08.raw	WCE	20ppm	Q Exactive	SILAC heavy	NT=Carbamidomethyl; AC=4; MT=Fixed; PP=Anywhere; TA=C	NT=Oxidation; AC=35; MT=Variable; PP=Anywhere; TA=M	NT=Methyl:2H(3)13C(1); AC=329; MT=Variable; PP=Anywhere; TA=K,R	NT=Dimethyl:2H(6)13C(2); AC=330; MT=Variable; PP=Anywhere; TA=K,R	NT=Trimethyl:13C(3)2H(9); AC=1414; MT=Variable; PP=Anywhere; TA=K	NT=Label:13C(4); AC=1266; MT=Fixed; PP=Anywhere; TA=M	20ppm	264	lesSDRF v0.1.0	NT=data-dependent acquisition;AC=PRIDE:0000627	v1.1.0	NT=ms-proteomics;VV=v1.1.0
HeLa_LDC_protein_Ips	Homo sapiens	cervix	265	HeLa	not applicable	Cancer	run265	proteomic profiling by mass spectrometry	Trypsin	F131118_VS_hmSILAC_IP_DGCR8_01.raw	WCE	20ppm	Q Exactive	SILAC light	NT=Carbamidomethyl; AC=4; MT=Fixed; PP=Anywhere; TA=C	NT=Oxidation; AC=35; MT=Variable; PP=Anywhere; TA=M	NT=Methyl; AC=34; MT=Variable; PP=Anywhere; TA=K,R	NT=Dimethyl; AC=36; MT=Variable; PP=Anywhere; TA=K,R	NT=Trimethyl; AC=37; MT=Variable; PP=Anywhere; TA=K		20ppm	265	lesSDRF v0.1.0	NT=data-dependent acquisition;AC=PRIDE:0000627	v1.1.0	NT=ms-proteomics;VV=v1.1.0
HeLa_LDC_protein_Ips	Homo sapiens	cervix	265	HeLa	not applicable	Cancer	run265	proteomic profiling by mass spectrometry	Trypsin	F131118_VS_hmSILAC_IP_DGCR8_01.raw	WCE	20ppm	Q Exactive	SILAC heavy	NT=Carbamidomethyl; AC=4; MT=Fixed; PP=Anywhere; TA=C	NT=Oxidation; AC=35; MT=Variable; PP=Anywhere; TA=M	NT=Methyl:2H(3)13C(1); AC=329; MT=Variable; PP=Anywhere; TA=K,R	NT=Dimethyl:2H(6)13C(2); AC=330; MT=Variable; PP=Anywhere; TA=K,R	NT=Trimethyl:13C(3)2H(9); AC=1414; MT=Variable; PP=Anywhere; TA=K	NT=Label:13C(4); AC=1266; MT=Fixed; PP=Anywhere; TA=M	20ppm	265	lesSDRF v0.1.0	NT=data-dependent acquisition;AC=PRIDE:0000627	v1.1.0	NT=ms-proteomics;VV=v1.1.0
HeLa_LDC_protein_Ips	Homo sapiens	cervix	266	HeLa	not applicable	Cancer	run266	proteomic profiling by mass spectrometry	Trypsin	F131118_VS_hmSILAC_IP_DGCR8_02.raw	WCE	20ppm	Q Exactive	SILAC light	NT=Carbamidomethyl; AC=4; MT=Fixed; PP=Anywhere; TA=C	NT=Oxidation; AC=35; MT=Variable; PP=Anywhere; TA=M	NT=Methyl; AC=34; MT=Variable; PP=Anywhere; TA=K,R	NT=Dimethyl; AC=36; MT=Variable; PP=Anywhere; TA=K,R	NT=Trimethyl; AC=37; MT=Variable; PP=Anywhere; TA=K		20ppm	266	lesSDRF v0.1.0	NT=data-dependent acquisition;AC=PRIDE:0000627	v1.1.0	NT=ms-proteomics;VV=v1.1.0
HeLa_LDC_protein_Ips	Homo sapiens	cervix	266	HeLa	not applicable	Cancer	run266	proteomic profiling by mass spectrometry	Trypsin	F131118_VS_hmSILAC_IP_DGCR8_02.raw	WCE	20ppm	Q Exactive	SILAC heavy	NT=Carbamidomethyl; AC=4; MT=Fixed; PP=Anywhere; TA=C	NT=Oxidation; AC=35; MT=Variable; PP=Anywhere; TA=M	NT=Methyl:2H(3)13C(1); AC=329; MT=Variable; PP=Anywhere; TA=K,R	NT=Dimethyl:2H(6)13C(2); AC=330; MT=Variable; PP=Anywhere; TA=K,R	NT=Trimethyl:13C(3)2H(9); AC=1414; MT=Variable; PP=Anywhere; TA=K	NT=Label:13C(4); AC=1266; MT=Fixed; PP=Anywhere; TA=M	20ppm	266	lesSDRF v0.1.0	NT=data-dependent acquisition;AC=PRIDE:0000627	v1.1.0	NT=ms-proteomics;VV=v1.1.0
HeLa_LDC_protein_Ips	Homo sapiens	cervix	267	HeLa	not applicable	Cancer	run267	proteomic profiling by mass spectrometry	Trypsin	F131118_VS_hmSILAC_IP_DGCR8_03.raw	WCE	20ppm	Q Exactive	SILAC light	NT=Carbamidomethyl; AC=4; MT=Fixed; PP=Anywhere; TA=C	NT=Oxidation; AC=35; MT=Variable; PP=Anywhere; TA=M	NT=Methyl; AC=34; MT=Variable; PP=Anywhere; TA=K,R	NT=Dimethyl; AC=36; MT=Variable; PP=Anywhere; TA=K,R	NT=Trimethyl; AC=37; MT=Variable; PP=Anywhere; TA=K		20ppm	267	lesSDRF v0.1.0	NT=data-dependent acquisition;AC=PRIDE:0000627	v1.1.0	NT=ms-proteomics;VV=v1.1.0
HeLa_LDC_protein_Ips	Homo sapiens	cervix	267	HeLa	not applicable	Cancer	run267	proteomic profiling by mass spectrometry	Trypsin	F131118_VS_hmSILAC_IP_DGCR8_03.raw	WCE	20ppm	Q Exactive	SILAC heavy	NT=Carbamidomethyl; AC=4; MT=Fixed; PP=Anywhere; TA=C	NT=Oxidation; AC=35; MT=Variable; PP=Anywhere; TA=M	NT=Methyl:2H(3)13C(1); AC=329; MT=Variable; PP=Anywhere; TA=K,R	NT=Dimethyl:2H(6)13C(2); AC=330; MT=Variable; PP=Anywhere; TA=K,R	NT=Trimethyl:13C(3)2H(9); AC=1414; MT=Variable; PP=Anywhere; TA=K	NT=Label:13C(4); AC=1266; MT=Fixed; PP=Anywhere; TA=M	20ppm	267	lesSDRF v0.1.0	NT=data-dependent acquisition;AC=PRIDE:0000627	v1.1.0	NT=ms-proteomics;VV=v1.1.0
HeLa_LDC_protein_Ips	Homo sapiens	cervix	268	HeLa	not applicable	Cancer	run268	proteomic profiling by mass spectrometry	Trypsin	F131118_VS_hmSILAC_IP_DGCR8_04.raw	WCE	20ppm	Q Exactive	SILAC light	NT=Carbamidomethyl; AC=4; MT=Fixed; PP=Anywhere; TA=C	NT=Oxidation; AC=35; MT=Variable; PP=Anywhere; TA=M	NT=Methyl; AC=34; MT=Variable; PP=Anywhere; TA=K,R	NT=Dimethyl; AC=36; MT=Variable; PP=Anywhere; TA=K,R	NT=Trimethyl; AC=37; MT=Variable; PP=Anywhere; TA=K		20ppm	268	lesSDRF v0.1.0	NT=data-dependent acquisition;AC=PRIDE:0000627	v1.1.0	NT=ms-proteomics;VV=v1.1.0
HeLa_LDC_protein_Ips	Homo sapiens	cervix	268	HeLa	not applicable	Cancer	run268	proteomic profiling by mass spectrometry	Trypsin	F131118_VS_hmSILAC_IP_DGCR8_04.raw	WCE	20ppm	Q Exactive	SILAC heavy	NT=Carbamidomethyl; AC=4; MT=Fixed; PP=Anywhere; TA=C	NT=Oxidation; AC=35; MT=Variable; PP=Anywhere; TA=M	NT=Methyl:2H(3)13C(1); AC=329; MT=Variable; PP=Anywhere; TA=K,R	NT=Dimethyl:2H(6)13C(2); AC=330; MT=Variable; PP=Anywhere; TA=K,R	NT=Trimethyl:13C(3)2H(9); AC=1414; MT=Variable; PP=Anywhere; TA=K	NT=Label:13C(4); AC=1266; MT=Fixed; PP=Anywhere; TA=M	20ppm	268	lesSDRF v0.1.0	NT=data-dependent acquisition;AC=PRIDE:0000627	v1.1.0	NT=ms-proteomics;VV=v1.1.0
HeLa_LDC_protein_Ips	Homo sapiens	cervix	269	HeLa	not applicable	Cancer	run269	proteomic profiling by mass spectrometry	Trypsin	F131118_VS_hmSILAC_IP_DGCR8_05.raw	WCE	20ppm	Q Exactive	SILAC light	NT=Carbamidomethyl; AC=4; MT=Fixed; PP=Anywhere; TA=C	NT=Oxidation; AC=35; MT=Variable; PP=Anywhere; TA=M	NT=Methyl; AC=34; MT=Variable; PP=Anywhere; TA=K,R	NT=Dimethyl; AC=36; MT=Variable; PP=Anywhere; TA=K,R	NT=Trimethyl; AC=37; MT=Variable; PP=Anywhere; TA=K		20ppm	269	lesSDRF v0.1.0	NT=data-dependent acquisition;AC=PRIDE:0000627	v1.1.0	NT=ms-proteomics;VV=v1.1.0
HeLa_LDC_protein_Ips	Homo sapiens	cervix	269	HeLa	not applicable	Cancer	run269	proteomic profiling by mass spectrometry	Trypsin	F131118_VS_hmSILAC_IP_DGCR8_05.raw	WCE	20ppm	Q Exactive	SILAC heavy	NT=Carbamidomethyl; AC=4; MT=Fixed; PP=Anywhere; TA=C	NT=Oxidation; AC=35; MT=Variable; PP=Anywhere; TA=M	NT=Methyl:2H(3)13C(1); AC=329; MT=Variable; PP=Anywhere; TA=K,R	NT=Dimethyl:2H(6)13C(2); AC=330; MT=Variable; PP=Anywhere; TA=K,R	NT=Trimethyl:13C(3)2H(9); AC=1414; MT=Variable; PP=Anywhere; TA=K	NT=Label:13C(4); AC=1266; MT=Fixed; PP=Anywhere; TA=M	20ppm	269	lesSDRF v0.1.0	NT=data-dependent acquisition;AC=PRIDE:0000627	v1.1.0	NT=ms-proteomics;VV=v1.1.0
HeLa_LDC_protein_Ips	Homo sapiens	cervix	270	HeLa	not applicable	Cancer	run270	proteomic profiling by mass spectrometry	Trypsin	F131118_VS_hmSILAC_IP_DGCR8_06.raw	WCE	20ppm	Q Exactive	SILAC light	NT=Carbamidomethyl; AC=4; MT=Fixed; PP=Anywhere; TA=C	NT=Oxidation; AC=35; MT=Variable; PP=Anywhere; TA=M	NT=Methyl; AC=34; MT=Variable; PP=Anywhere; TA=K,R	NT=Dimethyl; AC=36; MT=Variable; PP=Anywhere; TA=K,R	NT=Trimethyl; AC=37; MT=Variable; PP=Anywhere; TA=K		20ppm	270	lesSDRF v0.1.0	NT=data-dependent acquisition;AC=PRIDE:0000627	v1.1.0	NT=ms-proteomics;VV=v1.1.0
HeLa_LDC_protein_Ips	Homo sapiens	cervix	270	HeLa	not applicable	Cancer	run270	proteomic profiling by mass spectrometry	Trypsin	F131118_VS_hmSILAC_IP_DGCR8_06.raw	WCE	20ppm	Q Exactive	SILAC heavy	NT=Carbamidomethyl; AC=4; MT=Fixed; PP=Anywhere; TA=C	NT=Oxidation; AC=35; MT=Variable; PP=Anywhere; TA=M	NT=Methyl:2H(3)13C(1); AC=329; MT=Variable; PP=Anywhere; TA=K,R	NT=Dimethyl:2H(6)13C(2); AC=330; MT=Variable; PP=Anywhere; TA=K,R	NT=Trimethyl:13C(3)2H(9); AC=1414; MT=Variable; PP=Anywhere; TA=K	NT=Label:13C(4); AC=1266; MT=Fixed; PP=Anywhere; TA=M	20ppm	270	lesSDRF v0.1.0	NT=data-dependent acquisition;AC=PRIDE:0000627	v1.1.0	NT=ms-proteomics;VV=v1.1.0
HeLa_LDC_protein_Ips	Homo sapiens	cervix	271	HeLa	not applicable	Cancer	run271	proteomic profiling by mass spectrometry	Trypsin	F131118_VS_hmSILAC_IP_DGCR8_07.raw	WCE	20ppm	Q Exactive	SILAC light	NT=Carbamidomethyl; AC=4; MT=Fixed; PP=Anywhere; TA=C	NT=Oxidation; AC=35; MT=Variable; PP=Anywhere; TA=M	NT=Methyl; AC=34; MT=Variable; PP=Anywhere; TA=K,R	NT=Dimethyl; AC=36; MT=Variable; PP=Anywhere; TA=K,R	NT=Trimethyl; AC=37; MT=Variable; PP=Anywhere; TA=K		20ppm	271	lesSDRF v0.1.0	NT=data-dependent acquisition;AC=PRIDE:0000627	v1.1.0	NT=ms-proteomics;VV=v1.1.0
HeLa_LDC_protein_Ips	Homo sapiens	cervix	271	HeLa	not applicable	Cancer	run271	proteomic profiling by mass spectrometry	Trypsin	F131118_VS_hmSILAC_IP_DGCR8_07.raw	WCE	20ppm	Q Exactive	SILAC heavy	NT=Carbamidomethyl; AC=4; MT=Fixed; PP=Anywhere; TA=C	NT=Oxidation; AC=35; MT=Variable; PP=Anywhere; TA=M	NT=Methyl:2H(3)13C(1); AC=329; MT=Variable; PP=Anywhere; TA=K,R	NT=Dimethyl:2H(6)13C(2); AC=330; MT=Variable; PP=Anywhere; TA=K,R	NT=Trimethyl:13C(3)2H(9); AC=1414; MT=Variable; PP=Anywhere; TA=K	NT=Label:13C(4); AC=1266; MT=Fixed; PP=Anywhere; TA=M	20ppm	271	lesSDRF v0.1.0	NT=data-dependent acquisition;AC=PRIDE:0000627	v1.1.0	NT=ms-proteomics;VV=v1.1.0
HeLa_LDC_protein_Ips	Homo sapiens	cervix	272	HeLa	not applicable	Cancer	run272	proteomic profiling by mass spectrometry	Trypsin	F131118_VS_hmSILAC_IP_DGCR8_08.raw	WCE	20ppm	Q Exactive	SILAC light	NT=Carbamidomethyl; AC=4; MT=Fixed; PP=Anywhere; TA=C	NT=Oxidation; AC=35; MT=Variable; PP=Anywhere; TA=M	NT=Methyl; AC=34; MT=Variable; PP=Anywhere; TA=K,R	NT=Dimethyl; AC=36; MT=Variable; PP=Anywhere; TA=K,R	NT=Trimethyl; AC=37; MT=Variable; PP=Anywhere; TA=K		20ppm	272	lesSDRF v0.1.0	NT=data-dependent acquisition;AC=PRIDE:0000627	v1.1.0	NT=ms-proteomics;VV=v1.1.0
HeLa_LDC_protein_Ips	Homo sapiens	cervix	272	HeLa	not applicable	Cancer	run272	proteomic profiling by mass spectrometry	Trypsin	F131118_VS_hmSILAC_IP_DGCR8_08.raw	WCE	20ppm	Q Exactive	SILAC heavy	NT=Carbamidomethyl; AC=4; MT=Fixed; PP=Anywhere; TA=C	NT=Oxidation; AC=35; MT=Variable; PP=Anywhere; TA=M	NT=Methyl:2H(3)13C(1); AC=329; MT=Variable; PP=Anywhere; TA=K,R	NT=Dimethyl:2H(6)13C(2); AC=330; MT=Variable; PP=Anywhere; TA=K,R	NT=Trimethyl:13C(3)2H(9); AC=1414; MT=Variable; PP=Anywhere; TA=K	NT=Label:13C(4); AC=1266; MT=Fixed; PP=Anywhere; TA=M	20ppm	272	lesSDRF v0.1.0	NT=data-dependent acquisition;AC=PRIDE:0000627	v1.1.0	NT=ms-proteomics;VV=v1.1.0
HeLa_LDC_protein_Ips	Homo sapiens	cervix	273	HeLa	not applicable	Cancer	run273	proteomic profiling by mass spectrometry	Trypsin	F131118_VS_hmSILAC_IP_DGCR8_09.raw	WCE	20ppm	Q Exactive	SILAC light	NT=Carbamidomethyl; AC=4; MT=Fixed; PP=Anywhere; TA=C	NT=Oxidation; AC=35; MT=Variable; PP=Anywhere; TA=M	NT=Methyl; AC=34; MT=Variable; PP=Anywhere; TA=K,R	NT=Dimethyl; AC=36; MT=Variable; PP=Anywhere; TA=K,R	NT=Trimethyl; AC=37; MT=Variable; PP=Anywhere; TA=K		20ppm	273	lesSDRF v0.1.0	NT=data-dependent acquisition;AC=PRIDE:0000627	v1.1.0	NT=ms-proteomics;VV=v1.1.0
HeLa_LDC_protein_Ips	Homo sapiens	cervix	273	HeLa	not applicable	Cancer	run273	proteomic profiling by mass spectrometry	Trypsin	F131118_VS_hmSILAC_IP_DGCR8_09.raw	WCE	20ppm	Q Exactive	SILAC heavy	NT=Carbamidomethyl; AC=4; MT=Fixed; PP=Anywhere; TA=C	NT=Oxidation; AC=35; MT=Variable; PP=Anywhere; TA=M	NT=Methyl:2H(3)13C(1); AC=329; MT=Variable; PP=Anywhere; TA=K,R	NT=Dimethyl:2H(6)13C(2); AC=330; MT=Variable; PP=Anywhere; TA=K,R	NT=Trimethyl:13C(3)2H(9); AC=1414; MT=Variable; PP=Anywhere; TA=K	NT=Label:13C(4); AC=1266; MT=Fixed; PP=Anywhere; TA=M	20ppm	273	lesSDRF v0.1.0	NT=data-dependent acquisition;AC=PRIDE:0000627	v1.1.0	NT=ms-proteomics;VV=v1.1.0
HeLa_LDC_protein_Ips	Homo sapiens	cervix	274	HeLa	not applicable	Cancer	run274	proteomic profiling by mass spectrometry	Trypsin	F131118_VS_hmSILAC_IP_DGCR8_10.raw	WCE	20ppm	Q Exactive	SILAC light	NT=Carbamidomethyl; AC=4; MT=Fixed; PP=Anywhere; TA=C	NT=Oxidation; AC=35; MT=Variable; PP=Anywhere; TA=M	NT=Methyl; AC=34; MT=Variable; PP=Anywhere; TA=K,R	NT=Dimethyl; AC=36; MT=Variable; PP=Anywhere; TA=K,R	NT=Trimethyl; AC=37; MT=Variable; PP=Anywhere; TA=K		20ppm	274	lesSDRF v0.1.0	NT=data-dependent acquisition;AC=PRIDE:0000627	v1.1.0	NT=ms-proteomics;VV=v1.1.0
HeLa_LDC_protein_Ips	Homo sapiens	cervix	274	HeLa	not applicable	Cancer	run274	proteomic profiling by mass spectrometry	Trypsin	F131118_VS_hmSILAC_IP_DGCR8_10.raw	WCE	20ppm	Q Exactive	SILAC heavy	NT=Carbamidomethyl; AC=4; MT=Fixed; PP=Anywhere; TA=C	NT=Oxidation; AC=35; MT=Variable; PP=Anywhere; TA=M	NT=Methyl:2H(3)13C(1); AC=329; MT=Variable; PP=Anywhere; TA=K,R	NT=Dimethyl:2H(6)13C(2); AC=330; MT=Variable; PP=Anywhere; TA=K,R	NT=Trimethyl:13C(3)2H(9); AC=1414; MT=Variable; PP=Anywhere; TA=K	NT=Label:13C(4); AC=1266; MT=Fixed; PP=Anywhere; TA=M	20ppm	274	lesSDRF v0.1.0	NT=data-dependent acquisition;AC=PRIDE:0000627	v1.1.0	NT=ms-proteomics;VV=v1.1.0
HeLa_LDC_protein_Ips	Homo sapiens	cervix	275	HeLa	not applicable	Cancer	run275	proteomic profiling by mass spectrometry	Trypsin	F131118_VS_hmSILAC_IP_DROSHA_01.raw	WCE	20ppm	Q Exactive	SILAC light	NT=Carbamidomethyl; AC=4; MT=Fixed; PP=Anywhere; TA=C	NT=Oxidation; AC=35; MT=Variable; PP=Anywhere; TA=M	NT=Methyl; AC=34; MT=Variable; PP=Anywhere; TA=K,R	NT=Dimethyl; AC=36; MT=Variable; PP=Anywhere; TA=K,R	NT=Trimethyl; AC=37; MT=Variable; PP=Anywhere; TA=K		20ppm	275	lesSDRF v0.1.0	NT=data-dependent acquisition;AC=PRIDE:0000627	v1.1.0	NT=ms-proteomics;VV=v1.1.0
HeLa_LDC_protein_Ips	Homo sapiens	cervix	275	HeLa	not applicable	Cancer	run275	proteomic profiling by mass spectrometry	Trypsin	F131118_VS_hmSILAC_IP_DROSHA_01.raw	WCE	20ppm	Q Exactive	SILAC heavy	NT=Carbamidomethyl; AC=4; MT=Fixed; PP=Anywhere; TA=C	NT=Oxidation; AC=35; MT=Variable; PP=Anywhere; TA=M	NT=Methyl:2H(3)13C(1); AC=329; MT=Variable; PP=Anywhere; TA=K,R	NT=Dimethyl:2H(6)13C(2); AC=330; MT=Variable; PP=Anywhere; TA=K,R	NT=Trimethyl:13C(3)2H(9); AC=1414; MT=Variable; PP=Anywhere; TA=K	NT=Label:13C(4); AC=1266; MT=Fixed; PP=Anywhere; TA=M	20ppm	275	lesSDRF v0.1.0	NT=data-dependent acquisition;AC=PRIDE:0000627	v1.1.0	NT=ms-proteomics;VV=v1.1.0
HeLa_LDC_protein_Ips	Homo sapiens	cervix	276	HeLa	not applicable	Cancer	run276	proteomic profiling by mass spectrometry	Trypsin	F131118_VS_hmSILAC_IP_DROSHA_02.raw	WCE	20ppm	Q Exactive	SILAC light	NT=Carbamidomethyl; AC=4; MT=Fixed; PP=Anywhere; TA=C	NT=Oxidation; AC=35; MT=Variable; PP=Anywhere; TA=M	NT=Methyl; AC=34; MT=Variable; PP=Anywhere; TA=K,R	NT=Dimethyl; AC=36; MT=Variable; PP=Anywhere; TA=K,R	NT=Trimethyl; AC=37; MT=Variable; PP=Anywhere; TA=K		20ppm	276	lesSDRF v0.1.0	NT=data-dependent acquisition;AC=PRIDE:0000627	v1.1.0	NT=ms-proteomics;VV=v1.1.0
HeLa_LDC_protein_Ips	Homo sapiens	cervix	276	HeLa	not applicable	Cancer	run276	proteomic profiling by mass spectrometry	Trypsin	F131118_VS_hmSILAC_IP_DROSHA_02.raw	WCE	20ppm	Q Exactive	SILAC heavy	NT=Carbamidomethyl; AC=4; MT=Fixed; PP=Anywhere; TA=C	NT=Oxidation; AC=35; MT=Variable; PP=Anywhere; TA=M	NT=Methyl:2H(3)13C(1); AC=329; MT=Variable; PP=Anywhere; TA=K,R	NT=Dimethyl:2H(6)13C(2); AC=330; MT=Variable; PP=Anywhere; TA=K,R	NT=Trimethyl:13C(3)2H(9); AC=1414; MT=Variable; PP=Anywhere; TA=K	NT=Label:13C(4); AC=1266; MT=Fixed; PP=Anywhere; TA=M	20ppm	276	lesSDRF v0.1.0	NT=data-dependent acquisition;AC=PRIDE:0000627	v1.1.0	NT=ms-proteomics;VV=v1.1.0
HeLa_LDC_protein_Ips	Homo sapiens	cervix	277	HeLa	not applicable	Cancer	run277	proteomic profiling by mass spectrometry	Trypsin	F131118_VS_hmSILAC_IP_DROSHA_03.raw	WCE	20ppm	Q Exactive	SILAC light	NT=Carbamidomethyl; AC=4; MT=Fixed; PP=Anywhere; TA=C	NT=Oxidation; AC=35; MT=Variable; PP=Anywhere; TA=M	NT=Methyl; AC=34; MT=Variable; PP=Anywhere; TA=K,R	NT=Dimethyl; AC=36; MT=Variable; PP=Anywhere; TA=K,R	NT=Trimethyl; AC=37; MT=Variable; PP=Anywhere; TA=K		20ppm	277	lesSDRF v0.1.0	NT=data-dependent acquisition;AC=PRIDE:0000627	v1.1.0	NT=ms-proteomics;VV=v1.1.0
HeLa_LDC_protein_Ips	Homo sapiens	cervix	277	HeLa	not applicable	Cancer	run277	proteomic profiling by mass spectrometry	Trypsin	F131118_VS_hmSILAC_IP_DROSHA_03.raw	WCE	20ppm	Q Exactive	SILAC heavy	NT=Carbamidomethyl; AC=4; MT=Fixed; PP=Anywhere; TA=C	NT=Oxidation; AC=35; MT=Variable; PP=Anywhere; TA=M	NT=Methyl:2H(3)13C(1); AC=329; MT=Variable; PP=Anywhere; TA=K,R	NT=Dimethyl:2H(6)13C(2); AC=330; MT=Variable; PP=Anywhere; TA=K,R	NT=Trimethyl:13C(3)2H(9); AC=1414; MT=Variable; PP=Anywhere; TA=K	NT=Label:13C(4); AC=1266; MT=Fixed; PP=Anywhere; TA=M	20ppm	277	lesSDRF v0.1.0	NT=data-dependent acquisition;AC=PRIDE:0000627	v1.1.0	NT=ms-proteomics;VV=v1.1.0
HeLa_LDC_protein_Ips	Homo sapiens	cervix	278	HeLa	not applicable	Cancer	run278	proteomic profiling by mass spectrometry	Trypsin	F131118_VS_hmSILAC_IP_DROSHA_04.raw	WCE	20ppm	Q Exactive	SILAC light	NT=Carbamidomethyl; AC=4; MT=Fixed; PP=Anywhere; TA=C	NT=Oxidation; AC=35; MT=Variable; PP=Anywhere; TA=M	NT=Methyl; AC=34; MT=Variable; PP=Anywhere; TA=K,R	NT=Dimethyl; AC=36; MT=Variable; PP=Anywhere; TA=K,R	NT=Trimethyl; AC=37; MT=Variable; PP=Anywhere; TA=K		20ppm	278	lesSDRF v0.1.0	NT=data-dependent acquisition;AC=PRIDE:0000627	v1.1.0	NT=ms-proteomics;VV=v1.1.0
HeLa_LDC_protein_Ips	Homo sapiens	cervix	278	HeLa	not applicable	Cancer	run278	proteomic profiling by mass spectrometry	Trypsin	F131118_VS_hmSILAC_IP_DROSHA_04.raw	WCE	20ppm	Q Exactive	SILAC heavy	NT=Carbamidomethyl; AC=4; MT=Fixed; PP=Anywhere; TA=C	NT=Oxidation; AC=35; MT=Variable; PP=Anywhere; TA=M	NT=Methyl:2H(3)13C(1); AC=329; MT=Variable; PP=Anywhere; TA=K,R	NT=Dimethyl:2H(6)13C(2); AC=330; MT=Variable; PP=Anywhere; TA=K,R	NT=Trimethyl:13C(3)2H(9); AC=1414; MT=Variable; PP=Anywhere; TA=K	NT=Label:13C(4); AC=1266; MT=Fixed; PP=Anywhere; TA=M	20ppm	278	lesSDRF v0.1.0	NT=data-dependent acquisition;AC=PRIDE:0000627	v1.1.0	NT=ms-proteomics;VV=v1.1.0
HeLa_LDC_protein_Ips	Homo sapiens	cervix	279	HeLa	not applicable	Cancer	run279	proteomic profiling by mass spectrometry	Trypsin	F131118_VS_hmSILAC_IP_DROSHA_05.raw	WCE	20ppm	Q Exactive	SILAC light	NT=Carbamidomethyl; AC=4; MT=Fixed; PP=Anywhere; TA=C	NT=Oxidation; AC=35; MT=Variable; PP=Anywhere; TA=M	NT=Methyl; AC=34; MT=Variable; PP=Anywhere; TA=K,R	NT=Dimethyl; AC=36; MT=Variable; PP=Anywhere; TA=K,R	NT=Trimethyl; AC=37; MT=Variable; PP=Anywhere; TA=K		20ppm	279	lesSDRF v0.1.0	NT=data-dependent acquisition;AC=PRIDE:0000627	v1.1.0	NT=ms-proteomics;VV=v1.1.0
HeLa_LDC_protein_Ips	Homo sapiens	cervix	279	HeLa	not applicable	Cancer	run279	proteomic profiling by mass spectrometry	Trypsin	F131118_VS_hmSILAC_IP_DROSHA_05.raw	WCE	20ppm	Q Exactive	SILAC heavy	NT=Carbamidomethyl; AC=4; MT=Fixed; PP=Anywhere; TA=C	NT=Oxidation; AC=35; MT=Variable; PP=Anywhere; TA=M	NT=Methyl:2H(3)13C(1); AC=329; MT=Variable; PP=Anywhere; TA=K,R	NT=Dimethyl:2H(6)13C(2); AC=330; MT=Variable; PP=Anywhere; TA=K,R	NT=Trimethyl:13C(3)2H(9); AC=1414; MT=Variable; PP=Anywhere; TA=K	NT=Label:13C(4); AC=1266; MT=Fixed; PP=Anywhere; TA=M	20ppm	279	lesSDRF v0.1.0	NT=data-dependent acquisition;AC=PRIDE:0000627	v1.1.0	NT=ms-proteomics;VV=v1.1.0
HeLa_LDC_protein_Ips	Homo sapiens	cervix	280	HeLa	not applicable	Cancer	run280	proteomic profiling by mass spectrometry	Trypsin	F131118_VS_hmSILAC_IP_DROSHA_06.raw	WCE	20ppm	Q Exactive	SILAC light	NT=Carbamidomethyl; AC=4; MT=Fixed; PP=Anywhere; TA=C	NT=Oxidation; AC=35; MT=Variable; PP=Anywhere; TA=M	NT=Methyl; AC=34; MT=Variable; PP=Anywhere; TA=K,R	NT=Dimethyl; AC=36; MT=Variable; PP=Anywhere; TA=K,R	NT=Trimethyl; AC=37; MT=Variable; PP=Anywhere; TA=K		20ppm	280	lesSDRF v0.1.0	NT=data-dependent acquisition;AC=PRIDE:0000627	v1.1.0	NT=ms-proteomics;VV=v1.1.0
HeLa_LDC_protein_Ips	Homo sapiens	cervix	280	HeLa	not applicable	Cancer	run280	proteomic profiling by mass spectrometry	Trypsin	F131118_VS_hmSILAC_IP_DROSHA_06.raw	WCE	20ppm	Q Exactive	SILAC heavy	NT=Carbamidomethyl; AC=4; MT=Fixed; PP=Anywhere; TA=C	NT=Oxidation; AC=35; MT=Variable; PP=Anywhere; TA=M	NT=Methyl:2H(3)13C(1); AC=329; MT=Variable; PP=Anywhere; TA=K,R	NT=Dimethyl:2H(6)13C(2); AC=330; MT=Variable; PP=Anywhere; TA=K,R	NT=Trimethyl:13C(3)2H(9); AC=1414; MT=Variable; PP=Anywhere; TA=K	NT=Label:13C(4); AC=1266; MT=Fixed; PP=Anywhere; TA=M	20ppm	280	lesSDRF v0.1.0	NT=data-dependent acquisition;AC=PRIDE:0000627	v1.1.0	NT=ms-proteomics;VV=v1.1.0
HeLa_LDC_protein_Ips	Homo sapiens	cervix	281	HeLa	not applicable	Cancer	run281	proteomic profiling by mass spectrometry	Trypsin	F131118_VS_hmSILAC_IP_DROSHA_07.raw	WCE	20ppm	Q Exactive	SILAC light	NT=Carbamidomethyl; AC=4; MT=Fixed; PP=Anywhere; TA=C	NT=Oxidation; AC=35; MT=Variable; PP=Anywhere; TA=M	NT=Methyl; AC=34; MT=Variable; PP=Anywhere; TA=K,R	NT=Dimethyl; AC=36; MT=Variable; PP=Anywhere; TA=K,R	NT=Trimethyl; AC=37; MT=Variable; PP=Anywhere; TA=K		20ppm	281	lesSDRF v0.1.0	NT=data-dependent acquisition;AC=PRIDE:0000627	v1.1.0	NT=ms-proteomics;VV=v1.1.0
HeLa_LDC_protein_Ips	Homo sapiens	cervix	281	HeLa	not applicable	Cancer	run281	proteomic profiling by mass spectrometry	Trypsin	F131118_VS_hmSILAC_IP_DROSHA_07.raw	WCE	20ppm	Q Exactive	SILAC heavy	NT=Carbamidomethyl; AC=4; MT=Fixed; PP=Anywhere; TA=C	NT=Oxidation; AC=35; MT=Variable; PP=Anywhere; TA=M	NT=Methyl:2H(3)13C(1); AC=329; MT=Variable; PP=Anywhere; TA=K,R	NT=Dimethyl:2H(6)13C(2); AC=330; MT=Variable; PP=Anywhere; TA=K,R	NT=Trimethyl:13C(3)2H(9); AC=1414; MT=Variable; PP=Anywhere; TA=K	NT=Label:13C(4); AC=1266; MT=Fixed; PP=Anywhere; TA=M	20ppm	281	lesSDRF v0.1.0	NT=data-dependent acquisition;AC=PRIDE:0000627	v1.1.0	NT=ms-proteomics;VV=v1.1.0
HeLa_LDC_protein_Ips	Homo sapiens	cervix	282	HeLa	not applicable	Cancer	run282	proteomic profiling by mass spectrometry	Trypsin	F131118_VS_hmSILAC_IP_DROSHA_08.raw	WCE	20ppm	Q Exactive	SILAC light	NT=Carbamidomethyl; AC=4; MT=Fixed; PP=Anywhere; TA=C	NT=Oxidation; AC=35; MT=Variable; PP=Anywhere; TA=M	NT=Methyl; AC=34; MT=Variable; PP=Anywhere; TA=K,R	NT=Dimethyl; AC=36; MT=Variable; PP=Anywhere; TA=K,R	NT=Trimethyl; AC=37; MT=Variable; PP=Anywhere; TA=K		20ppm	282	lesSDRF v0.1.0	NT=data-dependent acquisition;AC=PRIDE:0000627	v1.1.0	NT=ms-proteomics;VV=v1.1.0
HeLa_LDC_protein_Ips	Homo sapiens	cervix	282	HeLa	not applicable	Cancer	run282	proteomic profiling by mass spectrometry	Trypsin	F131118_VS_hmSILAC_IP_DROSHA_08.raw	WCE	20ppm	Q Exactive	SILAC heavy	NT=Carbamidomethyl; AC=4; MT=Fixed; PP=Anywhere; TA=C	NT=Oxidation; AC=35; MT=Variable; PP=Anywhere; TA=M	NT=Methyl:2H(3)13C(1); AC=329; MT=Variable; PP=Anywhere; TA=K,R	NT=Dimethyl:2H(6)13C(2); AC=330; MT=Variable; PP=Anywhere; TA=K,R	NT=Trimethyl:13C(3)2H(9); AC=1414; MT=Variable; PP=Anywhere; TA=K	NT=Label:13C(4); AC=1266; MT=Fixed; PP=Anywhere; TA=M	20ppm	282	lesSDRF v0.1.0	NT=data-dependent acquisition;AC=PRIDE:0000627	v1.1.0	NT=ms-proteomics;VV=v1.1.0
HeLa_LDC_protein_Ips	Homo sapiens	cervix	283	HeLa	not applicable	Cancer	run283	proteomic profiling by mass spectrometry	Trypsin	F131118_VS_hmSILAC_IP_DROSHA_09.raw	WCE	20ppm	Q Exactive	SILAC light	NT=Carbamidomethyl; AC=4; MT=Fixed; PP=Anywhere; TA=C	NT=Oxidation; AC=35; MT=Variable; PP=Anywhere; TA=M	NT=Methyl; AC=34; MT=Variable; PP=Anywhere; TA=K,R	NT=Dimethyl; AC=36; MT=Variable; PP=Anywhere; TA=K,R	NT=Trimethyl; AC=37; MT=Variable; PP=Anywhere; TA=K		20ppm	283	lesSDRF v0.1.0	NT=data-dependent acquisition;AC=PRIDE:0000627	v1.1.0	NT=ms-proteomics;VV=v1.1.0
HeLa_LDC_protein_Ips	Homo sapiens	cervix	283	HeLa	not applicable	Cancer	run283	proteomic profiling by mass spectrometry	Trypsin	F131118_VS_hmSILAC_IP_DROSHA_09.raw	WCE	20ppm	Q Exactive	SILAC heavy	NT=Carbamidomethyl; AC=4; MT=Fixed; PP=Anywhere; TA=C	NT=Oxidation; AC=35; MT=Variable; PP=Anywhere; TA=M	NT=Methyl:2H(3)13C(1); AC=329; MT=Variable; PP=Anywhere; TA=K,R	NT=Dimethyl:2H(6)13C(2); AC=330; MT=Variable; PP=Anywhere; TA=K,R	NT=Trimethyl:13C(3)2H(9); AC=1414; MT=Variable; PP=Anywhere; TA=K	NT=Label:13C(4); AC=1266; MT=Fixed; PP=Anywhere; TA=M	20ppm	283	lesSDRF v0.1.0	NT=data-dependent acquisition;AC=PRIDE:0000627	v1.1.0	NT=ms-proteomics;VV=v1.1.0
HeLa_LDC_protein_Ips	Homo sapiens	cervix	284	HeLa	not applicable	Cancer	run284	proteomic profiling by mass spectrometry	Trypsin	F131118_VS_hmSILAC_IP_DROSHA_10.raw	WCE	20ppm	Q Exactive	SILAC light	NT=Carbamidomethyl; AC=4; MT=Fixed; PP=Anywhere; TA=C	NT=Oxidation; AC=35; MT=Variable; PP=Anywhere; TA=M	NT=Methyl; AC=34; MT=Variable; PP=Anywhere; TA=K,R	NT=Dimethyl; AC=36; MT=Variable; PP=Anywhere; TA=K,R	NT=Trimethyl; AC=37; MT=Variable; PP=Anywhere; TA=K		20ppm	284	lesSDRF v0.1.0	NT=data-dependent acquisition;AC=PRIDE:0000627	v1.1.0	NT=ms-proteomics;VV=v1.1.0
HeLa_LDC_protein_Ips	Homo sapiens	cervix	284	HeLa	not applicable	Cancer	run284	proteomic profiling by mass spectrometry	Trypsin	F131118_VS_hmSILAC_IP_DROSHA_10.raw	WCE	20ppm	Q Exactive	SILAC heavy	NT=Carbamidomethyl; AC=4; MT=Fixed; PP=Anywhere; TA=C	NT=Oxidation; AC=35; MT=Variable; PP=Anywhere; TA=M	NT=Methyl:2H(3)13C(1); AC=329; MT=Variable; PP=Anywhere; TA=K,R	NT=Dimethyl:2H(6)13C(2); AC=330; MT=Variable; PP=Anywhere; TA=K,R	NT=Trimethyl:13C(3)2H(9); AC=1414; MT=Variable; PP=Anywhere; TA=K	NT=Label:13C(4); AC=1266; MT=Fixed; PP=Anywhere; TA=M	20ppm	284	lesSDRF v0.1.0	NT=data-dependent acquisition;AC=PRIDE:0000627	v1.1.0	NT=ms-proteomics;VV=v1.1.0
HeLa_LDC_input	Homo sapiens	cervix	285	HeLa	not applicable	Cancer	run285	proteomic profiling by mass spectrometry	Trypsin	F131118_VS_hmSILAC_IP_INPUT_01.raw	WCE	20ppm	Q Exactive	SILAC light	NT=Carbamidomethyl; AC=4; MT=Fixed; PP=Anywhere; TA=C	NT=Oxidation; AC=35; MT=Variable; PP=Anywhere; TA=M	NT=Methyl; AC=34; MT=Variable; PP=Anywhere; TA=K,R	NT=Dimethyl; AC=36; MT=Variable; PP=Anywhere; TA=K,R	NT=Trimethyl; AC=37; MT=Variable; PP=Anywhere; TA=K		20ppm	285	lesSDRF v0.1.0	NT=data-dependent acquisition;AC=PRIDE:0000627	v1.1.0	NT=ms-proteomics;VV=v1.1.0
HeLa_LDC_input	Homo sapiens	cervix	285	HeLa	not applicable	Cancer	run285	proteomic profiling by mass spectrometry	Trypsin	F131118_VS_hmSILAC_IP_INPUT_01.raw	WCE	20ppm	Q Exactive	SILAC heavy	NT=Carbamidomethyl; AC=4; MT=Fixed; PP=Anywhere; TA=C	NT=Oxidation; AC=35; MT=Variable; PP=Anywhere; TA=M	NT=Methyl:2H(3)13C(1); AC=329; MT=Variable; PP=Anywhere; TA=K,R	NT=Dimethyl:2H(6)13C(2); AC=330; MT=Variable; PP=Anywhere; TA=K,R	NT=Trimethyl:13C(3)2H(9); AC=1414; MT=Variable; PP=Anywhere; TA=K	NT=Label:13C(4); AC=1266; MT=Fixed; PP=Anywhere; TA=M	20ppm	285	lesSDRF v0.1.0	NT=data-dependent acquisition;AC=PRIDE:0000627	v1.1.0	NT=ms-proteomics;VV=v1.1.0
HeLa_LDC_input	Homo sapiens	cervix	286	HeLa	not applicable	Cancer	run286	proteomic profiling by mass spectrometry	Trypsin	F131118_VS_hmSILAC_IP_INPUT_02.raw	WCE	20ppm	Q Exactive	SILAC light	NT=Carbamidomethyl; AC=4; MT=Fixed; PP=Anywhere; TA=C	NT=Oxidation; AC=35; MT=Variable; PP=Anywhere; TA=M	NT=Methyl; AC=34; MT=Variable; PP=Anywhere; TA=K,R	NT=Dimethyl; AC=36; MT=Variable; PP=Anywhere; TA=K,R	NT=Trimethyl; AC=37; MT=Variable; PP=Anywhere; TA=K		20ppm	286	lesSDRF v0.1.0	NT=data-dependent acquisition;AC=PRIDE:0000627	v1.1.0	NT=ms-proteomics;VV=v1.1.0
HeLa_LDC_input	Homo sapiens	cervix	286	HeLa	not applicable	Cancer	run286	proteomic profiling by mass spectrometry	Trypsin	F131118_VS_hmSILAC_IP_INPUT_02.raw	WCE	20ppm	Q Exactive	SILAC heavy	NT=Carbamidomethyl; AC=4; MT=Fixed; PP=Anywhere; TA=C	NT=Oxidation; AC=35; MT=Variable; PP=Anywhere; TA=M	NT=Methyl:2H(3)13C(1); AC=329; MT=Variable; PP=Anywhere; TA=K,R	NT=Dimethyl:2H(6)13C(2); AC=330; MT=Variable; PP=Anywhere; TA=K,R	NT=Trimethyl:13C(3)2H(9); AC=1414; MT=Variable; PP=Anywhere; TA=K	NT=Label:13C(4); AC=1266; MT=Fixed; PP=Anywhere; TA=M	20ppm	286	lesSDRF v0.1.0	NT=data-dependent acquisition;AC=PRIDE:0000627	v1.1.0	NT=ms-proteomics;VV=v1.1.0
HeLa_LDC_input	Homo sapiens	cervix	287	HeLa	not applicable	Cancer	run287	proteomic profiling by mass spectrometry	Trypsin	F131118_VS_hmSILAC_IP_INPUT_03.raw	WCE	20ppm	Q Exactive	SILAC light	NT=Carbamidomethyl; AC=4; MT=Fixed; PP=Anywhere; TA=C	NT=Oxidation; AC=35; MT=Variable; PP=Anywhere; TA=M	NT=Methyl; AC=34; MT=Variable; PP=Anywhere; TA=K,R	NT=Dimethyl; AC=36; MT=Variable; PP=Anywhere; TA=K,R	NT=Trimethyl; AC=37; MT=Variable; PP=Anywhere; TA=K		20ppm	287	lesSDRF v0.1.0	NT=data-dependent acquisition;AC=PRIDE:0000627	v1.1.0	NT=ms-proteomics;VV=v1.1.0
HeLa_LDC_input	Homo sapiens	cervix	287	HeLa	not applicable	Cancer	run287	proteomic profiling by mass spectrometry	Trypsin	F131118_VS_hmSILAC_IP_INPUT_03.raw	WCE	20ppm	Q Exactive	SILAC heavy	NT=Carbamidomethyl; AC=4; MT=Fixed; PP=Anywhere; TA=C	NT=Oxidation; AC=35; MT=Variable; PP=Anywhere; TA=M	NT=Methyl:2H(3)13C(1); AC=329; MT=Variable; PP=Anywhere; TA=K,R	NT=Dimethyl:2H(6)13C(2); AC=330; MT=Variable; PP=Anywhere; TA=K,R	NT=Trimethyl:13C(3)2H(9); AC=1414; MT=Variable; PP=Anywhere; TA=K	NT=Label:13C(4); AC=1266; MT=Fixed; PP=Anywhere; TA=M	20ppm	287	lesSDRF v0.1.0	NT=data-dependent acquisition;AC=PRIDE:0000627	v1.1.0	NT=ms-proteomics;VV=v1.1.0
HeLa_LDC_input	Homo sapiens	cervix	288	HeLa	not applicable	Cancer	run288	proteomic profiling by mass spectrometry	Trypsin	F131118_VS_hmSILAC_IP_INPUT_04.raw	WCE	20ppm	Q Exactive	SILAC light	NT=Carbamidomethyl; AC=4; MT=Fixed; PP=Anywhere; TA=C	NT=Oxidation; AC=35; MT=Variable; PP=Anywhere; TA=M	NT=Methyl; AC=34; MT=Variable; PP=Anywhere; TA=K,R	NT=Dimethyl; AC=36; MT=Variable; PP=Anywhere; TA=K,R	NT=Trimethyl; AC=37; MT=Variable; PP=Anywhere; TA=K		20ppm	288	lesSDRF v0.1.0	NT=data-dependent acquisition;AC=PRIDE:0000627	v1.1.0	NT=ms-proteomics;VV=v1.1.0
HeLa_LDC_input	Homo sapiens	cervix	288	HeLa	not applicable	Cancer	run288	proteomic profiling by mass spectrometry	Trypsin	F131118_VS_hmSILAC_IP_INPUT_04.raw	WCE	20ppm	Q Exactive	SILAC heavy	NT=Carbamidomethyl; AC=4; MT=Fixed; PP=Anywhere; TA=C	NT=Oxidation; AC=35; MT=Variable; PP=Anywhere; TA=M	NT=Methyl:2H(3)13C(1); AC=329; MT=Variable; PP=Anywhere; TA=K,R	NT=Dimethyl:2H(6)13C(2); AC=330; MT=Variable; PP=Anywhere; TA=K,R	NT=Trimethyl:13C(3)2H(9); AC=1414; MT=Variable; PP=Anywhere; TA=K	NT=Label:13C(4); AC=1266; MT=Fixed; PP=Anywhere; TA=M	20ppm	288	lesSDRF v0.1.0	NT=data-dependent acquisition;AC=PRIDE:0000627	v1.1.0	NT=ms-proteomics;VV=v1.1.0
HeLa_LDC_input	Homo sapiens	cervix	289	HeLa	not applicable	Cancer	run289	proteomic profiling by mass spectrometry	Trypsin	F131118_VS_hmSILAC_IP_INPUT_05.raw	WCE	20ppm	Q Exactive	SILAC light	NT=Carbamidomethyl; AC=4; MT=Fixed; PP=Anywhere; TA=C	NT=Oxidation; AC=35; MT=Variable; PP=Anywhere; TA=M	NT=Methyl; AC=34; MT=Variable; PP=Anywhere; TA=K,R	NT=Dimethyl; AC=36; MT=Variable; PP=Anywhere; TA=K,R	NT=Trimethyl; AC=37; MT=Variable; PP=Anywhere; TA=K		20ppm	289	lesSDRF v0.1.0	NT=data-dependent acquisition;AC=PRIDE:0000627	v1.1.0	NT=ms-proteomics;VV=v1.1.0
HeLa_LDC_input	Homo sapiens	cervix	289	HeLa	not applicable	Cancer	run289	proteomic profiling by mass spectrometry	Trypsin	F131118_VS_hmSILAC_IP_INPUT_05.raw	WCE	20ppm	Q Exactive	SILAC heavy	NT=Carbamidomethyl; AC=4; MT=Fixed; PP=Anywhere; TA=C	NT=Oxidation; AC=35; MT=Variable; PP=Anywhere; TA=M	NT=Methyl:2H(3)13C(1); AC=329; MT=Variable; PP=Anywhere; TA=K,R	NT=Dimethyl:2H(6)13C(2); AC=330; MT=Variable; PP=Anywhere; TA=K,R	NT=Trimethyl:13C(3)2H(9); AC=1414; MT=Variable; PP=Anywhere; TA=K	NT=Label:13C(4); AC=1266; MT=Fixed; PP=Anywhere; TA=M	20ppm	289	lesSDRF v0.1.0	NT=data-dependent acquisition;AC=PRIDE:0000627	v1.1.0	NT=ms-proteomics;VV=v1.1.0
HeLa_LDC_input	Homo sapiens	cervix	290	HeLa	not applicable	Cancer	run290	proteomic profiling by mass spectrometry	Trypsin	F131118_VS_hmSILAC_IP_INPUT_06.raw	WCE	20ppm	Q Exactive	SILAC light	NT=Carbamidomethyl; AC=4; MT=Fixed; PP=Anywhere; TA=C	NT=Oxidation; AC=35; MT=Variable; PP=Anywhere; TA=M	NT=Methyl; AC=34; MT=Variable; PP=Anywhere; TA=K,R	NT=Dimethyl; AC=36; MT=Variable; PP=Anywhere; TA=K,R	NT=Trimethyl; AC=37; MT=Variable; PP=Anywhere; TA=K		20ppm	290	lesSDRF v0.1.0	NT=data-dependent acquisition;AC=PRIDE:0000627	v1.1.0	NT=ms-proteomics;VV=v1.1.0
HeLa_LDC_input	Homo sapiens	cervix	290	HeLa	not applicable	Cancer	run290	proteomic profiling by mass spectrometry	Trypsin	F131118_VS_hmSILAC_IP_INPUT_06.raw	WCE	20ppm	Q Exactive	SILAC heavy	NT=Carbamidomethyl; AC=4; MT=Fixed; PP=Anywhere; TA=C	NT=Oxidation; AC=35; MT=Variable; PP=Anywhere; TA=M	NT=Methyl:2H(3)13C(1); AC=329; MT=Variable; PP=Anywhere; TA=K,R	NT=Dimethyl:2H(6)13C(2); AC=330; MT=Variable; PP=Anywhere; TA=K,R	NT=Trimethyl:13C(3)2H(9); AC=1414; MT=Variable; PP=Anywhere; TA=K	NT=Label:13C(4); AC=1266; MT=Fixed; PP=Anywhere; TA=M	20ppm	290	lesSDRF v0.1.0	NT=data-dependent acquisition;AC=PRIDE:0000627	v1.1.0	NT=ms-proteomics;VV=v1.1.0
HeLa_LDC_input	Homo sapiens	cervix	291	HeLa	not applicable	Cancer	run291	proteomic profiling by mass spectrometry	Trypsin	F131118_VS_hmSILAC_IP_INPUT_07.raw	WCE	20ppm	Q Exactive	SILAC light	NT=Carbamidomethyl; AC=4; MT=Fixed; PP=Anywhere; TA=C	NT=Oxidation; AC=35; MT=Variable; PP=Anywhere; TA=M	NT=Methyl; AC=34; MT=Variable; PP=Anywhere; TA=K,R	NT=Dimethyl; AC=36; MT=Variable; PP=Anywhere; TA=K,R	NT=Trimethyl; AC=37; MT=Variable; PP=Anywhere; TA=K		20ppm	291	lesSDRF v0.1.0	NT=data-dependent acquisition;AC=PRIDE:0000627	v1.1.0	NT=ms-proteomics;VV=v1.1.0
HeLa_LDC_input	Homo sapiens	cervix	291	HeLa	not applicable	Cancer	run291	proteomic profiling by mass spectrometry	Trypsin	F131118_VS_hmSILAC_IP_INPUT_07.raw	WCE	20ppm	Q Exactive	SILAC heavy	NT=Carbamidomethyl; AC=4; MT=Fixed; PP=Anywhere; TA=C	NT=Oxidation; AC=35; MT=Variable; PP=Anywhere; TA=M	NT=Methyl:2H(3)13C(1); AC=329; MT=Variable; PP=Anywhere; TA=K,R	NT=Dimethyl:2H(6)13C(2); AC=330; MT=Variable; PP=Anywhere; TA=K,R	NT=Trimethyl:13C(3)2H(9); AC=1414; MT=Variable; PP=Anywhere; TA=K	NT=Label:13C(4); AC=1266; MT=Fixed; PP=Anywhere; TA=M	20ppm	291	lesSDRF v0.1.0	NT=data-dependent acquisition;AC=PRIDE:0000627	v1.1.0	NT=ms-proteomics;VV=v1.1.0
HeLa_LDC_input	Homo sapiens	cervix	292	HeLa	not applicable	Cancer	run292	proteomic profiling by mass spectrometry	Trypsin	F131118_VS_hmSILAC_IP_INPUT_08.raw	WCE	20ppm	Q Exactive	SILAC light	NT=Carbamidomethyl; AC=4; MT=Fixed; PP=Anywhere; TA=C	NT=Oxidation; AC=35; MT=Variable; PP=Anywhere; TA=M	NT=Methyl; AC=34; MT=Variable; PP=Anywhere; TA=K,R	NT=Dimethyl; AC=36; MT=Variable; PP=Anywhere; TA=K,R	NT=Trimethyl; AC=37; MT=Variable; PP=Anywhere; TA=K		20ppm	292	lesSDRF v0.1.0	NT=data-dependent acquisition;AC=PRIDE:0000627	v1.1.0	NT=ms-proteomics;VV=v1.1.0
HeLa_LDC_input	Homo sapiens	cervix	292	HeLa	not applicable	Cancer	run292	proteomic profiling by mass spectrometry	Trypsin	F131118_VS_hmSILAC_IP_INPUT_08.raw	WCE	20ppm	Q Exactive	SILAC heavy	NT=Carbamidomethyl; AC=4; MT=Fixed; PP=Anywhere; TA=C	NT=Oxidation; AC=35; MT=Variable; PP=Anywhere; TA=M	NT=Methyl:2H(3)13C(1); AC=329; MT=Variable; PP=Anywhere; TA=K,R	NT=Dimethyl:2H(6)13C(2); AC=330; MT=Variable; PP=Anywhere; TA=K,R	NT=Trimethyl:13C(3)2H(9); AC=1414; MT=Variable; PP=Anywhere; TA=K	NT=Label:13C(4); AC=1266; MT=Fixed; PP=Anywhere; TA=M	20ppm	292	lesSDRF v0.1.0	NT=data-dependent acquisition;AC=PRIDE:0000627	v1.1.0	NT=ms-proteomics;VV=v1.1.0
HeLa_LDC_input	Homo sapiens	cervix	293	HeLa	not applicable	Cancer	run293	proteomic profiling by mass spectrometry	Trypsin	F131118_VS_hmSILAC_IP_INPUT_09.raw	WCE	20ppm	Q Exactive	SILAC light	NT=Carbamidomethyl; AC=4; MT=Fixed; PP=Anywhere; TA=C	NT=Oxidation; AC=35; MT=Variable; PP=Anywhere; TA=M	NT=Methyl; AC=34; MT=Variable; PP=Anywhere; TA=K,R	NT=Dimethyl; AC=36; MT=Variable; PP=Anywhere; TA=K,R	NT=Trimethyl; AC=37; MT=Variable; PP=Anywhere; TA=K		20ppm	293	lesSDRF v0.1.0	NT=data-dependent acquisition;AC=PRIDE:0000627	v1.1.0	NT=ms-proteomics;VV=v1.1.0
HeLa_LDC_input	Homo sapiens	cervix	293	HeLa	not applicable	Cancer	run293	proteomic profiling by mass spectrometry	Trypsin	F131118_VS_hmSILAC_IP_INPUT_09.raw	WCE	20ppm	Q Exactive	SILAC heavy	NT=Carbamidomethyl; AC=4; MT=Fixed; PP=Anywhere; TA=C	NT=Oxidation; AC=35; MT=Variable; PP=Anywhere; TA=M	NT=Methyl:2H(3)13C(1); AC=329; MT=Variable; PP=Anywhere; TA=K,R	NT=Dimethyl:2H(6)13C(2); AC=330; MT=Variable; PP=Anywhere; TA=K,R	NT=Trimethyl:13C(3)2H(9); AC=1414; MT=Variable; PP=Anywhere; TA=K	NT=Label:13C(4); AC=1266; MT=Fixed; PP=Anywhere; TA=M	20ppm	293	lesSDRF v0.1.0	NT=data-dependent acquisition;AC=PRIDE:0000627	v1.1.0	NT=ms-proteomics;VV=v1.1.0
HeLa_LDC_input	Homo sapiens	cervix	294	HeLa	not applicable	Cancer	run294	proteomic profiling by mass spectrometry	Trypsin	F131118_VS_hmSILAC_IP_INPUT_10.raw	WCE	20ppm	Q Exactive	SILAC light	NT=Carbamidomethyl; AC=4; MT=Fixed; PP=Anywhere; TA=C	NT=Oxidation; AC=35; MT=Variable; PP=Anywhere; TA=M	NT=Methyl; AC=34; MT=Variable; PP=Anywhere; TA=K,R	NT=Dimethyl; AC=36; MT=Variable; PP=Anywhere; TA=K,R	NT=Trimethyl; AC=37; MT=Variable; PP=Anywhere; TA=K		20ppm	294	lesSDRF v0.1.0	NT=data-dependent acquisition;AC=PRIDE:0000627	v1.1.0	NT=ms-proteomics;VV=v1.1.0
HeLa_LDC_input	Homo sapiens	cervix	294	HeLa	not applicable	Cancer	run294	proteomic profiling by mass spectrometry	Trypsin	F131118_VS_hmSILAC_IP_INPUT_10.raw	WCE	20ppm	Q Exactive	SILAC heavy	NT=Carbamidomethyl; AC=4; MT=Fixed; PP=Anywhere; TA=C	NT=Oxidation; AC=35; MT=Variable; PP=Anywhere; TA=M	NT=Methyl:2H(3)13C(1); AC=329; MT=Variable; PP=Anywhere; TA=K,R	NT=Dimethyl:2H(6)13C(2); AC=330; MT=Variable; PP=Anywhere; TA=K,R	NT=Trimethyl:13C(3)2H(9); AC=1414; MT=Variable; PP=Anywhere; TA=K	NT=Label:13C(4); AC=1266; MT=Fixed; PP=Anywhere; TA=M	20ppm	294	lesSDRF v0.1.0	NT=data-dependent acquisition;AC=PRIDE:0000627	v1.1.0	NT=ms-proteomics;VV=v1.1.0
HeLa_peptide_IP	Homo sapiens	cervix	295	HeLa	not applicable	Cancer	run295	proteomic profiling by mass spectrometry	Trypsin	F140814_peptideIP_ASYMR_hmSILAC.raw	WCE	20ppm	Q Exactive	SILAC light	NT=Carbamidomethyl; AC=4; MT=Fixed; PP=Anywhere; TA=C	NT=Oxidation; AC=35; MT=Variable; PP=Anywhere; TA=M	NT=Methyl; AC=34; MT=Variable; PP=Anywhere; TA=K,R	NT=Dimethyl; AC=36; MT=Variable; PP=Anywhere; TA=K,R	NT=Trimethyl; AC=37; MT=Variable; PP=Anywhere; TA=K		20ppm	295	lesSDRF v0.1.0	NT=data-dependent acquisition;AC=PRIDE:0000627	v1.1.0	NT=ms-proteomics;VV=v1.1.0
HeLa_peptide_IP	Homo sapiens	cervix	295	HeLa	not applicable	Cancer	run295	proteomic profiling by mass spectrometry	Trypsin	F140814_peptideIP_ASYMR_hmSILAC.raw	WCE	20ppm	Q Exactive	SILAC heavy	NT=Carbamidomethyl; AC=4; MT=Fixed; PP=Anywhere; TA=C	NT=Oxidation; AC=35; MT=Variable; PP=Anywhere; TA=M	NT=Methyl:2H(3)13C(1); AC=329; MT=Variable; PP=Anywhere; TA=K,R	NT=Dimethyl:2H(6)13C(2); AC=330; MT=Variable; PP=Anywhere; TA=K,R	NT=Trimethyl:13C(3)2H(9); AC=1414; MT=Variable; PP=Anywhere; TA=K	NT=Label:13C(4); AC=1266; MT=Fixed; PP=Anywhere; TA=M	20ppm	295	lesSDRF v0.1.0	NT=data-dependent acquisition;AC=PRIDE:0000627	v1.1.0	NT=ms-proteomics;VV=v1.1.0
HeLa_Input	Homo sapiens	cervix	296	HeLa	not applicable	Cancer	run296	proteomic profiling by mass spectrometry	Trypsin	F140814_peptideIP_input_hmSILAC.raw	WCE	20ppm	Q Exactive	SILAC light	NT=Carbamidomethyl; AC=4; MT=Fixed; PP=Anywhere; TA=C	NT=Oxidation; AC=35; MT=Variable; PP=Anywhere; TA=M	NT=Methyl; AC=34; MT=Variable; PP=Anywhere; TA=K,R	NT=Dimethyl; AC=36; MT=Variable; PP=Anywhere; TA=K,R	NT=Trimethyl; AC=37; MT=Variable; PP=Anywhere; TA=K		20ppm	296	lesSDRF v0.1.0	NT=data-dependent acquisition;AC=PRIDE:0000627	v1.1.0	NT=ms-proteomics;VV=v1.1.0
HeLa_Input	Homo sapiens	cervix	296	HeLa	not applicable	Cancer	run296	proteomic profiling by mass spectrometry	Trypsin	F140814_peptideIP_input_hmSILAC.raw	WCE	20ppm	Q Exactive	SILAC heavy	NT=Carbamidomethyl; AC=4; MT=Fixed; PP=Anywhere; TA=C	NT=Oxidation; AC=35; MT=Variable; PP=Anywhere; TA=M	NT=Methyl:2H(3)13C(1); AC=329; MT=Variable; PP=Anywhere; TA=K,R	NT=Dimethyl:2H(6)13C(2); AC=330; MT=Variable; PP=Anywhere; TA=K,R	NT=Trimethyl:13C(3)2H(9); AC=1414; MT=Variable; PP=Anywhere; TA=K	NT=Label:13C(4); AC=1266; MT=Fixed; PP=Anywhere; TA=M	20ppm	296	lesSDRF v0.1.0	NT=data-dependent acquisition;AC=PRIDE:0000627	v1.1.0	NT=ms-proteomics;VV=v1.1.0
HeLa_peptide_IP	Homo sapiens	cervix	297	HeLa	not applicable	Cancer	run297	proteomic profiling by mass spectrometry	Trypsin	F140814_peptideIP_MONOR_hmSILAC.raw	WCE	20ppm	Q Exactive	SILAC light	NT=Carbamidomethyl; AC=4; MT=Fixed; PP=Anywhere; TA=C	NT=Oxidation; AC=35; MT=Variable; PP=Anywhere; TA=M	NT=Methyl; AC=34; MT=Variable; PP=Anywhere; TA=K,R	NT=Dimethyl; AC=36; MT=Variable; PP=Anywhere; TA=K,R	NT=Trimethyl; AC=37; MT=Variable; PP=Anywhere; TA=K		20ppm	297	lesSDRF v0.1.0	NT=data-dependent acquisition;AC=PRIDE:0000627	v1.1.0	NT=ms-proteomics;VV=v1.1.0
HeLa_peptide_IP	Homo sapiens	cervix	297	HeLa	not applicable	Cancer	run297	proteomic profiling by mass spectrometry	Trypsin	F140814_peptideIP_MONOR_hmSILAC.raw	WCE	20ppm	Q Exactive	SILAC heavy	NT=Carbamidomethyl; AC=4; MT=Fixed; PP=Anywhere; TA=C	NT=Oxidation; AC=35; MT=Variable; PP=Anywhere; TA=M	NT=Methyl:2H(3)13C(1); AC=329; MT=Variable; PP=Anywhere; TA=K,R	NT=Dimethyl:2H(6)13C(2); AC=330; MT=Variable; PP=Anywhere; TA=K,R	NT=Trimethyl:13C(3)2H(9); AC=1414; MT=Variable; PP=Anywhere; TA=K	NT=Label:13C(4); AC=1266; MT=Fixed; PP=Anywhere; TA=M	20ppm	297	lesSDRF v0.1.0	NT=data-dependent acquisition;AC=PRIDE:0000627	v1.1.0	NT=ms-proteomics;VV=v1.1.0
HeLa_peptide_IP	Homo sapiens	cervix	298	HeLa	not applicable	Cancer	run298	proteomic profiling by mass spectrometry	Trypsin	F140814_peptideIP_SYMR_hmSILAC.raw	WCE	20ppm	Q Exactive	SILAC light	NT=Carbamidomethyl; AC=4; MT=Fixed; PP=Anywhere; TA=C	NT=Oxidation; AC=35; MT=Variable; PP=Anywhere; TA=M	NT=Methyl; AC=34; MT=Variable; PP=Anywhere; TA=K,R	NT=Dimethyl; AC=36; MT=Variable; PP=Anywhere; TA=K,R	NT=Trimethyl; AC=37; MT=Variable; PP=Anywhere; TA=K		20ppm	298	lesSDRF v0.1.0	NT=data-dependent acquisition;AC=PRIDE:0000627	v1.1.0	NT=ms-proteomics;VV=v1.1.0
HeLa_peptide_IP	Homo sapiens	cervix	298	HeLa	not applicable	Cancer	run298	proteomic profiling by mass spectrometry	Trypsin	F140814_peptideIP_SYMR_hmSILAC.raw	WCE	20ppm	Q Exactive	SILAC heavy	NT=Carbamidomethyl; AC=4; MT=Fixed; PP=Anywhere; TA=C	NT=Oxidation; AC=35; MT=Variable; PP=Anywhere; TA=M	NT=Methyl:2H(3)13C(1); AC=329; MT=Variable; PP=Anywhere; TA=K,R	NT=Dimethyl:2H(6)13C(2); AC=330; MT=Variable; PP=Anywhere; TA=K,R	NT=Trimethyl:13C(3)2H(9); AC=1414; MT=Variable; PP=Anywhere; TA=K	NT=Label:13C(4); AC=1266; MT=Fixed; PP=Anywhere; TA=M	20ppm	298	lesSDRF v0.1.0	NT=data-dependent acquisition;AC=PRIDE:0000627	v1.1.0	NT=ms-proteomics;VV=v1.1.0
SKOV3_peptide_IP	Homo sapiens	Ovary	299	SKOV3	not applicable	Cancer	run299	proteomic profiling by mass spectrometry	Trypsin	F150210_DM_PepIP_ASYM161214.raw	WCE	20ppm	Q Exactive	SILAC light	NT=Carbamidomethyl; AC=4; MT=Fixed; PP=Anywhere; TA=C	NT=Oxidation; AC=35; MT=Variable; PP=Anywhere; TA=M	NT=Methyl; AC=34; MT=Variable; PP=Anywhere; TA=K,R	NT=Dimethyl; AC=36; MT=Variable; PP=Anywhere; TA=K,R	NT=Trimethyl; AC=37; MT=Variable; PP=Anywhere; TA=K		20ppm	299	lesSDRF v0.1.0	NT=data-dependent acquisition;AC=PRIDE:0000627	v1.1.0	NT=ms-proteomics;VV=v1.1.0
SKOV3_peptide_IP	Homo sapiens	Ovary	299	SKOV3	not applicable	Cancer	run299	proteomic profiling by mass spectrometry	Trypsin	F150210_DM_PepIP_ASYM161214.raw	WCE	20ppm	Q Exactive	SILAC heavy	NT=Carbamidomethyl; AC=4; MT=Fixed; PP=Anywhere; TA=C	NT=Oxidation; AC=35; MT=Variable; PP=Anywhere; TA=M	NT=Methyl:2H(3)13C(1); AC=329; MT=Variable; PP=Anywhere; TA=K,R	NT=Dimethyl:2H(6)13C(2); AC=330; MT=Variable; PP=Anywhere; TA=K,R	NT=Trimethyl:13C(3)2H(9); AC=1414; MT=Variable; PP=Anywhere; TA=K	NT=Label:13C(4); AC=1266; MT=Fixed; PP=Anywhere; TA=M	20ppm	299	lesSDRF v0.1.0	NT=data-dependent acquisition;AC=PRIDE:0000627	v1.1.0	NT=ms-proteomics;VV=v1.1.0
SKOV3_peptide_IP	Homo sapiens	Ovary	300	SKOV3	not applicable	Cancer	run300	proteomic profiling by mass spectrometry	Trypsin	F150210_DM_PepIP_ASYM3215.raw	WCE	20ppm	Q Exactive	SILAC light	NT=Carbamidomethyl; AC=4; MT=Fixed; PP=Anywhere; TA=C	NT=Oxidation; AC=35; MT=Variable; PP=Anywhere; TA=M	NT=Methyl; AC=34; MT=Variable; PP=Anywhere; TA=K,R	NT=Dimethyl; AC=36; MT=Variable; PP=Anywhere; TA=K,R	NT=Trimethyl; AC=37; MT=Variable; PP=Anywhere; TA=K		20ppm	300	lesSDRF v0.1.0	NT=data-dependent acquisition;AC=PRIDE:0000627	v1.1.0	NT=ms-proteomics;VV=v1.1.0
SKOV3_peptide_IP	Homo sapiens	Ovary	300	SKOV3	not applicable	Cancer	run300	proteomic profiling by mass spectrometry	Trypsin	F150210_DM_PepIP_ASYM3215.raw	WCE	20ppm	Q Exactive	SILAC heavy	NT=Carbamidomethyl; AC=4; MT=Fixed; PP=Anywhere; TA=C	NT=Oxidation; AC=35; MT=Variable; PP=Anywhere; TA=M	NT=Methyl:2H(3)13C(1); AC=329; MT=Variable; PP=Anywhere; TA=K,R	NT=Dimethyl:2H(6)13C(2); AC=330; MT=Variable; PP=Anywhere; TA=K,R	NT=Trimethyl:13C(3)2H(9); AC=1414; MT=Variable; PP=Anywhere; TA=K	NT=Label:13C(4); AC=1266; MT=Fixed; PP=Anywhere; TA=M	20ppm	300	lesSDRF v0.1.0	NT=data-dependent acquisition;AC=PRIDE:0000627	v1.1.0	NT=ms-proteomics;VV=v1.1.0
SKOV_Input	Homo sapiens	Ovary	301	SKOV3	not applicable	Cancer	run301	proteomic profiling by mass spectrometry	Trypsin	F150210_DM_PepIP_Input_161214.raw	WCE	20ppm	Q Exactive	SILAC light	NT=Carbamidomethyl; AC=4; MT=Fixed; PP=Anywhere; TA=C	NT=Oxidation; AC=35; MT=Variable; PP=Anywhere; TA=M	NT=Methyl; AC=34; MT=Variable; PP=Anywhere; TA=K,R	NT=Dimethyl; AC=36; MT=Variable; PP=Anywhere; TA=K,R	NT=Trimethyl; AC=37; MT=Variable; PP=Anywhere; TA=K		20ppm	301	lesSDRF v0.1.0	NT=data-dependent acquisition;AC=PRIDE:0000627	v1.1.0	NT=ms-proteomics;VV=v1.1.0
SKOV_Input	Homo sapiens	Ovary	301	SKOV3	not applicable	Cancer	run301	proteomic profiling by mass spectrometry	Trypsin	F150210_DM_PepIP_Input_161214.raw	WCE	20ppm	Q Exactive	SILAC heavy	NT=Carbamidomethyl; AC=4; MT=Fixed; PP=Anywhere; TA=C	NT=Oxidation; AC=35; MT=Variable; PP=Anywhere; TA=M	NT=Methyl:2H(3)13C(1); AC=329; MT=Variable; PP=Anywhere; TA=K,R	NT=Dimethyl:2H(6)13C(2); AC=330; MT=Variable; PP=Anywhere; TA=K,R	NT=Trimethyl:13C(3)2H(9); AC=1414; MT=Variable; PP=Anywhere; TA=K	NT=Label:13C(4); AC=1266; MT=Fixed; PP=Anywhere; TA=M	20ppm	301	lesSDRF v0.1.0	NT=data-dependent acquisition;AC=PRIDE:0000627	v1.1.0	NT=ms-proteomics;VV=v1.1.0
SKOV_Input	Homo sapiens	Ovary	302	SKOV3	not applicable	Cancer	run302	proteomic profiling by mass spectrometry	Trypsin	F150210_DM_PepIP_Input_3215.raw	WCE	20ppm	Q Exactive	SILAC light	NT=Carbamidomethyl; AC=4; MT=Fixed; PP=Anywhere; TA=C	NT=Oxidation; AC=35; MT=Variable; PP=Anywhere; TA=M	NT=Methyl; AC=34; MT=Variable; PP=Anywhere; TA=K,R	NT=Dimethyl; AC=36; MT=Variable; PP=Anywhere; TA=K,R	NT=Trimethyl; AC=37; MT=Variable; PP=Anywhere; TA=K		20ppm	302	lesSDRF v0.1.0	NT=data-dependent acquisition;AC=PRIDE:0000627	v1.1.0	NT=ms-proteomics;VV=v1.1.0
SKOV_Input	Homo sapiens	Ovary	302	SKOV3	not applicable	Cancer	run302	proteomic profiling by mass spectrometry	Trypsin	F150210_DM_PepIP_Input_3215.raw	WCE	20ppm	Q Exactive	SILAC heavy	NT=Carbamidomethyl; AC=4; MT=Fixed; PP=Anywhere; TA=C	NT=Oxidation; AC=35; MT=Variable; PP=Anywhere; TA=M	NT=Methyl:2H(3)13C(1); AC=329; MT=Variable; PP=Anywhere; TA=K,R	NT=Dimethyl:2H(6)13C(2); AC=330; MT=Variable; PP=Anywhere; TA=K,R	NT=Trimethyl:13C(3)2H(9); AC=1414; MT=Variable; PP=Anywhere; TA=K	NT=Label:13C(4); AC=1266; MT=Fixed; PP=Anywhere; TA=M	20ppm	302	lesSDRF v0.1.0	NT=data-dependent acquisition;AC=PRIDE:0000627	v1.1.0	NT=ms-proteomics;VV=v1.1.0
SKOV3_peptide_IP	Homo sapiens	Ovary	303	SKOV3	not applicable	Cancer	run303	proteomic profiling by mass spectrometry	Trypsin	F150210_DM_PepIP_Mono161214.raw	WCE	20ppm	Q Exactive	SILAC light	NT=Carbamidomethyl; AC=4; MT=Fixed; PP=Anywhere; TA=C	NT=Oxidation; AC=35; MT=Variable; PP=Anywhere; TA=M	NT=Methyl; AC=34; MT=Variable; PP=Anywhere; TA=K,R	NT=Dimethyl; AC=36; MT=Variable; PP=Anywhere; TA=K,R	NT=Trimethyl; AC=37; MT=Variable; PP=Anywhere; TA=K		20ppm	303	lesSDRF v0.1.0	NT=data-dependent acquisition;AC=PRIDE:0000627	v1.1.0	NT=ms-proteomics;VV=v1.1.0
SKOV3_peptide_IP	Homo sapiens	Ovary	303	SKOV3	not applicable	Cancer	run303	proteomic profiling by mass spectrometry	Trypsin	F150210_DM_PepIP_Mono161214.raw	WCE	20ppm	Q Exactive	SILAC heavy	NT=Carbamidomethyl; AC=4; MT=Fixed; PP=Anywhere; TA=C	NT=Oxidation; AC=35; MT=Variable; PP=Anywhere; TA=M	NT=Methyl:2H(3)13C(1); AC=329; MT=Variable; PP=Anywhere; TA=K,R	NT=Dimethyl:2H(6)13C(2); AC=330; MT=Variable; PP=Anywhere; TA=K,R	NT=Trimethyl:13C(3)2H(9); AC=1414; MT=Variable; PP=Anywhere; TA=K	NT=Label:13C(4); AC=1266; MT=Fixed; PP=Anywhere; TA=M	20ppm	303	lesSDRF v0.1.0	NT=data-dependent acquisition;AC=PRIDE:0000627	v1.1.0	NT=ms-proteomics;VV=v1.1.0
SKOV3_peptide_IP	Homo sapiens	Ovary	304	SKOV3	not applicable	Cancer	run304	proteomic profiling by mass spectrometry	Trypsin	F150210_DM_PepIP_Mono3215.raw	WCE	20ppm	Q Exactive	SILAC light	NT=Carbamidomethyl; AC=4; MT=Fixed; PP=Anywhere; TA=C	NT=Oxidation; AC=35; MT=Variable; PP=Anywhere; TA=M	NT=Methyl; AC=34; MT=Variable; PP=Anywhere; TA=K,R	NT=Dimethyl; AC=36; MT=Variable; PP=Anywhere; TA=K,R	NT=Trimethyl; AC=37; MT=Variable; PP=Anywhere; TA=K		20ppm	304	lesSDRF v0.1.0	NT=data-dependent acquisition;AC=PRIDE:0000627	v1.1.0	NT=ms-proteomics;VV=v1.1.0
SKOV3_peptide_IP	Homo sapiens	Ovary	304	SKOV3	not applicable	Cancer	run304	proteomic profiling by mass spectrometry	Trypsin	F150210_DM_PepIP_Mono3215.raw	WCE	20ppm	Q Exactive	SILAC heavy	NT=Carbamidomethyl; AC=4; MT=Fixed; PP=Anywhere; TA=C	NT=Oxidation; AC=35; MT=Variable; PP=Anywhere; TA=M	NT=Methyl:2H(3)13C(1); AC=329; MT=Variable; PP=Anywhere; TA=K,R	NT=Dimethyl:2H(6)13C(2); AC=330; MT=Variable; PP=Anywhere; TA=K,R	NT=Trimethyl:13C(3)2H(9); AC=1414; MT=Variable; PP=Anywhere; TA=K	NT=Label:13C(4); AC=1266; MT=Fixed; PP=Anywhere; TA=M	20ppm	304	lesSDRF v0.1.0	NT=data-dependent acquisition;AC=PRIDE:0000627	v1.1.0	NT=ms-proteomics;VV=v1.1.0
SKOV3_peptide_IP	Homo sapiens	Ovary	305	SKOV3	not applicable	Cancer	run305	proteomic profiling by mass spectrometry	Trypsin	F150210_DM_PepIP_SYM161214.raw	WCE	20ppm	Q Exactive	SILAC light	NT=Carbamidomethyl; AC=4; MT=Fixed; PP=Anywhere; TA=C	NT=Oxidation; AC=35; MT=Variable; PP=Anywhere; TA=M	NT=Methyl; AC=34; MT=Variable; PP=Anywhere; TA=K,R	NT=Dimethyl; AC=36; MT=Variable; PP=Anywhere; TA=K,R	NT=Trimethyl; AC=37; MT=Variable; PP=Anywhere; TA=K		20ppm	305	lesSDRF v0.1.0	NT=data-dependent acquisition;AC=PRIDE:0000627	v1.1.0	NT=ms-proteomics;VV=v1.1.0
SKOV3_peptide_IP	Homo sapiens	Ovary	305	SKOV3	not applicable	Cancer	run305	proteomic profiling by mass spectrometry	Trypsin	F150210_DM_PepIP_SYM161214.raw	WCE	20ppm	Q Exactive	SILAC heavy	NT=Carbamidomethyl; AC=4; MT=Fixed; PP=Anywhere; TA=C	NT=Oxidation; AC=35; MT=Variable; PP=Anywhere; TA=M	NT=Methyl:2H(3)13C(1); AC=329; MT=Variable; PP=Anywhere; TA=K,R	NT=Dimethyl:2H(6)13C(2); AC=330; MT=Variable; PP=Anywhere; TA=K,R	NT=Trimethyl:13C(3)2H(9); AC=1414; MT=Variable; PP=Anywhere; TA=K	NT=Label:13C(4); AC=1266; MT=Fixed; PP=Anywhere; TA=M	20ppm	305	lesSDRF v0.1.0	NT=data-dependent acquisition;AC=PRIDE:0000627	v1.1.0	NT=ms-proteomics;VV=v1.1.0
SKOV3_peptide_IP	Homo sapiens	Ovary	306	SKOV3	not applicable	Cancer	run306	proteomic profiling by mass spectrometry	Trypsin	F150210_DM_PepIP_SYM215.raw	WCE	20ppm	Q Exactive	SILAC light	NT=Carbamidomethyl; AC=4; MT=Fixed; PP=Anywhere; TA=C	NT=Oxidation; AC=35; MT=Variable; PP=Anywhere; TA=M	NT=Methyl; AC=34; MT=Variable; PP=Anywhere; TA=K,R	NT=Dimethyl; AC=36; MT=Variable; PP=Anywhere; TA=K,R	NT=Trimethyl; AC=37; MT=Variable; PP=Anywhere; TA=K		20ppm	306	lesSDRF v0.1.0	NT=data-dependent acquisition;AC=PRIDE:0000627	v1.1.0	NT=ms-proteomics;VV=v1.1.0
SKOV3_peptide_IP	Homo sapiens	Ovary	306	SKOV3	not applicable	Cancer	run306	proteomic profiling by mass spectrometry	Trypsin	F150210_DM_PepIP_SYM215.raw	WCE	20ppm	Q Exactive	SILAC heavy	NT=Carbamidomethyl; AC=4; MT=Fixed; PP=Anywhere; TA=C	NT=Oxidation; AC=35; MT=Variable; PP=Anywhere; TA=M	NT=Methyl:2H(3)13C(1); AC=329; MT=Variable; PP=Anywhere; TA=K,R	NT=Dimethyl:2H(6)13C(2); AC=330; MT=Variable; PP=Anywhere; TA=K,R	NT=Trimethyl:13C(3)2H(9); AC=1414; MT=Variable; PP=Anywhere; TA=K	NT=Label:13C(4); AC=1266; MT=Fixed; PP=Anywhere; TA=M	20ppm	306	lesSDRF v0.1.0	NT=data-dependent acquisition;AC=PRIDE:0000627	v1.1.0	NT=ms-proteomics;VV=v1.1.0
SKOV3_peptide_IP	Homo sapiens	Ovary	307	SKOV3	not applicable	Cancer	run307	proteomic profiling by mass spectrometry	Trypsin	F150414_DM_pepIP_ASYM_hmSILAC.raw	WCE	20ppm	Q Exactive	SILAC light	NT=Carbamidomethyl; AC=4; MT=Fixed; PP=Anywhere; TA=C	NT=Oxidation; AC=35; MT=Variable; PP=Anywhere; TA=M	NT=Methyl; AC=34; MT=Variable; PP=Anywhere; TA=K,R	NT=Dimethyl; AC=36; MT=Variable; PP=Anywhere; TA=K,R	NT=Trimethyl; AC=37; MT=Variable; PP=Anywhere; TA=K		20ppm	307	lesSDRF v0.1.0	NT=data-dependent acquisition;AC=PRIDE:0000627	v1.1.0	NT=ms-proteomics;VV=v1.1.0
SKOV3_peptide_IP	Homo sapiens	Ovary	307	SKOV3	not applicable	Cancer	run307	proteomic profiling by mass spectrometry	Trypsin	F150414_DM_pepIP_ASYM_hmSILAC.raw	WCE	20ppm	Q Exactive	SILAC heavy	NT=Carbamidomethyl; AC=4; MT=Fixed; PP=Anywhere; TA=C	NT=Oxidation; AC=35; MT=Variable; PP=Anywhere; TA=M	NT=Methyl:2H(3)13C(1); AC=329; MT=Variable; PP=Anywhere; TA=K,R	NT=Dimethyl:2H(6)13C(2); AC=330; MT=Variable; PP=Anywhere; TA=K,R	NT=Trimethyl:13C(3)2H(9); AC=1414; MT=Variable; PP=Anywhere; TA=K	NT=Label:13C(4); AC=1266; MT=Fixed; PP=Anywhere; TA=M	20ppm	307	lesSDRF v0.1.0	NT=data-dependent acquisition;AC=PRIDE:0000627	v1.1.0	NT=ms-proteomics;VV=v1.1.0
SKOV3_peptide_IP	Homo sapiens	Ovary	308	SKOV3	not applicable	Cancer	run308	proteomic profiling by mass spectrometry	Trypsin	F150414_DM_pepIP_MONO_hmSILAC.raw	WCE	20ppm	Q Exactive	SILAC light	NT=Carbamidomethyl; AC=4; MT=Fixed; PP=Anywhere; TA=C	NT=Oxidation; AC=35; MT=Variable; PP=Anywhere; TA=M	NT=Methyl; AC=34; MT=Variable; PP=Anywhere; TA=K,R	NT=Dimethyl; AC=36; MT=Variable; PP=Anywhere; TA=K,R	NT=Trimethyl; AC=37; MT=Variable; PP=Anywhere; TA=K		20ppm	308	lesSDRF v0.1.0	NT=data-dependent acquisition;AC=PRIDE:0000627	v1.1.0	NT=ms-proteomics;VV=v1.1.0
SKOV3_peptide_IP	Homo sapiens	Ovary	308	SKOV3	not applicable	Cancer	run308	proteomic profiling by mass spectrometry	Trypsin	F150414_DM_pepIP_MONO_hmSILAC.raw	WCE	20ppm	Q Exactive	SILAC heavy	NT=Carbamidomethyl; AC=4; MT=Fixed; PP=Anywhere; TA=C	NT=Oxidation; AC=35; MT=Variable; PP=Anywhere; TA=M	NT=Methyl:2H(3)13C(1); AC=329; MT=Variable; PP=Anywhere; TA=K,R	NT=Dimethyl:2H(6)13C(2); AC=330; MT=Variable; PP=Anywhere; TA=K,R	NT=Trimethyl:13C(3)2H(9); AC=1414; MT=Variable; PP=Anywhere; TA=K	NT=Label:13C(4); AC=1266; MT=Fixed; PP=Anywhere; TA=M	20ppm	308	lesSDRF v0.1.0	NT=data-dependent acquisition;AC=PRIDE:0000627	v1.1.0	NT=ms-proteomics;VV=v1.1.0
SKOV3_peptide_IP	Homo sapiens	Ovary	309	SKOV3	not applicable	Cancer	run309	proteomic profiling by mass spectrometry	Trypsin	F150414_DM_pepIP_SYM_hmSILAC.raw	WCE	20ppm	Q Exactive	SILAC light	NT=Carbamidomethyl; AC=4; MT=Fixed; PP=Anywhere; TA=C	NT=Oxidation; AC=35; MT=Variable; PP=Anywhere; TA=M	NT=Methyl; AC=34; MT=Variable; PP=Anywhere; TA=K,R	NT=Dimethyl; AC=36; MT=Variable; PP=Anywhere; TA=K,R	NT=Trimethyl; AC=37; MT=Variable; PP=Anywhere; TA=K		20ppm	309	lesSDRF v0.1.0	NT=data-dependent acquisition;AC=PRIDE:0000627	v1.1.0	NT=ms-proteomics;VV=v1.1.0
SKOV3_peptide_IP	Homo sapiens	Ovary	309	SKOV3	not applicable	Cancer	run309	proteomic profiling by mass spectrometry	Trypsin	F150414_DM_pepIP_SYM_hmSILAC.raw	WCE	20ppm	Q Exactive	SILAC heavy	NT=Carbamidomethyl; AC=4; MT=Fixed; PP=Anywhere; TA=C	NT=Oxidation; AC=35; MT=Variable; PP=Anywhere; TA=M	NT=Methyl:2H(3)13C(1); AC=329; MT=Variable; PP=Anywhere; TA=K,R	NT=Dimethyl:2H(6)13C(2); AC=330; MT=Variable; PP=Anywhere; TA=K,R	NT=Trimethyl:13C(3)2H(9); AC=1414; MT=Variable; PP=Anywhere; TA=K	NT=Label:13C(4); AC=1266; MT=Fixed; PP=Anywhere; TA=M	20ppm	309	lesSDRF v0.1.0	NT=data-dependent acquisition;AC=PRIDE:0000627	v1.1.0	NT=ms-proteomics;VV=v1.1.0
Histone samples	Homo sapiens	cervix	310	HeLa	not applicable	Cancer	run310	proteomic profiling by mass spectrometry	LysC	HF160715_DM_PepIP_Hist_hmSILAC_ASYM_01.raw	Nucleus (acidic extraction of histones)	20ppm	Q Exactive	SILAC light	NT=Carbamidomethyl; AC=4; MT=Fixed; PP=Anywhere; TA=C	NT=Oxidation; AC=35; MT=Variable; PP=Anywhere; TA=M	NT=Methyl; AC=34; MT=Variable; PP=Anywhere; TA=K,R	NT=Dimethyl; AC=36; MT=Variable; PP=Anywhere; TA=K,R	NT=Trimethyl; AC=37; MT=Variable; PP=Anywhere; TA=K		20ppm	310	lesSDRF v0.1.0	NT=data-dependent acquisition;AC=PRIDE:0000627	v1.1.0	NT=ms-proteomics;VV=v1.1.0
Histone samples	Homo sapiens	cervix	310	HeLa	not applicable	Cancer	run310	proteomic profiling by mass spectrometry	LysC	HF160715_DM_PepIP_Hist_hmSILAC_ASYM_01.raw	Nucleus (acidic extraction of histones)	20ppm	Q Exactive	SILAC heavy	NT=Carbamidomethyl; AC=4; MT=Fixed; PP=Anywhere; TA=C	NT=Oxidation; AC=35; MT=Variable; PP=Anywhere; TA=M	NT=Methyl:2H(3)13C(1); AC=329; MT=Variable; PP=Anywhere; TA=K,R	NT=Dimethyl:2H(6)13C(2); AC=330; MT=Variable; PP=Anywhere; TA=K,R	NT=Trimethyl:13C(3)2H(9); AC=1414; MT=Variable; PP=Anywhere; TA=K	NT=Label:13C(4); AC=1266; MT=Fixed; PP=Anywhere; TA=M	20ppm	310	lesSDRF v0.1.0	NT=data-dependent acquisition;AC=PRIDE:0000627	v1.1.0	NT=ms-proteomics;VV=v1.1.0
Histone samples	Homo sapiens	cervix	311	HeLa	not applicable	Cancer	run311	proteomic profiling by mass spectrometry	LysC	HF160715_DM_PepIP_Hist_hmSILAC_Input_03.raw	Nucleus (acidic extraction of histones)	20ppm	Q Exactive	SILAC light	NT=Carbamidomethyl; AC=4; MT=Fixed; PP=Anywhere; TA=C	NT=Oxidation; AC=35; MT=Variable; PP=Anywhere; TA=M	NT=Methyl; AC=34; MT=Variable; PP=Anywhere; TA=K,R	NT=Dimethyl; AC=36; MT=Variable; PP=Anywhere; TA=K,R	NT=Trimethyl; AC=37; MT=Variable; PP=Anywhere; TA=K		20ppm	311	lesSDRF v0.1.0	NT=data-dependent acquisition;AC=PRIDE:0000627	v1.1.0	NT=ms-proteomics;VV=v1.1.0
Histone samples	Homo sapiens	cervix	311	HeLa	not applicable	Cancer	run311	proteomic profiling by mass spectrometry	LysC	HF160715_DM_PepIP_Hist_hmSILAC_Input_03.raw	Nucleus (acidic extraction of histones)	20ppm	Q Exactive	SILAC heavy	NT=Carbamidomethyl; AC=4; MT=Fixed; PP=Anywhere; TA=C	NT=Oxidation; AC=35; MT=Variable; PP=Anywhere; TA=M	NT=Methyl:2H(3)13C(1); AC=329; MT=Variable; PP=Anywhere; TA=K,R	NT=Dimethyl:2H(6)13C(2); AC=330; MT=Variable; PP=Anywhere; TA=K,R	NT=Trimethyl:13C(3)2H(9); AC=1414; MT=Variable; PP=Anywhere; TA=K	NT=Label:13C(4); AC=1266; MT=Fixed; PP=Anywhere; TA=M	20ppm	311	lesSDRF v0.1.0	NT=data-dependent acquisition;AC=PRIDE:0000627	v1.1.0	NT=ms-proteomics;VV=v1.1.0
Histone samples	Homo sapiens	cervix	312	HeLa	not applicable	Cancer	run312	proteomic profiling by mass spectrometry	LysC	HF160715_DM_PepIP_Hist_hmSILAC_MONO_02.raw	Nucleus (acidic extraction of histones)	20ppm	Q Exactive	SILAC light	NT=Carbamidomethyl; AC=4; MT=Fixed; PP=Anywhere; TA=C	NT=Oxidation; AC=35; MT=Variable; PP=Anywhere; TA=M	NT=Methyl; AC=34; MT=Variable; PP=Anywhere; TA=K,R	NT=Dimethyl; AC=36; MT=Variable; PP=Anywhere; TA=K,R	NT=Trimethyl; AC=37; MT=Variable; PP=Anywhere; TA=K		20ppm	312	lesSDRF v0.1.0	NT=data-dependent acquisition;AC=PRIDE:0000627	v1.1.0	NT=ms-proteomics;VV=v1.1.0
Histone samples	Homo sapiens	cervix	312	HeLa	not applicable	Cancer	run312	proteomic profiling by mass spectrometry	LysC	HF160715_DM_PepIP_Hist_hmSILAC_MONO_02.raw	Nucleus (acidic extraction of histones)	20ppm	Q Exactive	SILAC heavy	NT=Carbamidomethyl; AC=4; MT=Fixed; PP=Anywhere; TA=C	NT=Oxidation; AC=35; MT=Variable; PP=Anywhere; TA=M	NT=Methyl:2H(3)13C(1); AC=329; MT=Variable; PP=Anywhere; TA=K,R	NT=Dimethyl:2H(6)13C(2); AC=330; MT=Variable; PP=Anywhere; TA=K,R	NT=Trimethyl:13C(3)2H(9); AC=1414; MT=Variable; PP=Anywhere; TA=K	NT=Label:13C(4); AC=1266; MT=Fixed; PP=Anywhere; TA=M	20ppm	312	lesSDRF v0.1.0	NT=data-dependent acquisition;AC=PRIDE:0000627	v1.1.0	NT=ms-proteomics;VV=v1.1.0
NB4_peptide_IP	Homo sapiens	Bone marrow	313	NB4	not applicable	Cancer	run313	proteomic profiling by mass spectrometry	Trypsin	HF161123_DM_NB4_hmSILAC_SGC_Hph_UB_asymIP.raw	WCE	20ppm	Q Exactive	SILAC light	NT=Carbamidomethyl; AC=4; MT=Fixed; PP=Anywhere; TA=C	NT=Oxidation; AC=35; MT=Variable; PP=Anywhere; TA=M	NT=Methyl; AC=34; MT=Variable; PP=Anywhere; TA=K,R	NT=Dimethyl; AC=36; MT=Variable; PP=Anywhere; TA=K,R	NT=Trimethyl; AC=37; MT=Variable; PP=Anywhere; TA=K		20ppm	313	lesSDRF v0.1.0	NT=data-dependent acquisition;AC=PRIDE:0000627	v1.1.0	NT=ms-proteomics;VV=v1.1.0
NB4_peptide_IP	Homo sapiens	Bone marrow	313	NB4	not applicable	Cancer	run313	proteomic profiling by mass spectrometry	Trypsin	HF161123_DM_NB4_hmSILAC_SGC_Hph_UB_asymIP.raw	WCE	20ppm	Q Exactive	SILAC heavy	NT=Carbamidomethyl; AC=4; MT=Fixed; PP=Anywhere; TA=C	NT=Oxidation; AC=35; MT=Variable; PP=Anywhere; TA=M	NT=Methyl:2H(3)13C(1); AC=329; MT=Variable; PP=Anywhere; TA=K,R	NT=Dimethyl:2H(6)13C(2); AC=330; MT=Variable; PP=Anywhere; TA=K,R	NT=Trimethyl:13C(3)2H(9); AC=1414; MT=Variable; PP=Anywhere; TA=K	NT=Label:13C(4); AC=1266; MT=Fixed; PP=Anywhere; TA=M	20ppm	313	lesSDRF v0.1.0	NT=data-dependent acquisition;AC=PRIDE:0000627	v1.1.0	NT=ms-proteomics;VV=v1.1.0
NB4_peptide_IP	Homo sapiens	Bone marrow	314	NB4	not applicable	Cancer	run314	proteomic profiling by mass spectrometry	Trypsin	HF161123_DM_NB4_hmSILAC_SGC_Hph_UB_monoIP.raw	WCE	20ppm	Q Exactive	SILAC light	NT=Carbamidomethyl; AC=4; MT=Fixed; PP=Anywhere; TA=C	NT=Oxidation; AC=35; MT=Variable; PP=Anywhere; TA=M	NT=Methyl; AC=34; MT=Variable; PP=Anywhere; TA=K,R	NT=Dimethyl; AC=36; MT=Variable; PP=Anywhere; TA=K,R	NT=Trimethyl; AC=37; MT=Variable; PP=Anywhere; TA=K		20ppm	314	lesSDRF v0.1.0	NT=data-dependent acquisition;AC=PRIDE:0000627	v1.1.0	NT=ms-proteomics;VV=v1.1.0
NB4_peptide_IP	Homo sapiens	Bone marrow	314	NB4	not applicable	Cancer	run314	proteomic profiling by mass spectrometry	Trypsin	HF161123_DM_NB4_hmSILAC_SGC_Hph_UB_monoIP.raw	WCE	20ppm	Q Exactive	SILAC heavy	NT=Carbamidomethyl; AC=4; MT=Fixed; PP=Anywhere; TA=C	NT=Oxidation; AC=35; MT=Variable; PP=Anywhere; TA=M	NT=Methyl:2H(3)13C(1); AC=329; MT=Variable; PP=Anywhere; TA=K,R	NT=Dimethyl:2H(6)13C(2); AC=330; MT=Variable; PP=Anywhere; TA=K,R	NT=Trimethyl:13C(3)2H(9); AC=1414; MT=Variable; PP=Anywhere; TA=K	NT=Label:13C(4); AC=1266; MT=Fixed; PP=Anywhere; TA=M	20ppm	314	lesSDRF v0.1.0	NT=data-dependent acquisition;AC=PRIDE:0000627	v1.1.0	NT=ms-proteomics;VV=v1.1.0
NB4_peptide_IP	Homo sapiens	Bone marrow	315	NB4	not applicable	Cancer	run315	proteomic profiling by mass spectrometry	Trypsin	HF161123_DM_NB4_hmSILAC_SGC_Hph01_asymIP.raw	WCE	20ppm	Q Exactive	SILAC light	NT=Carbamidomethyl; AC=4; MT=Fixed; PP=Anywhere; TA=C	NT=Oxidation; AC=35; MT=Variable; PP=Anywhere; TA=M	NT=Methyl; AC=34; MT=Variable; PP=Anywhere; TA=K,R	NT=Dimethyl; AC=36; MT=Variable; PP=Anywhere; TA=K,R	NT=Trimethyl; AC=37; MT=Variable; PP=Anywhere; TA=K		20ppm	315	lesSDRF v0.1.0	NT=data-dependent acquisition;AC=PRIDE:0000627	v1.1.0	NT=ms-proteomics;VV=v1.1.0
NB4_peptide_IP	Homo sapiens	Bone marrow	315	NB4	not applicable	Cancer	run315	proteomic profiling by mass spectrometry	Trypsin	HF161123_DM_NB4_hmSILAC_SGC_Hph01_asymIP.raw	WCE	20ppm	Q Exactive	SILAC heavy	NT=Carbamidomethyl; AC=4; MT=Fixed; PP=Anywhere; TA=C	NT=Oxidation; AC=35; MT=Variable; PP=Anywhere; TA=M	NT=Methyl:2H(3)13C(1); AC=329; MT=Variable; PP=Anywhere; TA=K,R	NT=Dimethyl:2H(6)13C(2); AC=330; MT=Variable; PP=Anywhere; TA=K,R	NT=Trimethyl:13C(3)2H(9); AC=1414; MT=Variable; PP=Anywhere; TA=K	NT=Label:13C(4); AC=1266; MT=Fixed; PP=Anywhere; TA=M	20ppm	315	lesSDRF v0.1.0	NT=data-dependent acquisition;AC=PRIDE:0000627	v1.1.0	NT=ms-proteomics;VV=v1.1.0
NB4_peptide_IP	Homo sapiens	Bone marrow	316	NB4	not applicable	Cancer	run316	proteomic profiling by mass spectrometry	Trypsin	HF161123_DM_NB4_hmSILAC_SGC_Hph01_monoIP.raw	WCE	20ppm	Q Exactive	SILAC light	NT=Carbamidomethyl; AC=4; MT=Fixed; PP=Anywhere; TA=C	NT=Oxidation; AC=35; MT=Variable; PP=Anywhere; TA=M	NT=Methyl; AC=34; MT=Variable; PP=Anywhere; TA=K,R	NT=Dimethyl; AC=36; MT=Variable; PP=Anywhere; TA=K,R	NT=Trimethyl; AC=37; MT=Variable; PP=Anywhere; TA=K		20ppm	316	lesSDRF v0.1.0	NT=data-dependent acquisition;AC=PRIDE:0000627	v1.1.0	NT=ms-proteomics;VV=v1.1.0
NB4_peptide_IP	Homo sapiens	Bone marrow	316	NB4	not applicable	Cancer	run316	proteomic profiling by mass spectrometry	Trypsin	HF161123_DM_NB4_hmSILAC_SGC_Hph01_monoIP.raw	WCE	20ppm	Q Exactive	SILAC heavy	NT=Carbamidomethyl; AC=4; MT=Fixed; PP=Anywhere; TA=C	NT=Oxidation; AC=35; MT=Variable; PP=Anywhere; TA=M	NT=Methyl:2H(3)13C(1); AC=329; MT=Variable; PP=Anywhere; TA=K,R	NT=Dimethyl:2H(6)13C(2); AC=330; MT=Variable; PP=Anywhere; TA=K,R	NT=Trimethyl:13C(3)2H(9); AC=1414; MT=Variable; PP=Anywhere; TA=K	NT=Label:13C(4); AC=1266; MT=Fixed; PP=Anywhere; TA=M	20ppm	316	lesSDRF v0.1.0	NT=data-dependent acquisition;AC=PRIDE:0000627	v1.1.0	NT=ms-proteomics;VV=v1.1.0
NB4_peptide_IP	Homo sapiens	Bone marrow	317	NB4	not applicable	Cancer	run317	proteomic profiling by mass spectrometry	Trypsin	HF161123_DM_NB4_hmSILAC_SGC_Hph02_asymIP.raw	WCE	20ppm	Q Exactive	SILAC light	NT=Carbamidomethyl; AC=4; MT=Fixed; PP=Anywhere; TA=C	NT=Oxidation; AC=35; MT=Variable; PP=Anywhere; TA=M	NT=Methyl; AC=34; MT=Variable; PP=Anywhere; TA=K,R	NT=Dimethyl; AC=36; MT=Variable; PP=Anywhere; TA=K,R	NT=Trimethyl; AC=37; MT=Variable; PP=Anywhere; TA=K		20ppm	317	lesSDRF v0.1.0	NT=data-dependent acquisition;AC=PRIDE:0000627	v1.1.0	NT=ms-proteomics;VV=v1.1.0
NB4_peptide_IP	Homo sapiens	Bone marrow	317	NB4	not applicable	Cancer	run317	proteomic profiling by mass spectrometry	Trypsin	HF161123_DM_NB4_hmSILAC_SGC_Hph02_asymIP.raw	WCE	20ppm	Q Exactive	SILAC heavy	NT=Carbamidomethyl; AC=4; MT=Fixed; PP=Anywhere; TA=C	NT=Oxidation; AC=35; MT=Variable; PP=Anywhere; TA=M	NT=Methyl:2H(3)13C(1); AC=329; MT=Variable; PP=Anywhere; TA=K,R	NT=Dimethyl:2H(6)13C(2); AC=330; MT=Variable; PP=Anywhere; TA=K,R	NT=Trimethyl:13C(3)2H(9); AC=1414; MT=Variable; PP=Anywhere; TA=K	NT=Label:13C(4); AC=1266; MT=Fixed; PP=Anywhere; TA=M	20ppm	317	lesSDRF v0.1.0	NT=data-dependent acquisition;AC=PRIDE:0000627	v1.1.0	NT=ms-proteomics;VV=v1.1.0
NB4_peptide_IP	Homo sapiens	Bone marrow	318	NB4	not applicable	Cancer	run318	proteomic profiling by mass spectrometry	Trypsin	HF161123_DM_NB4_hmSILAC_SGC_Hph02_monoIP.raw	WCE	20ppm	Q Exactive	SILAC light	NT=Carbamidomethyl; AC=4; MT=Fixed; PP=Anywhere; TA=C	NT=Oxidation; AC=35; MT=Variable; PP=Anywhere; TA=M	NT=Methyl; AC=34; MT=Variable; PP=Anywhere; TA=K,R	NT=Dimethyl; AC=36; MT=Variable; PP=Anywhere; TA=K,R	NT=Trimethyl; AC=37; MT=Variable; PP=Anywhere; TA=K		20ppm	318	lesSDRF v0.1.0	NT=data-dependent acquisition;AC=PRIDE:0000627	v1.1.0	NT=ms-proteomics;VV=v1.1.0
NB4_peptide_IP	Homo sapiens	Bone marrow	318	NB4	not applicable	Cancer	run318	proteomic profiling by mass spectrometry	Trypsin	HF161123_DM_NB4_hmSILAC_SGC_Hph02_monoIP.raw	WCE	20ppm	Q Exactive	SILAC heavy	NT=Carbamidomethyl; AC=4; MT=Fixed; PP=Anywhere; TA=C	NT=Oxidation; AC=35; MT=Variable; PP=Anywhere; TA=M	NT=Methyl:2H(3)13C(1); AC=329; MT=Variable; PP=Anywhere; TA=K,R	NT=Dimethyl:2H(6)13C(2); AC=330; MT=Variable; PP=Anywhere; TA=K,R	NT=Trimethyl:13C(3)2H(9); AC=1414; MT=Variable; PP=Anywhere; TA=K	NT=Label:13C(4); AC=1266; MT=Fixed; PP=Anywhere; TA=M	20ppm	318	lesSDRF v0.1.0	NT=data-dependent acquisition;AC=PRIDE:0000627	v1.1.0	NT=ms-proteomics;VV=v1.1.0
NB4_peptide_IP	Homo sapiens	Bone marrow	319	NB4	not applicable	Cancer	run319	proteomic profiling by mass spectrometry	Trypsin	HF161123_DM_NB4_hmSILAC_SGC_Hph03_asymIP.raw	WCE	20ppm	Q Exactive	SILAC light	NT=Carbamidomethyl; AC=4; MT=Fixed; PP=Anywhere; TA=C	NT=Oxidation; AC=35; MT=Variable; PP=Anywhere; TA=M	NT=Methyl; AC=34; MT=Variable; PP=Anywhere; TA=K,R	NT=Dimethyl; AC=36; MT=Variable; PP=Anywhere; TA=K,R	NT=Trimethyl; AC=37; MT=Variable; PP=Anywhere; TA=K		20ppm	319	lesSDRF v0.1.0	NT=data-dependent acquisition;AC=PRIDE:0000627	v1.1.0	NT=ms-proteomics;VV=v1.1.0
NB4_peptide_IP	Homo sapiens	Bone marrow	319	NB4	not applicable	Cancer	run319	proteomic profiling by mass spectrometry	Trypsin	HF161123_DM_NB4_hmSILAC_SGC_Hph03_asymIP.raw	WCE	20ppm	Q Exactive	SILAC heavy	NT=Carbamidomethyl; AC=4; MT=Fixed; PP=Anywhere; TA=C	NT=Oxidation; AC=35; MT=Variable; PP=Anywhere; TA=M	NT=Methyl:2H(3)13C(1); AC=329; MT=Variable; PP=Anywhere; TA=K,R	NT=Dimethyl:2H(6)13C(2); AC=330; MT=Variable; PP=Anywhere; TA=K,R	NT=Trimethyl:13C(3)2H(9); AC=1414; MT=Variable; PP=Anywhere; TA=K	NT=Label:13C(4); AC=1266; MT=Fixed; PP=Anywhere; TA=M	20ppm	319	lesSDRF v0.1.0	NT=data-dependent acquisition;AC=PRIDE:0000627	v1.1.0	NT=ms-proteomics;VV=v1.1.0
NB4_peptide_IP	Homo sapiens	Bone marrow	320	NB4	not applicable	Cancer	run320	proteomic profiling by mass spectrometry	Trypsin	HF161123_DM_NB4_hmSILAC_SGC_Hph03_monoIP.raw	WCE	20ppm	Q Exactive	SILAC light	NT=Carbamidomethyl; AC=4; MT=Fixed; PP=Anywhere; TA=C	NT=Oxidation; AC=35; MT=Variable; PP=Anywhere; TA=M	NT=Methyl; AC=34; MT=Variable; PP=Anywhere; TA=K,R	NT=Dimethyl; AC=36; MT=Variable; PP=Anywhere; TA=K,R	NT=Trimethyl; AC=37; MT=Variable; PP=Anywhere; TA=K		20ppm	320	lesSDRF v0.1.0	NT=data-dependent acquisition;AC=PRIDE:0000627	v1.1.0	NT=ms-proteomics;VV=v1.1.0
NB4_peptide_IP	Homo sapiens	Bone marrow	320	NB4	not applicable	Cancer	run320	proteomic profiling by mass spectrometry	Trypsin	HF161123_DM_NB4_hmSILAC_SGC_Hph03_monoIP.raw	WCE	20ppm	Q Exactive	SILAC heavy	NT=Carbamidomethyl; AC=4; MT=Fixed; PP=Anywhere; TA=C	NT=Oxidation; AC=35; MT=Variable; PP=Anywhere; TA=M	NT=Methyl:2H(3)13C(1); AC=329; MT=Variable; PP=Anywhere; TA=K,R	NT=Dimethyl:2H(6)13C(2); AC=330; MT=Variable; PP=Anywhere; TA=K,R	NT=Trimethyl:13C(3)2H(9); AC=1414; MT=Variable; PP=Anywhere; TA=K	NT=Label:13C(4); AC=1266; MT=Fixed; PP=Anywhere; TA=M	20ppm	320	lesSDRF v0.1.0	NT=data-dependent acquisition;AC=PRIDE:0000627	v1.1.0	NT=ms-proteomics;VV=v1.1.0
NB4_peptide_IP	Homo sapiens	Bone marrow	321	NB4	not applicable	Cancer	run321	proteomic profiling by mass spectrometry	Trypsin	HF161123_DM_NB4_hmSILAC_SGC_Hph04_asymIP.raw	WCE	20ppm	Q Exactive	SILAC light	NT=Carbamidomethyl; AC=4; MT=Fixed; PP=Anywhere; TA=C	NT=Oxidation; AC=35; MT=Variable; PP=Anywhere; TA=M	NT=Methyl; AC=34; MT=Variable; PP=Anywhere; TA=K,R	NT=Dimethyl; AC=36; MT=Variable; PP=Anywhere; TA=K,R	NT=Trimethyl; AC=37; MT=Variable; PP=Anywhere; TA=K		20ppm	321	lesSDRF v0.1.0	NT=data-dependent acquisition;AC=PRIDE:0000627	v1.1.0	NT=ms-proteomics;VV=v1.1.0
NB4_peptide_IP	Homo sapiens	Bone marrow	321	NB4	not applicable	Cancer	run321	proteomic profiling by mass spectrometry	Trypsin	HF161123_DM_NB4_hmSILAC_SGC_Hph04_asymIP.raw	WCE	20ppm	Q Exactive	SILAC heavy	NT=Carbamidomethyl; AC=4; MT=Fixed; PP=Anywhere; TA=C	NT=Oxidation; AC=35; MT=Variable; PP=Anywhere; TA=M	NT=Methyl:2H(3)13C(1); AC=329; MT=Variable; PP=Anywhere; TA=K,R	NT=Dimethyl:2H(6)13C(2); AC=330; MT=Variable; PP=Anywhere; TA=K,R	NT=Trimethyl:13C(3)2H(9); AC=1414; MT=Variable; PP=Anywhere; TA=K	NT=Label:13C(4); AC=1266; MT=Fixed; PP=Anywhere; TA=M	20ppm	321	lesSDRF v0.1.0	NT=data-dependent acquisition;AC=PRIDE:0000627	v1.1.0	NT=ms-proteomics;VV=v1.1.0
NB4_peptide_IP	Homo sapiens	Bone marrow	322	NB4	not applicable	Cancer	run322	proteomic profiling by mass spectrometry	Trypsin	HF161123_DM_NB4_hmSILAC_SGC_Hph04_monoIP.raw	WCE	20ppm	Q Exactive	SILAC light	NT=Carbamidomethyl; AC=4; MT=Fixed; PP=Anywhere; TA=C	NT=Oxidation; AC=35; MT=Variable; PP=Anywhere; TA=M	NT=Methyl; AC=34; MT=Variable; PP=Anywhere; TA=K,R	NT=Dimethyl; AC=36; MT=Variable; PP=Anywhere; TA=K,R	NT=Trimethyl; AC=37; MT=Variable; PP=Anywhere; TA=K		20ppm	322	lesSDRF v0.1.0	NT=data-dependent acquisition;AC=PRIDE:0000627	v1.1.0	NT=ms-proteomics;VV=v1.1.0
NB4_peptide_IP	Homo sapiens	Bone marrow	322	NB4	not applicable	Cancer	run322	proteomic profiling by mass spectrometry	Trypsin	HF161123_DM_NB4_hmSILAC_SGC_Hph04_monoIP.raw	WCE	20ppm	Q Exactive	SILAC heavy	NT=Carbamidomethyl; AC=4; MT=Fixed; PP=Anywhere; TA=C	NT=Oxidation; AC=35; MT=Variable; PP=Anywhere; TA=M	NT=Methyl:2H(3)13C(1); AC=329; MT=Variable; PP=Anywhere; TA=K,R	NT=Dimethyl:2H(6)13C(2); AC=330; MT=Variable; PP=Anywhere; TA=K,R	NT=Trimethyl:13C(3)2H(9); AC=1414; MT=Variable; PP=Anywhere; TA=K	NT=Label:13C(4); AC=1266; MT=Fixed; PP=Anywhere; TA=M	20ppm	322	lesSDRF v0.1.0	NT=data-dependent acquisition;AC=PRIDE:0000627	v1.1.0	NT=ms-proteomics;VV=v1.1.0
NB4_peptide_IP	Homo sapiens	Bone marrow	323	NB4	not applicable	Cancer	run323	proteomic profiling by mass spectrometry	Trypsin	HF161123_DM_NB4_hmSILAC_SGC_Hph05_asymIP.raw	WCE	20ppm	Q Exactive	SILAC light	NT=Carbamidomethyl; AC=4; MT=Fixed; PP=Anywhere; TA=C	NT=Oxidation; AC=35; MT=Variable; PP=Anywhere; TA=M	NT=Methyl; AC=34; MT=Variable; PP=Anywhere; TA=K,R	NT=Dimethyl; AC=36; MT=Variable; PP=Anywhere; TA=K,R	NT=Trimethyl; AC=37; MT=Variable; PP=Anywhere; TA=K		20ppm	323	lesSDRF v0.1.0	NT=data-dependent acquisition;AC=PRIDE:0000627	v1.1.0	NT=ms-proteomics;VV=v1.1.0
NB4_peptide_IP	Homo sapiens	Bone marrow	323	NB4	not applicable	Cancer	run323	proteomic profiling by mass spectrometry	Trypsin	HF161123_DM_NB4_hmSILAC_SGC_Hph05_asymIP.raw	WCE	20ppm	Q Exactive	SILAC heavy	NT=Carbamidomethyl; AC=4; MT=Fixed; PP=Anywhere; TA=C	NT=Oxidation; AC=35; MT=Variable; PP=Anywhere; TA=M	NT=Methyl:2H(3)13C(1); AC=329; MT=Variable; PP=Anywhere; TA=K,R	NT=Dimethyl:2H(6)13C(2); AC=330; MT=Variable; PP=Anywhere; TA=K,R	NT=Trimethyl:13C(3)2H(9); AC=1414; MT=Variable; PP=Anywhere; TA=K	NT=Label:13C(4); AC=1266; MT=Fixed; PP=Anywhere; TA=M	20ppm	323	lesSDRF v0.1.0	NT=data-dependent acquisition;AC=PRIDE:0000627	v1.1.0	NT=ms-proteomics;VV=v1.1.0
NB4_peptide_IP	Homo sapiens	Bone marrow	324	NB4	not applicable	Cancer	run324	proteomic profiling by mass spectrometry	Trypsin	HF161123_DM_NB4_hmSILAC_SGC_Hph05_monoIP.raw	WCE	20ppm	Q Exactive	SILAC light	NT=Carbamidomethyl; AC=4; MT=Fixed; PP=Anywhere; TA=C	NT=Oxidation; AC=35; MT=Variable; PP=Anywhere; TA=M	NT=Methyl; AC=34; MT=Variable; PP=Anywhere; TA=K,R	NT=Dimethyl; AC=36; MT=Variable; PP=Anywhere; TA=K,R	NT=Trimethyl; AC=37; MT=Variable; PP=Anywhere; TA=K		20ppm	324	lesSDRF v0.1.0	NT=data-dependent acquisition;AC=PRIDE:0000627	v1.1.0	NT=ms-proteomics;VV=v1.1.0
NB4_peptide_IP	Homo sapiens	Bone marrow	324	NB4	not applicable	Cancer	run324	proteomic profiling by mass spectrometry	Trypsin	HF161123_DM_NB4_hmSILAC_SGC_Hph05_monoIP.raw	WCE	20ppm	Q Exactive	SILAC heavy	NT=Carbamidomethyl; AC=4; MT=Fixed; PP=Anywhere; TA=C	NT=Oxidation; AC=35; MT=Variable; PP=Anywhere; TA=M	NT=Methyl:2H(3)13C(1); AC=329; MT=Variable; PP=Anywhere; TA=K,R	NT=Dimethyl:2H(6)13C(2); AC=330; MT=Variable; PP=Anywhere; TA=K,R	NT=Trimethyl:13C(3)2H(9); AC=1414; MT=Variable; PP=Anywhere; TA=K	NT=Label:13C(4); AC=1266; MT=Fixed; PP=Anywhere; TA=M	20ppm	324	lesSDRF v0.1.0	NT=data-dependent acquisition;AC=PRIDE:0000627	v1.1.0	NT=ms-proteomics;VV=v1.1.0
NB4_peptide_IP	Homo sapiens	Bone marrow	325	NB4	not applicable	Cancer	run325	proteomic profiling by mass spectrometry	Trypsin	HF161123_DM_NB4_hmSILAC_SGC_Hph06_asymIP.raw	WCE	20ppm	Q Exactive	SILAC light	NT=Carbamidomethyl; AC=4; MT=Fixed; PP=Anywhere; TA=C	NT=Oxidation; AC=35; MT=Variable; PP=Anywhere; TA=M	NT=Methyl; AC=34; MT=Variable; PP=Anywhere; TA=K,R	NT=Dimethyl; AC=36; MT=Variable; PP=Anywhere; TA=K,R	NT=Trimethyl; AC=37; MT=Variable; PP=Anywhere; TA=K		20ppm	325	lesSDRF v0.1.0	NT=data-dependent acquisition;AC=PRIDE:0000627	v1.1.0	NT=ms-proteomics;VV=v1.1.0
NB4_peptide_IP	Homo sapiens	Bone marrow	325	NB4	not applicable	Cancer	run325	proteomic profiling by mass spectrometry	Trypsin	HF161123_DM_NB4_hmSILAC_SGC_Hph06_asymIP.raw	WCE	20ppm	Q Exactive	SILAC heavy	NT=Carbamidomethyl; AC=4; MT=Fixed; PP=Anywhere; TA=C	NT=Oxidation; AC=35; MT=Variable; PP=Anywhere; TA=M	NT=Methyl:2H(3)13C(1); AC=329; MT=Variable; PP=Anywhere; TA=K,R	NT=Dimethyl:2H(6)13C(2); AC=330; MT=Variable; PP=Anywhere; TA=K,R	NT=Trimethyl:13C(3)2H(9); AC=1414; MT=Variable; PP=Anywhere; TA=K	NT=Label:13C(4); AC=1266; MT=Fixed; PP=Anywhere; TA=M	20ppm	325	lesSDRF v0.1.0	NT=data-dependent acquisition;AC=PRIDE:0000627	v1.1.0	NT=ms-proteomics;VV=v1.1.0
NB4_peptide_IP	Homo sapiens	Bone marrow	326	NB4	not applicable	Cancer	run326	proteomic profiling by mass spectrometry	Trypsin	HF161123_DM_NB4_hmSILAC_SGC_Hph06_monoIP.raw	WCE	20ppm	Q Exactive	SILAC light	NT=Carbamidomethyl; AC=4; MT=Fixed; PP=Anywhere; TA=C	NT=Oxidation; AC=35; MT=Variable; PP=Anywhere; TA=M	NT=Methyl; AC=34; MT=Variable; PP=Anywhere; TA=K,R	NT=Dimethyl; AC=36; MT=Variable; PP=Anywhere; TA=K,R	NT=Trimethyl; AC=37; MT=Variable; PP=Anywhere; TA=K		20ppm	326	lesSDRF v0.1.0	NT=data-dependent acquisition;AC=PRIDE:0000627	v1.1.0	NT=ms-proteomics;VV=v1.1.0
NB4_peptide_IP	Homo sapiens	Bone marrow	326	NB4	not applicable	Cancer	run326	proteomic profiling by mass spectrometry	Trypsin	HF161123_DM_NB4_hmSILAC_SGC_Hph06_monoIP.raw	WCE	20ppm	Q Exactive	SILAC heavy	NT=Carbamidomethyl; AC=4; MT=Fixed; PP=Anywhere; TA=C	NT=Oxidation; AC=35; MT=Variable; PP=Anywhere; TA=M	NT=Methyl:2H(3)13C(1); AC=329; MT=Variable; PP=Anywhere; TA=K,R	NT=Dimethyl:2H(6)13C(2); AC=330; MT=Variable; PP=Anywhere; TA=K,R	NT=Trimethyl:13C(3)2H(9); AC=1414; MT=Variable; PP=Anywhere; TA=K	NT=Label:13C(4); AC=1266; MT=Fixed; PP=Anywhere; TA=M	20ppm	326	lesSDRF v0.1.0	NT=data-dependent acquisition;AC=PRIDE:0000627	v1.1.0	NT=ms-proteomics;VV=v1.1.0
NB4_peptide_IP	Homo sapiens	Bone marrow	327	NB4	not applicable	Cancer	run327	proteomic profiling by mass spectrometry	Trypsin	HF161123_DM_NB4_hmSILAC_SGC_Hph07_asymIP.raw	WCE	20ppm	Q Exactive	SILAC light	NT=Carbamidomethyl; AC=4; MT=Fixed; PP=Anywhere; TA=C	NT=Oxidation; AC=35; MT=Variable; PP=Anywhere; TA=M	NT=Methyl; AC=34; MT=Variable; PP=Anywhere; TA=K,R	NT=Dimethyl; AC=36; MT=Variable; PP=Anywhere; TA=K,R	NT=Trimethyl; AC=37; MT=Variable; PP=Anywhere; TA=K		20ppm	327	lesSDRF v0.1.0	NT=data-dependent acquisition;AC=PRIDE:0000627	v1.1.0	NT=ms-proteomics;VV=v1.1.0
NB4_peptide_IP	Homo sapiens	Bone marrow	327	NB4	not applicable	Cancer	run327	proteomic profiling by mass spectrometry	Trypsin	HF161123_DM_NB4_hmSILAC_SGC_Hph07_asymIP.raw	WCE	20ppm	Q Exactive	SILAC heavy	NT=Carbamidomethyl; AC=4; MT=Fixed; PP=Anywhere; TA=C	NT=Oxidation; AC=35; MT=Variable; PP=Anywhere; TA=M	NT=Methyl:2H(3)13C(1); AC=329; MT=Variable; PP=Anywhere; TA=K,R	NT=Dimethyl:2H(6)13C(2); AC=330; MT=Variable; PP=Anywhere; TA=K,R	NT=Trimethyl:13C(3)2H(9); AC=1414; MT=Variable; PP=Anywhere; TA=K	NT=Label:13C(4); AC=1266; MT=Fixed; PP=Anywhere; TA=M	20ppm	327	lesSDRF v0.1.0	NT=data-dependent acquisition;AC=PRIDE:0000627	v1.1.0	NT=ms-proteomics;VV=v1.1.0
NB4_peptide_IP	Homo sapiens	Bone marrow	328	NB4	not applicable	Cancer	run328	proteomic profiling by mass spectrometry	Trypsin	HF161123_DM_NB4_hmSILAC_SGC_Hph07_monoIP.raw	WCE	20ppm	Q Exactive	SILAC light	NT=Carbamidomethyl; AC=4; MT=Fixed; PP=Anywhere; TA=C	NT=Oxidation; AC=35; MT=Variable; PP=Anywhere; TA=M	NT=Methyl; AC=34; MT=Variable; PP=Anywhere; TA=K,R	NT=Dimethyl; AC=36; MT=Variable; PP=Anywhere; TA=K,R	NT=Trimethyl; AC=37; MT=Variable; PP=Anywhere; TA=K		20ppm	328	lesSDRF v0.1.0	NT=data-dependent acquisition;AC=PRIDE:0000627	v1.1.0	NT=ms-proteomics;VV=v1.1.0
NB4_peptide_IP	Homo sapiens	Bone marrow	328	NB4	not applicable	Cancer	run328	proteomic profiling by mass spectrometry	Trypsin	HF161123_DM_NB4_hmSILAC_SGC_Hph07_monoIP.raw	WCE	20ppm	Q Exactive	SILAC heavy	NT=Carbamidomethyl; AC=4; MT=Fixed; PP=Anywhere; TA=C	NT=Oxidation; AC=35; MT=Variable; PP=Anywhere; TA=M	NT=Methyl:2H(3)13C(1); AC=329; MT=Variable; PP=Anywhere; TA=K,R	NT=Dimethyl:2H(6)13C(2); AC=330; MT=Variable; PP=Anywhere; TA=K,R	NT=Trimethyl:13C(3)2H(9); AC=1414; MT=Variable; PP=Anywhere; TA=K	NT=Label:13C(4); AC=1266; MT=Fixed; PP=Anywhere; TA=M	20ppm	328	lesSDRF v0.1.0	NT=data-dependent acquisition;AC=PRIDE:0000627	v1.1.0	NT=ms-proteomics;VV=v1.1.0
NB4_peptide_IP	Homo sapiens	Bone marrow	329	NB4	not applicable	Cancer	run329	proteomic profiling by mass spectrometry	Trypsin	HF161123_DM_NB4_hmSILAC_SGC_Hph08_asymIP.raw	WCE	20ppm	Q Exactive	SILAC light	NT=Carbamidomethyl; AC=4; MT=Fixed; PP=Anywhere; TA=C	NT=Oxidation; AC=35; MT=Variable; PP=Anywhere; TA=M	NT=Methyl; AC=34; MT=Variable; PP=Anywhere; TA=K,R	NT=Dimethyl; AC=36; MT=Variable; PP=Anywhere; TA=K,R	NT=Trimethyl; AC=37; MT=Variable; PP=Anywhere; TA=K		20ppm	329	lesSDRF v0.1.0	NT=data-dependent acquisition;AC=PRIDE:0000627	v1.1.0	NT=ms-proteomics;VV=v1.1.0
NB4_peptide_IP	Homo sapiens	Bone marrow	329	NB4	not applicable	Cancer	run329	proteomic profiling by mass spectrometry	Trypsin	HF161123_DM_NB4_hmSILAC_SGC_Hph08_asymIP.raw	WCE	20ppm	Q Exactive	SILAC heavy	NT=Carbamidomethyl; AC=4; MT=Fixed; PP=Anywhere; TA=C	NT=Oxidation; AC=35; MT=Variable; PP=Anywhere; TA=M	NT=Methyl:2H(3)13C(1); AC=329; MT=Variable; PP=Anywhere; TA=K,R	NT=Dimethyl:2H(6)13C(2); AC=330; MT=Variable; PP=Anywhere; TA=K,R	NT=Trimethyl:13C(3)2H(9); AC=1414; MT=Variable; PP=Anywhere; TA=K	NT=Label:13C(4); AC=1266; MT=Fixed; PP=Anywhere; TA=M	20ppm	329	lesSDRF v0.1.0	NT=data-dependent acquisition;AC=PRIDE:0000627	v1.1.0	NT=ms-proteomics;VV=v1.1.0
NB4_peptide_IP	Homo sapiens	Bone marrow	330	NB4	not applicable	Cancer	run330	proteomic profiling by mass spectrometry	Trypsin	HF161123_DM_NB4_hmSILAC_SGC_Hph08_monoIP.raw	WCE	20ppm	Q Exactive	SILAC light	NT=Carbamidomethyl; AC=4; MT=Fixed; PP=Anywhere; TA=C	NT=Oxidation; AC=35; MT=Variable; PP=Anywhere; TA=M	NT=Methyl; AC=34; MT=Variable; PP=Anywhere; TA=K,R	NT=Dimethyl; AC=36; MT=Variable; PP=Anywhere; TA=K,R	NT=Trimethyl; AC=37; MT=Variable; PP=Anywhere; TA=K		20ppm	330	lesSDRF v0.1.0	NT=data-dependent acquisition;AC=PRIDE:0000627	v1.1.0	NT=ms-proteomics;VV=v1.1.0
NB4_peptide_IP	Homo sapiens	Bone marrow	330	NB4	not applicable	Cancer	run330	proteomic profiling by mass spectrometry	Trypsin	HF161123_DM_NB4_hmSILAC_SGC_Hph08_monoIP.raw	WCE	20ppm	Q Exactive	SILAC heavy	NT=Carbamidomethyl; AC=4; MT=Fixed; PP=Anywhere; TA=C	NT=Oxidation; AC=35; MT=Variable; PP=Anywhere; TA=M	NT=Methyl:2H(3)13C(1); AC=329; MT=Variable; PP=Anywhere; TA=K,R	NT=Dimethyl:2H(6)13C(2); AC=330; MT=Variable; PP=Anywhere; TA=K,R	NT=Trimethyl:13C(3)2H(9); AC=1414; MT=Variable; PP=Anywhere; TA=K	NT=Label:13C(4); AC=1266; MT=Fixed; PP=Anywhere; TA=M	20ppm	330	lesSDRF v0.1.0	NT=data-dependent acquisition;AC=PRIDE:0000627	v1.1.0	NT=ms-proteomics;VV=v1.1.0
NB4_peptide_IP	Homo sapiens	Bone marrow	331	NB4	not applicable	Cancer	run331	proteomic profiling by mass spectrometry	Trypsin	HF161123_DM_NB4_hmSILAC_SGC_Hph09_asymIP.raw	WCE	20ppm	Q Exactive	SILAC light	NT=Carbamidomethyl; AC=4; MT=Fixed; PP=Anywhere; TA=C	NT=Oxidation; AC=35; MT=Variable; PP=Anywhere; TA=M	NT=Methyl; AC=34; MT=Variable; PP=Anywhere; TA=K,R	NT=Dimethyl; AC=36; MT=Variable; PP=Anywhere; TA=K,R	NT=Trimethyl; AC=37; MT=Variable; PP=Anywhere; TA=K		20ppm	331	lesSDRF v0.1.0	NT=data-dependent acquisition;AC=PRIDE:0000627	v1.1.0	NT=ms-proteomics;VV=v1.1.0
NB4_peptide_IP	Homo sapiens	Bone marrow	331	NB4	not applicable	Cancer	run331	proteomic profiling by mass spectrometry	Trypsin	HF161123_DM_NB4_hmSILAC_SGC_Hph09_asymIP.raw	WCE	20ppm	Q Exactive	SILAC heavy	NT=Carbamidomethyl; AC=4; MT=Fixed; PP=Anywhere; TA=C	NT=Oxidation; AC=35; MT=Variable; PP=Anywhere; TA=M	NT=Methyl:2H(3)13C(1); AC=329; MT=Variable; PP=Anywhere; TA=K,R	NT=Dimethyl:2H(6)13C(2); AC=330; MT=Variable; PP=Anywhere; TA=K,R	NT=Trimethyl:13C(3)2H(9); AC=1414; MT=Variable; PP=Anywhere; TA=K	NT=Label:13C(4); AC=1266; MT=Fixed; PP=Anywhere; TA=M	20ppm	331	lesSDRF v0.1.0	NT=data-dependent acquisition;AC=PRIDE:0000627	v1.1.0	NT=ms-proteomics;VV=v1.1.0
NB4_peptide_IP	Homo sapiens	Bone marrow	332	NB4	not applicable	Cancer	run332	proteomic profiling by mass spectrometry	Trypsin	HF161123_DM_NB4_hmSILAC_SGC_Hph09_monoIP.raw	WCE	20ppm	Q Exactive	SILAC light	NT=Carbamidomethyl; AC=4; MT=Fixed; PP=Anywhere; TA=C	NT=Oxidation; AC=35; MT=Variable; PP=Anywhere; TA=M	NT=Methyl; AC=34; MT=Variable; PP=Anywhere; TA=K,R	NT=Dimethyl; AC=36; MT=Variable; PP=Anywhere; TA=K,R	NT=Trimethyl; AC=37; MT=Variable; PP=Anywhere; TA=K		20ppm	332	lesSDRF v0.1.0	NT=data-dependent acquisition;AC=PRIDE:0000627	v1.1.0	NT=ms-proteomics;VV=v1.1.0
NB4_peptide_IP	Homo sapiens	Bone marrow	332	NB4	not applicable	Cancer	run332	proteomic profiling by mass spectrometry	Trypsin	HF161123_DM_NB4_hmSILAC_SGC_Hph09_monoIP.raw	WCE	20ppm	Q Exactive	SILAC heavy	NT=Carbamidomethyl; AC=4; MT=Fixed; PP=Anywhere; TA=C	NT=Oxidation; AC=35; MT=Variable; PP=Anywhere; TA=M	NT=Methyl:2H(3)13C(1); AC=329; MT=Variable; PP=Anywhere; TA=K,R	NT=Dimethyl:2H(6)13C(2); AC=330; MT=Variable; PP=Anywhere; TA=K,R	NT=Trimethyl:13C(3)2H(9); AC=1414; MT=Variable; PP=Anywhere; TA=K	NT=Label:13C(4); AC=1266; MT=Fixed; PP=Anywhere; TA=M	20ppm	332	lesSDRF v0.1.0	NT=data-dependent acquisition;AC=PRIDE:0000627	v1.1.0	NT=ms-proteomics;VV=v1.1.0
NB4_peptide_IP	Homo sapiens	Bone marrow	333	NB4	not applicable	Cancer	run333	proteomic profiling by mass spectrometry	Trypsin	HF161123_DM_NB4_hmSILAC_SGC_Hph10_asymIP.raw	WCE	20ppm	Q Exactive	SILAC light	NT=Carbamidomethyl; AC=4; MT=Fixed; PP=Anywhere; TA=C	NT=Oxidation; AC=35; MT=Variable; PP=Anywhere; TA=M	NT=Methyl; AC=34; MT=Variable; PP=Anywhere; TA=K,R	NT=Dimethyl; AC=36; MT=Variable; PP=Anywhere; TA=K,R	NT=Trimethyl; AC=37; MT=Variable; PP=Anywhere; TA=K		20ppm	333	lesSDRF v0.1.0	NT=data-dependent acquisition;AC=PRIDE:0000627	v1.1.0	NT=ms-proteomics;VV=v1.1.0
NB4_peptide_IP	Homo sapiens	Bone marrow	333	NB4	not applicable	Cancer	run333	proteomic profiling by mass spectrometry	Trypsin	HF161123_DM_NB4_hmSILAC_SGC_Hph10_asymIP.raw	WCE	20ppm	Q Exactive	SILAC heavy	NT=Carbamidomethyl; AC=4; MT=Fixed; PP=Anywhere; TA=C	NT=Oxidation; AC=35; MT=Variable; PP=Anywhere; TA=M	NT=Methyl:2H(3)13C(1); AC=329; MT=Variable; PP=Anywhere; TA=K,R	NT=Dimethyl:2H(6)13C(2); AC=330; MT=Variable; PP=Anywhere; TA=K,R	NT=Trimethyl:13C(3)2H(9); AC=1414; MT=Variable; PP=Anywhere; TA=K	NT=Label:13C(4); AC=1266; MT=Fixed; PP=Anywhere; TA=M	20ppm	333	lesSDRF v0.1.0	NT=data-dependent acquisition;AC=PRIDE:0000627	v1.1.0	NT=ms-proteomics;VV=v1.1.0
NB4_peptide_IP	Homo sapiens	Bone marrow	334	NB4	not applicable	Cancer	run334	proteomic profiling by mass spectrometry	Trypsin	HF161123_DM_NB4_hmSILAC_SGC_Hph10_monoIP.raw	WCE	20ppm	Q Exactive	SILAC light	NT=Carbamidomethyl; AC=4; MT=Fixed; PP=Anywhere; TA=C	NT=Oxidation; AC=35; MT=Variable; PP=Anywhere; TA=M	NT=Methyl; AC=34; MT=Variable; PP=Anywhere; TA=K,R	NT=Dimethyl; AC=36; MT=Variable; PP=Anywhere; TA=K,R	NT=Trimethyl; AC=37; MT=Variable; PP=Anywhere; TA=K		20ppm	334	lesSDRF v0.1.0	NT=data-dependent acquisition;AC=PRIDE:0000627	v1.1.0	NT=ms-proteomics;VV=v1.1.0
NB4_peptide_IP	Homo sapiens	Bone marrow	334	NB4	not applicable	Cancer	run334	proteomic profiling by mass spectrometry	Trypsin	HF161123_DM_NB4_hmSILAC_SGC_Hph10_monoIP.raw	WCE	20ppm	Q Exactive	SILAC heavy	NT=Carbamidomethyl; AC=4; MT=Fixed; PP=Anywhere; TA=C	NT=Oxidation; AC=35; MT=Variable; PP=Anywhere; TA=M	NT=Methyl:2H(3)13C(1); AC=329; MT=Variable; PP=Anywhere; TA=K,R	NT=Dimethyl:2H(6)13C(2); AC=330; MT=Variable; PP=Anywhere; TA=K,R	NT=Trimethyl:13C(3)2H(9); AC=1414; MT=Variable; PP=Anywhere; TA=K	NT=Label:13C(4); AC=1266; MT=Fixed; PP=Anywhere; TA=M	20ppm	334	lesSDRF v0.1.0	NT=data-dependent acquisition;AC=PRIDE:0000627	v1.1.0	NT=ms-proteomics;VV=v1.1.0
NB4_peptide_IP	Homo sapiens	Bone marrow	335	NB4	not applicable	Cancer	run335	proteomic profiling by mass spectrometry	Trypsin	HF161123_DM_NB4_hmSILAC_SGC_Hph11_asymIP.raw	WCE	20ppm	Q Exactive	SILAC light	NT=Carbamidomethyl; AC=4; MT=Fixed; PP=Anywhere; TA=C	NT=Oxidation; AC=35; MT=Variable; PP=Anywhere; TA=M	NT=Methyl; AC=34; MT=Variable; PP=Anywhere; TA=K,R	NT=Dimethyl; AC=36; MT=Variable; PP=Anywhere; TA=K,R	NT=Trimethyl; AC=37; MT=Variable; PP=Anywhere; TA=K		20ppm	335	lesSDRF v0.1.0	NT=data-dependent acquisition;AC=PRIDE:0000627	v1.1.0	NT=ms-proteomics;VV=v1.1.0
NB4_peptide_IP	Homo sapiens	Bone marrow	335	NB4	not applicable	Cancer	run335	proteomic profiling by mass spectrometry	Trypsin	HF161123_DM_NB4_hmSILAC_SGC_Hph11_asymIP.raw	WCE	20ppm	Q Exactive	SILAC heavy	NT=Carbamidomethyl; AC=4; MT=Fixed; PP=Anywhere; TA=C	NT=Oxidation; AC=35; MT=Variable; PP=Anywhere; TA=M	NT=Methyl:2H(3)13C(1); AC=329; MT=Variable; PP=Anywhere; TA=K,R	NT=Dimethyl:2H(6)13C(2); AC=330; MT=Variable; PP=Anywhere; TA=K,R	NT=Trimethyl:13C(3)2H(9); AC=1414; MT=Variable; PP=Anywhere; TA=K	NT=Label:13C(4); AC=1266; MT=Fixed; PP=Anywhere; TA=M	20ppm	335	lesSDRF v0.1.0	NT=data-dependent acquisition;AC=PRIDE:0000627	v1.1.0	NT=ms-proteomics;VV=v1.1.0
NB4_peptide_IP	Homo sapiens	Bone marrow	336	NB4	not applicable	Cancer	run336	proteomic profiling by mass spectrometry	Trypsin	HF161123_DM_NB4_hmSILAC_SGC_Hph11_monoIP.raw	WCE	20ppm	Q Exactive	SILAC light	NT=Carbamidomethyl; AC=4; MT=Fixed; PP=Anywhere; TA=C	NT=Oxidation; AC=35; MT=Variable; PP=Anywhere; TA=M	NT=Methyl; AC=34; MT=Variable; PP=Anywhere; TA=K,R	NT=Dimethyl; AC=36; MT=Variable; PP=Anywhere; TA=K,R	NT=Trimethyl; AC=37; MT=Variable; PP=Anywhere; TA=K		20ppm	336	lesSDRF v0.1.0	NT=data-dependent acquisition;AC=PRIDE:0000627	v1.1.0	NT=ms-proteomics;VV=v1.1.0
NB4_peptide_IP	Homo sapiens	Bone marrow	336	NB4	not applicable	Cancer	run336	proteomic profiling by mass spectrometry	Trypsin	HF161123_DM_NB4_hmSILAC_SGC_Hph11_monoIP.raw	WCE	20ppm	Q Exactive	SILAC heavy	NT=Carbamidomethyl; AC=4; MT=Fixed; PP=Anywhere; TA=C	NT=Oxidation; AC=35; MT=Variable; PP=Anywhere; TA=M	NT=Methyl:2H(3)13C(1); AC=329; MT=Variable; PP=Anywhere; TA=K,R	NT=Dimethyl:2H(6)13C(2); AC=330; MT=Variable; PP=Anywhere; TA=K,R	NT=Trimethyl:13C(3)2H(9); AC=1414; MT=Variable; PP=Anywhere; TA=K	NT=Label:13C(4); AC=1266; MT=Fixed; PP=Anywhere; TA=M	20ppm	336	lesSDRF v0.1.0	NT=data-dependent acquisition;AC=PRIDE:0000627	v1.1.0	NT=ms-proteomics;VV=v1.1.0
NB4_peptide_IP	Homo sapiens	Bone marrow	337	NB4	not applicable	Cancer	run337	proteomic profiling by mass spectrometry	Trypsin	HF161123_DM_NB4_hmSILAC_SGC_Hph12_asymIP.raw	WCE	20ppm	Q Exactive	SILAC light	NT=Carbamidomethyl; AC=4; MT=Fixed; PP=Anywhere; TA=C	NT=Oxidation; AC=35; MT=Variable; PP=Anywhere; TA=M	NT=Methyl; AC=34; MT=Variable; PP=Anywhere; TA=K,R	NT=Dimethyl; AC=36; MT=Variable; PP=Anywhere; TA=K,R	NT=Trimethyl; AC=37; MT=Variable; PP=Anywhere; TA=K		20ppm	337	lesSDRF v0.1.0	NT=data-dependent acquisition;AC=PRIDE:0000627	v1.1.0	NT=ms-proteomics;VV=v1.1.0
NB4_peptide_IP	Homo sapiens	Bone marrow	337	NB4	not applicable	Cancer	run337	proteomic profiling by mass spectrometry	Trypsin	HF161123_DM_NB4_hmSILAC_SGC_Hph12_asymIP.raw	WCE	20ppm	Q Exactive	SILAC heavy	NT=Carbamidomethyl; AC=4; MT=Fixed; PP=Anywhere; TA=C	NT=Oxidation; AC=35; MT=Variable; PP=Anywhere; TA=M	NT=Methyl:2H(3)13C(1); AC=329; MT=Variable; PP=Anywhere; TA=K,R	NT=Dimethyl:2H(6)13C(2); AC=330; MT=Variable; PP=Anywhere; TA=K,R	NT=Trimethyl:13C(3)2H(9); AC=1414; MT=Variable; PP=Anywhere; TA=K	NT=Label:13C(4); AC=1266; MT=Fixed; PP=Anywhere; TA=M	20ppm	337	lesSDRF v0.1.0	NT=data-dependent acquisition;AC=PRIDE:0000627	v1.1.0	NT=ms-proteomics;VV=v1.1.0
NB4_peptide_IP	Homo sapiens	Bone marrow	338	NB4	not applicable	Cancer	run338	proteomic profiling by mass spectrometry	Trypsin	HF161123_DM_NB4_hmSILAC_SGC_Hph12_monoIP.raw	WCE	20ppm	Q Exactive	SILAC light	NT=Carbamidomethyl; AC=4; MT=Fixed; PP=Anywhere; TA=C	NT=Oxidation; AC=35; MT=Variable; PP=Anywhere; TA=M	NT=Methyl; AC=34; MT=Variable; PP=Anywhere; TA=K,R	NT=Dimethyl; AC=36; MT=Variable; PP=Anywhere; TA=K,R	NT=Trimethyl; AC=37; MT=Variable; PP=Anywhere; TA=K		20ppm	338	lesSDRF v0.1.0	NT=data-dependent acquisition;AC=PRIDE:0000627	v1.1.0	NT=ms-proteomics;VV=v1.1.0
NB4_peptide_IP	Homo sapiens	Bone marrow	338	NB4	not applicable	Cancer	run338	proteomic profiling by mass spectrometry	Trypsin	HF161123_DM_NB4_hmSILAC_SGC_Hph12_monoIP.raw	WCE	20ppm	Q Exactive	SILAC heavy	NT=Carbamidomethyl; AC=4; MT=Fixed; PP=Anywhere; TA=C	NT=Oxidation; AC=35; MT=Variable; PP=Anywhere; TA=M	NT=Methyl:2H(3)13C(1); AC=329; MT=Variable; PP=Anywhere; TA=K,R	NT=Dimethyl:2H(6)13C(2); AC=330; MT=Variable; PP=Anywhere; TA=K,R	NT=Trimethyl:13C(3)2H(9); AC=1414; MT=Variable; PP=Anywhere; TA=K	NT=Label:13C(4); AC=1266; MT=Fixed; PP=Anywhere; TA=M	20ppm	338	lesSDRF v0.1.0	NT=data-dependent acquisition;AC=PRIDE:0000627	v1.1.0	NT=ms-proteomics;VV=v1.1.0
NB4_peptide_IP	Homo sapiens	Bone marrow	339	NB4	not applicable	Cancer	run339	proteomic profiling by mass spectrometry	Trypsin	HF161123_DM_NB4_hmSILAC_SGC_Hph13_asymIP.raw	WCE	20ppm	Q Exactive	SILAC light	NT=Carbamidomethyl; AC=4; MT=Fixed; PP=Anywhere; TA=C	NT=Oxidation; AC=35; MT=Variable; PP=Anywhere; TA=M	NT=Methyl; AC=34; MT=Variable; PP=Anywhere; TA=K,R	NT=Dimethyl; AC=36; MT=Variable; PP=Anywhere; TA=K,R	NT=Trimethyl; AC=37; MT=Variable; PP=Anywhere; TA=K		20ppm	339	lesSDRF v0.1.0	NT=data-dependent acquisition;AC=PRIDE:0000627	v1.1.0	NT=ms-proteomics;VV=v1.1.0
NB4_peptide_IP	Homo sapiens	Bone marrow	339	NB4	not applicable	Cancer	run339	proteomic profiling by mass spectrometry	Trypsin	HF161123_DM_NB4_hmSILAC_SGC_Hph13_asymIP.raw	WCE	20ppm	Q Exactive	SILAC heavy	NT=Carbamidomethyl; AC=4; MT=Fixed; PP=Anywhere; TA=C	NT=Oxidation; AC=35; MT=Variable; PP=Anywhere; TA=M	NT=Methyl:2H(3)13C(1); AC=329; MT=Variable; PP=Anywhere; TA=K,R	NT=Dimethyl:2H(6)13C(2); AC=330; MT=Variable; PP=Anywhere; TA=K,R	NT=Trimethyl:13C(3)2H(9); AC=1414; MT=Variable; PP=Anywhere; TA=K	NT=Label:13C(4); AC=1266; MT=Fixed; PP=Anywhere; TA=M	20ppm	339	lesSDRF v0.1.0	NT=data-dependent acquisition;AC=PRIDE:0000627	v1.1.0	NT=ms-proteomics;VV=v1.1.0
NB4_peptide_IP	Homo sapiens	Bone marrow	340	NB4	not applicable	Cancer	run340	proteomic profiling by mass spectrometry	Trypsin	HF161123_DM_NB4_hmSILAC_SGC_Hph13_monoIP.raw	WCE	20ppm	Q Exactive	SILAC light	NT=Carbamidomethyl; AC=4; MT=Fixed; PP=Anywhere; TA=C	NT=Oxidation; AC=35; MT=Variable; PP=Anywhere; TA=M	NT=Methyl; AC=34; MT=Variable; PP=Anywhere; TA=K,R	NT=Dimethyl; AC=36; MT=Variable; PP=Anywhere; TA=K,R	NT=Trimethyl; AC=37; MT=Variable; PP=Anywhere; TA=K		20ppm	340	lesSDRF v0.1.0	NT=data-dependent acquisition;AC=PRIDE:0000627	v1.1.0	NT=ms-proteomics;VV=v1.1.0
NB4_peptide_IP	Homo sapiens	Bone marrow	340	NB4	not applicable	Cancer	run340	proteomic profiling by mass spectrometry	Trypsin	HF161123_DM_NB4_hmSILAC_SGC_Hph13_monoIP.raw	WCE	20ppm	Q Exactive	SILAC heavy	NT=Carbamidomethyl; AC=4; MT=Fixed; PP=Anywhere; TA=C	NT=Oxidation; AC=35; MT=Variable; PP=Anywhere; TA=M	NT=Methyl:2H(3)13C(1); AC=329; MT=Variable; PP=Anywhere; TA=K,R	NT=Dimethyl:2H(6)13C(2); AC=330; MT=Variable; PP=Anywhere; TA=K,R	NT=Trimethyl:13C(3)2H(9); AC=1414; MT=Variable; PP=Anywhere; TA=K	NT=Label:13C(4); AC=1266; MT=Fixed; PP=Anywhere; TA=M	20ppm	340	lesSDRF v0.1.0	NT=data-dependent acquisition;AC=PRIDE:0000627	v1.1.0	NT=ms-proteomics;VV=v1.1.0
NB4_peptide_IP	Homo sapiens	Bone marrow	341	NB4	not applicable	Cancer	run341	proteomic profiling by mass spectrometry	Trypsin	HF161123_DM_NB4_hmSILAC_SGC_Hph14_asymIP.raw	WCE	20ppm	Q Exactive	SILAC light	NT=Carbamidomethyl; AC=4; MT=Fixed; PP=Anywhere; TA=C	NT=Oxidation; AC=35; MT=Variable; PP=Anywhere; TA=M	NT=Methyl; AC=34; MT=Variable; PP=Anywhere; TA=K,R	NT=Dimethyl; AC=36; MT=Variable; PP=Anywhere; TA=K,R	NT=Trimethyl; AC=37; MT=Variable; PP=Anywhere; TA=K		20ppm	341	lesSDRF v0.1.0	NT=data-dependent acquisition;AC=PRIDE:0000627	v1.1.0	NT=ms-proteomics;VV=v1.1.0
NB4_peptide_IP	Homo sapiens	Bone marrow	341	NB4	not applicable	Cancer	run341	proteomic profiling by mass spectrometry	Trypsin	HF161123_DM_NB4_hmSILAC_SGC_Hph14_asymIP.raw	WCE	20ppm	Q Exactive	SILAC heavy	NT=Carbamidomethyl; AC=4; MT=Fixed; PP=Anywhere; TA=C	NT=Oxidation; AC=35; MT=Variable; PP=Anywhere; TA=M	NT=Methyl:2H(3)13C(1); AC=329; MT=Variable; PP=Anywhere; TA=K,R	NT=Dimethyl:2H(6)13C(2); AC=330; MT=Variable; PP=Anywhere; TA=K,R	NT=Trimethyl:13C(3)2H(9); AC=1414; MT=Variable; PP=Anywhere; TA=K	NT=Label:13C(4); AC=1266; MT=Fixed; PP=Anywhere; TA=M	20ppm	341	lesSDRF v0.1.0	NT=data-dependent acquisition;AC=PRIDE:0000627	v1.1.0	NT=ms-proteomics;VV=v1.1.0
NB4_peptide_IP	Homo sapiens	Bone marrow	342	NB4	not applicable	Cancer	run342	proteomic profiling by mass spectrometry	Trypsin	HF161123_DM_NB4_hmSILAC_SGC_Hph14_monoIP.raw	WCE	20ppm	Q Exactive	SILAC light	NT=Carbamidomethyl; AC=4; MT=Fixed; PP=Anywhere; TA=C	NT=Oxidation; AC=35; MT=Variable; PP=Anywhere; TA=M	NT=Methyl; AC=34; MT=Variable; PP=Anywhere; TA=K,R	NT=Dimethyl; AC=36; MT=Variable; PP=Anywhere; TA=K,R	NT=Trimethyl; AC=37; MT=Variable; PP=Anywhere; TA=K		20ppm	342	lesSDRF v0.1.0	NT=data-dependent acquisition;AC=PRIDE:0000627	v1.1.0	NT=ms-proteomics;VV=v1.1.0
NB4_peptide_IP	Homo sapiens	Bone marrow	342	NB4	not applicable	Cancer	run342	proteomic profiling by mass spectrometry	Trypsin	HF161123_DM_NB4_hmSILAC_SGC_Hph14_monoIP.raw	WCE	20ppm	Q Exactive	SILAC heavy	NT=Carbamidomethyl; AC=4; MT=Fixed; PP=Anywhere; TA=C	NT=Oxidation; AC=35; MT=Variable; PP=Anywhere; TA=M	NT=Methyl:2H(3)13C(1); AC=329; MT=Variable; PP=Anywhere; TA=K,R	NT=Dimethyl:2H(6)13C(2); AC=330; MT=Variable; PP=Anywhere; TA=K,R	NT=Trimethyl:13C(3)2H(9); AC=1414; MT=Variable; PP=Anywhere; TA=K	NT=Label:13C(4); AC=1266; MT=Fixed; PP=Anywhere; TA=M	20ppm	342	lesSDRF v0.1.0	NT=data-dependent acquisition;AC=PRIDE:0000627	v1.1.0	NT=ms-proteomics;VV=v1.1.0
NB4_Input	Homo sapiens	Bone marrow	343	NB4	not applicable	Cancer	run343	proteomic profiling by mass spectrometry	Trypsin	HF161123_DM_NB4_hmSILAC_SGC_input1_unfractionated.raw	WCE	20ppm	Q Exactive	SILAC light	NT=Carbamidomethyl; AC=4; MT=Fixed; PP=Anywhere; TA=C	NT=Oxidation; AC=35; MT=Variable; PP=Anywhere; TA=M	NT=Methyl; AC=34; MT=Variable; PP=Anywhere; TA=K,R	NT=Dimethyl; AC=36; MT=Variable; PP=Anywhere; TA=K,R	NT=Trimethyl; AC=37; MT=Variable; PP=Anywhere; TA=K		20ppm	343	lesSDRF v0.1.0	NT=data-dependent acquisition;AC=PRIDE:0000627	v1.1.0	NT=ms-proteomics;VV=v1.1.0
NB4_Input	Homo sapiens	Bone marrow	343	NB4	not applicable	Cancer	run343	proteomic profiling by mass spectrometry	Trypsin	HF161123_DM_NB4_hmSILAC_SGC_input1_unfractionated.raw	WCE	20ppm	Q Exactive	SILAC heavy	NT=Carbamidomethyl; AC=4; MT=Fixed; PP=Anywhere; TA=C	NT=Oxidation; AC=35; MT=Variable; PP=Anywhere; TA=M	NT=Methyl:2H(3)13C(1); AC=329; MT=Variable; PP=Anywhere; TA=K,R	NT=Dimethyl:2H(6)13C(2); AC=330; MT=Variable; PP=Anywhere; TA=K,R	NT=Trimethyl:13C(3)2H(9); AC=1414; MT=Variable; PP=Anywhere; TA=K	NT=Label:13C(4); AC=1266; MT=Fixed; PP=Anywhere; TA=M	20ppm	343	lesSDRF v0.1.0	NT=data-dependent acquisition;AC=PRIDE:0000627	v1.1.0	NT=ms-proteomics;VV=v1.1.0
NB4_Input	Homo sapiens	Bone marrow	344	NB4	not applicable	Cancer	run344	proteomic profiling by mass spectrometry	Trypsin	HF161123_DM_NB4_hmSILAC_SGC_input2_unfractionated.raw	WCE	20ppm	Q Exactive	SILAC light	NT=Carbamidomethyl; AC=4; MT=Fixed; PP=Anywhere; TA=C	NT=Oxidation; AC=35; MT=Variable; PP=Anywhere; TA=M	NT=Methyl; AC=34; MT=Variable; PP=Anywhere; TA=K,R	NT=Dimethyl; AC=36; MT=Variable; PP=Anywhere; TA=K,R	NT=Trimethyl; AC=37; MT=Variable; PP=Anywhere; TA=K		20ppm	344	lesSDRF v0.1.0	NT=data-dependent acquisition;AC=PRIDE:0000627	v1.1.0	NT=ms-proteomics;VV=v1.1.0
NB4_Input	Homo sapiens	Bone marrow	344	NB4	not applicable	Cancer	run344	proteomic profiling by mass spectrometry	Trypsin	HF161123_DM_NB4_hmSILAC_SGC_input2_unfractionated.raw	WCE	20ppm	Q Exactive	SILAC heavy	NT=Carbamidomethyl; AC=4; MT=Fixed; PP=Anywhere; TA=C	NT=Oxidation; AC=35; MT=Variable; PP=Anywhere; TA=M	NT=Methyl:2H(3)13C(1); AC=329; MT=Variable; PP=Anywhere; TA=K,R	NT=Dimethyl:2H(6)13C(2); AC=330; MT=Variable; PP=Anywhere; TA=K,R	NT=Trimethyl:13C(3)2H(9); AC=1414; MT=Variable; PP=Anywhere; TA=K	NT=Label:13C(4); AC=1266; MT=Fixed; PP=Anywhere; TA=M	20ppm	344	lesSDRF v0.1.0	NT=data-dependent acquisition;AC=PRIDE:0000627	v1.1.0	NT=ms-proteomics;VV=v1.1.0
Histone samples	Homo sapiens	cervix	345	HeLa	not applicable	Cancer	run345	proteomic profiling by mass spectrometry	ArgC	HF170208_AC_h_iRTLibrary_SpKin01.raw	Nucleus (acidic extraction of histones)	20ppm	Q Exactive	SILAC light	NT=Carbamidomethyl; AC=4; MT=Fixed; PP=Anywhere; TA=C	NT=Oxidation; AC=35; MT=Variable; PP=Anywhere; TA=M	NT=Methyl; AC=34; MT=Variable; PP=Anywhere; TA=K,R	NT=Dimethyl; AC=36; MT=Variable; PP=Anywhere; TA=K,R	NT=Trimethyl; AC=37; MT=Variable; PP=Anywhere; TA=K		20ppm	345	lesSDRF v0.1.0	NT=data-dependent acquisition;AC=PRIDE:0000627	v1.1.0	NT=ms-proteomics;VV=v1.1.0
Histone samples	Homo sapiens	cervix	345	HeLa	not applicable	Cancer	run345	proteomic profiling by mass spectrometry	ArgC	HF170208_AC_h_iRTLibrary_SpKin01.raw	Nucleus (acidic extraction of histones)	20ppm	Q Exactive	SILAC heavy	NT=Carbamidomethyl; AC=4; MT=Fixed; PP=Anywhere; TA=C	NT=Oxidation; AC=35; MT=Variable; PP=Anywhere; TA=M	NT=Methyl:2H(3)13C(1); AC=329; MT=Variable; PP=Anywhere; TA=K,R	NT=Dimethyl:2H(6)13C(2); AC=330; MT=Variable; PP=Anywhere; TA=K,R	NT=Trimethyl:13C(3)2H(9); AC=1414; MT=Variable; PP=Anywhere; TA=K	NT=Label:13C(4); AC=1266; MT=Fixed; PP=Anywhere; TA=M	20ppm	345	lesSDRF v0.1.0	NT=data-dependent acquisition;AC=PRIDE:0000627	v1.1.0	NT=ms-proteomics;VV=v1.1.0
Histone samples	Homo sapiens	cervix	346	HeLa	not applicable	Cancer	run346	proteomic profiling by mass spectrometry	ArgC	HF170208_AC_h_iRTLibrary_SpKin02.raw	Nucleus (acidic extraction of histones)	20ppm	Q Exactive	SILAC light	NT=Carbamidomethyl; AC=4; MT=Fixed; PP=Anywhere; TA=C	NT=Oxidation; AC=35; MT=Variable; PP=Anywhere; TA=M	NT=Methyl; AC=34; MT=Variable; PP=Anywhere; TA=K,R	NT=Dimethyl; AC=36; MT=Variable; PP=Anywhere; TA=K,R	NT=Trimethyl; AC=37; MT=Variable; PP=Anywhere; TA=K		20ppm	346	lesSDRF v0.1.0	NT=data-dependent acquisition;AC=PRIDE:0000627	v1.1.0	NT=ms-proteomics;VV=v1.1.0
Histone samples	Homo sapiens	cervix	346	HeLa	not applicable	Cancer	run346	proteomic profiling by mass spectrometry	ArgC	HF170208_AC_h_iRTLibrary_SpKin02.raw	Nucleus (acidic extraction of histones)	20ppm	Q Exactive	SILAC heavy	NT=Carbamidomethyl; AC=4; MT=Fixed; PP=Anywhere; TA=C	NT=Oxidation; AC=35; MT=Variable; PP=Anywhere; TA=M	NT=Methyl:2H(3)13C(1); AC=329; MT=Variable; PP=Anywhere; TA=K,R	NT=Dimethyl:2H(6)13C(2); AC=330; MT=Variable; PP=Anywhere; TA=K,R	NT=Trimethyl:13C(3)2H(9); AC=1414; MT=Variable; PP=Anywhere; TA=K	NT=Label:13C(4); AC=1266; MT=Fixed; PP=Anywhere; TA=M	20ppm	346	lesSDRF v0.1.0	NT=data-dependent acquisition;AC=PRIDE:0000627	v1.1.0	NT=ms-proteomics;VV=v1.1.0
Histone samples	Homo sapiens	cervix	347	HeLa	not applicable	Cancer	run347	proteomic profiling by mass spectrometry	ArgC	HF170208_AC_h_iRTLibrary_SpKin03.raw	Nucleus (acidic extraction of histones)	20ppm	Q Exactive	SILAC light	NT=Carbamidomethyl; AC=4; MT=Fixed; PP=Anywhere; TA=C	NT=Oxidation; AC=35; MT=Variable; PP=Anywhere; TA=M	NT=Methyl; AC=34; MT=Variable; PP=Anywhere; TA=K,R	NT=Dimethyl; AC=36; MT=Variable; PP=Anywhere; TA=K,R	NT=Trimethyl; AC=37; MT=Variable; PP=Anywhere; TA=K		20ppm	347	lesSDRF v0.1.0	NT=data-dependent acquisition;AC=PRIDE:0000627	v1.1.0	NT=ms-proteomics;VV=v1.1.0
Histone samples	Homo sapiens	cervix	347	HeLa	not applicable	Cancer	run347	proteomic profiling by mass spectrometry	ArgC	HF170208_AC_h_iRTLibrary_SpKin03.raw	Nucleus (acidic extraction of histones)	20ppm	Q Exactive	SILAC heavy	NT=Carbamidomethyl; AC=4; MT=Fixed; PP=Anywhere; TA=C	NT=Oxidation; AC=35; MT=Variable; PP=Anywhere; TA=M	NT=Methyl:2H(3)13C(1); AC=329; MT=Variable; PP=Anywhere; TA=K,R	NT=Dimethyl:2H(6)13C(2); AC=330; MT=Variable; PP=Anywhere; TA=K,R	NT=Trimethyl:13C(3)2H(9); AC=1414; MT=Variable; PP=Anywhere; TA=K	NT=Label:13C(4); AC=1266; MT=Fixed; PP=Anywhere; TA=M	20ppm	347	lesSDRF v0.1.0	NT=data-dependent acquisition;AC=PRIDE:0000627	v1.1.0	NT=ms-proteomics;VV=v1.1.0
Histone samples	Homo sapiens	cervix	348	HeLa	not applicable	Cancer	run348	proteomic profiling by mass spectrometry	ArgC	HF170208_AC_h_iRTLibrary01.raw	Nucleus (acidic extraction of histones)	20ppm	Q Exactive	SILAC light	NT=Carbamidomethyl; AC=4; MT=Fixed; PP=Anywhere; TA=C	NT=Oxidation; AC=35; MT=Variable; PP=Anywhere; TA=M	NT=Methyl; AC=34; MT=Variable; PP=Anywhere; TA=K,R	NT=Dimethyl; AC=36; MT=Variable; PP=Anywhere; TA=K,R	NT=Trimethyl; AC=37; MT=Variable; PP=Anywhere; TA=K		20ppm	348	lesSDRF v0.1.0	NT=data-dependent acquisition;AC=PRIDE:0000627	v1.1.0	NT=ms-proteomics;VV=v1.1.0
Histone samples	Homo sapiens	cervix	348	HeLa	not applicable	Cancer	run348	proteomic profiling by mass spectrometry	ArgC	HF170208_AC_h_iRTLibrary01.raw	Nucleus (acidic extraction of histones)	20ppm	Q Exactive	SILAC heavy	NT=Carbamidomethyl; AC=4; MT=Fixed; PP=Anywhere; TA=C	NT=Oxidation; AC=35; MT=Variable; PP=Anywhere; TA=M	NT=Methyl:2H(3)13C(1); AC=329; MT=Variable; PP=Anywhere; TA=K,R	NT=Dimethyl:2H(6)13C(2); AC=330; MT=Variable; PP=Anywhere; TA=K,R	NT=Trimethyl:13C(3)2H(9); AC=1414; MT=Variable; PP=Anywhere; TA=K	NT=Label:13C(4); AC=1266; MT=Fixed; PP=Anywhere; TA=M	20ppm	348	lesSDRF v0.1.0	NT=data-dependent acquisition;AC=PRIDE:0000627	v1.1.0	NT=ms-proteomics;VV=v1.1.0
Histone samples	Homo sapiens	cervix	349	HeLa	not applicable	Cancer	run349	proteomic profiling by mass spectrometry	ArgC	HF170208_AC_h_iRTLibrary02.raw	Nucleus (acidic extraction of histones)	20ppm	Q Exactive	SILAC light	NT=Carbamidomethyl; AC=4; MT=Fixed; PP=Anywhere; TA=C	NT=Oxidation; AC=35; MT=Variable; PP=Anywhere; TA=M	NT=Methyl; AC=34; MT=Variable; PP=Anywhere; TA=K,R	NT=Dimethyl; AC=36; MT=Variable; PP=Anywhere; TA=K,R	NT=Trimethyl; AC=37; MT=Variable; PP=Anywhere; TA=K		20ppm	349	lesSDRF v0.1.0	NT=data-dependent acquisition;AC=PRIDE:0000627	v1.1.0	NT=ms-proteomics;VV=v1.1.0
Histone samples	Homo sapiens	cervix	349	HeLa	not applicable	Cancer	run349	proteomic profiling by mass spectrometry	ArgC	HF170208_AC_h_iRTLibrary02.raw	Nucleus (acidic extraction of histones)	20ppm	Q Exactive	SILAC heavy	NT=Carbamidomethyl; AC=4; MT=Fixed; PP=Anywhere; TA=C	NT=Oxidation; AC=35; MT=Variable; PP=Anywhere; TA=M	NT=Methyl:2H(3)13C(1); AC=329; MT=Variable; PP=Anywhere; TA=K,R	NT=Dimethyl:2H(6)13C(2); AC=330; MT=Variable; PP=Anywhere; TA=K,R	NT=Trimethyl:13C(3)2H(9); AC=1414; MT=Variable; PP=Anywhere; TA=K	NT=Label:13C(4); AC=1266; MT=Fixed; PP=Anywhere; TA=M	20ppm	349	lesSDRF v0.1.0	NT=data-dependent acquisition;AC=PRIDE:0000627	v1.1.0	NT=ms-proteomics;VV=v1.1.0
Histone samples	Homo sapiens	cervix	350	HeLa	not applicable	Cancer	run350	proteomic profiling by mass spectrometry	ArgC	HF170208_AC_h_iRTLibrary03.raw	Nucleus (acidic extraction of histones)	20ppm	Q Exactive	SILAC light	NT=Carbamidomethyl; AC=4; MT=Fixed; PP=Anywhere; TA=C	NT=Oxidation; AC=35; MT=Variable; PP=Anywhere; TA=M	NT=Methyl; AC=34; MT=Variable; PP=Anywhere; TA=K,R	NT=Dimethyl; AC=36; MT=Variable; PP=Anywhere; TA=K,R	NT=Trimethyl; AC=37; MT=Variable; PP=Anywhere; TA=K		20ppm	350	lesSDRF v0.1.0	NT=data-dependent acquisition;AC=PRIDE:0000627	v1.1.0	NT=ms-proteomics;VV=v1.1.0
Histone samples	Homo sapiens	cervix	350	HeLa	not applicable	Cancer	run350	proteomic profiling by mass spectrometry	ArgC	HF170208_AC_h_iRTLibrary03.raw	Nucleus (acidic extraction of histones)	20ppm	Q Exactive	SILAC heavy	NT=Carbamidomethyl; AC=4; MT=Fixed; PP=Anywhere; TA=C	NT=Oxidation; AC=35; MT=Variable; PP=Anywhere; TA=M	NT=Methyl:2H(3)13C(1); AC=329; MT=Variable; PP=Anywhere; TA=K,R	NT=Dimethyl:2H(6)13C(2); AC=330; MT=Variable; PP=Anywhere; TA=K,R	NT=Trimethyl:13C(3)2H(9); AC=1414; MT=Variable; PP=Anywhere; TA=K	NT=Label:13C(4); AC=1266; MT=Fixed; PP=Anywhere; TA=M	20ppm	350	lesSDRF v0.1.0	NT=data-dependent acquisition;AC=PRIDE:0000627	v1.1.0	NT=ms-proteomics;VV=v1.1.0
Histone samples	Homo sapiens	cervix	351	HeLa	not applicable	Cancer	run351	proteomic profiling by mass spectrometry	ArgC	HF170208_AC_h_iRTLibrary04.raw	Nucleus (acidic extraction of histones)	20ppm	Q Exactive	SILAC light	NT=Carbamidomethyl; AC=4; MT=Fixed; PP=Anywhere; TA=C	NT=Oxidation; AC=35; MT=Variable; PP=Anywhere; TA=M	NT=Methyl; AC=34; MT=Variable; PP=Anywhere; TA=K,R	NT=Dimethyl; AC=36; MT=Variable; PP=Anywhere; TA=K,R	NT=Trimethyl; AC=37; MT=Variable; PP=Anywhere; TA=K		20ppm	351	lesSDRF v0.1.0	NT=data-dependent acquisition;AC=PRIDE:0000627	v1.1.0	NT=ms-proteomics;VV=v1.1.0
Histone samples	Homo sapiens	cervix	351	HeLa	not applicable	Cancer	run351	proteomic profiling by mass spectrometry	ArgC	HF170208_AC_h_iRTLibrary04.raw	Nucleus (acidic extraction of histones)	20ppm	Q Exactive	SILAC heavy	NT=Carbamidomethyl; AC=4; MT=Fixed; PP=Anywhere; TA=C	NT=Oxidation; AC=35; MT=Variable; PP=Anywhere; TA=M	NT=Methyl:2H(3)13C(1); AC=329; MT=Variable; PP=Anywhere; TA=K,R	NT=Dimethyl:2H(6)13C(2); AC=330; MT=Variable; PP=Anywhere; TA=K,R	NT=Trimethyl:13C(3)2H(9); AC=1414; MT=Variable; PP=Anywhere; TA=K	NT=Label:13C(4); AC=1266; MT=Fixed; PP=Anywhere; TA=M	20ppm	351	lesSDRF v0.1.0	NT=data-dependent acquisition;AC=PRIDE:0000627	v1.1.0	NT=ms-proteomics;VV=v1.1.0
Histone samples	Homo sapiens	cervix	352	HeLa	not applicable	Cancer	run352	proteomic profiling by mass spectrometry	ArgC	HF170208_AC_h_iRTLibrary05.raw	Nucleus (acidic extraction of histones)	20ppm	Q Exactive	SILAC light	NT=Carbamidomethyl; AC=4; MT=Fixed; PP=Anywhere; TA=C	NT=Oxidation; AC=35; MT=Variable; PP=Anywhere; TA=M	NT=Methyl; AC=34; MT=Variable; PP=Anywhere; TA=K,R	NT=Dimethyl; AC=36; MT=Variable; PP=Anywhere; TA=K,R	NT=Trimethyl; AC=37; MT=Variable; PP=Anywhere; TA=K		20ppm	352	lesSDRF v0.1.0	NT=data-dependent acquisition;AC=PRIDE:0000627	v1.1.0	NT=ms-proteomics;VV=v1.1.0
Histone samples	Homo sapiens	cervix	352	HeLa	not applicable	Cancer	run352	proteomic profiling by mass spectrometry	ArgC	HF170208_AC_h_iRTLibrary05.raw	Nucleus (acidic extraction of histones)	20ppm	Q Exactive	SILAC heavy	NT=Carbamidomethyl; AC=4; MT=Fixed; PP=Anywhere; TA=C	NT=Oxidation; AC=35; MT=Variable; PP=Anywhere; TA=M	NT=Methyl:2H(3)13C(1); AC=329; MT=Variable; PP=Anywhere; TA=K,R	NT=Dimethyl:2H(6)13C(2); AC=330; MT=Variable; PP=Anywhere; TA=K,R	NT=Trimethyl:13C(3)2H(9); AC=1414; MT=Variable; PP=Anywhere; TA=K	NT=Label:13C(4); AC=1266; MT=Fixed; PP=Anywhere; TA=M	20ppm	352	lesSDRF v0.1.0	NT=data-dependent acquisition;AC=PRIDE:0000627	v1.1.0	NT=ms-proteomics;VV=v1.1.0
NB4_lysarginase_peptide_IP	Homo sapiens	Bone marrow	353	NB4	not applicable	Cancer	run353	proteomic profiling by mass spectrometry	LysArgiNase	HF170209_DM_KRase_hmSILAC_SGC_NB4_pepIP_frazionato_asym1.raw	WCE	20ppm	Q Exactive	SILAC light	NT=Carbamidomethyl; AC=4; MT=Fixed; PP=Anywhere; TA=C	NT=Oxidation; AC=35; MT=Variable; PP=Anywhere; TA=M	NT=Methyl; AC=34; MT=Variable; PP=Anywhere; TA=K,R	NT=Dimethyl; AC=36; MT=Variable; PP=Anywhere; TA=K,R	NT=Trimethyl; AC=37; MT=Variable; PP=Anywhere; TA=K		20ppm	353	lesSDRF v0.1.0	NT=data-dependent acquisition;AC=PRIDE:0000627	v1.1.0	NT=ms-proteomics;VV=v1.1.0
NB4_lysarginase_peptide_IP	Homo sapiens	Bone marrow	353	NB4	not applicable	Cancer	run353	proteomic profiling by mass spectrometry	LysArgiNase	HF170209_DM_KRase_hmSILAC_SGC_NB4_pepIP_frazionato_asym1.raw	WCE	20ppm	Q Exactive	SILAC heavy	NT=Carbamidomethyl; AC=4; MT=Fixed; PP=Anywhere; TA=C	NT=Oxidation; AC=35; MT=Variable; PP=Anywhere; TA=M	NT=Methyl:2H(3)13C(1); AC=329; MT=Variable; PP=Anywhere; TA=K,R	NT=Dimethyl:2H(6)13C(2); AC=330; MT=Variable; PP=Anywhere; TA=K,R	NT=Trimethyl:13C(3)2H(9); AC=1414; MT=Variable; PP=Anywhere; TA=K	NT=Label:13C(4); AC=1266; MT=Fixed; PP=Anywhere; TA=M	20ppm	353	lesSDRF v0.1.0	NT=data-dependent acquisition;AC=PRIDE:0000627	v1.1.0	NT=ms-proteomics;VV=v1.1.0
NB4_lysarginase_peptide_IP	Homo sapiens	Bone marrow	354	NB4	not applicable	Cancer	run354	proteomic profiling by mass spectrometry	LysArgiNase	HF170209_DM_KRase_hmSILAC_SGC_NB4_pepIP_frazionato_asym2.raw	WCE	20ppm	Q Exactive	SILAC light	NT=Carbamidomethyl; AC=4; MT=Fixed; PP=Anywhere; TA=C	NT=Oxidation; AC=35; MT=Variable; PP=Anywhere; TA=M	NT=Methyl; AC=34; MT=Variable; PP=Anywhere; TA=K,R	NT=Dimethyl; AC=36; MT=Variable; PP=Anywhere; TA=K,R	NT=Trimethyl; AC=37; MT=Variable; PP=Anywhere; TA=K		20ppm	354	lesSDRF v0.1.0	NT=data-dependent acquisition;AC=PRIDE:0000627	v1.1.0	NT=ms-proteomics;VV=v1.1.0
NB4_lysarginase_peptide_IP	Homo sapiens	Bone marrow	354	NB4	not applicable	Cancer	run354	proteomic profiling by mass spectrometry	LysArgiNase	HF170209_DM_KRase_hmSILAC_SGC_NB4_pepIP_frazionato_asym2.raw	WCE	20ppm	Q Exactive	SILAC heavy	NT=Carbamidomethyl; AC=4; MT=Fixed; PP=Anywhere; TA=C	NT=Oxidation; AC=35; MT=Variable; PP=Anywhere; TA=M	NT=Methyl:2H(3)13C(1); AC=329; MT=Variable; PP=Anywhere; TA=K,R	NT=Dimethyl:2H(6)13C(2); AC=330; MT=Variable; PP=Anywhere; TA=K,R	NT=Trimethyl:13C(3)2H(9); AC=1414; MT=Variable; PP=Anywhere; TA=K	NT=Label:13C(4); AC=1266; MT=Fixed; PP=Anywhere; TA=M	20ppm	354	lesSDRF v0.1.0	NT=data-dependent acquisition;AC=PRIDE:0000627	v1.1.0	NT=ms-proteomics;VV=v1.1.0
NB4_lysarginase_peptide_IP	Homo sapiens	Bone marrow	355	NB4	not applicable	Cancer	run355	proteomic profiling by mass spectrometry	LysArgiNase	HF170209_DM_KRase_hmSILAC_SGC_NB4_pepIP_frazionato_asym3.raw	WCE	20ppm	Q Exactive	SILAC light	NT=Carbamidomethyl; AC=4; MT=Fixed; PP=Anywhere; TA=C	NT=Oxidation; AC=35; MT=Variable; PP=Anywhere; TA=M	NT=Methyl; AC=34; MT=Variable; PP=Anywhere; TA=K,R	NT=Dimethyl; AC=36; MT=Variable; PP=Anywhere; TA=K,R	NT=Trimethyl; AC=37; MT=Variable; PP=Anywhere; TA=K		20ppm	355	lesSDRF v0.1.0	NT=data-dependent acquisition;AC=PRIDE:0000627	v1.1.0	NT=ms-proteomics;VV=v1.1.0
NB4_lysarginase_peptide_IP	Homo sapiens	Bone marrow	355	NB4	not applicable	Cancer	run355	proteomic profiling by mass spectrometry	LysArgiNase	HF170209_DM_KRase_hmSILAC_SGC_NB4_pepIP_frazionato_asym3.raw	WCE	20ppm	Q Exactive	SILAC heavy	NT=Carbamidomethyl; AC=4; MT=Fixed; PP=Anywhere; TA=C	NT=Oxidation; AC=35; MT=Variable; PP=Anywhere; TA=M	NT=Methyl:2H(3)13C(1); AC=329; MT=Variable; PP=Anywhere; TA=K,R	NT=Dimethyl:2H(6)13C(2); AC=330; MT=Variable; PP=Anywhere; TA=K,R	NT=Trimethyl:13C(3)2H(9); AC=1414; MT=Variable; PP=Anywhere; TA=K	NT=Label:13C(4); AC=1266; MT=Fixed; PP=Anywhere; TA=M	20ppm	355	lesSDRF v0.1.0	NT=data-dependent acquisition;AC=PRIDE:0000627	v1.1.0	NT=ms-proteomics;VV=v1.1.0
NB4_lysarginase_peptide_IP	Homo sapiens	Bone marrow	356	NB4	not applicable	Cancer	run356	proteomic profiling by mass spectrometry	LysArgiNase	HF170209_DM_KRase_hmSILAC_SGC_NB4_pepIP_frazionato_asym4.raw	WCE	20ppm	Q Exactive	SILAC light	NT=Carbamidomethyl; AC=4; MT=Fixed; PP=Anywhere; TA=C	NT=Oxidation; AC=35; MT=Variable; PP=Anywhere; TA=M	NT=Methyl; AC=34; MT=Variable; PP=Anywhere; TA=K,R	NT=Dimethyl; AC=36; MT=Variable; PP=Anywhere; TA=K,R	NT=Trimethyl; AC=37; MT=Variable; PP=Anywhere; TA=K		20ppm	356	lesSDRF v0.1.0	NT=data-dependent acquisition;AC=PRIDE:0000627	v1.1.0	NT=ms-proteomics;VV=v1.1.0
NB4_lysarginase_peptide_IP	Homo sapiens	Bone marrow	356	NB4	not applicable	Cancer	run356	proteomic profiling by mass spectrometry	LysArgiNase	HF170209_DM_KRase_hmSILAC_SGC_NB4_pepIP_frazionato_asym4.raw	WCE	20ppm	Q Exactive	SILAC heavy	NT=Carbamidomethyl; AC=4; MT=Fixed; PP=Anywhere; TA=C	NT=Oxidation; AC=35; MT=Variable; PP=Anywhere; TA=M	NT=Methyl:2H(3)13C(1); AC=329; MT=Variable; PP=Anywhere; TA=K,R	NT=Dimethyl:2H(6)13C(2); AC=330; MT=Variable; PP=Anywhere; TA=K,R	NT=Trimethyl:13C(3)2H(9); AC=1414; MT=Variable; PP=Anywhere; TA=K	NT=Label:13C(4); AC=1266; MT=Fixed; PP=Anywhere; TA=M	20ppm	356	lesSDRF v0.1.0	NT=data-dependent acquisition;AC=PRIDE:0000627	v1.1.0	NT=ms-proteomics;VV=v1.1.0
NB4_lysarginase_peptide_IP	Homo sapiens	Bone marrow	357	NB4	not applicable	Cancer	run357	proteomic profiling by mass spectrometry	LysArgiNase	HF170220_DM_SGC_hmSILAC_NB4_pepIP_fractionated_KRase_asym_0506.raw	WCE	20ppm	Q Exactive	SILAC light	NT=Carbamidomethyl; AC=4; MT=Fixed; PP=Anywhere; TA=C	NT=Oxidation; AC=35; MT=Variable; PP=Anywhere; TA=M	NT=Methyl; AC=34; MT=Variable; PP=Anywhere; TA=K,R	NT=Dimethyl; AC=36; MT=Variable; PP=Anywhere; TA=K,R	NT=Trimethyl; AC=37; MT=Variable; PP=Anywhere; TA=K		20ppm	357	lesSDRF v0.1.0	NT=data-dependent acquisition;AC=PRIDE:0000627	v1.1.0	NT=ms-proteomics;VV=v1.1.0
NB4_lysarginase_peptide_IP	Homo sapiens	Bone marrow	357	NB4	not applicable	Cancer	run357	proteomic profiling by mass spectrometry	LysArgiNase	HF170220_DM_SGC_hmSILAC_NB4_pepIP_fractionated_KRase_asym_0506.raw	WCE	20ppm	Q Exactive	SILAC heavy	NT=Carbamidomethyl; AC=4; MT=Fixed; PP=Anywhere; TA=C	NT=Oxidation; AC=35; MT=Variable; PP=Anywhere; TA=M	NT=Methyl:2H(3)13C(1); AC=329; MT=Variable; PP=Anywhere; TA=K,R	NT=Dimethyl:2H(6)13C(2); AC=330; MT=Variable; PP=Anywhere; TA=K,R	NT=Trimethyl:13C(3)2H(9); AC=1414; MT=Variable; PP=Anywhere; TA=K	NT=Label:13C(4); AC=1266; MT=Fixed; PP=Anywhere; TA=M	20ppm	357	lesSDRF v0.1.0	NT=data-dependent acquisition;AC=PRIDE:0000627	v1.1.0	NT=ms-proteomics;VV=v1.1.0
NB4_lysarginase_peptide_IP	Homo sapiens	Bone marrow	358	NB4	not applicable	Cancer	run358	proteomic profiling by mass spectrometry	LysArgiNase	HF170220_DM_SGC_hmSILAC_NB4_pepIP_fractionated_KRase_asym_07.raw	WCE	20ppm	Q Exactive	SILAC light	NT=Carbamidomethyl; AC=4; MT=Fixed; PP=Anywhere; TA=C	NT=Oxidation; AC=35; MT=Variable; PP=Anywhere; TA=M	NT=Methyl; AC=34; MT=Variable; PP=Anywhere; TA=K,R	NT=Dimethyl; AC=36; MT=Variable; PP=Anywhere; TA=K,R	NT=Trimethyl; AC=37; MT=Variable; PP=Anywhere; TA=K		20ppm	358	lesSDRF v0.1.0	NT=data-dependent acquisition;AC=PRIDE:0000627	v1.1.0	NT=ms-proteomics;VV=v1.1.0
NB4_lysarginase_peptide_IP	Homo sapiens	Bone marrow	358	NB4	not applicable	Cancer	run358	proteomic profiling by mass spectrometry	LysArgiNase	HF170220_DM_SGC_hmSILAC_NB4_pepIP_fractionated_KRase_asym_07.raw	WCE	20ppm	Q Exactive	SILAC heavy	NT=Carbamidomethyl; AC=4; MT=Fixed; PP=Anywhere; TA=C	NT=Oxidation; AC=35; MT=Variable; PP=Anywhere; TA=M	NT=Methyl:2H(3)13C(1); AC=329; MT=Variable; PP=Anywhere; TA=K,R	NT=Dimethyl:2H(6)13C(2); AC=330; MT=Variable; PP=Anywhere; TA=K,R	NT=Trimethyl:13C(3)2H(9); AC=1414; MT=Variable; PP=Anywhere; TA=K	NT=Label:13C(4); AC=1266; MT=Fixed; PP=Anywhere; TA=M	20ppm	358	lesSDRF v0.1.0	NT=data-dependent acquisition;AC=PRIDE:0000627	v1.1.0	NT=ms-proteomics;VV=v1.1.0
NB4_lysarginase_peptide_IP	Homo sapiens	Bone marrow	359	NB4	not applicable	Cancer	run359	proteomic profiling by mass spectrometry	LysArgiNase	HF170220_DM_SGC_hmSILAC_NB4_pepIP_fractionated_KRase_asym_08.raw	WCE	20ppm	Q Exactive	SILAC light	NT=Carbamidomethyl; AC=4; MT=Fixed; PP=Anywhere; TA=C	NT=Oxidation; AC=35; MT=Variable; PP=Anywhere; TA=M	NT=Methyl; AC=34; MT=Variable; PP=Anywhere; TA=K,R	NT=Dimethyl; AC=36; MT=Variable; PP=Anywhere; TA=K,R	NT=Trimethyl; AC=37; MT=Variable; PP=Anywhere; TA=K		20ppm	359	lesSDRF v0.1.0	NT=data-dependent acquisition;AC=PRIDE:0000627	v1.1.0	NT=ms-proteomics;VV=v1.1.0
NB4_lysarginase_peptide_IP	Homo sapiens	Bone marrow	359	NB4	not applicable	Cancer	run359	proteomic profiling by mass spectrometry	LysArgiNase	HF170220_DM_SGC_hmSILAC_NB4_pepIP_fractionated_KRase_asym_08.raw	WCE	20ppm	Q Exactive	SILAC heavy	NT=Carbamidomethyl; AC=4; MT=Fixed; PP=Anywhere; TA=C	NT=Oxidation; AC=35; MT=Variable; PP=Anywhere; TA=M	NT=Methyl:2H(3)13C(1); AC=329; MT=Variable; PP=Anywhere; TA=K,R	NT=Dimethyl:2H(6)13C(2); AC=330; MT=Variable; PP=Anywhere; TA=K,R	NT=Trimethyl:13C(3)2H(9); AC=1414; MT=Variable; PP=Anywhere; TA=K	NT=Label:13C(4); AC=1266; MT=Fixed; PP=Anywhere; TA=M	20ppm	359	lesSDRF v0.1.0	NT=data-dependent acquisition;AC=PRIDE:0000627	v1.1.0	NT=ms-proteomics;VV=v1.1.0
NB4_lysarginase_peptide_IP	Homo sapiens	Bone marrow	360	NB4	not applicable	Cancer	run360	proteomic profiling by mass spectrometry	LysArgiNase	HF170220_DM_SGC_hmSILAC_NB4_pepIP_fractionated_KRase_asym_09.raw	WCE	20ppm	Q Exactive	SILAC light	NT=Carbamidomethyl; AC=4; MT=Fixed; PP=Anywhere; TA=C	NT=Oxidation; AC=35; MT=Variable; PP=Anywhere; TA=M	NT=Methyl; AC=34; MT=Variable; PP=Anywhere; TA=K,R	NT=Dimethyl; AC=36; MT=Variable; PP=Anywhere; TA=K,R	NT=Trimethyl; AC=37; MT=Variable; PP=Anywhere; TA=K		20ppm	360	lesSDRF v0.1.0	NT=data-dependent acquisition;AC=PRIDE:0000627	v1.1.0	NT=ms-proteomics;VV=v1.1.0
NB4_lysarginase_peptide_IP	Homo sapiens	Bone marrow	360	NB4	not applicable	Cancer	run360	proteomic profiling by mass spectrometry	LysArgiNase	HF170220_DM_SGC_hmSILAC_NB4_pepIP_fractionated_KRase_asym_09.raw	WCE	20ppm	Q Exactive	SILAC heavy	NT=Carbamidomethyl; AC=4; MT=Fixed; PP=Anywhere; TA=C	NT=Oxidation; AC=35; MT=Variable; PP=Anywhere; TA=M	NT=Methyl:2H(3)13C(1); AC=329; MT=Variable; PP=Anywhere; TA=K,R	NT=Dimethyl:2H(6)13C(2); AC=330; MT=Variable; PP=Anywhere; TA=K,R	NT=Trimethyl:13C(3)2H(9); AC=1414; MT=Variable; PP=Anywhere; TA=K	NT=Label:13C(4); AC=1266; MT=Fixed; PP=Anywhere; TA=M	20ppm	360	lesSDRF v0.1.0	NT=data-dependent acquisition;AC=PRIDE:0000627	v1.1.0	NT=ms-proteomics;VV=v1.1.0
NB4_lysarginase_peptide_IP	Homo sapiens	Bone marrow	361	NB4	not applicable	Cancer	run361	proteomic profiling by mass spectrometry	LysArgiNase	HF170220_DM_SGC_hmSILAC_NB4_pepIP_fractionated_KRase_asym_10.raw	WCE	20ppm	Q Exactive	SILAC light	NT=Carbamidomethyl; AC=4; MT=Fixed; PP=Anywhere; TA=C	NT=Oxidation; AC=35; MT=Variable; PP=Anywhere; TA=M	NT=Methyl; AC=34; MT=Variable; PP=Anywhere; TA=K,R	NT=Dimethyl; AC=36; MT=Variable; PP=Anywhere; TA=K,R	NT=Trimethyl; AC=37; MT=Variable; PP=Anywhere; TA=K		20ppm	361	lesSDRF v0.1.0	NT=data-dependent acquisition;AC=PRIDE:0000627	v1.1.0	NT=ms-proteomics;VV=v1.1.0
NB4_lysarginase_peptide_IP	Homo sapiens	Bone marrow	361	NB4	not applicable	Cancer	run361	proteomic profiling by mass spectrometry	LysArgiNase	HF170220_DM_SGC_hmSILAC_NB4_pepIP_fractionated_KRase_asym_10.raw	WCE	20ppm	Q Exactive	SILAC heavy	NT=Carbamidomethyl; AC=4; MT=Fixed; PP=Anywhere; TA=C	NT=Oxidation; AC=35; MT=Variable; PP=Anywhere; TA=M	NT=Methyl:2H(3)13C(1); AC=329; MT=Variable; PP=Anywhere; TA=K,R	NT=Dimethyl:2H(6)13C(2); AC=330; MT=Variable; PP=Anywhere; TA=K,R	NT=Trimethyl:13C(3)2H(9); AC=1414; MT=Variable; PP=Anywhere; TA=K	NT=Label:13C(4); AC=1266; MT=Fixed; PP=Anywhere; TA=M	20ppm	361	lesSDRF v0.1.0	NT=data-dependent acquisition;AC=PRIDE:0000627	v1.1.0	NT=ms-proteomics;VV=v1.1.0
NB4_lysarginase_peptide_IP	Homo sapiens	Bone marrow	362	NB4	not applicable	Cancer	run362	proteomic profiling by mass spectrometry	LysArgiNase	HF170220_DM_SGC_hmSILAC_NB4_pepIP_fractionated_KRase_asym_11.raw	WCE	20ppm	Q Exactive	SILAC light	NT=Carbamidomethyl; AC=4; MT=Fixed; PP=Anywhere; TA=C	NT=Oxidation; AC=35; MT=Variable; PP=Anywhere; TA=M	NT=Methyl; AC=34; MT=Variable; PP=Anywhere; TA=K,R	NT=Dimethyl; AC=36; MT=Variable; PP=Anywhere; TA=K,R	NT=Trimethyl; AC=37; MT=Variable; PP=Anywhere; TA=K		20ppm	362	lesSDRF v0.1.0	NT=data-dependent acquisition;AC=PRIDE:0000627	v1.1.0	NT=ms-proteomics;VV=v1.1.0
NB4_lysarginase_peptide_IP	Homo sapiens	Bone marrow	362	NB4	not applicable	Cancer	run362	proteomic profiling by mass spectrometry	LysArgiNase	HF170220_DM_SGC_hmSILAC_NB4_pepIP_fractionated_KRase_asym_11.raw	WCE	20ppm	Q Exactive	SILAC heavy	NT=Carbamidomethyl; AC=4; MT=Fixed; PP=Anywhere; TA=C	NT=Oxidation; AC=35; MT=Variable; PP=Anywhere; TA=M	NT=Methyl:2H(3)13C(1); AC=329; MT=Variable; PP=Anywhere; TA=K,R	NT=Dimethyl:2H(6)13C(2); AC=330; MT=Variable; PP=Anywhere; TA=K,R	NT=Trimethyl:13C(3)2H(9); AC=1414; MT=Variable; PP=Anywhere; TA=K	NT=Label:13C(4); AC=1266; MT=Fixed; PP=Anywhere; TA=M	20ppm	362	lesSDRF v0.1.0	NT=data-dependent acquisition;AC=PRIDE:0000627	v1.1.0	NT=ms-proteomics;VV=v1.1.0
NB4_lysarginase_peptide_IP	Homo sapiens	Bone marrow	363	NB4	not applicable	Cancer	run363	proteomic profiling by mass spectrometry	LysArgiNase	HF170220_DM_SGC_hmSILAC_NB4_pepIP_fractionated_KRase_asym_12.raw	WCE	20ppm	Q Exactive	SILAC light	NT=Carbamidomethyl; AC=4; MT=Fixed; PP=Anywhere; TA=C	NT=Oxidation; AC=35; MT=Variable; PP=Anywhere; TA=M	NT=Methyl; AC=34; MT=Variable; PP=Anywhere; TA=K,R	NT=Dimethyl; AC=36; MT=Variable; PP=Anywhere; TA=K,R	NT=Trimethyl; AC=37; MT=Variable; PP=Anywhere; TA=K		20ppm	363	lesSDRF v0.1.0	NT=data-dependent acquisition;AC=PRIDE:0000627	v1.1.0	NT=ms-proteomics;VV=v1.1.0
NB4_lysarginase_peptide_IP	Homo sapiens	Bone marrow	363	NB4	not applicable	Cancer	run363	proteomic profiling by mass spectrometry	LysArgiNase	HF170220_DM_SGC_hmSILAC_NB4_pepIP_fractionated_KRase_asym_12.raw	WCE	20ppm	Q Exactive	SILAC heavy	NT=Carbamidomethyl; AC=4; MT=Fixed; PP=Anywhere; TA=C	NT=Oxidation; AC=35; MT=Variable; PP=Anywhere; TA=M	NT=Methyl:2H(3)13C(1); AC=329; MT=Variable; PP=Anywhere; TA=K,R	NT=Dimethyl:2H(6)13C(2); AC=330; MT=Variable; PP=Anywhere; TA=K,R	NT=Trimethyl:13C(3)2H(9); AC=1414; MT=Variable; PP=Anywhere; TA=K	NT=Label:13C(4); AC=1266; MT=Fixed; PP=Anywhere; TA=M	20ppm	363	lesSDRF v0.1.0	NT=data-dependent acquisition;AC=PRIDE:0000627	v1.1.0	NT=ms-proteomics;VV=v1.1.0
NB4_lysarginase_peptide_IP	Homo sapiens	Bone marrow	364	NB4	not applicable	Cancer	run364	proteomic profiling by mass spectrometry	LysArgiNase	HF170220_DM_SGC_hmSILAC_NB4_pepIP_fractionated_KRase_asym_13.raw	WCE	20ppm	Q Exactive	SILAC light	NT=Carbamidomethyl; AC=4; MT=Fixed; PP=Anywhere; TA=C	NT=Oxidation; AC=35; MT=Variable; PP=Anywhere; TA=M	NT=Methyl; AC=34; MT=Variable; PP=Anywhere; TA=K,R	NT=Dimethyl; AC=36; MT=Variable; PP=Anywhere; TA=K,R	NT=Trimethyl; AC=37; MT=Variable; PP=Anywhere; TA=K		20ppm	364	lesSDRF v0.1.0	NT=data-dependent acquisition;AC=PRIDE:0000627	v1.1.0	NT=ms-proteomics;VV=v1.1.0
NB4_lysarginase_peptide_IP	Homo sapiens	Bone marrow	364	NB4	not applicable	Cancer	run364	proteomic profiling by mass spectrometry	LysArgiNase	HF170220_DM_SGC_hmSILAC_NB4_pepIP_fractionated_KRase_asym_13.raw	WCE	20ppm	Q Exactive	SILAC heavy	NT=Carbamidomethyl; AC=4; MT=Fixed; PP=Anywhere; TA=C	NT=Oxidation; AC=35; MT=Variable; PP=Anywhere; TA=M	NT=Methyl:2H(3)13C(1); AC=329; MT=Variable; PP=Anywhere; TA=K,R	NT=Dimethyl:2H(6)13C(2); AC=330; MT=Variable; PP=Anywhere; TA=K,R	NT=Trimethyl:13C(3)2H(9); AC=1414; MT=Variable; PP=Anywhere; TA=K	NT=Label:13C(4); AC=1266; MT=Fixed; PP=Anywhere; TA=M	20ppm	364	lesSDRF v0.1.0	NT=data-dependent acquisition;AC=PRIDE:0000627	v1.1.0	NT=ms-proteomics;VV=v1.1.0
NB4_lysarginase_peptide_IP	Homo sapiens	Bone marrow	365	NB4	not applicable	Cancer	run365	proteomic profiling by mass spectrometry	LysArgiNase	HF170220_DM_SGC_hmSILAC_NB4_pepIP_fractionated_KRase_asym_14.raw	WCE	20ppm	Q Exactive	SILAC light	NT=Carbamidomethyl; AC=4; MT=Fixed; PP=Anywhere; TA=C	NT=Oxidation; AC=35; MT=Variable; PP=Anywhere; TA=M	NT=Methyl; AC=34; MT=Variable; PP=Anywhere; TA=K,R	NT=Dimethyl; AC=36; MT=Variable; PP=Anywhere; TA=K,R	NT=Trimethyl; AC=37; MT=Variable; PP=Anywhere; TA=K		20ppm	365	lesSDRF v0.1.0	NT=data-dependent acquisition;AC=PRIDE:0000627	v1.1.0	NT=ms-proteomics;VV=v1.1.0
NB4_lysarginase_peptide_IP	Homo sapiens	Bone marrow	365	NB4	not applicable	Cancer	run365	proteomic profiling by mass spectrometry	LysArgiNase	HF170220_DM_SGC_hmSILAC_NB4_pepIP_fractionated_KRase_asym_14.raw	WCE	20ppm	Q Exactive	SILAC heavy	NT=Carbamidomethyl; AC=4; MT=Fixed; PP=Anywhere; TA=C	NT=Oxidation; AC=35; MT=Variable; PP=Anywhere; TA=M	NT=Methyl:2H(3)13C(1); AC=329; MT=Variable; PP=Anywhere; TA=K,R	NT=Dimethyl:2H(6)13C(2); AC=330; MT=Variable; PP=Anywhere; TA=K,R	NT=Trimethyl:13C(3)2H(9); AC=1414; MT=Variable; PP=Anywhere; TA=K	NT=Label:13C(4); AC=1266; MT=Fixed; PP=Anywhere; TA=M	20ppm	365	lesSDRF v0.1.0	NT=data-dependent acquisition;AC=PRIDE:0000627	v1.1.0	NT=ms-proteomics;VV=v1.1.0
NB4_lysarginase_peptide_IP	Homo sapiens	Bone marrow	366	NB4	not applicable	Cancer	run366	proteomic profiling by mass spectrometry	LysArgiNase	HF170220_DM_SGC_hmSILAC_NB4_pepIP_fractionated_KRase_Mono_01.raw	WCE	20ppm	Q Exactive	SILAC light	NT=Carbamidomethyl; AC=4; MT=Fixed; PP=Anywhere; TA=C	NT=Oxidation; AC=35; MT=Variable; PP=Anywhere; TA=M	NT=Methyl; AC=34; MT=Variable; PP=Anywhere; TA=K,R	NT=Dimethyl; AC=36; MT=Variable; PP=Anywhere; TA=K,R	NT=Trimethyl; AC=37; MT=Variable; PP=Anywhere; TA=K		20ppm	366	lesSDRF v0.1.0	NT=data-dependent acquisition;AC=PRIDE:0000627	v1.1.0	NT=ms-proteomics;VV=v1.1.0
NB4_lysarginase_peptide_IP	Homo sapiens	Bone marrow	366	NB4	not applicable	Cancer	run366	proteomic profiling by mass spectrometry	LysArgiNase	HF170220_DM_SGC_hmSILAC_NB4_pepIP_fractionated_KRase_Mono_01.raw	WCE	20ppm	Q Exactive	SILAC heavy	NT=Carbamidomethyl; AC=4; MT=Fixed; PP=Anywhere; TA=C	NT=Oxidation; AC=35; MT=Variable; PP=Anywhere; TA=M	NT=Methyl:2H(3)13C(1); AC=329; MT=Variable; PP=Anywhere; TA=K,R	NT=Dimethyl:2H(6)13C(2); AC=330; MT=Variable; PP=Anywhere; TA=K,R	NT=Trimethyl:13C(3)2H(9); AC=1414; MT=Variable; PP=Anywhere; TA=K	NT=Label:13C(4); AC=1266; MT=Fixed; PP=Anywhere; TA=M	20ppm	366	lesSDRF v0.1.0	NT=data-dependent acquisition;AC=PRIDE:0000627	v1.1.0	NT=ms-proteomics;VV=v1.1.0
NB4_lysarginase_peptide_IP	Homo sapiens	Bone marrow	367	NB4	not applicable	Cancer	run367	proteomic profiling by mass spectrometry	LysArgiNase	HF170220_DM_SGC_hmSILAC_NB4_pepIP_fractionated_KRase_Mono_02.raw	WCE	20ppm	Q Exactive	SILAC light	NT=Carbamidomethyl; AC=4; MT=Fixed; PP=Anywhere; TA=C	NT=Oxidation; AC=35; MT=Variable; PP=Anywhere; TA=M	NT=Methyl; AC=34; MT=Variable; PP=Anywhere; TA=K,R	NT=Dimethyl; AC=36; MT=Variable; PP=Anywhere; TA=K,R	NT=Trimethyl; AC=37; MT=Variable; PP=Anywhere; TA=K		20ppm	367	lesSDRF v0.1.0	NT=data-dependent acquisition;AC=PRIDE:0000627	v1.1.0	NT=ms-proteomics;VV=v1.1.0
NB4_lysarginase_peptide_IP	Homo sapiens	Bone marrow	367	NB4	not applicable	Cancer	run367	proteomic profiling by mass spectrometry	LysArgiNase	HF170220_DM_SGC_hmSILAC_NB4_pepIP_fractionated_KRase_Mono_02.raw	WCE	20ppm	Q Exactive	SILAC heavy	NT=Carbamidomethyl; AC=4; MT=Fixed; PP=Anywhere; TA=C	NT=Oxidation; AC=35; MT=Variable; PP=Anywhere; TA=M	NT=Methyl:2H(3)13C(1); AC=329; MT=Variable; PP=Anywhere; TA=K,R	NT=Dimethyl:2H(6)13C(2); AC=330; MT=Variable; PP=Anywhere; TA=K,R	NT=Trimethyl:13C(3)2H(9); AC=1414; MT=Variable; PP=Anywhere; TA=K	NT=Label:13C(4); AC=1266; MT=Fixed; PP=Anywhere; TA=M	20ppm	367	lesSDRF v0.1.0	NT=data-dependent acquisition;AC=PRIDE:0000627	v1.1.0	NT=ms-proteomics;VV=v1.1.0
NB4_lysarginase_peptide_IP	Homo sapiens	Bone marrow	368	NB4	not applicable	Cancer	run368	proteomic profiling by mass spectrometry	LysArgiNase	HF170220_DM_SGC_hmSILAC_NB4_pepIP_fractionated_KRase_Mono_03.raw	WCE	20ppm	Q Exactive	SILAC light	NT=Carbamidomethyl; AC=4; MT=Fixed; PP=Anywhere; TA=C	NT=Oxidation; AC=35; MT=Variable; PP=Anywhere; TA=M	NT=Methyl; AC=34; MT=Variable; PP=Anywhere; TA=K,R	NT=Dimethyl; AC=36; MT=Variable; PP=Anywhere; TA=K,R	NT=Trimethyl; AC=37; MT=Variable; PP=Anywhere; TA=K		20ppm	368	lesSDRF v0.1.0	NT=data-dependent acquisition;AC=PRIDE:0000627	v1.1.0	NT=ms-proteomics;VV=v1.1.0
NB4_lysarginase_peptide_IP	Homo sapiens	Bone marrow	368	NB4	not applicable	Cancer	run368	proteomic profiling by mass spectrometry	LysArgiNase	HF170220_DM_SGC_hmSILAC_NB4_pepIP_fractionated_KRase_Mono_03.raw	WCE	20ppm	Q Exactive	SILAC heavy	NT=Carbamidomethyl; AC=4; MT=Fixed; PP=Anywhere; TA=C	NT=Oxidation; AC=35; MT=Variable; PP=Anywhere; TA=M	NT=Methyl:2H(3)13C(1); AC=329; MT=Variable; PP=Anywhere; TA=K,R	NT=Dimethyl:2H(6)13C(2); AC=330; MT=Variable; PP=Anywhere; TA=K,R	NT=Trimethyl:13C(3)2H(9); AC=1414; MT=Variable; PP=Anywhere; TA=K	NT=Label:13C(4); AC=1266; MT=Fixed; PP=Anywhere; TA=M	20ppm	368	lesSDRF v0.1.0	NT=data-dependent acquisition;AC=PRIDE:0000627	v1.1.0	NT=ms-proteomics;VV=v1.1.0
NB4_lysarginase_peptide_IP	Homo sapiens	Bone marrow	369	NB4	not applicable	Cancer	run369	proteomic profiling by mass spectrometry	LysArgiNase	HF170220_DM_SGC_hmSILAC_NB4_pepIP_fractionated_KRase_Mono_04.raw	WCE	20ppm	Q Exactive	SILAC light	NT=Carbamidomethyl; AC=4; MT=Fixed; PP=Anywhere; TA=C	NT=Oxidation; AC=35; MT=Variable; PP=Anywhere; TA=M	NT=Methyl; AC=34; MT=Variable; PP=Anywhere; TA=K,R	NT=Dimethyl; AC=36; MT=Variable; PP=Anywhere; TA=K,R	NT=Trimethyl; AC=37; MT=Variable; PP=Anywhere; TA=K		20ppm	369	lesSDRF v0.1.0	NT=data-dependent acquisition;AC=PRIDE:0000627	v1.1.0	NT=ms-proteomics;VV=v1.1.0
NB4_lysarginase_peptide_IP	Homo sapiens	Bone marrow	369	NB4	not applicable	Cancer	run369	proteomic profiling by mass spectrometry	LysArgiNase	HF170220_DM_SGC_hmSILAC_NB4_pepIP_fractionated_KRase_Mono_04.raw	WCE	20ppm	Q Exactive	SILAC heavy	NT=Carbamidomethyl; AC=4; MT=Fixed; PP=Anywhere; TA=C	NT=Oxidation; AC=35; MT=Variable; PP=Anywhere; TA=M	NT=Methyl:2H(3)13C(1); AC=329; MT=Variable; PP=Anywhere; TA=K,R	NT=Dimethyl:2H(6)13C(2); AC=330; MT=Variable; PP=Anywhere; TA=K,R	NT=Trimethyl:13C(3)2H(9); AC=1414; MT=Variable; PP=Anywhere; TA=K	NT=Label:13C(4); AC=1266; MT=Fixed; PP=Anywhere; TA=M	20ppm	369	lesSDRF v0.1.0	NT=data-dependent acquisition;AC=PRIDE:0000627	v1.1.0	NT=ms-proteomics;VV=v1.1.0
NB4_lysarginase_peptide_IP	Homo sapiens	Bone marrow	370	NB4	not applicable	Cancer	run370	proteomic profiling by mass spectrometry	LysArgiNase	HF170220_DM_SGC_hmSILAC_NB4_pepIP_fractionated_KRase_Mono_0506.raw	WCE	20ppm	Q Exactive	SILAC light	NT=Carbamidomethyl; AC=4; MT=Fixed; PP=Anywhere; TA=C	NT=Oxidation; AC=35; MT=Variable; PP=Anywhere; TA=M	NT=Methyl; AC=34; MT=Variable; PP=Anywhere; TA=K,R	NT=Dimethyl; AC=36; MT=Variable; PP=Anywhere; TA=K,R	NT=Trimethyl; AC=37; MT=Variable; PP=Anywhere; TA=K		20ppm	370	lesSDRF v0.1.0	NT=data-dependent acquisition;AC=PRIDE:0000627	v1.1.0	NT=ms-proteomics;VV=v1.1.0
NB4_lysarginase_peptide_IP	Homo sapiens	Bone marrow	370	NB4	not applicable	Cancer	run370	proteomic profiling by mass spectrometry	LysArgiNase	HF170220_DM_SGC_hmSILAC_NB4_pepIP_fractionated_KRase_Mono_0506.raw	WCE	20ppm	Q Exactive	SILAC heavy	NT=Carbamidomethyl; AC=4; MT=Fixed; PP=Anywhere; TA=C	NT=Oxidation; AC=35; MT=Variable; PP=Anywhere; TA=M	NT=Methyl:2H(3)13C(1); AC=329; MT=Variable; PP=Anywhere; TA=K,R	NT=Dimethyl:2H(6)13C(2); AC=330; MT=Variable; PP=Anywhere; TA=K,R	NT=Trimethyl:13C(3)2H(9); AC=1414; MT=Variable; PP=Anywhere; TA=K	NT=Label:13C(4); AC=1266; MT=Fixed; PP=Anywhere; TA=M	20ppm	370	lesSDRF v0.1.0	NT=data-dependent acquisition;AC=PRIDE:0000627	v1.1.0	NT=ms-proteomics;VV=v1.1.0
NB4_lysarginase_peptide_IP	Homo sapiens	Bone marrow	371	NB4	not applicable	Cancer	run371	proteomic profiling by mass spectrometry	LysArgiNase	HF170220_DM_SGC_hmSILAC_NB4_pepIP_fractionated_KRase_Mono_07.raw	WCE	20ppm	Q Exactive	SILAC light	NT=Carbamidomethyl; AC=4; MT=Fixed; PP=Anywhere; TA=C	NT=Oxidation; AC=35; MT=Variable; PP=Anywhere; TA=M	NT=Methyl; AC=34; MT=Variable; PP=Anywhere; TA=K,R	NT=Dimethyl; AC=36; MT=Variable; PP=Anywhere; TA=K,R	NT=Trimethyl; AC=37; MT=Variable; PP=Anywhere; TA=K		20ppm	371	lesSDRF v0.1.0	NT=data-dependent acquisition;AC=PRIDE:0000627	v1.1.0	NT=ms-proteomics;VV=v1.1.0
NB4_lysarginase_peptide_IP	Homo sapiens	Bone marrow	371	NB4	not applicable	Cancer	run371	proteomic profiling by mass spectrometry	LysArgiNase	HF170220_DM_SGC_hmSILAC_NB4_pepIP_fractionated_KRase_Mono_07.raw	WCE	20ppm	Q Exactive	SILAC heavy	NT=Carbamidomethyl; AC=4; MT=Fixed; PP=Anywhere; TA=C	NT=Oxidation; AC=35; MT=Variable; PP=Anywhere; TA=M	NT=Methyl:2H(3)13C(1); AC=329; MT=Variable; PP=Anywhere; TA=K,R	NT=Dimethyl:2H(6)13C(2); AC=330; MT=Variable; PP=Anywhere; TA=K,R	NT=Trimethyl:13C(3)2H(9); AC=1414; MT=Variable; PP=Anywhere; TA=K	NT=Label:13C(4); AC=1266; MT=Fixed; PP=Anywhere; TA=M	20ppm	371	lesSDRF v0.1.0	NT=data-dependent acquisition;AC=PRIDE:0000627	v1.1.0	NT=ms-proteomics;VV=v1.1.0
NB4_lysarginase_peptide_IP	Homo sapiens	Bone marrow	372	NB4	not applicable	Cancer	run372	proteomic profiling by mass spectrometry	LysArgiNase	HF170220_DM_SGC_hmSILAC_NB4_pepIP_fractionated_KRase_Mono_08.raw	WCE	20ppm	Q Exactive	SILAC light	NT=Carbamidomethyl; AC=4; MT=Fixed; PP=Anywhere; TA=C	NT=Oxidation; AC=35; MT=Variable; PP=Anywhere; TA=M	NT=Methyl; AC=34; MT=Variable; PP=Anywhere; TA=K,R	NT=Dimethyl; AC=36; MT=Variable; PP=Anywhere; TA=K,R	NT=Trimethyl; AC=37; MT=Variable; PP=Anywhere; TA=K		20ppm	372	lesSDRF v0.1.0	NT=data-dependent acquisition;AC=PRIDE:0000627	v1.1.0	NT=ms-proteomics;VV=v1.1.0
NB4_lysarginase_peptide_IP	Homo sapiens	Bone marrow	372	NB4	not applicable	Cancer	run372	proteomic profiling by mass spectrometry	LysArgiNase	HF170220_DM_SGC_hmSILAC_NB4_pepIP_fractionated_KRase_Mono_08.raw	WCE	20ppm	Q Exactive	SILAC heavy	NT=Carbamidomethyl; AC=4; MT=Fixed; PP=Anywhere; TA=C	NT=Oxidation; AC=35; MT=Variable; PP=Anywhere; TA=M	NT=Methyl:2H(3)13C(1); AC=329; MT=Variable; PP=Anywhere; TA=K,R	NT=Dimethyl:2H(6)13C(2); AC=330; MT=Variable; PP=Anywhere; TA=K,R	NT=Trimethyl:13C(3)2H(9); AC=1414; MT=Variable; PP=Anywhere; TA=K	NT=Label:13C(4); AC=1266; MT=Fixed; PP=Anywhere; TA=M	20ppm	372	lesSDRF v0.1.0	NT=data-dependent acquisition;AC=PRIDE:0000627	v1.1.0	NT=ms-proteomics;VV=v1.1.0
NB4_lysarginase_peptide_IP	Homo sapiens	Bone marrow	373	NB4	not applicable	Cancer	run373	proteomic profiling by mass spectrometry	LysArgiNase	HF170220_DM_SGC_hmSILAC_NB4_pepIP_fractionated_KRase_Mono_09.raw	WCE	20ppm	Q Exactive	SILAC light	NT=Carbamidomethyl; AC=4; MT=Fixed; PP=Anywhere; TA=C	NT=Oxidation; AC=35; MT=Variable; PP=Anywhere; TA=M	NT=Methyl; AC=34; MT=Variable; PP=Anywhere; TA=K,R	NT=Dimethyl; AC=36; MT=Variable; PP=Anywhere; TA=K,R	NT=Trimethyl; AC=37; MT=Variable; PP=Anywhere; TA=K		20ppm	373	lesSDRF v0.1.0	NT=data-dependent acquisition;AC=PRIDE:0000627	v1.1.0	NT=ms-proteomics;VV=v1.1.0
NB4_lysarginase_peptide_IP	Homo sapiens	Bone marrow	373	NB4	not applicable	Cancer	run373	proteomic profiling by mass spectrometry	LysArgiNase	HF170220_DM_SGC_hmSILAC_NB4_pepIP_fractionated_KRase_Mono_09.raw	WCE	20ppm	Q Exactive	SILAC heavy	NT=Carbamidomethyl; AC=4; MT=Fixed; PP=Anywhere; TA=C	NT=Oxidation; AC=35; MT=Variable; PP=Anywhere; TA=M	NT=Methyl:2H(3)13C(1); AC=329; MT=Variable; PP=Anywhere; TA=K,R	NT=Dimethyl:2H(6)13C(2); AC=330; MT=Variable; PP=Anywhere; TA=K,R	NT=Trimethyl:13C(3)2H(9); AC=1414; MT=Variable; PP=Anywhere; TA=K	NT=Label:13C(4); AC=1266; MT=Fixed; PP=Anywhere; TA=M	20ppm	373	lesSDRF v0.1.0	NT=data-dependent acquisition;AC=PRIDE:0000627	v1.1.0	NT=ms-proteomics;VV=v1.1.0
NB4_lysarginase_peptide_IP	Homo sapiens	Bone marrow	374	NB4	not applicable	Cancer	run374	proteomic profiling by mass spectrometry	LysArgiNase	HF170220_DM_SGC_hmSILAC_NB4_pepIP_fractionated_KRase_Mono_10.raw	WCE	20ppm	Q Exactive	SILAC light	NT=Carbamidomethyl; AC=4; MT=Fixed; PP=Anywhere; TA=C	NT=Oxidation; AC=35; MT=Variable; PP=Anywhere; TA=M	NT=Methyl; AC=34; MT=Variable; PP=Anywhere; TA=K,R	NT=Dimethyl; AC=36; MT=Variable; PP=Anywhere; TA=K,R	NT=Trimethyl; AC=37; MT=Variable; PP=Anywhere; TA=K		20ppm	374	lesSDRF v0.1.0	NT=data-dependent acquisition;AC=PRIDE:0000627	v1.1.0	NT=ms-proteomics;VV=v1.1.0
NB4_lysarginase_peptide_IP	Homo sapiens	Bone marrow	374	NB4	not applicable	Cancer	run374	proteomic profiling by mass spectrometry	LysArgiNase	HF170220_DM_SGC_hmSILAC_NB4_pepIP_fractionated_KRase_Mono_10.raw	WCE	20ppm	Q Exactive	SILAC heavy	NT=Carbamidomethyl; AC=4; MT=Fixed; PP=Anywhere; TA=C	NT=Oxidation; AC=35; MT=Variable; PP=Anywhere; TA=M	NT=Methyl:2H(3)13C(1); AC=329; MT=Variable; PP=Anywhere; TA=K,R	NT=Dimethyl:2H(6)13C(2); AC=330; MT=Variable; PP=Anywhere; TA=K,R	NT=Trimethyl:13C(3)2H(9); AC=1414; MT=Variable; PP=Anywhere; TA=K	NT=Label:13C(4); AC=1266; MT=Fixed; PP=Anywhere; TA=M	20ppm	374	lesSDRF v0.1.0	NT=data-dependent acquisition;AC=PRIDE:0000627	v1.1.0	NT=ms-proteomics;VV=v1.1.0
NB4_lysarginase_peptide_IP	Homo sapiens	Bone marrow	375	NB4	not applicable	Cancer	run375	proteomic profiling by mass spectrometry	LysArgiNase	HF170220_DM_SGC_hmSILAC_NB4_pepIP_fractionated_KRase_Mono_11.raw	WCE	20ppm	Q Exactive	SILAC light	NT=Carbamidomethyl; AC=4; MT=Fixed; PP=Anywhere; TA=C	NT=Oxidation; AC=35; MT=Variable; PP=Anywhere; TA=M	NT=Methyl; AC=34; MT=Variable; PP=Anywhere; TA=K,R	NT=Dimethyl; AC=36; MT=Variable; PP=Anywhere; TA=K,R	NT=Trimethyl; AC=37; MT=Variable; PP=Anywhere; TA=K		20ppm	375	lesSDRF v0.1.0	NT=data-dependent acquisition;AC=PRIDE:0000627	v1.1.0	NT=ms-proteomics;VV=v1.1.0
NB4_lysarginase_peptide_IP	Homo sapiens	Bone marrow	375	NB4	not applicable	Cancer	run375	proteomic profiling by mass spectrometry	LysArgiNase	HF170220_DM_SGC_hmSILAC_NB4_pepIP_fractionated_KRase_Mono_11.raw	WCE	20ppm	Q Exactive	SILAC heavy	NT=Carbamidomethyl; AC=4; MT=Fixed; PP=Anywhere; TA=C	NT=Oxidation; AC=35; MT=Variable; PP=Anywhere; TA=M	NT=Methyl:2H(3)13C(1); AC=329; MT=Variable; PP=Anywhere; TA=K,R	NT=Dimethyl:2H(6)13C(2); AC=330; MT=Variable; PP=Anywhere; TA=K,R	NT=Trimethyl:13C(3)2H(9); AC=1414; MT=Variable; PP=Anywhere; TA=K	NT=Label:13C(4); AC=1266; MT=Fixed; PP=Anywhere; TA=M	20ppm	375	lesSDRF v0.1.0	NT=data-dependent acquisition;AC=PRIDE:0000627	v1.1.0	NT=ms-proteomics;VV=v1.1.0
NB4_lysarginase_peptide_IP	Homo sapiens	Bone marrow	376	NB4	not applicable	Cancer	run376	proteomic profiling by mass spectrometry	LysArgiNase	HF170220_DM_SGC_hmSILAC_NB4_pepIP_fractionated_KRase_Mono_12.raw	WCE	20ppm	Q Exactive	SILAC light	NT=Carbamidomethyl; AC=4; MT=Fixed; PP=Anywhere; TA=C	NT=Oxidation; AC=35; MT=Variable; PP=Anywhere; TA=M	NT=Methyl; AC=34; MT=Variable; PP=Anywhere; TA=K,R	NT=Dimethyl; AC=36; MT=Variable; PP=Anywhere; TA=K,R	NT=Trimethyl; AC=37; MT=Variable; PP=Anywhere; TA=K		20ppm	376	lesSDRF v0.1.0	NT=data-dependent acquisition;AC=PRIDE:0000627	v1.1.0	NT=ms-proteomics;VV=v1.1.0
NB4_lysarginase_peptide_IP	Homo sapiens	Bone marrow	376	NB4	not applicable	Cancer	run376	proteomic profiling by mass spectrometry	LysArgiNase	HF170220_DM_SGC_hmSILAC_NB4_pepIP_fractionated_KRase_Mono_12.raw	WCE	20ppm	Q Exactive	SILAC heavy	NT=Carbamidomethyl; AC=4; MT=Fixed; PP=Anywhere; TA=C	NT=Oxidation; AC=35; MT=Variable; PP=Anywhere; TA=M	NT=Methyl:2H(3)13C(1); AC=329; MT=Variable; PP=Anywhere; TA=K,R	NT=Dimethyl:2H(6)13C(2); AC=330; MT=Variable; PP=Anywhere; TA=K,R	NT=Trimethyl:13C(3)2H(9); AC=1414; MT=Variable; PP=Anywhere; TA=K	NT=Label:13C(4); AC=1266; MT=Fixed; PP=Anywhere; TA=M	20ppm	376	lesSDRF v0.1.0	NT=data-dependent acquisition;AC=PRIDE:0000627	v1.1.0	NT=ms-proteomics;VV=v1.1.0
NB4_lysarginase_peptide_IP	Homo sapiens	Bone marrow	377	NB4	not applicable	Cancer	run377	proteomic profiling by mass spectrometry	LysArgiNase	HF170220_DM_SGC_hmSILAC_NB4_pepIP_fractionated_KRase_Mono_13.raw	WCE	20ppm	Q Exactive	SILAC light	NT=Carbamidomethyl; AC=4; MT=Fixed; PP=Anywhere; TA=C	NT=Oxidation; AC=35; MT=Variable; PP=Anywhere; TA=M	NT=Methyl; AC=34; MT=Variable; PP=Anywhere; TA=K,R	NT=Dimethyl; AC=36; MT=Variable; PP=Anywhere; TA=K,R	NT=Trimethyl; AC=37; MT=Variable; PP=Anywhere; TA=K		20ppm	377	lesSDRF v0.1.0	NT=data-dependent acquisition;AC=PRIDE:0000627	v1.1.0	NT=ms-proteomics;VV=v1.1.0
NB4_lysarginase_peptide_IP	Homo sapiens	Bone marrow	377	NB4	not applicable	Cancer	run377	proteomic profiling by mass spectrometry	LysArgiNase	HF170220_DM_SGC_hmSILAC_NB4_pepIP_fractionated_KRase_Mono_13.raw	WCE	20ppm	Q Exactive	SILAC heavy	NT=Carbamidomethyl; AC=4; MT=Fixed; PP=Anywhere; TA=C	NT=Oxidation; AC=35; MT=Variable; PP=Anywhere; TA=M	NT=Methyl:2H(3)13C(1); AC=329; MT=Variable; PP=Anywhere; TA=K,R	NT=Dimethyl:2H(6)13C(2); AC=330; MT=Variable; PP=Anywhere; TA=K,R	NT=Trimethyl:13C(3)2H(9); AC=1414; MT=Variable; PP=Anywhere; TA=K	NT=Label:13C(4); AC=1266; MT=Fixed; PP=Anywhere; TA=M	20ppm	377	lesSDRF v0.1.0	NT=data-dependent acquisition;AC=PRIDE:0000627	v1.1.0	NT=ms-proteomics;VV=v1.1.0
NB4_lysarginase_peptide_IP	Homo sapiens	Bone marrow	378	NB4	not applicable	Cancer	run378	proteomic profiling by mass spectrometry	LysArgiNase	HF170220_DM_SGC_hmSILAC_NB4_pepIP_fractionated_KRase_Mono_14.raw	WCE	20ppm	Q Exactive	SILAC light	NT=Carbamidomethyl; AC=4; MT=Fixed; PP=Anywhere; TA=C	NT=Oxidation; AC=35; MT=Variable; PP=Anywhere; TA=M	NT=Methyl; AC=34; MT=Variable; PP=Anywhere; TA=K,R	NT=Dimethyl; AC=36; MT=Variable; PP=Anywhere; TA=K,R	NT=Trimethyl; AC=37; MT=Variable; PP=Anywhere; TA=K		20ppm	378	lesSDRF v0.1.0	NT=data-dependent acquisition;AC=PRIDE:0000627	v1.1.0	NT=ms-proteomics;VV=v1.1.0
NB4_lysarginase_peptide_IP	Homo sapiens	Bone marrow	378	NB4	not applicable	Cancer	run378	proteomic profiling by mass spectrometry	LysArgiNase	HF170220_DM_SGC_hmSILAC_NB4_pepIP_fractionated_KRase_Mono_14.raw	WCE	20ppm	Q Exactive	SILAC heavy	NT=Carbamidomethyl; AC=4; MT=Fixed; PP=Anywhere; TA=C	NT=Oxidation; AC=35; MT=Variable; PP=Anywhere; TA=M	NT=Methyl:2H(3)13C(1); AC=329; MT=Variable; PP=Anywhere; TA=K,R	NT=Dimethyl:2H(6)13C(2); AC=330; MT=Variable; PP=Anywhere; TA=K,R	NT=Trimethyl:13C(3)2H(9); AC=1414; MT=Variable; PP=Anywhere; TA=K	NT=Label:13C(4); AC=1266; MT=Fixed; PP=Anywhere; TA=M	20ppm	378	lesSDRF v0.1.0	NT=data-dependent acquisition;AC=PRIDE:0000627	v1.1.0	NT=ms-proteomics;VV=v1.1.0
Histone samples	Homo sapiens	cervix	379	HeLa	not applicable	Cancer	run379	proteomic profiling by mass spectrometry	ArgC	HF170404_Histones_ArgC_lib_01.raw	Nucleus (acidic extraction of histones)	20ppm	Q Exactive	SILAC light	NT=Carbamidomethyl; AC=4; MT=Fixed; PP=Anywhere; TA=C	NT=Oxidation; AC=35; MT=Variable; PP=Anywhere; TA=M	NT=Methyl; AC=34; MT=Variable; PP=Anywhere; TA=K,R	NT=Dimethyl; AC=36; MT=Variable; PP=Anywhere; TA=K,R	NT=Trimethyl; AC=37; MT=Variable; PP=Anywhere; TA=K		20ppm	379	lesSDRF v0.1.0	NT=data-dependent acquisition;AC=PRIDE:0000627	v1.1.0	NT=ms-proteomics;VV=v1.1.0
Histone samples	Homo sapiens	cervix	379	HeLa	not applicable	Cancer	run379	proteomic profiling by mass spectrometry	ArgC	HF170404_Histones_ArgC_lib_01.raw	Nucleus (acidic extraction of histones)	20ppm	Q Exactive	SILAC heavy	NT=Carbamidomethyl; AC=4; MT=Fixed; PP=Anywhere; TA=C	NT=Oxidation; AC=35; MT=Variable; PP=Anywhere; TA=M	NT=Methyl:2H(3)13C(1); AC=329; MT=Variable; PP=Anywhere; TA=K,R	NT=Dimethyl:2H(6)13C(2); AC=330; MT=Variable; PP=Anywhere; TA=K,R	NT=Trimethyl:13C(3)2H(9); AC=1414; MT=Variable; PP=Anywhere; TA=K	NT=Label:13C(4); AC=1266; MT=Fixed; PP=Anywhere; TA=M	20ppm	379	lesSDRF v0.1.0	NT=data-dependent acquisition;AC=PRIDE:0000627	v1.1.0	NT=ms-proteomics;VV=v1.1.0
Histone samples	Homo sapiens	cervix	380	HeLa	not applicable	Cancer	run380	proteomic profiling by mass spectrometry	ArgC	HF170404_Histones_ArgC_lib_02.raw	Nucleus (acidic extraction of histones)	20ppm	Q Exactive	SILAC light	NT=Carbamidomethyl; AC=4; MT=Fixed; PP=Anywhere; TA=C	NT=Oxidation; AC=35; MT=Variable; PP=Anywhere; TA=M	NT=Methyl; AC=34; MT=Variable; PP=Anywhere; TA=K,R	NT=Dimethyl; AC=36; MT=Variable; PP=Anywhere; TA=K,R	NT=Trimethyl; AC=37; MT=Variable; PP=Anywhere; TA=K		20ppm	380	lesSDRF v0.1.0	NT=data-dependent acquisition;AC=PRIDE:0000627	v1.1.0	NT=ms-proteomics;VV=v1.1.0
Histone samples	Homo sapiens	cervix	380	HeLa	not applicable	Cancer	run380	proteomic profiling by mass spectrometry	ArgC	HF170404_Histones_ArgC_lib_02.raw	Nucleus (acidic extraction of histones)	20ppm	Q Exactive	SILAC heavy	NT=Carbamidomethyl; AC=4; MT=Fixed; PP=Anywhere; TA=C	NT=Oxidation; AC=35; MT=Variable; PP=Anywhere; TA=M	NT=Methyl:2H(3)13C(1); AC=329; MT=Variable; PP=Anywhere; TA=K,R	NT=Dimethyl:2H(6)13C(2); AC=330; MT=Variable; PP=Anywhere; TA=K,R	NT=Trimethyl:13C(3)2H(9); AC=1414; MT=Variable; PP=Anywhere; TA=K	NT=Label:13C(4); AC=1266; MT=Fixed; PP=Anywhere; TA=M	20ppm	380	lesSDRF v0.1.0	NT=data-dependent acquisition;AC=PRIDE:0000627	v1.1.0	NT=ms-proteomics;VV=v1.1.0
Histone samples	Homo sapiens	cervix	381	HeLa	not applicable	Cancer	run381	proteomic profiling by mass spectrometry	ArgC	HF170404_Histones_ArgC_lib_03b.raw	Nucleus (acidic extraction of histones)	20ppm	Q Exactive	SILAC light	NT=Carbamidomethyl; AC=4; MT=Fixed; PP=Anywhere; TA=C	NT=Oxidation; AC=35; MT=Variable; PP=Anywhere; TA=M	NT=Methyl; AC=34; MT=Variable; PP=Anywhere; TA=K,R	NT=Dimethyl; AC=36; MT=Variable; PP=Anywhere; TA=K,R	NT=Trimethyl; AC=37; MT=Variable; PP=Anywhere; TA=K		20ppm	381	lesSDRF v0.1.0	NT=data-dependent acquisition;AC=PRIDE:0000627	v1.1.0	NT=ms-proteomics;VV=v1.1.0
Histone samples	Homo sapiens	cervix	381	HeLa	not applicable	Cancer	run381	proteomic profiling by mass spectrometry	ArgC	HF170404_Histones_ArgC_lib_03b.raw	Nucleus (acidic extraction of histones)	20ppm	Q Exactive	SILAC heavy	NT=Carbamidomethyl; AC=4; MT=Fixed; PP=Anywhere; TA=C	NT=Oxidation; AC=35; MT=Variable; PP=Anywhere; TA=M	NT=Methyl:2H(3)13C(1); AC=329; MT=Variable; PP=Anywhere; TA=K,R	NT=Dimethyl:2H(6)13C(2); AC=330; MT=Variable; PP=Anywhere; TA=K,R	NT=Trimethyl:13C(3)2H(9); AC=1414; MT=Variable; PP=Anywhere; TA=K	NT=Label:13C(4); AC=1266; MT=Fixed; PP=Anywhere; TA=M	20ppm	381	lesSDRF v0.1.0	NT=data-dependent acquisition;AC=PRIDE:0000627	v1.1.0	NT=ms-proteomics;VV=v1.1.0
Histone samples	Homo sapiens	cervix	382	HeLa	not applicable	Cancer	run382	proteomic profiling by mass spectrometry	ArgC	HF170404_Histones_ArgC_lib_04.raw	Nucleus (acidic extraction of histones)	20ppm	Q Exactive	SILAC light	NT=Carbamidomethyl; AC=4; MT=Fixed; PP=Anywhere; TA=C	NT=Oxidation; AC=35; MT=Variable; PP=Anywhere; TA=M	NT=Methyl; AC=34; MT=Variable; PP=Anywhere; TA=K,R	NT=Dimethyl; AC=36; MT=Variable; PP=Anywhere; TA=K,R	NT=Trimethyl; AC=37; MT=Variable; PP=Anywhere; TA=K		20ppm	382	lesSDRF v0.1.0	NT=data-dependent acquisition;AC=PRIDE:0000627	v1.1.0	NT=ms-proteomics;VV=v1.1.0
Histone samples	Homo sapiens	cervix	382	HeLa	not applicable	Cancer	run382	proteomic profiling by mass spectrometry	ArgC	HF170404_Histones_ArgC_lib_04.raw	Nucleus (acidic extraction of histones)	20ppm	Q Exactive	SILAC heavy	NT=Carbamidomethyl; AC=4; MT=Fixed; PP=Anywhere; TA=C	NT=Oxidation; AC=35; MT=Variable; PP=Anywhere; TA=M	NT=Methyl:2H(3)13C(1); AC=329; MT=Variable; PP=Anywhere; TA=K,R	NT=Dimethyl:2H(6)13C(2); AC=330; MT=Variable; PP=Anywhere; TA=K,R	NT=Trimethyl:13C(3)2H(9); AC=1414; MT=Variable; PP=Anywhere; TA=K	NT=Label:13C(4); AC=1266; MT=Fixed; PP=Anywhere; TA=M	20ppm	382	lesSDRF v0.1.0	NT=data-dependent acquisition;AC=PRIDE:0000627	v1.1.0	NT=ms-proteomics;VV=v1.1.0
Histone samples	Homo sapiens	cervix	383	HeLa	not applicable	Cancer	run383	proteomic profiling by mass spectrometry	ArgC	HF170404_Histones_ArgC_lib_05.raw	Nucleus (acidic extraction of histones)	20ppm	Q Exactive	SILAC light	NT=Carbamidomethyl; AC=4; MT=Fixed; PP=Anywhere; TA=C	NT=Oxidation; AC=35; MT=Variable; PP=Anywhere; TA=M	NT=Methyl; AC=34; MT=Variable; PP=Anywhere; TA=K,R	NT=Dimethyl; AC=36; MT=Variable; PP=Anywhere; TA=K,R	NT=Trimethyl; AC=37; MT=Variable; PP=Anywhere; TA=K		20ppm	383	lesSDRF v0.1.0	NT=data-dependent acquisition;AC=PRIDE:0000627	v1.1.0	NT=ms-proteomics;VV=v1.1.0
Histone samples	Homo sapiens	cervix	383	HeLa	not applicable	Cancer	run383	proteomic profiling by mass spectrometry	ArgC	HF170404_Histones_ArgC_lib_05.raw	Nucleus (acidic extraction of histones)	20ppm	Q Exactive	SILAC heavy	NT=Carbamidomethyl; AC=4; MT=Fixed; PP=Anywhere; TA=C	NT=Oxidation; AC=35; MT=Variable; PP=Anywhere; TA=M	NT=Methyl:2H(3)13C(1); AC=329; MT=Variable; PP=Anywhere; TA=K,R	NT=Dimethyl:2H(6)13C(2); AC=330; MT=Variable; PP=Anywhere; TA=K,R	NT=Trimethyl:13C(3)2H(9); AC=1414; MT=Variable; PP=Anywhere; TA=K	NT=Label:13C(4); AC=1266; MT=Fixed; PP=Anywhere; TA=M	20ppm	383	lesSDRF v0.1.0	NT=data-dependent acquisition;AC=PRIDE:0000627	v1.1.0	NT=ms-proteomics;VV=v1.1.0
Histone samples	Homo sapiens	cervix	384	HeLa	not applicable	Cancer	run384	proteomic profiling by mass spectrometry	ArgC	HF170404_Histones_ArgC_lib_06.raw	Nucleus (acidic extraction of histones)	20ppm	Q Exactive	SILAC light	NT=Carbamidomethyl; AC=4; MT=Fixed; PP=Anywhere; TA=C	NT=Oxidation; AC=35; MT=Variable; PP=Anywhere; TA=M	NT=Methyl; AC=34; MT=Variable; PP=Anywhere; TA=K,R	NT=Dimethyl; AC=36; MT=Variable; PP=Anywhere; TA=K,R	NT=Trimethyl; AC=37; MT=Variable; PP=Anywhere; TA=K		20ppm	384	lesSDRF v0.1.0	NT=data-dependent acquisition;AC=PRIDE:0000627	v1.1.0	NT=ms-proteomics;VV=v1.1.0
Histone samples	Homo sapiens	cervix	384	HeLa	not applicable	Cancer	run384	proteomic profiling by mass spectrometry	ArgC	HF170404_Histones_ArgC_lib_06.raw	Nucleus (acidic extraction of histones)	20ppm	Q Exactive	SILAC heavy	NT=Carbamidomethyl; AC=4; MT=Fixed; PP=Anywhere; TA=C	NT=Oxidation; AC=35; MT=Variable; PP=Anywhere; TA=M	NT=Methyl:2H(3)13C(1); AC=329; MT=Variable; PP=Anywhere; TA=K,R	NT=Dimethyl:2H(6)13C(2); AC=330; MT=Variable; PP=Anywhere; TA=K,R	NT=Trimethyl:13C(3)2H(9); AC=1414; MT=Variable; PP=Anywhere; TA=K	NT=Label:13C(4); AC=1266; MT=Fixed; PP=Anywhere; TA=M	20ppm	384	lesSDRF v0.1.0	NT=data-dependent acquisition;AC=PRIDE:0000627	v1.1.0	NT=ms-proteomics;VV=v1.1.0
Histone samples	Homo sapiens	cervix	385	HeLa	not applicable	Cancer	run385	proteomic profiling by mass spectrometry	ArgC	HF170404_Histones_ArgC_lib_07.raw	Nucleus (acidic extraction of histones)	20ppm	Q Exactive	SILAC light	NT=Carbamidomethyl; AC=4; MT=Fixed; PP=Anywhere; TA=C	NT=Oxidation; AC=35; MT=Variable; PP=Anywhere; TA=M	NT=Methyl; AC=34; MT=Variable; PP=Anywhere; TA=K,R	NT=Dimethyl; AC=36; MT=Variable; PP=Anywhere; TA=K,R	NT=Trimethyl; AC=37; MT=Variable; PP=Anywhere; TA=K		20ppm	385	lesSDRF v0.1.0	NT=data-dependent acquisition;AC=PRIDE:0000627	v1.1.0	NT=ms-proteomics;VV=v1.1.0
Histone samples	Homo sapiens	cervix	385	HeLa	not applicable	Cancer	run385	proteomic profiling by mass spectrometry	ArgC	HF170404_Histones_ArgC_lib_07.raw	Nucleus (acidic extraction of histones)	20ppm	Q Exactive	SILAC heavy	NT=Carbamidomethyl; AC=4; MT=Fixed; PP=Anywhere; TA=C	NT=Oxidation; AC=35; MT=Variable; PP=Anywhere; TA=M	NT=Methyl:2H(3)13C(1); AC=329; MT=Variable; PP=Anywhere; TA=K,R	NT=Dimethyl:2H(6)13C(2); AC=330; MT=Variable; PP=Anywhere; TA=K,R	NT=Trimethyl:13C(3)2H(9); AC=1414; MT=Variable; PP=Anywhere; TA=K	NT=Label:13C(4); AC=1266; MT=Fixed; PP=Anywhere; TA=M	20ppm	385	lesSDRF v0.1.0	NT=data-dependent acquisition;AC=PRIDE:0000627	v1.1.0	NT=ms-proteomics;VV=v1.1.0
Histone samples	Homo sapiens	cervix	386	HeLa	not applicable	Cancer	run386	proteomic profiling by mass spectrometry	ArgC	HF170404_Histones_ArgC_lib_08.raw	Nucleus (acidic extraction of histones)	20ppm	Q Exactive	SILAC light	NT=Carbamidomethyl; AC=4; MT=Fixed; PP=Anywhere; TA=C	NT=Oxidation; AC=35; MT=Variable; PP=Anywhere; TA=M	NT=Methyl; AC=34; MT=Variable; PP=Anywhere; TA=K,R	NT=Dimethyl; AC=36; MT=Variable; PP=Anywhere; TA=K,R	NT=Trimethyl; AC=37; MT=Variable; PP=Anywhere; TA=K		20ppm	386	lesSDRF v0.1.0	NT=data-dependent acquisition;AC=PRIDE:0000627	v1.1.0	NT=ms-proteomics;VV=v1.1.0
Histone samples	Homo sapiens	cervix	386	HeLa	not applicable	Cancer	run386	proteomic profiling by mass spectrometry	ArgC	HF170404_Histones_ArgC_lib_08.raw	Nucleus (acidic extraction of histones)	20ppm	Q Exactive	SILAC heavy	NT=Carbamidomethyl; AC=4; MT=Fixed; PP=Anywhere; TA=C	NT=Oxidation; AC=35; MT=Variable; PP=Anywhere; TA=M	NT=Methyl:2H(3)13C(1); AC=329; MT=Variable; PP=Anywhere; TA=K,R	NT=Dimethyl:2H(6)13C(2); AC=330; MT=Variable; PP=Anywhere; TA=K,R	NT=Trimethyl:13C(3)2H(9); AC=1414; MT=Variable; PP=Anywhere; TA=K	NT=Label:13C(4); AC=1266; MT=Fixed; PP=Anywhere; TA=M	20ppm	386	lesSDRF v0.1.0	NT=data-dependent acquisition;AC=PRIDE:0000627	v1.1.0	NT=ms-proteomics;VV=v1.1.0
Histone samples	Homo sapiens	cervix	387	HeLa	not applicable	Cancer	run387	proteomic profiling by mass spectrometry	ArgC	HF170404_Histones_ArgC_lib_09.raw	Nucleus (acidic extraction of histones)	20ppm	Q Exactive	SILAC light	NT=Carbamidomethyl; AC=4; MT=Fixed; PP=Anywhere; TA=C	NT=Oxidation; AC=35; MT=Variable; PP=Anywhere; TA=M	NT=Methyl; AC=34; MT=Variable; PP=Anywhere; TA=K,R	NT=Dimethyl; AC=36; MT=Variable; PP=Anywhere; TA=K,R	NT=Trimethyl; AC=37; MT=Variable; PP=Anywhere; TA=K		20ppm	387	lesSDRF v0.1.0	NT=data-dependent acquisition;AC=PRIDE:0000627	v1.1.0	NT=ms-proteomics;VV=v1.1.0
Histone samples	Homo sapiens	cervix	387	HeLa	not applicable	Cancer	run387	proteomic profiling by mass spectrometry	ArgC	HF170404_Histones_ArgC_lib_09.raw	Nucleus (acidic extraction of histones)	20ppm	Q Exactive	SILAC heavy	NT=Carbamidomethyl; AC=4; MT=Fixed; PP=Anywhere; TA=C	NT=Oxidation; AC=35; MT=Variable; PP=Anywhere; TA=M	NT=Methyl:2H(3)13C(1); AC=329; MT=Variable; PP=Anywhere; TA=K,R	NT=Dimethyl:2H(6)13C(2); AC=330; MT=Variable; PP=Anywhere; TA=K,R	NT=Trimethyl:13C(3)2H(9); AC=1414; MT=Variable; PP=Anywhere; TA=K	NT=Label:13C(4); AC=1266; MT=Fixed; PP=Anywhere; TA=M	20ppm	387	lesSDRF v0.1.0	NT=data-dependent acquisition;AC=PRIDE:0000627	v1.1.0	NT=ms-proteomics;VV=v1.1.0
Histone samples	Homo sapiens	cervix	388	HeLa	not applicable	Cancer	run388	proteomic profiling by mass spectrometry	LysArgiNase	HF170404_Histones_KNR_lib_01.raw	Nucleus (acidic extraction of histones)	20ppm	Q Exactive	SILAC light	NT=Carbamidomethyl; AC=4; MT=Fixed; PP=Anywhere; TA=C	NT=Oxidation; AC=35; MT=Variable; PP=Anywhere; TA=M	NT=Methyl; AC=34; MT=Variable; PP=Anywhere; TA=K,R	NT=Dimethyl; AC=36; MT=Variable; PP=Anywhere; TA=K,R	NT=Trimethyl; AC=37; MT=Variable; PP=Anywhere; TA=K		20ppm	388	lesSDRF v0.1.0	NT=data-dependent acquisition;AC=PRIDE:0000627	v1.1.0	NT=ms-proteomics;VV=v1.1.0
Histone samples	Homo sapiens	cervix	388	HeLa	not applicable	Cancer	run388	proteomic profiling by mass spectrometry	LysArgiNase	HF170404_Histones_KNR_lib_01.raw	Nucleus (acidic extraction of histones)	20ppm	Q Exactive	SILAC heavy	NT=Carbamidomethyl; AC=4; MT=Fixed; PP=Anywhere; TA=C	NT=Oxidation; AC=35; MT=Variable; PP=Anywhere; TA=M	NT=Methyl:2H(3)13C(1); AC=329; MT=Variable; PP=Anywhere; TA=K,R	NT=Dimethyl:2H(6)13C(2); AC=330; MT=Variable; PP=Anywhere; TA=K,R	NT=Trimethyl:13C(3)2H(9); AC=1414; MT=Variable; PP=Anywhere; TA=K	NT=Label:13C(4); AC=1266; MT=Fixed; PP=Anywhere; TA=M	20ppm	388	lesSDRF v0.1.0	NT=data-dependent acquisition;AC=PRIDE:0000627	v1.1.0	NT=ms-proteomics;VV=v1.1.0
Histone samples	Homo sapiens	cervix	389	HeLa	not applicable	Cancer	run389	proteomic profiling by mass spectrometry	LysArgiNase	HF170404_Histones_KNR_lib_02.raw	Nucleus (acidic extraction of histones)	20ppm	Q Exactive	SILAC light	NT=Carbamidomethyl; AC=4; MT=Fixed; PP=Anywhere; TA=C	NT=Oxidation; AC=35; MT=Variable; PP=Anywhere; TA=M	NT=Methyl; AC=34; MT=Variable; PP=Anywhere; TA=K,R	NT=Dimethyl; AC=36; MT=Variable; PP=Anywhere; TA=K,R	NT=Trimethyl; AC=37; MT=Variable; PP=Anywhere; TA=K		20ppm	389	lesSDRF v0.1.0	NT=data-dependent acquisition;AC=PRIDE:0000627	v1.1.0	NT=ms-proteomics;VV=v1.1.0
Histone samples	Homo sapiens	cervix	389	HeLa	not applicable	Cancer	run389	proteomic profiling by mass spectrometry	LysArgiNase	HF170404_Histones_KNR_lib_02.raw	Nucleus (acidic extraction of histones)	20ppm	Q Exactive	SILAC heavy	NT=Carbamidomethyl; AC=4; MT=Fixed; PP=Anywhere; TA=C	NT=Oxidation; AC=35; MT=Variable; PP=Anywhere; TA=M	NT=Methyl:2H(3)13C(1); AC=329; MT=Variable; PP=Anywhere; TA=K,R	NT=Dimethyl:2H(6)13C(2); AC=330; MT=Variable; PP=Anywhere; TA=K,R	NT=Trimethyl:13C(3)2H(9); AC=1414; MT=Variable; PP=Anywhere; TA=K	NT=Label:13C(4); AC=1266; MT=Fixed; PP=Anywhere; TA=M	20ppm	389	lesSDRF v0.1.0	NT=data-dependent acquisition;AC=PRIDE:0000627	v1.1.0	NT=ms-proteomics;VV=v1.1.0
Histone samples	Homo sapiens	cervix	390	HeLa	not applicable	Cancer	run390	proteomic profiling by mass spectrometry	LysArgiNase	HF170404_Histones_KNR_lib_03.raw	Nucleus (acidic extraction of histones)	20ppm	Q Exactive	SILAC light	NT=Carbamidomethyl; AC=4; MT=Fixed; PP=Anywhere; TA=C	NT=Oxidation; AC=35; MT=Variable; PP=Anywhere; TA=M	NT=Methyl; AC=34; MT=Variable; PP=Anywhere; TA=K,R	NT=Dimethyl; AC=36; MT=Variable; PP=Anywhere; TA=K,R	NT=Trimethyl; AC=37; MT=Variable; PP=Anywhere; TA=K		20ppm	390	lesSDRF v0.1.0	NT=data-dependent acquisition;AC=PRIDE:0000627	v1.1.0	NT=ms-proteomics;VV=v1.1.0
Histone samples	Homo sapiens	cervix	390	HeLa	not applicable	Cancer	run390	proteomic profiling by mass spectrometry	LysArgiNase	HF170404_Histones_KNR_lib_03.raw	Nucleus (acidic extraction of histones)	20ppm	Q Exactive	SILAC heavy	NT=Carbamidomethyl; AC=4; MT=Fixed; PP=Anywhere; TA=C	NT=Oxidation; AC=35; MT=Variable; PP=Anywhere; TA=M	NT=Methyl:2H(3)13C(1); AC=329; MT=Variable; PP=Anywhere; TA=K,R	NT=Dimethyl:2H(6)13C(2); AC=330; MT=Variable; PP=Anywhere; TA=K,R	NT=Trimethyl:13C(3)2H(9); AC=1414; MT=Variable; PP=Anywhere; TA=K	NT=Label:13C(4); AC=1266; MT=Fixed; PP=Anywhere; TA=M	20ppm	390	lesSDRF v0.1.0	NT=data-dependent acquisition;AC=PRIDE:0000627	v1.1.0	NT=ms-proteomics;VV=v1.1.0
Histone samples	Homo sapiens	cervix	391	HeLa	not applicable	Cancer	run391	proteomic profiling by mass spectrometry	LysC	HF170404_Histones_LysC_lib01.raw	Nucleus (acidic extraction of histones)	20ppm	Q Exactive	SILAC light	NT=Carbamidomethyl; AC=4; MT=Fixed; PP=Anywhere; TA=C	NT=Oxidation; AC=35; MT=Variable; PP=Anywhere; TA=M	NT=Methyl; AC=34; MT=Variable; PP=Anywhere; TA=K,R	NT=Dimethyl; AC=36; MT=Variable; PP=Anywhere; TA=K,R	NT=Trimethyl; AC=37; MT=Variable; PP=Anywhere; TA=K		20ppm	391	lesSDRF v0.1.0	NT=data-dependent acquisition;AC=PRIDE:0000627	v1.1.0	NT=ms-proteomics;VV=v1.1.0
Histone samples	Homo sapiens	cervix	391	HeLa	not applicable	Cancer	run391	proteomic profiling by mass spectrometry	LysC	HF170404_Histones_LysC_lib01.raw	Nucleus (acidic extraction of histones)	20ppm	Q Exactive	SILAC heavy	NT=Carbamidomethyl; AC=4; MT=Fixed; PP=Anywhere; TA=C	NT=Oxidation; AC=35; MT=Variable; PP=Anywhere; TA=M	NT=Methyl:2H(3)13C(1); AC=329; MT=Variable; PP=Anywhere; TA=K,R	NT=Dimethyl:2H(6)13C(2); AC=330; MT=Variable; PP=Anywhere; TA=K,R	NT=Trimethyl:13C(3)2H(9); AC=1414; MT=Variable; PP=Anywhere; TA=K	NT=Label:13C(4); AC=1266; MT=Fixed; PP=Anywhere; TA=M	20ppm	391	lesSDRF v0.1.0	NT=data-dependent acquisition;AC=PRIDE:0000627	v1.1.0	NT=ms-proteomics;VV=v1.1.0
Histone samples	Homo sapiens	cervix	392	HeLa	not applicable	Cancer	run392	proteomic profiling by mass spectrometry	LysC	HF170404_Histones_LysC_lib02.raw	Nucleus (acidic extraction of histones)	20ppm	Q Exactive	SILAC light	NT=Carbamidomethyl; AC=4; MT=Fixed; PP=Anywhere; TA=C	NT=Oxidation; AC=35; MT=Variable; PP=Anywhere; TA=M	NT=Methyl; AC=34; MT=Variable; PP=Anywhere; TA=K,R	NT=Dimethyl; AC=36; MT=Variable; PP=Anywhere; TA=K,R	NT=Trimethyl; AC=37; MT=Variable; PP=Anywhere; TA=K		20ppm	392	lesSDRF v0.1.0	NT=data-dependent acquisition;AC=PRIDE:0000627	v1.1.0	NT=ms-proteomics;VV=v1.1.0
Histone samples	Homo sapiens	cervix	392	HeLa	not applicable	Cancer	run392	proteomic profiling by mass spectrometry	LysC	HF170404_Histones_LysC_lib02.raw	Nucleus (acidic extraction of histones)	20ppm	Q Exactive	SILAC heavy	NT=Carbamidomethyl; AC=4; MT=Fixed; PP=Anywhere; TA=C	NT=Oxidation; AC=35; MT=Variable; PP=Anywhere; TA=M	NT=Methyl:2H(3)13C(1); AC=329; MT=Variable; PP=Anywhere; TA=K,R	NT=Dimethyl:2H(6)13C(2); AC=330; MT=Variable; PP=Anywhere; TA=K,R	NT=Trimethyl:13C(3)2H(9); AC=1414; MT=Variable; PP=Anywhere; TA=K	NT=Label:13C(4); AC=1266; MT=Fixed; PP=Anywhere; TA=M	20ppm	392	lesSDRF v0.1.0	NT=data-dependent acquisition;AC=PRIDE:0000627	v1.1.0	NT=ms-proteomics;VV=v1.1.0
Histone samples	Homo sapiens	cervix	393	HeLa	not applicable	Cancer	run393	proteomic profiling by mass spectrometry	LysC	HF170404_Histones_LysC_lib03.raw	Nucleus (acidic extraction of histones)	20ppm	Q Exactive	SILAC light	NT=Carbamidomethyl; AC=4; MT=Fixed; PP=Anywhere; TA=C	NT=Oxidation; AC=35; MT=Variable; PP=Anywhere; TA=M	NT=Methyl; AC=34; MT=Variable; PP=Anywhere; TA=K,R	NT=Dimethyl; AC=36; MT=Variable; PP=Anywhere; TA=K,R	NT=Trimethyl; AC=37; MT=Variable; PP=Anywhere; TA=K		20ppm	393	lesSDRF v0.1.0	NT=data-dependent acquisition;AC=PRIDE:0000627	v1.1.0	NT=ms-proteomics;VV=v1.1.0
Histone samples	Homo sapiens	cervix	393	HeLa	not applicable	Cancer	run393	proteomic profiling by mass spectrometry	LysC	HF170404_Histones_LysC_lib03.raw	Nucleus (acidic extraction of histones)	20ppm	Q Exactive	SILAC heavy	NT=Carbamidomethyl; AC=4; MT=Fixed; PP=Anywhere; TA=C	NT=Oxidation; AC=35; MT=Variable; PP=Anywhere; TA=M	NT=Methyl:2H(3)13C(1); AC=329; MT=Variable; PP=Anywhere; TA=K,R	NT=Dimethyl:2H(6)13C(2); AC=330; MT=Variable; PP=Anywhere; TA=K,R	NT=Trimethyl:13C(3)2H(9); AC=1414; MT=Variable; PP=Anywhere; TA=K	NT=Label:13C(4); AC=1266; MT=Fixed; PP=Anywhere; TA=M	20ppm	393	lesSDRF v0.1.0	NT=data-dependent acquisition;AC=PRIDE:0000627	v1.1.0	NT=ms-proteomics;VV=v1.1.0
Histone samples	Homo sapiens	cervix	394	HeLa	not applicable	Cancer	run394	proteomic profiling by mass spectrometry	LysC	HF170404_Histones_LysC_lib04.raw	Nucleus (acidic extraction of histones)	20ppm	Q Exactive	SILAC light	NT=Carbamidomethyl; AC=4; MT=Fixed; PP=Anywhere; TA=C	NT=Oxidation; AC=35; MT=Variable; PP=Anywhere; TA=M	NT=Methyl; AC=34; MT=Variable; PP=Anywhere; TA=K,R	NT=Dimethyl; AC=36; MT=Variable; PP=Anywhere; TA=K,R	NT=Trimethyl; AC=37; MT=Variable; PP=Anywhere; TA=K		20ppm	394	lesSDRF v0.1.0	NT=data-dependent acquisition;AC=PRIDE:0000627	v1.1.0	NT=ms-proteomics;VV=v1.1.0
Histone samples	Homo sapiens	cervix	394	HeLa	not applicable	Cancer	run394	proteomic profiling by mass spectrometry	LysC	HF170404_Histones_LysC_lib04.raw	Nucleus (acidic extraction of histones)	20ppm	Q Exactive	SILAC heavy	NT=Carbamidomethyl; AC=4; MT=Fixed; PP=Anywhere; TA=C	NT=Oxidation; AC=35; MT=Variable; PP=Anywhere; TA=M	NT=Methyl:2H(3)13C(1); AC=329; MT=Variable; PP=Anywhere; TA=K,R	NT=Dimethyl:2H(6)13C(2); AC=330; MT=Variable; PP=Anywhere; TA=K,R	NT=Trimethyl:13C(3)2H(9); AC=1414; MT=Variable; PP=Anywhere; TA=K	NT=Label:13C(4); AC=1266; MT=Fixed; PP=Anywhere; TA=M	20ppm	394	lesSDRF v0.1.0	NT=data-dependent acquisition;AC=PRIDE:0000627	v1.1.0	NT=ms-proteomics;VV=v1.1.0
Histone samples	Homo sapiens	cervix	395	HeLa	not applicable	Cancer	run395	proteomic profiling by mass spectrometry	LysC	HF170404_Histones_LysC_lib05.raw	Nucleus (acidic extraction of histones)	20ppm	Q Exactive	SILAC light	NT=Carbamidomethyl; AC=4; MT=Fixed; PP=Anywhere; TA=C	NT=Oxidation; AC=35; MT=Variable; PP=Anywhere; TA=M	NT=Methyl; AC=34; MT=Variable; PP=Anywhere; TA=K,R	NT=Dimethyl; AC=36; MT=Variable; PP=Anywhere; TA=K,R	NT=Trimethyl; AC=37; MT=Variable; PP=Anywhere; TA=K		20ppm	395	lesSDRF v0.1.0	NT=data-dependent acquisition;AC=PRIDE:0000627	v1.1.0	NT=ms-proteomics;VV=v1.1.0
Histone samples	Homo sapiens	cervix	395	HeLa	not applicable	Cancer	run395	proteomic profiling by mass spectrometry	LysC	HF170404_Histones_LysC_lib05.raw	Nucleus (acidic extraction of histones)	20ppm	Q Exactive	SILAC heavy	NT=Carbamidomethyl; AC=4; MT=Fixed; PP=Anywhere; TA=C	NT=Oxidation; AC=35; MT=Variable; PP=Anywhere; TA=M	NT=Methyl:2H(3)13C(1); AC=329; MT=Variable; PP=Anywhere; TA=K,R	NT=Dimethyl:2H(6)13C(2); AC=330; MT=Variable; PP=Anywhere; TA=K,R	NT=Trimethyl:13C(3)2H(9); AC=1414; MT=Variable; PP=Anywhere; TA=K	NT=Label:13C(4); AC=1266; MT=Fixed; PP=Anywhere; TA=M	20ppm	395	lesSDRF v0.1.0	NT=data-dependent acquisition;AC=PRIDE:0000627	v1.1.0	NT=ms-proteomics;VV=v1.1.0
Histone samples	Homo sapiens	cervix	396	HeLa	not applicable	Cancer	run396	proteomic profiling by mass spectrometry	LysC	HF170404_Histones_LysC_lib06.raw	Nucleus (acidic extraction of histones)	20ppm	Q Exactive	SILAC light	NT=Carbamidomethyl; AC=4; MT=Fixed; PP=Anywhere; TA=C	NT=Oxidation; AC=35; MT=Variable; PP=Anywhere; TA=M	NT=Methyl; AC=34; MT=Variable; PP=Anywhere; TA=K,R	NT=Dimethyl; AC=36; MT=Variable; PP=Anywhere; TA=K,R	NT=Trimethyl; AC=37; MT=Variable; PP=Anywhere; TA=K		20ppm	396	lesSDRF v0.1.0	NT=data-dependent acquisition;AC=PRIDE:0000627	v1.1.0	NT=ms-proteomics;VV=v1.1.0
Histone samples	Homo sapiens	cervix	396	HeLa	not applicable	Cancer	run396	proteomic profiling by mass spectrometry	LysC	HF170404_Histones_LysC_lib06.raw	Nucleus (acidic extraction of histones)	20ppm	Q Exactive	SILAC heavy	NT=Carbamidomethyl; AC=4; MT=Fixed; PP=Anywhere; TA=C	NT=Oxidation; AC=35; MT=Variable; PP=Anywhere; TA=M	NT=Methyl:2H(3)13C(1); AC=329; MT=Variable; PP=Anywhere; TA=K,R	NT=Dimethyl:2H(6)13C(2); AC=330; MT=Variable; PP=Anywhere; TA=K,R	NT=Trimethyl:13C(3)2H(9); AC=1414; MT=Variable; PP=Anywhere; TA=K	NT=Label:13C(4); AC=1266; MT=Fixed; PP=Anywhere; TA=M	20ppm	396	lesSDRF v0.1.0	NT=data-dependent acquisition;AC=PRIDE:0000627	v1.1.0	NT=ms-proteomics;VV=v1.1.0
Histone samples	Homo sapiens	cervix	397	HeLa	not applicable	Cancer	run397	proteomic profiling by mass spectrometry	LysArgiNase	HF170502_InSol_KRNase_dda_test01.raw	Nucleus (acidic extraction of histones)	20ppm	Q Exactive	SILAC light	NT=Carbamidomethyl; AC=4; MT=Fixed; PP=Anywhere; TA=C	NT=Oxidation; AC=35; MT=Variable; PP=Anywhere; TA=M	NT=Methyl; AC=34; MT=Variable; PP=Anywhere; TA=K,R	NT=Dimethyl; AC=36; MT=Variable; PP=Anywhere; TA=K,R	NT=Trimethyl; AC=37; MT=Variable; PP=Anywhere; TA=K		20ppm	397	lesSDRF v0.1.0	NT=data-dependent acquisition;AC=PRIDE:0000627	v1.1.0	NT=ms-proteomics;VV=v1.1.0
Histone samples	Homo sapiens	cervix	397	HeLa	not applicable	Cancer	run397	proteomic profiling by mass spectrometry	LysArgiNase	HF170502_InSol_KRNase_dda_test01.raw	Nucleus (acidic extraction of histones)	20ppm	Q Exactive	SILAC heavy	NT=Carbamidomethyl; AC=4; MT=Fixed; PP=Anywhere; TA=C	NT=Oxidation; AC=35; MT=Variable; PP=Anywhere; TA=M	NT=Methyl:2H(3)13C(1); AC=329; MT=Variable; PP=Anywhere; TA=K,R	NT=Dimethyl:2H(6)13C(2); AC=330; MT=Variable; PP=Anywhere; TA=K,R	NT=Trimethyl:13C(3)2H(9); AC=1414; MT=Variable; PP=Anywhere; TA=K	NT=Label:13C(4); AC=1266; MT=Fixed; PP=Anywhere; TA=M	20ppm	397	lesSDRF v0.1.0	NT=data-dependent acquisition;AC=PRIDE:0000627	v1.1.0	NT=ms-proteomics;VV=v1.1.0
Histone samples	Homo sapiens	cervix	398	HeLa	not applicable	Cancer	run398	proteomic profiling by mass spectrometry	LysArgiNase	HF170502_InSol_KRNase_dda_test02.raw	Nucleus (acidic extraction of histones)	20ppm	Q Exactive	SILAC light	NT=Carbamidomethyl; AC=4; MT=Fixed; PP=Anywhere; TA=C	NT=Oxidation; AC=35; MT=Variable; PP=Anywhere; TA=M	NT=Methyl; AC=34; MT=Variable; PP=Anywhere; TA=K,R	NT=Dimethyl; AC=36; MT=Variable; PP=Anywhere; TA=K,R	NT=Trimethyl; AC=37; MT=Variable; PP=Anywhere; TA=K		20ppm	398	lesSDRF v0.1.0	NT=data-dependent acquisition;AC=PRIDE:0000627	v1.1.0	NT=ms-proteomics;VV=v1.1.0
Histone samples	Homo sapiens	cervix	398	HeLa	not applicable	Cancer	run398	proteomic profiling by mass spectrometry	LysArgiNase	HF170502_InSol_KRNase_dda_test02.raw	Nucleus (acidic extraction of histones)	20ppm	Q Exactive	SILAC heavy	NT=Carbamidomethyl; AC=4; MT=Fixed; PP=Anywhere; TA=C	NT=Oxidation; AC=35; MT=Variable; PP=Anywhere; TA=M	NT=Methyl:2H(3)13C(1); AC=329; MT=Variable; PP=Anywhere; TA=K,R	NT=Dimethyl:2H(6)13C(2); AC=330; MT=Variable; PP=Anywhere; TA=K,R	NT=Trimethyl:13C(3)2H(9); AC=1414; MT=Variable; PP=Anywhere; TA=K	NT=Label:13C(4); AC=1266; MT=Fixed; PP=Anywhere; TA=M	20ppm	398	lesSDRF v0.1.0	NT=data-dependent acquisition;AC=PRIDE:0000627	v1.1.0	NT=ms-proteomics;VV=v1.1.0
Histone samples	Homo sapiens	cervix	399	HeLa	not applicable	Cancer	run399	proteomic profiling by mass spectrometry	ArgC	HF170807_hmSILAC_PRMT1_off_ArgC_0101.raw	Nucleus (acidic extraction of histones)	20ppm	Q Exactive	SILAC light	NT=Carbamidomethyl; AC=4; MT=Fixed; PP=Anywhere; TA=C	NT=Oxidation; AC=35; MT=Variable; PP=Anywhere; TA=M	NT=Methyl; AC=34; MT=Variable; PP=Anywhere; TA=K,R	NT=Dimethyl; AC=36; MT=Variable; PP=Anywhere; TA=K,R	NT=Trimethyl; AC=37; MT=Variable; PP=Anywhere; TA=K		20ppm	399	lesSDRF v0.1.0	NT=data-dependent acquisition;AC=PRIDE:0000627	v1.1.0	NT=ms-proteomics;VV=v1.1.0
Histone samples	Homo sapiens	cervix	399	HeLa	not applicable	Cancer	run399	proteomic profiling by mass spectrometry	ArgC	HF170807_hmSILAC_PRMT1_off_ArgC_0101.raw	Nucleus (acidic extraction of histones)	20ppm	Q Exactive	SILAC heavy	NT=Carbamidomethyl; AC=4; MT=Fixed; PP=Anywhere; TA=C	NT=Oxidation; AC=35; MT=Variable; PP=Anywhere; TA=M	NT=Methyl:2H(3)13C(1); AC=329; MT=Variable; PP=Anywhere; TA=K,R	NT=Dimethyl:2H(6)13C(2); AC=330; MT=Variable; PP=Anywhere; TA=K,R	NT=Trimethyl:13C(3)2H(9); AC=1414; MT=Variable; PP=Anywhere; TA=K	NT=Label:13C(4); AC=1266; MT=Fixed; PP=Anywhere; TA=M	20ppm	399	lesSDRF v0.1.0	NT=data-dependent acquisition;AC=PRIDE:0000627	v1.1.0	NT=ms-proteomics;VV=v1.1.0
Histone samples	Homo sapiens	cervix	400	HeLa	not applicable	Cancer	run400	proteomic profiling by mass spectrometry	ArgC	HF170807_hmSILAC_PRMT1_off_ArgC_0201.raw	Nucleus (acidic extraction of histones)	20ppm	Q Exactive	SILAC light	NT=Carbamidomethyl; AC=4; MT=Fixed; PP=Anywhere; TA=C	NT=Oxidation; AC=35; MT=Variable; PP=Anywhere; TA=M	NT=Methyl; AC=34; MT=Variable; PP=Anywhere; TA=K,R	NT=Dimethyl; AC=36; MT=Variable; PP=Anywhere; TA=K,R	NT=Trimethyl; AC=37; MT=Variable; PP=Anywhere; TA=K		20ppm	400	lesSDRF v0.1.0	NT=data-dependent acquisition;AC=PRIDE:0000627	v1.1.0	NT=ms-proteomics;VV=v1.1.0
Histone samples	Homo sapiens	cervix	400	HeLa	not applicable	Cancer	run400	proteomic profiling by mass spectrometry	ArgC	HF170807_hmSILAC_PRMT1_off_ArgC_0201.raw	Nucleus (acidic extraction of histones)	20ppm	Q Exactive	SILAC heavy	NT=Carbamidomethyl; AC=4; MT=Fixed; PP=Anywhere; TA=C	NT=Oxidation; AC=35; MT=Variable; PP=Anywhere; TA=M	NT=Methyl:2H(3)13C(1); AC=329; MT=Variable; PP=Anywhere; TA=K,R	NT=Dimethyl:2H(6)13C(2); AC=330; MT=Variable; PP=Anywhere; TA=K,R	NT=Trimethyl:13C(3)2H(9); AC=1414; MT=Variable; PP=Anywhere; TA=K	NT=Label:13C(4); AC=1266; MT=Fixed; PP=Anywhere; TA=M	20ppm	400	lesSDRF v0.1.0	NT=data-dependent acquisition;AC=PRIDE:0000627	v1.1.0	NT=ms-proteomics;VV=v1.1.0
Histone samples	Homo sapiens	cervix	401	HeLa	not applicable	Cancer	run401	proteomic profiling by mass spectrometry	ArgC	HF170807_hmSILAC_PRMT1_off_ArgC_0301.raw	Nucleus (acidic extraction of histones)	20ppm	Q Exactive	SILAC light	NT=Carbamidomethyl; AC=4; MT=Fixed; PP=Anywhere; TA=C	NT=Oxidation; AC=35; MT=Variable; PP=Anywhere; TA=M	NT=Methyl; AC=34; MT=Variable; PP=Anywhere; TA=K,R	NT=Dimethyl; AC=36; MT=Variable; PP=Anywhere; TA=K,R	NT=Trimethyl; AC=37; MT=Variable; PP=Anywhere; TA=K		20ppm	401	lesSDRF v0.1.0	NT=data-dependent acquisition;AC=PRIDE:0000627	v1.1.0	NT=ms-proteomics;VV=v1.1.0
Histone samples	Homo sapiens	cervix	401	HeLa	not applicable	Cancer	run401	proteomic profiling by mass spectrometry	ArgC	HF170807_hmSILAC_PRMT1_off_ArgC_0301.raw	Nucleus (acidic extraction of histones)	20ppm	Q Exactive	SILAC heavy	NT=Carbamidomethyl; AC=4; MT=Fixed; PP=Anywhere; TA=C	NT=Oxidation; AC=35; MT=Variable; PP=Anywhere; TA=M	NT=Methyl:2H(3)13C(1); AC=329; MT=Variable; PP=Anywhere; TA=K,R	NT=Dimethyl:2H(6)13C(2); AC=330; MT=Variable; PP=Anywhere; TA=K,R	NT=Trimethyl:13C(3)2H(9); AC=1414; MT=Variable; PP=Anywhere; TA=K	NT=Label:13C(4); AC=1266; MT=Fixed; PP=Anywhere; TA=M	20ppm	401	lesSDRF v0.1.0	NT=data-dependent acquisition;AC=PRIDE:0000627	v1.1.0	NT=ms-proteomics;VV=v1.1.0
Histone samples	Homo sapiens	cervix	402	HeLa	not applicable	Cancer	run402	proteomic profiling by mass spectrometry	ArgC	HF170807_hmSILAC_PRMT1_off_ArgC_0401.raw	Nucleus (acidic extraction of histones)	20ppm	Q Exactive	SILAC light	NT=Carbamidomethyl; AC=4; MT=Fixed; PP=Anywhere; TA=C	NT=Oxidation; AC=35; MT=Variable; PP=Anywhere; TA=M	NT=Methyl; AC=34; MT=Variable; PP=Anywhere; TA=K,R	NT=Dimethyl; AC=36; MT=Variable; PP=Anywhere; TA=K,R	NT=Trimethyl; AC=37; MT=Variable; PP=Anywhere; TA=K		20ppm	402	lesSDRF v0.1.0	NT=data-dependent acquisition;AC=PRIDE:0000627	v1.1.0	NT=ms-proteomics;VV=v1.1.0
Histone samples	Homo sapiens	cervix	402	HeLa	not applicable	Cancer	run402	proteomic profiling by mass spectrometry	ArgC	HF170807_hmSILAC_PRMT1_off_ArgC_0401.raw	Nucleus (acidic extraction of histones)	20ppm	Q Exactive	SILAC heavy	NT=Carbamidomethyl; AC=4; MT=Fixed; PP=Anywhere; TA=C	NT=Oxidation; AC=35; MT=Variable; PP=Anywhere; TA=M	NT=Methyl:2H(3)13C(1); AC=329; MT=Variable; PP=Anywhere; TA=K,R	NT=Dimethyl:2H(6)13C(2); AC=330; MT=Variable; PP=Anywhere; TA=K,R	NT=Trimethyl:13C(3)2H(9); AC=1414; MT=Variable; PP=Anywhere; TA=K	NT=Label:13C(4); AC=1266; MT=Fixed; PP=Anywhere; TA=M	20ppm	402	lesSDRF v0.1.0	NT=data-dependent acquisition;AC=PRIDE:0000627	v1.1.0	NT=ms-proteomics;VV=v1.1.0
Histone samples	Homo sapiens	cervix	403	HeLa	not applicable	Cancer	run403	proteomic profiling by mass spectrometry	LysArgiNase	HF170807_hmSILAC_PRMT1_off_KR_0101.raw	Nucleus (acidic extraction of histones)	20ppm	Q Exactive	SILAC light	NT=Carbamidomethyl; AC=4; MT=Fixed; PP=Anywhere; TA=C	NT=Oxidation; AC=35; MT=Variable; PP=Anywhere; TA=M	NT=Methyl; AC=34; MT=Variable; PP=Anywhere; TA=K,R	NT=Dimethyl; AC=36; MT=Variable; PP=Anywhere; TA=K,R	NT=Trimethyl; AC=37; MT=Variable; PP=Anywhere; TA=K		20ppm	403	lesSDRF v0.1.0	NT=data-dependent acquisition;AC=PRIDE:0000627	v1.1.0	NT=ms-proteomics;VV=v1.1.0
Histone samples	Homo sapiens	cervix	403	HeLa	not applicable	Cancer	run403	proteomic profiling by mass spectrometry	LysArgiNase	HF170807_hmSILAC_PRMT1_off_KR_0101.raw	Nucleus (acidic extraction of histones)	20ppm	Q Exactive	SILAC heavy	NT=Carbamidomethyl; AC=4; MT=Fixed; PP=Anywhere; TA=C	NT=Oxidation; AC=35; MT=Variable; PP=Anywhere; TA=M	NT=Methyl:2H(3)13C(1); AC=329; MT=Variable; PP=Anywhere; TA=K,R	NT=Dimethyl:2H(6)13C(2); AC=330; MT=Variable; PP=Anywhere; TA=K,R	NT=Trimethyl:13C(3)2H(9); AC=1414; MT=Variable; PP=Anywhere; TA=K	NT=Label:13C(4); AC=1266; MT=Fixed; PP=Anywhere; TA=M	20ppm	403	lesSDRF v0.1.0	NT=data-dependent acquisition;AC=PRIDE:0000627	v1.1.0	NT=ms-proteomics;VV=v1.1.0
Histone samples	Homo sapiens	cervix	404	HeLa	not applicable	Cancer	run404	proteomic profiling by mass spectrometry	LysArgiNase	HF170807_hmSILAC_PRMT1_off_KR_0201.raw	Nucleus (acidic extraction of histones)	20ppm	Q Exactive	SILAC light	NT=Carbamidomethyl; AC=4; MT=Fixed; PP=Anywhere; TA=C	NT=Oxidation; AC=35; MT=Variable; PP=Anywhere; TA=M	NT=Methyl; AC=34; MT=Variable; PP=Anywhere; TA=K,R	NT=Dimethyl; AC=36; MT=Variable; PP=Anywhere; TA=K,R	NT=Trimethyl; AC=37; MT=Variable; PP=Anywhere; TA=K		20ppm	404	lesSDRF v0.1.0	NT=data-dependent acquisition;AC=PRIDE:0000627	v1.1.0	NT=ms-proteomics;VV=v1.1.0
Histone samples	Homo sapiens	cervix	404	HeLa	not applicable	Cancer	run404	proteomic profiling by mass spectrometry	LysArgiNase	HF170807_hmSILAC_PRMT1_off_KR_0201.raw	Nucleus (acidic extraction of histones)	20ppm	Q Exactive	SILAC heavy	NT=Carbamidomethyl; AC=4; MT=Fixed; PP=Anywhere; TA=C	NT=Oxidation; AC=35; MT=Variable; PP=Anywhere; TA=M	NT=Methyl:2H(3)13C(1); AC=329; MT=Variable; PP=Anywhere; TA=K,R	NT=Dimethyl:2H(6)13C(2); AC=330; MT=Variable; PP=Anywhere; TA=K,R	NT=Trimethyl:13C(3)2H(9); AC=1414; MT=Variable; PP=Anywhere; TA=K	NT=Label:13C(4); AC=1266; MT=Fixed; PP=Anywhere; TA=M	20ppm	404	lesSDRF v0.1.0	NT=data-dependent acquisition;AC=PRIDE:0000627	v1.1.0	NT=ms-proteomics;VV=v1.1.0
Histone samples	Homo sapiens	cervix	405	HeLa	not applicable	Cancer	run405	proteomic profiling by mass spectrometry	LysArgiNase	HF170807_hmSILAC_PRMT1_off_KR_0301.raw	Nucleus (acidic extraction of histones)	20ppm	Q Exactive	SILAC light	NT=Carbamidomethyl; AC=4; MT=Fixed; PP=Anywhere; TA=C	NT=Oxidation; AC=35; MT=Variable; PP=Anywhere; TA=M	NT=Methyl; AC=34; MT=Variable; PP=Anywhere; TA=K,R	NT=Dimethyl; AC=36; MT=Variable; PP=Anywhere; TA=K,R	NT=Trimethyl; AC=37; MT=Variable; PP=Anywhere; TA=K		20ppm	405	lesSDRF v0.1.0	NT=data-dependent acquisition;AC=PRIDE:0000627	v1.1.0	NT=ms-proteomics;VV=v1.1.0
Histone samples	Homo sapiens	cervix	405	HeLa	not applicable	Cancer	run405	proteomic profiling by mass spectrometry	LysArgiNase	HF170807_hmSILAC_PRMT1_off_KR_0301.raw	Nucleus (acidic extraction of histones)	20ppm	Q Exactive	SILAC heavy	NT=Carbamidomethyl; AC=4; MT=Fixed; PP=Anywhere; TA=C	NT=Oxidation; AC=35; MT=Variable; PP=Anywhere; TA=M	NT=Methyl:2H(3)13C(1); AC=329; MT=Variable; PP=Anywhere; TA=K,R	NT=Dimethyl:2H(6)13C(2); AC=330; MT=Variable; PP=Anywhere; TA=K,R	NT=Trimethyl:13C(3)2H(9); AC=1414; MT=Variable; PP=Anywhere; TA=K	NT=Label:13C(4); AC=1266; MT=Fixed; PP=Anywhere; TA=M	20ppm	405	lesSDRF v0.1.0	NT=data-dependent acquisition;AC=PRIDE:0000627	v1.1.0	NT=ms-proteomics;VV=v1.1.0
Histone samples	Homo sapiens	cervix	406	HeLa	not applicable	Cancer	run406	proteomic profiling by mass spectrometry	LysArgiNase	HF170807_hmSILAC_PRMT1_off_KR_0401.raw	Nucleus (acidic extraction of histones)	20ppm	Q Exactive	SILAC light	NT=Carbamidomethyl; AC=4; MT=Fixed; PP=Anywhere; TA=C	NT=Oxidation; AC=35; MT=Variable; PP=Anywhere; TA=M	NT=Methyl; AC=34; MT=Variable; PP=Anywhere; TA=K,R	NT=Dimethyl; AC=36; MT=Variable; PP=Anywhere; TA=K,R	NT=Trimethyl; AC=37; MT=Variable; PP=Anywhere; TA=K		20ppm	406	lesSDRF v0.1.0	NT=data-dependent acquisition;AC=PRIDE:0000627	v1.1.0	NT=ms-proteomics;VV=v1.1.0
Histone samples	Homo sapiens	cervix	406	HeLa	not applicable	Cancer	run406	proteomic profiling by mass spectrometry	LysArgiNase	HF170807_hmSILAC_PRMT1_off_KR_0401.raw	Nucleus (acidic extraction of histones)	20ppm	Q Exactive	SILAC heavy	NT=Carbamidomethyl; AC=4; MT=Fixed; PP=Anywhere; TA=C	NT=Oxidation; AC=35; MT=Variable; PP=Anywhere; TA=M	NT=Methyl:2H(3)13C(1); AC=329; MT=Variable; PP=Anywhere; TA=K,R	NT=Dimethyl:2H(6)13C(2); AC=330; MT=Variable; PP=Anywhere; TA=K,R	NT=Trimethyl:13C(3)2H(9); AC=1414; MT=Variable; PP=Anywhere; TA=K	NT=Label:13C(4); AC=1266; MT=Fixed; PP=Anywhere; TA=M	20ppm	406	lesSDRF v0.1.0	NT=data-dependent acquisition;AC=PRIDE:0000627	v1.1.0	NT=ms-proteomics;VV=v1.1.0
Histone samples	Homo sapiens	cervix	407	HeLa	not applicable	Cancer	run407	proteomic profiling by mass spectrometry	LysC	HF170807_hmSILAC_PRMT1_off_LysC_0101.raw	Nucleus (acidic extraction of histones)	20ppm	Q Exactive	SILAC light	NT=Carbamidomethyl; AC=4; MT=Fixed; PP=Anywhere; TA=C	NT=Oxidation; AC=35; MT=Variable; PP=Anywhere; TA=M	NT=Methyl; AC=34; MT=Variable; PP=Anywhere; TA=K,R	NT=Dimethyl; AC=36; MT=Variable; PP=Anywhere; TA=K,R	NT=Trimethyl; AC=37; MT=Variable; PP=Anywhere; TA=K		20ppm	407	lesSDRF v0.1.0	NT=data-dependent acquisition;AC=PRIDE:0000627	v1.1.0	NT=ms-proteomics;VV=v1.1.0
Histone samples	Homo sapiens	cervix	407	HeLa	not applicable	Cancer	run407	proteomic profiling by mass spectrometry	LysC	HF170807_hmSILAC_PRMT1_off_LysC_0101.raw	Nucleus (acidic extraction of histones)	20ppm	Q Exactive	SILAC heavy	NT=Carbamidomethyl; AC=4; MT=Fixed; PP=Anywhere; TA=C	NT=Oxidation; AC=35; MT=Variable; PP=Anywhere; TA=M	NT=Methyl:2H(3)13C(1); AC=329; MT=Variable; PP=Anywhere; TA=K,R	NT=Dimethyl:2H(6)13C(2); AC=330; MT=Variable; PP=Anywhere; TA=K,R	NT=Trimethyl:13C(3)2H(9); AC=1414; MT=Variable; PP=Anywhere; TA=K	NT=Label:13C(4); AC=1266; MT=Fixed; PP=Anywhere; TA=M	20ppm	407	lesSDRF v0.1.0	NT=data-dependent acquisition;AC=PRIDE:0000627	v1.1.0	NT=ms-proteomics;VV=v1.1.0
Histone samples	Homo sapiens	cervix	408	HeLa	not applicable	Cancer	run408	proteomic profiling by mass spectrometry	LysC	HF170807_hmSILAC_PRMT1_off_LysC_0201.raw	Nucleus (acidic extraction of histones)	20ppm	Q Exactive	SILAC light	NT=Carbamidomethyl; AC=4; MT=Fixed; PP=Anywhere; TA=C	NT=Oxidation; AC=35; MT=Variable; PP=Anywhere; TA=M	NT=Methyl; AC=34; MT=Variable; PP=Anywhere; TA=K,R	NT=Dimethyl; AC=36; MT=Variable; PP=Anywhere; TA=K,R	NT=Trimethyl; AC=37; MT=Variable; PP=Anywhere; TA=K		20ppm	408	lesSDRF v0.1.0	NT=data-dependent acquisition;AC=PRIDE:0000627	v1.1.0	NT=ms-proteomics;VV=v1.1.0
Histone samples	Homo sapiens	cervix	408	HeLa	not applicable	Cancer	run408	proteomic profiling by mass spectrometry	LysC	HF170807_hmSILAC_PRMT1_off_LysC_0201.raw	Nucleus (acidic extraction of histones)	20ppm	Q Exactive	SILAC heavy	NT=Carbamidomethyl; AC=4; MT=Fixed; PP=Anywhere; TA=C	NT=Oxidation; AC=35; MT=Variable; PP=Anywhere; TA=M	NT=Methyl:2H(3)13C(1); AC=329; MT=Variable; PP=Anywhere; TA=K,R	NT=Dimethyl:2H(6)13C(2); AC=330; MT=Variable; PP=Anywhere; TA=K,R	NT=Trimethyl:13C(3)2H(9); AC=1414; MT=Variable; PP=Anywhere; TA=K	NT=Label:13C(4); AC=1266; MT=Fixed; PP=Anywhere; TA=M	20ppm	408	lesSDRF v0.1.0	NT=data-dependent acquisition;AC=PRIDE:0000627	v1.1.0	NT=ms-proteomics;VV=v1.1.0
Histone samples	Homo sapiens	cervix	409	HeLa	not applicable	Cancer	run409	proteomic profiling by mass spectrometry	LysC	HF170807_hmSILAC_PRMT1_off_LysC_0301.raw	Nucleus (acidic extraction of histones)	20ppm	Q Exactive	SILAC light	NT=Carbamidomethyl; AC=4; MT=Fixed; PP=Anywhere; TA=C	NT=Oxidation; AC=35; MT=Variable; PP=Anywhere; TA=M	NT=Methyl; AC=34; MT=Variable; PP=Anywhere; TA=K,R	NT=Dimethyl; AC=36; MT=Variable; PP=Anywhere; TA=K,R	NT=Trimethyl; AC=37; MT=Variable; PP=Anywhere; TA=K		20ppm	409	lesSDRF v0.1.0	NT=data-dependent acquisition;AC=PRIDE:0000627	v1.1.0	NT=ms-proteomics;VV=v1.1.0
Histone samples	Homo sapiens	cervix	409	HeLa	not applicable	Cancer	run409	proteomic profiling by mass spectrometry	LysC	HF170807_hmSILAC_PRMT1_off_LysC_0301.raw	Nucleus (acidic extraction of histones)	20ppm	Q Exactive	SILAC heavy	NT=Carbamidomethyl; AC=4; MT=Fixed; PP=Anywhere; TA=C	NT=Oxidation; AC=35; MT=Variable; PP=Anywhere; TA=M	NT=Methyl:2H(3)13C(1); AC=329; MT=Variable; PP=Anywhere; TA=K,R	NT=Dimethyl:2H(6)13C(2); AC=330; MT=Variable; PP=Anywhere; TA=K,R	NT=Trimethyl:13C(3)2H(9); AC=1414; MT=Variable; PP=Anywhere; TA=K	NT=Label:13C(4); AC=1266; MT=Fixed; PP=Anywhere; TA=M	20ppm	409	lesSDRF v0.1.0	NT=data-dependent acquisition;AC=PRIDE:0000627	v1.1.0	NT=ms-proteomics;VV=v1.1.0
Histone samples	Homo sapiens	cervix	410	HeLa	not applicable	Cancer	run410	proteomic profiling by mass spectrometry	LysC	HF170807_hmSILAC_PRMT1_off_LysC_0401.raw	Nucleus (acidic extraction of histones)	20ppm	Q Exactive	SILAC light	NT=Carbamidomethyl; AC=4; MT=Fixed; PP=Anywhere; TA=C	NT=Oxidation; AC=35; MT=Variable; PP=Anywhere; TA=M	NT=Methyl; AC=34; MT=Variable; PP=Anywhere; TA=K,R	NT=Dimethyl; AC=36; MT=Variable; PP=Anywhere; TA=K,R	NT=Trimethyl; AC=37; MT=Variable; PP=Anywhere; TA=K		20ppm	410	lesSDRF v0.1.0	NT=data-dependent acquisition;AC=PRIDE:0000627	v1.1.0	NT=ms-proteomics;VV=v1.1.0
Histone samples	Homo sapiens	cervix	410	HeLa	not applicable	Cancer	run410	proteomic profiling by mass spectrometry	LysC	HF170807_hmSILAC_PRMT1_off_LysC_0401.raw	Nucleus (acidic extraction of histones)	20ppm	Q Exactive	SILAC heavy	NT=Carbamidomethyl; AC=4; MT=Fixed; PP=Anywhere; TA=C	NT=Oxidation; AC=35; MT=Variable; PP=Anywhere; TA=M	NT=Methyl:2H(3)13C(1); AC=329; MT=Variable; PP=Anywhere; TA=K,R	NT=Dimethyl:2H(6)13C(2); AC=330; MT=Variable; PP=Anywhere; TA=K,R	NT=Trimethyl:13C(3)2H(9); AC=1414; MT=Variable; PP=Anywhere; TA=K	NT=Label:13C(4); AC=1266; MT=Fixed; PP=Anywhere; TA=M	20ppm	410	lesSDRF v0.1.0	NT=data-dependent acquisition;AC=PRIDE:0000627	v1.1.0	NT=ms-proteomics;VV=v1.1.0
Histone samples	Homo sapiens	cervix	411	HeLa	not applicable	Cancer	run411	proteomic profiling by mass spectrometry	Trypsin	HF170807_hmSILAC_PRMT1_off_Tryp_0101.raw	Nucleus (acidic extraction of histones)	20ppm	Q Exactive	SILAC light	NT=Carbamidomethyl; AC=4; MT=Fixed; PP=Anywhere; TA=C	NT=Oxidation; AC=35; MT=Variable; PP=Anywhere; TA=M	NT=Methyl; AC=34; MT=Variable; PP=Anywhere; TA=K,R	NT=Dimethyl; AC=36; MT=Variable; PP=Anywhere; TA=K,R	NT=Trimethyl; AC=37; MT=Variable; PP=Anywhere; TA=K		20ppm	411	lesSDRF v0.1.0	NT=data-dependent acquisition;AC=PRIDE:0000627	v1.1.0	NT=ms-proteomics;VV=v1.1.0
Histone samples	Homo sapiens	cervix	411	HeLa	not applicable	Cancer	run411	proteomic profiling by mass spectrometry	Trypsin	HF170807_hmSILAC_PRMT1_off_Tryp_0101.raw	Nucleus (acidic extraction of histones)	20ppm	Q Exactive	SILAC heavy	NT=Carbamidomethyl; AC=4; MT=Fixed; PP=Anywhere; TA=C	NT=Oxidation; AC=35; MT=Variable; PP=Anywhere; TA=M	NT=Methyl:2H(3)13C(1); AC=329; MT=Variable; PP=Anywhere; TA=K,R	NT=Dimethyl:2H(6)13C(2); AC=330; MT=Variable; PP=Anywhere; TA=K,R	NT=Trimethyl:13C(3)2H(9); AC=1414; MT=Variable; PP=Anywhere; TA=K	NT=Label:13C(4); AC=1266; MT=Fixed; PP=Anywhere; TA=M	20ppm	411	lesSDRF v0.1.0	NT=data-dependent acquisition;AC=PRIDE:0000627	v1.1.0	NT=ms-proteomics;VV=v1.1.0
Histone samples	Homo sapiens	cervix	412	HeLa	not applicable	Cancer	run412	proteomic profiling by mass spectrometry	Trypsin	HF170807_hmSILAC_PRMT1_off_Tryp_0201.raw	Nucleus (acidic extraction of histones)	20ppm	Q Exactive	SILAC light	NT=Carbamidomethyl; AC=4; MT=Fixed; PP=Anywhere; TA=C	NT=Oxidation; AC=35; MT=Variable; PP=Anywhere; TA=M	NT=Methyl; AC=34; MT=Variable; PP=Anywhere; TA=K,R	NT=Dimethyl; AC=36; MT=Variable; PP=Anywhere; TA=K,R	NT=Trimethyl; AC=37; MT=Variable; PP=Anywhere; TA=K		20ppm	412	lesSDRF v0.1.0	NT=data-dependent acquisition;AC=PRIDE:0000627	v1.1.0	NT=ms-proteomics;VV=v1.1.0
Histone samples	Homo sapiens	cervix	412	HeLa	not applicable	Cancer	run412	proteomic profiling by mass spectrometry	Trypsin	HF170807_hmSILAC_PRMT1_off_Tryp_0201.raw	Nucleus (acidic extraction of histones)	20ppm	Q Exactive	SILAC heavy	NT=Carbamidomethyl; AC=4; MT=Fixed; PP=Anywhere; TA=C	NT=Oxidation; AC=35; MT=Variable; PP=Anywhere; TA=M	NT=Methyl:2H(3)13C(1); AC=329; MT=Variable; PP=Anywhere; TA=K,R	NT=Dimethyl:2H(6)13C(2); AC=330; MT=Variable; PP=Anywhere; TA=K,R	NT=Trimethyl:13C(3)2H(9); AC=1414; MT=Variable; PP=Anywhere; TA=K	NT=Label:13C(4); AC=1266; MT=Fixed; PP=Anywhere; TA=M	20ppm	412	lesSDRF v0.1.0	NT=data-dependent acquisition;AC=PRIDE:0000627	v1.1.0	NT=ms-proteomics;VV=v1.1.0
Histone samples	Homo sapiens	cervix	413	HeLa	not applicable	Cancer	run413	proteomic profiling by mass spectrometry	Trypsin	HF170807_hmSILAC_PRMT1_off_Tryp_0301.raw	Nucleus (acidic extraction of histones)	20ppm	Q Exactive	SILAC light	NT=Carbamidomethyl; AC=4; MT=Fixed; PP=Anywhere; TA=C	NT=Oxidation; AC=35; MT=Variable; PP=Anywhere; TA=M	NT=Methyl; AC=34; MT=Variable; PP=Anywhere; TA=K,R	NT=Dimethyl; AC=36; MT=Variable; PP=Anywhere; TA=K,R	NT=Trimethyl; AC=37; MT=Variable; PP=Anywhere; TA=K		20ppm	413	lesSDRF v0.1.0	NT=data-dependent acquisition;AC=PRIDE:0000627	v1.1.0	NT=ms-proteomics;VV=v1.1.0
Histone samples	Homo sapiens	cervix	413	HeLa	not applicable	Cancer	run413	proteomic profiling by mass spectrometry	Trypsin	HF170807_hmSILAC_PRMT1_off_Tryp_0301.raw	Nucleus (acidic extraction of histones)	20ppm	Q Exactive	SILAC heavy	NT=Carbamidomethyl; AC=4; MT=Fixed; PP=Anywhere; TA=C	NT=Oxidation; AC=35; MT=Variable; PP=Anywhere; TA=M	NT=Methyl:2H(3)13C(1); AC=329; MT=Variable; PP=Anywhere; TA=K,R	NT=Dimethyl:2H(6)13C(2); AC=330; MT=Variable; PP=Anywhere; TA=K,R	NT=Trimethyl:13C(3)2H(9); AC=1414; MT=Variable; PP=Anywhere; TA=K	NT=Label:13C(4); AC=1266; MT=Fixed; PP=Anywhere; TA=M	20ppm	413	lesSDRF v0.1.0	NT=data-dependent acquisition;AC=PRIDE:0000627	v1.1.0	NT=ms-proteomics;VV=v1.1.0
Histone samples	Homo sapiens	cervix	414	HeLa	not applicable	Cancer	run414	proteomic profiling by mass spectrometry	Trypsin	HF170807_hmSILAC_PRMT1_off_Tryp_0401.raw	Nucleus (acidic extraction of histones)	20ppm	Q Exactive	SILAC light	NT=Carbamidomethyl; AC=4; MT=Fixed; PP=Anywhere; TA=C	NT=Oxidation; AC=35; MT=Variable; PP=Anywhere; TA=M	NT=Methyl; AC=34; MT=Variable; PP=Anywhere; TA=K,R	NT=Dimethyl; AC=36; MT=Variable; PP=Anywhere; TA=K,R	NT=Trimethyl; AC=37; MT=Variable; PP=Anywhere; TA=K		20ppm	414	lesSDRF v0.1.0	NT=data-dependent acquisition;AC=PRIDE:0000627	v1.1.0	NT=ms-proteomics;VV=v1.1.0
Histone samples	Homo sapiens	cervix	414	HeLa	not applicable	Cancer	run414	proteomic profiling by mass spectrometry	Trypsin	HF170807_hmSILAC_PRMT1_off_Tryp_0401.raw	Nucleus (acidic extraction of histones)	20ppm	Q Exactive	SILAC heavy	NT=Carbamidomethyl; AC=4; MT=Fixed; PP=Anywhere; TA=C	NT=Oxidation; AC=35; MT=Variable; PP=Anywhere; TA=M	NT=Methyl:2H(3)13C(1); AC=329; MT=Variable; PP=Anywhere; TA=K,R	NT=Dimethyl:2H(6)13C(2); AC=330; MT=Variable; PP=Anywhere; TA=K,R	NT=Trimethyl:13C(3)2H(9); AC=1414; MT=Variable; PP=Anywhere; TA=K	NT=Label:13C(4); AC=1266; MT=Fixed; PP=Anywhere; TA=M	20ppm	414	lesSDRF v0.1.0	NT=data-dependent acquisition;AC=PRIDE:0000627	v1.1.0	NT=ms-proteomics;VV=v1.1.0
U2OS_peptide_IP	Homo sapiens	Bone marrow	415	U2OS	not applicable	Cancer	run415	proteomic profiling by mass spectrometry	Trypsin	HF200109_MM_ADMA_10.raw	WCE	20ppm	Q Exactive	SILAC light	NT=Carbamidomethyl; AC=4; MT=Fixed; PP=Anywhere; TA=C	NT=Oxidation; AC=35; MT=Variable; PP=Anywhere; TA=M	NT=Methyl; AC=34; MT=Variable; PP=Anywhere; TA=K,R	NT=Dimethyl; AC=36; MT=Variable; PP=Anywhere; TA=K,R	NT=Trimethyl; AC=37; MT=Variable; PP=Anywhere; TA=K		20ppm	415	lesSDRF v0.1.0	NT=data-dependent acquisition;AC=PRIDE:0000627	v1.1.0	NT=ms-proteomics;VV=v1.1.0
U2OS_peptide_IP	Homo sapiens	Bone marrow	415	U2OS	not applicable	Cancer	run415	proteomic profiling by mass spectrometry	Trypsin	HF200109_MM_ADMA_10.raw	WCE	20ppm	Q Exactive	SILAC heavy	NT=Carbamidomethyl; AC=4; MT=Fixed; PP=Anywhere; TA=C	NT=Oxidation; AC=35; MT=Variable; PP=Anywhere; TA=M	NT=Methyl:2H(3)13C(1); AC=329; MT=Variable; PP=Anywhere; TA=K,R	NT=Dimethyl:2H(6)13C(2); AC=330; MT=Variable; PP=Anywhere; TA=K,R	NT=Trimethyl:13C(3)2H(9); AC=1414; MT=Variable; PP=Anywhere; TA=K	NT=Label:13C(4); AC=1266; MT=Fixed; PP=Anywhere; TA=M	20ppm	415	lesSDRF v0.1.0	NT=data-dependent acquisition;AC=PRIDE:0000627	v1.1.0	NT=ms-proteomics;VV=v1.1.0
U2OS_peptide_IP	Homo sapiens	Bone marrow	416	U2OS	not applicable	Cancer	run416	proteomic profiling by mass spectrometry	Trypsin	HF200109_MM_ADMA_11.raw	WCE	20ppm	Q Exactive	SILAC light	NT=Carbamidomethyl; AC=4; MT=Fixed; PP=Anywhere; TA=C	NT=Oxidation; AC=35; MT=Variable; PP=Anywhere; TA=M	NT=Methyl; AC=34; MT=Variable; PP=Anywhere; TA=K,R	NT=Dimethyl; AC=36; MT=Variable; PP=Anywhere; TA=K,R	NT=Trimethyl; AC=37; MT=Variable; PP=Anywhere; TA=K		20ppm	416	lesSDRF v0.1.0	NT=data-dependent acquisition;AC=PRIDE:0000627	v1.1.0	NT=ms-proteomics;VV=v1.1.0
U2OS_peptide_IP	Homo sapiens	Bone marrow	416	U2OS	not applicable	Cancer	run416	proteomic profiling by mass spectrometry	Trypsin	HF200109_MM_ADMA_11.raw	WCE	20ppm	Q Exactive	SILAC heavy	NT=Carbamidomethyl; AC=4; MT=Fixed; PP=Anywhere; TA=C	NT=Oxidation; AC=35; MT=Variable; PP=Anywhere; TA=M	NT=Methyl:2H(3)13C(1); AC=329; MT=Variable; PP=Anywhere; TA=K,R	NT=Dimethyl:2H(6)13C(2); AC=330; MT=Variable; PP=Anywhere; TA=K,R	NT=Trimethyl:13C(3)2H(9); AC=1414; MT=Variable; PP=Anywhere; TA=K	NT=Label:13C(4); AC=1266; MT=Fixed; PP=Anywhere; TA=M	20ppm	416	lesSDRF v0.1.0	NT=data-dependent acquisition;AC=PRIDE:0000627	v1.1.0	NT=ms-proteomics;VV=v1.1.0
U2OS_peptide_IP	Homo sapiens	Bone marrow	417	U2OS	not applicable	Cancer	run417	proteomic profiling by mass spectrometry	Trypsin	HF200109_MM_ADMA_12.raw	WCE	20ppm	Q Exactive	SILAC light	NT=Carbamidomethyl; AC=4; MT=Fixed; PP=Anywhere; TA=C	NT=Oxidation; AC=35; MT=Variable; PP=Anywhere; TA=M	NT=Methyl; AC=34; MT=Variable; PP=Anywhere; TA=K,R	NT=Dimethyl; AC=36; MT=Variable; PP=Anywhere; TA=K,R	NT=Trimethyl; AC=37; MT=Variable; PP=Anywhere; TA=K		20ppm	417	lesSDRF v0.1.0	NT=data-dependent acquisition;AC=PRIDE:0000627	v1.1.0	NT=ms-proteomics;VV=v1.1.0
U2OS_peptide_IP	Homo sapiens	Bone marrow	417	U2OS	not applicable	Cancer	run417	proteomic profiling by mass spectrometry	Trypsin	HF200109_MM_ADMA_12.raw	WCE	20ppm	Q Exactive	SILAC heavy	NT=Carbamidomethyl; AC=4; MT=Fixed; PP=Anywhere; TA=C	NT=Oxidation; AC=35; MT=Variable; PP=Anywhere; TA=M	NT=Methyl:2H(3)13C(1); AC=329; MT=Variable; PP=Anywhere; TA=K,R	NT=Dimethyl:2H(6)13C(2); AC=330; MT=Variable; PP=Anywhere; TA=K,R	NT=Trimethyl:13C(3)2H(9); AC=1414; MT=Variable; PP=Anywhere; TA=K	NT=Label:13C(4); AC=1266; MT=Fixed; PP=Anywhere; TA=M	20ppm	417	lesSDRF v0.1.0	NT=data-dependent acquisition;AC=PRIDE:0000627	v1.1.0	NT=ms-proteomics;VV=v1.1.0
U2OS_peptide_IP	Homo sapiens	Bone marrow	418	U2OS	not applicable	Cancer	run418	proteomic profiling by mass spectrometry	Trypsin	HF200109_MM_ADMA_13.raw	WCE	20ppm	Q Exactive	SILAC light	NT=Carbamidomethyl; AC=4; MT=Fixed; PP=Anywhere; TA=C	NT=Oxidation; AC=35; MT=Variable; PP=Anywhere; TA=M	NT=Methyl; AC=34; MT=Variable; PP=Anywhere; TA=K,R	NT=Dimethyl; AC=36; MT=Variable; PP=Anywhere; TA=K,R	NT=Trimethyl; AC=37; MT=Variable; PP=Anywhere; TA=K		20ppm	418	lesSDRF v0.1.0	NT=data-dependent acquisition;AC=PRIDE:0000627	v1.1.0	NT=ms-proteomics;VV=v1.1.0
U2OS_peptide_IP	Homo sapiens	Bone marrow	418	U2OS	not applicable	Cancer	run418	proteomic profiling by mass spectrometry	Trypsin	HF200109_MM_ADMA_13.raw	WCE	20ppm	Q Exactive	SILAC heavy	NT=Carbamidomethyl; AC=4; MT=Fixed; PP=Anywhere; TA=C	NT=Oxidation; AC=35; MT=Variable; PP=Anywhere; TA=M	NT=Methyl:2H(3)13C(1); AC=329; MT=Variable; PP=Anywhere; TA=K,R	NT=Dimethyl:2H(6)13C(2); AC=330; MT=Variable; PP=Anywhere; TA=K,R	NT=Trimethyl:13C(3)2H(9); AC=1414; MT=Variable; PP=Anywhere; TA=K	NT=Label:13C(4); AC=1266; MT=Fixed; PP=Anywhere; TA=M	20ppm	418	lesSDRF v0.1.0	NT=data-dependent acquisition;AC=PRIDE:0000627	v1.1.0	NT=ms-proteomics;VV=v1.1.0
U2OS_peptide_IP	Homo sapiens	Bone marrow	419	U2OS	not applicable	Cancer	run419	proteomic profiling by mass spectrometry	Trypsin	HF200109_MM_ADMA_14.raw	WCE	20ppm	Q Exactive	SILAC light	NT=Carbamidomethyl; AC=4; MT=Fixed; PP=Anywhere; TA=C	NT=Oxidation; AC=35; MT=Variable; PP=Anywhere; TA=M	NT=Methyl; AC=34; MT=Variable; PP=Anywhere; TA=K,R	NT=Dimethyl; AC=36; MT=Variable; PP=Anywhere; TA=K,R	NT=Trimethyl; AC=37; MT=Variable; PP=Anywhere; TA=K		20ppm	419	lesSDRF v0.1.0	NT=data-dependent acquisition;AC=PRIDE:0000627	v1.1.0	NT=ms-proteomics;VV=v1.1.0
U2OS_peptide_IP	Homo sapiens	Bone marrow	419	U2OS	not applicable	Cancer	run419	proteomic profiling by mass spectrometry	Trypsin	HF200109_MM_ADMA_14.raw	WCE	20ppm	Q Exactive	SILAC heavy	NT=Carbamidomethyl; AC=4; MT=Fixed; PP=Anywhere; TA=C	NT=Oxidation; AC=35; MT=Variable; PP=Anywhere; TA=M	NT=Methyl:2H(3)13C(1); AC=329; MT=Variable; PP=Anywhere; TA=K,R	NT=Dimethyl:2H(6)13C(2); AC=330; MT=Variable; PP=Anywhere; TA=K,R	NT=Trimethyl:13C(3)2H(9); AC=1414; MT=Variable; PP=Anywhere; TA=K	NT=Label:13C(4); AC=1266; MT=Fixed; PP=Anywhere; TA=M	20ppm	419	lesSDRF v0.1.0	NT=data-dependent acquisition;AC=PRIDE:0000627	v1.1.0	NT=ms-proteomics;VV=v1.1.0
U2OS_peptide_IP	Homo sapiens	Bone marrow	420	U2OS	not applicable	Cancer	run420	proteomic profiling by mass spectrometry	Trypsin	HF200109_MM_ADMA_15.raw	WCE	20ppm	Q Exactive	SILAC light	NT=Carbamidomethyl; AC=4; MT=Fixed; PP=Anywhere; TA=C	NT=Oxidation; AC=35; MT=Variable; PP=Anywhere; TA=M	NT=Methyl; AC=34; MT=Variable; PP=Anywhere; TA=K,R	NT=Dimethyl; AC=36; MT=Variable; PP=Anywhere; TA=K,R	NT=Trimethyl; AC=37; MT=Variable; PP=Anywhere; TA=K		20ppm	420	lesSDRF v0.1.0	NT=data-dependent acquisition;AC=PRIDE:0000627	v1.1.0	NT=ms-proteomics;VV=v1.1.0
U2OS_peptide_IP	Homo sapiens	Bone marrow	420	U2OS	not applicable	Cancer	run420	proteomic profiling by mass spectrometry	Trypsin	HF200109_MM_ADMA_15.raw	WCE	20ppm	Q Exactive	SILAC heavy	NT=Carbamidomethyl; AC=4; MT=Fixed; PP=Anywhere; TA=C	NT=Oxidation; AC=35; MT=Variable; PP=Anywhere; TA=M	NT=Methyl:2H(3)13C(1); AC=329; MT=Variable; PP=Anywhere; TA=K,R	NT=Dimethyl:2H(6)13C(2); AC=330; MT=Variable; PP=Anywhere; TA=K,R	NT=Trimethyl:13C(3)2H(9); AC=1414; MT=Variable; PP=Anywhere; TA=K	NT=Label:13C(4); AC=1266; MT=Fixed; PP=Anywhere; TA=M	20ppm	420	lesSDRF v0.1.0	NT=data-dependent acquisition;AC=PRIDE:0000627	v1.1.0	NT=ms-proteomics;VV=v1.1.0
U2OS_peptide_IP	Homo sapiens	Bone marrow	421	U2OS	not applicable	Cancer	run421	proteomic profiling by mass spectrometry	Trypsin	HF200109_MM_ADMA_16.raw	WCE	20ppm	Q Exactive	SILAC light	NT=Carbamidomethyl; AC=4; MT=Fixed; PP=Anywhere; TA=C	NT=Oxidation; AC=35; MT=Variable; PP=Anywhere; TA=M	NT=Methyl; AC=34; MT=Variable; PP=Anywhere; TA=K,R	NT=Dimethyl; AC=36; MT=Variable; PP=Anywhere; TA=K,R	NT=Trimethyl; AC=37; MT=Variable; PP=Anywhere; TA=K		20ppm	421	lesSDRF v0.1.0	NT=data-dependent acquisition;AC=PRIDE:0000627	v1.1.0	NT=ms-proteomics;VV=v1.1.0
U2OS_peptide_IP	Homo sapiens	Bone marrow	421	U2OS	not applicable	Cancer	run421	proteomic profiling by mass spectrometry	Trypsin	HF200109_MM_ADMA_16.raw	WCE	20ppm	Q Exactive	SILAC heavy	NT=Carbamidomethyl; AC=4; MT=Fixed; PP=Anywhere; TA=C	NT=Oxidation; AC=35; MT=Variable; PP=Anywhere; TA=M	NT=Methyl:2H(3)13C(1); AC=329; MT=Variable; PP=Anywhere; TA=K,R	NT=Dimethyl:2H(6)13C(2); AC=330; MT=Variable; PP=Anywhere; TA=K,R	NT=Trimethyl:13C(3)2H(9); AC=1414; MT=Variable; PP=Anywhere; TA=K	NT=Label:13C(4); AC=1266; MT=Fixed; PP=Anywhere; TA=M	20ppm	421	lesSDRF v0.1.0	NT=data-dependent acquisition;AC=PRIDE:0000627	v1.1.0	NT=ms-proteomics;VV=v1.1.0
U2OS_peptide_IP	Homo sapiens	Bone marrow	422	U2OS	not applicable	Cancer	run422	proteomic profiling by mass spectrometry	Trypsin	HF200109_MM_ADMA_17.raw	WCE	20ppm	Q Exactive	SILAC light	NT=Carbamidomethyl; AC=4; MT=Fixed; PP=Anywhere; TA=C	NT=Oxidation; AC=35; MT=Variable; PP=Anywhere; TA=M	NT=Methyl; AC=34; MT=Variable; PP=Anywhere; TA=K,R	NT=Dimethyl; AC=36; MT=Variable; PP=Anywhere; TA=K,R	NT=Trimethyl; AC=37; MT=Variable; PP=Anywhere; TA=K		20ppm	422	lesSDRF v0.1.0	NT=data-dependent acquisition;AC=PRIDE:0000627	v1.1.0	NT=ms-proteomics;VV=v1.1.0
U2OS_peptide_IP	Homo sapiens	Bone marrow	422	U2OS	not applicable	Cancer	run422	proteomic profiling by mass spectrometry	Trypsin	HF200109_MM_ADMA_17.raw	WCE	20ppm	Q Exactive	SILAC heavy	NT=Carbamidomethyl; AC=4; MT=Fixed; PP=Anywhere; TA=C	NT=Oxidation; AC=35; MT=Variable; PP=Anywhere; TA=M	NT=Methyl:2H(3)13C(1); AC=329; MT=Variable; PP=Anywhere; TA=K,R	NT=Dimethyl:2H(6)13C(2); AC=330; MT=Variable; PP=Anywhere; TA=K,R	NT=Trimethyl:13C(3)2H(9); AC=1414; MT=Variable; PP=Anywhere; TA=K	NT=Label:13C(4); AC=1266; MT=Fixed; PP=Anywhere; TA=M	20ppm	422	lesSDRF v0.1.0	NT=data-dependent acquisition;AC=PRIDE:0000627	v1.1.0	NT=ms-proteomics;VV=v1.1.0
U2OS_peptide_IP	Homo sapiens	Bone marrow	423	U2OS	not applicable	Cancer	run423	proteomic profiling by mass spectrometry	Trypsin	HF200109_MM_ADMA_18.raw	WCE	20ppm	Q Exactive	SILAC light	NT=Carbamidomethyl; AC=4; MT=Fixed; PP=Anywhere; TA=C	NT=Oxidation; AC=35; MT=Variable; PP=Anywhere; TA=M	NT=Methyl; AC=34; MT=Variable; PP=Anywhere; TA=K,R	NT=Dimethyl; AC=36; MT=Variable; PP=Anywhere; TA=K,R	NT=Trimethyl; AC=37; MT=Variable; PP=Anywhere; TA=K		20ppm	423	lesSDRF v0.1.0	NT=data-dependent acquisition;AC=PRIDE:0000627	v1.1.0	NT=ms-proteomics;VV=v1.1.0
U2OS_peptide_IP	Homo sapiens	Bone marrow	423	U2OS	not applicable	Cancer	run423	proteomic profiling by mass spectrometry	Trypsin	HF200109_MM_ADMA_18.raw	WCE	20ppm	Q Exactive	SILAC heavy	NT=Carbamidomethyl; AC=4; MT=Fixed; PP=Anywhere; TA=C	NT=Oxidation; AC=35; MT=Variable; PP=Anywhere; TA=M	NT=Methyl:2H(3)13C(1); AC=329; MT=Variable; PP=Anywhere; TA=K,R	NT=Dimethyl:2H(6)13C(2); AC=330; MT=Variable; PP=Anywhere; TA=K,R	NT=Trimethyl:13C(3)2H(9); AC=1414; MT=Variable; PP=Anywhere; TA=K	NT=Label:13C(4); AC=1266; MT=Fixed; PP=Anywhere; TA=M	20ppm	423	lesSDRF v0.1.0	NT=data-dependent acquisition;AC=PRIDE:0000627	v1.1.0	NT=ms-proteomics;VV=v1.1.0
U2OS_input	Homo sapiens	Bone marrow	424	U2OS	not applicable	Cancer	run424	proteomic profiling by mass spectrometry	Trypsin	HF200109_MM_Input_1.raw	WCE	20ppm	Q Exactive	SILAC light	NT=Carbamidomethyl; AC=4; MT=Fixed; PP=Anywhere; TA=C	NT=Oxidation; AC=35; MT=Variable; PP=Anywhere; TA=M	NT=Methyl; AC=34; MT=Variable; PP=Anywhere; TA=K,R	NT=Dimethyl; AC=36; MT=Variable; PP=Anywhere; TA=K,R	NT=Trimethyl; AC=37; MT=Variable; PP=Anywhere; TA=K		20ppm	424	lesSDRF v0.1.0	NT=data-dependent acquisition;AC=PRIDE:0000627	v1.1.0	NT=ms-proteomics;VV=v1.1.0
U2OS_input	Homo sapiens	Bone marrow	424	U2OS	not applicable	Cancer	run424	proteomic profiling by mass spectrometry	Trypsin	HF200109_MM_Input_1.raw	WCE	20ppm	Q Exactive	SILAC heavy	NT=Carbamidomethyl; AC=4; MT=Fixed; PP=Anywhere; TA=C	NT=Oxidation; AC=35; MT=Variable; PP=Anywhere; TA=M	NT=Methyl:2H(3)13C(1); AC=329; MT=Variable; PP=Anywhere; TA=K,R	NT=Dimethyl:2H(6)13C(2); AC=330; MT=Variable; PP=Anywhere; TA=K,R	NT=Trimethyl:13C(3)2H(9); AC=1414; MT=Variable; PP=Anywhere; TA=K	NT=Label:13C(4); AC=1266; MT=Fixed; PP=Anywhere; TA=M	20ppm	424	lesSDRF v0.1.0	NT=data-dependent acquisition;AC=PRIDE:0000627	v1.1.0	NT=ms-proteomics;VV=v1.1.0
U2OS_input	Homo sapiens	Bone marrow	425	U2OS	not applicable	Cancer	run425	proteomic profiling by mass spectrometry	Trypsin	HF200109_MM_Input_2.raw	WCE	20ppm	Q Exactive	SILAC light	NT=Carbamidomethyl; AC=4; MT=Fixed; PP=Anywhere; TA=C	NT=Oxidation; AC=35; MT=Variable; PP=Anywhere; TA=M	NT=Methyl; AC=34; MT=Variable; PP=Anywhere; TA=K,R	NT=Dimethyl; AC=36; MT=Variable; PP=Anywhere; TA=K,R	NT=Trimethyl; AC=37; MT=Variable; PP=Anywhere; TA=K		20ppm	425	lesSDRF v0.1.0	NT=data-dependent acquisition;AC=PRIDE:0000627	v1.1.0	NT=ms-proteomics;VV=v1.1.0
U2OS_input	Homo sapiens	Bone marrow	425	U2OS	not applicable	Cancer	run425	proteomic profiling by mass spectrometry	Trypsin	HF200109_MM_Input_2.raw	WCE	20ppm	Q Exactive	SILAC heavy	NT=Carbamidomethyl; AC=4; MT=Fixed; PP=Anywhere; TA=C	NT=Oxidation; AC=35; MT=Variable; PP=Anywhere; TA=M	NT=Methyl:2H(3)13C(1); AC=329; MT=Variable; PP=Anywhere; TA=K,R	NT=Dimethyl:2H(6)13C(2); AC=330; MT=Variable; PP=Anywhere; TA=K,R	NT=Trimethyl:13C(3)2H(9); AC=1414; MT=Variable; PP=Anywhere; TA=K	NT=Label:13C(4); AC=1266; MT=Fixed; PP=Anywhere; TA=M	20ppm	425	lesSDRF v0.1.0	NT=data-dependent acquisition;AC=PRIDE:0000627	v1.1.0	NT=ms-proteomics;VV=v1.1.0
U2OS_input	Homo sapiens	Bone marrow	426	U2OS	not applicable	Cancer	run426	proteomic profiling by mass spectrometry	Trypsin	HF200109_MM_Input_28.raw	WCE	20ppm	Q Exactive	SILAC light	NT=Carbamidomethyl; AC=4; MT=Fixed; PP=Anywhere; TA=C	NT=Oxidation; AC=35; MT=Variable; PP=Anywhere; TA=M	NT=Methyl; AC=34; MT=Variable; PP=Anywhere; TA=K,R	NT=Dimethyl; AC=36; MT=Variable; PP=Anywhere; TA=K,R	NT=Trimethyl; AC=37; MT=Variable; PP=Anywhere; TA=K		20ppm	426	lesSDRF v0.1.0	NT=data-dependent acquisition;AC=PRIDE:0000627	v1.1.0	NT=ms-proteomics;VV=v1.1.0
U2OS_input	Homo sapiens	Bone marrow	426	U2OS	not applicable	Cancer	run426	proteomic profiling by mass spectrometry	Trypsin	HF200109_MM_Input_28.raw	WCE	20ppm	Q Exactive	SILAC heavy	NT=Carbamidomethyl; AC=4; MT=Fixed; PP=Anywhere; TA=C	NT=Oxidation; AC=35; MT=Variable; PP=Anywhere; TA=M	NT=Methyl:2H(3)13C(1); AC=329; MT=Variable; PP=Anywhere; TA=K,R	NT=Dimethyl:2H(6)13C(2); AC=330; MT=Variable; PP=Anywhere; TA=K,R	NT=Trimethyl:13C(3)2H(9); AC=1414; MT=Variable; PP=Anywhere; TA=K	NT=Label:13C(4); AC=1266; MT=Fixed; PP=Anywhere; TA=M	20ppm	426	lesSDRF v0.1.0	NT=data-dependent acquisition;AC=PRIDE:0000627	v1.1.0	NT=ms-proteomics;VV=v1.1.0
U2OS_input	Homo sapiens	Bone marrow	427	U2OS	not applicable	Cancer	run427	proteomic profiling by mass spectrometry	Trypsin	HF200109_MM_Input_29.raw	WCE	20ppm	Q Exactive	SILAC light	NT=Carbamidomethyl; AC=4; MT=Fixed; PP=Anywhere; TA=C	NT=Oxidation; AC=35; MT=Variable; PP=Anywhere; TA=M	NT=Methyl; AC=34; MT=Variable; PP=Anywhere; TA=K,R	NT=Dimethyl; AC=36; MT=Variable; PP=Anywhere; TA=K,R	NT=Trimethyl; AC=37; MT=Variable; PP=Anywhere; TA=K		20ppm	427	lesSDRF v0.1.0	NT=data-dependent acquisition;AC=PRIDE:0000627	v1.1.0	NT=ms-proteomics;VV=v1.1.0
U2OS_input	Homo sapiens	Bone marrow	427	U2OS	not applicable	Cancer	run427	proteomic profiling by mass spectrometry	Trypsin	HF200109_MM_Input_29.raw	WCE	20ppm	Q Exactive	SILAC heavy	NT=Carbamidomethyl; AC=4; MT=Fixed; PP=Anywhere; TA=C	NT=Oxidation; AC=35; MT=Variable; PP=Anywhere; TA=M	NT=Methyl:2H(3)13C(1); AC=329; MT=Variable; PP=Anywhere; TA=K,R	NT=Dimethyl:2H(6)13C(2); AC=330; MT=Variable; PP=Anywhere; TA=K,R	NT=Trimethyl:13C(3)2H(9); AC=1414; MT=Variable; PP=Anywhere; TA=K	NT=Label:13C(4); AC=1266; MT=Fixed; PP=Anywhere; TA=M	20ppm	427	lesSDRF v0.1.0	NT=data-dependent acquisition;AC=PRIDE:0000627	v1.1.0	NT=ms-proteomics;VV=v1.1.0
U2OS_input	Homo sapiens	Bone marrow	428	U2OS	not applicable	Cancer	run428	proteomic profiling by mass spectrometry	Trypsin	HF200109_MM_Input_3.raw	WCE	20ppm	Q Exactive	SILAC light	NT=Carbamidomethyl; AC=4; MT=Fixed; PP=Anywhere; TA=C	NT=Oxidation; AC=35; MT=Variable; PP=Anywhere; TA=M	NT=Methyl; AC=34; MT=Variable; PP=Anywhere; TA=K,R	NT=Dimethyl; AC=36; MT=Variable; PP=Anywhere; TA=K,R	NT=Trimethyl; AC=37; MT=Variable; PP=Anywhere; TA=K		20ppm	428	lesSDRF v0.1.0	NT=data-dependent acquisition;AC=PRIDE:0000627	v1.1.0	NT=ms-proteomics;VV=v1.1.0
U2OS_input	Homo sapiens	Bone marrow	428	U2OS	not applicable	Cancer	run428	proteomic profiling by mass spectrometry	Trypsin	HF200109_MM_Input_3.raw	WCE	20ppm	Q Exactive	SILAC heavy	NT=Carbamidomethyl; AC=4; MT=Fixed; PP=Anywhere; TA=C	NT=Oxidation; AC=35; MT=Variable; PP=Anywhere; TA=M	NT=Methyl:2H(3)13C(1); AC=329; MT=Variable; PP=Anywhere; TA=K,R	NT=Dimethyl:2H(6)13C(2); AC=330; MT=Variable; PP=Anywhere; TA=K,R	NT=Trimethyl:13C(3)2H(9); AC=1414; MT=Variable; PP=Anywhere; TA=K	NT=Label:13C(4); AC=1266; MT=Fixed; PP=Anywhere; TA=M	20ppm	428	lesSDRF v0.1.0	NT=data-dependent acquisition;AC=PRIDE:0000627	v1.1.0	NT=ms-proteomics;VV=v1.1.0
U2OS_input	Homo sapiens	Bone marrow	429	U2OS	not applicable	Cancer	run429	proteomic profiling by mass spectrometry	Trypsin	HF200109_MM_Input_30.raw	WCE	20ppm	Q Exactive	SILAC light	NT=Carbamidomethyl; AC=4; MT=Fixed; PP=Anywhere; TA=C	NT=Oxidation; AC=35; MT=Variable; PP=Anywhere; TA=M	NT=Methyl; AC=34; MT=Variable; PP=Anywhere; TA=K,R	NT=Dimethyl; AC=36; MT=Variable; PP=Anywhere; TA=K,R	NT=Trimethyl; AC=37; MT=Variable; PP=Anywhere; TA=K		20ppm	429	lesSDRF v0.1.0	NT=data-dependent acquisition;AC=PRIDE:0000627	v1.1.0	NT=ms-proteomics;VV=v1.1.0
U2OS_input	Homo sapiens	Bone marrow	429	U2OS	not applicable	Cancer	run429	proteomic profiling by mass spectrometry	Trypsin	HF200109_MM_Input_30.raw	WCE	20ppm	Q Exactive	SILAC heavy	NT=Carbamidomethyl; AC=4; MT=Fixed; PP=Anywhere; TA=C	NT=Oxidation; AC=35; MT=Variable; PP=Anywhere; TA=M	NT=Methyl:2H(3)13C(1); AC=329; MT=Variable; PP=Anywhere; TA=K,R	NT=Dimethyl:2H(6)13C(2); AC=330; MT=Variable; PP=Anywhere; TA=K,R	NT=Trimethyl:13C(3)2H(9); AC=1414; MT=Variable; PP=Anywhere; TA=K	NT=Label:13C(4); AC=1266; MT=Fixed; PP=Anywhere; TA=M	20ppm	429	lesSDRF v0.1.0	NT=data-dependent acquisition;AC=PRIDE:0000627	v1.1.0	NT=ms-proteomics;VV=v1.1.0
U2OS_input	Homo sapiens	Bone marrow	430	U2OS	not applicable	Cancer	run430	proteomic profiling by mass spectrometry	Trypsin	HF200109_MM_Input_31.raw	WCE	20ppm	Q Exactive	SILAC light	NT=Carbamidomethyl; AC=4; MT=Fixed; PP=Anywhere; TA=C	NT=Oxidation; AC=35; MT=Variable; PP=Anywhere; TA=M	NT=Methyl; AC=34; MT=Variable; PP=Anywhere; TA=K,R	NT=Dimethyl; AC=36; MT=Variable; PP=Anywhere; TA=K,R	NT=Trimethyl; AC=37; MT=Variable; PP=Anywhere; TA=K		20ppm	430	lesSDRF v0.1.0	NT=data-dependent acquisition;AC=PRIDE:0000627	v1.1.0	NT=ms-proteomics;VV=v1.1.0
U2OS_input	Homo sapiens	Bone marrow	430	U2OS	not applicable	Cancer	run430	proteomic profiling by mass spectrometry	Trypsin	HF200109_MM_Input_31.raw	WCE	20ppm	Q Exactive	SILAC heavy	NT=Carbamidomethyl; AC=4; MT=Fixed; PP=Anywhere; TA=C	NT=Oxidation; AC=35; MT=Variable; PP=Anywhere; TA=M	NT=Methyl:2H(3)13C(1); AC=329; MT=Variable; PP=Anywhere; TA=K,R	NT=Dimethyl:2H(6)13C(2); AC=330; MT=Variable; PP=Anywhere; TA=K,R	NT=Trimethyl:13C(3)2H(9); AC=1414; MT=Variable; PP=Anywhere; TA=K	NT=Label:13C(4); AC=1266; MT=Fixed; PP=Anywhere; TA=M	20ppm	430	lesSDRF v0.1.0	NT=data-dependent acquisition;AC=PRIDE:0000627	v1.1.0	NT=ms-proteomics;VV=v1.1.0
U2OS_input	Homo sapiens	Bone marrow	431	U2OS	not applicable	Cancer	run431	proteomic profiling by mass spectrometry	Trypsin	HF200109_MM_Input_32.raw	WCE	20ppm	Q Exactive	SILAC light	NT=Carbamidomethyl; AC=4; MT=Fixed; PP=Anywhere; TA=C	NT=Oxidation; AC=35; MT=Variable; PP=Anywhere; TA=M	NT=Methyl; AC=34; MT=Variable; PP=Anywhere; TA=K,R	NT=Dimethyl; AC=36; MT=Variable; PP=Anywhere; TA=K,R	NT=Trimethyl; AC=37; MT=Variable; PP=Anywhere; TA=K		20ppm	431	lesSDRF v0.1.0	NT=data-dependent acquisition;AC=PRIDE:0000627	v1.1.0	NT=ms-proteomics;VV=v1.1.0
U2OS_input	Homo sapiens	Bone marrow	431	U2OS	not applicable	Cancer	run431	proteomic profiling by mass spectrometry	Trypsin	HF200109_MM_Input_32.raw	WCE	20ppm	Q Exactive	SILAC heavy	NT=Carbamidomethyl; AC=4; MT=Fixed; PP=Anywhere; TA=C	NT=Oxidation; AC=35; MT=Variable; PP=Anywhere; TA=M	NT=Methyl:2H(3)13C(1); AC=329; MT=Variable; PP=Anywhere; TA=K,R	NT=Dimethyl:2H(6)13C(2); AC=330; MT=Variable; PP=Anywhere; TA=K,R	NT=Trimethyl:13C(3)2H(9); AC=1414; MT=Variable; PP=Anywhere; TA=K	NT=Label:13C(4); AC=1266; MT=Fixed; PP=Anywhere; TA=M	20ppm	431	lesSDRF v0.1.0	NT=data-dependent acquisition;AC=PRIDE:0000627	v1.1.0	NT=ms-proteomics;VV=v1.1.0
U2OS_input	Homo sapiens	Bone marrow	432	U2OS	not applicable	Cancer	run432	proteomic profiling by mass spectrometry	Trypsin	HF200109_MM_Input_33.raw	WCE	20ppm	Q Exactive	SILAC light	NT=Carbamidomethyl; AC=4; MT=Fixed; PP=Anywhere; TA=C	NT=Oxidation; AC=35; MT=Variable; PP=Anywhere; TA=M	NT=Methyl; AC=34; MT=Variable; PP=Anywhere; TA=K,R	NT=Dimethyl; AC=36; MT=Variable; PP=Anywhere; TA=K,R	NT=Trimethyl; AC=37; MT=Variable; PP=Anywhere; TA=K		20ppm	432	lesSDRF v0.1.0	NT=data-dependent acquisition;AC=PRIDE:0000627	v1.1.0	NT=ms-proteomics;VV=v1.1.0
U2OS_input	Homo sapiens	Bone marrow	432	U2OS	not applicable	Cancer	run432	proteomic profiling by mass spectrometry	Trypsin	HF200109_MM_Input_33.raw	WCE	20ppm	Q Exactive	SILAC heavy	NT=Carbamidomethyl; AC=4; MT=Fixed; PP=Anywhere; TA=C	NT=Oxidation; AC=35; MT=Variable; PP=Anywhere; TA=M	NT=Methyl:2H(3)13C(1); AC=329; MT=Variable; PP=Anywhere; TA=K,R	NT=Dimethyl:2H(6)13C(2); AC=330; MT=Variable; PP=Anywhere; TA=K,R	NT=Trimethyl:13C(3)2H(9); AC=1414; MT=Variable; PP=Anywhere; TA=K	NT=Label:13C(4); AC=1266; MT=Fixed; PP=Anywhere; TA=M	20ppm	432	lesSDRF v0.1.0	NT=data-dependent acquisition;AC=PRIDE:0000627	v1.1.0	NT=ms-proteomics;VV=v1.1.0
U2OS_input	Homo sapiens	Bone marrow	433	U2OS	not applicable	Cancer	run433	proteomic profiling by mass spectrometry	Trypsin	HF200109_MM_Input_34.raw	WCE	20ppm	Q Exactive	SILAC light	NT=Carbamidomethyl; AC=4; MT=Fixed; PP=Anywhere; TA=C	NT=Oxidation; AC=35; MT=Variable; PP=Anywhere; TA=M	NT=Methyl; AC=34; MT=Variable; PP=Anywhere; TA=K,R	NT=Dimethyl; AC=36; MT=Variable; PP=Anywhere; TA=K,R	NT=Trimethyl; AC=37; MT=Variable; PP=Anywhere; TA=K		20ppm	433	lesSDRF v0.1.0	NT=data-dependent acquisition;AC=PRIDE:0000627	v1.1.0	NT=ms-proteomics;VV=v1.1.0
U2OS_input	Homo sapiens	Bone marrow	433	U2OS	not applicable	Cancer	run433	proteomic profiling by mass spectrometry	Trypsin	HF200109_MM_Input_34.raw	WCE	20ppm	Q Exactive	SILAC heavy	NT=Carbamidomethyl; AC=4; MT=Fixed; PP=Anywhere; TA=C	NT=Oxidation; AC=35; MT=Variable; PP=Anywhere; TA=M	NT=Methyl:2H(3)13C(1); AC=329; MT=Variable; PP=Anywhere; TA=K,R	NT=Dimethyl:2H(6)13C(2); AC=330; MT=Variable; PP=Anywhere; TA=K,R	NT=Trimethyl:13C(3)2H(9); AC=1414; MT=Variable; PP=Anywhere; TA=K	NT=Label:13C(4); AC=1266; MT=Fixed; PP=Anywhere; TA=M	20ppm	433	lesSDRF v0.1.0	NT=data-dependent acquisition;AC=PRIDE:0000627	v1.1.0	NT=ms-proteomics;VV=v1.1.0
U2OS_input	Homo sapiens	Bone marrow	434	U2OS	not applicable	Cancer	run434	proteomic profiling by mass spectrometry	Trypsin	HF200109_MM_Input_35.raw	WCE	20ppm	Q Exactive	SILAC light	NT=Carbamidomethyl; AC=4; MT=Fixed; PP=Anywhere; TA=C	NT=Oxidation; AC=35; MT=Variable; PP=Anywhere; TA=M	NT=Methyl; AC=34; MT=Variable; PP=Anywhere; TA=K,R	NT=Dimethyl; AC=36; MT=Variable; PP=Anywhere; TA=K,R	NT=Trimethyl; AC=37; MT=Variable; PP=Anywhere; TA=K		20ppm	434	lesSDRF v0.1.0	NT=data-dependent acquisition;AC=PRIDE:0000627	v1.1.0	NT=ms-proteomics;VV=v1.1.0
U2OS_input	Homo sapiens	Bone marrow	434	U2OS	not applicable	Cancer	run434	proteomic profiling by mass spectrometry	Trypsin	HF200109_MM_Input_35.raw	WCE	20ppm	Q Exactive	SILAC heavy	NT=Carbamidomethyl; AC=4; MT=Fixed; PP=Anywhere; TA=C	NT=Oxidation; AC=35; MT=Variable; PP=Anywhere; TA=M	NT=Methyl:2H(3)13C(1); AC=329; MT=Variable; PP=Anywhere; TA=K,R	NT=Dimethyl:2H(6)13C(2); AC=330; MT=Variable; PP=Anywhere; TA=K,R	NT=Trimethyl:13C(3)2H(9); AC=1414; MT=Variable; PP=Anywhere; TA=K	NT=Label:13C(4); AC=1266; MT=Fixed; PP=Anywhere; TA=M	20ppm	434	lesSDRF v0.1.0	NT=data-dependent acquisition;AC=PRIDE:0000627	v1.1.0	NT=ms-proteomics;VV=v1.1.0
U2OS_input	Homo sapiens	Bone marrow	435	U2OS	not applicable	Cancer	run435	proteomic profiling by mass spectrometry	Trypsin	HF200109_MM_Input_36.raw	WCE	20ppm	Q Exactive	SILAC light	NT=Carbamidomethyl; AC=4; MT=Fixed; PP=Anywhere; TA=C	NT=Oxidation; AC=35; MT=Variable; PP=Anywhere; TA=M	NT=Methyl; AC=34; MT=Variable; PP=Anywhere; TA=K,R	NT=Dimethyl; AC=36; MT=Variable; PP=Anywhere; TA=K,R	NT=Trimethyl; AC=37; MT=Variable; PP=Anywhere; TA=K		20ppm	435	lesSDRF v0.1.0	NT=data-dependent acquisition;AC=PRIDE:0000627	v1.1.0	NT=ms-proteomics;VV=v1.1.0
U2OS_input	Homo sapiens	Bone marrow	435	U2OS	not applicable	Cancer	run435	proteomic profiling by mass spectrometry	Trypsin	HF200109_MM_Input_36.raw	WCE	20ppm	Q Exactive	SILAC heavy	NT=Carbamidomethyl; AC=4; MT=Fixed; PP=Anywhere; TA=C	NT=Oxidation; AC=35; MT=Variable; PP=Anywhere; TA=M	NT=Methyl:2H(3)13C(1); AC=329; MT=Variable; PP=Anywhere; TA=K,R	NT=Dimethyl:2H(6)13C(2); AC=330; MT=Variable; PP=Anywhere; TA=K,R	NT=Trimethyl:13C(3)2H(9); AC=1414; MT=Variable; PP=Anywhere; TA=K	NT=Label:13C(4); AC=1266; MT=Fixed; PP=Anywhere; TA=M	20ppm	435	lesSDRF v0.1.0	NT=data-dependent acquisition;AC=PRIDE:0000627	v1.1.0	NT=ms-proteomics;VV=v1.1.0
U2OS_input	Homo sapiens	Bone marrow	436	U2OS	not applicable	Cancer	run436	proteomic profiling by mass spectrometry	Trypsin	HF200109_MM_Input_4.raw	WCE	20ppm	Q Exactive	SILAC light	NT=Carbamidomethyl; AC=4; MT=Fixed; PP=Anywhere; TA=C	NT=Oxidation; AC=35; MT=Variable; PP=Anywhere; TA=M	NT=Methyl; AC=34; MT=Variable; PP=Anywhere; TA=K,R	NT=Dimethyl; AC=36; MT=Variable; PP=Anywhere; TA=K,R	NT=Trimethyl; AC=37; MT=Variable; PP=Anywhere; TA=K		20ppm	436	lesSDRF v0.1.0	NT=data-dependent acquisition;AC=PRIDE:0000627	v1.1.0	NT=ms-proteomics;VV=v1.1.0
U2OS_input	Homo sapiens	Bone marrow	436	U2OS	not applicable	Cancer	run436	proteomic profiling by mass spectrometry	Trypsin	HF200109_MM_Input_4.raw	WCE	20ppm	Q Exactive	SILAC heavy	NT=Carbamidomethyl; AC=4; MT=Fixed; PP=Anywhere; TA=C	NT=Oxidation; AC=35; MT=Variable; PP=Anywhere; TA=M	NT=Methyl:2H(3)13C(1); AC=329; MT=Variable; PP=Anywhere; TA=K,R	NT=Dimethyl:2H(6)13C(2); AC=330; MT=Variable; PP=Anywhere; TA=K,R	NT=Trimethyl:13C(3)2H(9); AC=1414; MT=Variable; PP=Anywhere; TA=K	NT=Label:13C(4); AC=1266; MT=Fixed; PP=Anywhere; TA=M	20ppm	436	lesSDRF v0.1.0	NT=data-dependent acquisition;AC=PRIDE:0000627	v1.1.0	NT=ms-proteomics;VV=v1.1.0
U2OS_input	Homo sapiens	Bone marrow	437	U2OS	not applicable	Cancer	run437	proteomic profiling by mass spectrometry	Trypsin	HF200109_MM_Input_5.raw	WCE	20ppm	Q Exactive	SILAC light	NT=Carbamidomethyl; AC=4; MT=Fixed; PP=Anywhere; TA=C	NT=Oxidation; AC=35; MT=Variable; PP=Anywhere; TA=M	NT=Methyl; AC=34; MT=Variable; PP=Anywhere; TA=K,R	NT=Dimethyl; AC=36; MT=Variable; PP=Anywhere; TA=K,R	NT=Trimethyl; AC=37; MT=Variable; PP=Anywhere; TA=K		20ppm	437	lesSDRF v0.1.0	NT=data-dependent acquisition;AC=PRIDE:0000627	v1.1.0	NT=ms-proteomics;VV=v1.1.0
U2OS_input	Homo sapiens	Bone marrow	437	U2OS	not applicable	Cancer	run437	proteomic profiling by mass spectrometry	Trypsin	HF200109_MM_Input_5.raw	WCE	20ppm	Q Exactive	SILAC heavy	NT=Carbamidomethyl; AC=4; MT=Fixed; PP=Anywhere; TA=C	NT=Oxidation; AC=35; MT=Variable; PP=Anywhere; TA=M	NT=Methyl:2H(3)13C(1); AC=329; MT=Variable; PP=Anywhere; TA=K,R	NT=Dimethyl:2H(6)13C(2); AC=330; MT=Variable; PP=Anywhere; TA=K,R	NT=Trimethyl:13C(3)2H(9); AC=1414; MT=Variable; PP=Anywhere; TA=K	NT=Label:13C(4); AC=1266; MT=Fixed; PP=Anywhere; TA=M	20ppm	437	lesSDRF v0.1.0	NT=data-dependent acquisition;AC=PRIDE:0000627	v1.1.0	NT=ms-proteomics;VV=v1.1.0
U2OS_input	Homo sapiens	Bone marrow	438	U2OS	not applicable	Cancer	run438	proteomic profiling by mass spectrometry	Trypsin	HF200109_MM_Input_6.raw	WCE	20ppm	Q Exactive	SILAC light	NT=Carbamidomethyl; AC=4; MT=Fixed; PP=Anywhere; TA=C	NT=Oxidation; AC=35; MT=Variable; PP=Anywhere; TA=M	NT=Methyl; AC=34; MT=Variable; PP=Anywhere; TA=K,R	NT=Dimethyl; AC=36; MT=Variable; PP=Anywhere; TA=K,R	NT=Trimethyl; AC=37; MT=Variable; PP=Anywhere; TA=K		20ppm	438	lesSDRF v0.1.0	NT=data-dependent acquisition;AC=PRIDE:0000627	v1.1.0	NT=ms-proteomics;VV=v1.1.0
U2OS_input	Homo sapiens	Bone marrow	438	U2OS	not applicable	Cancer	run438	proteomic profiling by mass spectrometry	Trypsin	HF200109_MM_Input_6.raw	WCE	20ppm	Q Exactive	SILAC heavy	NT=Carbamidomethyl; AC=4; MT=Fixed; PP=Anywhere; TA=C	NT=Oxidation; AC=35; MT=Variable; PP=Anywhere; TA=M	NT=Methyl:2H(3)13C(1); AC=329; MT=Variable; PP=Anywhere; TA=K,R	NT=Dimethyl:2H(6)13C(2); AC=330; MT=Variable; PP=Anywhere; TA=K,R	NT=Trimethyl:13C(3)2H(9); AC=1414; MT=Variable; PP=Anywhere; TA=K	NT=Label:13C(4); AC=1266; MT=Fixed; PP=Anywhere; TA=M	20ppm	438	lesSDRF v0.1.0	NT=data-dependent acquisition;AC=PRIDE:0000627	v1.1.0	NT=ms-proteomics;VV=v1.1.0
U2OS_input	Homo sapiens	Bone marrow	439	U2OS	not applicable	Cancer	run439	proteomic profiling by mass spectrometry	Trypsin	HF200109_MM_Input_7.raw	WCE	20ppm	Q Exactive	SILAC light	NT=Carbamidomethyl; AC=4; MT=Fixed; PP=Anywhere; TA=C	NT=Oxidation; AC=35; MT=Variable; PP=Anywhere; TA=M	NT=Methyl; AC=34; MT=Variable; PP=Anywhere; TA=K,R	NT=Dimethyl; AC=36; MT=Variable; PP=Anywhere; TA=K,R	NT=Trimethyl; AC=37; MT=Variable; PP=Anywhere; TA=K		20ppm	439	lesSDRF v0.1.0	NT=data-dependent acquisition;AC=PRIDE:0000627	v1.1.0	NT=ms-proteomics;VV=v1.1.0
U2OS_input	Homo sapiens	Bone marrow	439	U2OS	not applicable	Cancer	run439	proteomic profiling by mass spectrometry	Trypsin	HF200109_MM_Input_7.raw	WCE	20ppm	Q Exactive	SILAC heavy	NT=Carbamidomethyl; AC=4; MT=Fixed; PP=Anywhere; TA=C	NT=Oxidation; AC=35; MT=Variable; PP=Anywhere; TA=M	NT=Methyl:2H(3)13C(1); AC=329; MT=Variable; PP=Anywhere; TA=K,R	NT=Dimethyl:2H(6)13C(2); AC=330; MT=Variable; PP=Anywhere; TA=K,R	NT=Trimethyl:13C(3)2H(9); AC=1414; MT=Variable; PP=Anywhere; TA=K	NT=Label:13C(4); AC=1266; MT=Fixed; PP=Anywhere; TA=M	20ppm	439	lesSDRF v0.1.0	NT=data-dependent acquisition;AC=PRIDE:0000627	v1.1.0	NT=ms-proteomics;VV=v1.1.0
U2OS_input	Homo sapiens	Bone marrow	440	U2OS	not applicable	Cancer	run440	proteomic profiling by mass spectrometry	Trypsin	HF200109_MM_Input_8.raw	WCE	20ppm	Q Exactive	SILAC light	NT=Carbamidomethyl; AC=4; MT=Fixed; PP=Anywhere; TA=C	NT=Oxidation; AC=35; MT=Variable; PP=Anywhere; TA=M	NT=Methyl; AC=34; MT=Variable; PP=Anywhere; TA=K,R	NT=Dimethyl; AC=36; MT=Variable; PP=Anywhere; TA=K,R	NT=Trimethyl; AC=37; MT=Variable; PP=Anywhere; TA=K		20ppm	440	lesSDRF v0.1.0	NT=data-dependent acquisition;AC=PRIDE:0000627	v1.1.0	NT=ms-proteomics;VV=v1.1.0
U2OS_input	Homo sapiens	Bone marrow	440	U2OS	not applicable	Cancer	run440	proteomic profiling by mass spectrometry	Trypsin	HF200109_MM_Input_8.raw	WCE	20ppm	Q Exactive	SILAC heavy	NT=Carbamidomethyl; AC=4; MT=Fixed; PP=Anywhere; TA=C	NT=Oxidation; AC=35; MT=Variable; PP=Anywhere; TA=M	NT=Methyl:2H(3)13C(1); AC=329; MT=Variable; PP=Anywhere; TA=K,R	NT=Dimethyl:2H(6)13C(2); AC=330; MT=Variable; PP=Anywhere; TA=K,R	NT=Trimethyl:13C(3)2H(9); AC=1414; MT=Variable; PP=Anywhere; TA=K	NT=Label:13C(4); AC=1266; MT=Fixed; PP=Anywhere; TA=M	20ppm	440	lesSDRF v0.1.0	NT=data-dependent acquisition;AC=PRIDE:0000627	v1.1.0	NT=ms-proteomics;VV=v1.1.0
U2OS_input	Homo sapiens	Bone marrow	441	U2OS	not applicable	Cancer	run441	proteomic profiling by mass spectrometry	Trypsin	HF200109_MM_Input_9.raw	WCE	20ppm	Q Exactive	SILAC light	NT=Carbamidomethyl; AC=4; MT=Fixed; PP=Anywhere; TA=C	NT=Oxidation; AC=35; MT=Variable; PP=Anywhere; TA=M	NT=Methyl; AC=34; MT=Variable; PP=Anywhere; TA=K,R	NT=Dimethyl; AC=36; MT=Variable; PP=Anywhere; TA=K,R	NT=Trimethyl; AC=37; MT=Variable; PP=Anywhere; TA=K		20ppm	441	lesSDRF v0.1.0	NT=data-dependent acquisition;AC=PRIDE:0000627	v1.1.0	NT=ms-proteomics;VV=v1.1.0
U2OS_input	Homo sapiens	Bone marrow	441	U2OS	not applicable	Cancer	run441	proteomic profiling by mass spectrometry	Trypsin	HF200109_MM_Input_9.raw	WCE	20ppm	Q Exactive	SILAC heavy	NT=Carbamidomethyl; AC=4; MT=Fixed; PP=Anywhere; TA=C	NT=Oxidation; AC=35; MT=Variable; PP=Anywhere; TA=M	NT=Methyl:2H(3)13C(1); AC=329; MT=Variable; PP=Anywhere; TA=K,R	NT=Dimethyl:2H(6)13C(2); AC=330; MT=Variable; PP=Anywhere; TA=K,R	NT=Trimethyl:13C(3)2H(9); AC=1414; MT=Variable; PP=Anywhere; TA=K	NT=Label:13C(4); AC=1266; MT=Fixed; PP=Anywhere; TA=M	20ppm	441	lesSDRF v0.1.0	NT=data-dependent acquisition;AC=PRIDE:0000627	v1.1.0	NT=ms-proteomics;VV=v1.1.0
U2OS_peptide_IP	Homo sapiens	Bone marrow	442	U2OS	not applicable	Cancer	run442	proteomic profiling by mass spectrometry	Trypsin	HF200109_MM_MMA_19.raw	WCE	20ppm	Q Exactive	SILAC light	NT=Carbamidomethyl; AC=4; MT=Fixed; PP=Anywhere; TA=C	NT=Oxidation; AC=35; MT=Variable; PP=Anywhere; TA=M	NT=Methyl; AC=34; MT=Variable; PP=Anywhere; TA=K,R	NT=Dimethyl; AC=36; MT=Variable; PP=Anywhere; TA=K,R	NT=Trimethyl; AC=37; MT=Variable; PP=Anywhere; TA=K		20ppm	442	lesSDRF v0.1.0	NT=data-dependent acquisition;AC=PRIDE:0000627	v1.1.0	NT=ms-proteomics;VV=v1.1.0
U2OS_peptide_IP	Homo sapiens	Bone marrow	442	U2OS	not applicable	Cancer	run442	proteomic profiling by mass spectrometry	Trypsin	HF200109_MM_MMA_19.raw	WCE	20ppm	Q Exactive	SILAC heavy	NT=Carbamidomethyl; AC=4; MT=Fixed; PP=Anywhere; TA=C	NT=Oxidation; AC=35; MT=Variable; PP=Anywhere; TA=M	NT=Methyl:2H(3)13C(1); AC=329; MT=Variable; PP=Anywhere; TA=K,R	NT=Dimethyl:2H(6)13C(2); AC=330; MT=Variable; PP=Anywhere; TA=K,R	NT=Trimethyl:13C(3)2H(9); AC=1414; MT=Variable; PP=Anywhere; TA=K	NT=Label:13C(4); AC=1266; MT=Fixed; PP=Anywhere; TA=M	20ppm	442	lesSDRF v0.1.0	NT=data-dependent acquisition;AC=PRIDE:0000627	v1.1.0	NT=ms-proteomics;VV=v1.1.0
U2OS_peptide_IP	Homo sapiens	Bone marrow	443	U2OS	not applicable	Cancer	run443	proteomic profiling by mass spectrometry	Trypsin	HF200109_MM_MMA_20.raw	WCE	20ppm	Q Exactive	SILAC light	NT=Carbamidomethyl; AC=4; MT=Fixed; PP=Anywhere; TA=C	NT=Oxidation; AC=35; MT=Variable; PP=Anywhere; TA=M	NT=Methyl; AC=34; MT=Variable; PP=Anywhere; TA=K,R	NT=Dimethyl; AC=36; MT=Variable; PP=Anywhere; TA=K,R	NT=Trimethyl; AC=37; MT=Variable; PP=Anywhere; TA=K		20ppm	443	lesSDRF v0.1.0	NT=data-dependent acquisition;AC=PRIDE:0000627	v1.1.0	NT=ms-proteomics;VV=v1.1.0
U2OS_peptide_IP	Homo sapiens	Bone marrow	443	U2OS	not applicable	Cancer	run443	proteomic profiling by mass spectrometry	Trypsin	HF200109_MM_MMA_20.raw	WCE	20ppm	Q Exactive	SILAC heavy	NT=Carbamidomethyl; AC=4; MT=Fixed; PP=Anywhere; TA=C	NT=Oxidation; AC=35; MT=Variable; PP=Anywhere; TA=M	NT=Methyl:2H(3)13C(1); AC=329; MT=Variable; PP=Anywhere; TA=K,R	NT=Dimethyl:2H(6)13C(2); AC=330; MT=Variable; PP=Anywhere; TA=K,R	NT=Trimethyl:13C(3)2H(9); AC=1414; MT=Variable; PP=Anywhere; TA=K	NT=Label:13C(4); AC=1266; MT=Fixed; PP=Anywhere; TA=M	20ppm	443	lesSDRF v0.1.0	NT=data-dependent acquisition;AC=PRIDE:0000627	v1.1.0	NT=ms-proteomics;VV=v1.1.0
U2OS_peptide_IP	Homo sapiens	Bone marrow	444	U2OS	not applicable	Cancer	run444	proteomic profiling by mass spectrometry	Trypsin	HF200109_MM_MMA_21.raw	WCE	20ppm	Q Exactive	SILAC light	NT=Carbamidomethyl; AC=4; MT=Fixed; PP=Anywhere; TA=C	NT=Oxidation; AC=35; MT=Variable; PP=Anywhere; TA=M	NT=Methyl; AC=34; MT=Variable; PP=Anywhere; TA=K,R	NT=Dimethyl; AC=36; MT=Variable; PP=Anywhere; TA=K,R	NT=Trimethyl; AC=37; MT=Variable; PP=Anywhere; TA=K		20ppm	444	lesSDRF v0.1.0	NT=data-dependent acquisition;AC=PRIDE:0000627	v1.1.0	NT=ms-proteomics;VV=v1.1.0
U2OS_peptide_IP	Homo sapiens	Bone marrow	444	U2OS	not applicable	Cancer	run444	proteomic profiling by mass spectrometry	Trypsin	HF200109_MM_MMA_21.raw	WCE	20ppm	Q Exactive	SILAC heavy	NT=Carbamidomethyl; AC=4; MT=Fixed; PP=Anywhere; TA=C	NT=Oxidation; AC=35; MT=Variable; PP=Anywhere; TA=M	NT=Methyl:2H(3)13C(1); AC=329; MT=Variable; PP=Anywhere; TA=K,R	NT=Dimethyl:2H(6)13C(2); AC=330; MT=Variable; PP=Anywhere; TA=K,R	NT=Trimethyl:13C(3)2H(9); AC=1414; MT=Variable; PP=Anywhere; TA=K	NT=Label:13C(4); AC=1266; MT=Fixed; PP=Anywhere; TA=M	20ppm	444	lesSDRF v0.1.0	NT=data-dependent acquisition;AC=PRIDE:0000627	v1.1.0	NT=ms-proteomics;VV=v1.1.0
U2OS_peptide_IP	Homo sapiens	Bone marrow	445	U2OS	not applicable	Cancer	run445	proteomic profiling by mass spectrometry	Trypsin	HF200109_MM_MMA_22.raw	WCE	20ppm	Q Exactive	SILAC light	NT=Carbamidomethyl; AC=4; MT=Fixed; PP=Anywhere; TA=C	NT=Oxidation; AC=35; MT=Variable; PP=Anywhere; TA=M	NT=Methyl; AC=34; MT=Variable; PP=Anywhere; TA=K,R	NT=Dimethyl; AC=36; MT=Variable; PP=Anywhere; TA=K,R	NT=Trimethyl; AC=37; MT=Variable; PP=Anywhere; TA=K		20ppm	445	lesSDRF v0.1.0	NT=data-dependent acquisition;AC=PRIDE:0000627	v1.1.0	NT=ms-proteomics;VV=v1.1.0
U2OS_peptide_IP	Homo sapiens	Bone marrow	445	U2OS	not applicable	Cancer	run445	proteomic profiling by mass spectrometry	Trypsin	HF200109_MM_MMA_22.raw	WCE	20ppm	Q Exactive	SILAC heavy	NT=Carbamidomethyl; AC=4; MT=Fixed; PP=Anywhere; TA=C	NT=Oxidation; AC=35; MT=Variable; PP=Anywhere; TA=M	NT=Methyl:2H(3)13C(1); AC=329; MT=Variable; PP=Anywhere; TA=K,R	NT=Dimethyl:2H(6)13C(2); AC=330; MT=Variable; PP=Anywhere; TA=K,R	NT=Trimethyl:13C(3)2H(9); AC=1414; MT=Variable; PP=Anywhere; TA=K	NT=Label:13C(4); AC=1266; MT=Fixed; PP=Anywhere; TA=M	20ppm	445	lesSDRF v0.1.0	NT=data-dependent acquisition;AC=PRIDE:0000627	v1.1.0	NT=ms-proteomics;VV=v1.1.0
U2OS_peptide_IP	Homo sapiens	Bone marrow	446	U2OS	not applicable	Cancer	run446	proteomic profiling by mass spectrometry	Trypsin	HF200109_MM_MMA_23.raw	WCE	20ppm	Q Exactive	SILAC light	NT=Carbamidomethyl; AC=4; MT=Fixed; PP=Anywhere; TA=C	NT=Oxidation; AC=35; MT=Variable; PP=Anywhere; TA=M	NT=Methyl; AC=34; MT=Variable; PP=Anywhere; TA=K,R	NT=Dimethyl; AC=36; MT=Variable; PP=Anywhere; TA=K,R	NT=Trimethyl; AC=37; MT=Variable; PP=Anywhere; TA=K		20ppm	446	lesSDRF v0.1.0	NT=data-dependent acquisition;AC=PRIDE:0000627	v1.1.0	NT=ms-proteomics;VV=v1.1.0
U2OS_peptide_IP	Homo sapiens	Bone marrow	446	U2OS	not applicable	Cancer	run446	proteomic profiling by mass spectrometry	Trypsin	HF200109_MM_MMA_23.raw	WCE	20ppm	Q Exactive	SILAC heavy	NT=Carbamidomethyl; AC=4; MT=Fixed; PP=Anywhere; TA=C	NT=Oxidation; AC=35; MT=Variable; PP=Anywhere; TA=M	NT=Methyl:2H(3)13C(1); AC=329; MT=Variable; PP=Anywhere; TA=K,R	NT=Dimethyl:2H(6)13C(2); AC=330; MT=Variable; PP=Anywhere; TA=K,R	NT=Trimethyl:13C(3)2H(9); AC=1414; MT=Variable; PP=Anywhere; TA=K	NT=Label:13C(4); AC=1266; MT=Fixed; PP=Anywhere; TA=M	20ppm	446	lesSDRF v0.1.0	NT=data-dependent acquisition;AC=PRIDE:0000627	v1.1.0	NT=ms-proteomics;VV=v1.1.0
U2OS_peptide_IP	Homo sapiens	Bone marrow	447	U2OS	not applicable	Cancer	run447	proteomic profiling by mass spectrometry	Trypsin	HF200109_MM_MMA_24.raw	WCE	20ppm	Q Exactive	SILAC light	NT=Carbamidomethyl; AC=4; MT=Fixed; PP=Anywhere; TA=C	NT=Oxidation; AC=35; MT=Variable; PP=Anywhere; TA=M	NT=Methyl; AC=34; MT=Variable; PP=Anywhere; TA=K,R	NT=Dimethyl; AC=36; MT=Variable; PP=Anywhere; TA=K,R	NT=Trimethyl; AC=37; MT=Variable; PP=Anywhere; TA=K		20ppm	447	lesSDRF v0.1.0	NT=data-dependent acquisition;AC=PRIDE:0000627	v1.1.0	NT=ms-proteomics;VV=v1.1.0
U2OS_peptide_IP	Homo sapiens	Bone marrow	447	U2OS	not applicable	Cancer	run447	proteomic profiling by mass spectrometry	Trypsin	HF200109_MM_MMA_24.raw	WCE	20ppm	Q Exactive	SILAC heavy	NT=Carbamidomethyl; AC=4; MT=Fixed; PP=Anywhere; TA=C	NT=Oxidation; AC=35; MT=Variable; PP=Anywhere; TA=M	NT=Methyl:2H(3)13C(1); AC=329; MT=Variable; PP=Anywhere; TA=K,R	NT=Dimethyl:2H(6)13C(2); AC=330; MT=Variable; PP=Anywhere; TA=K,R	NT=Trimethyl:13C(3)2H(9); AC=1414; MT=Variable; PP=Anywhere; TA=K	NT=Label:13C(4); AC=1266; MT=Fixed; PP=Anywhere; TA=M	20ppm	447	lesSDRF v0.1.0	NT=data-dependent acquisition;AC=PRIDE:0000627	v1.1.0	NT=ms-proteomics;VV=v1.1.0
U2OS_peptide_IP	Homo sapiens	Bone marrow	448	U2OS	not applicable	Cancer	run448	proteomic profiling by mass spectrometry	Trypsin	HF200109_MM_MMA_25.raw	WCE	20ppm	Q Exactive	SILAC light	NT=Carbamidomethyl; AC=4; MT=Fixed; PP=Anywhere; TA=C	NT=Oxidation; AC=35; MT=Variable; PP=Anywhere; TA=M	NT=Methyl; AC=34; MT=Variable; PP=Anywhere; TA=K,R	NT=Dimethyl; AC=36; MT=Variable; PP=Anywhere; TA=K,R	NT=Trimethyl; AC=37; MT=Variable; PP=Anywhere; TA=K		20ppm	448	lesSDRF v0.1.0	NT=data-dependent acquisition;AC=PRIDE:0000627	v1.1.0	NT=ms-proteomics;VV=v1.1.0
U2OS_peptide_IP	Homo sapiens	Bone marrow	448	U2OS	not applicable	Cancer	run448	proteomic profiling by mass spectrometry	Trypsin	HF200109_MM_MMA_25.raw	WCE	20ppm	Q Exactive	SILAC heavy	NT=Carbamidomethyl; AC=4; MT=Fixed; PP=Anywhere; TA=C	NT=Oxidation; AC=35; MT=Variable; PP=Anywhere; TA=M	NT=Methyl:2H(3)13C(1); AC=329; MT=Variable; PP=Anywhere; TA=K,R	NT=Dimethyl:2H(6)13C(2); AC=330; MT=Variable; PP=Anywhere; TA=K,R	NT=Trimethyl:13C(3)2H(9); AC=1414; MT=Variable; PP=Anywhere; TA=K	NT=Label:13C(4); AC=1266; MT=Fixed; PP=Anywhere; TA=M	20ppm	448	lesSDRF v0.1.0	NT=data-dependent acquisition;AC=PRIDE:0000627	v1.1.0	NT=ms-proteomics;VV=v1.1.0
U2OS_peptide_IP	Homo sapiens	Bone marrow	449	U2OS	not applicable	Cancer	run449	proteomic profiling by mass spectrometry	Trypsin	HF200109_MM_MMA_26.raw	WCE	20ppm	Q Exactive	SILAC light	NT=Carbamidomethyl; AC=4; MT=Fixed; PP=Anywhere; TA=C	NT=Oxidation; AC=35; MT=Variable; PP=Anywhere; TA=M	NT=Methyl; AC=34; MT=Variable; PP=Anywhere; TA=K,R	NT=Dimethyl; AC=36; MT=Variable; PP=Anywhere; TA=K,R	NT=Trimethyl; AC=37; MT=Variable; PP=Anywhere; TA=K		20ppm	449	lesSDRF v0.1.0	NT=data-dependent acquisition;AC=PRIDE:0000627	v1.1.0	NT=ms-proteomics;VV=v1.1.0
U2OS_peptide_IP	Homo sapiens	Bone marrow	449	U2OS	not applicable	Cancer	run449	proteomic profiling by mass spectrometry	Trypsin	HF200109_MM_MMA_26.raw	WCE	20ppm	Q Exactive	SILAC heavy	NT=Carbamidomethyl; AC=4; MT=Fixed; PP=Anywhere; TA=C	NT=Oxidation; AC=35; MT=Variable; PP=Anywhere; TA=M	NT=Methyl:2H(3)13C(1); AC=329; MT=Variable; PP=Anywhere; TA=K,R	NT=Dimethyl:2H(6)13C(2); AC=330; MT=Variable; PP=Anywhere; TA=K,R	NT=Trimethyl:13C(3)2H(9); AC=1414; MT=Variable; PP=Anywhere; TA=K	NT=Label:13C(4); AC=1266; MT=Fixed; PP=Anywhere; TA=M	20ppm	449	lesSDRF v0.1.0	NT=data-dependent acquisition;AC=PRIDE:0000627	v1.1.0	NT=ms-proteomics;VV=v1.1.0
U2OS_peptide_IP	Homo sapiens	Bone marrow	450	U2OS	not applicable	Cancer	run450	proteomic profiling by mass spectrometry	Trypsin	HF200109_MM_MMA_27.raw	WCE	20ppm	Q Exactive	SILAC light	NT=Carbamidomethyl; AC=4; MT=Fixed; PP=Anywhere; TA=C	NT=Oxidation; AC=35; MT=Variable; PP=Anywhere; TA=M	NT=Methyl; AC=34; MT=Variable; PP=Anywhere; TA=K,R	NT=Dimethyl; AC=36; MT=Variable; PP=Anywhere; TA=K,R	NT=Trimethyl; AC=37; MT=Variable; PP=Anywhere; TA=K		20ppm	450	lesSDRF v0.1.0	NT=data-dependent acquisition;AC=PRIDE:0000627	v1.1.0	NT=ms-proteomics;VV=v1.1.0
U2OS_peptide_IP	Homo sapiens	Bone marrow	450	U2OS	not applicable	Cancer	run450	proteomic profiling by mass spectrometry	Trypsin	HF200109_MM_MMA_27.raw	WCE	20ppm	Q Exactive	SILAC heavy	NT=Carbamidomethyl; AC=4; MT=Fixed; PP=Anywhere; TA=C	NT=Oxidation; AC=35; MT=Variable; PP=Anywhere; TA=M	NT=Methyl:2H(3)13C(1); AC=329; MT=Variable; PP=Anywhere; TA=K,R	NT=Dimethyl:2H(6)13C(2); AC=330; MT=Variable; PP=Anywhere; TA=K,R	NT=Trimethyl:13C(3)2H(9); AC=1414; MT=Variable; PP=Anywhere; TA=K	NT=Label:13C(4); AC=1266; MT=Fixed; PP=Anywhere; TA=M	20ppm	450	lesSDRF v0.1.0	NT=data-dependent acquisition;AC=PRIDE:0000627	v1.1.0	NT=ms-proteomics;VV=v1.1.0
U2OS_peptide_IP	Homo sapiens	Bone marrow	451	U2OS	not applicable	Cancer	run451	proteomic profiling by mass spectrometry	Trypsin	HF200109_MM_MMA_46.raw	WCE	20ppm	Q Exactive	SILAC light	NT=Carbamidomethyl; AC=4; MT=Fixed; PP=Anywhere; TA=C	NT=Oxidation; AC=35; MT=Variable; PP=Anywhere; TA=M	NT=Methyl; AC=34; MT=Variable; PP=Anywhere; TA=K,R	NT=Dimethyl; AC=36; MT=Variable; PP=Anywhere; TA=K,R	NT=Trimethyl; AC=37; MT=Variable; PP=Anywhere; TA=K		20ppm	451	lesSDRF v0.1.0	NT=data-dependent acquisition;AC=PRIDE:0000627	v1.1.0	NT=ms-proteomics;VV=v1.1.0
U2OS_peptide_IP	Homo sapiens	Bone marrow	451	U2OS	not applicable	Cancer	run451	proteomic profiling by mass spectrometry	Trypsin	HF200109_MM_MMA_46.raw	WCE	20ppm	Q Exactive	SILAC heavy	NT=Carbamidomethyl; AC=4; MT=Fixed; PP=Anywhere; TA=C	NT=Oxidation; AC=35; MT=Variable; PP=Anywhere; TA=M	NT=Methyl:2H(3)13C(1); AC=329; MT=Variable; PP=Anywhere; TA=K,R	NT=Dimethyl:2H(6)13C(2); AC=330; MT=Variable; PP=Anywhere; TA=K,R	NT=Trimethyl:13C(3)2H(9); AC=1414; MT=Variable; PP=Anywhere; TA=K	NT=Label:13C(4); AC=1266; MT=Fixed; PP=Anywhere; TA=M	20ppm	451	lesSDRF v0.1.0	NT=data-dependent acquisition;AC=PRIDE:0000627	v1.1.0	NT=ms-proteomics;VV=v1.1.0
U2OS_peptide_IP	Homo sapiens	Bone marrow	452	U2OS	not applicable	Cancer	run452	proteomic profiling by mass spectrometry	Trypsin	HF200109_MM_MMA_47.raw	WCE	20ppm	Q Exactive	SILAC light	NT=Carbamidomethyl; AC=4; MT=Fixed; PP=Anywhere; TA=C	NT=Oxidation; AC=35; MT=Variable; PP=Anywhere; TA=M	NT=Methyl; AC=34; MT=Variable; PP=Anywhere; TA=K,R	NT=Dimethyl; AC=36; MT=Variable; PP=Anywhere; TA=K,R	NT=Trimethyl; AC=37; MT=Variable; PP=Anywhere; TA=K		20ppm	452	lesSDRF v0.1.0	NT=data-dependent acquisition;AC=PRIDE:0000627	v1.1.0	NT=ms-proteomics;VV=v1.1.0
U2OS_peptide_IP	Homo sapiens	Bone marrow	452	U2OS	not applicable	Cancer	run452	proteomic profiling by mass spectrometry	Trypsin	HF200109_MM_MMA_47.raw	WCE	20ppm	Q Exactive	SILAC heavy	NT=Carbamidomethyl; AC=4; MT=Fixed; PP=Anywhere; TA=C	NT=Oxidation; AC=35; MT=Variable; PP=Anywhere; TA=M	NT=Methyl:2H(3)13C(1); AC=329; MT=Variable; PP=Anywhere; TA=K,R	NT=Dimethyl:2H(6)13C(2); AC=330; MT=Variable; PP=Anywhere; TA=K,R	NT=Trimethyl:13C(3)2H(9); AC=1414; MT=Variable; PP=Anywhere; TA=K	NT=Label:13C(4); AC=1266; MT=Fixed; PP=Anywhere; TA=M	20ppm	452	lesSDRF v0.1.0	NT=data-dependent acquisition;AC=PRIDE:0000627	v1.1.0	NT=ms-proteomics;VV=v1.1.0
U2OS_peptide_IP	Homo sapiens	Bone marrow	453	U2OS	not applicable	Cancer	run453	proteomic profiling by mass spectrometry	Trypsin	HF200109_MM_MMA_48.raw	WCE	20ppm	Q Exactive	SILAC light	NT=Carbamidomethyl; AC=4; MT=Fixed; PP=Anywhere; TA=C	NT=Oxidation; AC=35; MT=Variable; PP=Anywhere; TA=M	NT=Methyl; AC=34; MT=Variable; PP=Anywhere; TA=K,R	NT=Dimethyl; AC=36; MT=Variable; PP=Anywhere; TA=K,R	NT=Trimethyl; AC=37; MT=Variable; PP=Anywhere; TA=K		20ppm	453	lesSDRF v0.1.0	NT=data-dependent acquisition;AC=PRIDE:0000627	v1.1.0	NT=ms-proteomics;VV=v1.1.0
U2OS_peptide_IP	Homo sapiens	Bone marrow	453	U2OS	not applicable	Cancer	run453	proteomic profiling by mass spectrometry	Trypsin	HF200109_MM_MMA_48.raw	WCE	20ppm	Q Exactive	SILAC heavy	NT=Carbamidomethyl; AC=4; MT=Fixed; PP=Anywhere; TA=C	NT=Oxidation; AC=35; MT=Variable; PP=Anywhere; TA=M	NT=Methyl:2H(3)13C(1); AC=329; MT=Variable; PP=Anywhere; TA=K,R	NT=Dimethyl:2H(6)13C(2); AC=330; MT=Variable; PP=Anywhere; TA=K,R	NT=Trimethyl:13C(3)2H(9); AC=1414; MT=Variable; PP=Anywhere; TA=K	NT=Label:13C(4); AC=1266; MT=Fixed; PP=Anywhere; TA=M	20ppm	453	lesSDRF v0.1.0	NT=data-dependent acquisition;AC=PRIDE:0000627	v1.1.0	NT=ms-proteomics;VV=v1.1.0
U2OS_peptide_IP	Homo sapiens	Bone marrow	454	U2OS	not applicable	Cancer	run454	proteomic profiling by mass spectrometry	Trypsin	HF200109_MM_MMA_49.raw	WCE	20ppm	Q Exactive	SILAC light	NT=Carbamidomethyl; AC=4; MT=Fixed; PP=Anywhere; TA=C	NT=Oxidation; AC=35; MT=Variable; PP=Anywhere; TA=M	NT=Methyl; AC=34; MT=Variable; PP=Anywhere; TA=K,R	NT=Dimethyl; AC=36; MT=Variable; PP=Anywhere; TA=K,R	NT=Trimethyl; AC=37; MT=Variable; PP=Anywhere; TA=K		20ppm	454	lesSDRF v0.1.0	NT=data-dependent acquisition;AC=PRIDE:0000627	v1.1.0	NT=ms-proteomics;VV=v1.1.0
U2OS_peptide_IP	Homo sapiens	Bone marrow	454	U2OS	not applicable	Cancer	run454	proteomic profiling by mass spectrometry	Trypsin	HF200109_MM_MMA_49.raw	WCE	20ppm	Q Exactive	SILAC heavy	NT=Carbamidomethyl; AC=4; MT=Fixed; PP=Anywhere; TA=C	NT=Oxidation; AC=35; MT=Variable; PP=Anywhere; TA=M	NT=Methyl:2H(3)13C(1); AC=329; MT=Variable; PP=Anywhere; TA=K,R	NT=Dimethyl:2H(6)13C(2); AC=330; MT=Variable; PP=Anywhere; TA=K,R	NT=Trimethyl:13C(3)2H(9); AC=1414; MT=Variable; PP=Anywhere; TA=K	NT=Label:13C(4); AC=1266; MT=Fixed; PP=Anywhere; TA=M	20ppm	454	lesSDRF v0.1.0	NT=data-dependent acquisition;AC=PRIDE:0000627	v1.1.0	NT=ms-proteomics;VV=v1.1.0
U2OS_peptide_IP	Homo sapiens	Bone marrow	455	U2OS	not applicable	Cancer	run455	proteomic profiling by mass spectrometry	Trypsin	HF200109_MM_MMA_50.raw	WCE	20ppm	Q Exactive	SILAC light	NT=Carbamidomethyl; AC=4; MT=Fixed; PP=Anywhere; TA=C	NT=Oxidation; AC=35; MT=Variable; PP=Anywhere; TA=M	NT=Methyl; AC=34; MT=Variable; PP=Anywhere; TA=K,R	NT=Dimethyl; AC=36; MT=Variable; PP=Anywhere; TA=K,R	NT=Trimethyl; AC=37; MT=Variable; PP=Anywhere; TA=K		20ppm	455	lesSDRF v0.1.0	NT=data-dependent acquisition;AC=PRIDE:0000627	v1.1.0	NT=ms-proteomics;VV=v1.1.0
U2OS_peptide_IP	Homo sapiens	Bone marrow	455	U2OS	not applicable	Cancer	run455	proteomic profiling by mass spectrometry	Trypsin	HF200109_MM_MMA_50.raw	WCE	20ppm	Q Exactive	SILAC heavy	NT=Carbamidomethyl; AC=4; MT=Fixed; PP=Anywhere; TA=C	NT=Oxidation; AC=35; MT=Variable; PP=Anywhere; TA=M	NT=Methyl:2H(3)13C(1); AC=329; MT=Variable; PP=Anywhere; TA=K,R	NT=Dimethyl:2H(6)13C(2); AC=330; MT=Variable; PP=Anywhere; TA=K,R	NT=Trimethyl:13C(3)2H(9); AC=1414; MT=Variable; PP=Anywhere; TA=K	NT=Label:13C(4); AC=1266; MT=Fixed; PP=Anywhere; TA=M	20ppm	455	lesSDRF v0.1.0	NT=data-dependent acquisition;AC=PRIDE:0000627	v1.1.0	NT=ms-proteomics;VV=v1.1.0
U2OS_peptide_IP	Homo sapiens	Bone marrow	456	U2OS	not applicable	Cancer	run456	proteomic profiling by mass spectrometry	Trypsin	HF200109_MM_MMA_51.raw	WCE	20ppm	Q Exactive	SILAC light	NT=Carbamidomethyl; AC=4; MT=Fixed; PP=Anywhere; TA=C	NT=Oxidation; AC=35; MT=Variable; PP=Anywhere; TA=M	NT=Methyl; AC=34; MT=Variable; PP=Anywhere; TA=K,R	NT=Dimethyl; AC=36; MT=Variable; PP=Anywhere; TA=K,R	NT=Trimethyl; AC=37; MT=Variable; PP=Anywhere; TA=K		20ppm	456	lesSDRF v0.1.0	NT=data-dependent acquisition;AC=PRIDE:0000627	v1.1.0	NT=ms-proteomics;VV=v1.1.0
U2OS_peptide_IP	Homo sapiens	Bone marrow	456	U2OS	not applicable	Cancer	run456	proteomic profiling by mass spectrometry	Trypsin	HF200109_MM_MMA_51.raw	WCE	20ppm	Q Exactive	SILAC heavy	NT=Carbamidomethyl; AC=4; MT=Fixed; PP=Anywhere; TA=C	NT=Oxidation; AC=35; MT=Variable; PP=Anywhere; TA=M	NT=Methyl:2H(3)13C(1); AC=329; MT=Variable; PP=Anywhere; TA=K,R	NT=Dimethyl:2H(6)13C(2); AC=330; MT=Variable; PP=Anywhere; TA=K,R	NT=Trimethyl:13C(3)2H(9); AC=1414; MT=Variable; PP=Anywhere; TA=K	NT=Label:13C(4); AC=1266; MT=Fixed; PP=Anywhere; TA=M	20ppm	456	lesSDRF v0.1.0	NT=data-dependent acquisition;AC=PRIDE:0000627	v1.1.0	NT=ms-proteomics;VV=v1.1.0
U2OS_peptide_IP	Homo sapiens	Bone marrow	457	U2OS	not applicable	Cancer	run457	proteomic profiling by mass spectrometry	Trypsin	HF200109_MM_MMA_52.raw	WCE	20ppm	Q Exactive	SILAC light	NT=Carbamidomethyl; AC=4; MT=Fixed; PP=Anywhere; TA=C	NT=Oxidation; AC=35; MT=Variable; PP=Anywhere; TA=M	NT=Methyl; AC=34; MT=Variable; PP=Anywhere; TA=K,R	NT=Dimethyl; AC=36; MT=Variable; PP=Anywhere; TA=K,R	NT=Trimethyl; AC=37; MT=Variable; PP=Anywhere; TA=K		20ppm	457	lesSDRF v0.1.0	NT=data-dependent acquisition;AC=PRIDE:0000627	v1.1.0	NT=ms-proteomics;VV=v1.1.0
U2OS_peptide_IP	Homo sapiens	Bone marrow	457	U2OS	not applicable	Cancer	run457	proteomic profiling by mass spectrometry	Trypsin	HF200109_MM_MMA_52.raw	WCE	20ppm	Q Exactive	SILAC heavy	NT=Carbamidomethyl; AC=4; MT=Fixed; PP=Anywhere; TA=C	NT=Oxidation; AC=35; MT=Variable; PP=Anywhere; TA=M	NT=Methyl:2H(3)13C(1); AC=329; MT=Variable; PP=Anywhere; TA=K,R	NT=Dimethyl:2H(6)13C(2); AC=330; MT=Variable; PP=Anywhere; TA=K,R	NT=Trimethyl:13C(3)2H(9); AC=1414; MT=Variable; PP=Anywhere; TA=K	NT=Label:13C(4); AC=1266; MT=Fixed; PP=Anywhere; TA=M	20ppm	457	lesSDRF v0.1.0	NT=data-dependent acquisition;AC=PRIDE:0000627	v1.1.0	NT=ms-proteomics;VV=v1.1.0
U2OS_peptide_IP	Homo sapiens	Bone marrow	458	U2OS	not applicable	Cancer	run458	proteomic profiling by mass spectrometry	Trypsin	HF200109_MM_MMA_53.raw	WCE	20ppm	Q Exactive	SILAC light	NT=Carbamidomethyl; AC=4; MT=Fixed; PP=Anywhere; TA=C	NT=Oxidation; AC=35; MT=Variable; PP=Anywhere; TA=M	NT=Methyl; AC=34; MT=Variable; PP=Anywhere; TA=K,R	NT=Dimethyl; AC=36; MT=Variable; PP=Anywhere; TA=K,R	NT=Trimethyl; AC=37; MT=Variable; PP=Anywhere; TA=K		20ppm	458	lesSDRF v0.1.0	NT=data-dependent acquisition;AC=PRIDE:0000627	v1.1.0	NT=ms-proteomics;VV=v1.1.0
U2OS_peptide_IP	Homo sapiens	Bone marrow	458	U2OS	not applicable	Cancer	run458	proteomic profiling by mass spectrometry	Trypsin	HF200109_MM_MMA_53.raw	WCE	20ppm	Q Exactive	SILAC heavy	NT=Carbamidomethyl; AC=4; MT=Fixed; PP=Anywhere; TA=C	NT=Oxidation; AC=35; MT=Variable; PP=Anywhere; TA=M	NT=Methyl:2H(3)13C(1); AC=329; MT=Variable; PP=Anywhere; TA=K,R	NT=Dimethyl:2H(6)13C(2); AC=330; MT=Variable; PP=Anywhere; TA=K,R	NT=Trimethyl:13C(3)2H(9); AC=1414; MT=Variable; PP=Anywhere; TA=K	NT=Label:13C(4); AC=1266; MT=Fixed; PP=Anywhere; TA=M	20ppm	458	lesSDRF v0.1.0	NT=data-dependent acquisition;AC=PRIDE:0000627	v1.1.0	NT=ms-proteomics;VV=v1.1.0
U2OS_peptide_IP	Homo sapiens	Bone marrow	459	U2OS	not applicable	Cancer	run459	proteomic profiling by mass spectrometry	Trypsin	HF200109_MM_MMA_54.raw	WCE	20ppm	Q Exactive	SILAC light	NT=Carbamidomethyl; AC=4; MT=Fixed; PP=Anywhere; TA=C	NT=Oxidation; AC=35; MT=Variable; PP=Anywhere; TA=M	NT=Methyl; AC=34; MT=Variable; PP=Anywhere; TA=K,R	NT=Dimethyl; AC=36; MT=Variable; PP=Anywhere; TA=K,R	NT=Trimethyl; AC=37; MT=Variable; PP=Anywhere; TA=K		20ppm	459	lesSDRF v0.1.0	NT=data-dependent acquisition;AC=PRIDE:0000627	v1.1.0	NT=ms-proteomics;VV=v1.1.0
U2OS_peptide_IP	Homo sapiens	Bone marrow	459	U2OS	not applicable	Cancer	run459	proteomic profiling by mass spectrometry	Trypsin	HF200109_MM_MMA_54.raw	WCE	20ppm	Q Exactive	SILAC heavy	NT=Carbamidomethyl; AC=4; MT=Fixed; PP=Anywhere; TA=C	NT=Oxidation; AC=35; MT=Variable; PP=Anywhere; TA=M	NT=Methyl:2H(3)13C(1); AC=329; MT=Variable; PP=Anywhere; TA=K,R	NT=Dimethyl:2H(6)13C(2); AC=330; MT=Variable; PP=Anywhere; TA=K,R	NT=Trimethyl:13C(3)2H(9); AC=1414; MT=Variable; PP=Anywhere; TA=K	NT=Label:13C(4); AC=1266; MT=Fixed; PP=Anywhere; TA=M	20ppm	459	lesSDRF v0.1.0	NT=data-dependent acquisition;AC=PRIDE:0000627	v1.1.0	NT=ms-proteomics;VV=v1.1.0
U2OS_peptide_IP	Homo sapiens	Bone marrow	460	U2OS	not applicable	Cancer	run460	proteomic profiling by mass spectrometry	Trypsin	HF200109_MM_SDMA_37.raw	WCE	20ppm	Q Exactive	SILAC light	NT=Carbamidomethyl; AC=4; MT=Fixed; PP=Anywhere; TA=C	NT=Oxidation; AC=35; MT=Variable; PP=Anywhere; TA=M	NT=Methyl; AC=34; MT=Variable; PP=Anywhere; TA=K,R	NT=Dimethyl; AC=36; MT=Variable; PP=Anywhere; TA=K,R	NT=Trimethyl; AC=37; MT=Variable; PP=Anywhere; TA=K		20ppm	460	lesSDRF v0.1.0	NT=data-dependent acquisition;AC=PRIDE:0000627	v1.1.0	NT=ms-proteomics;VV=v1.1.0
U2OS_peptide_IP	Homo sapiens	Bone marrow	460	U2OS	not applicable	Cancer	run460	proteomic profiling by mass spectrometry	Trypsin	HF200109_MM_SDMA_37.raw	WCE	20ppm	Q Exactive	SILAC heavy	NT=Carbamidomethyl; AC=4; MT=Fixed; PP=Anywhere; TA=C	NT=Oxidation; AC=35; MT=Variable; PP=Anywhere; TA=M	NT=Methyl:2H(3)13C(1); AC=329; MT=Variable; PP=Anywhere; TA=K,R	NT=Dimethyl:2H(6)13C(2); AC=330; MT=Variable; PP=Anywhere; TA=K,R	NT=Trimethyl:13C(3)2H(9); AC=1414; MT=Variable; PP=Anywhere; TA=K	NT=Label:13C(4); AC=1266; MT=Fixed; PP=Anywhere; TA=M	20ppm	460	lesSDRF v0.1.0	NT=data-dependent acquisition;AC=PRIDE:0000627	v1.1.0	NT=ms-proteomics;VV=v1.1.0
U2OS_peptide_IP	Homo sapiens	Bone marrow	461	U2OS	not applicable	Cancer	run461	proteomic profiling by mass spectrometry	Trypsin	HF200109_MM_SDMA_38.raw	WCE	20ppm	Q Exactive	SILAC light	NT=Carbamidomethyl; AC=4; MT=Fixed; PP=Anywhere; TA=C	NT=Oxidation; AC=35; MT=Variable; PP=Anywhere; TA=M	NT=Methyl; AC=34; MT=Variable; PP=Anywhere; TA=K,R	NT=Dimethyl; AC=36; MT=Variable; PP=Anywhere; TA=K,R	NT=Trimethyl; AC=37; MT=Variable; PP=Anywhere; TA=K		20ppm	461	lesSDRF v0.1.0	NT=data-dependent acquisition;AC=PRIDE:0000627	v1.1.0	NT=ms-proteomics;VV=v1.1.0
U2OS_peptide_IP	Homo sapiens	Bone marrow	461	U2OS	not applicable	Cancer	run461	proteomic profiling by mass spectrometry	Trypsin	HF200109_MM_SDMA_38.raw	WCE	20ppm	Q Exactive	SILAC heavy	NT=Carbamidomethyl; AC=4; MT=Fixed; PP=Anywhere; TA=C	NT=Oxidation; AC=35; MT=Variable; PP=Anywhere; TA=M	NT=Methyl:2H(3)13C(1); AC=329; MT=Variable; PP=Anywhere; TA=K,R	NT=Dimethyl:2H(6)13C(2); AC=330; MT=Variable; PP=Anywhere; TA=K,R	NT=Trimethyl:13C(3)2H(9); AC=1414; MT=Variable; PP=Anywhere; TA=K	NT=Label:13C(4); AC=1266; MT=Fixed; PP=Anywhere; TA=M	20ppm	461	lesSDRF v0.1.0	NT=data-dependent acquisition;AC=PRIDE:0000627	v1.1.0	NT=ms-proteomics;VV=v1.1.0
U2OS_peptide_IP	Homo sapiens	Bone marrow	462	U2OS	not applicable	Cancer	run462	proteomic profiling by mass spectrometry	Trypsin	HF200109_MM_SDMA_39.raw	WCE	20ppm	Q Exactive	SILAC light	NT=Carbamidomethyl; AC=4; MT=Fixed; PP=Anywhere; TA=C	NT=Oxidation; AC=35; MT=Variable; PP=Anywhere; TA=M	NT=Methyl; AC=34; MT=Variable; PP=Anywhere; TA=K,R	NT=Dimethyl; AC=36; MT=Variable; PP=Anywhere; TA=K,R	NT=Trimethyl; AC=37; MT=Variable; PP=Anywhere; TA=K		20ppm	462	lesSDRF v0.1.0	NT=data-dependent acquisition;AC=PRIDE:0000627	v1.1.0	NT=ms-proteomics;VV=v1.1.0
U2OS_peptide_IP	Homo sapiens	Bone marrow	462	U2OS	not applicable	Cancer	run462	proteomic profiling by mass spectrometry	Trypsin	HF200109_MM_SDMA_39.raw	WCE	20ppm	Q Exactive	SILAC heavy	NT=Carbamidomethyl; AC=4; MT=Fixed; PP=Anywhere; TA=C	NT=Oxidation; AC=35; MT=Variable; PP=Anywhere; TA=M	NT=Methyl:2H(3)13C(1); AC=329; MT=Variable; PP=Anywhere; TA=K,R	NT=Dimethyl:2H(6)13C(2); AC=330; MT=Variable; PP=Anywhere; TA=K,R	NT=Trimethyl:13C(3)2H(9); AC=1414; MT=Variable; PP=Anywhere; TA=K	NT=Label:13C(4); AC=1266; MT=Fixed; PP=Anywhere; TA=M	20ppm	462	lesSDRF v0.1.0	NT=data-dependent acquisition;AC=PRIDE:0000627	v1.1.0	NT=ms-proteomics;VV=v1.1.0
U2OS_peptide_IP	Homo sapiens	Bone marrow	463	U2OS	not applicable	Cancer	run463	proteomic profiling by mass spectrometry	Trypsin	HF200109_MM_SDMA_40.raw	WCE	20ppm	Q Exactive	SILAC light	NT=Carbamidomethyl; AC=4; MT=Fixed; PP=Anywhere; TA=C	NT=Oxidation; AC=35; MT=Variable; PP=Anywhere; TA=M	NT=Methyl; AC=34; MT=Variable; PP=Anywhere; TA=K,R	NT=Dimethyl; AC=36; MT=Variable; PP=Anywhere; TA=K,R	NT=Trimethyl; AC=37; MT=Variable; PP=Anywhere; TA=K		20ppm	463	lesSDRF v0.1.0	NT=data-dependent acquisition;AC=PRIDE:0000627	v1.1.0	NT=ms-proteomics;VV=v1.1.0
U2OS_peptide_IP	Homo sapiens	Bone marrow	463	U2OS	not applicable	Cancer	run463	proteomic profiling by mass spectrometry	Trypsin	HF200109_MM_SDMA_40.raw	WCE	20ppm	Q Exactive	SILAC heavy	NT=Carbamidomethyl; AC=4; MT=Fixed; PP=Anywhere; TA=C	NT=Oxidation; AC=35; MT=Variable; PP=Anywhere; TA=M	NT=Methyl:2H(3)13C(1); AC=329; MT=Variable; PP=Anywhere; TA=K,R	NT=Dimethyl:2H(6)13C(2); AC=330; MT=Variable; PP=Anywhere; TA=K,R	NT=Trimethyl:13C(3)2H(9); AC=1414; MT=Variable; PP=Anywhere; TA=K	NT=Label:13C(4); AC=1266; MT=Fixed; PP=Anywhere; TA=M	20ppm	463	lesSDRF v0.1.0	NT=data-dependent acquisition;AC=PRIDE:0000627	v1.1.0	NT=ms-proteomics;VV=v1.1.0
U2OS_peptide_IP	Homo sapiens	Bone marrow	464	U2OS	not applicable	Cancer	run464	proteomic profiling by mass spectrometry	Trypsin	HF200109_MM_SDMA_41.raw	WCE	20ppm	Q Exactive	SILAC light	NT=Carbamidomethyl; AC=4; MT=Fixed; PP=Anywhere; TA=C	NT=Oxidation; AC=35; MT=Variable; PP=Anywhere; TA=M	NT=Methyl; AC=34; MT=Variable; PP=Anywhere; TA=K,R	NT=Dimethyl; AC=36; MT=Variable; PP=Anywhere; TA=K,R	NT=Trimethyl; AC=37; MT=Variable; PP=Anywhere; TA=K		20ppm	464	lesSDRF v0.1.0	NT=data-dependent acquisition;AC=PRIDE:0000627	v1.1.0	NT=ms-proteomics;VV=v1.1.0
U2OS_peptide_IP	Homo sapiens	Bone marrow	464	U2OS	not applicable	Cancer	run464	proteomic profiling by mass spectrometry	Trypsin	HF200109_MM_SDMA_41.raw	WCE	20ppm	Q Exactive	SILAC heavy	NT=Carbamidomethyl; AC=4; MT=Fixed; PP=Anywhere; TA=C	NT=Oxidation; AC=35; MT=Variable; PP=Anywhere; TA=M	NT=Methyl:2H(3)13C(1); AC=329; MT=Variable; PP=Anywhere; TA=K,R	NT=Dimethyl:2H(6)13C(2); AC=330; MT=Variable; PP=Anywhere; TA=K,R	NT=Trimethyl:13C(3)2H(9); AC=1414; MT=Variable; PP=Anywhere; TA=K	NT=Label:13C(4); AC=1266; MT=Fixed; PP=Anywhere; TA=M	20ppm	464	lesSDRF v0.1.0	NT=data-dependent acquisition;AC=PRIDE:0000627	v1.1.0	NT=ms-proteomics;VV=v1.1.0
U2OS_peptide_IP	Homo sapiens	Bone marrow	465	U2OS	not applicable	Cancer	run465	proteomic profiling by mass spectrometry	Trypsin	HF200109_MM_SDMA_42.raw	WCE	20ppm	Q Exactive	SILAC light	NT=Carbamidomethyl; AC=4; MT=Fixed; PP=Anywhere; TA=C	NT=Oxidation; AC=35; MT=Variable; PP=Anywhere; TA=M	NT=Methyl; AC=34; MT=Variable; PP=Anywhere; TA=K,R	NT=Dimethyl; AC=36; MT=Variable; PP=Anywhere; TA=K,R	NT=Trimethyl; AC=37; MT=Variable; PP=Anywhere; TA=K		20ppm	465	lesSDRF v0.1.0	NT=data-dependent acquisition;AC=PRIDE:0000627	v1.1.0	NT=ms-proteomics;VV=v1.1.0
U2OS_peptide_IP	Homo sapiens	Bone marrow	465	U2OS	not applicable	Cancer	run465	proteomic profiling by mass spectrometry	Trypsin	HF200109_MM_SDMA_42.raw	WCE	20ppm	Q Exactive	SILAC heavy	NT=Carbamidomethyl; AC=4; MT=Fixed; PP=Anywhere; TA=C	NT=Oxidation; AC=35; MT=Variable; PP=Anywhere; TA=M	NT=Methyl:2H(3)13C(1); AC=329; MT=Variable; PP=Anywhere; TA=K,R	NT=Dimethyl:2H(6)13C(2); AC=330; MT=Variable; PP=Anywhere; TA=K,R	NT=Trimethyl:13C(3)2H(9); AC=1414; MT=Variable; PP=Anywhere; TA=K	NT=Label:13C(4); AC=1266; MT=Fixed; PP=Anywhere; TA=M	20ppm	465	lesSDRF v0.1.0	NT=data-dependent acquisition;AC=PRIDE:0000627	v1.1.0	NT=ms-proteomics;VV=v1.1.0
U2OS_peptide_IP	Homo sapiens	Bone marrow	466	U2OS	not applicable	Cancer	run466	proteomic profiling by mass spectrometry	Trypsin	HF200109_MM_SDMA_43.raw	WCE	20ppm	Q Exactive	SILAC light	NT=Carbamidomethyl; AC=4; MT=Fixed; PP=Anywhere; TA=C	NT=Oxidation; AC=35; MT=Variable; PP=Anywhere; TA=M	NT=Methyl; AC=34; MT=Variable; PP=Anywhere; TA=K,R	NT=Dimethyl; AC=36; MT=Variable; PP=Anywhere; TA=K,R	NT=Trimethyl; AC=37; MT=Variable; PP=Anywhere; TA=K		20ppm	466	lesSDRF v0.1.0	NT=data-dependent acquisition;AC=PRIDE:0000627	v1.1.0	NT=ms-proteomics;VV=v1.1.0
U2OS_peptide_IP	Homo sapiens	Bone marrow	466	U2OS	not applicable	Cancer	run466	proteomic profiling by mass spectrometry	Trypsin	HF200109_MM_SDMA_43.raw	WCE	20ppm	Q Exactive	SILAC heavy	NT=Carbamidomethyl; AC=4; MT=Fixed; PP=Anywhere; TA=C	NT=Oxidation; AC=35; MT=Variable; PP=Anywhere; TA=M	NT=Methyl:2H(3)13C(1); AC=329; MT=Variable; PP=Anywhere; TA=K,R	NT=Dimethyl:2H(6)13C(2); AC=330; MT=Variable; PP=Anywhere; TA=K,R	NT=Trimethyl:13C(3)2H(9); AC=1414; MT=Variable; PP=Anywhere; TA=K	NT=Label:13C(4); AC=1266; MT=Fixed; PP=Anywhere; TA=M	20ppm	466	lesSDRF v0.1.0	NT=data-dependent acquisition;AC=PRIDE:0000627	v1.1.0	NT=ms-proteomics;VV=v1.1.0
U2OS_peptide_IP	Homo sapiens	Bone marrow	467	U2OS	not applicable	Cancer	run467	proteomic profiling by mass spectrometry	Trypsin	HF200109_MM_SDMA_44.raw	WCE	20ppm	Q Exactive	SILAC light	NT=Carbamidomethyl; AC=4; MT=Fixed; PP=Anywhere; TA=C	NT=Oxidation; AC=35; MT=Variable; PP=Anywhere; TA=M	NT=Methyl; AC=34; MT=Variable; PP=Anywhere; TA=K,R	NT=Dimethyl; AC=36; MT=Variable; PP=Anywhere; TA=K,R	NT=Trimethyl; AC=37; MT=Variable; PP=Anywhere; TA=K		20ppm	467	lesSDRF v0.1.0	NT=data-dependent acquisition;AC=PRIDE:0000627	v1.1.0	NT=ms-proteomics;VV=v1.1.0
U2OS_peptide_IP	Homo sapiens	Bone marrow	467	U2OS	not applicable	Cancer	run467	proteomic profiling by mass spectrometry	Trypsin	HF200109_MM_SDMA_44.raw	WCE	20ppm	Q Exactive	SILAC heavy	NT=Carbamidomethyl; AC=4; MT=Fixed; PP=Anywhere; TA=C	NT=Oxidation; AC=35; MT=Variable; PP=Anywhere; TA=M	NT=Methyl:2H(3)13C(1); AC=329; MT=Variable; PP=Anywhere; TA=K,R	NT=Dimethyl:2H(6)13C(2); AC=330; MT=Variable; PP=Anywhere; TA=K,R	NT=Trimethyl:13C(3)2H(9); AC=1414; MT=Variable; PP=Anywhere; TA=K	NT=Label:13C(4); AC=1266; MT=Fixed; PP=Anywhere; TA=M	20ppm	467	lesSDRF v0.1.0	NT=data-dependent acquisition;AC=PRIDE:0000627	v1.1.0	NT=ms-proteomics;VV=v1.1.0
U2OS_peptide_IP	Homo sapiens	Bone marrow	468	U2OS	not applicable	Cancer	run468	proteomic profiling by mass spectrometry	Trypsin	HF200109_MM_SDMA_45.raw	WCE	20ppm	Q Exactive	SILAC light	NT=Carbamidomethyl; AC=4; MT=Fixed; PP=Anywhere; TA=C	NT=Oxidation; AC=35; MT=Variable; PP=Anywhere; TA=M	NT=Methyl; AC=34; MT=Variable; PP=Anywhere; TA=K,R	NT=Dimethyl; AC=36; MT=Variable; PP=Anywhere; TA=K,R	NT=Trimethyl; AC=37; MT=Variable; PP=Anywhere; TA=K		20ppm	468	lesSDRF v0.1.0	NT=data-dependent acquisition;AC=PRIDE:0000627	v1.1.0	NT=ms-proteomics;VV=v1.1.0
U2OS_peptide_IP	Homo sapiens	Bone marrow	468	U2OS	not applicable	Cancer	run468	proteomic profiling by mass spectrometry	Trypsin	HF200109_MM_SDMA_45.raw	WCE	20ppm	Q Exactive	SILAC heavy	NT=Carbamidomethyl; AC=4; MT=Fixed; PP=Anywhere; TA=C	NT=Oxidation; AC=35; MT=Variable; PP=Anywhere; TA=M	NT=Methyl:2H(3)13C(1); AC=329; MT=Variable; PP=Anywhere; TA=K,R	NT=Dimethyl:2H(6)13C(2); AC=330; MT=Variable; PP=Anywhere; TA=K,R	NT=Trimethyl:13C(3)2H(9); AC=1414; MT=Variable; PP=Anywhere; TA=K	NT=Label:13C(4); AC=1266; MT=Fixed; PP=Anywhere; TA=M	20ppm	468	lesSDRF v0.1.0	NT=data-dependent acquisition;AC=PRIDE:0000627	v1.1.0	NT=ms-proteomics;VV=v1.1.0
