source name	characteristics[organism]	characteristics[organism part]	characteristics[cell type]	characteristics[biological replicate]	characteristics[pooled sample]	characteristics[disease]	characteristics[ancestry category]	characteristics[age]	characteristics[sex]	characteristics[individual]	assay name	technology type	comment[technical replicate]	comment[data file]	comment[sdrf version]	comment[sdrf template]	comment[sdrf template]	comment[sdrf template]	comment[sdrf annotation tool]	comment[proteomics data acquisition method]	comment[instrument]	comment[cleavage agent details]	comment[cleavage agent details]	comment[label]	comment[fraction identifier]	comment[dissociation method]	comment[collision energy]	comment[precursor mass tolerance]	comment[fragment mass tolerance]	comment[reduction reagent]	comment[alkylation reagent]	comment[modification parameters]	comment[modification parameters]	comment[ms2 mass analyzer]	comment[sample preparation batch]	comment[acquisition date]	comment[ms1 scan range]	comment[ms2 scan range]	comment[scan window lower limit]	comment[scan window upper limit]	comment[isolation window width]
MOMI_QC_APEM_P154_F12	Homo sapiens	blood plasma	not applicable	1	pooled	not available	not available	not available	not available	pooled	20240925_OA2_Evo08_ViAl_SA_FAIMS40_IO26_A556_MOMI_APEM_P154_F12_R01	proteomic profiling by mass spectrometry	1	20240925_OA2_Evo08_ViAl_SA_FAIMS40_IO26_A556_MOMI_APEM_P154_F12_R01.raw	v1.1.0	NT=ms-proteomics;VV=v1.1.0	NT=human;VV=v1.1.0	NT=dia-acquisition;VV=v1.1.0	NT=sdrf-skills;VV=v0.2.0	Data-independent acquisition	NT=Orbitrap Astral;AC=MS:1003378	NT=Trypsin;AC=MS:1001251	NT=Lys-C;AC=MS:1001309	label free sample	1	NT=HCD;AC=MS:1000422	25% NCE	10 ppm	10 ppm	NT=Dithiothreitol (DTT);AC=PRIDE:0000608	NT=Chloroacetamide (ClAA);AC=PRIDE:0000600	NT=Carbamidomethyl;AC=UNIMOD:4;TA=C;MT=Fixed	NT=Oxidation;AC=UNIMOD:35;TA=M;MT=Variable	NT=asymmetric track lossless time-of-flight analyzer;AC=MS:1003379	MOMI APEM	2024-09-25	380m/z-980m/z	150m/z-2000m/z	not available	not available	4
MOMI_QC_APEM_P154_G12	Homo sapiens	blood plasma	not applicable	1	pooled	not available	not available	not available	not available	pooled	20240925_OA2_Evo08_ViAl_SA_FAIMS40_IO26_A556_MOMI_APEM_P154_G12_R01	proteomic profiling by mass spectrometry	1	20240925_OA2_Evo08_ViAl_SA_FAIMS40_IO26_A556_MOMI_APEM_P154_G12_R01.raw	v1.1.0	NT=ms-proteomics;VV=v1.1.0	NT=human;VV=v1.1.0	NT=dia-acquisition;VV=v1.1.0	NT=sdrf-skills;VV=v0.2.0	Data-independent acquisition	NT=Orbitrap Astral;AC=MS:1003378	NT=Trypsin;AC=MS:1001251	NT=Lys-C;AC=MS:1001309	label free sample	1	NT=HCD;AC=MS:1000422	25% NCE	10 ppm	10 ppm	NT=Dithiothreitol (DTT);AC=PRIDE:0000608	NT=Chloroacetamide (ClAA);AC=PRIDE:0000600	NT=Carbamidomethyl;AC=UNIMOD:4;TA=C;MT=Fixed	NT=Oxidation;AC=UNIMOD:35;TA=M;MT=Variable	NT=asymmetric track lossless time-of-flight analyzer;AC=MS:1003379	MOMI APEM	2024-09-25	380m/z-980m/z	150m/z-2000m/z	not available	not available	4
MOMI_QC_APEM_P154_H12	Homo sapiens	blood plasma	not applicable	1	pooled	not available	not available	not available	not available	pooled	20240925_OA2_Evo08_ViAl_SA_FAIMS40_IO26_A556_MOMI_APEM_P154_H12_R01	proteomic profiling by mass spectrometry	1	20240925_OA2_Evo08_ViAl_SA_FAIMS40_IO26_A556_MOMI_APEM_P154_H12_R01.raw	v1.1.0	NT=ms-proteomics;VV=v1.1.0	NT=human;VV=v1.1.0	NT=dia-acquisition;VV=v1.1.0	NT=sdrf-skills;VV=v0.2.0	Data-independent acquisition	NT=Orbitrap Astral;AC=MS:1003378	NT=Trypsin;AC=MS:1001251	NT=Lys-C;AC=MS:1001309	label free sample	1	NT=HCD;AC=MS:1000422	25% NCE	10 ppm	10 ppm	NT=Dithiothreitol (DTT);AC=PRIDE:0000608	NT=Chloroacetamide (ClAA);AC=PRIDE:0000600	NT=Carbamidomethyl;AC=UNIMOD:4;TA=C;MT=Fixed	NT=Oxidation;AC=UNIMOD:35;TA=M;MT=Variable	NT=asymmetric track lossless time-of-flight analyzer;AC=MS:1003379	MOMI APEM	2024-09-25	380m/z-980m/z	150m/z-2000m/z	not available	not available	4
MOMI_QC_APEM_P155_E12	Homo sapiens	blood plasma	not applicable	1	pooled	not available	not available	not available	not available	pooled	20240925_OA2_Evo08_ViAl_SA_FAIMS40_IO26_A556_MOMI_APEM_P155_E12_R01	proteomic profiling by mass spectrometry	1	20240925_OA2_Evo08_ViAl_SA_FAIMS40_IO26_A556_MOMI_APEM_P155_E12_R01.raw	v1.1.0	NT=ms-proteomics;VV=v1.1.0	NT=human;VV=v1.1.0	NT=dia-acquisition;VV=v1.1.0	NT=sdrf-skills;VV=v0.2.0	Data-independent acquisition	NT=Orbitrap Astral;AC=MS:1003378	NT=Trypsin;AC=MS:1001251	NT=Lys-C;AC=MS:1001309	label free sample	1	NT=HCD;AC=MS:1000422	25% NCE	10 ppm	10 ppm	NT=Dithiothreitol (DTT);AC=PRIDE:0000608	NT=Chloroacetamide (ClAA);AC=PRIDE:0000600	NT=Carbamidomethyl;AC=UNIMOD:4;TA=C;MT=Fixed	NT=Oxidation;AC=UNIMOD:35;TA=M;MT=Variable	NT=asymmetric track lossless time-of-flight analyzer;AC=MS:1003379	MOMI APEM	2024-09-25	380m/z-980m/z	150m/z-2000m/z	not available	not available	4
MOMI_QC_APEM_P155_F12	Homo sapiens	blood plasma	not applicable	1	pooled	not available	not available	not available	not available	pooled	20240925_OA2_Evo08_ViAl_SA_FAIMS40_IO26_A556_MOMI_APEM_P155_F12_R01	proteomic profiling by mass spectrometry	1	20240925_OA2_Evo08_ViAl_SA_FAIMS40_IO26_A556_MOMI_APEM_P155_F12_R01.raw	v1.1.0	NT=ms-proteomics;VV=v1.1.0	NT=human;VV=v1.1.0	NT=dia-acquisition;VV=v1.1.0	NT=sdrf-skills;VV=v0.2.0	Data-independent acquisition	NT=Orbitrap Astral;AC=MS:1003378	NT=Trypsin;AC=MS:1001251	NT=Lys-C;AC=MS:1001309	label free sample	1	NT=HCD;AC=MS:1000422	25% NCE	10 ppm	10 ppm	NT=Dithiothreitol (DTT);AC=PRIDE:0000608	NT=Chloroacetamide (ClAA);AC=PRIDE:0000600	NT=Carbamidomethyl;AC=UNIMOD:4;TA=C;MT=Fixed	NT=Oxidation;AC=UNIMOD:35;TA=M;MT=Variable	NT=asymmetric track lossless time-of-flight analyzer;AC=MS:1003379	MOMI APEM	2024-09-25	380m/z-980m/z	150m/z-2000m/z	not available	not available	4
MOMI_QC_APEM_P155_G12	Homo sapiens	blood plasma	not applicable	1	pooled	not available	not available	not available	not available	pooled	20240925_OA2_Evo08_ViAl_SA_FAIMS40_IO26_A556_MOMI_APEM_P155_G12_R01	proteomic profiling by mass spectrometry	1	20240925_OA2_Evo08_ViAl_SA_FAIMS40_IO26_A556_MOMI_APEM_P155_G12_R01.raw	v1.1.0	NT=ms-proteomics;VV=v1.1.0	NT=human;VV=v1.1.0	NT=dia-acquisition;VV=v1.1.0	NT=sdrf-skills;VV=v0.2.0	Data-independent acquisition	NT=Orbitrap Astral;AC=MS:1003378	NT=Trypsin;AC=MS:1001251	NT=Lys-C;AC=MS:1001309	label free sample	1	NT=HCD;AC=MS:1000422	25% NCE	10 ppm	10 ppm	NT=Dithiothreitol (DTT);AC=PRIDE:0000608	NT=Chloroacetamide (ClAA);AC=PRIDE:0000600	NT=Carbamidomethyl;AC=UNIMOD:4;TA=C;MT=Fixed	NT=Oxidation;AC=UNIMOD:35;TA=M;MT=Variable	NT=asymmetric track lossless time-of-flight analyzer;AC=MS:1003379	MOMI APEM	2024-09-25	380m/z-980m/z	150m/z-2000m/z	not available	not available	4
MOMI_QC_APEM_P155_H12	Homo sapiens	blood plasma	not applicable	1	pooled	not available	not available	not available	not available	pooled	20240925_OA2_Evo08_ViAl_SA_FAIMS40_IO26_A556_MOMI_APEM_P155_H12_R01	proteomic profiling by mass spectrometry	1	20240925_OA2_Evo08_ViAl_SA_FAIMS40_IO26_A556_MOMI_APEM_P155_H12_R01.raw	v1.1.0	NT=ms-proteomics;VV=v1.1.0	NT=human;VV=v1.1.0	NT=dia-acquisition;VV=v1.1.0	NT=sdrf-skills;VV=v0.2.0	Data-independent acquisition	NT=Orbitrap Astral;AC=MS:1003378	NT=Trypsin;AC=MS:1001251	NT=Lys-C;AC=MS:1001309	label free sample	1	NT=HCD;AC=MS:1000422	25% NCE	10 ppm	10 ppm	NT=Dithiothreitol (DTT);AC=PRIDE:0000608	NT=Chloroacetamide (ClAA);AC=PRIDE:0000600	NT=Carbamidomethyl;AC=UNIMOD:4;TA=C;MT=Fixed	NT=Oxidation;AC=UNIMOD:35;TA=M;MT=Variable	NT=asymmetric track lossless time-of-flight analyzer;AC=MS:1003379	MOMI APEM	2024-09-25	380m/z-980m/z	150m/z-2000m/z	not available	not available	4
MOMI_QC_APEM_P156_E12	Homo sapiens	blood plasma	not applicable	1	pooled	not available	not available	not available	not available	pooled	20240925_OA2_Evo08_ViAl_SA_FAIMS40_IO26_A556_MOMI_APEM_P156_E12_R01	proteomic profiling by mass spectrometry	1	20240925_OA2_Evo08_ViAl_SA_FAIMS40_IO26_A556_MOMI_APEM_P156_E12_R01.raw	v1.1.0	NT=ms-proteomics;VV=v1.1.0	NT=human;VV=v1.1.0	NT=dia-acquisition;VV=v1.1.0	NT=sdrf-skills;VV=v0.2.0	Data-independent acquisition	NT=Orbitrap Astral;AC=MS:1003378	NT=Trypsin;AC=MS:1001251	NT=Lys-C;AC=MS:1001309	label free sample	1	NT=HCD;AC=MS:1000422	25% NCE	10 ppm	10 ppm	NT=Dithiothreitol (DTT);AC=PRIDE:0000608	NT=Chloroacetamide (ClAA);AC=PRIDE:0000600	NT=Carbamidomethyl;AC=UNIMOD:4;TA=C;MT=Fixed	NT=Oxidation;AC=UNIMOD:35;TA=M;MT=Variable	NT=asymmetric track lossless time-of-flight analyzer;AC=MS:1003379	MOMI APEM	2024-09-25	380m/z-980m/z	150m/z-2000m/z	not available	not available	4
MOMI_QC_APEM_P156_F12	Homo sapiens	blood plasma	not applicable	1	pooled	not available	not available	not available	not available	pooled	20240925_OA2_Evo08_ViAl_SA_FAIMS40_IO26_A556_MOMI_APEM_P156_F12_R01	proteomic profiling by mass spectrometry	1	20240925_OA2_Evo08_ViAl_SA_FAIMS40_IO26_A556_MOMI_APEM_P156_F12_R01.raw	v1.1.0	NT=ms-proteomics;VV=v1.1.0	NT=human;VV=v1.1.0	NT=dia-acquisition;VV=v1.1.0	NT=sdrf-skills;VV=v0.2.0	Data-independent acquisition	NT=Orbitrap Astral;AC=MS:1003378	NT=Trypsin;AC=MS:1001251	NT=Lys-C;AC=MS:1001309	label free sample	1	NT=HCD;AC=MS:1000422	25% NCE	10 ppm	10 ppm	NT=Dithiothreitol (DTT);AC=PRIDE:0000608	NT=Chloroacetamide (ClAA);AC=PRIDE:0000600	NT=Carbamidomethyl;AC=UNIMOD:4;TA=C;MT=Fixed	NT=Oxidation;AC=UNIMOD:35;TA=M;MT=Variable	NT=asymmetric track lossless time-of-flight analyzer;AC=MS:1003379	MOMI APEM	2024-09-25	380m/z-980m/z	150m/z-2000m/z	not available	not available	4
MOMI_QC_APEM_P156_G12	Homo sapiens	blood plasma	not applicable	1	pooled	not available	not available	not available	not available	pooled	20240925_OA2_Evo08_ViAl_SA_FAIMS40_IO26_A556_MOMI_APEM_P156_G12_R01	proteomic profiling by mass spectrometry	1	20240925_OA2_Evo08_ViAl_SA_FAIMS40_IO26_A556_MOMI_APEM_P156_G12_R01.raw	v1.1.0	NT=ms-proteomics;VV=v1.1.0	NT=human;VV=v1.1.0	NT=dia-acquisition;VV=v1.1.0	NT=sdrf-skills;VV=v0.2.0	Data-independent acquisition	NT=Orbitrap Astral;AC=MS:1003378	NT=Trypsin;AC=MS:1001251	NT=Lys-C;AC=MS:1001309	label free sample	1	NT=HCD;AC=MS:1000422	25% NCE	10 ppm	10 ppm	NT=Dithiothreitol (DTT);AC=PRIDE:0000608	NT=Chloroacetamide (ClAA);AC=PRIDE:0000600	NT=Carbamidomethyl;AC=UNIMOD:4;TA=C;MT=Fixed	NT=Oxidation;AC=UNIMOD:35;TA=M;MT=Variable	NT=asymmetric track lossless time-of-flight analyzer;AC=MS:1003379	MOMI APEM	2024-09-25	380m/z-980m/z	150m/z-2000m/z	not available	not available	4
MOMI_QC_APEM_P156_H12	Homo sapiens	blood plasma	not applicable	1	pooled	not available	not available	not available	not available	pooled	20240925_OA2_Evo08_ViAl_SA_FAIMS40_IO26_A556_MOMI_APEM_P156_H12_R01	proteomic profiling by mass spectrometry	1	20240925_OA2_Evo08_ViAl_SA_FAIMS40_IO26_A556_MOMI_APEM_P156_H12_R01.raw	v1.1.0	NT=ms-proteomics;VV=v1.1.0	NT=human;VV=v1.1.0	NT=dia-acquisition;VV=v1.1.0	NT=sdrf-skills;VV=v0.2.0	Data-independent acquisition	NT=Orbitrap Astral;AC=MS:1003378	NT=Trypsin;AC=MS:1001251	NT=Lys-C;AC=MS:1001309	label free sample	1	NT=HCD;AC=MS:1000422	25% NCE	10 ppm	10 ppm	NT=Dithiothreitol (DTT);AC=PRIDE:0000608	NT=Chloroacetamide (ClAA);AC=PRIDE:0000600	NT=Carbamidomethyl;AC=UNIMOD:4;TA=C;MT=Fixed	NT=Oxidation;AC=UNIMOD:35;TA=M;MT=Variable	NT=asymmetric track lossless time-of-flight analyzer;AC=MS:1003379	MOMI APEM	2024-09-25	380m/z-980m/z	150m/z-2000m/z	not available	not available	4
MOMI_QC_ABGD_P33_E12	Homo sapiens	blood plasma	not applicable	1	pooled	not available	not available	not available	not available	pooled	20240925_OA3_Evo02_ViAl_SA_FAIMS40_IO24_A556_MOMI_ABGD_P33_E12_R01	proteomic profiling by mass spectrometry	1	20240925_OA3_Evo02_ViAl_SA_FAIMS40_IO24_A556_MOMI_ABGD_P33_E12_R01.raw	v1.1.0	NT=ms-proteomics;VV=v1.1.0	NT=human;VV=v1.1.0	NT=dia-acquisition;VV=v1.1.0	NT=sdrf-skills;VV=v0.2.0	Data-independent acquisition	NT=Orbitrap Astral;AC=MS:1003378	NT=Trypsin;AC=MS:1001251	NT=Lys-C;AC=MS:1001309	label free sample	1	NT=HCD;AC=MS:1000422	25% NCE	10 ppm	10 ppm	NT=Dithiothreitol (DTT);AC=PRIDE:0000608	NT=Chloroacetamide (ClAA);AC=PRIDE:0000600	NT=Carbamidomethyl;AC=UNIMOD:4;TA=C;MT=Fixed	NT=Oxidation;AC=UNIMOD:35;TA=M;MT=Variable	NT=asymmetric track lossless time-of-flight analyzer;AC=MS:1003379	MOMI ABGD	2024-09-25	380m/z-980m/z	150m/z-2000m/z	not available	not available	4
MOMI_QC_ABGD_P33_F12	Homo sapiens	blood plasma	not applicable	1	pooled	not available	not available	not available	not available	pooled	20240925_OA3_Evo02_ViAl_SA_FAIMS40_IO24_A556_MOMI_ABGD_P33_F12_R01	proteomic profiling by mass spectrometry	1	20240925_OA3_Evo02_ViAl_SA_FAIMS40_IO24_A556_MOMI_ABGD_P33_F12_R01.raw	v1.1.0	NT=ms-proteomics;VV=v1.1.0	NT=human;VV=v1.1.0	NT=dia-acquisition;VV=v1.1.0	NT=sdrf-skills;VV=v0.2.0	Data-independent acquisition	NT=Orbitrap Astral;AC=MS:1003378	NT=Trypsin;AC=MS:1001251	NT=Lys-C;AC=MS:1001309	label free sample	1	NT=HCD;AC=MS:1000422	25% NCE	10 ppm	10 ppm	NT=Dithiothreitol (DTT);AC=PRIDE:0000608	NT=Chloroacetamide (ClAA);AC=PRIDE:0000600	NT=Carbamidomethyl;AC=UNIMOD:4;TA=C;MT=Fixed	NT=Oxidation;AC=UNIMOD:35;TA=M;MT=Variable	NT=asymmetric track lossless time-of-flight analyzer;AC=MS:1003379	MOMI ABGD	2024-09-25	380m/z-980m/z	150m/z-2000m/z	not available	not available	4
MOMI_QC_ABGD_P33_G12	Homo sapiens	blood plasma	not applicable	1	pooled	not available	not available	not available	not available	pooled	20240925_OA3_Evo02_ViAl_SA_FAIMS40_IO24_A556_MOMI_ABGD_P33_G12_R01	proteomic profiling by mass spectrometry	1	20240925_OA3_Evo02_ViAl_SA_FAIMS40_IO24_A556_MOMI_ABGD_P33_G12_R01.raw	v1.1.0	NT=ms-proteomics;VV=v1.1.0	NT=human;VV=v1.1.0	NT=dia-acquisition;VV=v1.1.0	NT=sdrf-skills;VV=v0.2.0	Data-independent acquisition	NT=Orbitrap Astral;AC=MS:1003378	NT=Trypsin;AC=MS:1001251	NT=Lys-C;AC=MS:1001309	label free sample	1	NT=HCD;AC=MS:1000422	25% NCE	10 ppm	10 ppm	NT=Dithiothreitol (DTT);AC=PRIDE:0000608	NT=Chloroacetamide (ClAA);AC=PRIDE:0000600	NT=Carbamidomethyl;AC=UNIMOD:4;TA=C;MT=Fixed	NT=Oxidation;AC=UNIMOD:35;TA=M;MT=Variable	NT=asymmetric track lossless time-of-flight analyzer;AC=MS:1003379	MOMI ABGD	2024-09-25	380m/z-980m/z	150m/z-2000m/z	not available	not available	4
MOMI_QC_ABGD_P33_H12	Homo sapiens	blood plasma	not applicable	1	pooled	not available	not available	not available	not available	pooled	20240925_OA3_Evo02_ViAl_SA_FAIMS40_IO24_A556_MOMI_ABGD_P33_H12_R01	proteomic profiling by mass spectrometry	1	20240925_OA3_Evo02_ViAl_SA_FAIMS40_IO24_A556_MOMI_ABGD_P33_H12_R01.raw	v1.1.0	NT=ms-proteomics;VV=v1.1.0	NT=human;VV=v1.1.0	NT=dia-acquisition;VV=v1.1.0	NT=sdrf-skills;VV=v0.2.0	Data-independent acquisition	NT=Orbitrap Astral;AC=MS:1003378	NT=Trypsin;AC=MS:1001251	NT=Lys-C;AC=MS:1001309	label free sample	1	NT=HCD;AC=MS:1000422	25% NCE	10 ppm	10 ppm	NT=Dithiothreitol (DTT);AC=PRIDE:0000608	NT=Chloroacetamide (ClAA);AC=PRIDE:0000600	NT=Carbamidomethyl;AC=UNIMOD:4;TA=C;MT=Fixed	NT=Oxidation;AC=UNIMOD:35;TA=M;MT=Variable	NT=asymmetric track lossless time-of-flight analyzer;AC=MS:1003379	MOMI ABGD	2024-09-25	380m/z-980m/z	150m/z-2000m/z	not available	not available	4
MOMI_QC_ABGD_P34_E12	Homo sapiens	blood plasma	not applicable	1	pooled	not available	not available	not available	not available	pooled	20240925_OA3_Evo02_ViAl_SA_FAIMS40_IO24_A556_MOMI_ABGD_P34_E12_R01	proteomic profiling by mass spectrometry	1	20240925_OA3_Evo02_ViAl_SA_FAIMS40_IO24_A556_MOMI_ABGD_P34_E12_R01.raw	v1.1.0	NT=ms-proteomics;VV=v1.1.0	NT=human;VV=v1.1.0	NT=dia-acquisition;VV=v1.1.0	NT=sdrf-skills;VV=v0.2.0	Data-independent acquisition	NT=Orbitrap Astral;AC=MS:1003378	NT=Trypsin;AC=MS:1001251	NT=Lys-C;AC=MS:1001309	label free sample	1	NT=HCD;AC=MS:1000422	25% NCE	10 ppm	10 ppm	NT=Dithiothreitol (DTT);AC=PRIDE:0000608	NT=Chloroacetamide (ClAA);AC=PRIDE:0000600	NT=Carbamidomethyl;AC=UNIMOD:4;TA=C;MT=Fixed	NT=Oxidation;AC=UNIMOD:35;TA=M;MT=Variable	NT=asymmetric track lossless time-of-flight analyzer;AC=MS:1003379	MOMI ABGD	2024-09-25	380m/z-980m/z	150m/z-2000m/z	not available	not available	4
MOMI_QC_ABGD_P34_F12	Homo sapiens	blood plasma	not applicable	1	pooled	not available	not available	not available	not available	pooled	20240925_OA3_Evo02_ViAl_SA_FAIMS40_IO24_A556_MOMI_ABGD_P34_F12_R01	proteomic profiling by mass spectrometry	1	20240925_OA3_Evo02_ViAl_SA_FAIMS40_IO24_A556_MOMI_ABGD_P34_F12_R01.raw	v1.1.0	NT=ms-proteomics;VV=v1.1.0	NT=human;VV=v1.1.0	NT=dia-acquisition;VV=v1.1.0	NT=sdrf-skills;VV=v0.2.0	Data-independent acquisition	NT=Orbitrap Astral;AC=MS:1003378	NT=Trypsin;AC=MS:1001251	NT=Lys-C;AC=MS:1001309	label free sample	1	NT=HCD;AC=MS:1000422	25% NCE	10 ppm	10 ppm	NT=Dithiothreitol (DTT);AC=PRIDE:0000608	NT=Chloroacetamide (ClAA);AC=PRIDE:0000600	NT=Carbamidomethyl;AC=UNIMOD:4;TA=C;MT=Fixed	NT=Oxidation;AC=UNIMOD:35;TA=M;MT=Variable	NT=asymmetric track lossless time-of-flight analyzer;AC=MS:1003379	MOMI ABGD	2024-09-25	380m/z-980m/z	150m/z-2000m/z	not available	not available	4
MOMI_QC_ABGD_P34_G12	Homo sapiens	blood plasma	not applicable	1	pooled	not available	not available	not available	not available	pooled	20240925_OA3_Evo02_ViAl_SA_FAIMS40_IO24_A556_MOMI_ABGD_P34_G12_R01	proteomic profiling by mass spectrometry	1	20240925_OA3_Evo02_ViAl_SA_FAIMS40_IO24_A556_MOMI_ABGD_P34_G12_R01.raw	v1.1.0	NT=ms-proteomics;VV=v1.1.0	NT=human;VV=v1.1.0	NT=dia-acquisition;VV=v1.1.0	NT=sdrf-skills;VV=v0.2.0	Data-independent acquisition	NT=Orbitrap Astral;AC=MS:1003378	NT=Trypsin;AC=MS:1001251	NT=Lys-C;AC=MS:1001309	label free sample	1	NT=HCD;AC=MS:1000422	25% NCE	10 ppm	10 ppm	NT=Dithiothreitol (DTT);AC=PRIDE:0000608	NT=Chloroacetamide (ClAA);AC=PRIDE:0000600	NT=Carbamidomethyl;AC=UNIMOD:4;TA=C;MT=Fixed	NT=Oxidation;AC=UNIMOD:35;TA=M;MT=Variable	NT=asymmetric track lossless time-of-flight analyzer;AC=MS:1003379	MOMI ABGD	2024-09-25	380m/z-980m/z	150m/z-2000m/z	not available	not available	4
MOMI_QC_ABGD_P34_H12	Homo sapiens	blood plasma	not applicable	1	pooled	not available	not available	not available	not available	pooled	20240925_OA3_Evo02_ViAl_SA_FAIMS40_IO24_A556_MOMI_ABGD_P34_H12_R01	proteomic profiling by mass spectrometry	1	20240925_OA3_Evo02_ViAl_SA_FAIMS40_IO24_A556_MOMI_ABGD_P34_H12_R01.raw	v1.1.0	NT=ms-proteomics;VV=v1.1.0	NT=human;VV=v1.1.0	NT=dia-acquisition;VV=v1.1.0	NT=sdrf-skills;VV=v0.2.0	Data-independent acquisition	NT=Orbitrap Astral;AC=MS:1003378	NT=Trypsin;AC=MS:1001251	NT=Lys-C;AC=MS:1001309	label free sample	1	NT=HCD;AC=MS:1000422	25% NCE	10 ppm	10 ppm	NT=Dithiothreitol (DTT);AC=PRIDE:0000608	NT=Chloroacetamide (ClAA);AC=PRIDE:0000600	NT=Carbamidomethyl;AC=UNIMOD:4;TA=C;MT=Fixed	NT=Oxidation;AC=UNIMOD:35;TA=M;MT=Variable	NT=asymmetric track lossless time-of-flight analyzer;AC=MS:1003379	MOMI ABGD	2024-09-25	380m/z-980m/z	150m/z-2000m/z	not available	not available	4
MOMI_QC_ABGD_P35_E12	Homo sapiens	blood plasma	not applicable	1	pooled	not available	not available	not available	not available	pooled	20240925_OA3_Evo02_ViAl_SA_FAIMS40_IO24_A556_MOMI_ABGD_P35_E12_R01	proteomic profiling by mass spectrometry	1	20240925_OA3_Evo02_ViAl_SA_FAIMS40_IO24_A556_MOMI_ABGD_P35_E12_R01.raw	v1.1.0	NT=ms-proteomics;VV=v1.1.0	NT=human;VV=v1.1.0	NT=dia-acquisition;VV=v1.1.0	NT=sdrf-skills;VV=v0.2.0	Data-independent acquisition	NT=Orbitrap Astral;AC=MS:1003378	NT=Trypsin;AC=MS:1001251	NT=Lys-C;AC=MS:1001309	label free sample	1	NT=HCD;AC=MS:1000422	25% NCE	10 ppm	10 ppm	NT=Dithiothreitol (DTT);AC=PRIDE:0000608	NT=Chloroacetamide (ClAA);AC=PRIDE:0000600	NT=Carbamidomethyl;AC=UNIMOD:4;TA=C;MT=Fixed	NT=Oxidation;AC=UNIMOD:35;TA=M;MT=Variable	NT=asymmetric track lossless time-of-flight analyzer;AC=MS:1003379	MOMI ABGD	2024-09-25	380m/z-980m/z	150m/z-2000m/z	not available	not available	4
MOMI_QC_ABGD_P35_F12	Homo sapiens	blood plasma	not applicable	1	pooled	not available	not available	not available	not available	pooled	20240925_OA3_Evo02_ViAl_SA_FAIMS40_IO24_A556_MOMI_ABGD_P35_F12_R01	proteomic profiling by mass spectrometry	1	20240925_OA3_Evo02_ViAl_SA_FAIMS40_IO24_A556_MOMI_ABGD_P35_F12_R01.raw	v1.1.0	NT=ms-proteomics;VV=v1.1.0	NT=human;VV=v1.1.0	NT=dia-acquisition;VV=v1.1.0	NT=sdrf-skills;VV=v0.2.0	Data-independent acquisition	NT=Orbitrap Astral;AC=MS:1003378	NT=Trypsin;AC=MS:1001251	NT=Lys-C;AC=MS:1001309	label free sample	1	NT=HCD;AC=MS:1000422	25% NCE	10 ppm	10 ppm	NT=Dithiothreitol (DTT);AC=PRIDE:0000608	NT=Chloroacetamide (ClAA);AC=PRIDE:0000600	NT=Carbamidomethyl;AC=UNIMOD:4;TA=C;MT=Fixed	NT=Oxidation;AC=UNIMOD:35;TA=M;MT=Variable	NT=asymmetric track lossless time-of-flight analyzer;AC=MS:1003379	MOMI ABGD	2024-09-25	380m/z-980m/z	150m/z-2000m/z	not available	not available	4
MOMI_QC_ABGD_P35_G12	Homo sapiens	blood plasma	not applicable	1	pooled	not available	not available	not available	not available	pooled	20240925_OA3_Evo02_ViAl_SA_FAIMS40_IO24_A556_MOMI_ABGD_P35_G12_R01	proteomic profiling by mass spectrometry	1	20240925_OA3_Evo02_ViAl_SA_FAIMS40_IO24_A556_MOMI_ABGD_P35_G12_R01.raw	v1.1.0	NT=ms-proteomics;VV=v1.1.0	NT=human;VV=v1.1.0	NT=dia-acquisition;VV=v1.1.0	NT=sdrf-skills;VV=v0.2.0	Data-independent acquisition	NT=Orbitrap Astral;AC=MS:1003378	NT=Trypsin;AC=MS:1001251	NT=Lys-C;AC=MS:1001309	label free sample	1	NT=HCD;AC=MS:1000422	25% NCE	10 ppm	10 ppm	NT=Dithiothreitol (DTT);AC=PRIDE:0000608	NT=Chloroacetamide (ClAA);AC=PRIDE:0000600	NT=Carbamidomethyl;AC=UNIMOD:4;TA=C;MT=Fixed	NT=Oxidation;AC=UNIMOD:35;TA=M;MT=Variable	NT=asymmetric track lossless time-of-flight analyzer;AC=MS:1003379	MOMI ABGD	2024-09-25	380m/z-980m/z	150m/z-2000m/z	not available	not available	4
MOMI_QC_ABGD_P35_H12	Homo sapiens	blood plasma	not applicable	1	pooled	not available	not available	not available	not available	pooled	20240925_OA3_Evo02_ViAl_SA_FAIMS40_IO24_A556_MOMI_ABGD_P35_H12_R01	proteomic profiling by mass spectrometry	1	20240925_OA3_Evo02_ViAl_SA_FAIMS40_IO24_A556_MOMI_ABGD_P35_H12_R01.raw	v1.1.0	NT=ms-proteomics;VV=v1.1.0	NT=human;VV=v1.1.0	NT=dia-acquisition;VV=v1.1.0	NT=sdrf-skills;VV=v0.2.0	Data-independent acquisition	NT=Orbitrap Astral;AC=MS:1003378	NT=Trypsin;AC=MS:1001251	NT=Lys-C;AC=MS:1001309	label free sample	1	NT=HCD;AC=MS:1000422	25% NCE	10 ppm	10 ppm	NT=Dithiothreitol (DTT);AC=PRIDE:0000608	NT=Chloroacetamide (ClAA);AC=PRIDE:0000600	NT=Carbamidomethyl;AC=UNIMOD:4;TA=C;MT=Fixed	NT=Oxidation;AC=UNIMOD:35;TA=M;MT=Variable	NT=asymmetric track lossless time-of-flight analyzer;AC=MS:1003379	MOMI ABGD	2024-09-25	380m/z-980m/z	150m/z-2000m/z	not available	not available	4
MOMI_QC_ABGD_P36_E12	Homo sapiens	blood plasma	not applicable	1	pooled	not available	not available	not available	not available	pooled	20240925_OA3_Evo02_ViAl_SA_FAIMS40_IO24_A556_MOMI_ABGD_P36_E12_R01	proteomic profiling by mass spectrometry	1	20240925_OA3_Evo02_ViAl_SA_FAIMS40_IO24_A556_MOMI_ABGD_P36_E12_R01.raw	v1.1.0	NT=ms-proteomics;VV=v1.1.0	NT=human;VV=v1.1.0	NT=dia-acquisition;VV=v1.1.0	NT=sdrf-skills;VV=v0.2.0	Data-independent acquisition	NT=Orbitrap Astral;AC=MS:1003378	NT=Trypsin;AC=MS:1001251	NT=Lys-C;AC=MS:1001309	label free sample	1	NT=HCD;AC=MS:1000422	25% NCE	10 ppm	10 ppm	NT=Dithiothreitol (DTT);AC=PRIDE:0000608	NT=Chloroacetamide (ClAA);AC=PRIDE:0000600	NT=Carbamidomethyl;AC=UNIMOD:4;TA=C;MT=Fixed	NT=Oxidation;AC=UNIMOD:35;TA=M;MT=Variable	NT=asymmetric track lossless time-of-flight analyzer;AC=MS:1003379	MOMI ABGD	2024-09-25	380m/z-980m/z	150m/z-2000m/z	not available	not available	4
MOMI_QC_ABGD_P36_F12	Homo sapiens	blood plasma	not applicable	1	pooled	not available	not available	not available	not available	pooled	20240925_OA3_Evo02_ViAl_SA_FAIMS40_IO24_A556_MOMI_ABGD_P36_F12_R01	proteomic profiling by mass spectrometry	1	20240925_OA3_Evo02_ViAl_SA_FAIMS40_IO24_A556_MOMI_ABGD_P36_F12_R01.raw	v1.1.0	NT=ms-proteomics;VV=v1.1.0	NT=human;VV=v1.1.0	NT=dia-acquisition;VV=v1.1.0	NT=sdrf-skills;VV=v0.2.0	Data-independent acquisition	NT=Orbitrap Astral;AC=MS:1003378	NT=Trypsin;AC=MS:1001251	NT=Lys-C;AC=MS:1001309	label free sample	1	NT=HCD;AC=MS:1000422	25% NCE	10 ppm	10 ppm	NT=Dithiothreitol (DTT);AC=PRIDE:0000608	NT=Chloroacetamide (ClAA);AC=PRIDE:0000600	NT=Carbamidomethyl;AC=UNIMOD:4;TA=C;MT=Fixed	NT=Oxidation;AC=UNIMOD:35;TA=M;MT=Variable	NT=asymmetric track lossless time-of-flight analyzer;AC=MS:1003379	MOMI ABGD	2024-09-25	380m/z-980m/z	150m/z-2000m/z	not available	not available	4
MOMI_QC_ABGD_P36_G12	Homo sapiens	blood plasma	not applicable	1	pooled	not available	not available	not available	not available	pooled	20240925_OA3_Evo02_ViAl_SA_FAIMS40_IO24_A556_MOMI_ABGD_P36_G12_R01	proteomic profiling by mass spectrometry	1	20240925_OA3_Evo02_ViAl_SA_FAIMS40_IO24_A556_MOMI_ABGD_P36_G12_R01.raw	v1.1.0	NT=ms-proteomics;VV=v1.1.0	NT=human;VV=v1.1.0	NT=dia-acquisition;VV=v1.1.0	NT=sdrf-skills;VV=v0.2.0	Data-independent acquisition	NT=Orbitrap Astral;AC=MS:1003378	NT=Trypsin;AC=MS:1001251	NT=Lys-C;AC=MS:1001309	label free sample	1	NT=HCD;AC=MS:1000422	25% NCE	10 ppm	10 ppm	NT=Dithiothreitol (DTT);AC=PRIDE:0000608	NT=Chloroacetamide (ClAA);AC=PRIDE:0000600	NT=Carbamidomethyl;AC=UNIMOD:4;TA=C;MT=Fixed	NT=Oxidation;AC=UNIMOD:35;TA=M;MT=Variable	NT=asymmetric track lossless time-of-flight analyzer;AC=MS:1003379	MOMI ABGD	2024-09-25	380m/z-980m/z	150m/z-2000m/z	not available	not available	4
MOMI_QC_ABGD_P36_H12	Homo sapiens	blood plasma	not applicable	1	pooled	not available	not available	not available	not available	pooled	20240925_OA3_Evo02_ViAl_SA_FAIMS40_IO24_A556_MOMI_ABGD_P36_H12_R01	proteomic profiling by mass spectrometry	1	20240925_OA3_Evo02_ViAl_SA_FAIMS40_IO24_A556_MOMI_ABGD_P36_H12_R01.raw	v1.1.0	NT=ms-proteomics;VV=v1.1.0	NT=human;VV=v1.1.0	NT=dia-acquisition;VV=v1.1.0	NT=sdrf-skills;VV=v0.2.0	Data-independent acquisition	NT=Orbitrap Astral;AC=MS:1003378	NT=Trypsin;AC=MS:1001251	NT=Lys-C;AC=MS:1001309	label free sample	1	NT=HCD;AC=MS:1000422	25% NCE	10 ppm	10 ppm	NT=Dithiothreitol (DTT);AC=PRIDE:0000608	NT=Chloroacetamide (ClAA);AC=PRIDE:0000600	NT=Carbamidomethyl;AC=UNIMOD:4;TA=C;MT=Fixed	NT=Oxidation;AC=UNIMOD:35;TA=M;MT=Variable	NT=asymmetric track lossless time-of-flight analyzer;AC=MS:1003379	MOMI ABGD	2024-09-25	380m/z-980m/z	150m/z-2000m/z	not available	not available	4
MOMI_QC_ABGD_P37_E12	Homo sapiens	blood plasma	not applicable	1	pooled	not available	not available	not available	not available	pooled	20240925_OA3_Evo02_ViAl_SA_FAIMS40_IO24_A556_MOMI_ABGD_P37_E12_R01	proteomic profiling by mass spectrometry	1	20240925_OA3_Evo02_ViAl_SA_FAIMS40_IO24_A556_MOMI_ABGD_P37_E12_R01.raw	v1.1.0	NT=ms-proteomics;VV=v1.1.0	NT=human;VV=v1.1.0	NT=dia-acquisition;VV=v1.1.0	NT=sdrf-skills;VV=v0.2.0	Data-independent acquisition	NT=Orbitrap Astral;AC=MS:1003378	NT=Trypsin;AC=MS:1001251	NT=Lys-C;AC=MS:1001309	label free sample	1	NT=HCD;AC=MS:1000422	25% NCE	10 ppm	10 ppm	NT=Dithiothreitol (DTT);AC=PRIDE:0000608	NT=Chloroacetamide (ClAA);AC=PRIDE:0000600	NT=Carbamidomethyl;AC=UNIMOD:4;TA=C;MT=Fixed	NT=Oxidation;AC=UNIMOD:35;TA=M;MT=Variable	NT=asymmetric track lossless time-of-flight analyzer;AC=MS:1003379	MOMI ABGD	2024-09-25	380m/z-980m/z	150m/z-2000m/z	not available	not available	4
MOMI_QC_ABGD_P37_F12	Homo sapiens	blood plasma	not applicable	1	pooled	not available	not available	not available	not available	pooled	20240925_OA3_Evo02_ViAl_SA_FAIMS40_IO24_A556_MOMI_ABGD_P37_F12_R01	proteomic profiling by mass spectrometry	1	20240925_OA3_Evo02_ViAl_SA_FAIMS40_IO24_A556_MOMI_ABGD_P37_F12_R01.raw	v1.1.0	NT=ms-proteomics;VV=v1.1.0	NT=human;VV=v1.1.0	NT=dia-acquisition;VV=v1.1.0	NT=sdrf-skills;VV=v0.2.0	Data-independent acquisition	NT=Orbitrap Astral;AC=MS:1003378	NT=Trypsin;AC=MS:1001251	NT=Lys-C;AC=MS:1001309	label free sample	1	NT=HCD;AC=MS:1000422	25% NCE	10 ppm	10 ppm	NT=Dithiothreitol (DTT);AC=PRIDE:0000608	NT=Chloroacetamide (ClAA);AC=PRIDE:0000600	NT=Carbamidomethyl;AC=UNIMOD:4;TA=C;MT=Fixed	NT=Oxidation;AC=UNIMOD:35;TA=M;MT=Variable	NT=asymmetric track lossless time-of-flight analyzer;AC=MS:1003379	MOMI ABGD	2024-09-25	380m/z-980m/z	150m/z-2000m/z	not available	not available	4
MOMI_QC_ABGD_P37_G12	Homo sapiens	blood plasma	not applicable	1	pooled	not available	not available	not available	not available	pooled	20240925_OA3_Evo02_ViAl_SA_FAIMS40_IO24_A556_MOMI_ABGD_P37_G12_R01	proteomic profiling by mass spectrometry	1	20240925_OA3_Evo02_ViAl_SA_FAIMS40_IO24_A556_MOMI_ABGD_P37_G12_R01.raw	v1.1.0	NT=ms-proteomics;VV=v1.1.0	NT=human;VV=v1.1.0	NT=dia-acquisition;VV=v1.1.0	NT=sdrf-skills;VV=v0.2.0	Data-independent acquisition	NT=Orbitrap Astral;AC=MS:1003378	NT=Trypsin;AC=MS:1001251	NT=Lys-C;AC=MS:1001309	label free sample	1	NT=HCD;AC=MS:1000422	25% NCE	10 ppm	10 ppm	NT=Dithiothreitol (DTT);AC=PRIDE:0000608	NT=Chloroacetamide (ClAA);AC=PRIDE:0000600	NT=Carbamidomethyl;AC=UNIMOD:4;TA=C;MT=Fixed	NT=Oxidation;AC=UNIMOD:35;TA=M;MT=Variable	NT=asymmetric track lossless time-of-flight analyzer;AC=MS:1003379	MOMI ABGD	2024-09-25	380m/z-980m/z	150m/z-2000m/z	not available	not available	4
MOMI_QC_ABGD_P37_H12	Homo sapiens	blood plasma	not applicable	1	pooled	not available	not available	not available	not available	pooled	20240925_OA3_Evo02_ViAl_SA_FAIMS40_IO24_A556_MOMI_ABGD_P37_H12_R01	proteomic profiling by mass spectrometry	1	20240925_OA3_Evo02_ViAl_SA_FAIMS40_IO24_A556_MOMI_ABGD_P37_H12_R01.raw	v1.1.0	NT=ms-proteomics;VV=v1.1.0	NT=human;VV=v1.1.0	NT=dia-acquisition;VV=v1.1.0	NT=sdrf-skills;VV=v0.2.0	Data-independent acquisition	NT=Orbitrap Astral;AC=MS:1003378	NT=Trypsin;AC=MS:1001251	NT=Lys-C;AC=MS:1001309	label free sample	1	NT=HCD;AC=MS:1000422	25% NCE	10 ppm	10 ppm	NT=Dithiothreitol (DTT);AC=PRIDE:0000608	NT=Chloroacetamide (ClAA);AC=PRIDE:0000600	NT=Carbamidomethyl;AC=UNIMOD:4;TA=C;MT=Fixed	NT=Oxidation;AC=UNIMOD:35;TA=M;MT=Variable	NT=asymmetric track lossless time-of-flight analyzer;AC=MS:1003379	MOMI ABGD	2024-09-25	380m/z-980m/z	150m/z-2000m/z	not available	not available	4
MOMI_QC_ABGD_P38_E12	Homo sapiens	blood plasma	not applicable	1	pooled	not available	not available	not available	not available	pooled	20240925_OA3_Evo02_ViAl_SA_FAIMS40_IO24_A556_MOMI_ABGD_P38_E12_R01	proteomic profiling by mass spectrometry	1	20240925_OA3_Evo02_ViAl_SA_FAIMS40_IO24_A556_MOMI_ABGD_P38_E12_R01.raw	v1.1.0	NT=ms-proteomics;VV=v1.1.0	NT=human;VV=v1.1.0	NT=dia-acquisition;VV=v1.1.0	NT=sdrf-skills;VV=v0.2.0	Data-independent acquisition	NT=Orbitrap Astral;AC=MS:1003378	NT=Trypsin;AC=MS:1001251	NT=Lys-C;AC=MS:1001309	label free sample	1	NT=HCD;AC=MS:1000422	25% NCE	10 ppm	10 ppm	NT=Dithiothreitol (DTT);AC=PRIDE:0000608	NT=Chloroacetamide (ClAA);AC=PRIDE:0000600	NT=Carbamidomethyl;AC=UNIMOD:4;TA=C;MT=Fixed	NT=Oxidation;AC=UNIMOD:35;TA=M;MT=Variable	NT=asymmetric track lossless time-of-flight analyzer;AC=MS:1003379	MOMI ABGD	2024-09-25	380m/z-980m/z	150m/z-2000m/z	not available	not available	4
MOMI_QC_ABGD_P38_F12	Homo sapiens	blood plasma	not applicable	1	pooled	not available	not available	not available	not available	pooled	20240925_OA3_Evo02_ViAl_SA_FAIMS40_IO24_A556_MOMI_ABGD_P38_F12_R01	proteomic profiling by mass spectrometry	1	20240925_OA3_Evo02_ViAl_SA_FAIMS40_IO24_A556_MOMI_ABGD_P38_F12_R01.raw	v1.1.0	NT=ms-proteomics;VV=v1.1.0	NT=human;VV=v1.1.0	NT=dia-acquisition;VV=v1.1.0	NT=sdrf-skills;VV=v0.2.0	Data-independent acquisition	NT=Orbitrap Astral;AC=MS:1003378	NT=Trypsin;AC=MS:1001251	NT=Lys-C;AC=MS:1001309	label free sample	1	NT=HCD;AC=MS:1000422	25% NCE	10 ppm	10 ppm	NT=Dithiothreitol (DTT);AC=PRIDE:0000608	NT=Chloroacetamide (ClAA);AC=PRIDE:0000600	NT=Carbamidomethyl;AC=UNIMOD:4;TA=C;MT=Fixed	NT=Oxidation;AC=UNIMOD:35;TA=M;MT=Variable	NT=asymmetric track lossless time-of-flight analyzer;AC=MS:1003379	MOMI ABGD	2024-09-25	380m/z-980m/z	150m/z-2000m/z	not available	not available	4
MOMI_QC_ABGD_P38_G12	Homo sapiens	blood plasma	not applicable	1	pooled	not available	not available	not available	not available	pooled	20240925_OA3_Evo02_ViAl_SA_FAIMS40_IO24_A556_MOMI_ABGD_P38_G12_R01	proteomic profiling by mass spectrometry	1	20240925_OA3_Evo02_ViAl_SA_FAIMS40_IO24_A556_MOMI_ABGD_P38_G12_R01.raw	v1.1.0	NT=ms-proteomics;VV=v1.1.0	NT=human;VV=v1.1.0	NT=dia-acquisition;VV=v1.1.0	NT=sdrf-skills;VV=v0.2.0	Data-independent acquisition	NT=Orbitrap Astral;AC=MS:1003378	NT=Trypsin;AC=MS:1001251	NT=Lys-C;AC=MS:1001309	label free sample	1	NT=HCD;AC=MS:1000422	25% NCE	10 ppm	10 ppm	NT=Dithiothreitol (DTT);AC=PRIDE:0000608	NT=Chloroacetamide (ClAA);AC=PRIDE:0000600	NT=Carbamidomethyl;AC=UNIMOD:4;TA=C;MT=Fixed	NT=Oxidation;AC=UNIMOD:35;TA=M;MT=Variable	NT=asymmetric track lossless time-of-flight analyzer;AC=MS:1003379	MOMI ABGD	2024-09-25	380m/z-980m/z	150m/z-2000m/z	not available	not available	4
MOMI_QC_ABGD_P38_H12	Homo sapiens	blood plasma	not applicable	1	pooled	not available	not available	not available	not available	pooled	20240925_OA3_Evo02_ViAl_SA_FAIMS40_IO24_A556_MOMI_ABGD_P38_H12_R01	proteomic profiling by mass spectrometry	1	20240925_OA3_Evo02_ViAl_SA_FAIMS40_IO24_A556_MOMI_ABGD_P38_H12_R01.raw	v1.1.0	NT=ms-proteomics;VV=v1.1.0	NT=human;VV=v1.1.0	NT=dia-acquisition;VV=v1.1.0	NT=sdrf-skills;VV=v0.2.0	Data-independent acquisition	NT=Orbitrap Astral;AC=MS:1003378	NT=Trypsin;AC=MS:1001251	NT=Lys-C;AC=MS:1001309	label free sample	1	NT=HCD;AC=MS:1000422	25% NCE	10 ppm	10 ppm	NT=Dithiothreitol (DTT);AC=PRIDE:0000608	NT=Chloroacetamide (ClAA);AC=PRIDE:0000600	NT=Carbamidomethyl;AC=UNIMOD:4;TA=C;MT=Fixed	NT=Oxidation;AC=UNIMOD:35;TA=M;MT=Variable	NT=asymmetric track lossless time-of-flight analyzer;AC=MS:1003379	MOMI ABGD	2024-09-25	380m/z-980m/z	150m/z-2000m/z	not available	not available	4
MOMI_QC_ABGD_P39_E12	Homo sapiens	blood plasma	not applicable	1	pooled	not available	not available	not available	not available	pooled	20240925_OA3_Evo02_ViAl_SA_FAIMS40_IO24_A556_MOMI_ABGD_P39_E12_R01	proteomic profiling by mass spectrometry	1	20240925_OA3_Evo02_ViAl_SA_FAIMS40_IO24_A556_MOMI_ABGD_P39_E12_R01.raw	v1.1.0	NT=ms-proteomics;VV=v1.1.0	NT=human;VV=v1.1.0	NT=dia-acquisition;VV=v1.1.0	NT=sdrf-skills;VV=v0.2.0	Data-independent acquisition	NT=Orbitrap Astral;AC=MS:1003378	NT=Trypsin;AC=MS:1001251	NT=Lys-C;AC=MS:1001309	label free sample	1	NT=HCD;AC=MS:1000422	25% NCE	10 ppm	10 ppm	NT=Dithiothreitol (DTT);AC=PRIDE:0000608	NT=Chloroacetamide (ClAA);AC=PRIDE:0000600	NT=Carbamidomethyl;AC=UNIMOD:4;TA=C;MT=Fixed	NT=Oxidation;AC=UNIMOD:35;TA=M;MT=Variable	NT=asymmetric track lossless time-of-flight analyzer;AC=MS:1003379	MOMI ABGD	2024-09-25	380m/z-980m/z	150m/z-2000m/z	not available	not available	4
MOMI_QC_ABGD_P39_F12	Homo sapiens	blood plasma	not applicable	1	pooled	not available	not available	not available	not available	pooled	20240925_OA3_Evo02_ViAl_SA_FAIMS40_IO24_A556_MOMI_ABGD_P39_F12_R01	proteomic profiling by mass spectrometry	1	20240925_OA3_Evo02_ViAl_SA_FAIMS40_IO24_A556_MOMI_ABGD_P39_F12_R01.raw	v1.1.0	NT=ms-proteomics;VV=v1.1.0	NT=human;VV=v1.1.0	NT=dia-acquisition;VV=v1.1.0	NT=sdrf-skills;VV=v0.2.0	Data-independent acquisition	NT=Orbitrap Astral;AC=MS:1003378	NT=Trypsin;AC=MS:1001251	NT=Lys-C;AC=MS:1001309	label free sample	1	NT=HCD;AC=MS:1000422	25% NCE	10 ppm	10 ppm	NT=Dithiothreitol (DTT);AC=PRIDE:0000608	NT=Chloroacetamide (ClAA);AC=PRIDE:0000600	NT=Carbamidomethyl;AC=UNIMOD:4;TA=C;MT=Fixed	NT=Oxidation;AC=UNIMOD:35;TA=M;MT=Variable	NT=asymmetric track lossless time-of-flight analyzer;AC=MS:1003379	MOMI ABGD	2024-09-25	380m/z-980m/z	150m/z-2000m/z	not available	not available	4
MOMI_QC_ABGD_P39_G12	Homo sapiens	blood plasma	not applicable	1	pooled	not available	not available	not available	not available	pooled	20240925_OA3_Evo02_ViAl_SA_FAIMS40_IO24_A556_MOMI_ABGD_P39_G12_R01	proteomic profiling by mass spectrometry	1	20240925_OA3_Evo02_ViAl_SA_FAIMS40_IO24_A556_MOMI_ABGD_P39_G12_R01.raw	v1.1.0	NT=ms-proteomics;VV=v1.1.0	NT=human;VV=v1.1.0	NT=dia-acquisition;VV=v1.1.0	NT=sdrf-skills;VV=v0.2.0	Data-independent acquisition	NT=Orbitrap Astral;AC=MS:1003378	NT=Trypsin;AC=MS:1001251	NT=Lys-C;AC=MS:1001309	label free sample	1	NT=HCD;AC=MS:1000422	25% NCE	10 ppm	10 ppm	NT=Dithiothreitol (DTT);AC=PRIDE:0000608	NT=Chloroacetamide (ClAA);AC=PRIDE:0000600	NT=Carbamidomethyl;AC=UNIMOD:4;TA=C;MT=Fixed	NT=Oxidation;AC=UNIMOD:35;TA=M;MT=Variable	NT=asymmetric track lossless time-of-flight analyzer;AC=MS:1003379	MOMI ABGD	2024-09-25	380m/z-980m/z	150m/z-2000m/z	not available	not available	4
MOMI_QC_ABGD_P39_H12	Homo sapiens	blood plasma	not applicable	1	pooled	not available	not available	not available	not available	pooled	20240925_OA3_Evo02_ViAl_SA_FAIMS40_IO24_A556_MOMI_ABGD_P39_H12_R01	proteomic profiling by mass spectrometry	1	20240925_OA3_Evo02_ViAl_SA_FAIMS40_IO24_A556_MOMI_ABGD_P39_H12_R01.raw	v1.1.0	NT=ms-proteomics;VV=v1.1.0	NT=human;VV=v1.1.0	NT=dia-acquisition;VV=v1.1.0	NT=sdrf-skills;VV=v0.2.0	Data-independent acquisition	NT=Orbitrap Astral;AC=MS:1003378	NT=Trypsin;AC=MS:1001251	NT=Lys-C;AC=MS:1001309	label free sample	1	NT=HCD;AC=MS:1000422	25% NCE	10 ppm	10 ppm	NT=Dithiothreitol (DTT);AC=PRIDE:0000608	NT=Chloroacetamide (ClAA);AC=PRIDE:0000600	NT=Carbamidomethyl;AC=UNIMOD:4;TA=C;MT=Fixed	NT=Oxidation;AC=UNIMOD:35;TA=M;MT=Variable	NT=asymmetric track lossless time-of-flight analyzer;AC=MS:1003379	MOMI ABGD	2024-09-25	380m/z-980m/z	150m/z-2000m/z	not available	not available	4
MOMI_QC_ABGD_P40_E12	Homo sapiens	blood plasma	not applicable	1	pooled	not available	not available	not available	not available	pooled	20240925_OA3_Evo02_ViAl_SA_FAIMS40_IO24_A556_MOMI_ABGD_P40_E12_R01	proteomic profiling by mass spectrometry	1	20240925_OA3_Evo02_ViAl_SA_FAIMS40_IO24_A556_MOMI_ABGD_P40_E12_R01.raw	v1.1.0	NT=ms-proteomics;VV=v1.1.0	NT=human;VV=v1.1.0	NT=dia-acquisition;VV=v1.1.0	NT=sdrf-skills;VV=v0.2.0	Data-independent acquisition	NT=Orbitrap Astral;AC=MS:1003378	NT=Trypsin;AC=MS:1001251	NT=Lys-C;AC=MS:1001309	label free sample	1	NT=HCD;AC=MS:1000422	25% NCE	10 ppm	10 ppm	NT=Dithiothreitol (DTT);AC=PRIDE:0000608	NT=Chloroacetamide (ClAA);AC=PRIDE:0000600	NT=Carbamidomethyl;AC=UNIMOD:4;TA=C;MT=Fixed	NT=Oxidation;AC=UNIMOD:35;TA=M;MT=Variable	NT=asymmetric track lossless time-of-flight analyzer;AC=MS:1003379	MOMI ABGD	2024-09-25	380m/z-980m/z	150m/z-2000m/z	not available	not available	4
MOMI_QC_ABGD_P40_F12	Homo sapiens	blood plasma	not applicable	1	pooled	not available	not available	not available	not available	pooled	20240925_OA3_Evo02_ViAl_SA_FAIMS40_IO24_A556_MOMI_ABGD_P40_F12_R01	proteomic profiling by mass spectrometry	1	20240925_OA3_Evo02_ViAl_SA_FAIMS40_IO24_A556_MOMI_ABGD_P40_F12_R01.raw	v1.1.0	NT=ms-proteomics;VV=v1.1.0	NT=human;VV=v1.1.0	NT=dia-acquisition;VV=v1.1.0	NT=sdrf-skills;VV=v0.2.0	Data-independent acquisition	NT=Orbitrap Astral;AC=MS:1003378	NT=Trypsin;AC=MS:1001251	NT=Lys-C;AC=MS:1001309	label free sample	1	NT=HCD;AC=MS:1000422	25% NCE	10 ppm	10 ppm	NT=Dithiothreitol (DTT);AC=PRIDE:0000608	NT=Chloroacetamide (ClAA);AC=PRIDE:0000600	NT=Carbamidomethyl;AC=UNIMOD:4;TA=C;MT=Fixed	NT=Oxidation;AC=UNIMOD:35;TA=M;MT=Variable	NT=asymmetric track lossless time-of-flight analyzer;AC=MS:1003379	MOMI ABGD	2024-09-25	380m/z-980m/z	150m/z-2000m/z	not available	not available	4
MOMI_QC_ABGD_P40_G12	Homo sapiens	blood plasma	not applicable	1	pooled	not available	not available	not available	not available	pooled	20240925_OA3_Evo02_ViAl_SA_FAIMS40_IO24_A556_MOMI_ABGD_P40_G12_R01	proteomic profiling by mass spectrometry	1	20240925_OA3_Evo02_ViAl_SA_FAIMS40_IO24_A556_MOMI_ABGD_P40_G12_R01.raw	v1.1.0	NT=ms-proteomics;VV=v1.1.0	NT=human;VV=v1.1.0	NT=dia-acquisition;VV=v1.1.0	NT=sdrf-skills;VV=v0.2.0	Data-independent acquisition	NT=Orbitrap Astral;AC=MS:1003378	NT=Trypsin;AC=MS:1001251	NT=Lys-C;AC=MS:1001309	label free sample	1	NT=HCD;AC=MS:1000422	25% NCE	10 ppm	10 ppm	NT=Dithiothreitol (DTT);AC=PRIDE:0000608	NT=Chloroacetamide (ClAA);AC=PRIDE:0000600	NT=Carbamidomethyl;AC=UNIMOD:4;TA=C;MT=Fixed	NT=Oxidation;AC=UNIMOD:35;TA=M;MT=Variable	NT=asymmetric track lossless time-of-flight analyzer;AC=MS:1003379	MOMI ABGD	2024-09-25	380m/z-980m/z	150m/z-2000m/z	not available	not available	4
MOMI_QC_ABGD_P40_H12	Homo sapiens	blood plasma	not applicable	1	pooled	not available	not available	not available	not available	pooled	20240925_OA3_Evo02_ViAl_SA_FAIMS40_IO24_A556_MOMI_ABGD_P40_H12_R01	proteomic profiling by mass spectrometry	1	20240925_OA3_Evo02_ViAl_SA_FAIMS40_IO24_A556_MOMI_ABGD_P40_H12_R01.raw	v1.1.0	NT=ms-proteomics;VV=v1.1.0	NT=human;VV=v1.1.0	NT=dia-acquisition;VV=v1.1.0	NT=sdrf-skills;VV=v0.2.0	Data-independent acquisition	NT=Orbitrap Astral;AC=MS:1003378	NT=Trypsin;AC=MS:1001251	NT=Lys-C;AC=MS:1001309	label free sample	1	NT=HCD;AC=MS:1000422	25% NCE	10 ppm	10 ppm	NT=Dithiothreitol (DTT);AC=PRIDE:0000608	NT=Chloroacetamide (ClAA);AC=PRIDE:0000600	NT=Carbamidomethyl;AC=UNIMOD:4;TA=C;MT=Fixed	NT=Oxidation;AC=UNIMOD:35;TA=M;MT=Variable	NT=asymmetric track lossless time-of-flight analyzer;AC=MS:1003379	MOMI ABGD	2024-09-25	380m/z-980m/z	150m/z-2000m/z	not available	not available	4
MOMI_QC_APEM_P157_E12	Homo sapiens	blood plasma	not applicable	1	pooled	not available	not available	not available	not available	pooled	20241003_OA2_Evo08_ViAl_SA_FAIMS40_IO26_A556_MOMI_APEM_P157_E12_R01	proteomic profiling by mass spectrometry	1	20241003_OA2_Evo08_ViAl_SA_FAIMS40_IO26_A556_MOMI_APEM_P157_E12_R01.raw	v1.1.0	NT=ms-proteomics;VV=v1.1.0	NT=human;VV=v1.1.0	NT=dia-acquisition;VV=v1.1.0	NT=sdrf-skills;VV=v0.2.0	Data-independent acquisition	NT=Orbitrap Astral;AC=MS:1003378	NT=Trypsin;AC=MS:1001251	NT=Lys-C;AC=MS:1001309	label free sample	1	NT=HCD;AC=MS:1000422	25% NCE	10 ppm	10 ppm	NT=Dithiothreitol (DTT);AC=PRIDE:0000608	NT=Chloroacetamide (ClAA);AC=PRIDE:0000600	NT=Carbamidomethyl;AC=UNIMOD:4;TA=C;MT=Fixed	NT=Oxidation;AC=UNIMOD:35;TA=M;MT=Variable	NT=asymmetric track lossless time-of-flight analyzer;AC=MS:1003379	MOMI APEM	2024-10-03	380m/z-980m/z	150m/z-2000m/z	not available	not available	4
MOMI_QC_APEM_P157_F12	Homo sapiens	blood plasma	not applicable	1	pooled	not available	not available	not available	not available	pooled	20241003_OA2_Evo08_ViAl_SA_FAIMS40_IO26_A556_MOMI_APEM_P157_F12_R01	proteomic profiling by mass spectrometry	1	20241003_OA2_Evo08_ViAl_SA_FAIMS40_IO26_A556_MOMI_APEM_P157_F12_R01.raw	v1.1.0	NT=ms-proteomics;VV=v1.1.0	NT=human;VV=v1.1.0	NT=dia-acquisition;VV=v1.1.0	NT=sdrf-skills;VV=v0.2.0	Data-independent acquisition	NT=Orbitrap Astral;AC=MS:1003378	NT=Trypsin;AC=MS:1001251	NT=Lys-C;AC=MS:1001309	label free sample	1	NT=HCD;AC=MS:1000422	25% NCE	10 ppm	10 ppm	NT=Dithiothreitol (DTT);AC=PRIDE:0000608	NT=Chloroacetamide (ClAA);AC=PRIDE:0000600	NT=Carbamidomethyl;AC=UNIMOD:4;TA=C;MT=Fixed	NT=Oxidation;AC=UNIMOD:35;TA=M;MT=Variable	NT=asymmetric track lossless time-of-flight analyzer;AC=MS:1003379	MOMI APEM	2024-10-03	380m/z-980m/z	150m/z-2000m/z	not available	not available	4
MOMI_QC_APEM_P157_G12	Homo sapiens	blood plasma	not applicable	1	pooled	not available	not available	not available	not available	pooled	20241003_OA2_Evo08_ViAl_SA_FAIMS40_IO26_A556_MOMI_APEM_P157_G12_R01	proteomic profiling by mass spectrometry	1	20241003_OA2_Evo08_ViAl_SA_FAIMS40_IO26_A556_MOMI_APEM_P157_G12_R01.raw	v1.1.0	NT=ms-proteomics;VV=v1.1.0	NT=human;VV=v1.1.0	NT=dia-acquisition;VV=v1.1.0	NT=sdrf-skills;VV=v0.2.0	Data-independent acquisition	NT=Orbitrap Astral;AC=MS:1003378	NT=Trypsin;AC=MS:1001251	NT=Lys-C;AC=MS:1001309	label free sample	1	NT=HCD;AC=MS:1000422	25% NCE	10 ppm	10 ppm	NT=Dithiothreitol (DTT);AC=PRIDE:0000608	NT=Chloroacetamide (ClAA);AC=PRIDE:0000600	NT=Carbamidomethyl;AC=UNIMOD:4;TA=C;MT=Fixed	NT=Oxidation;AC=UNIMOD:35;TA=M;MT=Variable	NT=asymmetric track lossless time-of-flight analyzer;AC=MS:1003379	MOMI APEM	2024-10-03	380m/z-980m/z	150m/z-2000m/z	not available	not available	4
MOMI_QC_APEM_P157_H12	Homo sapiens	blood plasma	not applicable	1	pooled	not available	not available	not available	not available	pooled	20241003_OA2_Evo08_ViAl_SA_FAIMS40_IO26_A556_MOMI_APEM_P157_H12_R01	proteomic profiling by mass spectrometry	1	20241003_OA2_Evo08_ViAl_SA_FAIMS40_IO26_A556_MOMI_APEM_P157_H12_R01.raw	v1.1.0	NT=ms-proteomics;VV=v1.1.0	NT=human;VV=v1.1.0	NT=dia-acquisition;VV=v1.1.0	NT=sdrf-skills;VV=v0.2.0	Data-independent acquisition	NT=Orbitrap Astral;AC=MS:1003378	NT=Trypsin;AC=MS:1001251	NT=Lys-C;AC=MS:1001309	label free sample	1	NT=HCD;AC=MS:1000422	25% NCE	10 ppm	10 ppm	NT=Dithiothreitol (DTT);AC=PRIDE:0000608	NT=Chloroacetamide (ClAA);AC=PRIDE:0000600	NT=Carbamidomethyl;AC=UNIMOD:4;TA=C;MT=Fixed	NT=Oxidation;AC=UNIMOD:35;TA=M;MT=Variable	NT=asymmetric track lossless time-of-flight analyzer;AC=MS:1003379	MOMI APEM	2024-10-03	380m/z-980m/z	150m/z-2000m/z	not available	not available	4
MOMI_QC_APEM_P158_E12	Homo sapiens	blood plasma	not applicable	1	pooled	not available	not available	not available	not available	pooled	20241003_OA2_Evo08_ViAl_SA_FAIMS40_IO26_A556_MOMI_APEM_P158_E12_R01	proteomic profiling by mass spectrometry	1	20241003_OA2_Evo08_ViAl_SA_FAIMS40_IO26_A556_MOMI_APEM_P158_E12_R01.raw	v1.1.0	NT=ms-proteomics;VV=v1.1.0	NT=human;VV=v1.1.0	NT=dia-acquisition;VV=v1.1.0	NT=sdrf-skills;VV=v0.2.0	Data-independent acquisition	NT=Orbitrap Astral;AC=MS:1003378	NT=Trypsin;AC=MS:1001251	NT=Lys-C;AC=MS:1001309	label free sample	1	NT=HCD;AC=MS:1000422	25% NCE	10 ppm	10 ppm	NT=Dithiothreitol (DTT);AC=PRIDE:0000608	NT=Chloroacetamide (ClAA);AC=PRIDE:0000600	NT=Carbamidomethyl;AC=UNIMOD:4;TA=C;MT=Fixed	NT=Oxidation;AC=UNIMOD:35;TA=M;MT=Variable	NT=asymmetric track lossless time-of-flight analyzer;AC=MS:1003379	MOMI APEM	2024-10-03	380m/z-980m/z	150m/z-2000m/z	not available	not available	4
MOMI_QC_APEM_P158_F12	Homo sapiens	blood plasma	not applicable	1	pooled	not available	not available	not available	not available	pooled	20241003_OA2_Evo08_ViAl_SA_FAIMS40_IO26_A556_MOMI_APEM_P158_F12_R01	proteomic profiling by mass spectrometry	1	20241003_OA2_Evo08_ViAl_SA_FAIMS40_IO26_A556_MOMI_APEM_P158_F12_R01.raw	v1.1.0	NT=ms-proteomics;VV=v1.1.0	NT=human;VV=v1.1.0	NT=dia-acquisition;VV=v1.1.0	NT=sdrf-skills;VV=v0.2.0	Data-independent acquisition	NT=Orbitrap Astral;AC=MS:1003378	NT=Trypsin;AC=MS:1001251	NT=Lys-C;AC=MS:1001309	label free sample	1	NT=HCD;AC=MS:1000422	25% NCE	10 ppm	10 ppm	NT=Dithiothreitol (DTT);AC=PRIDE:0000608	NT=Chloroacetamide (ClAA);AC=PRIDE:0000600	NT=Carbamidomethyl;AC=UNIMOD:4;TA=C;MT=Fixed	NT=Oxidation;AC=UNIMOD:35;TA=M;MT=Variable	NT=asymmetric track lossless time-of-flight analyzer;AC=MS:1003379	MOMI APEM	2024-10-03	380m/z-980m/z	150m/z-2000m/z	not available	not available	4
MOMI_QC_APEM_P158_G12	Homo sapiens	blood plasma	not applicable	1	pooled	not available	not available	not available	not available	pooled	20241003_OA2_Evo08_ViAl_SA_FAIMS40_IO26_A556_MOMI_APEM_P158_G12_R01	proteomic profiling by mass spectrometry	1	20241003_OA2_Evo08_ViAl_SA_FAIMS40_IO26_A556_MOMI_APEM_P158_G12_R01.raw	v1.1.0	NT=ms-proteomics;VV=v1.1.0	NT=human;VV=v1.1.0	NT=dia-acquisition;VV=v1.1.0	NT=sdrf-skills;VV=v0.2.0	Data-independent acquisition	NT=Orbitrap Astral;AC=MS:1003378	NT=Trypsin;AC=MS:1001251	NT=Lys-C;AC=MS:1001309	label free sample	1	NT=HCD;AC=MS:1000422	25% NCE	10 ppm	10 ppm	NT=Dithiothreitol (DTT);AC=PRIDE:0000608	NT=Chloroacetamide (ClAA);AC=PRIDE:0000600	NT=Carbamidomethyl;AC=UNIMOD:4;TA=C;MT=Fixed	NT=Oxidation;AC=UNIMOD:35;TA=M;MT=Variable	NT=asymmetric track lossless time-of-flight analyzer;AC=MS:1003379	MOMI APEM	2024-10-03	380m/z-980m/z	150m/z-2000m/z	not available	not available	4
MOMI_QC_APEM_P158_H12	Homo sapiens	blood plasma	not applicable	1	pooled	not available	not available	not available	not available	pooled	20241003_OA2_Evo08_ViAl_SA_FAIMS40_IO26_A556_MOMI_APEM_P158_H12_R01	proteomic profiling by mass spectrometry	1	20241003_OA2_Evo08_ViAl_SA_FAIMS40_IO26_A556_MOMI_APEM_P158_H12_R01.raw	v1.1.0	NT=ms-proteomics;VV=v1.1.0	NT=human;VV=v1.1.0	NT=dia-acquisition;VV=v1.1.0	NT=sdrf-skills;VV=v0.2.0	Data-independent acquisition	NT=Orbitrap Astral;AC=MS:1003378	NT=Trypsin;AC=MS:1001251	NT=Lys-C;AC=MS:1001309	label free sample	1	NT=HCD;AC=MS:1000422	25% NCE	10 ppm	10 ppm	NT=Dithiothreitol (DTT);AC=PRIDE:0000608	NT=Chloroacetamide (ClAA);AC=PRIDE:0000600	NT=Carbamidomethyl;AC=UNIMOD:4;TA=C;MT=Fixed	NT=Oxidation;AC=UNIMOD:35;TA=M;MT=Variable	NT=asymmetric track lossless time-of-flight analyzer;AC=MS:1003379	MOMI APEM	2024-10-03	380m/z-980m/z	150m/z-2000m/z	not available	not available	4
MOMI_QC_APEM_P159_E12	Homo sapiens	blood plasma	not applicable	1	pooled	not available	not available	not available	not available	pooled	20241003_OA2_Evo08_ViAl_SA_FAIMS40_IO26_A556_MOMI_APEM_P159_E12_R01	proteomic profiling by mass spectrometry	1	20241003_OA2_Evo08_ViAl_SA_FAIMS40_IO26_A556_MOMI_APEM_P159_E12_R01.raw	v1.1.0	NT=ms-proteomics;VV=v1.1.0	NT=human;VV=v1.1.0	NT=dia-acquisition;VV=v1.1.0	NT=sdrf-skills;VV=v0.2.0	Data-independent acquisition	NT=Orbitrap Astral;AC=MS:1003378	NT=Trypsin;AC=MS:1001251	NT=Lys-C;AC=MS:1001309	label free sample	1	NT=HCD;AC=MS:1000422	25% NCE	10 ppm	10 ppm	NT=Dithiothreitol (DTT);AC=PRIDE:0000608	NT=Chloroacetamide (ClAA);AC=PRIDE:0000600	NT=Carbamidomethyl;AC=UNIMOD:4;TA=C;MT=Fixed	NT=Oxidation;AC=UNIMOD:35;TA=M;MT=Variable	NT=asymmetric track lossless time-of-flight analyzer;AC=MS:1003379	MOMI APEM	2024-10-03	380m/z-980m/z	150m/z-2000m/z	not available	not available	4
MOMI_QC_APEM_P159_F12	Homo sapiens	blood plasma	not applicable	1	pooled	not available	not available	not available	not available	pooled	20241003_OA2_Evo08_ViAl_SA_FAIMS40_IO26_A556_MOMI_APEM_P159_F12_R01	proteomic profiling by mass spectrometry	1	20241003_OA2_Evo08_ViAl_SA_FAIMS40_IO26_A556_MOMI_APEM_P159_F12_R01.raw	v1.1.0	NT=ms-proteomics;VV=v1.1.0	NT=human;VV=v1.1.0	NT=dia-acquisition;VV=v1.1.0	NT=sdrf-skills;VV=v0.2.0	Data-independent acquisition	NT=Orbitrap Astral;AC=MS:1003378	NT=Trypsin;AC=MS:1001251	NT=Lys-C;AC=MS:1001309	label free sample	1	NT=HCD;AC=MS:1000422	25% NCE	10 ppm	10 ppm	NT=Dithiothreitol (DTT);AC=PRIDE:0000608	NT=Chloroacetamide (ClAA);AC=PRIDE:0000600	NT=Carbamidomethyl;AC=UNIMOD:4;TA=C;MT=Fixed	NT=Oxidation;AC=UNIMOD:35;TA=M;MT=Variable	NT=asymmetric track lossless time-of-flight analyzer;AC=MS:1003379	MOMI APEM	2024-10-03	380m/z-980m/z	150m/z-2000m/z	not available	not available	4
MOMI_QC_APEM_P159_G12	Homo sapiens	blood plasma	not applicable	1	pooled	not available	not available	not available	not available	pooled	20241003_OA2_Evo08_ViAl_SA_FAIMS40_IO26_A556_MOMI_APEM_P159_G12_R01	proteomic profiling by mass spectrometry	1	20241003_OA2_Evo08_ViAl_SA_FAIMS40_IO26_A556_MOMI_APEM_P159_G12_R01.raw	v1.1.0	NT=ms-proteomics;VV=v1.1.0	NT=human;VV=v1.1.0	NT=dia-acquisition;VV=v1.1.0	NT=sdrf-skills;VV=v0.2.0	Data-independent acquisition	NT=Orbitrap Astral;AC=MS:1003378	NT=Trypsin;AC=MS:1001251	NT=Lys-C;AC=MS:1001309	label free sample	1	NT=HCD;AC=MS:1000422	25% NCE	10 ppm	10 ppm	NT=Dithiothreitol (DTT);AC=PRIDE:0000608	NT=Chloroacetamide (ClAA);AC=PRIDE:0000600	NT=Carbamidomethyl;AC=UNIMOD:4;TA=C;MT=Fixed	NT=Oxidation;AC=UNIMOD:35;TA=M;MT=Variable	NT=asymmetric track lossless time-of-flight analyzer;AC=MS:1003379	MOMI APEM	2024-10-03	380m/z-980m/z	150m/z-2000m/z	not available	not available	4
MOMI_QC_APEM_P159_H12	Homo sapiens	blood plasma	not applicable	1	pooled	not available	not available	not available	not available	pooled	20241003_OA2_Evo08_ViAl_SA_FAIMS40_IO26_A556_MOMI_APEM_P159_H12_R01	proteomic profiling by mass spectrometry	1	20241003_OA2_Evo08_ViAl_SA_FAIMS40_IO26_A556_MOMI_APEM_P159_H12_R01.raw	v1.1.0	NT=ms-proteomics;VV=v1.1.0	NT=human;VV=v1.1.0	NT=dia-acquisition;VV=v1.1.0	NT=sdrf-skills;VV=v0.2.0	Data-independent acquisition	NT=Orbitrap Astral;AC=MS:1003378	NT=Trypsin;AC=MS:1001251	NT=Lys-C;AC=MS:1001309	label free sample	1	NT=HCD;AC=MS:1000422	25% NCE	10 ppm	10 ppm	NT=Dithiothreitol (DTT);AC=PRIDE:0000608	NT=Chloroacetamide (ClAA);AC=PRIDE:0000600	NT=Carbamidomethyl;AC=UNIMOD:4;TA=C;MT=Fixed	NT=Oxidation;AC=UNIMOD:35;TA=M;MT=Variable	NT=asymmetric track lossless time-of-flight analyzer;AC=MS:1003379	MOMI APEM	2024-10-03	380m/z-980m/z	150m/z-2000m/z	not available	not available	4
MOMI_QC_APEM_P160_E12	Homo sapiens	blood plasma	not applicable	1	pooled	not available	not available	not available	not available	pooled	20241003_OA2_Evo08_ViAl_SA_FAIMS40_IO26_A556_MOMI_APEM_P160_E12_R01	proteomic profiling by mass spectrometry	1	20241003_OA2_Evo08_ViAl_SA_FAIMS40_IO26_A556_MOMI_APEM_P160_E12_R01.raw	v1.1.0	NT=ms-proteomics;VV=v1.1.0	NT=human;VV=v1.1.0	NT=dia-acquisition;VV=v1.1.0	NT=sdrf-skills;VV=v0.2.0	Data-independent acquisition	NT=Orbitrap Astral;AC=MS:1003378	NT=Trypsin;AC=MS:1001251	NT=Lys-C;AC=MS:1001309	label free sample	1	NT=HCD;AC=MS:1000422	25% NCE	10 ppm	10 ppm	NT=Dithiothreitol (DTT);AC=PRIDE:0000608	NT=Chloroacetamide (ClAA);AC=PRIDE:0000600	NT=Carbamidomethyl;AC=UNIMOD:4;TA=C;MT=Fixed	NT=Oxidation;AC=UNIMOD:35;TA=M;MT=Variable	NT=asymmetric track lossless time-of-flight analyzer;AC=MS:1003379	MOMI APEM	2024-10-03	380m/z-980m/z	150m/z-2000m/z	not available	not available	4
MOMI_QC_APEM_P160_F12	Homo sapiens	blood plasma	not applicable	1	pooled	not available	not available	not available	not available	pooled	20241003_OA2_Evo08_ViAl_SA_FAIMS40_IO26_A556_MOMI_APEM_P160_F12_R01	proteomic profiling by mass spectrometry	1	20241003_OA2_Evo08_ViAl_SA_FAIMS40_IO26_A556_MOMI_APEM_P160_F12_R01.raw	v1.1.0	NT=ms-proteomics;VV=v1.1.0	NT=human;VV=v1.1.0	NT=dia-acquisition;VV=v1.1.0	NT=sdrf-skills;VV=v0.2.0	Data-independent acquisition	NT=Orbitrap Astral;AC=MS:1003378	NT=Trypsin;AC=MS:1001251	NT=Lys-C;AC=MS:1001309	label free sample	1	NT=HCD;AC=MS:1000422	25% NCE	10 ppm	10 ppm	NT=Dithiothreitol (DTT);AC=PRIDE:0000608	NT=Chloroacetamide (ClAA);AC=PRIDE:0000600	NT=Carbamidomethyl;AC=UNIMOD:4;TA=C;MT=Fixed	NT=Oxidation;AC=UNIMOD:35;TA=M;MT=Variable	NT=asymmetric track lossless time-of-flight analyzer;AC=MS:1003379	MOMI APEM	2024-10-03	380m/z-980m/z	150m/z-2000m/z	not available	not available	4
MOMI_QC_APEM_P160_G12	Homo sapiens	blood plasma	not applicable	1	pooled	not available	not available	not available	not available	pooled	20241003_OA2_Evo08_ViAl_SA_FAIMS40_IO26_A556_MOMI_APEM_P160_G12_R01	proteomic profiling by mass spectrometry	1	20241003_OA2_Evo08_ViAl_SA_FAIMS40_IO26_A556_MOMI_APEM_P160_G12_R01.raw	v1.1.0	NT=ms-proteomics;VV=v1.1.0	NT=human;VV=v1.1.0	NT=dia-acquisition;VV=v1.1.0	NT=sdrf-skills;VV=v0.2.0	Data-independent acquisition	NT=Orbitrap Astral;AC=MS:1003378	NT=Trypsin;AC=MS:1001251	NT=Lys-C;AC=MS:1001309	label free sample	1	NT=HCD;AC=MS:1000422	25% NCE	10 ppm	10 ppm	NT=Dithiothreitol (DTT);AC=PRIDE:0000608	NT=Chloroacetamide (ClAA);AC=PRIDE:0000600	NT=Carbamidomethyl;AC=UNIMOD:4;TA=C;MT=Fixed	NT=Oxidation;AC=UNIMOD:35;TA=M;MT=Variable	NT=asymmetric track lossless time-of-flight analyzer;AC=MS:1003379	MOMI APEM	2024-10-03	380m/z-980m/z	150m/z-2000m/z	not available	not available	4
MOMI_QC_APEM_P160_H12	Homo sapiens	blood plasma	not applicable	1	pooled	not available	not available	not available	not available	pooled	20241003_OA2_Evo08_ViAl_SA_FAIMS40_IO26_A556_MOMI_APEM_P160_H12_R01	proteomic profiling by mass spectrometry	1	20241003_OA2_Evo08_ViAl_SA_FAIMS40_IO26_A556_MOMI_APEM_P160_H12_R01.raw	v1.1.0	NT=ms-proteomics;VV=v1.1.0	NT=human;VV=v1.1.0	NT=dia-acquisition;VV=v1.1.0	NT=sdrf-skills;VV=v0.2.0	Data-independent acquisition	NT=Orbitrap Astral;AC=MS:1003378	NT=Trypsin;AC=MS:1001251	NT=Lys-C;AC=MS:1001309	label free sample	1	NT=HCD;AC=MS:1000422	25% NCE	10 ppm	10 ppm	NT=Dithiothreitol (DTT);AC=PRIDE:0000608	NT=Chloroacetamide (ClAA);AC=PRIDE:0000600	NT=Carbamidomethyl;AC=UNIMOD:4;TA=C;MT=Fixed	NT=Oxidation;AC=UNIMOD:35;TA=M;MT=Variable	NT=asymmetric track lossless time-of-flight analyzer;AC=MS:1003379	MOMI APEM	2024-10-03	380m/z-980m/z	150m/z-2000m/z	not available	not available	4
MOMI_QC_APEM_P161_E12	Homo sapiens	blood plasma	not applicable	1	pooled	not available	not available	not available	not available	pooled	20241007_OA2_Evo08_ViAl_SA_FAIMS40_IO26_A556_MOMI_APEM_P161_E12_R01	proteomic profiling by mass spectrometry	1	20241007_OA2_Evo08_ViAl_SA_FAIMS40_IO26_A556_MOMI_APEM_P161_E12_R01.raw	v1.1.0	NT=ms-proteomics;VV=v1.1.0	NT=human;VV=v1.1.0	NT=dia-acquisition;VV=v1.1.0	NT=sdrf-skills;VV=v0.2.0	Data-independent acquisition	NT=Orbitrap Astral;AC=MS:1003378	NT=Trypsin;AC=MS:1001251	NT=Lys-C;AC=MS:1001309	label free sample	1	NT=HCD;AC=MS:1000422	25% NCE	10 ppm	10 ppm	NT=Dithiothreitol (DTT);AC=PRIDE:0000608	NT=Chloroacetamide (ClAA);AC=PRIDE:0000600	NT=Carbamidomethyl;AC=UNIMOD:4;TA=C;MT=Fixed	NT=Oxidation;AC=UNIMOD:35;TA=M;MT=Variable	NT=asymmetric track lossless time-of-flight analyzer;AC=MS:1003379	MOMI APEM	2024-10-07	380m/z-980m/z	150m/z-2000m/z	not available	not available	4
MOMI_QC_APEM_P161_F12	Homo sapiens	blood plasma	not applicable	1	pooled	not available	not available	not available	not available	pooled	20241007_OA2_Evo08_ViAl_SA_FAIMS40_IO26_A556_MOMI_APEM_P161_F12_R01	proteomic profiling by mass spectrometry	1	20241007_OA2_Evo08_ViAl_SA_FAIMS40_IO26_A556_MOMI_APEM_P161_F12_R01.raw	v1.1.0	NT=ms-proteomics;VV=v1.1.0	NT=human;VV=v1.1.0	NT=dia-acquisition;VV=v1.1.0	NT=sdrf-skills;VV=v0.2.0	Data-independent acquisition	NT=Orbitrap Astral;AC=MS:1003378	NT=Trypsin;AC=MS:1001251	NT=Lys-C;AC=MS:1001309	label free sample	1	NT=HCD;AC=MS:1000422	25% NCE	10 ppm	10 ppm	NT=Dithiothreitol (DTT);AC=PRIDE:0000608	NT=Chloroacetamide (ClAA);AC=PRIDE:0000600	NT=Carbamidomethyl;AC=UNIMOD:4;TA=C;MT=Fixed	NT=Oxidation;AC=UNIMOD:35;TA=M;MT=Variable	NT=asymmetric track lossless time-of-flight analyzer;AC=MS:1003379	MOMI APEM	2024-10-07	380m/z-980m/z	150m/z-2000m/z	not available	not available	4
MOMI_QC_APEM_P161_G12	Homo sapiens	blood plasma	not applicable	1	pooled	not available	not available	not available	not available	pooled	20241007_OA2_Evo08_ViAl_SA_FAIMS40_IO26_A556_MOMI_APEM_P161_G12_R01	proteomic profiling by mass spectrometry	1	20241007_OA2_Evo08_ViAl_SA_FAIMS40_IO26_A556_MOMI_APEM_P161_G12_R01.raw	v1.1.0	NT=ms-proteomics;VV=v1.1.0	NT=human;VV=v1.1.0	NT=dia-acquisition;VV=v1.1.0	NT=sdrf-skills;VV=v0.2.0	Data-independent acquisition	NT=Orbitrap Astral;AC=MS:1003378	NT=Trypsin;AC=MS:1001251	NT=Lys-C;AC=MS:1001309	label free sample	1	NT=HCD;AC=MS:1000422	25% NCE	10 ppm	10 ppm	NT=Dithiothreitol (DTT);AC=PRIDE:0000608	NT=Chloroacetamide (ClAA);AC=PRIDE:0000600	NT=Carbamidomethyl;AC=UNIMOD:4;TA=C;MT=Fixed	NT=Oxidation;AC=UNIMOD:35;TA=M;MT=Variable	NT=asymmetric track lossless time-of-flight analyzer;AC=MS:1003379	MOMI APEM	2024-10-07	380m/z-980m/z	150m/z-2000m/z	not available	not available	4
MOMI_QC_APEM_P161_H12	Homo sapiens	blood plasma	not applicable	1	pooled	not available	not available	not available	not available	pooled	20241007_OA2_Evo08_ViAl_SA_FAIMS40_IO26_A556_MOMI_APEM_P161_H12_R01	proteomic profiling by mass spectrometry	1	20241007_OA2_Evo08_ViAl_SA_FAIMS40_IO26_A556_MOMI_APEM_P161_H12_R01.raw	v1.1.0	NT=ms-proteomics;VV=v1.1.0	NT=human;VV=v1.1.0	NT=dia-acquisition;VV=v1.1.0	NT=sdrf-skills;VV=v0.2.0	Data-independent acquisition	NT=Orbitrap Astral;AC=MS:1003378	NT=Trypsin;AC=MS:1001251	NT=Lys-C;AC=MS:1001309	label free sample	1	NT=HCD;AC=MS:1000422	25% NCE	10 ppm	10 ppm	NT=Dithiothreitol (DTT);AC=PRIDE:0000608	NT=Chloroacetamide (ClAA);AC=PRIDE:0000600	NT=Carbamidomethyl;AC=UNIMOD:4;TA=C;MT=Fixed	NT=Oxidation;AC=UNIMOD:35;TA=M;MT=Variable	NT=asymmetric track lossless time-of-flight analyzer;AC=MS:1003379	MOMI APEM	2024-10-07	380m/z-980m/z	150m/z-2000m/z	not available	not available	4
MOMI_QC_APEM_P162_E12	Homo sapiens	blood plasma	not applicable	1	pooled	not available	not available	not available	not available	pooled	20241007_OA2_Evo08_ViAl_SA_FAIMS40_IO26_A556_MOMI_APEM_P162_E12_R01	proteomic profiling by mass spectrometry	1	20241007_OA2_Evo08_ViAl_SA_FAIMS40_IO26_A556_MOMI_APEM_P162_E12_R01.raw	v1.1.0	NT=ms-proteomics;VV=v1.1.0	NT=human;VV=v1.1.0	NT=dia-acquisition;VV=v1.1.0	NT=sdrf-skills;VV=v0.2.0	Data-independent acquisition	NT=Orbitrap Astral;AC=MS:1003378	NT=Trypsin;AC=MS:1001251	NT=Lys-C;AC=MS:1001309	label free sample	1	NT=HCD;AC=MS:1000422	25% NCE	10 ppm	10 ppm	NT=Dithiothreitol (DTT);AC=PRIDE:0000608	NT=Chloroacetamide (ClAA);AC=PRIDE:0000600	NT=Carbamidomethyl;AC=UNIMOD:4;TA=C;MT=Fixed	NT=Oxidation;AC=UNIMOD:35;TA=M;MT=Variable	NT=asymmetric track lossless time-of-flight analyzer;AC=MS:1003379	MOMI APEM	2024-10-07	380m/z-980m/z	150m/z-2000m/z	not available	not available	4
MOMI_QC_APEM_P162_F12	Homo sapiens	blood plasma	not applicable	1	pooled	not available	not available	not available	not available	pooled	20241007_OA2_Evo08_ViAl_SA_FAIMS40_IO26_A556_MOMI_APEM_P162_F12_R01	proteomic profiling by mass spectrometry	1	20241007_OA2_Evo08_ViAl_SA_FAIMS40_IO26_A556_MOMI_APEM_P162_F12_R01.raw	v1.1.0	NT=ms-proteomics;VV=v1.1.0	NT=human;VV=v1.1.0	NT=dia-acquisition;VV=v1.1.0	NT=sdrf-skills;VV=v0.2.0	Data-independent acquisition	NT=Orbitrap Astral;AC=MS:1003378	NT=Trypsin;AC=MS:1001251	NT=Lys-C;AC=MS:1001309	label free sample	1	NT=HCD;AC=MS:1000422	25% NCE	10 ppm	10 ppm	NT=Dithiothreitol (DTT);AC=PRIDE:0000608	NT=Chloroacetamide (ClAA);AC=PRIDE:0000600	NT=Carbamidomethyl;AC=UNIMOD:4;TA=C;MT=Fixed	NT=Oxidation;AC=UNIMOD:35;TA=M;MT=Variable	NT=asymmetric track lossless time-of-flight analyzer;AC=MS:1003379	MOMI APEM	2024-10-07	380m/z-980m/z	150m/z-2000m/z	not available	not available	4
MOMI_QC_APEM_P162_G12	Homo sapiens	blood plasma	not applicable	1	pooled	not available	not available	not available	not available	pooled	20241007_OA2_Evo08_ViAl_SA_FAIMS40_IO26_A556_MOMI_APEM_P162_G12_R01	proteomic profiling by mass spectrometry	1	20241007_OA2_Evo08_ViAl_SA_FAIMS40_IO26_A556_MOMI_APEM_P162_G12_R01.raw	v1.1.0	NT=ms-proteomics;VV=v1.1.0	NT=human;VV=v1.1.0	NT=dia-acquisition;VV=v1.1.0	NT=sdrf-skills;VV=v0.2.0	Data-independent acquisition	NT=Orbitrap Astral;AC=MS:1003378	NT=Trypsin;AC=MS:1001251	NT=Lys-C;AC=MS:1001309	label free sample	1	NT=HCD;AC=MS:1000422	25% NCE	10 ppm	10 ppm	NT=Dithiothreitol (DTT);AC=PRIDE:0000608	NT=Chloroacetamide (ClAA);AC=PRIDE:0000600	NT=Carbamidomethyl;AC=UNIMOD:4;TA=C;MT=Fixed	NT=Oxidation;AC=UNIMOD:35;TA=M;MT=Variable	NT=asymmetric track lossless time-of-flight analyzer;AC=MS:1003379	MOMI APEM	2024-10-07	380m/z-980m/z	150m/z-2000m/z	not available	not available	4
MOMI_QC_APEM_P162_H12	Homo sapiens	blood plasma	not applicable	1	pooled	not available	not available	not available	not available	pooled	20241007_OA2_Evo08_ViAl_SA_FAIMS40_IO26_A556_MOMI_APEM_P162_H12_R01	proteomic profiling by mass spectrometry	1	20241007_OA2_Evo08_ViAl_SA_FAIMS40_IO26_A556_MOMI_APEM_P162_H12_R01.raw	v1.1.0	NT=ms-proteomics;VV=v1.1.0	NT=human;VV=v1.1.0	NT=dia-acquisition;VV=v1.1.0	NT=sdrf-skills;VV=v0.2.0	Data-independent acquisition	NT=Orbitrap Astral;AC=MS:1003378	NT=Trypsin;AC=MS:1001251	NT=Lys-C;AC=MS:1001309	label free sample	1	NT=HCD;AC=MS:1000422	25% NCE	10 ppm	10 ppm	NT=Dithiothreitol (DTT);AC=PRIDE:0000608	NT=Chloroacetamide (ClAA);AC=PRIDE:0000600	NT=Carbamidomethyl;AC=UNIMOD:4;TA=C;MT=Fixed	NT=Oxidation;AC=UNIMOD:35;TA=M;MT=Variable	NT=asymmetric track lossless time-of-flight analyzer;AC=MS:1003379	MOMI APEM	2024-10-07	380m/z-980m/z	150m/z-2000m/z	not available	not available	4
MOMI_QC_APEM_P163_E12	Homo sapiens	blood plasma	not applicable	1	pooled	not available	not available	not available	not available	pooled	20241007_OA2_Evo08_ViAl_SA_FAIMS40_IO26_A556_MOMI_APEM_P163_E12_R01	proteomic profiling by mass spectrometry	1	20241007_OA2_Evo08_ViAl_SA_FAIMS40_IO26_A556_MOMI_APEM_P163_E12_R01.raw	v1.1.0	NT=ms-proteomics;VV=v1.1.0	NT=human;VV=v1.1.0	NT=dia-acquisition;VV=v1.1.0	NT=sdrf-skills;VV=v0.2.0	Data-independent acquisition	NT=Orbitrap Astral;AC=MS:1003378	NT=Trypsin;AC=MS:1001251	NT=Lys-C;AC=MS:1001309	label free sample	1	NT=HCD;AC=MS:1000422	25% NCE	10 ppm	10 ppm	NT=Dithiothreitol (DTT);AC=PRIDE:0000608	NT=Chloroacetamide (ClAA);AC=PRIDE:0000600	NT=Carbamidomethyl;AC=UNIMOD:4;TA=C;MT=Fixed	NT=Oxidation;AC=UNIMOD:35;TA=M;MT=Variable	NT=asymmetric track lossless time-of-flight analyzer;AC=MS:1003379	MOMI APEM	2024-10-07	380m/z-980m/z	150m/z-2000m/z	not available	not available	4
MOMI_QC_APEM_P163_F12	Homo sapiens	blood plasma	not applicable	1	pooled	not available	not available	not available	not available	pooled	20241007_OA2_Evo08_ViAl_SA_FAIMS40_IO26_A556_MOMI_APEM_P163_F12_R01	proteomic profiling by mass spectrometry	1	20241007_OA2_Evo08_ViAl_SA_FAIMS40_IO26_A556_MOMI_APEM_P163_F12_R01.raw	v1.1.0	NT=ms-proteomics;VV=v1.1.0	NT=human;VV=v1.1.0	NT=dia-acquisition;VV=v1.1.0	NT=sdrf-skills;VV=v0.2.0	Data-independent acquisition	NT=Orbitrap Astral;AC=MS:1003378	NT=Trypsin;AC=MS:1001251	NT=Lys-C;AC=MS:1001309	label free sample	1	NT=HCD;AC=MS:1000422	25% NCE	10 ppm	10 ppm	NT=Dithiothreitol (DTT);AC=PRIDE:0000608	NT=Chloroacetamide (ClAA);AC=PRIDE:0000600	NT=Carbamidomethyl;AC=UNIMOD:4;TA=C;MT=Fixed	NT=Oxidation;AC=UNIMOD:35;TA=M;MT=Variable	NT=asymmetric track lossless time-of-flight analyzer;AC=MS:1003379	MOMI APEM	2024-10-07	380m/z-980m/z	150m/z-2000m/z	not available	not available	4
MOMI_QC_APEM_P163_G12	Homo sapiens	blood plasma	not applicable	1	pooled	not available	not available	not available	not available	pooled	20241007_OA2_Evo08_ViAl_SA_FAIMS40_IO26_A556_MOMI_APEM_P163_G12_R01	proteomic profiling by mass spectrometry	1	20241007_OA2_Evo08_ViAl_SA_FAIMS40_IO26_A556_MOMI_APEM_P163_G12_R01.raw	v1.1.0	NT=ms-proteomics;VV=v1.1.0	NT=human;VV=v1.1.0	NT=dia-acquisition;VV=v1.1.0	NT=sdrf-skills;VV=v0.2.0	Data-independent acquisition	NT=Orbitrap Astral;AC=MS:1003378	NT=Trypsin;AC=MS:1001251	NT=Lys-C;AC=MS:1001309	label free sample	1	NT=HCD;AC=MS:1000422	25% NCE	10 ppm	10 ppm	NT=Dithiothreitol (DTT);AC=PRIDE:0000608	NT=Chloroacetamide (ClAA);AC=PRIDE:0000600	NT=Carbamidomethyl;AC=UNIMOD:4;TA=C;MT=Fixed	NT=Oxidation;AC=UNIMOD:35;TA=M;MT=Variable	NT=asymmetric track lossless time-of-flight analyzer;AC=MS:1003379	MOMI APEM	2024-10-07	380m/z-980m/z	150m/z-2000m/z	not available	not available	4
MOMI_QC_APEM_P163_H12	Homo sapiens	blood plasma	not applicable	1	pooled	not available	not available	not available	not available	pooled	20241007_OA2_Evo08_ViAl_SA_FAIMS40_IO26_A556_MOMI_APEM_P163_H12_R01	proteomic profiling by mass spectrometry	1	20241007_OA2_Evo08_ViAl_SA_FAIMS40_IO26_A556_MOMI_APEM_P163_H12_R01.raw	v1.1.0	NT=ms-proteomics;VV=v1.1.0	NT=human;VV=v1.1.0	NT=dia-acquisition;VV=v1.1.0	NT=sdrf-skills;VV=v0.2.0	Data-independent acquisition	NT=Orbitrap Astral;AC=MS:1003378	NT=Trypsin;AC=MS:1001251	NT=Lys-C;AC=MS:1001309	label free sample	1	NT=HCD;AC=MS:1000422	25% NCE	10 ppm	10 ppm	NT=Dithiothreitol (DTT);AC=PRIDE:0000608	NT=Chloroacetamide (ClAA);AC=PRIDE:0000600	NT=Carbamidomethyl;AC=UNIMOD:4;TA=C;MT=Fixed	NT=Oxidation;AC=UNIMOD:35;TA=M;MT=Variable	NT=asymmetric track lossless time-of-flight analyzer;AC=MS:1003379	MOMI APEM	2024-10-07	380m/z-980m/z	150m/z-2000m/z	not available	not available	4
MOMI_QC_APEM_P164_E12	Homo sapiens	blood plasma	not applicable	1	pooled	not available	not available	not available	not available	pooled	20241007_OA2_Evo08_ViAl_SA_FAIMS40_IO26_A556_MOMI_APEM_P164_E12_R01	proteomic profiling by mass spectrometry	1	20241007_OA2_Evo08_ViAl_SA_FAIMS40_IO26_A556_MOMI_APEM_P164_E12_R01.raw	v1.1.0	NT=ms-proteomics;VV=v1.1.0	NT=human;VV=v1.1.0	NT=dia-acquisition;VV=v1.1.0	NT=sdrf-skills;VV=v0.2.0	Data-independent acquisition	NT=Orbitrap Astral;AC=MS:1003378	NT=Trypsin;AC=MS:1001251	NT=Lys-C;AC=MS:1001309	label free sample	1	NT=HCD;AC=MS:1000422	25% NCE	10 ppm	10 ppm	NT=Dithiothreitol (DTT);AC=PRIDE:0000608	NT=Chloroacetamide (ClAA);AC=PRIDE:0000600	NT=Carbamidomethyl;AC=UNIMOD:4;TA=C;MT=Fixed	NT=Oxidation;AC=UNIMOD:35;TA=M;MT=Variable	NT=asymmetric track lossless time-of-flight analyzer;AC=MS:1003379	MOMI APEM	2024-10-07	380m/z-980m/z	150m/z-2000m/z	not available	not available	4
MOMI_QC_APEM_P164_F12	Homo sapiens	blood plasma	not applicable	1	pooled	not available	not available	not available	not available	pooled	20241007_OA2_Evo08_ViAl_SA_FAIMS40_IO26_A556_MOMI_APEM_P164_F12_R01	proteomic profiling by mass spectrometry	1	20241007_OA2_Evo08_ViAl_SA_FAIMS40_IO26_A556_MOMI_APEM_P164_F12_R01.raw	v1.1.0	NT=ms-proteomics;VV=v1.1.0	NT=human;VV=v1.1.0	NT=dia-acquisition;VV=v1.1.0	NT=sdrf-skills;VV=v0.2.0	Data-independent acquisition	NT=Orbitrap Astral;AC=MS:1003378	NT=Trypsin;AC=MS:1001251	NT=Lys-C;AC=MS:1001309	label free sample	1	NT=HCD;AC=MS:1000422	25% NCE	10 ppm	10 ppm	NT=Dithiothreitol (DTT);AC=PRIDE:0000608	NT=Chloroacetamide (ClAA);AC=PRIDE:0000600	NT=Carbamidomethyl;AC=UNIMOD:4;TA=C;MT=Fixed	NT=Oxidation;AC=UNIMOD:35;TA=M;MT=Variable	NT=asymmetric track lossless time-of-flight analyzer;AC=MS:1003379	MOMI APEM	2024-10-07	380m/z-980m/z	150m/z-2000m/z	not available	not available	4
MOMI_QC_APEM_P164_G12	Homo sapiens	blood plasma	not applicable	1	pooled	not available	not available	not available	not available	pooled	20241007_OA2_Evo08_ViAl_SA_FAIMS40_IO26_A556_MOMI_APEM_P164_G12_R01	proteomic profiling by mass spectrometry	1	20241007_OA2_Evo08_ViAl_SA_FAIMS40_IO26_A556_MOMI_APEM_P164_G12_R01.raw	v1.1.0	NT=ms-proteomics;VV=v1.1.0	NT=human;VV=v1.1.0	NT=dia-acquisition;VV=v1.1.0	NT=sdrf-skills;VV=v0.2.0	Data-independent acquisition	NT=Orbitrap Astral;AC=MS:1003378	NT=Trypsin;AC=MS:1001251	NT=Lys-C;AC=MS:1001309	label free sample	1	NT=HCD;AC=MS:1000422	25% NCE	10 ppm	10 ppm	NT=Dithiothreitol (DTT);AC=PRIDE:0000608	NT=Chloroacetamide (ClAA);AC=PRIDE:0000600	NT=Carbamidomethyl;AC=UNIMOD:4;TA=C;MT=Fixed	NT=Oxidation;AC=UNIMOD:35;TA=M;MT=Variable	NT=asymmetric track lossless time-of-flight analyzer;AC=MS:1003379	MOMI APEM	2024-10-07	380m/z-980m/z	150m/z-2000m/z	not available	not available	4
MOMI_QC_APEM_P164_H12	Homo sapiens	blood plasma	not applicable	1	pooled	not available	not available	not available	not available	pooled	20241007_OA2_Evo08_ViAl_SA_FAIMS40_IO26_A556_MOMI_APEM_P164_H12_R01	proteomic profiling by mass spectrometry	1	20241007_OA2_Evo08_ViAl_SA_FAIMS40_IO26_A556_MOMI_APEM_P164_H12_R01.raw	v1.1.0	NT=ms-proteomics;VV=v1.1.0	NT=human;VV=v1.1.0	NT=dia-acquisition;VV=v1.1.0	NT=sdrf-skills;VV=v0.2.0	Data-independent acquisition	NT=Orbitrap Astral;AC=MS:1003378	NT=Trypsin;AC=MS:1001251	NT=Lys-C;AC=MS:1001309	label free sample	1	NT=HCD;AC=MS:1000422	25% NCE	10 ppm	10 ppm	NT=Dithiothreitol (DTT);AC=PRIDE:0000608	NT=Chloroacetamide (ClAA);AC=PRIDE:0000600	NT=Carbamidomethyl;AC=UNIMOD:4;TA=C;MT=Fixed	NT=Oxidation;AC=UNIMOD:35;TA=M;MT=Variable	NT=asymmetric track lossless time-of-flight analyzer;AC=MS:1003379	MOMI APEM	2024-10-07	380m/z-980m/z	150m/z-2000m/z	not available	not available	4
MOMI_QC_APEM_P165_E12	Homo sapiens	blood plasma	not applicable	1	pooled	not available	not available	not available	not available	pooled	20241009_OA2_Evo08_ViAl_SA_FAIMS40_IO26_A556_MOMI_APEM_P165_E12_R01	proteomic profiling by mass spectrometry	1	20241009_OA2_Evo08_ViAl_SA_FAIMS40_IO26_A556_MOMI_APEM_P165_E12_R01.raw	v1.1.0	NT=ms-proteomics;VV=v1.1.0	NT=human;VV=v1.1.0	NT=dia-acquisition;VV=v1.1.0	NT=sdrf-skills;VV=v0.2.0	Data-independent acquisition	NT=Orbitrap Astral;AC=MS:1003378	NT=Trypsin;AC=MS:1001251	NT=Lys-C;AC=MS:1001309	label free sample	1	NT=HCD;AC=MS:1000422	25% NCE	10 ppm	10 ppm	NT=Dithiothreitol (DTT);AC=PRIDE:0000608	NT=Chloroacetamide (ClAA);AC=PRIDE:0000600	NT=Carbamidomethyl;AC=UNIMOD:4;TA=C;MT=Fixed	NT=Oxidation;AC=UNIMOD:35;TA=M;MT=Variable	NT=asymmetric track lossless time-of-flight analyzer;AC=MS:1003379	MOMI APEM	2024-10-09	380m/z-980m/z	150m/z-2000m/z	not available	not available	4
MOMI_QC_APEM_P165_F12	Homo sapiens	blood plasma	not applicable	1	pooled	not available	not available	not available	not available	pooled	20241009_OA2_Evo08_ViAl_SA_FAIMS40_IO26_A556_MOMI_APEM_P165_F12_R01	proteomic profiling by mass spectrometry	1	20241009_OA2_Evo08_ViAl_SA_FAIMS40_IO26_A556_MOMI_APEM_P165_F12_R01.raw	v1.1.0	NT=ms-proteomics;VV=v1.1.0	NT=human;VV=v1.1.0	NT=dia-acquisition;VV=v1.1.0	NT=sdrf-skills;VV=v0.2.0	Data-independent acquisition	NT=Orbitrap Astral;AC=MS:1003378	NT=Trypsin;AC=MS:1001251	NT=Lys-C;AC=MS:1001309	label free sample	1	NT=HCD;AC=MS:1000422	25% NCE	10 ppm	10 ppm	NT=Dithiothreitol (DTT);AC=PRIDE:0000608	NT=Chloroacetamide (ClAA);AC=PRIDE:0000600	NT=Carbamidomethyl;AC=UNIMOD:4;TA=C;MT=Fixed	NT=Oxidation;AC=UNIMOD:35;TA=M;MT=Variable	NT=asymmetric track lossless time-of-flight analyzer;AC=MS:1003379	MOMI APEM	2024-10-09	380m/z-980m/z	150m/z-2000m/z	not available	not available	4
MOMI_QC_APEM_P165_G12	Homo sapiens	blood plasma	not applicable	1	pooled	not available	not available	not available	not available	pooled	20241009_OA2_Evo08_ViAl_SA_FAIMS40_IO26_A556_MOMI_APEM_P165_G12_R01	proteomic profiling by mass spectrometry	1	20241009_OA2_Evo08_ViAl_SA_FAIMS40_IO26_A556_MOMI_APEM_P165_G12_R01.raw	v1.1.0	NT=ms-proteomics;VV=v1.1.0	NT=human;VV=v1.1.0	NT=dia-acquisition;VV=v1.1.0	NT=sdrf-skills;VV=v0.2.0	Data-independent acquisition	NT=Orbitrap Astral;AC=MS:1003378	NT=Trypsin;AC=MS:1001251	NT=Lys-C;AC=MS:1001309	label free sample	1	NT=HCD;AC=MS:1000422	25% NCE	10 ppm	10 ppm	NT=Dithiothreitol (DTT);AC=PRIDE:0000608	NT=Chloroacetamide (ClAA);AC=PRIDE:0000600	NT=Carbamidomethyl;AC=UNIMOD:4;TA=C;MT=Fixed	NT=Oxidation;AC=UNIMOD:35;TA=M;MT=Variable	NT=asymmetric track lossless time-of-flight analyzer;AC=MS:1003379	MOMI APEM	2024-10-09	380m/z-980m/z	150m/z-2000m/z	not available	not available	4
MOMI_QC_APEM_P165_H12	Homo sapiens	blood plasma	not applicable	1	pooled	not available	not available	not available	not available	pooled	20241009_OA2_Evo08_ViAl_SA_FAIMS40_IO26_A556_MOMI_APEM_P165_H12_R01	proteomic profiling by mass spectrometry	1	20241009_OA2_Evo08_ViAl_SA_FAIMS40_IO26_A556_MOMI_APEM_P165_H12_R01.raw	v1.1.0	NT=ms-proteomics;VV=v1.1.0	NT=human;VV=v1.1.0	NT=dia-acquisition;VV=v1.1.0	NT=sdrf-skills;VV=v0.2.0	Data-independent acquisition	NT=Orbitrap Astral;AC=MS:1003378	NT=Trypsin;AC=MS:1001251	NT=Lys-C;AC=MS:1001309	label free sample	1	NT=HCD;AC=MS:1000422	25% NCE	10 ppm	10 ppm	NT=Dithiothreitol (DTT);AC=PRIDE:0000608	NT=Chloroacetamide (ClAA);AC=PRIDE:0000600	NT=Carbamidomethyl;AC=UNIMOD:4;TA=C;MT=Fixed	NT=Oxidation;AC=UNIMOD:35;TA=M;MT=Variable	NT=asymmetric track lossless time-of-flight analyzer;AC=MS:1003379	MOMI APEM	2024-10-09	380m/z-980m/z	150m/z-2000m/z	not available	not available	4
MOMI_QC_APEM_P166_E12	Homo sapiens	blood plasma	not applicable	1	pooled	not available	not available	not available	not available	pooled	20241009_OA2_Evo08_ViAl_SA_FAIMS40_IO26_A556_MOMI_APEM_P166_E12_R01	proteomic profiling by mass spectrometry	1	20241009_OA2_Evo08_ViAl_SA_FAIMS40_IO26_A556_MOMI_APEM_P166_E12_R01.raw	v1.1.0	NT=ms-proteomics;VV=v1.1.0	NT=human;VV=v1.1.0	NT=dia-acquisition;VV=v1.1.0	NT=sdrf-skills;VV=v0.2.0	Data-independent acquisition	NT=Orbitrap Astral;AC=MS:1003378	NT=Trypsin;AC=MS:1001251	NT=Lys-C;AC=MS:1001309	label free sample	1	NT=HCD;AC=MS:1000422	25% NCE	10 ppm	10 ppm	NT=Dithiothreitol (DTT);AC=PRIDE:0000608	NT=Chloroacetamide (ClAA);AC=PRIDE:0000600	NT=Carbamidomethyl;AC=UNIMOD:4;TA=C;MT=Fixed	NT=Oxidation;AC=UNIMOD:35;TA=M;MT=Variable	NT=asymmetric track lossless time-of-flight analyzer;AC=MS:1003379	MOMI APEM	2024-10-09	380m/z-980m/z	150m/z-2000m/z	not available	not available	4
MOMI_QC_APEM_P166_F12	Homo sapiens	blood plasma	not applicable	1	pooled	not available	not available	not available	not available	pooled	20241009_OA2_Evo08_ViAl_SA_FAIMS40_IO26_A556_MOMI_APEM_P166_F12_R01	proteomic profiling by mass spectrometry	1	20241009_OA2_Evo08_ViAl_SA_FAIMS40_IO26_A556_MOMI_APEM_P166_F12_R01.raw	v1.1.0	NT=ms-proteomics;VV=v1.1.0	NT=human;VV=v1.1.0	NT=dia-acquisition;VV=v1.1.0	NT=sdrf-skills;VV=v0.2.0	Data-independent acquisition	NT=Orbitrap Astral;AC=MS:1003378	NT=Trypsin;AC=MS:1001251	NT=Lys-C;AC=MS:1001309	label free sample	1	NT=HCD;AC=MS:1000422	25% NCE	10 ppm	10 ppm	NT=Dithiothreitol (DTT);AC=PRIDE:0000608	NT=Chloroacetamide (ClAA);AC=PRIDE:0000600	NT=Carbamidomethyl;AC=UNIMOD:4;TA=C;MT=Fixed	NT=Oxidation;AC=UNIMOD:35;TA=M;MT=Variable	NT=asymmetric track lossless time-of-flight analyzer;AC=MS:1003379	MOMI APEM	2024-10-09	380m/z-980m/z	150m/z-2000m/z	not available	not available	4
MOMI_QC_APEM_P166_G12	Homo sapiens	blood plasma	not applicable	1	pooled	not available	not available	not available	not available	pooled	20241009_OA2_Evo08_ViAl_SA_FAIMS40_IO26_A556_MOMI_APEM_P166_G12_R01	proteomic profiling by mass spectrometry	1	20241009_OA2_Evo08_ViAl_SA_FAIMS40_IO26_A556_MOMI_APEM_P166_G12_R01.raw	v1.1.0	NT=ms-proteomics;VV=v1.1.0	NT=human;VV=v1.1.0	NT=dia-acquisition;VV=v1.1.0	NT=sdrf-skills;VV=v0.2.0	Data-independent acquisition	NT=Orbitrap Astral;AC=MS:1003378	NT=Trypsin;AC=MS:1001251	NT=Lys-C;AC=MS:1001309	label free sample	1	NT=HCD;AC=MS:1000422	25% NCE	10 ppm	10 ppm	NT=Dithiothreitol (DTT);AC=PRIDE:0000608	NT=Chloroacetamide (ClAA);AC=PRIDE:0000600	NT=Carbamidomethyl;AC=UNIMOD:4;TA=C;MT=Fixed	NT=Oxidation;AC=UNIMOD:35;TA=M;MT=Variable	NT=asymmetric track lossless time-of-flight analyzer;AC=MS:1003379	MOMI APEM	2024-10-09	380m/z-980m/z	150m/z-2000m/z	not available	not available	4
MOMI_QC_APEM_P166_H12	Homo sapiens	blood plasma	not applicable	1	pooled	not available	not available	not available	not available	pooled	20241009_OA2_Evo08_ViAl_SA_FAIMS40_IO26_A556_MOMI_APEM_P166_H12_R01	proteomic profiling by mass spectrometry	1	20241009_OA2_Evo08_ViAl_SA_FAIMS40_IO26_A556_MOMI_APEM_P166_H12_R01.raw	v1.1.0	NT=ms-proteomics;VV=v1.1.0	NT=human;VV=v1.1.0	NT=dia-acquisition;VV=v1.1.0	NT=sdrf-skills;VV=v0.2.0	Data-independent acquisition	NT=Orbitrap Astral;AC=MS:1003378	NT=Trypsin;AC=MS:1001251	NT=Lys-C;AC=MS:1001309	label free sample	1	NT=HCD;AC=MS:1000422	25% NCE	10 ppm	10 ppm	NT=Dithiothreitol (DTT);AC=PRIDE:0000608	NT=Chloroacetamide (ClAA);AC=PRIDE:0000600	NT=Carbamidomethyl;AC=UNIMOD:4;TA=C;MT=Fixed	NT=Oxidation;AC=UNIMOD:35;TA=M;MT=Variable	NT=asymmetric track lossless time-of-flight analyzer;AC=MS:1003379	MOMI APEM	2024-10-09	380m/z-980m/z	150m/z-2000m/z	not available	not available	4
MOMI_QC_APEM_P167_E12	Homo sapiens	blood plasma	not applicable	1	pooled	not available	not available	not available	not available	pooled	20241009_OA2_Evo08_ViAl_SA_FAIMS40_IO26_A556_MOMI_APEM_P167_E12_R01	proteomic profiling by mass spectrometry	1	20241009_OA2_Evo08_ViAl_SA_FAIMS40_IO26_A556_MOMI_APEM_P167_E12_R01.raw	v1.1.0	NT=ms-proteomics;VV=v1.1.0	NT=human;VV=v1.1.0	NT=dia-acquisition;VV=v1.1.0	NT=sdrf-skills;VV=v0.2.0	Data-independent acquisition	NT=Orbitrap Astral;AC=MS:1003378	NT=Trypsin;AC=MS:1001251	NT=Lys-C;AC=MS:1001309	label free sample	1	NT=HCD;AC=MS:1000422	25% NCE	10 ppm	10 ppm	NT=Dithiothreitol (DTT);AC=PRIDE:0000608	NT=Chloroacetamide (ClAA);AC=PRIDE:0000600	NT=Carbamidomethyl;AC=UNIMOD:4;TA=C;MT=Fixed	NT=Oxidation;AC=UNIMOD:35;TA=M;MT=Variable	NT=asymmetric track lossless time-of-flight analyzer;AC=MS:1003379	MOMI APEM	2024-10-09	380m/z-980m/z	150m/z-2000m/z	not available	not available	4
MOMI_QC_APEM_P167_F12	Homo sapiens	blood plasma	not applicable	1	pooled	not available	not available	not available	not available	pooled	20241009_OA2_Evo08_ViAl_SA_FAIMS40_IO26_A556_MOMI_APEM_P167_F12_R01	proteomic profiling by mass spectrometry	1	20241009_OA2_Evo08_ViAl_SA_FAIMS40_IO26_A556_MOMI_APEM_P167_F12_R01.raw	v1.1.0	NT=ms-proteomics;VV=v1.1.0	NT=human;VV=v1.1.0	NT=dia-acquisition;VV=v1.1.0	NT=sdrf-skills;VV=v0.2.0	Data-independent acquisition	NT=Orbitrap Astral;AC=MS:1003378	NT=Trypsin;AC=MS:1001251	NT=Lys-C;AC=MS:1001309	label free sample	1	NT=HCD;AC=MS:1000422	25% NCE	10 ppm	10 ppm	NT=Dithiothreitol (DTT);AC=PRIDE:0000608	NT=Chloroacetamide (ClAA);AC=PRIDE:0000600	NT=Carbamidomethyl;AC=UNIMOD:4;TA=C;MT=Fixed	NT=Oxidation;AC=UNIMOD:35;TA=M;MT=Variable	NT=asymmetric track lossless time-of-flight analyzer;AC=MS:1003379	MOMI APEM	2024-10-09	380m/z-980m/z	150m/z-2000m/z	not available	not available	4
MOMI_QC_APEM_P167_G12	Homo sapiens	blood plasma	not applicable	1	pooled	not available	not available	not available	not available	pooled	20241009_OA2_Evo08_ViAl_SA_FAIMS40_IO26_A556_MOMI_APEM_P167_G12_R01	proteomic profiling by mass spectrometry	1	20241009_OA2_Evo08_ViAl_SA_FAIMS40_IO26_A556_MOMI_APEM_P167_G12_R01.raw	v1.1.0	NT=ms-proteomics;VV=v1.1.0	NT=human;VV=v1.1.0	NT=dia-acquisition;VV=v1.1.0	NT=sdrf-skills;VV=v0.2.0	Data-independent acquisition	NT=Orbitrap Astral;AC=MS:1003378	NT=Trypsin;AC=MS:1001251	NT=Lys-C;AC=MS:1001309	label free sample	1	NT=HCD;AC=MS:1000422	25% NCE	10 ppm	10 ppm	NT=Dithiothreitol (DTT);AC=PRIDE:0000608	NT=Chloroacetamide (ClAA);AC=PRIDE:0000600	NT=Carbamidomethyl;AC=UNIMOD:4;TA=C;MT=Fixed	NT=Oxidation;AC=UNIMOD:35;TA=M;MT=Variable	NT=asymmetric track lossless time-of-flight analyzer;AC=MS:1003379	MOMI APEM	2024-10-09	380m/z-980m/z	150m/z-2000m/z	not available	not available	4
MOMI_QC_APEM_P167_H12	Homo sapiens	blood plasma	not applicable	1	pooled	not available	not available	not available	not available	pooled	20241009_OA2_Evo08_ViAl_SA_FAIMS40_IO26_A556_MOMI_APEM_P167_H12_R01	proteomic profiling by mass spectrometry	1	20241009_OA2_Evo08_ViAl_SA_FAIMS40_IO26_A556_MOMI_APEM_P167_H12_R01.raw	v1.1.0	NT=ms-proteomics;VV=v1.1.0	NT=human;VV=v1.1.0	NT=dia-acquisition;VV=v1.1.0	NT=sdrf-skills;VV=v0.2.0	Data-independent acquisition	NT=Orbitrap Astral;AC=MS:1003378	NT=Trypsin;AC=MS:1001251	NT=Lys-C;AC=MS:1001309	label free sample	1	NT=HCD;AC=MS:1000422	25% NCE	10 ppm	10 ppm	NT=Dithiothreitol (DTT);AC=PRIDE:0000608	NT=Chloroacetamide (ClAA);AC=PRIDE:0000600	NT=Carbamidomethyl;AC=UNIMOD:4;TA=C;MT=Fixed	NT=Oxidation;AC=UNIMOD:35;TA=M;MT=Variable	NT=asymmetric track lossless time-of-flight analyzer;AC=MS:1003379	MOMI APEM	2024-10-09	380m/z-980m/z	150m/z-2000m/z	not available	not available	4
MOMI_QC_APEM_P168_E12	Homo sapiens	blood plasma	not applicable	1	pooled	not available	not available	not available	not available	pooled	20241009_OA2_Evo08_ViAl_SA_FAIMS40_IO26_A556_MOMI_APEM_P168_E12_R01	proteomic profiling by mass spectrometry	1	20241009_OA2_Evo08_ViAl_SA_FAIMS40_IO26_A556_MOMI_APEM_P168_E12_R01.raw	v1.1.0	NT=ms-proteomics;VV=v1.1.0	NT=human;VV=v1.1.0	NT=dia-acquisition;VV=v1.1.0	NT=sdrf-skills;VV=v0.2.0	Data-independent acquisition	NT=Orbitrap Astral;AC=MS:1003378	NT=Trypsin;AC=MS:1001251	NT=Lys-C;AC=MS:1001309	label free sample	1	NT=HCD;AC=MS:1000422	25% NCE	10 ppm	10 ppm	NT=Dithiothreitol (DTT);AC=PRIDE:0000608	NT=Chloroacetamide (ClAA);AC=PRIDE:0000600	NT=Carbamidomethyl;AC=UNIMOD:4;TA=C;MT=Fixed	NT=Oxidation;AC=UNIMOD:35;TA=M;MT=Variable	NT=asymmetric track lossless time-of-flight analyzer;AC=MS:1003379	MOMI APEM	2024-10-09	380m/z-980m/z	150m/z-2000m/z	not available	not available	4
MOMI_QC_APEM_P168_F12	Homo sapiens	blood plasma	not applicable	1	pooled	not available	not available	not available	not available	pooled	20241009_OA2_Evo08_ViAl_SA_FAIMS40_IO26_A556_MOMI_APEM_P168_F12_R01	proteomic profiling by mass spectrometry	1	20241009_OA2_Evo08_ViAl_SA_FAIMS40_IO26_A556_MOMI_APEM_P168_F12_R01.raw	v1.1.0	NT=ms-proteomics;VV=v1.1.0	NT=human;VV=v1.1.0	NT=dia-acquisition;VV=v1.1.0	NT=sdrf-skills;VV=v0.2.0	Data-independent acquisition	NT=Orbitrap Astral;AC=MS:1003378	NT=Trypsin;AC=MS:1001251	NT=Lys-C;AC=MS:1001309	label free sample	1	NT=HCD;AC=MS:1000422	25% NCE	10 ppm	10 ppm	NT=Dithiothreitol (DTT);AC=PRIDE:0000608	NT=Chloroacetamide (ClAA);AC=PRIDE:0000600	NT=Carbamidomethyl;AC=UNIMOD:4;TA=C;MT=Fixed	NT=Oxidation;AC=UNIMOD:35;TA=M;MT=Variable	NT=asymmetric track lossless time-of-flight analyzer;AC=MS:1003379	MOMI APEM	2024-10-09	380m/z-980m/z	150m/z-2000m/z	not available	not available	4
MOMI_QC_APEM_P168_G12	Homo sapiens	blood plasma	not applicable	1	pooled	not available	not available	not available	not available	pooled	20241009_OA2_Evo08_ViAl_SA_FAIMS40_IO26_A556_MOMI_APEM_P168_G12_R01	proteomic profiling by mass spectrometry	1	20241009_OA2_Evo08_ViAl_SA_FAIMS40_IO26_A556_MOMI_APEM_P168_G12_R01.raw	v1.1.0	NT=ms-proteomics;VV=v1.1.0	NT=human;VV=v1.1.0	NT=dia-acquisition;VV=v1.1.0	NT=sdrf-skills;VV=v0.2.0	Data-independent acquisition	NT=Orbitrap Astral;AC=MS:1003378	NT=Trypsin;AC=MS:1001251	NT=Lys-C;AC=MS:1001309	label free sample	1	NT=HCD;AC=MS:1000422	25% NCE	10 ppm	10 ppm	NT=Dithiothreitol (DTT);AC=PRIDE:0000608	NT=Chloroacetamide (ClAA);AC=PRIDE:0000600	NT=Carbamidomethyl;AC=UNIMOD:4;TA=C;MT=Fixed	NT=Oxidation;AC=UNIMOD:35;TA=M;MT=Variable	NT=asymmetric track lossless time-of-flight analyzer;AC=MS:1003379	MOMI APEM	2024-10-09	380m/z-980m/z	150m/z-2000m/z	not available	not available	4
MOMI_QC_APEM_P168_H12	Homo sapiens	blood plasma	not applicable	1	pooled	not available	not available	not available	not available	pooled	20241009_OA2_Evo08_ViAl_SA_FAIMS40_IO26_A556_MOMI_APEM_P168_H12_R01	proteomic profiling by mass spectrometry	1	20241009_OA2_Evo08_ViAl_SA_FAIMS40_IO26_A556_MOMI_APEM_P168_H12_R01.raw	v1.1.0	NT=ms-proteomics;VV=v1.1.0	NT=human;VV=v1.1.0	NT=dia-acquisition;VV=v1.1.0	NT=sdrf-skills;VV=v0.2.0	Data-independent acquisition	NT=Orbitrap Astral;AC=MS:1003378	NT=Trypsin;AC=MS:1001251	NT=Lys-C;AC=MS:1001309	label free sample	1	NT=HCD;AC=MS:1000422	25% NCE	10 ppm	10 ppm	NT=Dithiothreitol (DTT);AC=PRIDE:0000608	NT=Chloroacetamide (ClAA);AC=PRIDE:0000600	NT=Carbamidomethyl;AC=UNIMOD:4;TA=C;MT=Fixed	NT=Oxidation;AC=UNIMOD:35;TA=M;MT=Variable	NT=asymmetric track lossless time-of-flight analyzer;AC=MS:1003379	MOMI APEM	2024-10-09	380m/z-980m/z	150m/z-2000m/z	not available	not available	4
MOMI_QC_APEM_P169_E12	Homo sapiens	blood plasma	not applicable	1	pooled	not available	not available	not available	not available	pooled	20241009_OA2_Evo08_ViAl_SA_FAIMS40_IO26_A556_MOMI_APEM_P169_E12_R01	proteomic profiling by mass spectrometry	1	20241009_OA2_Evo08_ViAl_SA_FAIMS40_IO26_A556_MOMI_APEM_P169_E12_R01.raw	v1.1.0	NT=ms-proteomics;VV=v1.1.0	NT=human;VV=v1.1.0	NT=dia-acquisition;VV=v1.1.0	NT=sdrf-skills;VV=v0.2.0	Data-independent acquisition	NT=Orbitrap Astral;AC=MS:1003378	NT=Trypsin;AC=MS:1001251	NT=Lys-C;AC=MS:1001309	label free sample	1	NT=HCD;AC=MS:1000422	25% NCE	10 ppm	10 ppm	NT=Dithiothreitol (DTT);AC=PRIDE:0000608	NT=Chloroacetamide (ClAA);AC=PRIDE:0000600	NT=Carbamidomethyl;AC=UNIMOD:4;TA=C;MT=Fixed	NT=Oxidation;AC=UNIMOD:35;TA=M;MT=Variable	NT=asymmetric track lossless time-of-flight analyzer;AC=MS:1003379	MOMI APEM	2024-10-09	380m/z-980m/z	150m/z-2000m/z	not available	not available	4
MOMI_QC_APEM_P169_F12	Homo sapiens	blood plasma	not applicable	1	pooled	not available	not available	not available	not available	pooled	20241009_OA2_Evo08_ViAl_SA_FAIMS40_IO26_A556_MOMI_APEM_P169_F12_R01	proteomic profiling by mass spectrometry	1	20241009_OA2_Evo08_ViAl_SA_FAIMS40_IO26_A556_MOMI_APEM_P169_F12_R01.raw	v1.1.0	NT=ms-proteomics;VV=v1.1.0	NT=human;VV=v1.1.0	NT=dia-acquisition;VV=v1.1.0	NT=sdrf-skills;VV=v0.2.0	Data-independent acquisition	NT=Orbitrap Astral;AC=MS:1003378	NT=Trypsin;AC=MS:1001251	NT=Lys-C;AC=MS:1001309	label free sample	1	NT=HCD;AC=MS:1000422	25% NCE	10 ppm	10 ppm	NT=Dithiothreitol (DTT);AC=PRIDE:0000608	NT=Chloroacetamide (ClAA);AC=PRIDE:0000600	NT=Carbamidomethyl;AC=UNIMOD:4;TA=C;MT=Fixed	NT=Oxidation;AC=UNIMOD:35;TA=M;MT=Variable	NT=asymmetric track lossless time-of-flight analyzer;AC=MS:1003379	MOMI APEM	2024-10-09	380m/z-980m/z	150m/z-2000m/z	not available	not available	4
MOMI_QC_APEM_P169_G12	Homo sapiens	blood plasma	not applicable	1	pooled	not available	not available	not available	not available	pooled	20241009_OA2_Evo08_ViAl_SA_FAIMS40_IO26_A556_MOMI_APEM_P169_G12_R01	proteomic profiling by mass spectrometry	1	20241009_OA2_Evo08_ViAl_SA_FAIMS40_IO26_A556_MOMI_APEM_P169_G12_R01.raw	v1.1.0	NT=ms-proteomics;VV=v1.1.0	NT=human;VV=v1.1.0	NT=dia-acquisition;VV=v1.1.0	NT=sdrf-skills;VV=v0.2.0	Data-independent acquisition	NT=Orbitrap Astral;AC=MS:1003378	NT=Trypsin;AC=MS:1001251	NT=Lys-C;AC=MS:1001309	label free sample	1	NT=HCD;AC=MS:1000422	25% NCE	10 ppm	10 ppm	NT=Dithiothreitol (DTT);AC=PRIDE:0000608	NT=Chloroacetamide (ClAA);AC=PRIDE:0000600	NT=Carbamidomethyl;AC=UNIMOD:4;TA=C;MT=Fixed	NT=Oxidation;AC=UNIMOD:35;TA=M;MT=Variable	NT=asymmetric track lossless time-of-flight analyzer;AC=MS:1003379	MOMI APEM	2024-10-09	380m/z-980m/z	150m/z-2000m/z	not available	not available	4
MOMI_QC_APEM_P169_H12	Homo sapiens	blood plasma	not applicable	1	pooled	not available	not available	not available	not available	pooled	20241009_OA2_Evo08_ViAl_SA_FAIMS40_IO26_A556_MOMI_APEM_P169_H12_R01	proteomic profiling by mass spectrometry	1	20241009_OA2_Evo08_ViAl_SA_FAIMS40_IO26_A556_MOMI_APEM_P169_H12_R01.raw	v1.1.0	NT=ms-proteomics;VV=v1.1.0	NT=human;VV=v1.1.0	NT=dia-acquisition;VV=v1.1.0	NT=sdrf-skills;VV=v0.2.0	Data-independent acquisition	NT=Orbitrap Astral;AC=MS:1003378	NT=Trypsin;AC=MS:1001251	NT=Lys-C;AC=MS:1001309	label free sample	1	NT=HCD;AC=MS:1000422	25% NCE	10 ppm	10 ppm	NT=Dithiothreitol (DTT);AC=PRIDE:0000608	NT=Chloroacetamide (ClAA);AC=PRIDE:0000600	NT=Carbamidomethyl;AC=UNIMOD:4;TA=C;MT=Fixed	NT=Oxidation;AC=UNIMOD:35;TA=M;MT=Variable	NT=asymmetric track lossless time-of-flight analyzer;AC=MS:1003379	MOMI APEM	2024-10-09	380m/z-980m/z	150m/z-2000m/z	not available	not available	4
MOMI_QC_APEM_P170_E12	Homo sapiens	blood plasma	not applicable	1	pooled	not available	not available	not available	not available	pooled	20241009_OA2_Evo08_ViAl_SA_FAIMS40_IO26_A556_MOMI_APEM_P170_E12_R01	proteomic profiling by mass spectrometry	1	20241009_OA2_Evo08_ViAl_SA_FAIMS40_IO26_A556_MOMI_APEM_P170_E12_R01.raw	v1.1.0	NT=ms-proteomics;VV=v1.1.0	NT=human;VV=v1.1.0	NT=dia-acquisition;VV=v1.1.0	NT=sdrf-skills;VV=v0.2.0	Data-independent acquisition	NT=Orbitrap Astral;AC=MS:1003378	NT=Trypsin;AC=MS:1001251	NT=Lys-C;AC=MS:1001309	label free sample	1	NT=HCD;AC=MS:1000422	25% NCE	10 ppm	10 ppm	NT=Dithiothreitol (DTT);AC=PRIDE:0000608	NT=Chloroacetamide (ClAA);AC=PRIDE:0000600	NT=Carbamidomethyl;AC=UNIMOD:4;TA=C;MT=Fixed	NT=Oxidation;AC=UNIMOD:35;TA=M;MT=Variable	NT=asymmetric track lossless time-of-flight analyzer;AC=MS:1003379	MOMI APEM	2024-10-09	380m/z-980m/z	150m/z-2000m/z	not available	not available	4
MOMI_QC_APEM_P170_F12	Homo sapiens	blood plasma	not applicable	1	pooled	not available	not available	not available	not available	pooled	20241009_OA2_Evo08_ViAl_SA_FAIMS40_IO26_A556_MOMI_APEM_P170_F12_R01	proteomic profiling by mass spectrometry	1	20241009_OA2_Evo08_ViAl_SA_FAIMS40_IO26_A556_MOMI_APEM_P170_F12_R01.raw	v1.1.0	NT=ms-proteomics;VV=v1.1.0	NT=human;VV=v1.1.0	NT=dia-acquisition;VV=v1.1.0	NT=sdrf-skills;VV=v0.2.0	Data-independent acquisition	NT=Orbitrap Astral;AC=MS:1003378	NT=Trypsin;AC=MS:1001251	NT=Lys-C;AC=MS:1001309	label free sample	1	NT=HCD;AC=MS:1000422	25% NCE	10 ppm	10 ppm	NT=Dithiothreitol (DTT);AC=PRIDE:0000608	NT=Chloroacetamide (ClAA);AC=PRIDE:0000600	NT=Carbamidomethyl;AC=UNIMOD:4;TA=C;MT=Fixed	NT=Oxidation;AC=UNIMOD:35;TA=M;MT=Variable	NT=asymmetric track lossless time-of-flight analyzer;AC=MS:1003379	MOMI APEM	2024-10-09	380m/z-980m/z	150m/z-2000m/z	not available	not available	4
MOMI_QC_APEM_P170_G12	Homo sapiens	blood plasma	not applicable	1	pooled	not available	not available	not available	not available	pooled	20241009_OA2_Evo08_ViAl_SA_FAIMS40_IO26_A556_MOMI_APEM_P170_G12_R01	proteomic profiling by mass spectrometry	1	20241009_OA2_Evo08_ViAl_SA_FAIMS40_IO26_A556_MOMI_APEM_P170_G12_R01.raw	v1.1.0	NT=ms-proteomics;VV=v1.1.0	NT=human;VV=v1.1.0	NT=dia-acquisition;VV=v1.1.0	NT=sdrf-skills;VV=v0.2.0	Data-independent acquisition	NT=Orbitrap Astral;AC=MS:1003378	NT=Trypsin;AC=MS:1001251	NT=Lys-C;AC=MS:1001309	label free sample	1	NT=HCD;AC=MS:1000422	25% NCE	10 ppm	10 ppm	NT=Dithiothreitol (DTT);AC=PRIDE:0000608	NT=Chloroacetamide (ClAA);AC=PRIDE:0000600	NT=Carbamidomethyl;AC=UNIMOD:4;TA=C;MT=Fixed	NT=Oxidation;AC=UNIMOD:35;TA=M;MT=Variable	NT=asymmetric track lossless time-of-flight analyzer;AC=MS:1003379	MOMI APEM	2024-10-09	380m/z-980m/z	150m/z-2000m/z	not available	not available	4
MOMI_QC_APEM_P170_H12	Homo sapiens	blood plasma	not applicable	1	pooled	not available	not available	not available	not available	pooled	20241009_OA2_Evo08_ViAl_SA_FAIMS40_IO26_A556_MOMI_APEM_P170_H12_R01	proteomic profiling by mass spectrometry	1	20241009_OA2_Evo08_ViAl_SA_FAIMS40_IO26_A556_MOMI_APEM_P170_H12_R01.raw	v1.1.0	NT=ms-proteomics;VV=v1.1.0	NT=human;VV=v1.1.0	NT=dia-acquisition;VV=v1.1.0	NT=sdrf-skills;VV=v0.2.0	Data-independent acquisition	NT=Orbitrap Astral;AC=MS:1003378	NT=Trypsin;AC=MS:1001251	NT=Lys-C;AC=MS:1001309	label free sample	1	NT=HCD;AC=MS:1000422	25% NCE	10 ppm	10 ppm	NT=Dithiothreitol (DTT);AC=PRIDE:0000608	NT=Chloroacetamide (ClAA);AC=PRIDE:0000600	NT=Carbamidomethyl;AC=UNIMOD:4;TA=C;MT=Fixed	NT=Oxidation;AC=UNIMOD:35;TA=M;MT=Variable	NT=asymmetric track lossless time-of-flight analyzer;AC=MS:1003379	MOMI APEM	2024-10-09	380m/z-980m/z	150m/z-2000m/z	not available	not available	4
MOMI_QC_APEM_P171_E12	Homo sapiens	blood plasma	not applicable	1	pooled	not available	not available	not available	not available	pooled	20241009_OA2_Evo08_ViAl_SA_FAIMS40_IO26_A556_MOMI_APEM_P171_E12_R01	proteomic profiling by mass spectrometry	1	20241009_OA2_Evo08_ViAl_SA_FAIMS40_IO26_A556_MOMI_APEM_P171_E12_R01.raw	v1.1.0	NT=ms-proteomics;VV=v1.1.0	NT=human;VV=v1.1.0	NT=dia-acquisition;VV=v1.1.0	NT=sdrf-skills;VV=v0.2.0	Data-independent acquisition	NT=Orbitrap Astral;AC=MS:1003378	NT=Trypsin;AC=MS:1001251	NT=Lys-C;AC=MS:1001309	label free sample	1	NT=HCD;AC=MS:1000422	25% NCE	10 ppm	10 ppm	NT=Dithiothreitol (DTT);AC=PRIDE:0000608	NT=Chloroacetamide (ClAA);AC=PRIDE:0000600	NT=Carbamidomethyl;AC=UNIMOD:4;TA=C;MT=Fixed	NT=Oxidation;AC=UNIMOD:35;TA=M;MT=Variable	NT=asymmetric track lossless time-of-flight analyzer;AC=MS:1003379	MOMI APEM	2024-10-09	380m/z-980m/z	150m/z-2000m/z	not available	not available	4
MOMI_QC_APEM_P171_F12	Homo sapiens	blood plasma	not applicable	1	pooled	not available	not available	not available	not available	pooled	20241009_OA2_Evo08_ViAl_SA_FAIMS40_IO26_A556_MOMI_APEM_P171_F12_R01	proteomic profiling by mass spectrometry	1	20241009_OA2_Evo08_ViAl_SA_FAIMS40_IO26_A556_MOMI_APEM_P171_F12_R01.raw	v1.1.0	NT=ms-proteomics;VV=v1.1.0	NT=human;VV=v1.1.0	NT=dia-acquisition;VV=v1.1.0	NT=sdrf-skills;VV=v0.2.0	Data-independent acquisition	NT=Orbitrap Astral;AC=MS:1003378	NT=Trypsin;AC=MS:1001251	NT=Lys-C;AC=MS:1001309	label free sample	1	NT=HCD;AC=MS:1000422	25% NCE	10 ppm	10 ppm	NT=Dithiothreitol (DTT);AC=PRIDE:0000608	NT=Chloroacetamide (ClAA);AC=PRIDE:0000600	NT=Carbamidomethyl;AC=UNIMOD:4;TA=C;MT=Fixed	NT=Oxidation;AC=UNIMOD:35;TA=M;MT=Variable	NT=asymmetric track lossless time-of-flight analyzer;AC=MS:1003379	MOMI APEM	2024-10-09	380m/z-980m/z	150m/z-2000m/z	not available	not available	4
MOMI_QC_APEM_P171_G12	Homo sapiens	blood plasma	not applicable	1	pooled	not available	not available	not available	not available	pooled	20241009_OA2_Evo08_ViAl_SA_FAIMS40_IO26_A556_MOMI_APEM_P171_G12_R01	proteomic profiling by mass spectrometry	1	20241009_OA2_Evo08_ViAl_SA_FAIMS40_IO26_A556_MOMI_APEM_P171_G12_R01.raw	v1.1.0	NT=ms-proteomics;VV=v1.1.0	NT=human;VV=v1.1.0	NT=dia-acquisition;VV=v1.1.0	NT=sdrf-skills;VV=v0.2.0	Data-independent acquisition	NT=Orbitrap Astral;AC=MS:1003378	NT=Trypsin;AC=MS:1001251	NT=Lys-C;AC=MS:1001309	label free sample	1	NT=HCD;AC=MS:1000422	25% NCE	10 ppm	10 ppm	NT=Dithiothreitol (DTT);AC=PRIDE:0000608	NT=Chloroacetamide (ClAA);AC=PRIDE:0000600	NT=Carbamidomethyl;AC=UNIMOD:4;TA=C;MT=Fixed	NT=Oxidation;AC=UNIMOD:35;TA=M;MT=Variable	NT=asymmetric track lossless time-of-flight analyzer;AC=MS:1003379	MOMI APEM	2024-10-09	380m/z-980m/z	150m/z-2000m/z	not available	not available	4
MOMI_QC_APEM_P171_H12	Homo sapiens	blood plasma	not applicable	1	pooled	not available	not available	not available	not available	pooled	20241009_OA2_Evo08_ViAl_SA_FAIMS40_IO26_A556_MOMI_APEM_P171_H12_R01	proteomic profiling by mass spectrometry	1	20241009_OA2_Evo08_ViAl_SA_FAIMS40_IO26_A556_MOMI_APEM_P171_H12_R01.raw	v1.1.0	NT=ms-proteomics;VV=v1.1.0	NT=human;VV=v1.1.0	NT=dia-acquisition;VV=v1.1.0	NT=sdrf-skills;VV=v0.2.0	Data-independent acquisition	NT=Orbitrap Astral;AC=MS:1003378	NT=Trypsin;AC=MS:1001251	NT=Lys-C;AC=MS:1001309	label free sample	1	NT=HCD;AC=MS:1000422	25% NCE	10 ppm	10 ppm	NT=Dithiothreitol (DTT);AC=PRIDE:0000608	NT=Chloroacetamide (ClAA);AC=PRIDE:0000600	NT=Carbamidomethyl;AC=UNIMOD:4;TA=C;MT=Fixed	NT=Oxidation;AC=UNIMOD:35;TA=M;MT=Variable	NT=asymmetric track lossless time-of-flight analyzer;AC=MS:1003379	MOMI APEM	2024-10-09	380m/z-980m/z	150m/z-2000m/z	not available	not available	4
MOMI_QC_APEM_P172_E12	Homo sapiens	blood plasma	not applicable	1	pooled	not available	not available	not available	not available	pooled	20241009_OA2_Evo08_ViAl_SA_FAIMS40_IO26_A556_MOMI_APEM_P172_E12_R01	proteomic profiling by mass spectrometry	1	20241009_OA2_Evo08_ViAl_SA_FAIMS40_IO26_A556_MOMI_APEM_P172_E12_R01.raw	v1.1.0	NT=ms-proteomics;VV=v1.1.0	NT=human;VV=v1.1.0	NT=dia-acquisition;VV=v1.1.0	NT=sdrf-skills;VV=v0.2.0	Data-independent acquisition	NT=Orbitrap Astral;AC=MS:1003378	NT=Trypsin;AC=MS:1001251	NT=Lys-C;AC=MS:1001309	label free sample	1	NT=HCD;AC=MS:1000422	25% NCE	10 ppm	10 ppm	NT=Dithiothreitol (DTT);AC=PRIDE:0000608	NT=Chloroacetamide (ClAA);AC=PRIDE:0000600	NT=Carbamidomethyl;AC=UNIMOD:4;TA=C;MT=Fixed	NT=Oxidation;AC=UNIMOD:35;TA=M;MT=Variable	NT=asymmetric track lossless time-of-flight analyzer;AC=MS:1003379	MOMI APEM	2024-10-09	380m/z-980m/z	150m/z-2000m/z	not available	not available	4
MOMI_QC_APEM_P172_F12	Homo sapiens	blood plasma	not applicable	1	pooled	not available	not available	not available	not available	pooled	20241009_OA2_Evo08_ViAl_SA_FAIMS40_IO26_A556_MOMI_APEM_P172_F12_R01	proteomic profiling by mass spectrometry	1	20241009_OA2_Evo08_ViAl_SA_FAIMS40_IO26_A556_MOMI_APEM_P172_F12_R01.raw	v1.1.0	NT=ms-proteomics;VV=v1.1.0	NT=human;VV=v1.1.0	NT=dia-acquisition;VV=v1.1.0	NT=sdrf-skills;VV=v0.2.0	Data-independent acquisition	NT=Orbitrap Astral;AC=MS:1003378	NT=Trypsin;AC=MS:1001251	NT=Lys-C;AC=MS:1001309	label free sample	1	NT=HCD;AC=MS:1000422	25% NCE	10 ppm	10 ppm	NT=Dithiothreitol (DTT);AC=PRIDE:0000608	NT=Chloroacetamide (ClAA);AC=PRIDE:0000600	NT=Carbamidomethyl;AC=UNIMOD:4;TA=C;MT=Fixed	NT=Oxidation;AC=UNIMOD:35;TA=M;MT=Variable	NT=asymmetric track lossless time-of-flight analyzer;AC=MS:1003379	MOMI APEM	2024-10-09	380m/z-980m/z	150m/z-2000m/z	not available	not available	4
MOMI_QC_APEM_P172_G12	Homo sapiens	blood plasma	not applicable	1	pooled	not available	not available	not available	not available	pooled	20241009_OA2_Evo08_ViAl_SA_FAIMS40_IO26_A556_MOMI_APEM_P172_G12_R01	proteomic profiling by mass spectrometry	1	20241009_OA2_Evo08_ViAl_SA_FAIMS40_IO26_A556_MOMI_APEM_P172_G12_R01.raw	v1.1.0	NT=ms-proteomics;VV=v1.1.0	NT=human;VV=v1.1.0	NT=dia-acquisition;VV=v1.1.0	NT=sdrf-skills;VV=v0.2.0	Data-independent acquisition	NT=Orbitrap Astral;AC=MS:1003378	NT=Trypsin;AC=MS:1001251	NT=Lys-C;AC=MS:1001309	label free sample	1	NT=HCD;AC=MS:1000422	25% NCE	10 ppm	10 ppm	NT=Dithiothreitol (DTT);AC=PRIDE:0000608	NT=Chloroacetamide (ClAA);AC=PRIDE:0000600	NT=Carbamidomethyl;AC=UNIMOD:4;TA=C;MT=Fixed	NT=Oxidation;AC=UNIMOD:35;TA=M;MT=Variable	NT=asymmetric track lossless time-of-flight analyzer;AC=MS:1003379	MOMI APEM	2024-10-09	380m/z-980m/z	150m/z-2000m/z	not available	not available	4
MOMI_QC_APEM_P172_H12	Homo sapiens	blood plasma	not applicable	1	pooled	not available	not available	not available	not available	pooled	20241009_OA2_Evo08_ViAl_SA_FAIMS40_IO26_A556_MOMI_APEM_P172_H12_R01	proteomic profiling by mass spectrometry	1	20241009_OA2_Evo08_ViAl_SA_FAIMS40_IO26_A556_MOMI_APEM_P172_H12_R01.raw	v1.1.0	NT=ms-proteomics;VV=v1.1.0	NT=human;VV=v1.1.0	NT=dia-acquisition;VV=v1.1.0	NT=sdrf-skills;VV=v0.2.0	Data-independent acquisition	NT=Orbitrap Astral;AC=MS:1003378	NT=Trypsin;AC=MS:1001251	NT=Lys-C;AC=MS:1001309	label free sample	1	NT=HCD;AC=MS:1000422	25% NCE	10 ppm	10 ppm	NT=Dithiothreitol (DTT);AC=PRIDE:0000608	NT=Chloroacetamide (ClAA);AC=PRIDE:0000600	NT=Carbamidomethyl;AC=UNIMOD:4;TA=C;MT=Fixed	NT=Oxidation;AC=UNIMOD:35;TA=M;MT=Variable	NT=asymmetric track lossless time-of-flight analyzer;AC=MS:1003379	MOMI APEM	2024-10-09	380m/z-980m/z	150m/z-2000m/z	not available	not available	4
MOMI_QC_APEM_P173_E12	Homo sapiens	blood plasma	not applicable	1	pooled	not available	not available	not available	not available	pooled	20241016_OA2_Evo08_ViAl_SA_FAIMS40_IO26_A556_MOMI_APEM_P173_E12_R01	proteomic profiling by mass spectrometry	1	20241016_OA2_Evo08_ViAl_SA_FAIMS40_IO26_A556_MOMI_APEM_P173_E12_R01.raw	v1.1.0	NT=ms-proteomics;VV=v1.1.0	NT=human;VV=v1.1.0	NT=dia-acquisition;VV=v1.1.0	NT=sdrf-skills;VV=v0.2.0	Data-independent acquisition	NT=Orbitrap Astral;AC=MS:1003378	NT=Trypsin;AC=MS:1001251	NT=Lys-C;AC=MS:1001309	label free sample	1	NT=HCD;AC=MS:1000422	25% NCE	10 ppm	10 ppm	NT=Dithiothreitol (DTT);AC=PRIDE:0000608	NT=Chloroacetamide (ClAA);AC=PRIDE:0000600	NT=Carbamidomethyl;AC=UNIMOD:4;TA=C;MT=Fixed	NT=Oxidation;AC=UNIMOD:35;TA=M;MT=Variable	NT=asymmetric track lossless time-of-flight analyzer;AC=MS:1003379	MOMI APEM	2024-10-16	380m/z-980m/z	150m/z-2000m/z	not available	not available	4
MOMI_QC_APEM_P173_F12	Homo sapiens	blood plasma	not applicable	1	pooled	not available	not available	not available	not available	pooled	20241016_OA2_Evo08_ViAl_SA_FAIMS40_IO26_A556_MOMI_APEM_P173_F12_R01	proteomic profiling by mass spectrometry	1	20241016_OA2_Evo08_ViAl_SA_FAIMS40_IO26_A556_MOMI_APEM_P173_F12_R01.raw	v1.1.0	NT=ms-proteomics;VV=v1.1.0	NT=human;VV=v1.1.0	NT=dia-acquisition;VV=v1.1.0	NT=sdrf-skills;VV=v0.2.0	Data-independent acquisition	NT=Orbitrap Astral;AC=MS:1003378	NT=Trypsin;AC=MS:1001251	NT=Lys-C;AC=MS:1001309	label free sample	1	NT=HCD;AC=MS:1000422	25% NCE	10 ppm	10 ppm	NT=Dithiothreitol (DTT);AC=PRIDE:0000608	NT=Chloroacetamide (ClAA);AC=PRIDE:0000600	NT=Carbamidomethyl;AC=UNIMOD:4;TA=C;MT=Fixed	NT=Oxidation;AC=UNIMOD:35;TA=M;MT=Variable	NT=asymmetric track lossless time-of-flight analyzer;AC=MS:1003379	MOMI APEM	2024-10-16	380m/z-980m/z	150m/z-2000m/z	not available	not available	4
MOMI_QC_APEM_P173_G12	Homo sapiens	blood plasma	not applicable	1	pooled	not available	not available	not available	not available	pooled	20241016_OA2_Evo08_ViAl_SA_FAIMS40_IO26_A556_MOMI_APEM_P173_G12_R01	proteomic profiling by mass spectrometry	1	20241016_OA2_Evo08_ViAl_SA_FAIMS40_IO26_A556_MOMI_APEM_P173_G12_R01.raw	v1.1.0	NT=ms-proteomics;VV=v1.1.0	NT=human;VV=v1.1.0	NT=dia-acquisition;VV=v1.1.0	NT=sdrf-skills;VV=v0.2.0	Data-independent acquisition	NT=Orbitrap Astral;AC=MS:1003378	NT=Trypsin;AC=MS:1001251	NT=Lys-C;AC=MS:1001309	label free sample	1	NT=HCD;AC=MS:1000422	25% NCE	10 ppm	10 ppm	NT=Dithiothreitol (DTT);AC=PRIDE:0000608	NT=Chloroacetamide (ClAA);AC=PRIDE:0000600	NT=Carbamidomethyl;AC=UNIMOD:4;TA=C;MT=Fixed	NT=Oxidation;AC=UNIMOD:35;TA=M;MT=Variable	NT=asymmetric track lossless time-of-flight analyzer;AC=MS:1003379	MOMI APEM	2024-10-16	380m/z-980m/z	150m/z-2000m/z	not available	not available	4
MOMI_QC_APEM_P173_H12	Homo sapiens	blood plasma	not applicable	1	pooled	not available	not available	not available	not available	pooled	20241016_OA2_Evo08_ViAl_SA_FAIMS40_IO26_A556_MOMI_APEM_P173_H12_R01	proteomic profiling by mass spectrometry	1	20241016_OA2_Evo08_ViAl_SA_FAIMS40_IO26_A556_MOMI_APEM_P173_H12_R01.raw	v1.1.0	NT=ms-proteomics;VV=v1.1.0	NT=human;VV=v1.1.0	NT=dia-acquisition;VV=v1.1.0	NT=sdrf-skills;VV=v0.2.0	Data-independent acquisition	NT=Orbitrap Astral;AC=MS:1003378	NT=Trypsin;AC=MS:1001251	NT=Lys-C;AC=MS:1001309	label free sample	1	NT=HCD;AC=MS:1000422	25% NCE	10 ppm	10 ppm	NT=Dithiothreitol (DTT);AC=PRIDE:0000608	NT=Chloroacetamide (ClAA);AC=PRIDE:0000600	NT=Carbamidomethyl;AC=UNIMOD:4;TA=C;MT=Fixed	NT=Oxidation;AC=UNIMOD:35;TA=M;MT=Variable	NT=asymmetric track lossless time-of-flight analyzer;AC=MS:1003379	MOMI APEM	2024-10-16	380m/z-980m/z	150m/z-2000m/z	not available	not available	4
MOMI_QC_APEM_P174_E12	Homo sapiens	blood plasma	not applicable	1	pooled	not available	not available	not available	not available	pooled	20241016_OA2_Evo08_ViAl_SA_FAIMS40_IO26_A556_MOMI_APEM_P174_E12_R01	proteomic profiling by mass spectrometry	1	20241016_OA2_Evo08_ViAl_SA_FAIMS40_IO26_A556_MOMI_APEM_P174_E12_R01.raw	v1.1.0	NT=ms-proteomics;VV=v1.1.0	NT=human;VV=v1.1.0	NT=dia-acquisition;VV=v1.1.0	NT=sdrf-skills;VV=v0.2.0	Data-independent acquisition	NT=Orbitrap Astral;AC=MS:1003378	NT=Trypsin;AC=MS:1001251	NT=Lys-C;AC=MS:1001309	label free sample	1	NT=HCD;AC=MS:1000422	25% NCE	10 ppm	10 ppm	NT=Dithiothreitol (DTT);AC=PRIDE:0000608	NT=Chloroacetamide (ClAA);AC=PRIDE:0000600	NT=Carbamidomethyl;AC=UNIMOD:4;TA=C;MT=Fixed	NT=Oxidation;AC=UNIMOD:35;TA=M;MT=Variable	NT=asymmetric track lossless time-of-flight analyzer;AC=MS:1003379	MOMI APEM	2024-10-16	380m/z-980m/z	150m/z-2000m/z	not available	not available	4
MOMI_QC_APEM_P174_F12	Homo sapiens	blood plasma	not applicable	1	pooled	not available	not available	not available	not available	pooled	20241016_OA2_Evo08_ViAl_SA_FAIMS40_IO26_A556_MOMI_APEM_P174_F12_R01	proteomic profiling by mass spectrometry	1	20241016_OA2_Evo08_ViAl_SA_FAIMS40_IO26_A556_MOMI_APEM_P174_F12_R01.raw	v1.1.0	NT=ms-proteomics;VV=v1.1.0	NT=human;VV=v1.1.0	NT=dia-acquisition;VV=v1.1.0	NT=sdrf-skills;VV=v0.2.0	Data-independent acquisition	NT=Orbitrap Astral;AC=MS:1003378	NT=Trypsin;AC=MS:1001251	NT=Lys-C;AC=MS:1001309	label free sample	1	NT=HCD;AC=MS:1000422	25% NCE	10 ppm	10 ppm	NT=Dithiothreitol (DTT);AC=PRIDE:0000608	NT=Chloroacetamide (ClAA);AC=PRIDE:0000600	NT=Carbamidomethyl;AC=UNIMOD:4;TA=C;MT=Fixed	NT=Oxidation;AC=UNIMOD:35;TA=M;MT=Variable	NT=asymmetric track lossless time-of-flight analyzer;AC=MS:1003379	MOMI APEM	2024-10-16	380m/z-980m/z	150m/z-2000m/z	not available	not available	4
MOMI_QC_APEM_P174_G12	Homo sapiens	blood plasma	not applicable	1	pooled	not available	not available	not available	not available	pooled	20241016_OA2_Evo08_ViAl_SA_FAIMS40_IO26_A556_MOMI_APEM_P174_G12_R01	proteomic profiling by mass spectrometry	1	20241016_OA2_Evo08_ViAl_SA_FAIMS40_IO26_A556_MOMI_APEM_P174_G12_R01.raw	v1.1.0	NT=ms-proteomics;VV=v1.1.0	NT=human;VV=v1.1.0	NT=dia-acquisition;VV=v1.1.0	NT=sdrf-skills;VV=v0.2.0	Data-independent acquisition	NT=Orbitrap Astral;AC=MS:1003378	NT=Trypsin;AC=MS:1001251	NT=Lys-C;AC=MS:1001309	label free sample	1	NT=HCD;AC=MS:1000422	25% NCE	10 ppm	10 ppm	NT=Dithiothreitol (DTT);AC=PRIDE:0000608	NT=Chloroacetamide (ClAA);AC=PRIDE:0000600	NT=Carbamidomethyl;AC=UNIMOD:4;TA=C;MT=Fixed	NT=Oxidation;AC=UNIMOD:35;TA=M;MT=Variable	NT=asymmetric track lossless time-of-flight analyzer;AC=MS:1003379	MOMI APEM	2024-10-16	380m/z-980m/z	150m/z-2000m/z	not available	not available	4
MOMI_QC_APEM_P174_H12	Homo sapiens	blood plasma	not applicable	1	pooled	not available	not available	not available	not available	pooled	20241016_OA2_Evo08_ViAl_SA_FAIMS40_IO26_A556_MOMI_APEM_P174_H12_R01	proteomic profiling by mass spectrometry	1	20241016_OA2_Evo08_ViAl_SA_FAIMS40_IO26_A556_MOMI_APEM_P174_H12_R01.raw	v1.1.0	NT=ms-proteomics;VV=v1.1.0	NT=human;VV=v1.1.0	NT=dia-acquisition;VV=v1.1.0	NT=sdrf-skills;VV=v0.2.0	Data-independent acquisition	NT=Orbitrap Astral;AC=MS:1003378	NT=Trypsin;AC=MS:1001251	NT=Lys-C;AC=MS:1001309	label free sample	1	NT=HCD;AC=MS:1000422	25% NCE	10 ppm	10 ppm	NT=Dithiothreitol (DTT);AC=PRIDE:0000608	NT=Chloroacetamide (ClAA);AC=PRIDE:0000600	NT=Carbamidomethyl;AC=UNIMOD:4;TA=C;MT=Fixed	NT=Oxidation;AC=UNIMOD:35;TA=M;MT=Variable	NT=asymmetric track lossless time-of-flight analyzer;AC=MS:1003379	MOMI APEM	2024-10-16	380m/z-980m/z	150m/z-2000m/z	not available	not available	4
MOMI_QC_APEM_P175_E12	Homo sapiens	blood plasma	not applicable	1	pooled	not available	not available	not available	not available	pooled	20241016_OA2_Evo08_ViAl_SA_FAIMS40_IO26_A556_MOMI_APEM_P175_E12_R01	proteomic profiling by mass spectrometry	1	20241016_OA2_Evo08_ViAl_SA_FAIMS40_IO26_A556_MOMI_APEM_P175_E12_R01.raw	v1.1.0	NT=ms-proteomics;VV=v1.1.0	NT=human;VV=v1.1.0	NT=dia-acquisition;VV=v1.1.0	NT=sdrf-skills;VV=v0.2.0	Data-independent acquisition	NT=Orbitrap Astral;AC=MS:1003378	NT=Trypsin;AC=MS:1001251	NT=Lys-C;AC=MS:1001309	label free sample	1	NT=HCD;AC=MS:1000422	25% NCE	10 ppm	10 ppm	NT=Dithiothreitol (DTT);AC=PRIDE:0000608	NT=Chloroacetamide (ClAA);AC=PRIDE:0000600	NT=Carbamidomethyl;AC=UNIMOD:4;TA=C;MT=Fixed	NT=Oxidation;AC=UNIMOD:35;TA=M;MT=Variable	NT=asymmetric track lossless time-of-flight analyzer;AC=MS:1003379	MOMI APEM	2024-10-16	380m/z-980m/z	150m/z-2000m/z	not available	not available	4
MOMI_QC_APEM_P175_F12	Homo sapiens	blood plasma	not applicable	1	pooled	not available	not available	not available	not available	pooled	20241016_OA2_Evo08_ViAl_SA_FAIMS40_IO26_A556_MOMI_APEM_P175_F12_R01	proteomic profiling by mass spectrometry	1	20241016_OA2_Evo08_ViAl_SA_FAIMS40_IO26_A556_MOMI_APEM_P175_F12_R01.raw	v1.1.0	NT=ms-proteomics;VV=v1.1.0	NT=human;VV=v1.1.0	NT=dia-acquisition;VV=v1.1.0	NT=sdrf-skills;VV=v0.2.0	Data-independent acquisition	NT=Orbitrap Astral;AC=MS:1003378	NT=Trypsin;AC=MS:1001251	NT=Lys-C;AC=MS:1001309	label free sample	1	NT=HCD;AC=MS:1000422	25% NCE	10 ppm	10 ppm	NT=Dithiothreitol (DTT);AC=PRIDE:0000608	NT=Chloroacetamide (ClAA);AC=PRIDE:0000600	NT=Carbamidomethyl;AC=UNIMOD:4;TA=C;MT=Fixed	NT=Oxidation;AC=UNIMOD:35;TA=M;MT=Variable	NT=asymmetric track lossless time-of-flight analyzer;AC=MS:1003379	MOMI APEM	2024-10-16	380m/z-980m/z	150m/z-2000m/z	not available	not available	4
MOMI_QC_APEM_P175_G12	Homo sapiens	blood plasma	not applicable	1	pooled	not available	not available	not available	not available	pooled	20241016_OA2_Evo08_ViAl_SA_FAIMS40_IO26_A556_MOMI_APEM_P175_G12_R01	proteomic profiling by mass spectrometry	1	20241016_OA2_Evo08_ViAl_SA_FAIMS40_IO26_A556_MOMI_APEM_P175_G12_R01.raw	v1.1.0	NT=ms-proteomics;VV=v1.1.0	NT=human;VV=v1.1.0	NT=dia-acquisition;VV=v1.1.0	NT=sdrf-skills;VV=v0.2.0	Data-independent acquisition	NT=Orbitrap Astral;AC=MS:1003378	NT=Trypsin;AC=MS:1001251	NT=Lys-C;AC=MS:1001309	label free sample	1	NT=HCD;AC=MS:1000422	25% NCE	10 ppm	10 ppm	NT=Dithiothreitol (DTT);AC=PRIDE:0000608	NT=Chloroacetamide (ClAA);AC=PRIDE:0000600	NT=Carbamidomethyl;AC=UNIMOD:4;TA=C;MT=Fixed	NT=Oxidation;AC=UNIMOD:35;TA=M;MT=Variable	NT=asymmetric track lossless time-of-flight analyzer;AC=MS:1003379	MOMI APEM	2024-10-16	380m/z-980m/z	150m/z-2000m/z	not available	not available	4
MOMI_QC_APEM_P175_H12	Homo sapiens	blood plasma	not applicable	1	pooled	not available	not available	not available	not available	pooled	20241016_OA2_Evo08_ViAl_SA_FAIMS40_IO26_A556_MOMI_APEM_P175_H12_R01	proteomic profiling by mass spectrometry	1	20241016_OA2_Evo08_ViAl_SA_FAIMS40_IO26_A556_MOMI_APEM_P175_H12_R01.raw	v1.1.0	NT=ms-proteomics;VV=v1.1.0	NT=human;VV=v1.1.0	NT=dia-acquisition;VV=v1.1.0	NT=sdrf-skills;VV=v0.2.0	Data-independent acquisition	NT=Orbitrap Astral;AC=MS:1003378	NT=Trypsin;AC=MS:1001251	NT=Lys-C;AC=MS:1001309	label free sample	1	NT=HCD;AC=MS:1000422	25% NCE	10 ppm	10 ppm	NT=Dithiothreitol (DTT);AC=PRIDE:0000608	NT=Chloroacetamide (ClAA);AC=PRIDE:0000600	NT=Carbamidomethyl;AC=UNIMOD:4;TA=C;MT=Fixed	NT=Oxidation;AC=UNIMOD:35;TA=M;MT=Variable	NT=asymmetric track lossless time-of-flight analyzer;AC=MS:1003379	MOMI APEM	2024-10-16	380m/z-980m/z	150m/z-2000m/z	not available	not available	4
MOMI_QC_APEM_P176_E12	Homo sapiens	blood plasma	not applicable	1	pooled	not available	not available	not available	not available	pooled	20241016_OA2_Evo08_ViAl_SA_FAIMS40_IO26_A556_MOMI_APEM_P176_E12_R01	proteomic profiling by mass spectrometry	1	20241016_OA2_Evo08_ViAl_SA_FAIMS40_IO26_A556_MOMI_APEM_P176_E12_R01.raw	v1.1.0	NT=ms-proteomics;VV=v1.1.0	NT=human;VV=v1.1.0	NT=dia-acquisition;VV=v1.1.0	NT=sdrf-skills;VV=v0.2.0	Data-independent acquisition	NT=Orbitrap Astral;AC=MS:1003378	NT=Trypsin;AC=MS:1001251	NT=Lys-C;AC=MS:1001309	label free sample	1	NT=HCD;AC=MS:1000422	25% NCE	10 ppm	10 ppm	NT=Dithiothreitol (DTT);AC=PRIDE:0000608	NT=Chloroacetamide (ClAA);AC=PRIDE:0000600	NT=Carbamidomethyl;AC=UNIMOD:4;TA=C;MT=Fixed	NT=Oxidation;AC=UNIMOD:35;TA=M;MT=Variable	NT=asymmetric track lossless time-of-flight analyzer;AC=MS:1003379	MOMI APEM	2024-10-16	380m/z-980m/z	150m/z-2000m/z	not available	not available	4
MOMI_QC_APEM_P176_F12	Homo sapiens	blood plasma	not applicable	1	pooled	not available	not available	not available	not available	pooled	20241016_OA2_Evo08_ViAl_SA_FAIMS40_IO26_A556_MOMI_APEM_P176_F12_R01	proteomic profiling by mass spectrometry	1	20241016_OA2_Evo08_ViAl_SA_FAIMS40_IO26_A556_MOMI_APEM_P176_F12_R01.raw	v1.1.0	NT=ms-proteomics;VV=v1.1.0	NT=human;VV=v1.1.0	NT=dia-acquisition;VV=v1.1.0	NT=sdrf-skills;VV=v0.2.0	Data-independent acquisition	NT=Orbitrap Astral;AC=MS:1003378	NT=Trypsin;AC=MS:1001251	NT=Lys-C;AC=MS:1001309	label free sample	1	NT=HCD;AC=MS:1000422	25% NCE	10 ppm	10 ppm	NT=Dithiothreitol (DTT);AC=PRIDE:0000608	NT=Chloroacetamide (ClAA);AC=PRIDE:0000600	NT=Carbamidomethyl;AC=UNIMOD:4;TA=C;MT=Fixed	NT=Oxidation;AC=UNIMOD:35;TA=M;MT=Variable	NT=asymmetric track lossless time-of-flight analyzer;AC=MS:1003379	MOMI APEM	2024-10-16	380m/z-980m/z	150m/z-2000m/z	not available	not available	4
MOMI_QC_APEM_P176_G12	Homo sapiens	blood plasma	not applicable	1	pooled	not available	not available	not available	not available	pooled	20241016_OA2_Evo08_ViAl_SA_FAIMS40_IO26_A556_MOMI_APEM_P176_G12_R01	proteomic profiling by mass spectrometry	1	20241016_OA2_Evo08_ViAl_SA_FAIMS40_IO26_A556_MOMI_APEM_P176_G12_R01.raw	v1.1.0	NT=ms-proteomics;VV=v1.1.0	NT=human;VV=v1.1.0	NT=dia-acquisition;VV=v1.1.0	NT=sdrf-skills;VV=v0.2.0	Data-independent acquisition	NT=Orbitrap Astral;AC=MS:1003378	NT=Trypsin;AC=MS:1001251	NT=Lys-C;AC=MS:1001309	label free sample	1	NT=HCD;AC=MS:1000422	25% NCE	10 ppm	10 ppm	NT=Dithiothreitol (DTT);AC=PRIDE:0000608	NT=Chloroacetamide (ClAA);AC=PRIDE:0000600	NT=Carbamidomethyl;AC=UNIMOD:4;TA=C;MT=Fixed	NT=Oxidation;AC=UNIMOD:35;TA=M;MT=Variable	NT=asymmetric track lossless time-of-flight analyzer;AC=MS:1003379	MOMI APEM	2024-10-16	380m/z-980m/z	150m/z-2000m/z	not available	not available	4
MOMI_QC_APEM_P176_H12	Homo sapiens	blood plasma	not applicable	1	pooled	not available	not available	not available	not available	pooled	20241016_OA2_Evo08_ViAl_SA_FAIMS40_IO26_A556_MOMI_APEM_P176_H12_R01	proteomic profiling by mass spectrometry	1	20241016_OA2_Evo08_ViAl_SA_FAIMS40_IO26_A556_MOMI_APEM_P176_H12_R01.raw	v1.1.0	NT=ms-proteomics;VV=v1.1.0	NT=human;VV=v1.1.0	NT=dia-acquisition;VV=v1.1.0	NT=sdrf-skills;VV=v0.2.0	Data-independent acquisition	NT=Orbitrap Astral;AC=MS:1003378	NT=Trypsin;AC=MS:1001251	NT=Lys-C;AC=MS:1001309	label free sample	1	NT=HCD;AC=MS:1000422	25% NCE	10 ppm	10 ppm	NT=Dithiothreitol (DTT);AC=PRIDE:0000608	NT=Chloroacetamide (ClAA);AC=PRIDE:0000600	NT=Carbamidomethyl;AC=UNIMOD:4;TA=C;MT=Fixed	NT=Oxidation;AC=UNIMOD:35;TA=M;MT=Variable	NT=asymmetric track lossless time-of-flight analyzer;AC=MS:1003379	MOMI APEM	2024-10-16	380m/z-980m/z	150m/z-2000m/z	not available	not available	4
MOMI_QC_APEM_P177_E12	Homo sapiens	blood plasma	not applicable	1	pooled	not available	not available	not available	not available	pooled	20241016_OA2_Evo08_ViAl_SA_FAIMS40_IO26_A556_MOMI_APEM_P177_E12_R01	proteomic profiling by mass spectrometry	1	20241016_OA2_Evo08_ViAl_SA_FAIMS40_IO26_A556_MOMI_APEM_P177_E12_R01.raw	v1.1.0	NT=ms-proteomics;VV=v1.1.0	NT=human;VV=v1.1.0	NT=dia-acquisition;VV=v1.1.0	NT=sdrf-skills;VV=v0.2.0	Data-independent acquisition	NT=Orbitrap Astral;AC=MS:1003378	NT=Trypsin;AC=MS:1001251	NT=Lys-C;AC=MS:1001309	label free sample	1	NT=HCD;AC=MS:1000422	25% NCE	10 ppm	10 ppm	NT=Dithiothreitol (DTT);AC=PRIDE:0000608	NT=Chloroacetamide (ClAA);AC=PRIDE:0000600	NT=Carbamidomethyl;AC=UNIMOD:4;TA=C;MT=Fixed	NT=Oxidation;AC=UNIMOD:35;TA=M;MT=Variable	NT=asymmetric track lossless time-of-flight analyzer;AC=MS:1003379	MOMI APEM	2024-10-16	380m/z-980m/z	150m/z-2000m/z	not available	not available	4
MOMI_QC_APEM_P177_F12	Homo sapiens	blood plasma	not applicable	1	pooled	not available	not available	not available	not available	pooled	20241016_OA2_Evo08_ViAl_SA_FAIMS40_IO26_A556_MOMI_APEM_P177_F12_R01	proteomic profiling by mass spectrometry	1	20241016_OA2_Evo08_ViAl_SA_FAIMS40_IO26_A556_MOMI_APEM_P177_F12_R01.raw	v1.1.0	NT=ms-proteomics;VV=v1.1.0	NT=human;VV=v1.1.0	NT=dia-acquisition;VV=v1.1.0	NT=sdrf-skills;VV=v0.2.0	Data-independent acquisition	NT=Orbitrap Astral;AC=MS:1003378	NT=Trypsin;AC=MS:1001251	NT=Lys-C;AC=MS:1001309	label free sample	1	NT=HCD;AC=MS:1000422	25% NCE	10 ppm	10 ppm	NT=Dithiothreitol (DTT);AC=PRIDE:0000608	NT=Chloroacetamide (ClAA);AC=PRIDE:0000600	NT=Carbamidomethyl;AC=UNIMOD:4;TA=C;MT=Fixed	NT=Oxidation;AC=UNIMOD:35;TA=M;MT=Variable	NT=asymmetric track lossless time-of-flight analyzer;AC=MS:1003379	MOMI APEM	2024-10-16	380m/z-980m/z	150m/z-2000m/z	not available	not available	4
MOMI_QC_APEM_P177_G12	Homo sapiens	blood plasma	not applicable	1	pooled	not available	not available	not available	not available	pooled	20241016_OA2_Evo08_ViAl_SA_FAIMS40_IO26_A556_MOMI_APEM_P177_G12_R01	proteomic profiling by mass spectrometry	1	20241016_OA2_Evo08_ViAl_SA_FAIMS40_IO26_A556_MOMI_APEM_P177_G12_R01.raw	v1.1.0	NT=ms-proteomics;VV=v1.1.0	NT=human;VV=v1.1.0	NT=dia-acquisition;VV=v1.1.0	NT=sdrf-skills;VV=v0.2.0	Data-independent acquisition	NT=Orbitrap Astral;AC=MS:1003378	NT=Trypsin;AC=MS:1001251	NT=Lys-C;AC=MS:1001309	label free sample	1	NT=HCD;AC=MS:1000422	25% NCE	10 ppm	10 ppm	NT=Dithiothreitol (DTT);AC=PRIDE:0000608	NT=Chloroacetamide (ClAA);AC=PRIDE:0000600	NT=Carbamidomethyl;AC=UNIMOD:4;TA=C;MT=Fixed	NT=Oxidation;AC=UNIMOD:35;TA=M;MT=Variable	NT=asymmetric track lossless time-of-flight analyzer;AC=MS:1003379	MOMI APEM	2024-10-16	380m/z-980m/z	150m/z-2000m/z	not available	not available	4
MOMI_QC_APEM_P177_H12	Homo sapiens	blood plasma	not applicable	1	pooled	not available	not available	not available	not available	pooled	20241016_OA2_Evo08_ViAl_SA_FAIMS40_IO26_A556_MOMI_APEM_P177_H12_R01	proteomic profiling by mass spectrometry	1	20241016_OA2_Evo08_ViAl_SA_FAIMS40_IO26_A556_MOMI_APEM_P177_H12_R01.raw	v1.1.0	NT=ms-proteomics;VV=v1.1.0	NT=human;VV=v1.1.0	NT=dia-acquisition;VV=v1.1.0	NT=sdrf-skills;VV=v0.2.0	Data-independent acquisition	NT=Orbitrap Astral;AC=MS:1003378	NT=Trypsin;AC=MS:1001251	NT=Lys-C;AC=MS:1001309	label free sample	1	NT=HCD;AC=MS:1000422	25% NCE	10 ppm	10 ppm	NT=Dithiothreitol (DTT);AC=PRIDE:0000608	NT=Chloroacetamide (ClAA);AC=PRIDE:0000600	NT=Carbamidomethyl;AC=UNIMOD:4;TA=C;MT=Fixed	NT=Oxidation;AC=UNIMOD:35;TA=M;MT=Variable	NT=asymmetric track lossless time-of-flight analyzer;AC=MS:1003379	MOMI APEM	2024-10-16	380m/z-980m/z	150m/z-2000m/z	not available	not available	4
MOMI_QC_APEM_P178_E12	Homo sapiens	blood plasma	not applicable	1	pooled	not available	not available	not available	not available	pooled	20241016_OA2_Evo08_ViAl_SA_FAIMS40_IO26_A556_MOMI_APEM_P178_E12_R01	proteomic profiling by mass spectrometry	1	20241016_OA2_Evo08_ViAl_SA_FAIMS40_IO26_A556_MOMI_APEM_P178_E12_R01.raw	v1.1.0	NT=ms-proteomics;VV=v1.1.0	NT=human;VV=v1.1.0	NT=dia-acquisition;VV=v1.1.0	NT=sdrf-skills;VV=v0.2.0	Data-independent acquisition	NT=Orbitrap Astral;AC=MS:1003378	NT=Trypsin;AC=MS:1001251	NT=Lys-C;AC=MS:1001309	label free sample	1	NT=HCD;AC=MS:1000422	25% NCE	10 ppm	10 ppm	NT=Dithiothreitol (DTT);AC=PRIDE:0000608	NT=Chloroacetamide (ClAA);AC=PRIDE:0000600	NT=Carbamidomethyl;AC=UNIMOD:4;TA=C;MT=Fixed	NT=Oxidation;AC=UNIMOD:35;TA=M;MT=Variable	NT=asymmetric track lossless time-of-flight analyzer;AC=MS:1003379	MOMI APEM	2024-10-16	380m/z-980m/z	150m/z-2000m/z	not available	not available	4
MOMI_QC_APEM_P178_F12	Homo sapiens	blood plasma	not applicable	1	pooled	not available	not available	not available	not available	pooled	20241016_OA2_Evo08_ViAl_SA_FAIMS40_IO26_A556_MOMI_APEM_P178_F12_R01	proteomic profiling by mass spectrometry	1	20241016_OA2_Evo08_ViAl_SA_FAIMS40_IO26_A556_MOMI_APEM_P178_F12_R01.raw	v1.1.0	NT=ms-proteomics;VV=v1.1.0	NT=human;VV=v1.1.0	NT=dia-acquisition;VV=v1.1.0	NT=sdrf-skills;VV=v0.2.0	Data-independent acquisition	NT=Orbitrap Astral;AC=MS:1003378	NT=Trypsin;AC=MS:1001251	NT=Lys-C;AC=MS:1001309	label free sample	1	NT=HCD;AC=MS:1000422	25% NCE	10 ppm	10 ppm	NT=Dithiothreitol (DTT);AC=PRIDE:0000608	NT=Chloroacetamide (ClAA);AC=PRIDE:0000600	NT=Carbamidomethyl;AC=UNIMOD:4;TA=C;MT=Fixed	NT=Oxidation;AC=UNIMOD:35;TA=M;MT=Variable	NT=asymmetric track lossless time-of-flight analyzer;AC=MS:1003379	MOMI APEM	2024-10-16	380m/z-980m/z	150m/z-2000m/z	not available	not available	4
MOMI_QC_APEM_P178_G12	Homo sapiens	blood plasma	not applicable	1	pooled	not available	not available	not available	not available	pooled	20241016_OA2_Evo08_ViAl_SA_FAIMS40_IO26_A556_MOMI_APEM_P178_G12_R01	proteomic profiling by mass spectrometry	1	20241016_OA2_Evo08_ViAl_SA_FAIMS40_IO26_A556_MOMI_APEM_P178_G12_R01.raw	v1.1.0	NT=ms-proteomics;VV=v1.1.0	NT=human;VV=v1.1.0	NT=dia-acquisition;VV=v1.1.0	NT=sdrf-skills;VV=v0.2.0	Data-independent acquisition	NT=Orbitrap Astral;AC=MS:1003378	NT=Trypsin;AC=MS:1001251	NT=Lys-C;AC=MS:1001309	label free sample	1	NT=HCD;AC=MS:1000422	25% NCE	10 ppm	10 ppm	NT=Dithiothreitol (DTT);AC=PRIDE:0000608	NT=Chloroacetamide (ClAA);AC=PRIDE:0000600	NT=Carbamidomethyl;AC=UNIMOD:4;TA=C;MT=Fixed	NT=Oxidation;AC=UNIMOD:35;TA=M;MT=Variable	NT=asymmetric track lossless time-of-flight analyzer;AC=MS:1003379	MOMI APEM	2024-10-16	380m/z-980m/z	150m/z-2000m/z	not available	not available	4
MOMI_QC_APEM_P178_H12	Homo sapiens	blood plasma	not applicable	1	pooled	not available	not available	not available	not available	pooled	20241016_OA2_Evo08_ViAl_SA_FAIMS40_IO26_A556_MOMI_APEM_P178_H12_R01	proteomic profiling by mass spectrometry	1	20241016_OA2_Evo08_ViAl_SA_FAIMS40_IO26_A556_MOMI_APEM_P178_H12_R01.raw	v1.1.0	NT=ms-proteomics;VV=v1.1.0	NT=human;VV=v1.1.0	NT=dia-acquisition;VV=v1.1.0	NT=sdrf-skills;VV=v0.2.0	Data-independent acquisition	NT=Orbitrap Astral;AC=MS:1003378	NT=Trypsin;AC=MS:1001251	NT=Lys-C;AC=MS:1001309	label free sample	1	NT=HCD;AC=MS:1000422	25% NCE	10 ppm	10 ppm	NT=Dithiothreitol (DTT);AC=PRIDE:0000608	NT=Chloroacetamide (ClAA);AC=PRIDE:0000600	NT=Carbamidomethyl;AC=UNIMOD:4;TA=C;MT=Fixed	NT=Oxidation;AC=UNIMOD:35;TA=M;MT=Variable	NT=asymmetric track lossless time-of-flight analyzer;AC=MS:1003379	MOMI APEM	2024-10-16	380m/z-980m/z	150m/z-2000m/z	not available	not available	4
MOMI_QC_APEM_P179_E12	Homo sapiens	blood plasma	not applicable	1	pooled	not available	not available	not available	not available	pooled	20241016_OA2_Evo08_ViAl_SA_FAIMS40_IO26_A556_MOMI_APEM_P179_E12_R01	proteomic profiling by mass spectrometry	1	20241016_OA2_Evo08_ViAl_SA_FAIMS40_IO26_A556_MOMI_APEM_P179_E12_R01.raw	v1.1.0	NT=ms-proteomics;VV=v1.1.0	NT=human;VV=v1.1.0	NT=dia-acquisition;VV=v1.1.0	NT=sdrf-skills;VV=v0.2.0	Data-independent acquisition	NT=Orbitrap Astral;AC=MS:1003378	NT=Trypsin;AC=MS:1001251	NT=Lys-C;AC=MS:1001309	label free sample	1	NT=HCD;AC=MS:1000422	25% NCE	10 ppm	10 ppm	NT=Dithiothreitol (DTT);AC=PRIDE:0000608	NT=Chloroacetamide (ClAA);AC=PRIDE:0000600	NT=Carbamidomethyl;AC=UNIMOD:4;TA=C;MT=Fixed	NT=Oxidation;AC=UNIMOD:35;TA=M;MT=Variable	NT=asymmetric track lossless time-of-flight analyzer;AC=MS:1003379	MOMI APEM	2024-10-16	380m/z-980m/z	150m/z-2000m/z	not available	not available	4
MOMI_QC_APEM_P179_F12	Homo sapiens	blood plasma	not applicable	1	pooled	not available	not available	not available	not available	pooled	20241016_OA2_Evo08_ViAl_SA_FAIMS40_IO26_A556_MOMI_APEM_P179_F12_R01	proteomic profiling by mass spectrometry	1	20241016_OA2_Evo08_ViAl_SA_FAIMS40_IO26_A556_MOMI_APEM_P179_F12_R01.raw	v1.1.0	NT=ms-proteomics;VV=v1.1.0	NT=human;VV=v1.1.0	NT=dia-acquisition;VV=v1.1.0	NT=sdrf-skills;VV=v0.2.0	Data-independent acquisition	NT=Orbitrap Astral;AC=MS:1003378	NT=Trypsin;AC=MS:1001251	NT=Lys-C;AC=MS:1001309	label free sample	1	NT=HCD;AC=MS:1000422	25% NCE	10 ppm	10 ppm	NT=Dithiothreitol (DTT);AC=PRIDE:0000608	NT=Chloroacetamide (ClAA);AC=PRIDE:0000600	NT=Carbamidomethyl;AC=UNIMOD:4;TA=C;MT=Fixed	NT=Oxidation;AC=UNIMOD:35;TA=M;MT=Variable	NT=asymmetric track lossless time-of-flight analyzer;AC=MS:1003379	MOMI APEM	2024-10-16	380m/z-980m/z	150m/z-2000m/z	not available	not available	4
MOMI_QC_APEM_P179_G12	Homo sapiens	blood plasma	not applicable	1	pooled	not available	not available	not available	not available	pooled	20241016_OA2_Evo08_ViAl_SA_FAIMS40_IO26_A556_MOMI_APEM_P179_G12_R01	proteomic profiling by mass spectrometry	1	20241016_OA2_Evo08_ViAl_SA_FAIMS40_IO26_A556_MOMI_APEM_P179_G12_R01.raw	v1.1.0	NT=ms-proteomics;VV=v1.1.0	NT=human;VV=v1.1.0	NT=dia-acquisition;VV=v1.1.0	NT=sdrf-skills;VV=v0.2.0	Data-independent acquisition	NT=Orbitrap Astral;AC=MS:1003378	NT=Trypsin;AC=MS:1001251	NT=Lys-C;AC=MS:1001309	label free sample	1	NT=HCD;AC=MS:1000422	25% NCE	10 ppm	10 ppm	NT=Dithiothreitol (DTT);AC=PRIDE:0000608	NT=Chloroacetamide (ClAA);AC=PRIDE:0000600	NT=Carbamidomethyl;AC=UNIMOD:4;TA=C;MT=Fixed	NT=Oxidation;AC=UNIMOD:35;TA=M;MT=Variable	NT=asymmetric track lossless time-of-flight analyzer;AC=MS:1003379	MOMI APEM	2024-10-16	380m/z-980m/z	150m/z-2000m/z	not available	not available	4
MOMI_QC_APEM_P179_H12	Homo sapiens	blood plasma	not applicable	1	pooled	not available	not available	not available	not available	pooled	20241016_OA2_Evo08_ViAl_SA_FAIMS40_IO26_A556_MOMI_APEM_P179_H12_R01	proteomic profiling by mass spectrometry	1	20241016_OA2_Evo08_ViAl_SA_FAIMS40_IO26_A556_MOMI_APEM_P179_H12_R01.raw	v1.1.0	NT=ms-proteomics;VV=v1.1.0	NT=human;VV=v1.1.0	NT=dia-acquisition;VV=v1.1.0	NT=sdrf-skills;VV=v0.2.0	Data-independent acquisition	NT=Orbitrap Astral;AC=MS:1003378	NT=Trypsin;AC=MS:1001251	NT=Lys-C;AC=MS:1001309	label free sample	1	NT=HCD;AC=MS:1000422	25% NCE	10 ppm	10 ppm	NT=Dithiothreitol (DTT);AC=PRIDE:0000608	NT=Chloroacetamide (ClAA);AC=PRIDE:0000600	NT=Carbamidomethyl;AC=UNIMOD:4;TA=C;MT=Fixed	NT=Oxidation;AC=UNIMOD:35;TA=M;MT=Variable	NT=asymmetric track lossless time-of-flight analyzer;AC=MS:1003379	MOMI APEM	2024-10-16	380m/z-980m/z	150m/z-2000m/z	not available	not available	4
MOMI_QC_APEM_P180_E12	Homo sapiens	blood plasma	not applicable	1	pooled	not available	not available	not available	not available	pooled	20241016_OA2_Evo08_ViAl_SA_FAIMS40_IO26_A556_MOMI_APEM_P180_E12_R01	proteomic profiling by mass spectrometry	1	20241016_OA2_Evo08_ViAl_SA_FAIMS40_IO26_A556_MOMI_APEM_P180_E12_R01.raw	v1.1.0	NT=ms-proteomics;VV=v1.1.0	NT=human;VV=v1.1.0	NT=dia-acquisition;VV=v1.1.0	NT=sdrf-skills;VV=v0.2.0	Data-independent acquisition	NT=Orbitrap Astral;AC=MS:1003378	NT=Trypsin;AC=MS:1001251	NT=Lys-C;AC=MS:1001309	label free sample	1	NT=HCD;AC=MS:1000422	25% NCE	10 ppm	10 ppm	NT=Dithiothreitol (DTT);AC=PRIDE:0000608	NT=Chloroacetamide (ClAA);AC=PRIDE:0000600	NT=Carbamidomethyl;AC=UNIMOD:4;TA=C;MT=Fixed	NT=Oxidation;AC=UNIMOD:35;TA=M;MT=Variable	NT=asymmetric track lossless time-of-flight analyzer;AC=MS:1003379	MOMI APEM	2024-10-16	380m/z-980m/z	150m/z-2000m/z	not available	not available	4
MOMI_QC_APEM_P180_F12	Homo sapiens	blood plasma	not applicable	1	pooled	not available	not available	not available	not available	pooled	20241016_OA2_Evo08_ViAl_SA_FAIMS40_IO26_A556_MOMI_APEM_P180_F12_R01	proteomic profiling by mass spectrometry	1	20241016_OA2_Evo08_ViAl_SA_FAIMS40_IO26_A556_MOMI_APEM_P180_F12_R01.raw	v1.1.0	NT=ms-proteomics;VV=v1.1.0	NT=human;VV=v1.1.0	NT=dia-acquisition;VV=v1.1.0	NT=sdrf-skills;VV=v0.2.0	Data-independent acquisition	NT=Orbitrap Astral;AC=MS:1003378	NT=Trypsin;AC=MS:1001251	NT=Lys-C;AC=MS:1001309	label free sample	1	NT=HCD;AC=MS:1000422	25% NCE	10 ppm	10 ppm	NT=Dithiothreitol (DTT);AC=PRIDE:0000608	NT=Chloroacetamide (ClAA);AC=PRIDE:0000600	NT=Carbamidomethyl;AC=UNIMOD:4;TA=C;MT=Fixed	NT=Oxidation;AC=UNIMOD:35;TA=M;MT=Variable	NT=asymmetric track lossless time-of-flight analyzer;AC=MS:1003379	MOMI APEM	2024-10-16	380m/z-980m/z	150m/z-2000m/z	not available	not available	4
MOMI_QC_APEM_P180_G12	Homo sapiens	blood plasma	not applicable	1	pooled	not available	not available	not available	not available	pooled	20241016_OA2_Evo08_ViAl_SA_FAIMS40_IO26_A556_MOMI_APEM_P180_G12_R01	proteomic profiling by mass spectrometry	1	20241016_OA2_Evo08_ViAl_SA_FAIMS40_IO26_A556_MOMI_APEM_P180_G12_R01.raw	v1.1.0	NT=ms-proteomics;VV=v1.1.0	NT=human;VV=v1.1.0	NT=dia-acquisition;VV=v1.1.0	NT=sdrf-skills;VV=v0.2.0	Data-independent acquisition	NT=Orbitrap Astral;AC=MS:1003378	NT=Trypsin;AC=MS:1001251	NT=Lys-C;AC=MS:1001309	label free sample	1	NT=HCD;AC=MS:1000422	25% NCE	10 ppm	10 ppm	NT=Dithiothreitol (DTT);AC=PRIDE:0000608	NT=Chloroacetamide (ClAA);AC=PRIDE:0000600	NT=Carbamidomethyl;AC=UNIMOD:4;TA=C;MT=Fixed	NT=Oxidation;AC=UNIMOD:35;TA=M;MT=Variable	NT=asymmetric track lossless time-of-flight analyzer;AC=MS:1003379	MOMI APEM	2024-10-16	380m/z-980m/z	150m/z-2000m/z	not available	not available	4
MOMI_QC_APEM_P180_H12	Homo sapiens	blood plasma	not applicable	1	pooled	not available	not available	not available	not available	pooled	20241016_OA2_Evo08_ViAl_SA_FAIMS40_IO26_A556_MOMI_APEM_P180_H12_R01	proteomic profiling by mass spectrometry	1	20241016_OA2_Evo08_ViAl_SA_FAIMS40_IO26_A556_MOMI_APEM_P180_H12_R01.raw	v1.1.0	NT=ms-proteomics;VV=v1.1.0	NT=human;VV=v1.1.0	NT=dia-acquisition;VV=v1.1.0	NT=sdrf-skills;VV=v0.2.0	Data-independent acquisition	NT=Orbitrap Astral;AC=MS:1003378	NT=Trypsin;AC=MS:1001251	NT=Lys-C;AC=MS:1001309	label free sample	1	NT=HCD;AC=MS:1000422	25% NCE	10 ppm	10 ppm	NT=Dithiothreitol (DTT);AC=PRIDE:0000608	NT=Chloroacetamide (ClAA);AC=PRIDE:0000600	NT=Carbamidomethyl;AC=UNIMOD:4;TA=C;MT=Fixed	NT=Oxidation;AC=UNIMOD:35;TA=M;MT=Variable	NT=asymmetric track lossless time-of-flight analyzer;AC=MS:1003379	MOMI APEM	2024-10-16	380m/z-980m/z	150m/z-2000m/z	not available	not available	4
MOMI_QC_ABGD_P45_E12	Homo sapiens	blood plasma	not applicable	1	pooled	not available	not available	not available	not available	pooled	20241016_OA3_Evo02_ViAl_SA_FAIMS40_IO27_A556_MOMI_ABGD_P45_E12_R01	proteomic profiling by mass spectrometry	1	20241016_OA3_Evo02_ViAl_SA_FAIMS40_IO27_A556_MOMI_ABGD_P45_E12_R01.raw	v1.1.0	NT=ms-proteomics;VV=v1.1.0	NT=human;VV=v1.1.0	NT=dia-acquisition;VV=v1.1.0	NT=sdrf-skills;VV=v0.2.0	Data-independent acquisition	NT=Orbitrap Astral;AC=MS:1003378	NT=Trypsin;AC=MS:1001251	NT=Lys-C;AC=MS:1001309	label free sample	1	NT=HCD;AC=MS:1000422	25% NCE	10 ppm	10 ppm	NT=Dithiothreitol (DTT);AC=PRIDE:0000608	NT=Chloroacetamide (ClAA);AC=PRIDE:0000600	NT=Carbamidomethyl;AC=UNIMOD:4;TA=C;MT=Fixed	NT=Oxidation;AC=UNIMOD:35;TA=M;MT=Variable	NT=asymmetric track lossless time-of-flight analyzer;AC=MS:1003379	MOMI ABGD	2024-10-16	380m/z-980m/z	150m/z-2000m/z	not available	not available	4
MOMI_QC_ABGD_P45_F12	Homo sapiens	blood plasma	not applicable	1	pooled	not available	not available	not available	not available	pooled	20241016_OA3_Evo02_ViAl_SA_FAIMS40_IO27_A556_MOMI_ABGD_P45_F12_R01	proteomic profiling by mass spectrometry	1	20241016_OA3_Evo02_ViAl_SA_FAIMS40_IO27_A556_MOMI_ABGD_P45_F12_R01.raw	v1.1.0	NT=ms-proteomics;VV=v1.1.0	NT=human;VV=v1.1.0	NT=dia-acquisition;VV=v1.1.0	NT=sdrf-skills;VV=v0.2.0	Data-independent acquisition	NT=Orbitrap Astral;AC=MS:1003378	NT=Trypsin;AC=MS:1001251	NT=Lys-C;AC=MS:1001309	label free sample	1	NT=HCD;AC=MS:1000422	25% NCE	10 ppm	10 ppm	NT=Dithiothreitol (DTT);AC=PRIDE:0000608	NT=Chloroacetamide (ClAA);AC=PRIDE:0000600	NT=Carbamidomethyl;AC=UNIMOD:4;TA=C;MT=Fixed	NT=Oxidation;AC=UNIMOD:35;TA=M;MT=Variable	NT=asymmetric track lossless time-of-flight analyzer;AC=MS:1003379	MOMI ABGD	2024-10-16	380m/z-980m/z	150m/z-2000m/z	not available	not available	4
MOMI_QC_ABGD_P45_G12	Homo sapiens	blood plasma	not applicable	1	pooled	not available	not available	not available	not available	pooled	20241016_OA3_Evo02_ViAl_SA_FAIMS40_IO27_A556_MOMI_ABGD_P45_G12_R01	proteomic profiling by mass spectrometry	1	20241016_OA3_Evo02_ViAl_SA_FAIMS40_IO27_A556_MOMI_ABGD_P45_G12_R01.raw	v1.1.0	NT=ms-proteomics;VV=v1.1.0	NT=human;VV=v1.1.0	NT=dia-acquisition;VV=v1.1.0	NT=sdrf-skills;VV=v0.2.0	Data-independent acquisition	NT=Orbitrap Astral;AC=MS:1003378	NT=Trypsin;AC=MS:1001251	NT=Lys-C;AC=MS:1001309	label free sample	1	NT=HCD;AC=MS:1000422	25% NCE	10 ppm	10 ppm	NT=Dithiothreitol (DTT);AC=PRIDE:0000608	NT=Chloroacetamide (ClAA);AC=PRIDE:0000600	NT=Carbamidomethyl;AC=UNIMOD:4;TA=C;MT=Fixed	NT=Oxidation;AC=UNIMOD:35;TA=M;MT=Variable	NT=asymmetric track lossless time-of-flight analyzer;AC=MS:1003379	MOMI ABGD	2024-10-16	380m/z-980m/z	150m/z-2000m/z	not available	not available	4
MOMI_QC_ABGD_P45_H12	Homo sapiens	blood plasma	not applicable	1	pooled	not available	not available	not available	not available	pooled	20241016_OA3_Evo02_ViAl_SA_FAIMS40_IO27_A556_MOMI_ABGD_P45_H12_R01	proteomic profiling by mass spectrometry	1	20241016_OA3_Evo02_ViAl_SA_FAIMS40_IO27_A556_MOMI_ABGD_P45_H12_R01.raw	v1.1.0	NT=ms-proteomics;VV=v1.1.0	NT=human;VV=v1.1.0	NT=dia-acquisition;VV=v1.1.0	NT=sdrf-skills;VV=v0.2.0	Data-independent acquisition	NT=Orbitrap Astral;AC=MS:1003378	NT=Trypsin;AC=MS:1001251	NT=Lys-C;AC=MS:1001309	label free sample	1	NT=HCD;AC=MS:1000422	25% NCE	10 ppm	10 ppm	NT=Dithiothreitol (DTT);AC=PRIDE:0000608	NT=Chloroacetamide (ClAA);AC=PRIDE:0000600	NT=Carbamidomethyl;AC=UNIMOD:4;TA=C;MT=Fixed	NT=Oxidation;AC=UNIMOD:35;TA=M;MT=Variable	NT=asymmetric track lossless time-of-flight analyzer;AC=MS:1003379	MOMI ABGD	2024-10-16	380m/z-980m/z	150m/z-2000m/z	not available	not available	4
MOMI_QC_ABGD_P46_E12	Homo sapiens	blood plasma	not applicable	1	pooled	not available	not available	not available	not available	pooled	20241016_OA3_Evo02_ViAl_SA_FAIMS40_IO27_A556_MOMI_ABGD_P46_E12_R01	proteomic profiling by mass spectrometry	1	20241016_OA3_Evo02_ViAl_SA_FAIMS40_IO27_A556_MOMI_ABGD_P46_E12_R01.raw	v1.1.0	NT=ms-proteomics;VV=v1.1.0	NT=human;VV=v1.1.0	NT=dia-acquisition;VV=v1.1.0	NT=sdrf-skills;VV=v0.2.0	Data-independent acquisition	NT=Orbitrap Astral;AC=MS:1003378	NT=Trypsin;AC=MS:1001251	NT=Lys-C;AC=MS:1001309	label free sample	1	NT=HCD;AC=MS:1000422	25% NCE	10 ppm	10 ppm	NT=Dithiothreitol (DTT);AC=PRIDE:0000608	NT=Chloroacetamide (ClAA);AC=PRIDE:0000600	NT=Carbamidomethyl;AC=UNIMOD:4;TA=C;MT=Fixed	NT=Oxidation;AC=UNIMOD:35;TA=M;MT=Variable	NT=asymmetric track lossless time-of-flight analyzer;AC=MS:1003379	MOMI ABGD	2024-10-16	380m/z-980m/z	150m/z-2000m/z	not available	not available	4
MOMI_QC_ABGD_P46_F12	Homo sapiens	blood plasma	not applicable	1	pooled	not available	not available	not available	not available	pooled	20241016_OA3_Evo02_ViAl_SA_FAIMS40_IO27_A556_MOMI_ABGD_P46_F12_R01	proteomic profiling by mass spectrometry	1	20241016_OA3_Evo02_ViAl_SA_FAIMS40_IO27_A556_MOMI_ABGD_P46_F12_R01.raw	v1.1.0	NT=ms-proteomics;VV=v1.1.0	NT=human;VV=v1.1.0	NT=dia-acquisition;VV=v1.1.0	NT=sdrf-skills;VV=v0.2.0	Data-independent acquisition	NT=Orbitrap Astral;AC=MS:1003378	NT=Trypsin;AC=MS:1001251	NT=Lys-C;AC=MS:1001309	label free sample	1	NT=HCD;AC=MS:1000422	25% NCE	10 ppm	10 ppm	NT=Dithiothreitol (DTT);AC=PRIDE:0000608	NT=Chloroacetamide (ClAA);AC=PRIDE:0000600	NT=Carbamidomethyl;AC=UNIMOD:4;TA=C;MT=Fixed	NT=Oxidation;AC=UNIMOD:35;TA=M;MT=Variable	NT=asymmetric track lossless time-of-flight analyzer;AC=MS:1003379	MOMI ABGD	2024-10-16	380m/z-980m/z	150m/z-2000m/z	not available	not available	4
MOMI_QC_ABGD_P46_G12	Homo sapiens	blood plasma	not applicable	1	pooled	not available	not available	not available	not available	pooled	20241016_OA3_Evo02_ViAl_SA_FAIMS40_IO27_A556_MOMI_ABGD_P46_G12_R01	proteomic profiling by mass spectrometry	1	20241016_OA3_Evo02_ViAl_SA_FAIMS40_IO27_A556_MOMI_ABGD_P46_G12_R01.raw	v1.1.0	NT=ms-proteomics;VV=v1.1.0	NT=human;VV=v1.1.0	NT=dia-acquisition;VV=v1.1.0	NT=sdrf-skills;VV=v0.2.0	Data-independent acquisition	NT=Orbitrap Astral;AC=MS:1003378	NT=Trypsin;AC=MS:1001251	NT=Lys-C;AC=MS:1001309	label free sample	1	NT=HCD;AC=MS:1000422	25% NCE	10 ppm	10 ppm	NT=Dithiothreitol (DTT);AC=PRIDE:0000608	NT=Chloroacetamide (ClAA);AC=PRIDE:0000600	NT=Carbamidomethyl;AC=UNIMOD:4;TA=C;MT=Fixed	NT=Oxidation;AC=UNIMOD:35;TA=M;MT=Variable	NT=asymmetric track lossless time-of-flight analyzer;AC=MS:1003379	MOMI ABGD	2024-10-16	380m/z-980m/z	150m/z-2000m/z	not available	not available	4
MOMI_QC_ABGD_P46_H12	Homo sapiens	blood plasma	not applicable	1	pooled	not available	not available	not available	not available	pooled	20241016_OA3_Evo02_ViAl_SA_FAIMS40_IO27_A556_MOMI_ABGD_P46_H12_R01	proteomic profiling by mass spectrometry	1	20241016_OA3_Evo02_ViAl_SA_FAIMS40_IO27_A556_MOMI_ABGD_P46_H12_R01.raw	v1.1.0	NT=ms-proteomics;VV=v1.1.0	NT=human;VV=v1.1.0	NT=dia-acquisition;VV=v1.1.0	NT=sdrf-skills;VV=v0.2.0	Data-independent acquisition	NT=Orbitrap Astral;AC=MS:1003378	NT=Trypsin;AC=MS:1001251	NT=Lys-C;AC=MS:1001309	label free sample	1	NT=HCD;AC=MS:1000422	25% NCE	10 ppm	10 ppm	NT=Dithiothreitol (DTT);AC=PRIDE:0000608	NT=Chloroacetamide (ClAA);AC=PRIDE:0000600	NT=Carbamidomethyl;AC=UNIMOD:4;TA=C;MT=Fixed	NT=Oxidation;AC=UNIMOD:35;TA=M;MT=Variable	NT=asymmetric track lossless time-of-flight analyzer;AC=MS:1003379	MOMI ABGD	2024-10-16	380m/z-980m/z	150m/z-2000m/z	not available	not available	4
MOMI_QC_ABGD_P47_E12	Homo sapiens	blood plasma	not applicable	1	pooled	not available	not available	not available	not available	pooled	20241016_OA3_Evo02_ViAl_SA_FAIMS40_IO27_A556_MOMI_ABGD_P47_E12_R01	proteomic profiling by mass spectrometry	1	20241016_OA3_Evo02_ViAl_SA_FAIMS40_IO27_A556_MOMI_ABGD_P47_E12_R01.raw	v1.1.0	NT=ms-proteomics;VV=v1.1.0	NT=human;VV=v1.1.0	NT=dia-acquisition;VV=v1.1.0	NT=sdrf-skills;VV=v0.2.0	Data-independent acquisition	NT=Orbitrap Astral;AC=MS:1003378	NT=Trypsin;AC=MS:1001251	NT=Lys-C;AC=MS:1001309	label free sample	1	NT=HCD;AC=MS:1000422	25% NCE	10 ppm	10 ppm	NT=Dithiothreitol (DTT);AC=PRIDE:0000608	NT=Chloroacetamide (ClAA);AC=PRIDE:0000600	NT=Carbamidomethyl;AC=UNIMOD:4;TA=C;MT=Fixed	NT=Oxidation;AC=UNIMOD:35;TA=M;MT=Variable	NT=asymmetric track lossless time-of-flight analyzer;AC=MS:1003379	MOMI ABGD	2024-10-16	380m/z-980m/z	150m/z-2000m/z	not available	not available	4
MOMI_QC_ABGD_P47_F12	Homo sapiens	blood plasma	not applicable	1	pooled	not available	not available	not available	not available	pooled	20241016_OA3_Evo02_ViAl_SA_FAIMS40_IO27_A556_MOMI_ABGD_P47_F12_R01	proteomic profiling by mass spectrometry	1	20241016_OA3_Evo02_ViAl_SA_FAIMS40_IO27_A556_MOMI_ABGD_P47_F12_R01.raw	v1.1.0	NT=ms-proteomics;VV=v1.1.0	NT=human;VV=v1.1.0	NT=dia-acquisition;VV=v1.1.0	NT=sdrf-skills;VV=v0.2.0	Data-independent acquisition	NT=Orbitrap Astral;AC=MS:1003378	NT=Trypsin;AC=MS:1001251	NT=Lys-C;AC=MS:1001309	label free sample	1	NT=HCD;AC=MS:1000422	25% NCE	10 ppm	10 ppm	NT=Dithiothreitol (DTT);AC=PRIDE:0000608	NT=Chloroacetamide (ClAA);AC=PRIDE:0000600	NT=Carbamidomethyl;AC=UNIMOD:4;TA=C;MT=Fixed	NT=Oxidation;AC=UNIMOD:35;TA=M;MT=Variable	NT=asymmetric track lossless time-of-flight analyzer;AC=MS:1003379	MOMI ABGD	2024-10-16	380m/z-980m/z	150m/z-2000m/z	not available	not available	4
MOMI_QC_ABGD_P47_G12	Homo sapiens	blood plasma	not applicable	1	pooled	not available	not available	not available	not available	pooled	20241016_OA3_Evo02_ViAl_SA_FAIMS40_IO27_A556_MOMI_ABGD_P47_G12_R01	proteomic profiling by mass spectrometry	1	20241016_OA3_Evo02_ViAl_SA_FAIMS40_IO27_A556_MOMI_ABGD_P47_G12_R01.raw	v1.1.0	NT=ms-proteomics;VV=v1.1.0	NT=human;VV=v1.1.0	NT=dia-acquisition;VV=v1.1.0	NT=sdrf-skills;VV=v0.2.0	Data-independent acquisition	NT=Orbitrap Astral;AC=MS:1003378	NT=Trypsin;AC=MS:1001251	NT=Lys-C;AC=MS:1001309	label free sample	1	NT=HCD;AC=MS:1000422	25% NCE	10 ppm	10 ppm	NT=Dithiothreitol (DTT);AC=PRIDE:0000608	NT=Chloroacetamide (ClAA);AC=PRIDE:0000600	NT=Carbamidomethyl;AC=UNIMOD:4;TA=C;MT=Fixed	NT=Oxidation;AC=UNIMOD:35;TA=M;MT=Variable	NT=asymmetric track lossless time-of-flight analyzer;AC=MS:1003379	MOMI ABGD	2024-10-16	380m/z-980m/z	150m/z-2000m/z	not available	not available	4
MOMI_QC_ABGD_P47_H12	Homo sapiens	blood plasma	not applicable	1	pooled	not available	not available	not available	not available	pooled	20241016_OA3_Evo02_ViAl_SA_FAIMS40_IO27_A556_MOMI_ABGD_P47_H12_R01	proteomic profiling by mass spectrometry	1	20241016_OA3_Evo02_ViAl_SA_FAIMS40_IO27_A556_MOMI_ABGD_P47_H12_R01.raw	v1.1.0	NT=ms-proteomics;VV=v1.1.0	NT=human;VV=v1.1.0	NT=dia-acquisition;VV=v1.1.0	NT=sdrf-skills;VV=v0.2.0	Data-independent acquisition	NT=Orbitrap Astral;AC=MS:1003378	NT=Trypsin;AC=MS:1001251	NT=Lys-C;AC=MS:1001309	label free sample	1	NT=HCD;AC=MS:1000422	25% NCE	10 ppm	10 ppm	NT=Dithiothreitol (DTT);AC=PRIDE:0000608	NT=Chloroacetamide (ClAA);AC=PRIDE:0000600	NT=Carbamidomethyl;AC=UNIMOD:4;TA=C;MT=Fixed	NT=Oxidation;AC=UNIMOD:35;TA=M;MT=Variable	NT=asymmetric track lossless time-of-flight analyzer;AC=MS:1003379	MOMI ABGD	2024-10-16	380m/z-980m/z	150m/z-2000m/z	not available	not available	4
MOMI_QC_ABGD_P48_E12	Homo sapiens	blood plasma	not applicable	1	pooled	not available	not available	not available	not available	pooled	20241016_OA3_Evo02_ViAl_SA_FAIMS40_IO27_A556_MOMI_ABGD_P48_E12_R01	proteomic profiling by mass spectrometry	1	20241016_OA3_Evo02_ViAl_SA_FAIMS40_IO27_A556_MOMI_ABGD_P48_E12_R01.raw	v1.1.0	NT=ms-proteomics;VV=v1.1.0	NT=human;VV=v1.1.0	NT=dia-acquisition;VV=v1.1.0	NT=sdrf-skills;VV=v0.2.0	Data-independent acquisition	NT=Orbitrap Astral;AC=MS:1003378	NT=Trypsin;AC=MS:1001251	NT=Lys-C;AC=MS:1001309	label free sample	1	NT=HCD;AC=MS:1000422	25% NCE	10 ppm	10 ppm	NT=Dithiothreitol (DTT);AC=PRIDE:0000608	NT=Chloroacetamide (ClAA);AC=PRIDE:0000600	NT=Carbamidomethyl;AC=UNIMOD:4;TA=C;MT=Fixed	NT=Oxidation;AC=UNIMOD:35;TA=M;MT=Variable	NT=asymmetric track lossless time-of-flight analyzer;AC=MS:1003379	MOMI ABGD	2024-10-16	380m/z-980m/z	150m/z-2000m/z	not available	not available	4
MOMI_QC_ABGD_P48_F12	Homo sapiens	blood plasma	not applicable	1	pooled	not available	not available	not available	not available	pooled	20241016_OA3_Evo02_ViAl_SA_FAIMS40_IO27_A556_MOMI_ABGD_P48_F12_R01	proteomic profiling by mass spectrometry	1	20241016_OA3_Evo02_ViAl_SA_FAIMS40_IO27_A556_MOMI_ABGD_P48_F12_R01.raw	v1.1.0	NT=ms-proteomics;VV=v1.1.0	NT=human;VV=v1.1.0	NT=dia-acquisition;VV=v1.1.0	NT=sdrf-skills;VV=v0.2.0	Data-independent acquisition	NT=Orbitrap Astral;AC=MS:1003378	NT=Trypsin;AC=MS:1001251	NT=Lys-C;AC=MS:1001309	label free sample	1	NT=HCD;AC=MS:1000422	25% NCE	10 ppm	10 ppm	NT=Dithiothreitol (DTT);AC=PRIDE:0000608	NT=Chloroacetamide (ClAA);AC=PRIDE:0000600	NT=Carbamidomethyl;AC=UNIMOD:4;TA=C;MT=Fixed	NT=Oxidation;AC=UNIMOD:35;TA=M;MT=Variable	NT=asymmetric track lossless time-of-flight analyzer;AC=MS:1003379	MOMI ABGD	2024-10-16	380m/z-980m/z	150m/z-2000m/z	not available	not available	4
MOMI_QC_ABGD_P48_G12	Homo sapiens	blood plasma	not applicable	1	pooled	not available	not available	not available	not available	pooled	20241016_OA3_Evo02_ViAl_SA_FAIMS40_IO27_A556_MOMI_ABGD_P48_G12_R01	proteomic profiling by mass spectrometry	1	20241016_OA3_Evo02_ViAl_SA_FAIMS40_IO27_A556_MOMI_ABGD_P48_G12_R01.raw	v1.1.0	NT=ms-proteomics;VV=v1.1.0	NT=human;VV=v1.1.0	NT=dia-acquisition;VV=v1.1.0	NT=sdrf-skills;VV=v0.2.0	Data-independent acquisition	NT=Orbitrap Astral;AC=MS:1003378	NT=Trypsin;AC=MS:1001251	NT=Lys-C;AC=MS:1001309	label free sample	1	NT=HCD;AC=MS:1000422	25% NCE	10 ppm	10 ppm	NT=Dithiothreitol (DTT);AC=PRIDE:0000608	NT=Chloroacetamide (ClAA);AC=PRIDE:0000600	NT=Carbamidomethyl;AC=UNIMOD:4;TA=C;MT=Fixed	NT=Oxidation;AC=UNIMOD:35;TA=M;MT=Variable	NT=asymmetric track lossless time-of-flight analyzer;AC=MS:1003379	MOMI ABGD	2024-10-16	380m/z-980m/z	150m/z-2000m/z	not available	not available	4
MOMI_QC_ABGD_P48_H12	Homo sapiens	blood plasma	not applicable	1	pooled	not available	not available	not available	not available	pooled	20241016_OA3_Evo02_ViAl_SA_FAIMS40_IO27_A556_MOMI_ABGD_P48_H12_R01	proteomic profiling by mass spectrometry	1	20241016_OA3_Evo02_ViAl_SA_FAIMS40_IO27_A556_MOMI_ABGD_P48_H12_R01.raw	v1.1.0	NT=ms-proteomics;VV=v1.1.0	NT=human;VV=v1.1.0	NT=dia-acquisition;VV=v1.1.0	NT=sdrf-skills;VV=v0.2.0	Data-independent acquisition	NT=Orbitrap Astral;AC=MS:1003378	NT=Trypsin;AC=MS:1001251	NT=Lys-C;AC=MS:1001309	label free sample	1	NT=HCD;AC=MS:1000422	25% NCE	10 ppm	10 ppm	NT=Dithiothreitol (DTT);AC=PRIDE:0000608	NT=Chloroacetamide (ClAA);AC=PRIDE:0000600	NT=Carbamidomethyl;AC=UNIMOD:4;TA=C;MT=Fixed	NT=Oxidation;AC=UNIMOD:35;TA=M;MT=Variable	NT=asymmetric track lossless time-of-flight analyzer;AC=MS:1003379	MOMI ABGD	2024-10-16	380m/z-980m/z	150m/z-2000m/z	not available	not available	4
MOMI_QC_ABGD_P49_E12	Homo sapiens	blood plasma	not applicable	1	pooled	not available	not available	not available	not available	pooled	20241016_OA3_Evo02_ViAl_SA_FAIMS40_IO27_A556_MOMI_ABGD_P49_E12_R01	proteomic profiling by mass spectrometry	1	20241016_OA3_Evo02_ViAl_SA_FAIMS40_IO27_A556_MOMI_ABGD_P49_E12_R01.raw	v1.1.0	NT=ms-proteomics;VV=v1.1.0	NT=human;VV=v1.1.0	NT=dia-acquisition;VV=v1.1.0	NT=sdrf-skills;VV=v0.2.0	Data-independent acquisition	NT=Orbitrap Astral;AC=MS:1003378	NT=Trypsin;AC=MS:1001251	NT=Lys-C;AC=MS:1001309	label free sample	1	NT=HCD;AC=MS:1000422	25% NCE	10 ppm	10 ppm	NT=Dithiothreitol (DTT);AC=PRIDE:0000608	NT=Chloroacetamide (ClAA);AC=PRIDE:0000600	NT=Carbamidomethyl;AC=UNIMOD:4;TA=C;MT=Fixed	NT=Oxidation;AC=UNIMOD:35;TA=M;MT=Variable	NT=asymmetric track lossless time-of-flight analyzer;AC=MS:1003379	MOMI ABGD	2024-10-16	380m/z-980m/z	150m/z-2000m/z	not available	not available	4
MOMI_QC_ABGD_P49_F12	Homo sapiens	blood plasma	not applicable	1	pooled	not available	not available	not available	not available	pooled	20241016_OA3_Evo02_ViAl_SA_FAIMS40_IO27_A556_MOMI_ABGD_P49_F12_R01	proteomic profiling by mass spectrometry	1	20241016_OA3_Evo02_ViAl_SA_FAIMS40_IO27_A556_MOMI_ABGD_P49_F12_R01.raw	v1.1.0	NT=ms-proteomics;VV=v1.1.0	NT=human;VV=v1.1.0	NT=dia-acquisition;VV=v1.1.0	NT=sdrf-skills;VV=v0.2.0	Data-independent acquisition	NT=Orbitrap Astral;AC=MS:1003378	NT=Trypsin;AC=MS:1001251	NT=Lys-C;AC=MS:1001309	label free sample	1	NT=HCD;AC=MS:1000422	25% NCE	10 ppm	10 ppm	NT=Dithiothreitol (DTT);AC=PRIDE:0000608	NT=Chloroacetamide (ClAA);AC=PRIDE:0000600	NT=Carbamidomethyl;AC=UNIMOD:4;TA=C;MT=Fixed	NT=Oxidation;AC=UNIMOD:35;TA=M;MT=Variable	NT=asymmetric track lossless time-of-flight analyzer;AC=MS:1003379	MOMI ABGD	2024-10-16	380m/z-980m/z	150m/z-2000m/z	not available	not available	4
MOMI_QC_ABGD_P49_G12	Homo sapiens	blood plasma	not applicable	1	pooled	not available	not available	not available	not available	pooled	20241016_OA3_Evo02_ViAl_SA_FAIMS40_IO27_A556_MOMI_ABGD_P49_G12_R01	proteomic profiling by mass spectrometry	1	20241016_OA3_Evo02_ViAl_SA_FAIMS40_IO27_A556_MOMI_ABGD_P49_G12_R01.raw	v1.1.0	NT=ms-proteomics;VV=v1.1.0	NT=human;VV=v1.1.0	NT=dia-acquisition;VV=v1.1.0	NT=sdrf-skills;VV=v0.2.0	Data-independent acquisition	NT=Orbitrap Astral;AC=MS:1003378	NT=Trypsin;AC=MS:1001251	NT=Lys-C;AC=MS:1001309	label free sample	1	NT=HCD;AC=MS:1000422	25% NCE	10 ppm	10 ppm	NT=Dithiothreitol (DTT);AC=PRIDE:0000608	NT=Chloroacetamide (ClAA);AC=PRIDE:0000600	NT=Carbamidomethyl;AC=UNIMOD:4;TA=C;MT=Fixed	NT=Oxidation;AC=UNIMOD:35;TA=M;MT=Variable	NT=asymmetric track lossless time-of-flight analyzer;AC=MS:1003379	MOMI ABGD	2024-10-16	380m/z-980m/z	150m/z-2000m/z	not available	not available	4
MOMI_QC_ABGD_P49_H12	Homo sapiens	blood plasma	not applicable	1	pooled	not available	not available	not available	not available	pooled	20241016_OA3_Evo02_ViAl_SA_FAIMS40_IO27_A556_MOMI_ABGD_P49_H12_R01	proteomic profiling by mass spectrometry	1	20241016_OA3_Evo02_ViAl_SA_FAIMS40_IO27_A556_MOMI_ABGD_P49_H12_R01.raw	v1.1.0	NT=ms-proteomics;VV=v1.1.0	NT=human;VV=v1.1.0	NT=dia-acquisition;VV=v1.1.0	NT=sdrf-skills;VV=v0.2.0	Data-independent acquisition	NT=Orbitrap Astral;AC=MS:1003378	NT=Trypsin;AC=MS:1001251	NT=Lys-C;AC=MS:1001309	label free sample	1	NT=HCD;AC=MS:1000422	25% NCE	10 ppm	10 ppm	NT=Dithiothreitol (DTT);AC=PRIDE:0000608	NT=Chloroacetamide (ClAA);AC=PRIDE:0000600	NT=Carbamidomethyl;AC=UNIMOD:4;TA=C;MT=Fixed	NT=Oxidation;AC=UNIMOD:35;TA=M;MT=Variable	NT=asymmetric track lossless time-of-flight analyzer;AC=MS:1003379	MOMI ABGD	2024-10-16	380m/z-980m/z	150m/z-2000m/z	not available	not available	4
MOMI_QC_ABGD_P50_E12	Homo sapiens	blood plasma	not applicable	1	pooled	not available	not available	not available	not available	pooled	20241016_OA3_Evo02_ViAl_SA_FAIMS40_IO27_A556_MOMI_ABGD_P50_E12_R01	proteomic profiling by mass spectrometry	1	20241016_OA3_Evo02_ViAl_SA_FAIMS40_IO27_A556_MOMI_ABGD_P50_E12_R01.raw	v1.1.0	NT=ms-proteomics;VV=v1.1.0	NT=human;VV=v1.1.0	NT=dia-acquisition;VV=v1.1.0	NT=sdrf-skills;VV=v0.2.0	Data-independent acquisition	NT=Orbitrap Astral;AC=MS:1003378	NT=Trypsin;AC=MS:1001251	NT=Lys-C;AC=MS:1001309	label free sample	1	NT=HCD;AC=MS:1000422	25% NCE	10 ppm	10 ppm	NT=Dithiothreitol (DTT);AC=PRIDE:0000608	NT=Chloroacetamide (ClAA);AC=PRIDE:0000600	NT=Carbamidomethyl;AC=UNIMOD:4;TA=C;MT=Fixed	NT=Oxidation;AC=UNIMOD:35;TA=M;MT=Variable	NT=asymmetric track lossless time-of-flight analyzer;AC=MS:1003379	MOMI ABGD	2024-10-16	380m/z-980m/z	150m/z-2000m/z	not available	not available	4
MOMI_QC_ABGD_P50_F12	Homo sapiens	blood plasma	not applicable	1	pooled	not available	not available	not available	not available	pooled	20241016_OA3_Evo02_ViAl_SA_FAIMS40_IO27_A556_MOMI_ABGD_P50_F12_R01	proteomic profiling by mass spectrometry	1	20241016_OA3_Evo02_ViAl_SA_FAIMS40_IO27_A556_MOMI_ABGD_P50_F12_R01.raw	v1.1.0	NT=ms-proteomics;VV=v1.1.0	NT=human;VV=v1.1.0	NT=dia-acquisition;VV=v1.1.0	NT=sdrf-skills;VV=v0.2.0	Data-independent acquisition	NT=Orbitrap Astral;AC=MS:1003378	NT=Trypsin;AC=MS:1001251	NT=Lys-C;AC=MS:1001309	label free sample	1	NT=HCD;AC=MS:1000422	25% NCE	10 ppm	10 ppm	NT=Dithiothreitol (DTT);AC=PRIDE:0000608	NT=Chloroacetamide (ClAA);AC=PRIDE:0000600	NT=Carbamidomethyl;AC=UNIMOD:4;TA=C;MT=Fixed	NT=Oxidation;AC=UNIMOD:35;TA=M;MT=Variable	NT=asymmetric track lossless time-of-flight analyzer;AC=MS:1003379	MOMI ABGD	2024-10-16	380m/z-980m/z	150m/z-2000m/z	not available	not available	4
MOMI_QC_ABGD_P50_G12	Homo sapiens	blood plasma	not applicable	1	pooled	not available	not available	not available	not available	pooled	20241016_OA3_Evo02_ViAl_SA_FAIMS40_IO27_A556_MOMI_ABGD_P50_G12_R01	proteomic profiling by mass spectrometry	1	20241016_OA3_Evo02_ViAl_SA_FAIMS40_IO27_A556_MOMI_ABGD_P50_G12_R01.raw	v1.1.0	NT=ms-proteomics;VV=v1.1.0	NT=human;VV=v1.1.0	NT=dia-acquisition;VV=v1.1.0	NT=sdrf-skills;VV=v0.2.0	Data-independent acquisition	NT=Orbitrap Astral;AC=MS:1003378	NT=Trypsin;AC=MS:1001251	NT=Lys-C;AC=MS:1001309	label free sample	1	NT=HCD;AC=MS:1000422	25% NCE	10 ppm	10 ppm	NT=Dithiothreitol (DTT);AC=PRIDE:0000608	NT=Chloroacetamide (ClAA);AC=PRIDE:0000600	NT=Carbamidomethyl;AC=UNIMOD:4;TA=C;MT=Fixed	NT=Oxidation;AC=UNIMOD:35;TA=M;MT=Variable	NT=asymmetric track lossless time-of-flight analyzer;AC=MS:1003379	MOMI ABGD	2024-10-16	380m/z-980m/z	150m/z-2000m/z	not available	not available	4
MOMI_QC_ABGD_P50_H12	Homo sapiens	blood plasma	not applicable	1	pooled	not available	not available	not available	not available	pooled	20241016_OA3_Evo02_ViAl_SA_FAIMS40_IO27_A556_MOMI_ABGD_P50_H12_R01	proteomic profiling by mass spectrometry	1	20241016_OA3_Evo02_ViAl_SA_FAIMS40_IO27_A556_MOMI_ABGD_P50_H12_R01.raw	v1.1.0	NT=ms-proteomics;VV=v1.1.0	NT=human;VV=v1.1.0	NT=dia-acquisition;VV=v1.1.0	NT=sdrf-skills;VV=v0.2.0	Data-independent acquisition	NT=Orbitrap Astral;AC=MS:1003378	NT=Trypsin;AC=MS:1001251	NT=Lys-C;AC=MS:1001309	label free sample	1	NT=HCD;AC=MS:1000422	25% NCE	10 ppm	10 ppm	NT=Dithiothreitol (DTT);AC=PRIDE:0000608	NT=Chloroacetamide (ClAA);AC=PRIDE:0000600	NT=Carbamidomethyl;AC=UNIMOD:4;TA=C;MT=Fixed	NT=Oxidation;AC=UNIMOD:35;TA=M;MT=Variable	NT=asymmetric track lossless time-of-flight analyzer;AC=MS:1003379	MOMI ABGD	2024-10-16	380m/z-980m/z	150m/z-2000m/z	not available	not available	4
MOMI_QC_ABGD_P51_E12	Homo sapiens	blood plasma	not applicable	1	pooled	not available	not available	not available	not available	pooled	20241016_OA3_Evo02_ViAl_SA_FAIMS40_IO27_A556_MOMI_ABGD_P51_E12_R01	proteomic profiling by mass spectrometry	1	20241016_OA3_Evo02_ViAl_SA_FAIMS40_IO27_A556_MOMI_ABGD_P51_E12_R01.raw	v1.1.0	NT=ms-proteomics;VV=v1.1.0	NT=human;VV=v1.1.0	NT=dia-acquisition;VV=v1.1.0	NT=sdrf-skills;VV=v0.2.0	Data-independent acquisition	NT=Orbitrap Astral;AC=MS:1003378	NT=Trypsin;AC=MS:1001251	NT=Lys-C;AC=MS:1001309	label free sample	1	NT=HCD;AC=MS:1000422	25% NCE	10 ppm	10 ppm	NT=Dithiothreitol (DTT);AC=PRIDE:0000608	NT=Chloroacetamide (ClAA);AC=PRIDE:0000600	NT=Carbamidomethyl;AC=UNIMOD:4;TA=C;MT=Fixed	NT=Oxidation;AC=UNIMOD:35;TA=M;MT=Variable	NT=asymmetric track lossless time-of-flight analyzer;AC=MS:1003379	MOMI ABGD	2024-10-16	380m/z-980m/z	150m/z-2000m/z	not available	not available	4
MOMI_QC_ABGD_P51_F12	Homo sapiens	blood plasma	not applicable	1	pooled	not available	not available	not available	not available	pooled	20241016_OA3_Evo02_ViAl_SA_FAIMS40_IO27_A556_MOMI_ABGD_P51_F12_R01	proteomic profiling by mass spectrometry	1	20241016_OA3_Evo02_ViAl_SA_FAIMS40_IO27_A556_MOMI_ABGD_P51_F12_R01.raw	v1.1.0	NT=ms-proteomics;VV=v1.1.0	NT=human;VV=v1.1.0	NT=dia-acquisition;VV=v1.1.0	NT=sdrf-skills;VV=v0.2.0	Data-independent acquisition	NT=Orbitrap Astral;AC=MS:1003378	NT=Trypsin;AC=MS:1001251	NT=Lys-C;AC=MS:1001309	label free sample	1	NT=HCD;AC=MS:1000422	25% NCE	10 ppm	10 ppm	NT=Dithiothreitol (DTT);AC=PRIDE:0000608	NT=Chloroacetamide (ClAA);AC=PRIDE:0000600	NT=Carbamidomethyl;AC=UNIMOD:4;TA=C;MT=Fixed	NT=Oxidation;AC=UNIMOD:35;TA=M;MT=Variable	NT=asymmetric track lossless time-of-flight analyzer;AC=MS:1003379	MOMI ABGD	2024-10-16	380m/z-980m/z	150m/z-2000m/z	not available	not available	4
MOMI_QC_ABGD_P51_G12	Homo sapiens	blood plasma	not applicable	1	pooled	not available	not available	not available	not available	pooled	20241016_OA3_Evo02_ViAl_SA_FAIMS40_IO27_A556_MOMI_ABGD_P51_G12_R01	proteomic profiling by mass spectrometry	1	20241016_OA3_Evo02_ViAl_SA_FAIMS40_IO27_A556_MOMI_ABGD_P51_G12_R01.raw	v1.1.0	NT=ms-proteomics;VV=v1.1.0	NT=human;VV=v1.1.0	NT=dia-acquisition;VV=v1.1.0	NT=sdrf-skills;VV=v0.2.0	Data-independent acquisition	NT=Orbitrap Astral;AC=MS:1003378	NT=Trypsin;AC=MS:1001251	NT=Lys-C;AC=MS:1001309	label free sample	1	NT=HCD;AC=MS:1000422	25% NCE	10 ppm	10 ppm	NT=Dithiothreitol (DTT);AC=PRIDE:0000608	NT=Chloroacetamide (ClAA);AC=PRIDE:0000600	NT=Carbamidomethyl;AC=UNIMOD:4;TA=C;MT=Fixed	NT=Oxidation;AC=UNIMOD:35;TA=M;MT=Variable	NT=asymmetric track lossless time-of-flight analyzer;AC=MS:1003379	MOMI ABGD	2024-10-16	380m/z-980m/z	150m/z-2000m/z	not available	not available	4
MOMI_QC_ABGD_P51_H12	Homo sapiens	blood plasma	not applicable	1	pooled	not available	not available	not available	not available	pooled	20241016_OA3_Evo02_ViAl_SA_FAIMS40_IO27_A556_MOMI_ABGD_P51_H12_R01	proteomic profiling by mass spectrometry	1	20241016_OA3_Evo02_ViAl_SA_FAIMS40_IO27_A556_MOMI_ABGD_P51_H12_R01.raw	v1.1.0	NT=ms-proteomics;VV=v1.1.0	NT=human;VV=v1.1.0	NT=dia-acquisition;VV=v1.1.0	NT=sdrf-skills;VV=v0.2.0	Data-independent acquisition	NT=Orbitrap Astral;AC=MS:1003378	NT=Trypsin;AC=MS:1001251	NT=Lys-C;AC=MS:1001309	label free sample	1	NT=HCD;AC=MS:1000422	25% NCE	10 ppm	10 ppm	NT=Dithiothreitol (DTT);AC=PRIDE:0000608	NT=Chloroacetamide (ClAA);AC=PRIDE:0000600	NT=Carbamidomethyl;AC=UNIMOD:4;TA=C;MT=Fixed	NT=Oxidation;AC=UNIMOD:35;TA=M;MT=Variable	NT=asymmetric track lossless time-of-flight analyzer;AC=MS:1003379	MOMI ABGD	2024-10-16	380m/z-980m/z	150m/z-2000m/z	not available	not available	4
MOMI_QC_ABGD_P52_E12	Homo sapiens	blood plasma	not applicable	1	pooled	not available	not available	not available	not available	pooled	20241016_OA3_Evo02_ViAl_SA_FAIMS40_IO27_A556_MOMI_ABGD_P52_E12_R01	proteomic profiling by mass spectrometry	1	20241016_OA3_Evo02_ViAl_SA_FAIMS40_IO27_A556_MOMI_ABGD_P52_E12_R01.raw	v1.1.0	NT=ms-proteomics;VV=v1.1.0	NT=human;VV=v1.1.0	NT=dia-acquisition;VV=v1.1.0	NT=sdrf-skills;VV=v0.2.0	Data-independent acquisition	NT=Orbitrap Astral;AC=MS:1003378	NT=Trypsin;AC=MS:1001251	NT=Lys-C;AC=MS:1001309	label free sample	1	NT=HCD;AC=MS:1000422	25% NCE	10 ppm	10 ppm	NT=Dithiothreitol (DTT);AC=PRIDE:0000608	NT=Chloroacetamide (ClAA);AC=PRIDE:0000600	NT=Carbamidomethyl;AC=UNIMOD:4;TA=C;MT=Fixed	NT=Oxidation;AC=UNIMOD:35;TA=M;MT=Variable	NT=asymmetric track lossless time-of-flight analyzer;AC=MS:1003379	MOMI ABGD	2024-10-16	380m/z-980m/z	150m/z-2000m/z	not available	not available	4
MOMI_QC_ABGD_P52_F12	Homo sapiens	blood plasma	not applicable	1	pooled	not available	not available	not available	not available	pooled	20241016_OA3_Evo02_ViAl_SA_FAIMS40_IO27_A556_MOMI_ABGD_P52_F12_R01	proteomic profiling by mass spectrometry	1	20241016_OA3_Evo02_ViAl_SA_FAIMS40_IO27_A556_MOMI_ABGD_P52_F12_R01.raw	v1.1.0	NT=ms-proteomics;VV=v1.1.0	NT=human;VV=v1.1.0	NT=dia-acquisition;VV=v1.1.0	NT=sdrf-skills;VV=v0.2.0	Data-independent acquisition	NT=Orbitrap Astral;AC=MS:1003378	NT=Trypsin;AC=MS:1001251	NT=Lys-C;AC=MS:1001309	label free sample	1	NT=HCD;AC=MS:1000422	25% NCE	10 ppm	10 ppm	NT=Dithiothreitol (DTT);AC=PRIDE:0000608	NT=Chloroacetamide (ClAA);AC=PRIDE:0000600	NT=Carbamidomethyl;AC=UNIMOD:4;TA=C;MT=Fixed	NT=Oxidation;AC=UNIMOD:35;TA=M;MT=Variable	NT=asymmetric track lossless time-of-flight analyzer;AC=MS:1003379	MOMI ABGD	2024-10-16	380m/z-980m/z	150m/z-2000m/z	not available	not available	4
MOMI_QC_ABGD_P52_G12	Homo sapiens	blood plasma	not applicable	1	pooled	not available	not available	not available	not available	pooled	20241016_OA3_Evo02_ViAl_SA_FAIMS40_IO27_A556_MOMI_ABGD_P52_G12_R01	proteomic profiling by mass spectrometry	1	20241016_OA3_Evo02_ViAl_SA_FAIMS40_IO27_A556_MOMI_ABGD_P52_G12_R01.raw	v1.1.0	NT=ms-proteomics;VV=v1.1.0	NT=human;VV=v1.1.0	NT=dia-acquisition;VV=v1.1.0	NT=sdrf-skills;VV=v0.2.0	Data-independent acquisition	NT=Orbitrap Astral;AC=MS:1003378	NT=Trypsin;AC=MS:1001251	NT=Lys-C;AC=MS:1001309	label free sample	1	NT=HCD;AC=MS:1000422	25% NCE	10 ppm	10 ppm	NT=Dithiothreitol (DTT);AC=PRIDE:0000608	NT=Chloroacetamide (ClAA);AC=PRIDE:0000600	NT=Carbamidomethyl;AC=UNIMOD:4;TA=C;MT=Fixed	NT=Oxidation;AC=UNIMOD:35;TA=M;MT=Variable	NT=asymmetric track lossless time-of-flight analyzer;AC=MS:1003379	MOMI ABGD	2024-10-16	380m/z-980m/z	150m/z-2000m/z	not available	not available	4
MOMI_QC_ABGD_P52_H12	Homo sapiens	blood plasma	not applicable	1	pooled	not available	not available	not available	not available	pooled	20241016_OA3_Evo02_ViAl_SA_FAIMS40_IO27_A556_MOMI_ABGD_P52_H12_R01	proteomic profiling by mass spectrometry	1	20241016_OA3_Evo02_ViAl_SA_FAIMS40_IO27_A556_MOMI_ABGD_P52_H12_R01.raw	v1.1.0	NT=ms-proteomics;VV=v1.1.0	NT=human;VV=v1.1.0	NT=dia-acquisition;VV=v1.1.0	NT=sdrf-skills;VV=v0.2.0	Data-independent acquisition	NT=Orbitrap Astral;AC=MS:1003378	NT=Trypsin;AC=MS:1001251	NT=Lys-C;AC=MS:1001309	label free sample	1	NT=HCD;AC=MS:1000422	25% NCE	10 ppm	10 ppm	NT=Dithiothreitol (DTT);AC=PRIDE:0000608	NT=Chloroacetamide (ClAA);AC=PRIDE:0000600	NT=Carbamidomethyl;AC=UNIMOD:4;TA=C;MT=Fixed	NT=Oxidation;AC=UNIMOD:35;TA=M;MT=Variable	NT=asymmetric track lossless time-of-flight analyzer;AC=MS:1003379	MOMI ABGD	2024-10-16	380m/z-980m/z	150m/z-2000m/z	not available	not available	4
MOMI_QC_APEM_P181_E12	Homo sapiens	blood plasma	not applicable	1	pooled	not available	not available	not available	not available	pooled	20241028_OA2_Evo08_ViAl_SA_FAIMS40_IO26_A556_MOMI_APEM_P181_E12_R01	proteomic profiling by mass spectrometry	1	20241028_OA2_Evo08_ViAl_SA_FAIMS40_IO26_A556_MOMI_APEM_P181_E12_R01.raw	v1.1.0	NT=ms-proteomics;VV=v1.1.0	NT=human;VV=v1.1.0	NT=dia-acquisition;VV=v1.1.0	NT=sdrf-skills;VV=v0.2.0	Data-independent acquisition	NT=Orbitrap Astral;AC=MS:1003378	NT=Trypsin;AC=MS:1001251	NT=Lys-C;AC=MS:1001309	label free sample	1	NT=HCD;AC=MS:1000422	25% NCE	10 ppm	10 ppm	NT=Dithiothreitol (DTT);AC=PRIDE:0000608	NT=Chloroacetamide (ClAA);AC=PRIDE:0000600	NT=Carbamidomethyl;AC=UNIMOD:4;TA=C;MT=Fixed	NT=Oxidation;AC=UNIMOD:35;TA=M;MT=Variable	NT=asymmetric track lossless time-of-flight analyzer;AC=MS:1003379	MOMI APEM	2024-10-28	380m/z-980m/z	150m/z-2000m/z	not available	not available	4
MOMI_QC_APEM_P181_F12	Homo sapiens	blood plasma	not applicable	1	pooled	not available	not available	not available	not available	pooled	20241028_OA2_Evo08_ViAl_SA_FAIMS40_IO26_A556_MOMI_APEM_P181_F12_R01	proteomic profiling by mass spectrometry	1	20241028_OA2_Evo08_ViAl_SA_FAIMS40_IO26_A556_MOMI_APEM_P181_F12_R01.raw	v1.1.0	NT=ms-proteomics;VV=v1.1.0	NT=human;VV=v1.1.0	NT=dia-acquisition;VV=v1.1.0	NT=sdrf-skills;VV=v0.2.0	Data-independent acquisition	NT=Orbitrap Astral;AC=MS:1003378	NT=Trypsin;AC=MS:1001251	NT=Lys-C;AC=MS:1001309	label free sample	1	NT=HCD;AC=MS:1000422	25% NCE	10 ppm	10 ppm	NT=Dithiothreitol (DTT);AC=PRIDE:0000608	NT=Chloroacetamide (ClAA);AC=PRIDE:0000600	NT=Carbamidomethyl;AC=UNIMOD:4;TA=C;MT=Fixed	NT=Oxidation;AC=UNIMOD:35;TA=M;MT=Variable	NT=asymmetric track lossless time-of-flight analyzer;AC=MS:1003379	MOMI APEM	2024-10-28	380m/z-980m/z	150m/z-2000m/z	not available	not available	4
MOMI_QC_APEM_P181_G12	Homo sapiens	blood plasma	not applicable	1	pooled	not available	not available	not available	not available	pooled	20241028_OA2_Evo08_ViAl_SA_FAIMS40_IO26_A556_MOMI_APEM_P181_G12_R01	proteomic profiling by mass spectrometry	1	20241028_OA2_Evo08_ViAl_SA_FAIMS40_IO26_A556_MOMI_APEM_P181_G12_R01.raw	v1.1.0	NT=ms-proteomics;VV=v1.1.0	NT=human;VV=v1.1.0	NT=dia-acquisition;VV=v1.1.0	NT=sdrf-skills;VV=v0.2.0	Data-independent acquisition	NT=Orbitrap Astral;AC=MS:1003378	NT=Trypsin;AC=MS:1001251	NT=Lys-C;AC=MS:1001309	label free sample	1	NT=HCD;AC=MS:1000422	25% NCE	10 ppm	10 ppm	NT=Dithiothreitol (DTT);AC=PRIDE:0000608	NT=Chloroacetamide (ClAA);AC=PRIDE:0000600	NT=Carbamidomethyl;AC=UNIMOD:4;TA=C;MT=Fixed	NT=Oxidation;AC=UNIMOD:35;TA=M;MT=Variable	NT=asymmetric track lossless time-of-flight analyzer;AC=MS:1003379	MOMI APEM	2024-10-28	380m/z-980m/z	150m/z-2000m/z	not available	not available	4
MOMI_QC_APEM_P181_H12	Homo sapiens	blood plasma	not applicable	1	pooled	not available	not available	not available	not available	pooled	20241028_OA2_Evo08_ViAl_SA_FAIMS40_IO26_A556_MOMI_APEM_P181_H12_R01	proteomic profiling by mass spectrometry	1	20241028_OA2_Evo08_ViAl_SA_FAIMS40_IO26_A556_MOMI_APEM_P181_H12_R01.raw	v1.1.0	NT=ms-proteomics;VV=v1.1.0	NT=human;VV=v1.1.0	NT=dia-acquisition;VV=v1.1.0	NT=sdrf-skills;VV=v0.2.0	Data-independent acquisition	NT=Orbitrap Astral;AC=MS:1003378	NT=Trypsin;AC=MS:1001251	NT=Lys-C;AC=MS:1001309	label free sample	1	NT=HCD;AC=MS:1000422	25% NCE	10 ppm	10 ppm	NT=Dithiothreitol (DTT);AC=PRIDE:0000608	NT=Chloroacetamide (ClAA);AC=PRIDE:0000600	NT=Carbamidomethyl;AC=UNIMOD:4;TA=C;MT=Fixed	NT=Oxidation;AC=UNIMOD:35;TA=M;MT=Variable	NT=asymmetric track lossless time-of-flight analyzer;AC=MS:1003379	MOMI APEM	2024-10-28	380m/z-980m/z	150m/z-2000m/z	not available	not available	4
MOMI_QC_APEM_P183_E12	Homo sapiens	blood plasma	not applicable	1	pooled	not available	not available	not available	not available	pooled	20241028_OA2_Evo08_ViAl_SA_FAIMS40_IO26_A556_MOMI_APEM_P183_E12_R01	proteomic profiling by mass spectrometry	1	20241028_OA2_Evo08_ViAl_SA_FAIMS40_IO26_A556_MOMI_APEM_P183_E12_R01.raw	v1.1.0	NT=ms-proteomics;VV=v1.1.0	NT=human;VV=v1.1.0	NT=dia-acquisition;VV=v1.1.0	NT=sdrf-skills;VV=v0.2.0	Data-independent acquisition	NT=Orbitrap Astral;AC=MS:1003378	NT=Trypsin;AC=MS:1001251	NT=Lys-C;AC=MS:1001309	label free sample	1	NT=HCD;AC=MS:1000422	25% NCE	10 ppm	10 ppm	NT=Dithiothreitol (DTT);AC=PRIDE:0000608	NT=Chloroacetamide (ClAA);AC=PRIDE:0000600	NT=Carbamidomethyl;AC=UNIMOD:4;TA=C;MT=Fixed	NT=Oxidation;AC=UNIMOD:35;TA=M;MT=Variable	NT=asymmetric track lossless time-of-flight analyzer;AC=MS:1003379	MOMI APEM	2024-10-28	380m/z-980m/z	150m/z-2000m/z	not available	not available	4
MOMI_QC_APEM_P183_F12	Homo sapiens	blood plasma	not applicable	1	pooled	not available	not available	not available	not available	pooled	20241028_OA2_Evo08_ViAl_SA_FAIMS40_IO26_A556_MOMI_APEM_P183_F12_R01	proteomic profiling by mass spectrometry	1	20241028_OA2_Evo08_ViAl_SA_FAIMS40_IO26_A556_MOMI_APEM_P183_F12_R01.raw	v1.1.0	NT=ms-proteomics;VV=v1.1.0	NT=human;VV=v1.1.0	NT=dia-acquisition;VV=v1.1.0	NT=sdrf-skills;VV=v0.2.0	Data-independent acquisition	NT=Orbitrap Astral;AC=MS:1003378	NT=Trypsin;AC=MS:1001251	NT=Lys-C;AC=MS:1001309	label free sample	1	NT=HCD;AC=MS:1000422	25% NCE	10 ppm	10 ppm	NT=Dithiothreitol (DTT);AC=PRIDE:0000608	NT=Chloroacetamide (ClAA);AC=PRIDE:0000600	NT=Carbamidomethyl;AC=UNIMOD:4;TA=C;MT=Fixed	NT=Oxidation;AC=UNIMOD:35;TA=M;MT=Variable	NT=asymmetric track lossless time-of-flight analyzer;AC=MS:1003379	MOMI APEM	2024-10-28	380m/z-980m/z	150m/z-2000m/z	not available	not available	4
MOMI_QC_APEM_P183_G12	Homo sapiens	blood plasma	not applicable	1	pooled	not available	not available	not available	not available	pooled	20241028_OA2_Evo08_ViAl_SA_FAIMS40_IO26_A556_MOMI_APEM_P183_G12_R01	proteomic profiling by mass spectrometry	1	20241028_OA2_Evo08_ViAl_SA_FAIMS40_IO26_A556_MOMI_APEM_P183_G12_R01.raw	v1.1.0	NT=ms-proteomics;VV=v1.1.0	NT=human;VV=v1.1.0	NT=dia-acquisition;VV=v1.1.0	NT=sdrf-skills;VV=v0.2.0	Data-independent acquisition	NT=Orbitrap Astral;AC=MS:1003378	NT=Trypsin;AC=MS:1001251	NT=Lys-C;AC=MS:1001309	label free sample	1	NT=HCD;AC=MS:1000422	25% NCE	10 ppm	10 ppm	NT=Dithiothreitol (DTT);AC=PRIDE:0000608	NT=Chloroacetamide (ClAA);AC=PRIDE:0000600	NT=Carbamidomethyl;AC=UNIMOD:4;TA=C;MT=Fixed	NT=Oxidation;AC=UNIMOD:35;TA=M;MT=Variable	NT=asymmetric track lossless time-of-flight analyzer;AC=MS:1003379	MOMI APEM	2024-10-28	380m/z-980m/z	150m/z-2000m/z	not available	not available	4
MOMI_QC_APEM_P183_H12	Homo sapiens	blood plasma	not applicable	1	pooled	not available	not available	not available	not available	pooled	20241028_OA2_Evo08_ViAl_SA_FAIMS40_IO26_A556_MOMI_APEM_P183_H12_R01	proteomic profiling by mass spectrometry	1	20241028_OA2_Evo08_ViAl_SA_FAIMS40_IO26_A556_MOMI_APEM_P183_H12_R01.raw	v1.1.0	NT=ms-proteomics;VV=v1.1.0	NT=human;VV=v1.1.0	NT=dia-acquisition;VV=v1.1.0	NT=sdrf-skills;VV=v0.2.0	Data-independent acquisition	NT=Orbitrap Astral;AC=MS:1003378	NT=Trypsin;AC=MS:1001251	NT=Lys-C;AC=MS:1001309	label free sample	1	NT=HCD;AC=MS:1000422	25% NCE	10 ppm	10 ppm	NT=Dithiothreitol (DTT);AC=PRIDE:0000608	NT=Chloroacetamide (ClAA);AC=PRIDE:0000600	NT=Carbamidomethyl;AC=UNIMOD:4;TA=C;MT=Fixed	NT=Oxidation;AC=UNIMOD:35;TA=M;MT=Variable	NT=asymmetric track lossless time-of-flight analyzer;AC=MS:1003379	MOMI APEM	2024-10-28	380m/z-980m/z	150m/z-2000m/z	not available	not available	4
MOMI_QC_APEM_P184_E12	Homo sapiens	blood plasma	not applicable	1	pooled	not available	not available	not available	not available	pooled	20241028_OA2_Evo08_ViAl_SA_FAIMS40_IO26_A556_MOMI_APEM_P184_E12_R01	proteomic profiling by mass spectrometry	1	20241028_OA2_Evo08_ViAl_SA_FAIMS40_IO26_A556_MOMI_APEM_P184_E12_R01.raw	v1.1.0	NT=ms-proteomics;VV=v1.1.0	NT=human;VV=v1.1.0	NT=dia-acquisition;VV=v1.1.0	NT=sdrf-skills;VV=v0.2.0	Data-independent acquisition	NT=Orbitrap Astral;AC=MS:1003378	NT=Trypsin;AC=MS:1001251	NT=Lys-C;AC=MS:1001309	label free sample	1	NT=HCD;AC=MS:1000422	25% NCE	10 ppm	10 ppm	NT=Dithiothreitol (DTT);AC=PRIDE:0000608	NT=Chloroacetamide (ClAA);AC=PRIDE:0000600	NT=Carbamidomethyl;AC=UNIMOD:4;TA=C;MT=Fixed	NT=Oxidation;AC=UNIMOD:35;TA=M;MT=Variable	NT=asymmetric track lossless time-of-flight analyzer;AC=MS:1003379	MOMI APEM	2024-10-28	380m/z-980m/z	150m/z-2000m/z	not available	not available	4
MOMI_QC_APEM_P184_F12	Homo sapiens	blood plasma	not applicable	1	pooled	not available	not available	not available	not available	pooled	20241028_OA2_Evo08_ViAl_SA_FAIMS40_IO26_A556_MOMI_APEM_P184_F12_R01	proteomic profiling by mass spectrometry	1	20241028_OA2_Evo08_ViAl_SA_FAIMS40_IO26_A556_MOMI_APEM_P184_F12_R01.raw	v1.1.0	NT=ms-proteomics;VV=v1.1.0	NT=human;VV=v1.1.0	NT=dia-acquisition;VV=v1.1.0	NT=sdrf-skills;VV=v0.2.0	Data-independent acquisition	NT=Orbitrap Astral;AC=MS:1003378	NT=Trypsin;AC=MS:1001251	NT=Lys-C;AC=MS:1001309	label free sample	1	NT=HCD;AC=MS:1000422	25% NCE	10 ppm	10 ppm	NT=Dithiothreitol (DTT);AC=PRIDE:0000608	NT=Chloroacetamide (ClAA);AC=PRIDE:0000600	NT=Carbamidomethyl;AC=UNIMOD:4;TA=C;MT=Fixed	NT=Oxidation;AC=UNIMOD:35;TA=M;MT=Variable	NT=asymmetric track lossless time-of-flight analyzer;AC=MS:1003379	MOMI APEM	2024-10-28	380m/z-980m/z	150m/z-2000m/z	not available	not available	4
MOMI_QC_APEM_P184_G12	Homo sapiens	blood plasma	not applicable	1	pooled	not available	not available	not available	not available	pooled	20241028_OA2_Evo08_ViAl_SA_FAIMS40_IO26_A556_MOMI_APEM_P184_G12_R01	proteomic profiling by mass spectrometry	1	20241028_OA2_Evo08_ViAl_SA_FAIMS40_IO26_A556_MOMI_APEM_P184_G12_R01.raw	v1.1.0	NT=ms-proteomics;VV=v1.1.0	NT=human;VV=v1.1.0	NT=dia-acquisition;VV=v1.1.0	NT=sdrf-skills;VV=v0.2.0	Data-independent acquisition	NT=Orbitrap Astral;AC=MS:1003378	NT=Trypsin;AC=MS:1001251	NT=Lys-C;AC=MS:1001309	label free sample	1	NT=HCD;AC=MS:1000422	25% NCE	10 ppm	10 ppm	NT=Dithiothreitol (DTT);AC=PRIDE:0000608	NT=Chloroacetamide (ClAA);AC=PRIDE:0000600	NT=Carbamidomethyl;AC=UNIMOD:4;TA=C;MT=Fixed	NT=Oxidation;AC=UNIMOD:35;TA=M;MT=Variable	NT=asymmetric track lossless time-of-flight analyzer;AC=MS:1003379	MOMI APEM	2024-10-28	380m/z-980m/z	150m/z-2000m/z	not available	not available	4
MOMI_QC_APEM_P184_H12	Homo sapiens	blood plasma	not applicable	1	pooled	not available	not available	not available	not available	pooled	20241028_OA2_Evo08_ViAl_SA_FAIMS40_IO26_A556_MOMI_APEM_P184_H12_R01	proteomic profiling by mass spectrometry	1	20241028_OA2_Evo08_ViAl_SA_FAIMS40_IO26_A556_MOMI_APEM_P184_H12_R01.raw	v1.1.0	NT=ms-proteomics;VV=v1.1.0	NT=human;VV=v1.1.0	NT=dia-acquisition;VV=v1.1.0	NT=sdrf-skills;VV=v0.2.0	Data-independent acquisition	NT=Orbitrap Astral;AC=MS:1003378	NT=Trypsin;AC=MS:1001251	NT=Lys-C;AC=MS:1001309	label free sample	1	NT=HCD;AC=MS:1000422	25% NCE	10 ppm	10 ppm	NT=Dithiothreitol (DTT);AC=PRIDE:0000608	NT=Chloroacetamide (ClAA);AC=PRIDE:0000600	NT=Carbamidomethyl;AC=UNIMOD:4;TA=C;MT=Fixed	NT=Oxidation;AC=UNIMOD:35;TA=M;MT=Variable	NT=asymmetric track lossless time-of-flight analyzer;AC=MS:1003379	MOMI APEM	2024-10-28	380m/z-980m/z	150m/z-2000m/z	not available	not available	4
MOMI_QC_APEM_P185_E12	Homo sapiens	blood plasma	not applicable	1	pooled	not available	not available	not available	not available	pooled	20241028_OA2_Evo08_ViAl_SA_FAIMS40_IO26_A556_MOMI_APEM_P185_E12_R01	proteomic profiling by mass spectrometry	1	20241028_OA2_Evo08_ViAl_SA_FAIMS40_IO26_A556_MOMI_APEM_P185_E12_R01.raw	v1.1.0	NT=ms-proteomics;VV=v1.1.0	NT=human;VV=v1.1.0	NT=dia-acquisition;VV=v1.1.0	NT=sdrf-skills;VV=v0.2.0	Data-independent acquisition	NT=Orbitrap Astral;AC=MS:1003378	NT=Trypsin;AC=MS:1001251	NT=Lys-C;AC=MS:1001309	label free sample	1	NT=HCD;AC=MS:1000422	25% NCE	10 ppm	10 ppm	NT=Dithiothreitol (DTT);AC=PRIDE:0000608	NT=Chloroacetamide (ClAA);AC=PRIDE:0000600	NT=Carbamidomethyl;AC=UNIMOD:4;TA=C;MT=Fixed	NT=Oxidation;AC=UNIMOD:35;TA=M;MT=Variable	NT=asymmetric track lossless time-of-flight analyzer;AC=MS:1003379	MOMI APEM	2024-10-28	380m/z-980m/z	150m/z-2000m/z	not available	not available	4
MOMI_QC_APEM_P185_F12	Homo sapiens	blood plasma	not applicable	1	pooled	not available	not available	not available	not available	pooled	20241028_OA2_Evo08_ViAl_SA_FAIMS40_IO26_A556_MOMI_APEM_P185_F12_R01	proteomic profiling by mass spectrometry	1	20241028_OA2_Evo08_ViAl_SA_FAIMS40_IO26_A556_MOMI_APEM_P185_F12_R01.raw	v1.1.0	NT=ms-proteomics;VV=v1.1.0	NT=human;VV=v1.1.0	NT=dia-acquisition;VV=v1.1.0	NT=sdrf-skills;VV=v0.2.0	Data-independent acquisition	NT=Orbitrap Astral;AC=MS:1003378	NT=Trypsin;AC=MS:1001251	NT=Lys-C;AC=MS:1001309	label free sample	1	NT=HCD;AC=MS:1000422	25% NCE	10 ppm	10 ppm	NT=Dithiothreitol (DTT);AC=PRIDE:0000608	NT=Chloroacetamide (ClAA);AC=PRIDE:0000600	NT=Carbamidomethyl;AC=UNIMOD:4;TA=C;MT=Fixed	NT=Oxidation;AC=UNIMOD:35;TA=M;MT=Variable	NT=asymmetric track lossless time-of-flight analyzer;AC=MS:1003379	MOMI APEM	2024-10-28	380m/z-980m/z	150m/z-2000m/z	not available	not available	4
MOMI_QC_APEM_P185_G12	Homo sapiens	blood plasma	not applicable	1	pooled	not available	not available	not available	not available	pooled	20241028_OA2_Evo08_ViAl_SA_FAIMS40_IO26_A556_MOMI_APEM_P185_G12_R01	proteomic profiling by mass spectrometry	1	20241028_OA2_Evo08_ViAl_SA_FAIMS40_IO26_A556_MOMI_APEM_P185_G12_R01.raw	v1.1.0	NT=ms-proteomics;VV=v1.1.0	NT=human;VV=v1.1.0	NT=dia-acquisition;VV=v1.1.0	NT=sdrf-skills;VV=v0.2.0	Data-independent acquisition	NT=Orbitrap Astral;AC=MS:1003378	NT=Trypsin;AC=MS:1001251	NT=Lys-C;AC=MS:1001309	label free sample	1	NT=HCD;AC=MS:1000422	25% NCE	10 ppm	10 ppm	NT=Dithiothreitol (DTT);AC=PRIDE:0000608	NT=Chloroacetamide (ClAA);AC=PRIDE:0000600	NT=Carbamidomethyl;AC=UNIMOD:4;TA=C;MT=Fixed	NT=Oxidation;AC=UNIMOD:35;TA=M;MT=Variable	NT=asymmetric track lossless time-of-flight analyzer;AC=MS:1003379	MOMI APEM	2024-10-28	380m/z-980m/z	150m/z-2000m/z	not available	not available	4
MOMI_QC_APEM_P185_H12	Homo sapiens	blood plasma	not applicable	1	pooled	not available	not available	not available	not available	pooled	20241028_OA2_Evo08_ViAl_SA_FAIMS40_IO26_A556_MOMI_APEM_P185_H12_R01	proteomic profiling by mass spectrometry	1	20241028_OA2_Evo08_ViAl_SA_FAIMS40_IO26_A556_MOMI_APEM_P185_H12_R01.raw	v1.1.0	NT=ms-proteomics;VV=v1.1.0	NT=human;VV=v1.1.0	NT=dia-acquisition;VV=v1.1.0	NT=sdrf-skills;VV=v0.2.0	Data-independent acquisition	NT=Orbitrap Astral;AC=MS:1003378	NT=Trypsin;AC=MS:1001251	NT=Lys-C;AC=MS:1001309	label free sample	1	NT=HCD;AC=MS:1000422	25% NCE	10 ppm	10 ppm	NT=Dithiothreitol (DTT);AC=PRIDE:0000608	NT=Chloroacetamide (ClAA);AC=PRIDE:0000600	NT=Carbamidomethyl;AC=UNIMOD:4;TA=C;MT=Fixed	NT=Oxidation;AC=UNIMOD:35;TA=M;MT=Variable	NT=asymmetric track lossless time-of-flight analyzer;AC=MS:1003379	MOMI APEM	2024-10-28	380m/z-980m/z	150m/z-2000m/z	not available	not available	4
MOMI_QC_APEM_P186_E12	Homo sapiens	blood plasma	not applicable	1	pooled	not available	not available	not available	not available	pooled	20241028_OA2_Evo08_ViAl_SA_FAIMS40_IO26_A556_MOMI_APEM_P186_E12_R01	proteomic profiling by mass spectrometry	1	20241028_OA2_Evo08_ViAl_SA_FAIMS40_IO26_A556_MOMI_APEM_P186_E12_R01.raw	v1.1.0	NT=ms-proteomics;VV=v1.1.0	NT=human;VV=v1.1.0	NT=dia-acquisition;VV=v1.1.0	NT=sdrf-skills;VV=v0.2.0	Data-independent acquisition	NT=Orbitrap Astral;AC=MS:1003378	NT=Trypsin;AC=MS:1001251	NT=Lys-C;AC=MS:1001309	label free sample	1	NT=HCD;AC=MS:1000422	25% NCE	10 ppm	10 ppm	NT=Dithiothreitol (DTT);AC=PRIDE:0000608	NT=Chloroacetamide (ClAA);AC=PRIDE:0000600	NT=Carbamidomethyl;AC=UNIMOD:4;TA=C;MT=Fixed	NT=Oxidation;AC=UNIMOD:35;TA=M;MT=Variable	NT=asymmetric track lossless time-of-flight analyzer;AC=MS:1003379	MOMI APEM	2024-10-28	380m/z-980m/z	150m/z-2000m/z	not available	not available	4
MOMI_QC_APEM_P186_F12	Homo sapiens	blood plasma	not applicable	1	pooled	not available	not available	not available	not available	pooled	20241028_OA2_Evo08_ViAl_SA_FAIMS40_IO26_A556_MOMI_APEM_P186_F12_R01	proteomic profiling by mass spectrometry	1	20241028_OA2_Evo08_ViAl_SA_FAIMS40_IO26_A556_MOMI_APEM_P186_F12_R01.raw	v1.1.0	NT=ms-proteomics;VV=v1.1.0	NT=human;VV=v1.1.0	NT=dia-acquisition;VV=v1.1.0	NT=sdrf-skills;VV=v0.2.0	Data-independent acquisition	NT=Orbitrap Astral;AC=MS:1003378	NT=Trypsin;AC=MS:1001251	NT=Lys-C;AC=MS:1001309	label free sample	1	NT=HCD;AC=MS:1000422	25% NCE	10 ppm	10 ppm	NT=Dithiothreitol (DTT);AC=PRIDE:0000608	NT=Chloroacetamide (ClAA);AC=PRIDE:0000600	NT=Carbamidomethyl;AC=UNIMOD:4;TA=C;MT=Fixed	NT=Oxidation;AC=UNIMOD:35;TA=M;MT=Variable	NT=asymmetric track lossless time-of-flight analyzer;AC=MS:1003379	MOMI APEM	2024-10-28	380m/z-980m/z	150m/z-2000m/z	not available	not available	4
MOMI_QC_APEM_P186_G12	Homo sapiens	blood plasma	not applicable	1	pooled	not available	not available	not available	not available	pooled	20241028_OA2_Evo08_ViAl_SA_FAIMS40_IO26_A556_MOMI_APEM_P186_G12_R01	proteomic profiling by mass spectrometry	1	20241028_OA2_Evo08_ViAl_SA_FAIMS40_IO26_A556_MOMI_APEM_P186_G12_R01.raw	v1.1.0	NT=ms-proteomics;VV=v1.1.0	NT=human;VV=v1.1.0	NT=dia-acquisition;VV=v1.1.0	NT=sdrf-skills;VV=v0.2.0	Data-independent acquisition	NT=Orbitrap Astral;AC=MS:1003378	NT=Trypsin;AC=MS:1001251	NT=Lys-C;AC=MS:1001309	label free sample	1	NT=HCD;AC=MS:1000422	25% NCE	10 ppm	10 ppm	NT=Dithiothreitol (DTT);AC=PRIDE:0000608	NT=Chloroacetamide (ClAA);AC=PRIDE:0000600	NT=Carbamidomethyl;AC=UNIMOD:4;TA=C;MT=Fixed	NT=Oxidation;AC=UNIMOD:35;TA=M;MT=Variable	NT=asymmetric track lossless time-of-flight analyzer;AC=MS:1003379	MOMI APEM	2024-10-28	380m/z-980m/z	150m/z-2000m/z	not available	not available	4
MOMI_QC_APEM_P186_H12	Homo sapiens	blood plasma	not applicable	1	pooled	not available	not available	not available	not available	pooled	20241028_OA2_Evo08_ViAl_SA_FAIMS40_IO26_A556_MOMI_APEM_P186_H12_R01	proteomic profiling by mass spectrometry	1	20241028_OA2_Evo08_ViAl_SA_FAIMS40_IO26_A556_MOMI_APEM_P186_H12_R01.raw	v1.1.0	NT=ms-proteomics;VV=v1.1.0	NT=human;VV=v1.1.0	NT=dia-acquisition;VV=v1.1.0	NT=sdrf-skills;VV=v0.2.0	Data-independent acquisition	NT=Orbitrap Astral;AC=MS:1003378	NT=Trypsin;AC=MS:1001251	NT=Lys-C;AC=MS:1001309	label free sample	1	NT=HCD;AC=MS:1000422	25% NCE	10 ppm	10 ppm	NT=Dithiothreitol (DTT);AC=PRIDE:0000608	NT=Chloroacetamide (ClAA);AC=PRIDE:0000600	NT=Carbamidomethyl;AC=UNIMOD:4;TA=C;MT=Fixed	NT=Oxidation;AC=UNIMOD:35;TA=M;MT=Variable	NT=asymmetric track lossless time-of-flight analyzer;AC=MS:1003379	MOMI APEM	2024-10-28	380m/z-980m/z	150m/z-2000m/z	not available	not available	4
MOMI_QC_APEM_P187_E12	Homo sapiens	blood plasma	not applicable	1	pooled	not available	not available	not available	not available	pooled	20241028_OA2_Evo08_ViAl_SA_FAIMS40_IO26_A556_MOMI_APEM_P187_E12_R01	proteomic profiling by mass spectrometry	1	20241028_OA2_Evo08_ViAl_SA_FAIMS40_IO26_A556_MOMI_APEM_P187_E12_R01.raw	v1.1.0	NT=ms-proteomics;VV=v1.1.0	NT=human;VV=v1.1.0	NT=dia-acquisition;VV=v1.1.0	NT=sdrf-skills;VV=v0.2.0	Data-independent acquisition	NT=Orbitrap Astral;AC=MS:1003378	NT=Trypsin;AC=MS:1001251	NT=Lys-C;AC=MS:1001309	label free sample	1	NT=HCD;AC=MS:1000422	25% NCE	10 ppm	10 ppm	NT=Dithiothreitol (DTT);AC=PRIDE:0000608	NT=Chloroacetamide (ClAA);AC=PRIDE:0000600	NT=Carbamidomethyl;AC=UNIMOD:4;TA=C;MT=Fixed	NT=Oxidation;AC=UNIMOD:35;TA=M;MT=Variable	NT=asymmetric track lossless time-of-flight analyzer;AC=MS:1003379	MOMI APEM	2024-10-28	380m/z-980m/z	150m/z-2000m/z	not available	not available	4
MOMI_QC_APEM_P187_F12	Homo sapiens	blood plasma	not applicable	1	pooled	not available	not available	not available	not available	pooled	20241028_OA2_Evo08_ViAl_SA_FAIMS40_IO26_A556_MOMI_APEM_P187_F12_R01	proteomic profiling by mass spectrometry	1	20241028_OA2_Evo08_ViAl_SA_FAIMS40_IO26_A556_MOMI_APEM_P187_F12_R01.raw	v1.1.0	NT=ms-proteomics;VV=v1.1.0	NT=human;VV=v1.1.0	NT=dia-acquisition;VV=v1.1.0	NT=sdrf-skills;VV=v0.2.0	Data-independent acquisition	NT=Orbitrap Astral;AC=MS:1003378	NT=Trypsin;AC=MS:1001251	NT=Lys-C;AC=MS:1001309	label free sample	1	NT=HCD;AC=MS:1000422	25% NCE	10 ppm	10 ppm	NT=Dithiothreitol (DTT);AC=PRIDE:0000608	NT=Chloroacetamide (ClAA);AC=PRIDE:0000600	NT=Carbamidomethyl;AC=UNIMOD:4;TA=C;MT=Fixed	NT=Oxidation;AC=UNIMOD:35;TA=M;MT=Variable	NT=asymmetric track lossless time-of-flight analyzer;AC=MS:1003379	MOMI APEM	2024-10-28	380m/z-980m/z	150m/z-2000m/z	not available	not available	4
MOMI_QC_APEM_P187_G12	Homo sapiens	blood plasma	not applicable	1	pooled	not available	not available	not available	not available	pooled	20241028_OA2_Evo08_ViAl_SA_FAIMS40_IO26_A556_MOMI_APEM_P187_G12_R01	proteomic profiling by mass spectrometry	1	20241028_OA2_Evo08_ViAl_SA_FAIMS40_IO26_A556_MOMI_APEM_P187_G12_R01.raw	v1.1.0	NT=ms-proteomics;VV=v1.1.0	NT=human;VV=v1.1.0	NT=dia-acquisition;VV=v1.1.0	NT=sdrf-skills;VV=v0.2.0	Data-independent acquisition	NT=Orbitrap Astral;AC=MS:1003378	NT=Trypsin;AC=MS:1001251	NT=Lys-C;AC=MS:1001309	label free sample	1	NT=HCD;AC=MS:1000422	25% NCE	10 ppm	10 ppm	NT=Dithiothreitol (DTT);AC=PRIDE:0000608	NT=Chloroacetamide (ClAA);AC=PRIDE:0000600	NT=Carbamidomethyl;AC=UNIMOD:4;TA=C;MT=Fixed	NT=Oxidation;AC=UNIMOD:35;TA=M;MT=Variable	NT=asymmetric track lossless time-of-flight analyzer;AC=MS:1003379	MOMI APEM	2024-10-28	380m/z-980m/z	150m/z-2000m/z	not available	not available	4
MOMI_QC_APEM_P187_H12	Homo sapiens	blood plasma	not applicable	1	pooled	not available	not available	not available	not available	pooled	20241028_OA2_Evo08_ViAl_SA_FAIMS40_IO26_A556_MOMI_APEM_P187_H12_R01	proteomic profiling by mass spectrometry	1	20241028_OA2_Evo08_ViAl_SA_FAIMS40_IO26_A556_MOMI_APEM_P187_H12_R01.raw	v1.1.0	NT=ms-proteomics;VV=v1.1.0	NT=human;VV=v1.1.0	NT=dia-acquisition;VV=v1.1.0	NT=sdrf-skills;VV=v0.2.0	Data-independent acquisition	NT=Orbitrap Astral;AC=MS:1003378	NT=Trypsin;AC=MS:1001251	NT=Lys-C;AC=MS:1001309	label free sample	1	NT=HCD;AC=MS:1000422	25% NCE	10 ppm	10 ppm	NT=Dithiothreitol (DTT);AC=PRIDE:0000608	NT=Chloroacetamide (ClAA);AC=PRIDE:0000600	NT=Carbamidomethyl;AC=UNIMOD:4;TA=C;MT=Fixed	NT=Oxidation;AC=UNIMOD:35;TA=M;MT=Variable	NT=asymmetric track lossless time-of-flight analyzer;AC=MS:1003379	MOMI APEM	2024-10-28	380m/z-980m/z	150m/z-2000m/z	not available	not available	4
MOMI_QC_APEM_P188_E12	Homo sapiens	blood plasma	not applicable	1	pooled	not available	not available	not available	not available	pooled	20241028_OA2_Evo08_ViAl_SA_FAIMS40_IO26_A556_MOMI_APEM_P188_E12_R01	proteomic profiling by mass spectrometry	1	20241028_OA2_Evo08_ViAl_SA_FAIMS40_IO26_A556_MOMI_APEM_P188_E12_R01.raw	v1.1.0	NT=ms-proteomics;VV=v1.1.0	NT=human;VV=v1.1.0	NT=dia-acquisition;VV=v1.1.0	NT=sdrf-skills;VV=v0.2.0	Data-independent acquisition	NT=Orbitrap Astral;AC=MS:1003378	NT=Trypsin;AC=MS:1001251	NT=Lys-C;AC=MS:1001309	label free sample	1	NT=HCD;AC=MS:1000422	25% NCE	10 ppm	10 ppm	NT=Dithiothreitol (DTT);AC=PRIDE:0000608	NT=Chloroacetamide (ClAA);AC=PRIDE:0000600	NT=Carbamidomethyl;AC=UNIMOD:4;TA=C;MT=Fixed	NT=Oxidation;AC=UNIMOD:35;TA=M;MT=Variable	NT=asymmetric track lossless time-of-flight analyzer;AC=MS:1003379	MOMI APEM	2024-10-28	380m/z-980m/z	150m/z-2000m/z	not available	not available	4
MOMI_QC_APEM_P188_F12	Homo sapiens	blood plasma	not applicable	1	pooled	not available	not available	not available	not available	pooled	20241028_OA2_Evo08_ViAl_SA_FAIMS40_IO26_A556_MOMI_APEM_P188_F12_R01	proteomic profiling by mass spectrometry	1	20241028_OA2_Evo08_ViAl_SA_FAIMS40_IO26_A556_MOMI_APEM_P188_F12_R01.raw	v1.1.0	NT=ms-proteomics;VV=v1.1.0	NT=human;VV=v1.1.0	NT=dia-acquisition;VV=v1.1.0	NT=sdrf-skills;VV=v0.2.0	Data-independent acquisition	NT=Orbitrap Astral;AC=MS:1003378	NT=Trypsin;AC=MS:1001251	NT=Lys-C;AC=MS:1001309	label free sample	1	NT=HCD;AC=MS:1000422	25% NCE	10 ppm	10 ppm	NT=Dithiothreitol (DTT);AC=PRIDE:0000608	NT=Chloroacetamide (ClAA);AC=PRIDE:0000600	NT=Carbamidomethyl;AC=UNIMOD:4;TA=C;MT=Fixed	NT=Oxidation;AC=UNIMOD:35;TA=M;MT=Variable	NT=asymmetric track lossless time-of-flight analyzer;AC=MS:1003379	MOMI APEM	2024-10-28	380m/z-980m/z	150m/z-2000m/z	not available	not available	4
MOMI_QC_APEM_P188_G12	Homo sapiens	blood plasma	not applicable	1	pooled	not available	not available	not available	not available	pooled	20241028_OA2_Evo08_ViAl_SA_FAIMS40_IO26_A556_MOMI_APEM_P188_G12_R01	proteomic profiling by mass spectrometry	1	20241028_OA2_Evo08_ViAl_SA_FAIMS40_IO26_A556_MOMI_APEM_P188_G12_R01.raw	v1.1.0	NT=ms-proteomics;VV=v1.1.0	NT=human;VV=v1.1.0	NT=dia-acquisition;VV=v1.1.0	NT=sdrf-skills;VV=v0.2.0	Data-independent acquisition	NT=Orbitrap Astral;AC=MS:1003378	NT=Trypsin;AC=MS:1001251	NT=Lys-C;AC=MS:1001309	label free sample	1	NT=HCD;AC=MS:1000422	25% NCE	10 ppm	10 ppm	NT=Dithiothreitol (DTT);AC=PRIDE:0000608	NT=Chloroacetamide (ClAA);AC=PRIDE:0000600	NT=Carbamidomethyl;AC=UNIMOD:4;TA=C;MT=Fixed	NT=Oxidation;AC=UNIMOD:35;TA=M;MT=Variable	NT=asymmetric track lossless time-of-flight analyzer;AC=MS:1003379	MOMI APEM	2024-10-28	380m/z-980m/z	150m/z-2000m/z	not available	not available	4
MOMI_QC_APEM_P188_H12	Homo sapiens	blood plasma	not applicable	1	pooled	not available	not available	not available	not available	pooled	20241028_OA2_Evo08_ViAl_SA_FAIMS40_IO26_A556_MOMI_APEM_P188_H12_R01	proteomic profiling by mass spectrometry	1	20241028_OA2_Evo08_ViAl_SA_FAIMS40_IO26_A556_MOMI_APEM_P188_H12_R01.raw	v1.1.0	NT=ms-proteomics;VV=v1.1.0	NT=human;VV=v1.1.0	NT=dia-acquisition;VV=v1.1.0	NT=sdrf-skills;VV=v0.2.0	Data-independent acquisition	NT=Orbitrap Astral;AC=MS:1003378	NT=Trypsin;AC=MS:1001251	NT=Lys-C;AC=MS:1001309	label free sample	1	NT=HCD;AC=MS:1000422	25% NCE	10 ppm	10 ppm	NT=Dithiothreitol (DTT);AC=PRIDE:0000608	NT=Chloroacetamide (ClAA);AC=PRIDE:0000600	NT=Carbamidomethyl;AC=UNIMOD:4;TA=C;MT=Fixed	NT=Oxidation;AC=UNIMOD:35;TA=M;MT=Variable	NT=asymmetric track lossless time-of-flight analyzer;AC=MS:1003379	MOMI APEM	2024-10-28	380m/z-980m/z	150m/z-2000m/z	not available	not available	4
MOMI_QC_ABGD_P53_E12	Homo sapiens	blood plasma	not applicable	1	pooled	not available	not available	not available	not available	pooled	20241028_OA3_Evo02_ViAl_SA_FAIMS40_IO27_A556_MOMI_ABGD_P53_E12_R01	proteomic profiling by mass spectrometry	1	20241028_OA3_Evo02_ViAl_SA_FAIMS40_IO27_A556_MOMI_ABGD_P53_E12_R01.raw	v1.1.0	NT=ms-proteomics;VV=v1.1.0	NT=human;VV=v1.1.0	NT=dia-acquisition;VV=v1.1.0	NT=sdrf-skills;VV=v0.2.0	Data-independent acquisition	NT=Orbitrap Astral;AC=MS:1003378	NT=Trypsin;AC=MS:1001251	NT=Lys-C;AC=MS:1001309	label free sample	1	NT=HCD;AC=MS:1000422	25% NCE	10 ppm	10 ppm	NT=Dithiothreitol (DTT);AC=PRIDE:0000608	NT=Chloroacetamide (ClAA);AC=PRIDE:0000600	NT=Carbamidomethyl;AC=UNIMOD:4;TA=C;MT=Fixed	NT=Oxidation;AC=UNIMOD:35;TA=M;MT=Variable	NT=asymmetric track lossless time-of-flight analyzer;AC=MS:1003379	MOMI ABGD	2024-10-28	380m/z-980m/z	150m/z-2000m/z	not available	not available	4
MOMI_QC_ABGD_P53_F12	Homo sapiens	blood plasma	not applicable	1	pooled	not available	not available	not available	not available	pooled	20241028_OA3_Evo02_ViAl_SA_FAIMS40_IO27_A556_MOMI_ABGD_P53_F12_R01	proteomic profiling by mass spectrometry	1	20241028_OA3_Evo02_ViAl_SA_FAIMS40_IO27_A556_MOMI_ABGD_P53_F12_R01.raw	v1.1.0	NT=ms-proteomics;VV=v1.1.0	NT=human;VV=v1.1.0	NT=dia-acquisition;VV=v1.1.0	NT=sdrf-skills;VV=v0.2.0	Data-independent acquisition	NT=Orbitrap Astral;AC=MS:1003378	NT=Trypsin;AC=MS:1001251	NT=Lys-C;AC=MS:1001309	label free sample	1	NT=HCD;AC=MS:1000422	25% NCE	10 ppm	10 ppm	NT=Dithiothreitol (DTT);AC=PRIDE:0000608	NT=Chloroacetamide (ClAA);AC=PRIDE:0000600	NT=Carbamidomethyl;AC=UNIMOD:4;TA=C;MT=Fixed	NT=Oxidation;AC=UNIMOD:35;TA=M;MT=Variable	NT=asymmetric track lossless time-of-flight analyzer;AC=MS:1003379	MOMI ABGD	2024-10-28	380m/z-980m/z	150m/z-2000m/z	not available	not available	4
MOMI_QC_ABGD_P53_G12	Homo sapiens	blood plasma	not applicable	1	pooled	not available	not available	not available	not available	pooled	20241028_OA3_Evo02_ViAl_SA_FAIMS40_IO27_A556_MOMI_ABGD_P53_G12_R01	proteomic profiling by mass spectrometry	1	20241028_OA3_Evo02_ViAl_SA_FAIMS40_IO27_A556_MOMI_ABGD_P53_G12_R01.raw	v1.1.0	NT=ms-proteomics;VV=v1.1.0	NT=human;VV=v1.1.0	NT=dia-acquisition;VV=v1.1.0	NT=sdrf-skills;VV=v0.2.0	Data-independent acquisition	NT=Orbitrap Astral;AC=MS:1003378	NT=Trypsin;AC=MS:1001251	NT=Lys-C;AC=MS:1001309	label free sample	1	NT=HCD;AC=MS:1000422	25% NCE	10 ppm	10 ppm	NT=Dithiothreitol (DTT);AC=PRIDE:0000608	NT=Chloroacetamide (ClAA);AC=PRIDE:0000600	NT=Carbamidomethyl;AC=UNIMOD:4;TA=C;MT=Fixed	NT=Oxidation;AC=UNIMOD:35;TA=M;MT=Variable	NT=asymmetric track lossless time-of-flight analyzer;AC=MS:1003379	MOMI ABGD	2024-10-28	380m/z-980m/z	150m/z-2000m/z	not available	not available	4
MOMI_QC_ABGD_P53_H12	Homo sapiens	blood plasma	not applicable	1	pooled	not available	not available	not available	not available	pooled	20241028_OA3_Evo02_ViAl_SA_FAIMS40_IO27_A556_MOMI_ABGD_P53_H12_R01	proteomic profiling by mass spectrometry	1	20241028_OA3_Evo02_ViAl_SA_FAIMS40_IO27_A556_MOMI_ABGD_P53_H12_R01.raw	v1.1.0	NT=ms-proteomics;VV=v1.1.0	NT=human;VV=v1.1.0	NT=dia-acquisition;VV=v1.1.0	NT=sdrf-skills;VV=v0.2.0	Data-independent acquisition	NT=Orbitrap Astral;AC=MS:1003378	NT=Trypsin;AC=MS:1001251	NT=Lys-C;AC=MS:1001309	label free sample	1	NT=HCD;AC=MS:1000422	25% NCE	10 ppm	10 ppm	NT=Dithiothreitol (DTT);AC=PRIDE:0000608	NT=Chloroacetamide (ClAA);AC=PRIDE:0000600	NT=Carbamidomethyl;AC=UNIMOD:4;TA=C;MT=Fixed	NT=Oxidation;AC=UNIMOD:35;TA=M;MT=Variable	NT=asymmetric track lossless time-of-flight analyzer;AC=MS:1003379	MOMI ABGD	2024-10-28	380m/z-980m/z	150m/z-2000m/z	not available	not available	4
MOMI_QC_ABGD_P55_E12	Homo sapiens	blood plasma	not applicable	1	pooled	not available	not available	not available	not available	pooled	20241028_OA3_Evo02_ViAl_SA_FAIMS40_IO27_A556_MOMI_ABGD_P55_E12_R01	proteomic profiling by mass spectrometry	1	20241028_OA3_Evo02_ViAl_SA_FAIMS40_IO27_A556_MOMI_ABGD_P55_E12_R01.raw	v1.1.0	NT=ms-proteomics;VV=v1.1.0	NT=human;VV=v1.1.0	NT=dia-acquisition;VV=v1.1.0	NT=sdrf-skills;VV=v0.2.0	Data-independent acquisition	NT=Orbitrap Astral;AC=MS:1003378	NT=Trypsin;AC=MS:1001251	NT=Lys-C;AC=MS:1001309	label free sample	1	NT=HCD;AC=MS:1000422	25% NCE	10 ppm	10 ppm	NT=Dithiothreitol (DTT);AC=PRIDE:0000608	NT=Chloroacetamide (ClAA);AC=PRIDE:0000600	NT=Carbamidomethyl;AC=UNIMOD:4;TA=C;MT=Fixed	NT=Oxidation;AC=UNIMOD:35;TA=M;MT=Variable	NT=asymmetric track lossless time-of-flight analyzer;AC=MS:1003379	MOMI ABGD	2024-10-28	380m/z-980m/z	150m/z-2000m/z	not available	not available	4
MOMI_QC_ABGD_P55_F12	Homo sapiens	blood plasma	not applicable	1	pooled	not available	not available	not available	not available	pooled	20241028_OA3_Evo02_ViAl_SA_FAIMS40_IO27_A556_MOMI_ABGD_P55_F12_R01	proteomic profiling by mass spectrometry	1	20241028_OA3_Evo02_ViAl_SA_FAIMS40_IO27_A556_MOMI_ABGD_P55_F12_R01.raw	v1.1.0	NT=ms-proteomics;VV=v1.1.0	NT=human;VV=v1.1.0	NT=dia-acquisition;VV=v1.1.0	NT=sdrf-skills;VV=v0.2.0	Data-independent acquisition	NT=Orbitrap Astral;AC=MS:1003378	NT=Trypsin;AC=MS:1001251	NT=Lys-C;AC=MS:1001309	label free sample	1	NT=HCD;AC=MS:1000422	25% NCE	10 ppm	10 ppm	NT=Dithiothreitol (DTT);AC=PRIDE:0000608	NT=Chloroacetamide (ClAA);AC=PRIDE:0000600	NT=Carbamidomethyl;AC=UNIMOD:4;TA=C;MT=Fixed	NT=Oxidation;AC=UNIMOD:35;TA=M;MT=Variable	NT=asymmetric track lossless time-of-flight analyzer;AC=MS:1003379	MOMI ABGD	2024-10-28	380m/z-980m/z	150m/z-2000m/z	not available	not available	4
MOMI_QC_ABGD_P55_G12	Homo sapiens	blood plasma	not applicable	1	pooled	not available	not available	not available	not available	pooled	20241028_OA3_Evo02_ViAl_SA_FAIMS40_IO27_A556_MOMI_ABGD_P55_G12_R01	proteomic profiling by mass spectrometry	1	20241028_OA3_Evo02_ViAl_SA_FAIMS40_IO27_A556_MOMI_ABGD_P55_G12_R01.raw	v1.1.0	NT=ms-proteomics;VV=v1.1.0	NT=human;VV=v1.1.0	NT=dia-acquisition;VV=v1.1.0	NT=sdrf-skills;VV=v0.2.0	Data-independent acquisition	NT=Orbitrap Astral;AC=MS:1003378	NT=Trypsin;AC=MS:1001251	NT=Lys-C;AC=MS:1001309	label free sample	1	NT=HCD;AC=MS:1000422	25% NCE	10 ppm	10 ppm	NT=Dithiothreitol (DTT);AC=PRIDE:0000608	NT=Chloroacetamide (ClAA);AC=PRIDE:0000600	NT=Carbamidomethyl;AC=UNIMOD:4;TA=C;MT=Fixed	NT=Oxidation;AC=UNIMOD:35;TA=M;MT=Variable	NT=asymmetric track lossless time-of-flight analyzer;AC=MS:1003379	MOMI ABGD	2024-10-28	380m/z-980m/z	150m/z-2000m/z	not available	not available	4
MOMI_QC_ABGD_P55_H12	Homo sapiens	blood plasma	not applicable	1	pooled	not available	not available	not available	not available	pooled	20241028_OA3_Evo02_ViAl_SA_FAIMS40_IO27_A556_MOMI_ABGD_P55_H12_R01	proteomic profiling by mass spectrometry	1	20241028_OA3_Evo02_ViAl_SA_FAIMS40_IO27_A556_MOMI_ABGD_P55_H12_R01.raw	v1.1.0	NT=ms-proteomics;VV=v1.1.0	NT=human;VV=v1.1.0	NT=dia-acquisition;VV=v1.1.0	NT=sdrf-skills;VV=v0.2.0	Data-independent acquisition	NT=Orbitrap Astral;AC=MS:1003378	NT=Trypsin;AC=MS:1001251	NT=Lys-C;AC=MS:1001309	label free sample	1	NT=HCD;AC=MS:1000422	25% NCE	10 ppm	10 ppm	NT=Dithiothreitol (DTT);AC=PRIDE:0000608	NT=Chloroacetamide (ClAA);AC=PRIDE:0000600	NT=Carbamidomethyl;AC=UNIMOD:4;TA=C;MT=Fixed	NT=Oxidation;AC=UNIMOD:35;TA=M;MT=Variable	NT=asymmetric track lossless time-of-flight analyzer;AC=MS:1003379	MOMI ABGD	2024-10-28	380m/z-980m/z	150m/z-2000m/z	not available	not available	4
MOMI_QC_ABGD_P56_E12	Homo sapiens	blood plasma	not applicable	1	pooled	not available	not available	not available	not available	pooled	20241028_OA3_Evo02_ViAl_SA_FAIMS40_IO27_A556_MOMI_ABGD_P56_E12_R01	proteomic profiling by mass spectrometry	1	20241028_OA3_Evo02_ViAl_SA_FAIMS40_IO27_A556_MOMI_ABGD_P56_E12_R01.raw	v1.1.0	NT=ms-proteomics;VV=v1.1.0	NT=human;VV=v1.1.0	NT=dia-acquisition;VV=v1.1.0	NT=sdrf-skills;VV=v0.2.0	Data-independent acquisition	NT=Orbitrap Astral;AC=MS:1003378	NT=Trypsin;AC=MS:1001251	NT=Lys-C;AC=MS:1001309	label free sample	1	NT=HCD;AC=MS:1000422	25% NCE	10 ppm	10 ppm	NT=Dithiothreitol (DTT);AC=PRIDE:0000608	NT=Chloroacetamide (ClAA);AC=PRIDE:0000600	NT=Carbamidomethyl;AC=UNIMOD:4;TA=C;MT=Fixed	NT=Oxidation;AC=UNIMOD:35;TA=M;MT=Variable	NT=asymmetric track lossless time-of-flight analyzer;AC=MS:1003379	MOMI ABGD	2024-10-28	380m/z-980m/z	150m/z-2000m/z	not available	not available	4
MOMI_QC_ABGD_P56_F12	Homo sapiens	blood plasma	not applicable	1	pooled	not available	not available	not available	not available	pooled	20241028_OA3_Evo02_ViAl_SA_FAIMS40_IO27_A556_MOMI_ABGD_P56_F12_R01	proteomic profiling by mass spectrometry	1	20241028_OA3_Evo02_ViAl_SA_FAIMS40_IO27_A556_MOMI_ABGD_P56_F12_R01.raw	v1.1.0	NT=ms-proteomics;VV=v1.1.0	NT=human;VV=v1.1.0	NT=dia-acquisition;VV=v1.1.0	NT=sdrf-skills;VV=v0.2.0	Data-independent acquisition	NT=Orbitrap Astral;AC=MS:1003378	NT=Trypsin;AC=MS:1001251	NT=Lys-C;AC=MS:1001309	label free sample	1	NT=HCD;AC=MS:1000422	25% NCE	10 ppm	10 ppm	NT=Dithiothreitol (DTT);AC=PRIDE:0000608	NT=Chloroacetamide (ClAA);AC=PRIDE:0000600	NT=Carbamidomethyl;AC=UNIMOD:4;TA=C;MT=Fixed	NT=Oxidation;AC=UNIMOD:35;TA=M;MT=Variable	NT=asymmetric track lossless time-of-flight analyzer;AC=MS:1003379	MOMI ABGD	2024-10-28	380m/z-980m/z	150m/z-2000m/z	not available	not available	4
MOMI_QC_ABGD_P56_G12	Homo sapiens	blood plasma	not applicable	1	pooled	not available	not available	not available	not available	pooled	20241028_OA3_Evo02_ViAl_SA_FAIMS40_IO27_A556_MOMI_ABGD_P56_G12_R01	proteomic profiling by mass spectrometry	1	20241028_OA3_Evo02_ViAl_SA_FAIMS40_IO27_A556_MOMI_ABGD_P56_G12_R01.raw	v1.1.0	NT=ms-proteomics;VV=v1.1.0	NT=human;VV=v1.1.0	NT=dia-acquisition;VV=v1.1.0	NT=sdrf-skills;VV=v0.2.0	Data-independent acquisition	NT=Orbitrap Astral;AC=MS:1003378	NT=Trypsin;AC=MS:1001251	NT=Lys-C;AC=MS:1001309	label free sample	1	NT=HCD;AC=MS:1000422	25% NCE	10 ppm	10 ppm	NT=Dithiothreitol (DTT);AC=PRIDE:0000608	NT=Chloroacetamide (ClAA);AC=PRIDE:0000600	NT=Carbamidomethyl;AC=UNIMOD:4;TA=C;MT=Fixed	NT=Oxidation;AC=UNIMOD:35;TA=M;MT=Variable	NT=asymmetric track lossless time-of-flight analyzer;AC=MS:1003379	MOMI ABGD	2024-10-28	380m/z-980m/z	150m/z-2000m/z	not available	not available	4
MOMI_QC_ABGD_P56_H12	Homo sapiens	blood plasma	not applicable	1	pooled	not available	not available	not available	not available	pooled	20241028_OA3_Evo02_ViAl_SA_FAIMS40_IO27_A556_MOMI_ABGD_P56_H12_R01	proteomic profiling by mass spectrometry	1	20241028_OA3_Evo02_ViAl_SA_FAIMS40_IO27_A556_MOMI_ABGD_P56_H12_R01.raw	v1.1.0	NT=ms-proteomics;VV=v1.1.0	NT=human;VV=v1.1.0	NT=dia-acquisition;VV=v1.1.0	NT=sdrf-skills;VV=v0.2.0	Data-independent acquisition	NT=Orbitrap Astral;AC=MS:1003378	NT=Trypsin;AC=MS:1001251	NT=Lys-C;AC=MS:1001309	label free sample	1	NT=HCD;AC=MS:1000422	25% NCE	10 ppm	10 ppm	NT=Dithiothreitol (DTT);AC=PRIDE:0000608	NT=Chloroacetamide (ClAA);AC=PRIDE:0000600	NT=Carbamidomethyl;AC=UNIMOD:4;TA=C;MT=Fixed	NT=Oxidation;AC=UNIMOD:35;TA=M;MT=Variable	NT=asymmetric track lossless time-of-flight analyzer;AC=MS:1003379	MOMI ABGD	2024-10-28	380m/z-980m/z	150m/z-2000m/z	not available	not available	4
MOMI_QC_ABGD_P57_E12	Homo sapiens	blood plasma	not applicable	1	pooled	not available	not available	not available	not available	pooled	20241028_OA3_Evo02_ViAl_SA_FAIMS40_IO27_A556_MOMI_ABGD_P57_E12_R01	proteomic profiling by mass spectrometry	1	20241028_OA3_Evo02_ViAl_SA_FAIMS40_IO27_A556_MOMI_ABGD_P57_E12_R01.raw	v1.1.0	NT=ms-proteomics;VV=v1.1.0	NT=human;VV=v1.1.0	NT=dia-acquisition;VV=v1.1.0	NT=sdrf-skills;VV=v0.2.0	Data-independent acquisition	NT=Orbitrap Astral;AC=MS:1003378	NT=Trypsin;AC=MS:1001251	NT=Lys-C;AC=MS:1001309	label free sample	1	NT=HCD;AC=MS:1000422	25% NCE	10 ppm	10 ppm	NT=Dithiothreitol (DTT);AC=PRIDE:0000608	NT=Chloroacetamide (ClAA);AC=PRIDE:0000600	NT=Carbamidomethyl;AC=UNIMOD:4;TA=C;MT=Fixed	NT=Oxidation;AC=UNIMOD:35;TA=M;MT=Variable	NT=asymmetric track lossless time-of-flight analyzer;AC=MS:1003379	MOMI ABGD	2024-10-28	380m/z-980m/z	150m/z-2000m/z	not available	not available	4
MOMI_QC_ABGD_P57_F12	Homo sapiens	blood plasma	not applicable	1	pooled	not available	not available	not available	not available	pooled	20241028_OA3_Evo02_ViAl_SA_FAIMS40_IO27_A556_MOMI_ABGD_P57_F12_R01	proteomic profiling by mass spectrometry	1	20241028_OA3_Evo02_ViAl_SA_FAIMS40_IO27_A556_MOMI_ABGD_P57_F12_R01.raw	v1.1.0	NT=ms-proteomics;VV=v1.1.0	NT=human;VV=v1.1.0	NT=dia-acquisition;VV=v1.1.0	NT=sdrf-skills;VV=v0.2.0	Data-independent acquisition	NT=Orbitrap Astral;AC=MS:1003378	NT=Trypsin;AC=MS:1001251	NT=Lys-C;AC=MS:1001309	label free sample	1	NT=HCD;AC=MS:1000422	25% NCE	10 ppm	10 ppm	NT=Dithiothreitol (DTT);AC=PRIDE:0000608	NT=Chloroacetamide (ClAA);AC=PRIDE:0000600	NT=Carbamidomethyl;AC=UNIMOD:4;TA=C;MT=Fixed	NT=Oxidation;AC=UNIMOD:35;TA=M;MT=Variable	NT=asymmetric track lossless time-of-flight analyzer;AC=MS:1003379	MOMI ABGD	2024-10-28	380m/z-980m/z	150m/z-2000m/z	not available	not available	4
MOMI_QC_ABGD_P57_G12	Homo sapiens	blood plasma	not applicable	1	pooled	not available	not available	not available	not available	pooled	20241028_OA3_Evo02_ViAl_SA_FAIMS40_IO27_A556_MOMI_ABGD_P57_G12_R01	proteomic profiling by mass spectrometry	1	20241028_OA3_Evo02_ViAl_SA_FAIMS40_IO27_A556_MOMI_ABGD_P57_G12_R01.raw	v1.1.0	NT=ms-proteomics;VV=v1.1.0	NT=human;VV=v1.1.0	NT=dia-acquisition;VV=v1.1.0	NT=sdrf-skills;VV=v0.2.0	Data-independent acquisition	NT=Orbitrap Astral;AC=MS:1003378	NT=Trypsin;AC=MS:1001251	NT=Lys-C;AC=MS:1001309	label free sample	1	NT=HCD;AC=MS:1000422	25% NCE	10 ppm	10 ppm	NT=Dithiothreitol (DTT);AC=PRIDE:0000608	NT=Chloroacetamide (ClAA);AC=PRIDE:0000600	NT=Carbamidomethyl;AC=UNIMOD:4;TA=C;MT=Fixed	NT=Oxidation;AC=UNIMOD:35;TA=M;MT=Variable	NT=asymmetric track lossless time-of-flight analyzer;AC=MS:1003379	MOMI ABGD	2024-10-28	380m/z-980m/z	150m/z-2000m/z	not available	not available	4
MOMI_QC_ABGD_P57_H12	Homo sapiens	blood plasma	not applicable	1	pooled	not available	not available	not available	not available	pooled	20241028_OA3_Evo02_ViAl_SA_FAIMS40_IO27_A556_MOMI_ABGD_P57_H12_R01	proteomic profiling by mass spectrometry	1	20241028_OA3_Evo02_ViAl_SA_FAIMS40_IO27_A556_MOMI_ABGD_P57_H12_R01.raw	v1.1.0	NT=ms-proteomics;VV=v1.1.0	NT=human;VV=v1.1.0	NT=dia-acquisition;VV=v1.1.0	NT=sdrf-skills;VV=v0.2.0	Data-independent acquisition	NT=Orbitrap Astral;AC=MS:1003378	NT=Trypsin;AC=MS:1001251	NT=Lys-C;AC=MS:1001309	label free sample	1	NT=HCD;AC=MS:1000422	25% NCE	10 ppm	10 ppm	NT=Dithiothreitol (DTT);AC=PRIDE:0000608	NT=Chloroacetamide (ClAA);AC=PRIDE:0000600	NT=Carbamidomethyl;AC=UNIMOD:4;TA=C;MT=Fixed	NT=Oxidation;AC=UNIMOD:35;TA=M;MT=Variable	NT=asymmetric track lossless time-of-flight analyzer;AC=MS:1003379	MOMI ABGD	2024-10-28	380m/z-980m/z	150m/z-2000m/z	not available	not available	4
MOMI_QC_ABGD_P58_E12	Homo sapiens	blood plasma	not applicable	1	pooled	not available	not available	not available	not available	pooled	20241028_OA3_Evo02_ViAl_SA_FAIMS40_IO27_A556_MOMI_ABGD_P58_E12_R01	proteomic profiling by mass spectrometry	1	20241028_OA3_Evo02_ViAl_SA_FAIMS40_IO27_A556_MOMI_ABGD_P58_E12_R01.raw	v1.1.0	NT=ms-proteomics;VV=v1.1.0	NT=human;VV=v1.1.0	NT=dia-acquisition;VV=v1.1.0	NT=sdrf-skills;VV=v0.2.0	Data-independent acquisition	NT=Orbitrap Astral;AC=MS:1003378	NT=Trypsin;AC=MS:1001251	NT=Lys-C;AC=MS:1001309	label free sample	1	NT=HCD;AC=MS:1000422	25% NCE	10 ppm	10 ppm	NT=Dithiothreitol (DTT);AC=PRIDE:0000608	NT=Chloroacetamide (ClAA);AC=PRIDE:0000600	NT=Carbamidomethyl;AC=UNIMOD:4;TA=C;MT=Fixed	NT=Oxidation;AC=UNIMOD:35;TA=M;MT=Variable	NT=asymmetric track lossless time-of-flight analyzer;AC=MS:1003379	MOMI ABGD	2024-10-28	380m/z-980m/z	150m/z-2000m/z	not available	not available	4
MOMI_QC_ABGD_P58_F12	Homo sapiens	blood plasma	not applicable	1	pooled	not available	not available	not available	not available	pooled	20241028_OA3_Evo02_ViAl_SA_FAIMS40_IO27_A556_MOMI_ABGD_P58_F12_R01	proteomic profiling by mass spectrometry	1	20241028_OA3_Evo02_ViAl_SA_FAIMS40_IO27_A556_MOMI_ABGD_P58_F12_R01.raw	v1.1.0	NT=ms-proteomics;VV=v1.1.0	NT=human;VV=v1.1.0	NT=dia-acquisition;VV=v1.1.0	NT=sdrf-skills;VV=v0.2.0	Data-independent acquisition	NT=Orbitrap Astral;AC=MS:1003378	NT=Trypsin;AC=MS:1001251	NT=Lys-C;AC=MS:1001309	label free sample	1	NT=HCD;AC=MS:1000422	25% NCE	10 ppm	10 ppm	NT=Dithiothreitol (DTT);AC=PRIDE:0000608	NT=Chloroacetamide (ClAA);AC=PRIDE:0000600	NT=Carbamidomethyl;AC=UNIMOD:4;TA=C;MT=Fixed	NT=Oxidation;AC=UNIMOD:35;TA=M;MT=Variable	NT=asymmetric track lossless time-of-flight analyzer;AC=MS:1003379	MOMI ABGD	2024-10-28	380m/z-980m/z	150m/z-2000m/z	not available	not available	4
MOMI_QC_ABGD_P58_G12	Homo sapiens	blood plasma	not applicable	1	pooled	not available	not available	not available	not available	pooled	20241028_OA3_Evo02_ViAl_SA_FAIMS40_IO27_A556_MOMI_ABGD_P58_G12_R01	proteomic profiling by mass spectrometry	1	20241028_OA3_Evo02_ViAl_SA_FAIMS40_IO27_A556_MOMI_ABGD_P58_G12_R01.raw	v1.1.0	NT=ms-proteomics;VV=v1.1.0	NT=human;VV=v1.1.0	NT=dia-acquisition;VV=v1.1.0	NT=sdrf-skills;VV=v0.2.0	Data-independent acquisition	NT=Orbitrap Astral;AC=MS:1003378	NT=Trypsin;AC=MS:1001251	NT=Lys-C;AC=MS:1001309	label free sample	1	NT=HCD;AC=MS:1000422	25% NCE	10 ppm	10 ppm	NT=Dithiothreitol (DTT);AC=PRIDE:0000608	NT=Chloroacetamide (ClAA);AC=PRIDE:0000600	NT=Carbamidomethyl;AC=UNIMOD:4;TA=C;MT=Fixed	NT=Oxidation;AC=UNIMOD:35;TA=M;MT=Variable	NT=asymmetric track lossless time-of-flight analyzer;AC=MS:1003379	MOMI ABGD	2024-10-28	380m/z-980m/z	150m/z-2000m/z	not available	not available	4
MOMI_QC_ABGD_P58_H12	Homo sapiens	blood plasma	not applicable	1	pooled	not available	not available	not available	not available	pooled	20241028_OA3_Evo02_ViAl_SA_FAIMS40_IO27_A556_MOMI_ABGD_P58_H12_R01	proteomic profiling by mass spectrometry	1	20241028_OA3_Evo02_ViAl_SA_FAIMS40_IO27_A556_MOMI_ABGD_P58_H12_R01.raw	v1.1.0	NT=ms-proteomics;VV=v1.1.0	NT=human;VV=v1.1.0	NT=dia-acquisition;VV=v1.1.0	NT=sdrf-skills;VV=v0.2.0	Data-independent acquisition	NT=Orbitrap Astral;AC=MS:1003378	NT=Trypsin;AC=MS:1001251	NT=Lys-C;AC=MS:1001309	label free sample	1	NT=HCD;AC=MS:1000422	25% NCE	10 ppm	10 ppm	NT=Dithiothreitol (DTT);AC=PRIDE:0000608	NT=Chloroacetamide (ClAA);AC=PRIDE:0000600	NT=Carbamidomethyl;AC=UNIMOD:4;TA=C;MT=Fixed	NT=Oxidation;AC=UNIMOD:35;TA=M;MT=Variable	NT=asymmetric track lossless time-of-flight analyzer;AC=MS:1003379	MOMI ABGD	2024-10-28	380m/z-980m/z	150m/z-2000m/z	not available	not available	4
MOMI_QC_ABGD_P59_E12	Homo sapiens	blood plasma	not applicable	1	pooled	not available	not available	not available	not available	pooled	20241028_OA3_Evo02_ViAl_SA_FAIMS40_IO27_A556_MOMI_ABGD_P59_E12_R01	proteomic profiling by mass spectrometry	1	20241028_OA3_Evo02_ViAl_SA_FAIMS40_IO27_A556_MOMI_ABGD_P59_E12_R01.raw	v1.1.0	NT=ms-proteomics;VV=v1.1.0	NT=human;VV=v1.1.0	NT=dia-acquisition;VV=v1.1.0	NT=sdrf-skills;VV=v0.2.0	Data-independent acquisition	NT=Orbitrap Astral;AC=MS:1003378	NT=Trypsin;AC=MS:1001251	NT=Lys-C;AC=MS:1001309	label free sample	1	NT=HCD;AC=MS:1000422	25% NCE	10 ppm	10 ppm	NT=Dithiothreitol (DTT);AC=PRIDE:0000608	NT=Chloroacetamide (ClAA);AC=PRIDE:0000600	NT=Carbamidomethyl;AC=UNIMOD:4;TA=C;MT=Fixed	NT=Oxidation;AC=UNIMOD:35;TA=M;MT=Variable	NT=asymmetric track lossless time-of-flight analyzer;AC=MS:1003379	MOMI ABGD	2024-10-28	380m/z-980m/z	150m/z-2000m/z	not available	not available	4
MOMI_QC_ABGD_P59_F12	Homo sapiens	blood plasma	not applicable	1	pooled	not available	not available	not available	not available	pooled	20241028_OA3_Evo02_ViAl_SA_FAIMS40_IO27_A556_MOMI_ABGD_P59_F12_R01	proteomic profiling by mass spectrometry	1	20241028_OA3_Evo02_ViAl_SA_FAIMS40_IO27_A556_MOMI_ABGD_P59_F12_R01.raw	v1.1.0	NT=ms-proteomics;VV=v1.1.0	NT=human;VV=v1.1.0	NT=dia-acquisition;VV=v1.1.0	NT=sdrf-skills;VV=v0.2.0	Data-independent acquisition	NT=Orbitrap Astral;AC=MS:1003378	NT=Trypsin;AC=MS:1001251	NT=Lys-C;AC=MS:1001309	label free sample	1	NT=HCD;AC=MS:1000422	25% NCE	10 ppm	10 ppm	NT=Dithiothreitol (DTT);AC=PRIDE:0000608	NT=Chloroacetamide (ClAA);AC=PRIDE:0000600	NT=Carbamidomethyl;AC=UNIMOD:4;TA=C;MT=Fixed	NT=Oxidation;AC=UNIMOD:35;TA=M;MT=Variable	NT=asymmetric track lossless time-of-flight analyzer;AC=MS:1003379	MOMI ABGD	2024-10-28	380m/z-980m/z	150m/z-2000m/z	not available	not available	4
MOMI_QC_ABGD_P59_G12	Homo sapiens	blood plasma	not applicable	1	pooled	not available	not available	not available	not available	pooled	20241028_OA3_Evo02_ViAl_SA_FAIMS40_IO27_A556_MOMI_ABGD_P59_G12_R01	proteomic profiling by mass spectrometry	1	20241028_OA3_Evo02_ViAl_SA_FAIMS40_IO27_A556_MOMI_ABGD_P59_G12_R01.raw	v1.1.0	NT=ms-proteomics;VV=v1.1.0	NT=human;VV=v1.1.0	NT=dia-acquisition;VV=v1.1.0	NT=sdrf-skills;VV=v0.2.0	Data-independent acquisition	NT=Orbitrap Astral;AC=MS:1003378	NT=Trypsin;AC=MS:1001251	NT=Lys-C;AC=MS:1001309	label free sample	1	NT=HCD;AC=MS:1000422	25% NCE	10 ppm	10 ppm	NT=Dithiothreitol (DTT);AC=PRIDE:0000608	NT=Chloroacetamide (ClAA);AC=PRIDE:0000600	NT=Carbamidomethyl;AC=UNIMOD:4;TA=C;MT=Fixed	NT=Oxidation;AC=UNIMOD:35;TA=M;MT=Variable	NT=asymmetric track lossless time-of-flight analyzer;AC=MS:1003379	MOMI ABGD	2024-10-28	380m/z-980m/z	150m/z-2000m/z	not available	not available	4
MOMI_QC_ABGD_P59_H12	Homo sapiens	blood plasma	not applicable	1	pooled	not available	not available	not available	not available	pooled	20241028_OA3_Evo02_ViAl_SA_FAIMS40_IO27_A556_MOMI_ABGD_P59_H12_R01	proteomic profiling by mass spectrometry	1	20241028_OA3_Evo02_ViAl_SA_FAIMS40_IO27_A556_MOMI_ABGD_P59_H12_R01.raw	v1.1.0	NT=ms-proteomics;VV=v1.1.0	NT=human;VV=v1.1.0	NT=dia-acquisition;VV=v1.1.0	NT=sdrf-skills;VV=v0.2.0	Data-independent acquisition	NT=Orbitrap Astral;AC=MS:1003378	NT=Trypsin;AC=MS:1001251	NT=Lys-C;AC=MS:1001309	label free sample	1	NT=HCD;AC=MS:1000422	25% NCE	10 ppm	10 ppm	NT=Dithiothreitol (DTT);AC=PRIDE:0000608	NT=Chloroacetamide (ClAA);AC=PRIDE:0000600	NT=Carbamidomethyl;AC=UNIMOD:4;TA=C;MT=Fixed	NT=Oxidation;AC=UNIMOD:35;TA=M;MT=Variable	NT=asymmetric track lossless time-of-flight analyzer;AC=MS:1003379	MOMI ABGD	2024-10-28	380m/z-980m/z	150m/z-2000m/z	not available	not available	4
MOMI_QC_ABGD_P60_E12	Homo sapiens	blood plasma	not applicable	1	pooled	not available	not available	not available	not available	pooled	20241028_OA3_Evo02_ViAl_SA_FAIMS40_IO27_A556_MOMI_ABGD_P60_E12_R01	proteomic profiling by mass spectrometry	1	20241028_OA3_Evo02_ViAl_SA_FAIMS40_IO27_A556_MOMI_ABGD_P60_E12_R01.raw	v1.1.0	NT=ms-proteomics;VV=v1.1.0	NT=human;VV=v1.1.0	NT=dia-acquisition;VV=v1.1.0	NT=sdrf-skills;VV=v0.2.0	Data-independent acquisition	NT=Orbitrap Astral;AC=MS:1003378	NT=Trypsin;AC=MS:1001251	NT=Lys-C;AC=MS:1001309	label free sample	1	NT=HCD;AC=MS:1000422	25% NCE	10 ppm	10 ppm	NT=Dithiothreitol (DTT);AC=PRIDE:0000608	NT=Chloroacetamide (ClAA);AC=PRIDE:0000600	NT=Carbamidomethyl;AC=UNIMOD:4;TA=C;MT=Fixed	NT=Oxidation;AC=UNIMOD:35;TA=M;MT=Variable	NT=asymmetric track lossless time-of-flight analyzer;AC=MS:1003379	MOMI ABGD	2024-10-28	380m/z-980m/z	150m/z-2000m/z	not available	not available	4
MOMI_QC_ABGD_P60_F12	Homo sapiens	blood plasma	not applicable	1	pooled	not available	not available	not available	not available	pooled	20241028_OA3_Evo02_ViAl_SA_FAIMS40_IO27_A556_MOMI_ABGD_P60_F12_R01	proteomic profiling by mass spectrometry	1	20241028_OA3_Evo02_ViAl_SA_FAIMS40_IO27_A556_MOMI_ABGD_P60_F12_R01.raw	v1.1.0	NT=ms-proteomics;VV=v1.1.0	NT=human;VV=v1.1.0	NT=dia-acquisition;VV=v1.1.0	NT=sdrf-skills;VV=v0.2.0	Data-independent acquisition	NT=Orbitrap Astral;AC=MS:1003378	NT=Trypsin;AC=MS:1001251	NT=Lys-C;AC=MS:1001309	label free sample	1	NT=HCD;AC=MS:1000422	25% NCE	10 ppm	10 ppm	NT=Dithiothreitol (DTT);AC=PRIDE:0000608	NT=Chloroacetamide (ClAA);AC=PRIDE:0000600	NT=Carbamidomethyl;AC=UNIMOD:4;TA=C;MT=Fixed	NT=Oxidation;AC=UNIMOD:35;TA=M;MT=Variable	NT=asymmetric track lossless time-of-flight analyzer;AC=MS:1003379	MOMI ABGD	2024-10-28	380m/z-980m/z	150m/z-2000m/z	not available	not available	4
MOMI_QC_ABGD_P60_G12	Homo sapiens	blood plasma	not applicable	1	pooled	not available	not available	not available	not available	pooled	20241028_OA3_Evo02_ViAl_SA_FAIMS40_IO27_A556_MOMI_ABGD_P60_G12_R01	proteomic profiling by mass spectrometry	1	20241028_OA3_Evo02_ViAl_SA_FAIMS40_IO27_A556_MOMI_ABGD_P60_G12_R01.raw	v1.1.0	NT=ms-proteomics;VV=v1.1.0	NT=human;VV=v1.1.0	NT=dia-acquisition;VV=v1.1.0	NT=sdrf-skills;VV=v0.2.0	Data-independent acquisition	NT=Orbitrap Astral;AC=MS:1003378	NT=Trypsin;AC=MS:1001251	NT=Lys-C;AC=MS:1001309	label free sample	1	NT=HCD;AC=MS:1000422	25% NCE	10 ppm	10 ppm	NT=Dithiothreitol (DTT);AC=PRIDE:0000608	NT=Chloroacetamide (ClAA);AC=PRIDE:0000600	NT=Carbamidomethyl;AC=UNIMOD:4;TA=C;MT=Fixed	NT=Oxidation;AC=UNIMOD:35;TA=M;MT=Variable	NT=asymmetric track lossless time-of-flight analyzer;AC=MS:1003379	MOMI ABGD	2024-10-28	380m/z-980m/z	150m/z-2000m/z	not available	not available	4
MOMI_QC_ABGD_P60_H12	Homo sapiens	blood plasma	not applicable	1	pooled	not available	not available	not available	not available	pooled	20241028_OA3_Evo02_ViAl_SA_FAIMS40_IO27_A556_MOMI_ABGD_P60_H12_R01	proteomic profiling by mass spectrometry	1	20241028_OA3_Evo02_ViAl_SA_FAIMS40_IO27_A556_MOMI_ABGD_P60_H12_R01.raw	v1.1.0	NT=ms-proteomics;VV=v1.1.0	NT=human;VV=v1.1.0	NT=dia-acquisition;VV=v1.1.0	NT=sdrf-skills;VV=v0.2.0	Data-independent acquisition	NT=Orbitrap Astral;AC=MS:1003378	NT=Trypsin;AC=MS:1001251	NT=Lys-C;AC=MS:1001309	label free sample	1	NT=HCD;AC=MS:1000422	25% NCE	10 ppm	10 ppm	NT=Dithiothreitol (DTT);AC=PRIDE:0000608	NT=Chloroacetamide (ClAA);AC=PRIDE:0000600	NT=Carbamidomethyl;AC=UNIMOD:4;TA=C;MT=Fixed	NT=Oxidation;AC=UNIMOD:35;TA=M;MT=Variable	NT=asymmetric track lossless time-of-flight analyzer;AC=MS:1003379	MOMI ABGD	2024-10-28	380m/z-980m/z	150m/z-2000m/z	not available	not available	4
MOMI_QC_APEM_P189_E12	Homo sapiens	blood plasma	not applicable	1	pooled	not available	not available	not available	not available	pooled	20241104_OA2_Evo08_ViAl_SA_FAIMS40_IO28_A556_MOMI_APEM_P189_E12_R01	proteomic profiling by mass spectrometry	1	20241104_OA2_Evo08_ViAl_SA_FAIMS40_IO28_A556_MOMI_APEM_P189_E12_R01.raw	v1.1.0	NT=ms-proteomics;VV=v1.1.0	NT=human;VV=v1.1.0	NT=dia-acquisition;VV=v1.1.0	NT=sdrf-skills;VV=v0.2.0	Data-independent acquisition	NT=Orbitrap Astral;AC=MS:1003378	NT=Trypsin;AC=MS:1001251	NT=Lys-C;AC=MS:1001309	label free sample	1	NT=HCD;AC=MS:1000422	25% NCE	10 ppm	10 ppm	NT=Dithiothreitol (DTT);AC=PRIDE:0000608	NT=Chloroacetamide (ClAA);AC=PRIDE:0000600	NT=Carbamidomethyl;AC=UNIMOD:4;TA=C;MT=Fixed	NT=Oxidation;AC=UNIMOD:35;TA=M;MT=Variable	NT=asymmetric track lossless time-of-flight analyzer;AC=MS:1003379	MOMI APEM	2024-11-04	380m/z-980m/z	150m/z-2000m/z	not available	not available	4
MOMI_QC_APEM_P189_F12	Homo sapiens	blood plasma	not applicable	1	pooled	not available	not available	not available	not available	pooled	20241104_OA2_Evo08_ViAl_SA_FAIMS40_IO28_A556_MOMI_APEM_P189_F12_R01	proteomic profiling by mass spectrometry	1	20241104_OA2_Evo08_ViAl_SA_FAIMS40_IO28_A556_MOMI_APEM_P189_F12_R01.raw	v1.1.0	NT=ms-proteomics;VV=v1.1.0	NT=human;VV=v1.1.0	NT=dia-acquisition;VV=v1.1.0	NT=sdrf-skills;VV=v0.2.0	Data-independent acquisition	NT=Orbitrap Astral;AC=MS:1003378	NT=Trypsin;AC=MS:1001251	NT=Lys-C;AC=MS:1001309	label free sample	1	NT=HCD;AC=MS:1000422	25% NCE	10 ppm	10 ppm	NT=Dithiothreitol (DTT);AC=PRIDE:0000608	NT=Chloroacetamide (ClAA);AC=PRIDE:0000600	NT=Carbamidomethyl;AC=UNIMOD:4;TA=C;MT=Fixed	NT=Oxidation;AC=UNIMOD:35;TA=M;MT=Variable	NT=asymmetric track lossless time-of-flight analyzer;AC=MS:1003379	MOMI APEM	2024-11-04	380m/z-980m/z	150m/z-2000m/z	not available	not available	4
MOMI_QC_APEM_P189_G12	Homo sapiens	blood plasma	not applicable	1	pooled	not available	not available	not available	not available	pooled	20241104_OA2_Evo08_ViAl_SA_FAIMS40_IO28_A556_MOMI_APEM_P189_G12_R01	proteomic profiling by mass spectrometry	1	20241104_OA2_Evo08_ViAl_SA_FAIMS40_IO28_A556_MOMI_APEM_P189_G12_R01.raw	v1.1.0	NT=ms-proteomics;VV=v1.1.0	NT=human;VV=v1.1.0	NT=dia-acquisition;VV=v1.1.0	NT=sdrf-skills;VV=v0.2.0	Data-independent acquisition	NT=Orbitrap Astral;AC=MS:1003378	NT=Trypsin;AC=MS:1001251	NT=Lys-C;AC=MS:1001309	label free sample	1	NT=HCD;AC=MS:1000422	25% NCE	10 ppm	10 ppm	NT=Dithiothreitol (DTT);AC=PRIDE:0000608	NT=Chloroacetamide (ClAA);AC=PRIDE:0000600	NT=Carbamidomethyl;AC=UNIMOD:4;TA=C;MT=Fixed	NT=Oxidation;AC=UNIMOD:35;TA=M;MT=Variable	NT=asymmetric track lossless time-of-flight analyzer;AC=MS:1003379	MOMI APEM	2024-11-04	380m/z-980m/z	150m/z-2000m/z	not available	not available	4
MOMI_QC_APEM_P189_H12	Homo sapiens	blood plasma	not applicable	1	pooled	not available	not available	not available	not available	pooled	20241104_OA2_Evo08_ViAl_SA_FAIMS40_IO28_A556_MOMI_APEM_P189_H12_R01	proteomic profiling by mass spectrometry	1	20241104_OA2_Evo08_ViAl_SA_FAIMS40_IO28_A556_MOMI_APEM_P189_H12_R01.raw	v1.1.0	NT=ms-proteomics;VV=v1.1.0	NT=human;VV=v1.1.0	NT=dia-acquisition;VV=v1.1.0	NT=sdrf-skills;VV=v0.2.0	Data-independent acquisition	NT=Orbitrap Astral;AC=MS:1003378	NT=Trypsin;AC=MS:1001251	NT=Lys-C;AC=MS:1001309	label free sample	1	NT=HCD;AC=MS:1000422	25% NCE	10 ppm	10 ppm	NT=Dithiothreitol (DTT);AC=PRIDE:0000608	NT=Chloroacetamide (ClAA);AC=PRIDE:0000600	NT=Carbamidomethyl;AC=UNIMOD:4;TA=C;MT=Fixed	NT=Oxidation;AC=UNIMOD:35;TA=M;MT=Variable	NT=asymmetric track lossless time-of-flight analyzer;AC=MS:1003379	MOMI APEM	2024-11-04	380m/z-980m/z	150m/z-2000m/z	not available	not available	4
MOMI_QC_APEM_P190_E12	Homo sapiens	blood plasma	not applicable	1	pooled	not available	not available	not available	not available	pooled	20241104_OA2_Evo08_ViAl_SA_FAIMS40_IO28_A556_MOMI_APEM_P190_E12_R01	proteomic profiling by mass spectrometry	1	20241104_OA2_Evo08_ViAl_SA_FAIMS40_IO28_A556_MOMI_APEM_P190_E12_R01.raw	v1.1.0	NT=ms-proteomics;VV=v1.1.0	NT=human;VV=v1.1.0	NT=dia-acquisition;VV=v1.1.0	NT=sdrf-skills;VV=v0.2.0	Data-independent acquisition	NT=Orbitrap Astral;AC=MS:1003378	NT=Trypsin;AC=MS:1001251	NT=Lys-C;AC=MS:1001309	label free sample	1	NT=HCD;AC=MS:1000422	25% NCE	10 ppm	10 ppm	NT=Dithiothreitol (DTT);AC=PRIDE:0000608	NT=Chloroacetamide (ClAA);AC=PRIDE:0000600	NT=Carbamidomethyl;AC=UNIMOD:4;TA=C;MT=Fixed	NT=Oxidation;AC=UNIMOD:35;TA=M;MT=Variable	NT=asymmetric track lossless time-of-flight analyzer;AC=MS:1003379	MOMI APEM	2024-11-04	380m/z-980m/z	150m/z-2000m/z	not available	not available	4
MOMI_QC_APEM_P190_F12	Homo sapiens	blood plasma	not applicable	1	pooled	not available	not available	not available	not available	pooled	20241104_OA2_Evo08_ViAl_SA_FAIMS40_IO28_A556_MOMI_APEM_P190_F12_R01	proteomic profiling by mass spectrometry	1	20241104_OA2_Evo08_ViAl_SA_FAIMS40_IO28_A556_MOMI_APEM_P190_F12_R01.raw	v1.1.0	NT=ms-proteomics;VV=v1.1.0	NT=human;VV=v1.1.0	NT=dia-acquisition;VV=v1.1.0	NT=sdrf-skills;VV=v0.2.0	Data-independent acquisition	NT=Orbitrap Astral;AC=MS:1003378	NT=Trypsin;AC=MS:1001251	NT=Lys-C;AC=MS:1001309	label free sample	1	NT=HCD;AC=MS:1000422	25% NCE	10 ppm	10 ppm	NT=Dithiothreitol (DTT);AC=PRIDE:0000608	NT=Chloroacetamide (ClAA);AC=PRIDE:0000600	NT=Carbamidomethyl;AC=UNIMOD:4;TA=C;MT=Fixed	NT=Oxidation;AC=UNIMOD:35;TA=M;MT=Variable	NT=asymmetric track lossless time-of-flight analyzer;AC=MS:1003379	MOMI APEM	2024-11-04	380m/z-980m/z	150m/z-2000m/z	not available	not available	4
MOMI_QC_APEM_P190_G12	Homo sapiens	blood plasma	not applicable	1	pooled	not available	not available	not available	not available	pooled	20241104_OA2_Evo08_ViAl_SA_FAIMS40_IO28_A556_MOMI_APEM_P190_G12_R01	proteomic profiling by mass spectrometry	1	20241104_OA2_Evo08_ViAl_SA_FAIMS40_IO28_A556_MOMI_APEM_P190_G12_R01.raw	v1.1.0	NT=ms-proteomics;VV=v1.1.0	NT=human;VV=v1.1.0	NT=dia-acquisition;VV=v1.1.0	NT=sdrf-skills;VV=v0.2.0	Data-independent acquisition	NT=Orbitrap Astral;AC=MS:1003378	NT=Trypsin;AC=MS:1001251	NT=Lys-C;AC=MS:1001309	label free sample	1	NT=HCD;AC=MS:1000422	25% NCE	10 ppm	10 ppm	NT=Dithiothreitol (DTT);AC=PRIDE:0000608	NT=Chloroacetamide (ClAA);AC=PRIDE:0000600	NT=Carbamidomethyl;AC=UNIMOD:4;TA=C;MT=Fixed	NT=Oxidation;AC=UNIMOD:35;TA=M;MT=Variable	NT=asymmetric track lossless time-of-flight analyzer;AC=MS:1003379	MOMI APEM	2024-11-04	380m/z-980m/z	150m/z-2000m/z	not available	not available	4
MOMI_QC_APEM_P190_H12	Homo sapiens	blood plasma	not applicable	1	pooled	not available	not available	not available	not available	pooled	20241104_OA2_Evo08_ViAl_SA_FAIMS40_IO28_A556_MOMI_APEM_P190_H12_R01	proteomic profiling by mass spectrometry	1	20241104_OA2_Evo08_ViAl_SA_FAIMS40_IO28_A556_MOMI_APEM_P190_H12_R01.raw	v1.1.0	NT=ms-proteomics;VV=v1.1.0	NT=human;VV=v1.1.0	NT=dia-acquisition;VV=v1.1.0	NT=sdrf-skills;VV=v0.2.0	Data-independent acquisition	NT=Orbitrap Astral;AC=MS:1003378	NT=Trypsin;AC=MS:1001251	NT=Lys-C;AC=MS:1001309	label free sample	1	NT=HCD;AC=MS:1000422	25% NCE	10 ppm	10 ppm	NT=Dithiothreitol (DTT);AC=PRIDE:0000608	NT=Chloroacetamide (ClAA);AC=PRIDE:0000600	NT=Carbamidomethyl;AC=UNIMOD:4;TA=C;MT=Fixed	NT=Oxidation;AC=UNIMOD:35;TA=M;MT=Variable	NT=asymmetric track lossless time-of-flight analyzer;AC=MS:1003379	MOMI APEM	2024-11-04	380m/z-980m/z	150m/z-2000m/z	not available	not available	4
MOMI_QC_APEM_P191_E12	Homo sapiens	blood plasma	not applicable	1	pooled	not available	not available	not available	not available	pooled	20241104_OA2_Evo08_ViAl_SA_FAIMS40_IO28_A556_MOMI_APEM_P191_E12_R01	proteomic profiling by mass spectrometry	1	20241104_OA2_Evo08_ViAl_SA_FAIMS40_IO28_A556_MOMI_APEM_P191_E12_R01.raw	v1.1.0	NT=ms-proteomics;VV=v1.1.0	NT=human;VV=v1.1.0	NT=dia-acquisition;VV=v1.1.0	NT=sdrf-skills;VV=v0.2.0	Data-independent acquisition	NT=Orbitrap Astral;AC=MS:1003378	NT=Trypsin;AC=MS:1001251	NT=Lys-C;AC=MS:1001309	label free sample	1	NT=HCD;AC=MS:1000422	25% NCE	10 ppm	10 ppm	NT=Dithiothreitol (DTT);AC=PRIDE:0000608	NT=Chloroacetamide (ClAA);AC=PRIDE:0000600	NT=Carbamidomethyl;AC=UNIMOD:4;TA=C;MT=Fixed	NT=Oxidation;AC=UNIMOD:35;TA=M;MT=Variable	NT=asymmetric track lossless time-of-flight analyzer;AC=MS:1003379	MOMI APEM	2024-11-04	380m/z-980m/z	150m/z-2000m/z	not available	not available	4
MOMI_QC_APEM_P191_F12	Homo sapiens	blood plasma	not applicable	1	pooled	not available	not available	not available	not available	pooled	20241104_OA2_Evo08_ViAl_SA_FAIMS40_IO28_A556_MOMI_APEM_P191_F12_R01	proteomic profiling by mass spectrometry	1	20241104_OA2_Evo08_ViAl_SA_FAIMS40_IO28_A556_MOMI_APEM_P191_F12_R01.raw	v1.1.0	NT=ms-proteomics;VV=v1.1.0	NT=human;VV=v1.1.0	NT=dia-acquisition;VV=v1.1.0	NT=sdrf-skills;VV=v0.2.0	Data-independent acquisition	NT=Orbitrap Astral;AC=MS:1003378	NT=Trypsin;AC=MS:1001251	NT=Lys-C;AC=MS:1001309	label free sample	1	NT=HCD;AC=MS:1000422	25% NCE	10 ppm	10 ppm	NT=Dithiothreitol (DTT);AC=PRIDE:0000608	NT=Chloroacetamide (ClAA);AC=PRIDE:0000600	NT=Carbamidomethyl;AC=UNIMOD:4;TA=C;MT=Fixed	NT=Oxidation;AC=UNIMOD:35;TA=M;MT=Variable	NT=asymmetric track lossless time-of-flight analyzer;AC=MS:1003379	MOMI APEM	2024-11-04	380m/z-980m/z	150m/z-2000m/z	not available	not available	4
MOMI_QC_APEM_P191_G12	Homo sapiens	blood plasma	not applicable	1	pooled	not available	not available	not available	not available	pooled	20241104_OA2_Evo08_ViAl_SA_FAIMS40_IO28_A556_MOMI_APEM_P191_G12_R01	proteomic profiling by mass spectrometry	1	20241104_OA2_Evo08_ViAl_SA_FAIMS40_IO28_A556_MOMI_APEM_P191_G12_R01.raw	v1.1.0	NT=ms-proteomics;VV=v1.1.0	NT=human;VV=v1.1.0	NT=dia-acquisition;VV=v1.1.0	NT=sdrf-skills;VV=v0.2.0	Data-independent acquisition	NT=Orbitrap Astral;AC=MS:1003378	NT=Trypsin;AC=MS:1001251	NT=Lys-C;AC=MS:1001309	label free sample	1	NT=HCD;AC=MS:1000422	25% NCE	10 ppm	10 ppm	NT=Dithiothreitol (DTT);AC=PRIDE:0000608	NT=Chloroacetamide (ClAA);AC=PRIDE:0000600	NT=Carbamidomethyl;AC=UNIMOD:4;TA=C;MT=Fixed	NT=Oxidation;AC=UNIMOD:35;TA=M;MT=Variable	NT=asymmetric track lossless time-of-flight analyzer;AC=MS:1003379	MOMI APEM	2024-11-04	380m/z-980m/z	150m/z-2000m/z	not available	not available	4
MOMI_QC_APEM_P191_H12	Homo sapiens	blood plasma	not applicable	1	pooled	not available	not available	not available	not available	pooled	20241104_OA2_Evo08_ViAl_SA_FAIMS40_IO28_A556_MOMI_APEM_P191_H12_R01	proteomic profiling by mass spectrometry	1	20241104_OA2_Evo08_ViAl_SA_FAIMS40_IO28_A556_MOMI_APEM_P191_H12_R01.raw	v1.1.0	NT=ms-proteomics;VV=v1.1.0	NT=human;VV=v1.1.0	NT=dia-acquisition;VV=v1.1.0	NT=sdrf-skills;VV=v0.2.0	Data-independent acquisition	NT=Orbitrap Astral;AC=MS:1003378	NT=Trypsin;AC=MS:1001251	NT=Lys-C;AC=MS:1001309	label free sample	1	NT=HCD;AC=MS:1000422	25% NCE	10 ppm	10 ppm	NT=Dithiothreitol (DTT);AC=PRIDE:0000608	NT=Chloroacetamide (ClAA);AC=PRIDE:0000600	NT=Carbamidomethyl;AC=UNIMOD:4;TA=C;MT=Fixed	NT=Oxidation;AC=UNIMOD:35;TA=M;MT=Variable	NT=asymmetric track lossless time-of-flight analyzer;AC=MS:1003379	MOMI APEM	2024-11-04	380m/z-980m/z	150m/z-2000m/z	not available	not available	4
MOMI_QC_APEM_P192_E12	Homo sapiens	blood plasma	not applicable	1	pooled	not available	not available	not available	not available	pooled	20241104_OA2_Evo08_ViAl_SA_FAIMS40_IO28_A556_MOMI_APEM_P192_E12_R01	proteomic profiling by mass spectrometry	1	20241104_OA2_Evo08_ViAl_SA_FAIMS40_IO28_A556_MOMI_APEM_P192_E12_R01.raw	v1.1.0	NT=ms-proteomics;VV=v1.1.0	NT=human;VV=v1.1.0	NT=dia-acquisition;VV=v1.1.0	NT=sdrf-skills;VV=v0.2.0	Data-independent acquisition	NT=Orbitrap Astral;AC=MS:1003378	NT=Trypsin;AC=MS:1001251	NT=Lys-C;AC=MS:1001309	label free sample	1	NT=HCD;AC=MS:1000422	25% NCE	10 ppm	10 ppm	NT=Dithiothreitol (DTT);AC=PRIDE:0000608	NT=Chloroacetamide (ClAA);AC=PRIDE:0000600	NT=Carbamidomethyl;AC=UNIMOD:4;TA=C;MT=Fixed	NT=Oxidation;AC=UNIMOD:35;TA=M;MT=Variable	NT=asymmetric track lossless time-of-flight analyzer;AC=MS:1003379	MOMI APEM	2024-11-04	380m/z-980m/z	150m/z-2000m/z	not available	not available	4
MOMI_QC_APEM_P192_F12	Homo sapiens	blood plasma	not applicable	1	pooled	not available	not available	not available	not available	pooled	20241104_OA2_Evo08_ViAl_SA_FAIMS40_IO28_A556_MOMI_APEM_P192_F12_R01	proteomic profiling by mass spectrometry	1	20241104_OA2_Evo08_ViAl_SA_FAIMS40_IO28_A556_MOMI_APEM_P192_F12_R01.raw	v1.1.0	NT=ms-proteomics;VV=v1.1.0	NT=human;VV=v1.1.0	NT=dia-acquisition;VV=v1.1.0	NT=sdrf-skills;VV=v0.2.0	Data-independent acquisition	NT=Orbitrap Astral;AC=MS:1003378	NT=Trypsin;AC=MS:1001251	NT=Lys-C;AC=MS:1001309	label free sample	1	NT=HCD;AC=MS:1000422	25% NCE	10 ppm	10 ppm	NT=Dithiothreitol (DTT);AC=PRIDE:0000608	NT=Chloroacetamide (ClAA);AC=PRIDE:0000600	NT=Carbamidomethyl;AC=UNIMOD:4;TA=C;MT=Fixed	NT=Oxidation;AC=UNIMOD:35;TA=M;MT=Variable	NT=asymmetric track lossless time-of-flight analyzer;AC=MS:1003379	MOMI APEM	2024-11-04	380m/z-980m/z	150m/z-2000m/z	not available	not available	4
MOMI_QC_APEM_P192_G12	Homo sapiens	blood plasma	not applicable	1	pooled	not available	not available	not available	not available	pooled	20241104_OA2_Evo08_ViAl_SA_FAIMS40_IO28_A556_MOMI_APEM_P192_G12_R01	proteomic profiling by mass spectrometry	1	20241104_OA2_Evo08_ViAl_SA_FAIMS40_IO28_A556_MOMI_APEM_P192_G12_R01.raw	v1.1.0	NT=ms-proteomics;VV=v1.1.0	NT=human;VV=v1.1.0	NT=dia-acquisition;VV=v1.1.0	NT=sdrf-skills;VV=v0.2.0	Data-independent acquisition	NT=Orbitrap Astral;AC=MS:1003378	NT=Trypsin;AC=MS:1001251	NT=Lys-C;AC=MS:1001309	label free sample	1	NT=HCD;AC=MS:1000422	25% NCE	10 ppm	10 ppm	NT=Dithiothreitol (DTT);AC=PRIDE:0000608	NT=Chloroacetamide (ClAA);AC=PRIDE:0000600	NT=Carbamidomethyl;AC=UNIMOD:4;TA=C;MT=Fixed	NT=Oxidation;AC=UNIMOD:35;TA=M;MT=Variable	NT=asymmetric track lossless time-of-flight analyzer;AC=MS:1003379	MOMI APEM	2024-11-04	380m/z-980m/z	150m/z-2000m/z	not available	not available	4
MOMI_QC_APEM_P192_H12	Homo sapiens	blood plasma	not applicable	1	pooled	not available	not available	not available	not available	pooled	20241104_OA2_Evo08_ViAl_SA_FAIMS40_IO28_A556_MOMI_APEM_P192_H12_R01	proteomic profiling by mass spectrometry	1	20241104_OA2_Evo08_ViAl_SA_FAIMS40_IO28_A556_MOMI_APEM_P192_H12_R01.raw	v1.1.0	NT=ms-proteomics;VV=v1.1.0	NT=human;VV=v1.1.0	NT=dia-acquisition;VV=v1.1.0	NT=sdrf-skills;VV=v0.2.0	Data-independent acquisition	NT=Orbitrap Astral;AC=MS:1003378	NT=Trypsin;AC=MS:1001251	NT=Lys-C;AC=MS:1001309	label free sample	1	NT=HCD;AC=MS:1000422	25% NCE	10 ppm	10 ppm	NT=Dithiothreitol (DTT);AC=PRIDE:0000608	NT=Chloroacetamide (ClAA);AC=PRIDE:0000600	NT=Carbamidomethyl;AC=UNIMOD:4;TA=C;MT=Fixed	NT=Oxidation;AC=UNIMOD:35;TA=M;MT=Variable	NT=asymmetric track lossless time-of-flight analyzer;AC=MS:1003379	MOMI APEM	2024-11-04	380m/z-980m/z	150m/z-2000m/z	not available	not available	4
MOMI_QC_APEM_P193_E12	Homo sapiens	blood plasma	not applicable	1	pooled	not available	not available	not available	not available	pooled	20241104_OA2_Evo08_ViAl_SA_FAIMS40_IO28_A556_MOMI_APEM_P193_E12_R01	proteomic profiling by mass spectrometry	1	20241104_OA2_Evo08_ViAl_SA_FAIMS40_IO28_A556_MOMI_APEM_P193_E12_R01.raw	v1.1.0	NT=ms-proteomics;VV=v1.1.0	NT=human;VV=v1.1.0	NT=dia-acquisition;VV=v1.1.0	NT=sdrf-skills;VV=v0.2.0	Data-independent acquisition	NT=Orbitrap Astral;AC=MS:1003378	NT=Trypsin;AC=MS:1001251	NT=Lys-C;AC=MS:1001309	label free sample	1	NT=HCD;AC=MS:1000422	25% NCE	10 ppm	10 ppm	NT=Dithiothreitol (DTT);AC=PRIDE:0000608	NT=Chloroacetamide (ClAA);AC=PRIDE:0000600	NT=Carbamidomethyl;AC=UNIMOD:4;TA=C;MT=Fixed	NT=Oxidation;AC=UNIMOD:35;TA=M;MT=Variable	NT=asymmetric track lossless time-of-flight analyzer;AC=MS:1003379	MOMI APEM	2024-11-04	380m/z-980m/z	150m/z-2000m/z	not available	not available	4
MOMI_QC_APEM_P193_F12	Homo sapiens	blood plasma	not applicable	1	pooled	not available	not available	not available	not available	pooled	20241104_OA2_Evo08_ViAl_SA_FAIMS40_IO28_A556_MOMI_APEM_P193_F12_R01	proteomic profiling by mass spectrometry	1	20241104_OA2_Evo08_ViAl_SA_FAIMS40_IO28_A556_MOMI_APEM_P193_F12_R01.raw	v1.1.0	NT=ms-proteomics;VV=v1.1.0	NT=human;VV=v1.1.0	NT=dia-acquisition;VV=v1.1.0	NT=sdrf-skills;VV=v0.2.0	Data-independent acquisition	NT=Orbitrap Astral;AC=MS:1003378	NT=Trypsin;AC=MS:1001251	NT=Lys-C;AC=MS:1001309	label free sample	1	NT=HCD;AC=MS:1000422	25% NCE	10 ppm	10 ppm	NT=Dithiothreitol (DTT);AC=PRIDE:0000608	NT=Chloroacetamide (ClAA);AC=PRIDE:0000600	NT=Carbamidomethyl;AC=UNIMOD:4;TA=C;MT=Fixed	NT=Oxidation;AC=UNIMOD:35;TA=M;MT=Variable	NT=asymmetric track lossless time-of-flight analyzer;AC=MS:1003379	MOMI APEM	2024-11-04	380m/z-980m/z	150m/z-2000m/z	not available	not available	4
MOMI_QC_APEM_P193_G12	Homo sapiens	blood plasma	not applicable	1	pooled	not available	not available	not available	not available	pooled	20241104_OA2_Evo08_ViAl_SA_FAIMS40_IO28_A556_MOMI_APEM_P193_G12_R01	proteomic profiling by mass spectrometry	1	20241104_OA2_Evo08_ViAl_SA_FAIMS40_IO28_A556_MOMI_APEM_P193_G12_R01.raw	v1.1.0	NT=ms-proteomics;VV=v1.1.0	NT=human;VV=v1.1.0	NT=dia-acquisition;VV=v1.1.0	NT=sdrf-skills;VV=v0.2.0	Data-independent acquisition	NT=Orbitrap Astral;AC=MS:1003378	NT=Trypsin;AC=MS:1001251	NT=Lys-C;AC=MS:1001309	label free sample	1	NT=HCD;AC=MS:1000422	25% NCE	10 ppm	10 ppm	NT=Dithiothreitol (DTT);AC=PRIDE:0000608	NT=Chloroacetamide (ClAA);AC=PRIDE:0000600	NT=Carbamidomethyl;AC=UNIMOD:4;TA=C;MT=Fixed	NT=Oxidation;AC=UNIMOD:35;TA=M;MT=Variable	NT=asymmetric track lossless time-of-flight analyzer;AC=MS:1003379	MOMI APEM	2024-11-04	380m/z-980m/z	150m/z-2000m/z	not available	not available	4
MOMI_QC_APEM_P193_H12	Homo sapiens	blood plasma	not applicable	1	pooled	not available	not available	not available	not available	pooled	20241104_OA2_Evo08_ViAl_SA_FAIMS40_IO28_A556_MOMI_APEM_P193_H12_R01	proteomic profiling by mass spectrometry	1	20241104_OA2_Evo08_ViAl_SA_FAIMS40_IO28_A556_MOMI_APEM_P193_H12_R01.raw	v1.1.0	NT=ms-proteomics;VV=v1.1.0	NT=human;VV=v1.1.0	NT=dia-acquisition;VV=v1.1.0	NT=sdrf-skills;VV=v0.2.0	Data-independent acquisition	NT=Orbitrap Astral;AC=MS:1003378	NT=Trypsin;AC=MS:1001251	NT=Lys-C;AC=MS:1001309	label free sample	1	NT=HCD;AC=MS:1000422	25% NCE	10 ppm	10 ppm	NT=Dithiothreitol (DTT);AC=PRIDE:0000608	NT=Chloroacetamide (ClAA);AC=PRIDE:0000600	NT=Carbamidomethyl;AC=UNIMOD:4;TA=C;MT=Fixed	NT=Oxidation;AC=UNIMOD:35;TA=M;MT=Variable	NT=asymmetric track lossless time-of-flight analyzer;AC=MS:1003379	MOMI APEM	2024-11-04	380m/z-980m/z	150m/z-2000m/z	not available	not available	4
MOMI_QC_APEM_P194_E12	Homo sapiens	blood plasma	not applicable	1	pooled	not available	not available	not available	not available	pooled	20241104_OA2_Evo08_ViAl_SA_FAIMS40_IO28_A556_MOMI_APEM_P194_E12_R01	proteomic profiling by mass spectrometry	1	20241104_OA2_Evo08_ViAl_SA_FAIMS40_IO28_A556_MOMI_APEM_P194_E12_R01.raw	v1.1.0	NT=ms-proteomics;VV=v1.1.0	NT=human;VV=v1.1.0	NT=dia-acquisition;VV=v1.1.0	NT=sdrf-skills;VV=v0.2.0	Data-independent acquisition	NT=Orbitrap Astral;AC=MS:1003378	NT=Trypsin;AC=MS:1001251	NT=Lys-C;AC=MS:1001309	label free sample	1	NT=HCD;AC=MS:1000422	25% NCE	10 ppm	10 ppm	NT=Dithiothreitol (DTT);AC=PRIDE:0000608	NT=Chloroacetamide (ClAA);AC=PRIDE:0000600	NT=Carbamidomethyl;AC=UNIMOD:4;TA=C;MT=Fixed	NT=Oxidation;AC=UNIMOD:35;TA=M;MT=Variable	NT=asymmetric track lossless time-of-flight analyzer;AC=MS:1003379	MOMI APEM	2024-11-04	380m/z-980m/z	150m/z-2000m/z	not available	not available	4
MOMI_QC_APEM_P194_F12	Homo sapiens	blood plasma	not applicable	1	pooled	not available	not available	not available	not available	pooled	20241104_OA2_Evo08_ViAl_SA_FAIMS40_IO28_A556_MOMI_APEM_P194_F12_R01	proteomic profiling by mass spectrometry	1	20241104_OA2_Evo08_ViAl_SA_FAIMS40_IO28_A556_MOMI_APEM_P194_F12_R01.raw	v1.1.0	NT=ms-proteomics;VV=v1.1.0	NT=human;VV=v1.1.0	NT=dia-acquisition;VV=v1.1.0	NT=sdrf-skills;VV=v0.2.0	Data-independent acquisition	NT=Orbitrap Astral;AC=MS:1003378	NT=Trypsin;AC=MS:1001251	NT=Lys-C;AC=MS:1001309	label free sample	1	NT=HCD;AC=MS:1000422	25% NCE	10 ppm	10 ppm	NT=Dithiothreitol (DTT);AC=PRIDE:0000608	NT=Chloroacetamide (ClAA);AC=PRIDE:0000600	NT=Carbamidomethyl;AC=UNIMOD:4;TA=C;MT=Fixed	NT=Oxidation;AC=UNIMOD:35;TA=M;MT=Variable	NT=asymmetric track lossless time-of-flight analyzer;AC=MS:1003379	MOMI APEM	2024-11-04	380m/z-980m/z	150m/z-2000m/z	not available	not available	4
MOMI_QC_APEM_P194_G12	Homo sapiens	blood plasma	not applicable	1	pooled	not available	not available	not available	not available	pooled	20241104_OA2_Evo08_ViAl_SA_FAIMS40_IO28_A556_MOMI_APEM_P194_G12_R01	proteomic profiling by mass spectrometry	1	20241104_OA2_Evo08_ViAl_SA_FAIMS40_IO28_A556_MOMI_APEM_P194_G12_R01.raw	v1.1.0	NT=ms-proteomics;VV=v1.1.0	NT=human;VV=v1.1.0	NT=dia-acquisition;VV=v1.1.0	NT=sdrf-skills;VV=v0.2.0	Data-independent acquisition	NT=Orbitrap Astral;AC=MS:1003378	NT=Trypsin;AC=MS:1001251	NT=Lys-C;AC=MS:1001309	label free sample	1	NT=HCD;AC=MS:1000422	25% NCE	10 ppm	10 ppm	NT=Dithiothreitol (DTT);AC=PRIDE:0000608	NT=Chloroacetamide (ClAA);AC=PRIDE:0000600	NT=Carbamidomethyl;AC=UNIMOD:4;TA=C;MT=Fixed	NT=Oxidation;AC=UNIMOD:35;TA=M;MT=Variable	NT=asymmetric track lossless time-of-flight analyzer;AC=MS:1003379	MOMI APEM	2024-11-04	380m/z-980m/z	150m/z-2000m/z	not available	not available	4
MOMI_QC_APEM_P194_H12	Homo sapiens	blood plasma	not applicable	1	pooled	not available	not available	not available	not available	pooled	20241104_OA2_Evo08_ViAl_SA_FAIMS40_IO28_A556_MOMI_APEM_P194_H12_R01	proteomic profiling by mass spectrometry	1	20241104_OA2_Evo08_ViAl_SA_FAIMS40_IO28_A556_MOMI_APEM_P194_H12_R01.raw	v1.1.0	NT=ms-proteomics;VV=v1.1.0	NT=human;VV=v1.1.0	NT=dia-acquisition;VV=v1.1.0	NT=sdrf-skills;VV=v0.2.0	Data-independent acquisition	NT=Orbitrap Astral;AC=MS:1003378	NT=Trypsin;AC=MS:1001251	NT=Lys-C;AC=MS:1001309	label free sample	1	NT=HCD;AC=MS:1000422	25% NCE	10 ppm	10 ppm	NT=Dithiothreitol (DTT);AC=PRIDE:0000608	NT=Chloroacetamide (ClAA);AC=PRIDE:0000600	NT=Carbamidomethyl;AC=UNIMOD:4;TA=C;MT=Fixed	NT=Oxidation;AC=UNIMOD:35;TA=M;MT=Variable	NT=asymmetric track lossless time-of-flight analyzer;AC=MS:1003379	MOMI APEM	2024-11-04	380m/z-980m/z	150m/z-2000m/z	not available	not available	4
MOMI_QC_APEM_P195_E12	Homo sapiens	blood plasma	not applicable	1	pooled	not available	not available	not available	not available	pooled	20241104_OA2_Evo08_ViAl_SA_FAIMS40_IO28_A556_MOMI_APEM_P195_E12_R01	proteomic profiling by mass spectrometry	1	20241104_OA2_Evo08_ViAl_SA_FAIMS40_IO28_A556_MOMI_APEM_P195_E12_R01.raw	v1.1.0	NT=ms-proteomics;VV=v1.1.0	NT=human;VV=v1.1.0	NT=dia-acquisition;VV=v1.1.0	NT=sdrf-skills;VV=v0.2.0	Data-independent acquisition	NT=Orbitrap Astral;AC=MS:1003378	NT=Trypsin;AC=MS:1001251	NT=Lys-C;AC=MS:1001309	label free sample	1	NT=HCD;AC=MS:1000422	25% NCE	10 ppm	10 ppm	NT=Dithiothreitol (DTT);AC=PRIDE:0000608	NT=Chloroacetamide (ClAA);AC=PRIDE:0000600	NT=Carbamidomethyl;AC=UNIMOD:4;TA=C;MT=Fixed	NT=Oxidation;AC=UNIMOD:35;TA=M;MT=Variable	NT=asymmetric track lossless time-of-flight analyzer;AC=MS:1003379	MOMI APEM	2024-11-04	380m/z-980m/z	150m/z-2000m/z	not available	not available	4
MOMI_QC_APEM_P195_F12	Homo sapiens	blood plasma	not applicable	1	pooled	not available	not available	not available	not available	pooled	20241104_OA2_Evo08_ViAl_SA_FAIMS40_IO28_A556_MOMI_APEM_P195_F12_R01	proteomic profiling by mass spectrometry	1	20241104_OA2_Evo08_ViAl_SA_FAIMS40_IO28_A556_MOMI_APEM_P195_F12_R01.raw	v1.1.0	NT=ms-proteomics;VV=v1.1.0	NT=human;VV=v1.1.0	NT=dia-acquisition;VV=v1.1.0	NT=sdrf-skills;VV=v0.2.0	Data-independent acquisition	NT=Orbitrap Astral;AC=MS:1003378	NT=Trypsin;AC=MS:1001251	NT=Lys-C;AC=MS:1001309	label free sample	1	NT=HCD;AC=MS:1000422	25% NCE	10 ppm	10 ppm	NT=Dithiothreitol (DTT);AC=PRIDE:0000608	NT=Chloroacetamide (ClAA);AC=PRIDE:0000600	NT=Carbamidomethyl;AC=UNIMOD:4;TA=C;MT=Fixed	NT=Oxidation;AC=UNIMOD:35;TA=M;MT=Variable	NT=asymmetric track lossless time-of-flight analyzer;AC=MS:1003379	MOMI APEM	2024-11-04	380m/z-980m/z	150m/z-2000m/z	not available	not available	4
MOMI_QC_APEM_P195_G12	Homo sapiens	blood plasma	not applicable	1	pooled	not available	not available	not available	not available	pooled	20241104_OA2_Evo08_ViAl_SA_FAIMS40_IO28_A556_MOMI_APEM_P195_G12_R01	proteomic profiling by mass spectrometry	1	20241104_OA2_Evo08_ViAl_SA_FAIMS40_IO28_A556_MOMI_APEM_P195_G12_R01.raw	v1.1.0	NT=ms-proteomics;VV=v1.1.0	NT=human;VV=v1.1.0	NT=dia-acquisition;VV=v1.1.0	NT=sdrf-skills;VV=v0.2.0	Data-independent acquisition	NT=Orbitrap Astral;AC=MS:1003378	NT=Trypsin;AC=MS:1001251	NT=Lys-C;AC=MS:1001309	label free sample	1	NT=HCD;AC=MS:1000422	25% NCE	10 ppm	10 ppm	NT=Dithiothreitol (DTT);AC=PRIDE:0000608	NT=Chloroacetamide (ClAA);AC=PRIDE:0000600	NT=Carbamidomethyl;AC=UNIMOD:4;TA=C;MT=Fixed	NT=Oxidation;AC=UNIMOD:35;TA=M;MT=Variable	NT=asymmetric track lossless time-of-flight analyzer;AC=MS:1003379	MOMI APEM	2024-11-04	380m/z-980m/z	150m/z-2000m/z	not available	not available	4
MOMI_QC_APEM_P195_H12	Homo sapiens	blood plasma	not applicable	1	pooled	not available	not available	not available	not available	pooled	20241104_OA2_Evo08_ViAl_SA_FAIMS40_IO28_A556_MOMI_APEM_P195_H12_R01	proteomic profiling by mass spectrometry	1	20241104_OA2_Evo08_ViAl_SA_FAIMS40_IO28_A556_MOMI_APEM_P195_H12_R01.raw	v1.1.0	NT=ms-proteomics;VV=v1.1.0	NT=human;VV=v1.1.0	NT=dia-acquisition;VV=v1.1.0	NT=sdrf-skills;VV=v0.2.0	Data-independent acquisition	NT=Orbitrap Astral;AC=MS:1003378	NT=Trypsin;AC=MS:1001251	NT=Lys-C;AC=MS:1001309	label free sample	1	NT=HCD;AC=MS:1000422	25% NCE	10 ppm	10 ppm	NT=Dithiothreitol (DTT);AC=PRIDE:0000608	NT=Chloroacetamide (ClAA);AC=PRIDE:0000600	NT=Carbamidomethyl;AC=UNIMOD:4;TA=C;MT=Fixed	NT=Oxidation;AC=UNIMOD:35;TA=M;MT=Variable	NT=asymmetric track lossless time-of-flight analyzer;AC=MS:1003379	MOMI APEM	2024-11-04	380m/z-980m/z	150m/z-2000m/z	not available	not available	4
MOMI_QC_APEM_P196_E12	Homo sapiens	blood plasma	not applicable	1	pooled	not available	not available	not available	not available	pooled	20241104_OA2_Evo08_ViAl_SA_FAIMS40_IO28_A556_MOMI_APEM_P196_E12_R01	proteomic profiling by mass spectrometry	1	20241104_OA2_Evo08_ViAl_SA_FAIMS40_IO28_A556_MOMI_APEM_P196_E12_R01.raw	v1.1.0	NT=ms-proteomics;VV=v1.1.0	NT=human;VV=v1.1.0	NT=dia-acquisition;VV=v1.1.0	NT=sdrf-skills;VV=v0.2.0	Data-independent acquisition	NT=Orbitrap Astral;AC=MS:1003378	NT=Trypsin;AC=MS:1001251	NT=Lys-C;AC=MS:1001309	label free sample	1	NT=HCD;AC=MS:1000422	25% NCE	10 ppm	10 ppm	NT=Dithiothreitol (DTT);AC=PRIDE:0000608	NT=Chloroacetamide (ClAA);AC=PRIDE:0000600	NT=Carbamidomethyl;AC=UNIMOD:4;TA=C;MT=Fixed	NT=Oxidation;AC=UNIMOD:35;TA=M;MT=Variable	NT=asymmetric track lossless time-of-flight analyzer;AC=MS:1003379	MOMI APEM	2024-11-04	380m/z-980m/z	150m/z-2000m/z	not available	not available	4
MOMI_QC_APEM_P196_F12	Homo sapiens	blood plasma	not applicable	1	pooled	not available	not available	not available	not available	pooled	20241104_OA2_Evo08_ViAl_SA_FAIMS40_IO28_A556_MOMI_APEM_P196_F12_R01	proteomic profiling by mass spectrometry	1	20241104_OA2_Evo08_ViAl_SA_FAIMS40_IO28_A556_MOMI_APEM_P196_F12_R01.raw	v1.1.0	NT=ms-proteomics;VV=v1.1.0	NT=human;VV=v1.1.0	NT=dia-acquisition;VV=v1.1.0	NT=sdrf-skills;VV=v0.2.0	Data-independent acquisition	NT=Orbitrap Astral;AC=MS:1003378	NT=Trypsin;AC=MS:1001251	NT=Lys-C;AC=MS:1001309	label free sample	1	NT=HCD;AC=MS:1000422	25% NCE	10 ppm	10 ppm	NT=Dithiothreitol (DTT);AC=PRIDE:0000608	NT=Chloroacetamide (ClAA);AC=PRIDE:0000600	NT=Carbamidomethyl;AC=UNIMOD:4;TA=C;MT=Fixed	NT=Oxidation;AC=UNIMOD:35;TA=M;MT=Variable	NT=asymmetric track lossless time-of-flight analyzer;AC=MS:1003379	MOMI APEM	2024-11-04	380m/z-980m/z	150m/z-2000m/z	not available	not available	4
MOMI_QC_APEM_P196_G12	Homo sapiens	blood plasma	not applicable	1	pooled	not available	not available	not available	not available	pooled	20241104_OA2_Evo08_ViAl_SA_FAIMS40_IO28_A556_MOMI_APEM_P196_G12_R01	proteomic profiling by mass spectrometry	1	20241104_OA2_Evo08_ViAl_SA_FAIMS40_IO28_A556_MOMI_APEM_P196_G12_R01.raw	v1.1.0	NT=ms-proteomics;VV=v1.1.0	NT=human;VV=v1.1.0	NT=dia-acquisition;VV=v1.1.0	NT=sdrf-skills;VV=v0.2.0	Data-independent acquisition	NT=Orbitrap Astral;AC=MS:1003378	NT=Trypsin;AC=MS:1001251	NT=Lys-C;AC=MS:1001309	label free sample	1	NT=HCD;AC=MS:1000422	25% NCE	10 ppm	10 ppm	NT=Dithiothreitol (DTT);AC=PRIDE:0000608	NT=Chloroacetamide (ClAA);AC=PRIDE:0000600	NT=Carbamidomethyl;AC=UNIMOD:4;TA=C;MT=Fixed	NT=Oxidation;AC=UNIMOD:35;TA=M;MT=Variable	NT=asymmetric track lossless time-of-flight analyzer;AC=MS:1003379	MOMI APEM	2024-11-04	380m/z-980m/z	150m/z-2000m/z	not available	not available	4
MOMI_QC_APEM_P196_H12	Homo sapiens	blood plasma	not applicable	1	pooled	not available	not available	not available	not available	pooled	20241104_OA2_Evo08_ViAl_SA_FAIMS40_IO28_A556_MOMI_APEM_P196_H12_R01	proteomic profiling by mass spectrometry	1	20241104_OA2_Evo08_ViAl_SA_FAIMS40_IO28_A556_MOMI_APEM_P196_H12_R01.raw	v1.1.0	NT=ms-proteomics;VV=v1.1.0	NT=human;VV=v1.1.0	NT=dia-acquisition;VV=v1.1.0	NT=sdrf-skills;VV=v0.2.0	Data-independent acquisition	NT=Orbitrap Astral;AC=MS:1003378	NT=Trypsin;AC=MS:1001251	NT=Lys-C;AC=MS:1001309	label free sample	1	NT=HCD;AC=MS:1000422	25% NCE	10 ppm	10 ppm	NT=Dithiothreitol (DTT);AC=PRIDE:0000608	NT=Chloroacetamide (ClAA);AC=PRIDE:0000600	NT=Carbamidomethyl;AC=UNIMOD:4;TA=C;MT=Fixed	NT=Oxidation;AC=UNIMOD:35;TA=M;MT=Variable	NT=asymmetric track lossless time-of-flight analyzer;AC=MS:1003379	MOMI APEM	2024-11-04	380m/z-980m/z	150m/z-2000m/z	not available	not available	4
MOMI_QC_ABGD_P61_E12	Homo sapiens	blood plasma	not applicable	1	pooled	not available	not available	not available	not available	pooled	20241104_OA3_Evo02_ViAl_SA_FAIMS40_IO29_A556_MOMI_ABGD_P61_E12_R01	proteomic profiling by mass spectrometry	1	20241104_OA3_Evo02_ViAl_SA_FAIMS40_IO29_A556_MOMI_ABGD_P61_E12_R01.raw	v1.1.0	NT=ms-proteomics;VV=v1.1.0	NT=human;VV=v1.1.0	NT=dia-acquisition;VV=v1.1.0	NT=sdrf-skills;VV=v0.2.0	Data-independent acquisition	NT=Orbitrap Astral;AC=MS:1003378	NT=Trypsin;AC=MS:1001251	NT=Lys-C;AC=MS:1001309	label free sample	1	NT=HCD;AC=MS:1000422	25% NCE	10 ppm	10 ppm	NT=Dithiothreitol (DTT);AC=PRIDE:0000608	NT=Chloroacetamide (ClAA);AC=PRIDE:0000600	NT=Carbamidomethyl;AC=UNIMOD:4;TA=C;MT=Fixed	NT=Oxidation;AC=UNIMOD:35;TA=M;MT=Variable	NT=asymmetric track lossless time-of-flight analyzer;AC=MS:1003379	MOMI ABGD	2024-11-04	380m/z-980m/z	150m/z-2000m/z	not available	not available	4
MOMI_QC_ABGD_P61_F12	Homo sapiens	blood plasma	not applicable	1	pooled	not available	not available	not available	not available	pooled	20241104_OA3_Evo02_ViAl_SA_FAIMS40_IO29_A556_MOMI_ABGD_P61_F12_R01	proteomic profiling by mass spectrometry	1	20241104_OA3_Evo02_ViAl_SA_FAIMS40_IO29_A556_MOMI_ABGD_P61_F12_R01.raw	v1.1.0	NT=ms-proteomics;VV=v1.1.0	NT=human;VV=v1.1.0	NT=dia-acquisition;VV=v1.1.0	NT=sdrf-skills;VV=v0.2.0	Data-independent acquisition	NT=Orbitrap Astral;AC=MS:1003378	NT=Trypsin;AC=MS:1001251	NT=Lys-C;AC=MS:1001309	label free sample	1	NT=HCD;AC=MS:1000422	25% NCE	10 ppm	10 ppm	NT=Dithiothreitol (DTT);AC=PRIDE:0000608	NT=Chloroacetamide (ClAA);AC=PRIDE:0000600	NT=Carbamidomethyl;AC=UNIMOD:4;TA=C;MT=Fixed	NT=Oxidation;AC=UNIMOD:35;TA=M;MT=Variable	NT=asymmetric track lossless time-of-flight analyzer;AC=MS:1003379	MOMI ABGD	2024-11-04	380m/z-980m/z	150m/z-2000m/z	not available	not available	4
MOMI_QC_ABGD_P61_G12	Homo sapiens	blood plasma	not applicable	1	pooled	not available	not available	not available	not available	pooled	20241104_OA3_Evo02_ViAl_SA_FAIMS40_IO29_A556_MOMI_ABGD_P61_G12_R01	proteomic profiling by mass spectrometry	1	20241104_OA3_Evo02_ViAl_SA_FAIMS40_IO29_A556_MOMI_ABGD_P61_G12_R01.raw	v1.1.0	NT=ms-proteomics;VV=v1.1.0	NT=human;VV=v1.1.0	NT=dia-acquisition;VV=v1.1.0	NT=sdrf-skills;VV=v0.2.0	Data-independent acquisition	NT=Orbitrap Astral;AC=MS:1003378	NT=Trypsin;AC=MS:1001251	NT=Lys-C;AC=MS:1001309	label free sample	1	NT=HCD;AC=MS:1000422	25% NCE	10 ppm	10 ppm	NT=Dithiothreitol (DTT);AC=PRIDE:0000608	NT=Chloroacetamide (ClAA);AC=PRIDE:0000600	NT=Carbamidomethyl;AC=UNIMOD:4;TA=C;MT=Fixed	NT=Oxidation;AC=UNIMOD:35;TA=M;MT=Variable	NT=asymmetric track lossless time-of-flight analyzer;AC=MS:1003379	MOMI ABGD	2024-11-04	380m/z-980m/z	150m/z-2000m/z	not available	not available	4
MOMI_QC_ABGD_P61_H12	Homo sapiens	blood plasma	not applicable	1	pooled	not available	not available	not available	not available	pooled	20241104_OA3_Evo02_ViAl_SA_FAIMS40_IO29_A556_MOMI_ABGD_P61_H12_R01	proteomic profiling by mass spectrometry	1	20241104_OA3_Evo02_ViAl_SA_FAIMS40_IO29_A556_MOMI_ABGD_P61_H12_R01.raw	v1.1.0	NT=ms-proteomics;VV=v1.1.0	NT=human;VV=v1.1.0	NT=dia-acquisition;VV=v1.1.0	NT=sdrf-skills;VV=v0.2.0	Data-independent acquisition	NT=Orbitrap Astral;AC=MS:1003378	NT=Trypsin;AC=MS:1001251	NT=Lys-C;AC=MS:1001309	label free sample	1	NT=HCD;AC=MS:1000422	25% NCE	10 ppm	10 ppm	NT=Dithiothreitol (DTT);AC=PRIDE:0000608	NT=Chloroacetamide (ClAA);AC=PRIDE:0000600	NT=Carbamidomethyl;AC=UNIMOD:4;TA=C;MT=Fixed	NT=Oxidation;AC=UNIMOD:35;TA=M;MT=Variable	NT=asymmetric track lossless time-of-flight analyzer;AC=MS:1003379	MOMI ABGD	2024-11-04	380m/z-980m/z	150m/z-2000m/z	not available	not available	4
MOMI_QC_ABGD_P62_E12	Homo sapiens	blood plasma	not applicable	1	pooled	not available	not available	not available	not available	pooled	20241104_OA3_Evo02_ViAl_SA_FAIMS40_IO29_A556_MOMI_ABGD_P62_E12_R01	proteomic profiling by mass spectrometry	1	20241104_OA3_Evo02_ViAl_SA_FAIMS40_IO29_A556_MOMI_ABGD_P62_E12_R01.raw	v1.1.0	NT=ms-proteomics;VV=v1.1.0	NT=human;VV=v1.1.0	NT=dia-acquisition;VV=v1.1.0	NT=sdrf-skills;VV=v0.2.0	Data-independent acquisition	NT=Orbitrap Astral;AC=MS:1003378	NT=Trypsin;AC=MS:1001251	NT=Lys-C;AC=MS:1001309	label free sample	1	NT=HCD;AC=MS:1000422	25% NCE	10 ppm	10 ppm	NT=Dithiothreitol (DTT);AC=PRIDE:0000608	NT=Chloroacetamide (ClAA);AC=PRIDE:0000600	NT=Carbamidomethyl;AC=UNIMOD:4;TA=C;MT=Fixed	NT=Oxidation;AC=UNIMOD:35;TA=M;MT=Variable	NT=asymmetric track lossless time-of-flight analyzer;AC=MS:1003379	MOMI ABGD	2024-11-04	380m/z-980m/z	150m/z-2000m/z	not available	not available	4
MOMI_QC_ABGD_P62_F12	Homo sapiens	blood plasma	not applicable	1	pooled	not available	not available	not available	not available	pooled	20241104_OA3_Evo02_ViAl_SA_FAIMS40_IO29_A556_MOMI_ABGD_P62_F12_R01	proteomic profiling by mass spectrometry	1	20241104_OA3_Evo02_ViAl_SA_FAIMS40_IO29_A556_MOMI_ABGD_P62_F12_R01.raw	v1.1.0	NT=ms-proteomics;VV=v1.1.0	NT=human;VV=v1.1.0	NT=dia-acquisition;VV=v1.1.0	NT=sdrf-skills;VV=v0.2.0	Data-independent acquisition	NT=Orbitrap Astral;AC=MS:1003378	NT=Trypsin;AC=MS:1001251	NT=Lys-C;AC=MS:1001309	label free sample	1	NT=HCD;AC=MS:1000422	25% NCE	10 ppm	10 ppm	NT=Dithiothreitol (DTT);AC=PRIDE:0000608	NT=Chloroacetamide (ClAA);AC=PRIDE:0000600	NT=Carbamidomethyl;AC=UNIMOD:4;TA=C;MT=Fixed	NT=Oxidation;AC=UNIMOD:35;TA=M;MT=Variable	NT=asymmetric track lossless time-of-flight analyzer;AC=MS:1003379	MOMI ABGD	2024-11-04	380m/z-980m/z	150m/z-2000m/z	not available	not available	4
MOMI_QC_ABGD_P62_G12	Homo sapiens	blood plasma	not applicable	1	pooled	not available	not available	not available	not available	pooled	20241104_OA3_Evo02_ViAl_SA_FAIMS40_IO29_A556_MOMI_ABGD_P62_G12_R01	proteomic profiling by mass spectrometry	1	20241104_OA3_Evo02_ViAl_SA_FAIMS40_IO29_A556_MOMI_ABGD_P62_G12_R01.raw	v1.1.0	NT=ms-proteomics;VV=v1.1.0	NT=human;VV=v1.1.0	NT=dia-acquisition;VV=v1.1.0	NT=sdrf-skills;VV=v0.2.0	Data-independent acquisition	NT=Orbitrap Astral;AC=MS:1003378	NT=Trypsin;AC=MS:1001251	NT=Lys-C;AC=MS:1001309	label free sample	1	NT=HCD;AC=MS:1000422	25% NCE	10 ppm	10 ppm	NT=Dithiothreitol (DTT);AC=PRIDE:0000608	NT=Chloroacetamide (ClAA);AC=PRIDE:0000600	NT=Carbamidomethyl;AC=UNIMOD:4;TA=C;MT=Fixed	NT=Oxidation;AC=UNIMOD:35;TA=M;MT=Variable	NT=asymmetric track lossless time-of-flight analyzer;AC=MS:1003379	MOMI ABGD	2024-11-04	380m/z-980m/z	150m/z-2000m/z	not available	not available	4
MOMI_QC_ABGD_P62_H12	Homo sapiens	blood plasma	not applicable	1	pooled	not available	not available	not available	not available	pooled	20241104_OA3_Evo02_ViAl_SA_FAIMS40_IO29_A556_MOMI_ABGD_P62_H12_R01	proteomic profiling by mass spectrometry	1	20241104_OA3_Evo02_ViAl_SA_FAIMS40_IO29_A556_MOMI_ABGD_P62_H12_R01.raw	v1.1.0	NT=ms-proteomics;VV=v1.1.0	NT=human;VV=v1.1.0	NT=dia-acquisition;VV=v1.1.0	NT=sdrf-skills;VV=v0.2.0	Data-independent acquisition	NT=Orbitrap Astral;AC=MS:1003378	NT=Trypsin;AC=MS:1001251	NT=Lys-C;AC=MS:1001309	label free sample	1	NT=HCD;AC=MS:1000422	25% NCE	10 ppm	10 ppm	NT=Dithiothreitol (DTT);AC=PRIDE:0000608	NT=Chloroacetamide (ClAA);AC=PRIDE:0000600	NT=Carbamidomethyl;AC=UNIMOD:4;TA=C;MT=Fixed	NT=Oxidation;AC=UNIMOD:35;TA=M;MT=Variable	NT=asymmetric track lossless time-of-flight analyzer;AC=MS:1003379	MOMI ABGD	2024-11-04	380m/z-980m/z	150m/z-2000m/z	not available	not available	4
MOMI_QC_ABGD_P63_E12	Homo sapiens	blood plasma	not applicable	1	pooled	not available	not available	not available	not available	pooled	20241104_OA3_Evo02_ViAl_SA_FAIMS40_IO29_A556_MOMI_ABGD_P63_E12_R01	proteomic profiling by mass spectrometry	1	20241104_OA3_Evo02_ViAl_SA_FAIMS40_IO29_A556_MOMI_ABGD_P63_E12_R01.raw	v1.1.0	NT=ms-proteomics;VV=v1.1.0	NT=human;VV=v1.1.0	NT=dia-acquisition;VV=v1.1.0	NT=sdrf-skills;VV=v0.2.0	Data-independent acquisition	NT=Orbitrap Astral;AC=MS:1003378	NT=Trypsin;AC=MS:1001251	NT=Lys-C;AC=MS:1001309	label free sample	1	NT=HCD;AC=MS:1000422	25% NCE	10 ppm	10 ppm	NT=Dithiothreitol (DTT);AC=PRIDE:0000608	NT=Chloroacetamide (ClAA);AC=PRIDE:0000600	NT=Carbamidomethyl;AC=UNIMOD:4;TA=C;MT=Fixed	NT=Oxidation;AC=UNIMOD:35;TA=M;MT=Variable	NT=asymmetric track lossless time-of-flight analyzer;AC=MS:1003379	MOMI ABGD	2024-11-04	380m/z-980m/z	150m/z-2000m/z	not available	not available	4
MOMI_QC_ABGD_P63_F12	Homo sapiens	blood plasma	not applicable	1	pooled	not available	not available	not available	not available	pooled	20241104_OA3_Evo02_ViAl_SA_FAIMS40_IO29_A556_MOMI_ABGD_P63_F12_R01	proteomic profiling by mass spectrometry	1	20241104_OA3_Evo02_ViAl_SA_FAIMS40_IO29_A556_MOMI_ABGD_P63_F12_R01.raw	v1.1.0	NT=ms-proteomics;VV=v1.1.0	NT=human;VV=v1.1.0	NT=dia-acquisition;VV=v1.1.0	NT=sdrf-skills;VV=v0.2.0	Data-independent acquisition	NT=Orbitrap Astral;AC=MS:1003378	NT=Trypsin;AC=MS:1001251	NT=Lys-C;AC=MS:1001309	label free sample	1	NT=HCD;AC=MS:1000422	25% NCE	10 ppm	10 ppm	NT=Dithiothreitol (DTT);AC=PRIDE:0000608	NT=Chloroacetamide (ClAA);AC=PRIDE:0000600	NT=Carbamidomethyl;AC=UNIMOD:4;TA=C;MT=Fixed	NT=Oxidation;AC=UNIMOD:35;TA=M;MT=Variable	NT=asymmetric track lossless time-of-flight analyzer;AC=MS:1003379	MOMI ABGD	2024-11-04	380m/z-980m/z	150m/z-2000m/z	not available	not available	4
MOMI_QC_ABGD_P63_G12	Homo sapiens	blood plasma	not applicable	1	pooled	not available	not available	not available	not available	pooled	20241104_OA3_Evo02_ViAl_SA_FAIMS40_IO29_A556_MOMI_ABGD_P63_G12_R01	proteomic profiling by mass spectrometry	1	20241104_OA3_Evo02_ViAl_SA_FAIMS40_IO29_A556_MOMI_ABGD_P63_G12_R01.raw	v1.1.0	NT=ms-proteomics;VV=v1.1.0	NT=human;VV=v1.1.0	NT=dia-acquisition;VV=v1.1.0	NT=sdrf-skills;VV=v0.2.0	Data-independent acquisition	NT=Orbitrap Astral;AC=MS:1003378	NT=Trypsin;AC=MS:1001251	NT=Lys-C;AC=MS:1001309	label free sample	1	NT=HCD;AC=MS:1000422	25% NCE	10 ppm	10 ppm	NT=Dithiothreitol (DTT);AC=PRIDE:0000608	NT=Chloroacetamide (ClAA);AC=PRIDE:0000600	NT=Carbamidomethyl;AC=UNIMOD:4;TA=C;MT=Fixed	NT=Oxidation;AC=UNIMOD:35;TA=M;MT=Variable	NT=asymmetric track lossless time-of-flight analyzer;AC=MS:1003379	MOMI ABGD	2024-11-04	380m/z-980m/z	150m/z-2000m/z	not available	not available	4
MOMI_QC_ABGD_P63_H12	Homo sapiens	blood plasma	not applicable	1	pooled	not available	not available	not available	not available	pooled	20241104_OA3_Evo02_ViAl_SA_FAIMS40_IO29_A556_MOMI_ABGD_P63_H12_R01	proteomic profiling by mass spectrometry	1	20241104_OA3_Evo02_ViAl_SA_FAIMS40_IO29_A556_MOMI_ABGD_P63_H12_R01.raw	v1.1.0	NT=ms-proteomics;VV=v1.1.0	NT=human;VV=v1.1.0	NT=dia-acquisition;VV=v1.1.0	NT=sdrf-skills;VV=v0.2.0	Data-independent acquisition	NT=Orbitrap Astral;AC=MS:1003378	NT=Trypsin;AC=MS:1001251	NT=Lys-C;AC=MS:1001309	label free sample	1	NT=HCD;AC=MS:1000422	25% NCE	10 ppm	10 ppm	NT=Dithiothreitol (DTT);AC=PRIDE:0000608	NT=Chloroacetamide (ClAA);AC=PRIDE:0000600	NT=Carbamidomethyl;AC=UNIMOD:4;TA=C;MT=Fixed	NT=Oxidation;AC=UNIMOD:35;TA=M;MT=Variable	NT=asymmetric track lossless time-of-flight analyzer;AC=MS:1003379	MOMI ABGD	2024-11-04	380m/z-980m/z	150m/z-2000m/z	not available	not available	4
MOMI_QC_ABGD_P64_E12	Homo sapiens	blood plasma	not applicable	1	pooled	not available	not available	not available	not available	pooled	20241104_OA3_Evo02_ViAl_SA_FAIMS40_IO29_A556_MOMI_ABGD_P64_E12_R01	proteomic profiling by mass spectrometry	1	20241104_OA3_Evo02_ViAl_SA_FAIMS40_IO29_A556_MOMI_ABGD_P64_E12_R01.raw	v1.1.0	NT=ms-proteomics;VV=v1.1.0	NT=human;VV=v1.1.0	NT=dia-acquisition;VV=v1.1.0	NT=sdrf-skills;VV=v0.2.0	Data-independent acquisition	NT=Orbitrap Astral;AC=MS:1003378	NT=Trypsin;AC=MS:1001251	NT=Lys-C;AC=MS:1001309	label free sample	1	NT=HCD;AC=MS:1000422	25% NCE	10 ppm	10 ppm	NT=Dithiothreitol (DTT);AC=PRIDE:0000608	NT=Chloroacetamide (ClAA);AC=PRIDE:0000600	NT=Carbamidomethyl;AC=UNIMOD:4;TA=C;MT=Fixed	NT=Oxidation;AC=UNIMOD:35;TA=M;MT=Variable	NT=asymmetric track lossless time-of-flight analyzer;AC=MS:1003379	MOMI ABGD	2024-11-04	380m/z-980m/z	150m/z-2000m/z	not available	not available	4
MOMI_QC_ABGD_P64_F12	Homo sapiens	blood plasma	not applicable	1	pooled	not available	not available	not available	not available	pooled	20241104_OA3_Evo02_ViAl_SA_FAIMS40_IO29_A556_MOMI_ABGD_P64_F12_R01	proteomic profiling by mass spectrometry	1	20241104_OA3_Evo02_ViAl_SA_FAIMS40_IO29_A556_MOMI_ABGD_P64_F12_R01.raw	v1.1.0	NT=ms-proteomics;VV=v1.1.0	NT=human;VV=v1.1.0	NT=dia-acquisition;VV=v1.1.0	NT=sdrf-skills;VV=v0.2.0	Data-independent acquisition	NT=Orbitrap Astral;AC=MS:1003378	NT=Trypsin;AC=MS:1001251	NT=Lys-C;AC=MS:1001309	label free sample	1	NT=HCD;AC=MS:1000422	25% NCE	10 ppm	10 ppm	NT=Dithiothreitol (DTT);AC=PRIDE:0000608	NT=Chloroacetamide (ClAA);AC=PRIDE:0000600	NT=Carbamidomethyl;AC=UNIMOD:4;TA=C;MT=Fixed	NT=Oxidation;AC=UNIMOD:35;TA=M;MT=Variable	NT=asymmetric track lossless time-of-flight analyzer;AC=MS:1003379	MOMI ABGD	2024-11-04	380m/z-980m/z	150m/z-2000m/z	not available	not available	4
MOMI_QC_ABGD_P64_G12	Homo sapiens	blood plasma	not applicable	1	pooled	not available	not available	not available	not available	pooled	20241104_OA3_Evo02_ViAl_SA_FAIMS40_IO29_A556_MOMI_ABGD_P64_G12_R01	proteomic profiling by mass spectrometry	1	20241104_OA3_Evo02_ViAl_SA_FAIMS40_IO29_A556_MOMI_ABGD_P64_G12_R01.raw	v1.1.0	NT=ms-proteomics;VV=v1.1.0	NT=human;VV=v1.1.0	NT=dia-acquisition;VV=v1.1.0	NT=sdrf-skills;VV=v0.2.0	Data-independent acquisition	NT=Orbitrap Astral;AC=MS:1003378	NT=Trypsin;AC=MS:1001251	NT=Lys-C;AC=MS:1001309	label free sample	1	NT=HCD;AC=MS:1000422	25% NCE	10 ppm	10 ppm	NT=Dithiothreitol (DTT);AC=PRIDE:0000608	NT=Chloroacetamide (ClAA);AC=PRIDE:0000600	NT=Carbamidomethyl;AC=UNIMOD:4;TA=C;MT=Fixed	NT=Oxidation;AC=UNIMOD:35;TA=M;MT=Variable	NT=asymmetric track lossless time-of-flight analyzer;AC=MS:1003379	MOMI ABGD	2024-11-04	380m/z-980m/z	150m/z-2000m/z	not available	not available	4
MOMI_QC_ABGD_P64_H12	Homo sapiens	blood plasma	not applicable	1	pooled	not available	not available	not available	not available	pooled	20241104_OA3_Evo02_ViAl_SA_FAIMS40_IO29_A556_MOMI_ABGD_P64_H12_R01	proteomic profiling by mass spectrometry	1	20241104_OA3_Evo02_ViAl_SA_FAIMS40_IO29_A556_MOMI_ABGD_P64_H12_R01.raw	v1.1.0	NT=ms-proteomics;VV=v1.1.0	NT=human;VV=v1.1.0	NT=dia-acquisition;VV=v1.1.0	NT=sdrf-skills;VV=v0.2.0	Data-independent acquisition	NT=Orbitrap Astral;AC=MS:1003378	NT=Trypsin;AC=MS:1001251	NT=Lys-C;AC=MS:1001309	label free sample	1	NT=HCD;AC=MS:1000422	25% NCE	10 ppm	10 ppm	NT=Dithiothreitol (DTT);AC=PRIDE:0000608	NT=Chloroacetamide (ClAA);AC=PRIDE:0000600	NT=Carbamidomethyl;AC=UNIMOD:4;TA=C;MT=Fixed	NT=Oxidation;AC=UNIMOD:35;TA=M;MT=Variable	NT=asymmetric track lossless time-of-flight analyzer;AC=MS:1003379	MOMI ABGD	2024-11-04	380m/z-980m/z	150m/z-2000m/z	not available	not available	4
MOMI_QC_ABGD_P65_E12	Homo sapiens	blood plasma	not applicable	1	pooled	not available	not available	not available	not available	pooled	20241104_OA3_Evo02_ViAl_SA_FAIMS40_IO29_A556_MOMI_ABGD_P65_E12_R01	proteomic profiling by mass spectrometry	1	20241104_OA3_Evo02_ViAl_SA_FAIMS40_IO29_A556_MOMI_ABGD_P65_E12_R01.raw	v1.1.0	NT=ms-proteomics;VV=v1.1.0	NT=human;VV=v1.1.0	NT=dia-acquisition;VV=v1.1.0	NT=sdrf-skills;VV=v0.2.0	Data-independent acquisition	NT=Orbitrap Astral;AC=MS:1003378	NT=Trypsin;AC=MS:1001251	NT=Lys-C;AC=MS:1001309	label free sample	1	NT=HCD;AC=MS:1000422	25% NCE	10 ppm	10 ppm	NT=Dithiothreitol (DTT);AC=PRIDE:0000608	NT=Chloroacetamide (ClAA);AC=PRIDE:0000600	NT=Carbamidomethyl;AC=UNIMOD:4;TA=C;MT=Fixed	NT=Oxidation;AC=UNIMOD:35;TA=M;MT=Variable	NT=asymmetric track lossless time-of-flight analyzer;AC=MS:1003379	MOMI ABGD	2024-11-04	380m/z-980m/z	150m/z-2000m/z	not available	not available	4
MOMI_QC_ABGD_P65_F12	Homo sapiens	blood plasma	not applicable	1	pooled	not available	not available	not available	not available	pooled	20241104_OA3_Evo02_ViAl_SA_FAIMS40_IO29_A556_MOMI_ABGD_P65_F12_R01	proteomic profiling by mass spectrometry	1	20241104_OA3_Evo02_ViAl_SA_FAIMS40_IO29_A556_MOMI_ABGD_P65_F12_R01.raw	v1.1.0	NT=ms-proteomics;VV=v1.1.0	NT=human;VV=v1.1.0	NT=dia-acquisition;VV=v1.1.0	NT=sdrf-skills;VV=v0.2.0	Data-independent acquisition	NT=Orbitrap Astral;AC=MS:1003378	NT=Trypsin;AC=MS:1001251	NT=Lys-C;AC=MS:1001309	label free sample	1	NT=HCD;AC=MS:1000422	25% NCE	10 ppm	10 ppm	NT=Dithiothreitol (DTT);AC=PRIDE:0000608	NT=Chloroacetamide (ClAA);AC=PRIDE:0000600	NT=Carbamidomethyl;AC=UNIMOD:4;TA=C;MT=Fixed	NT=Oxidation;AC=UNIMOD:35;TA=M;MT=Variable	NT=asymmetric track lossless time-of-flight analyzer;AC=MS:1003379	MOMI ABGD	2024-11-04	380m/z-980m/z	150m/z-2000m/z	not available	not available	4
MOMI_QC_ABGD_P65_G12	Homo sapiens	blood plasma	not applicable	1	pooled	not available	not available	not available	not available	pooled	20241104_OA3_Evo02_ViAl_SA_FAIMS40_IO29_A556_MOMI_ABGD_P65_G12_R01	proteomic profiling by mass spectrometry	1	20241104_OA3_Evo02_ViAl_SA_FAIMS40_IO29_A556_MOMI_ABGD_P65_G12_R01.raw	v1.1.0	NT=ms-proteomics;VV=v1.1.0	NT=human;VV=v1.1.0	NT=dia-acquisition;VV=v1.1.0	NT=sdrf-skills;VV=v0.2.0	Data-independent acquisition	NT=Orbitrap Astral;AC=MS:1003378	NT=Trypsin;AC=MS:1001251	NT=Lys-C;AC=MS:1001309	label free sample	1	NT=HCD;AC=MS:1000422	25% NCE	10 ppm	10 ppm	NT=Dithiothreitol (DTT);AC=PRIDE:0000608	NT=Chloroacetamide (ClAA);AC=PRIDE:0000600	NT=Carbamidomethyl;AC=UNIMOD:4;TA=C;MT=Fixed	NT=Oxidation;AC=UNIMOD:35;TA=M;MT=Variable	NT=asymmetric track lossless time-of-flight analyzer;AC=MS:1003379	MOMI ABGD	2024-11-04	380m/z-980m/z	150m/z-2000m/z	not available	not available	4
MOMI_QC_ABGD_P65_H12	Homo sapiens	blood plasma	not applicable	1	pooled	not available	not available	not available	not available	pooled	20241104_OA3_Evo02_ViAl_SA_FAIMS40_IO29_A556_MOMI_ABGD_P65_H12_R01	proteomic profiling by mass spectrometry	1	20241104_OA3_Evo02_ViAl_SA_FAIMS40_IO29_A556_MOMI_ABGD_P65_H12_R01.raw	v1.1.0	NT=ms-proteomics;VV=v1.1.0	NT=human;VV=v1.1.0	NT=dia-acquisition;VV=v1.1.0	NT=sdrf-skills;VV=v0.2.0	Data-independent acquisition	NT=Orbitrap Astral;AC=MS:1003378	NT=Trypsin;AC=MS:1001251	NT=Lys-C;AC=MS:1001309	label free sample	1	NT=HCD;AC=MS:1000422	25% NCE	10 ppm	10 ppm	NT=Dithiothreitol (DTT);AC=PRIDE:0000608	NT=Chloroacetamide (ClAA);AC=PRIDE:0000600	NT=Carbamidomethyl;AC=UNIMOD:4;TA=C;MT=Fixed	NT=Oxidation;AC=UNIMOD:35;TA=M;MT=Variable	NT=asymmetric track lossless time-of-flight analyzer;AC=MS:1003379	MOMI ABGD	2024-11-04	380m/z-980m/z	150m/z-2000m/z	not available	not available	4
MOMI_QC_ABGD_P66_E12	Homo sapiens	blood plasma	not applicable	1	pooled	not available	not available	not available	not available	pooled	20241104_OA3_Evo02_ViAl_SA_FAIMS40_IO29_A556_MOMI_ABGD_P66_E12_R01	proteomic profiling by mass spectrometry	1	20241104_OA3_Evo02_ViAl_SA_FAIMS40_IO29_A556_MOMI_ABGD_P66_E12_R01.raw	v1.1.0	NT=ms-proteomics;VV=v1.1.0	NT=human;VV=v1.1.0	NT=dia-acquisition;VV=v1.1.0	NT=sdrf-skills;VV=v0.2.0	Data-independent acquisition	NT=Orbitrap Astral;AC=MS:1003378	NT=Trypsin;AC=MS:1001251	NT=Lys-C;AC=MS:1001309	label free sample	1	NT=HCD;AC=MS:1000422	25% NCE	10 ppm	10 ppm	NT=Dithiothreitol (DTT);AC=PRIDE:0000608	NT=Chloroacetamide (ClAA);AC=PRIDE:0000600	NT=Carbamidomethyl;AC=UNIMOD:4;TA=C;MT=Fixed	NT=Oxidation;AC=UNIMOD:35;TA=M;MT=Variable	NT=asymmetric track lossless time-of-flight analyzer;AC=MS:1003379	MOMI ABGD	2024-11-04	380m/z-980m/z	150m/z-2000m/z	not available	not available	4
MOMI_QC_ABGD_P66_F12	Homo sapiens	blood plasma	not applicable	1	pooled	not available	not available	not available	not available	pooled	20241104_OA3_Evo02_ViAl_SA_FAIMS40_IO29_A556_MOMI_ABGD_P66_F12_R01	proteomic profiling by mass spectrometry	1	20241104_OA3_Evo02_ViAl_SA_FAIMS40_IO29_A556_MOMI_ABGD_P66_F12_R01.raw	v1.1.0	NT=ms-proteomics;VV=v1.1.0	NT=human;VV=v1.1.0	NT=dia-acquisition;VV=v1.1.0	NT=sdrf-skills;VV=v0.2.0	Data-independent acquisition	NT=Orbitrap Astral;AC=MS:1003378	NT=Trypsin;AC=MS:1001251	NT=Lys-C;AC=MS:1001309	label free sample	1	NT=HCD;AC=MS:1000422	25% NCE	10 ppm	10 ppm	NT=Dithiothreitol (DTT);AC=PRIDE:0000608	NT=Chloroacetamide (ClAA);AC=PRIDE:0000600	NT=Carbamidomethyl;AC=UNIMOD:4;TA=C;MT=Fixed	NT=Oxidation;AC=UNIMOD:35;TA=M;MT=Variable	NT=asymmetric track lossless time-of-flight analyzer;AC=MS:1003379	MOMI ABGD	2024-11-04	380m/z-980m/z	150m/z-2000m/z	not available	not available	4
MOMI_QC_ABGD_P66_G12	Homo sapiens	blood plasma	not applicable	1	pooled	not available	not available	not available	not available	pooled	20241104_OA3_Evo02_ViAl_SA_FAIMS40_IO29_A556_MOMI_ABGD_P66_G12_R01	proteomic profiling by mass spectrometry	1	20241104_OA3_Evo02_ViAl_SA_FAIMS40_IO29_A556_MOMI_ABGD_P66_G12_R01.raw	v1.1.0	NT=ms-proteomics;VV=v1.1.0	NT=human;VV=v1.1.0	NT=dia-acquisition;VV=v1.1.0	NT=sdrf-skills;VV=v0.2.0	Data-independent acquisition	NT=Orbitrap Astral;AC=MS:1003378	NT=Trypsin;AC=MS:1001251	NT=Lys-C;AC=MS:1001309	label free sample	1	NT=HCD;AC=MS:1000422	25% NCE	10 ppm	10 ppm	NT=Dithiothreitol (DTT);AC=PRIDE:0000608	NT=Chloroacetamide (ClAA);AC=PRIDE:0000600	NT=Carbamidomethyl;AC=UNIMOD:4;TA=C;MT=Fixed	NT=Oxidation;AC=UNIMOD:35;TA=M;MT=Variable	NT=asymmetric track lossless time-of-flight analyzer;AC=MS:1003379	MOMI ABGD	2024-11-04	380m/z-980m/z	150m/z-2000m/z	not available	not available	4
MOMI_QC_ABGD_P66_H12	Homo sapiens	blood plasma	not applicable	1	pooled	not available	not available	not available	not available	pooled	20241104_OA3_Evo02_ViAl_SA_FAIMS40_IO29_A556_MOMI_ABGD_P66_H12_R01	proteomic profiling by mass spectrometry	1	20241104_OA3_Evo02_ViAl_SA_FAIMS40_IO29_A556_MOMI_ABGD_P66_H12_R01.raw	v1.1.0	NT=ms-proteomics;VV=v1.1.0	NT=human;VV=v1.1.0	NT=dia-acquisition;VV=v1.1.0	NT=sdrf-skills;VV=v0.2.0	Data-independent acquisition	NT=Orbitrap Astral;AC=MS:1003378	NT=Trypsin;AC=MS:1001251	NT=Lys-C;AC=MS:1001309	label free sample	1	NT=HCD;AC=MS:1000422	25% NCE	10 ppm	10 ppm	NT=Dithiothreitol (DTT);AC=PRIDE:0000608	NT=Chloroacetamide (ClAA);AC=PRIDE:0000600	NT=Carbamidomethyl;AC=UNIMOD:4;TA=C;MT=Fixed	NT=Oxidation;AC=UNIMOD:35;TA=M;MT=Variable	NT=asymmetric track lossless time-of-flight analyzer;AC=MS:1003379	MOMI ABGD	2024-11-04	380m/z-980m/z	150m/z-2000m/z	not available	not available	4
MOMI_QC_ABGD_P67_E12	Homo sapiens	blood plasma	not applicable	1	pooled	not available	not available	not available	not available	pooled	20241104_OA3_Evo02_ViAl_SA_FAIMS40_IO29_A556_MOMI_ABGD_P67_E12_R01	proteomic profiling by mass spectrometry	1	20241104_OA3_Evo02_ViAl_SA_FAIMS40_IO29_A556_MOMI_ABGD_P67_E12_R01.raw	v1.1.0	NT=ms-proteomics;VV=v1.1.0	NT=human;VV=v1.1.0	NT=dia-acquisition;VV=v1.1.0	NT=sdrf-skills;VV=v0.2.0	Data-independent acquisition	NT=Orbitrap Astral;AC=MS:1003378	NT=Trypsin;AC=MS:1001251	NT=Lys-C;AC=MS:1001309	label free sample	1	NT=HCD;AC=MS:1000422	25% NCE	10 ppm	10 ppm	NT=Dithiothreitol (DTT);AC=PRIDE:0000608	NT=Chloroacetamide (ClAA);AC=PRIDE:0000600	NT=Carbamidomethyl;AC=UNIMOD:4;TA=C;MT=Fixed	NT=Oxidation;AC=UNIMOD:35;TA=M;MT=Variable	NT=asymmetric track lossless time-of-flight analyzer;AC=MS:1003379	MOMI ABGD	2024-11-04	380m/z-980m/z	150m/z-2000m/z	not available	not available	4
MOMI_QC_ABGD_P67_F12	Homo sapiens	blood plasma	not applicable	1	pooled	not available	not available	not available	not available	pooled	20241104_OA3_Evo02_ViAl_SA_FAIMS40_IO29_A556_MOMI_ABGD_P67_F12_R01	proteomic profiling by mass spectrometry	1	20241104_OA3_Evo02_ViAl_SA_FAIMS40_IO29_A556_MOMI_ABGD_P67_F12_R01.raw	v1.1.0	NT=ms-proteomics;VV=v1.1.0	NT=human;VV=v1.1.0	NT=dia-acquisition;VV=v1.1.0	NT=sdrf-skills;VV=v0.2.0	Data-independent acquisition	NT=Orbitrap Astral;AC=MS:1003378	NT=Trypsin;AC=MS:1001251	NT=Lys-C;AC=MS:1001309	label free sample	1	NT=HCD;AC=MS:1000422	25% NCE	10 ppm	10 ppm	NT=Dithiothreitol (DTT);AC=PRIDE:0000608	NT=Chloroacetamide (ClAA);AC=PRIDE:0000600	NT=Carbamidomethyl;AC=UNIMOD:4;TA=C;MT=Fixed	NT=Oxidation;AC=UNIMOD:35;TA=M;MT=Variable	NT=asymmetric track lossless time-of-flight analyzer;AC=MS:1003379	MOMI ABGD	2024-11-04	380m/z-980m/z	150m/z-2000m/z	not available	not available	4
MOMI_QC_ABGD_P67_G12	Homo sapiens	blood plasma	not applicable	1	pooled	not available	not available	not available	not available	pooled	20241104_OA3_Evo02_ViAl_SA_FAIMS40_IO29_A556_MOMI_ABGD_P67_G12_R01	proteomic profiling by mass spectrometry	1	20241104_OA3_Evo02_ViAl_SA_FAIMS40_IO29_A556_MOMI_ABGD_P67_G12_R01.raw	v1.1.0	NT=ms-proteomics;VV=v1.1.0	NT=human;VV=v1.1.0	NT=dia-acquisition;VV=v1.1.0	NT=sdrf-skills;VV=v0.2.0	Data-independent acquisition	NT=Orbitrap Astral;AC=MS:1003378	NT=Trypsin;AC=MS:1001251	NT=Lys-C;AC=MS:1001309	label free sample	1	NT=HCD;AC=MS:1000422	25% NCE	10 ppm	10 ppm	NT=Dithiothreitol (DTT);AC=PRIDE:0000608	NT=Chloroacetamide (ClAA);AC=PRIDE:0000600	NT=Carbamidomethyl;AC=UNIMOD:4;TA=C;MT=Fixed	NT=Oxidation;AC=UNIMOD:35;TA=M;MT=Variable	NT=asymmetric track lossless time-of-flight analyzer;AC=MS:1003379	MOMI ABGD	2024-11-04	380m/z-980m/z	150m/z-2000m/z	not available	not available	4
MOMI_QC_ABGD_P67_H12	Homo sapiens	blood plasma	not applicable	1	pooled	not available	not available	not available	not available	pooled	20241104_OA3_Evo02_ViAl_SA_FAIMS40_IO29_A556_MOMI_ABGD_P67_H12_R01	proteomic profiling by mass spectrometry	1	20241104_OA3_Evo02_ViAl_SA_FAIMS40_IO29_A556_MOMI_ABGD_P67_H12_R01.raw	v1.1.0	NT=ms-proteomics;VV=v1.1.0	NT=human;VV=v1.1.0	NT=dia-acquisition;VV=v1.1.0	NT=sdrf-skills;VV=v0.2.0	Data-independent acquisition	NT=Orbitrap Astral;AC=MS:1003378	NT=Trypsin;AC=MS:1001251	NT=Lys-C;AC=MS:1001309	label free sample	1	NT=HCD;AC=MS:1000422	25% NCE	10 ppm	10 ppm	NT=Dithiothreitol (DTT);AC=PRIDE:0000608	NT=Chloroacetamide (ClAA);AC=PRIDE:0000600	NT=Carbamidomethyl;AC=UNIMOD:4;TA=C;MT=Fixed	NT=Oxidation;AC=UNIMOD:35;TA=M;MT=Variable	NT=asymmetric track lossless time-of-flight analyzer;AC=MS:1003379	MOMI ABGD	2024-11-04	380m/z-980m/z	150m/z-2000m/z	not available	not available	4
MOMI_QC_ABGD_P68_E12	Homo sapiens	blood plasma	not applicable	1	pooled	not available	not available	not available	not available	pooled	20241104_OA3_Evo02_ViAl_SA_FAIMS40_IO29_A556_MOMI_ABGD_P68_E12_R01	proteomic profiling by mass spectrometry	1	20241104_OA3_Evo02_ViAl_SA_FAIMS40_IO29_A556_MOMI_ABGD_P68_E12_R01.raw	v1.1.0	NT=ms-proteomics;VV=v1.1.0	NT=human;VV=v1.1.0	NT=dia-acquisition;VV=v1.1.0	NT=sdrf-skills;VV=v0.2.0	Data-independent acquisition	NT=Orbitrap Astral;AC=MS:1003378	NT=Trypsin;AC=MS:1001251	NT=Lys-C;AC=MS:1001309	label free sample	1	NT=HCD;AC=MS:1000422	25% NCE	10 ppm	10 ppm	NT=Dithiothreitol (DTT);AC=PRIDE:0000608	NT=Chloroacetamide (ClAA);AC=PRIDE:0000600	NT=Carbamidomethyl;AC=UNIMOD:4;TA=C;MT=Fixed	NT=Oxidation;AC=UNIMOD:35;TA=M;MT=Variable	NT=asymmetric track lossless time-of-flight analyzer;AC=MS:1003379	MOMI ABGD	2024-11-04	380m/z-980m/z	150m/z-2000m/z	not available	not available	4
MOMI_QC_ABGD_P68_F12	Homo sapiens	blood plasma	not applicable	1	pooled	not available	not available	not available	not available	pooled	20241104_OA3_Evo02_ViAl_SA_FAIMS40_IO29_A556_MOMI_ABGD_P68_F12_R01	proteomic profiling by mass spectrometry	1	20241104_OA3_Evo02_ViAl_SA_FAIMS40_IO29_A556_MOMI_ABGD_P68_F12_R01.raw	v1.1.0	NT=ms-proteomics;VV=v1.1.0	NT=human;VV=v1.1.0	NT=dia-acquisition;VV=v1.1.0	NT=sdrf-skills;VV=v0.2.0	Data-independent acquisition	NT=Orbitrap Astral;AC=MS:1003378	NT=Trypsin;AC=MS:1001251	NT=Lys-C;AC=MS:1001309	label free sample	1	NT=HCD;AC=MS:1000422	25% NCE	10 ppm	10 ppm	NT=Dithiothreitol (DTT);AC=PRIDE:0000608	NT=Chloroacetamide (ClAA);AC=PRIDE:0000600	NT=Carbamidomethyl;AC=UNIMOD:4;TA=C;MT=Fixed	NT=Oxidation;AC=UNIMOD:35;TA=M;MT=Variable	NT=asymmetric track lossless time-of-flight analyzer;AC=MS:1003379	MOMI ABGD	2024-11-04	380m/z-980m/z	150m/z-2000m/z	not available	not available	4
MOMI_QC_ABGD_P68_G12	Homo sapiens	blood plasma	not applicable	1	pooled	not available	not available	not available	not available	pooled	20241104_OA3_Evo02_ViAl_SA_FAIMS40_IO29_A556_MOMI_ABGD_P68_G12_R01	proteomic profiling by mass spectrometry	1	20241104_OA3_Evo02_ViAl_SA_FAIMS40_IO29_A556_MOMI_ABGD_P68_G12_R01.raw	v1.1.0	NT=ms-proteomics;VV=v1.1.0	NT=human;VV=v1.1.0	NT=dia-acquisition;VV=v1.1.0	NT=sdrf-skills;VV=v0.2.0	Data-independent acquisition	NT=Orbitrap Astral;AC=MS:1003378	NT=Trypsin;AC=MS:1001251	NT=Lys-C;AC=MS:1001309	label free sample	1	NT=HCD;AC=MS:1000422	25% NCE	10 ppm	10 ppm	NT=Dithiothreitol (DTT);AC=PRIDE:0000608	NT=Chloroacetamide (ClAA);AC=PRIDE:0000600	NT=Carbamidomethyl;AC=UNIMOD:4;TA=C;MT=Fixed	NT=Oxidation;AC=UNIMOD:35;TA=M;MT=Variable	NT=asymmetric track lossless time-of-flight analyzer;AC=MS:1003379	MOMI ABGD	2024-11-04	380m/z-980m/z	150m/z-2000m/z	not available	not available	4
MOMI_QC_ABGD_P68_H12	Homo sapiens	blood plasma	not applicable	1	pooled	not available	not available	not available	not available	pooled	20241104_OA3_Evo02_ViAl_SA_FAIMS40_IO29_A556_MOMI_ABGD_P68_H12_R01	proteomic profiling by mass spectrometry	1	20241104_OA3_Evo02_ViAl_SA_FAIMS40_IO29_A556_MOMI_ABGD_P68_H12_R01.raw	v1.1.0	NT=ms-proteomics;VV=v1.1.0	NT=human;VV=v1.1.0	NT=dia-acquisition;VV=v1.1.0	NT=sdrf-skills;VV=v0.2.0	Data-independent acquisition	NT=Orbitrap Astral;AC=MS:1003378	NT=Trypsin;AC=MS:1001251	NT=Lys-C;AC=MS:1001309	label free sample	1	NT=HCD;AC=MS:1000422	25% NCE	10 ppm	10 ppm	NT=Dithiothreitol (DTT);AC=PRIDE:0000608	NT=Chloroacetamide (ClAA);AC=PRIDE:0000600	NT=Carbamidomethyl;AC=UNIMOD:4;TA=C;MT=Fixed	NT=Oxidation;AC=UNIMOD:35;TA=M;MT=Variable	NT=asymmetric track lossless time-of-flight analyzer;AC=MS:1003379	MOMI ABGD	2024-11-04	380m/z-980m/z	150m/z-2000m/z	not available	not available	4
MOMI_QC_APEM_P92_E12	Homo sapiens	blood plasma	not applicable	1	pooled	not available	not available	not available	not available	pooled	20241113_OA2_Evo08_ViAl_SA_FAIMS40_IO28_A556_MOMI_APEM_P92_E12_R02	proteomic profiling by mass spectrometry	1	20241113_OA2_Evo08_ViAl_SA_FAIMS40_IO28_A556_MOMI_APEM_P92_E12_R02.raw	v1.1.0	NT=ms-proteomics;VV=v1.1.0	NT=human;VV=v1.1.0	NT=dia-acquisition;VV=v1.1.0	NT=sdrf-skills;VV=v0.2.0	Data-independent acquisition	NT=Orbitrap Astral;AC=MS:1003378	NT=Trypsin;AC=MS:1001251	NT=Lys-C;AC=MS:1001309	label free sample	1	NT=HCD;AC=MS:1000422	25% NCE	10 ppm	10 ppm	NT=Dithiothreitol (DTT);AC=PRIDE:0000608	NT=Chloroacetamide (ClAA);AC=PRIDE:0000600	NT=Carbamidomethyl;AC=UNIMOD:4;TA=C;MT=Fixed	NT=Oxidation;AC=UNIMOD:35;TA=M;MT=Variable	NT=asymmetric track lossless time-of-flight analyzer;AC=MS:1003379	MOMI APEM	2024-11-13	380m/z-980m/z	150m/z-2000m/z	not available	not available	4
MOMI_QC_APEM_P92_F12	Homo sapiens	blood plasma	not applicable	1	pooled	not available	not available	not available	not available	pooled	20241113_OA2_Evo08_ViAl_SA_FAIMS40_IO28_A556_MOMI_APEM_P92_F12_R02	proteomic profiling by mass spectrometry	1	20241113_OA2_Evo08_ViAl_SA_FAIMS40_IO28_A556_MOMI_APEM_P92_F12_R02.raw	v1.1.0	NT=ms-proteomics;VV=v1.1.0	NT=human;VV=v1.1.0	NT=dia-acquisition;VV=v1.1.0	NT=sdrf-skills;VV=v0.2.0	Data-independent acquisition	NT=Orbitrap Astral;AC=MS:1003378	NT=Trypsin;AC=MS:1001251	NT=Lys-C;AC=MS:1001309	label free sample	1	NT=HCD;AC=MS:1000422	25% NCE	10 ppm	10 ppm	NT=Dithiothreitol (DTT);AC=PRIDE:0000608	NT=Chloroacetamide (ClAA);AC=PRIDE:0000600	NT=Carbamidomethyl;AC=UNIMOD:4;TA=C;MT=Fixed	NT=Oxidation;AC=UNIMOD:35;TA=M;MT=Variable	NT=asymmetric track lossless time-of-flight analyzer;AC=MS:1003379	MOMI APEM	2024-11-13	380m/z-980m/z	150m/z-2000m/z	not available	not available	4
MOMI_QC_APEM_P92_G12	Homo sapiens	blood plasma	not applicable	1	pooled	not available	not available	not available	not available	pooled	20241113_OA2_Evo08_ViAl_SA_FAIMS40_IO28_A556_MOMI_APEM_P92_G12_R02	proteomic profiling by mass spectrometry	1	20241113_OA2_Evo08_ViAl_SA_FAIMS40_IO28_A556_MOMI_APEM_P92_G12_R02.raw	v1.1.0	NT=ms-proteomics;VV=v1.1.0	NT=human;VV=v1.1.0	NT=dia-acquisition;VV=v1.1.0	NT=sdrf-skills;VV=v0.2.0	Data-independent acquisition	NT=Orbitrap Astral;AC=MS:1003378	NT=Trypsin;AC=MS:1001251	NT=Lys-C;AC=MS:1001309	label free sample	1	NT=HCD;AC=MS:1000422	25% NCE	10 ppm	10 ppm	NT=Dithiothreitol (DTT);AC=PRIDE:0000608	NT=Chloroacetamide (ClAA);AC=PRIDE:0000600	NT=Carbamidomethyl;AC=UNIMOD:4;TA=C;MT=Fixed	NT=Oxidation;AC=UNIMOD:35;TA=M;MT=Variable	NT=asymmetric track lossless time-of-flight analyzer;AC=MS:1003379	MOMI APEM	2024-11-13	380m/z-980m/z	150m/z-2000m/z	not available	not available	4
MOMI_QC_APEM_P92_H12	Homo sapiens	blood plasma	not applicable	1	pooled	not available	not available	not available	not available	pooled	20241113_OA2_Evo08_ViAl_SA_FAIMS40_IO28_A556_MOMI_APEM_P92_H12_R02	proteomic profiling by mass spectrometry	1	20241113_OA2_Evo08_ViAl_SA_FAIMS40_IO28_A556_MOMI_APEM_P92_H12_R02.raw	v1.1.0	NT=ms-proteomics;VV=v1.1.0	NT=human;VV=v1.1.0	NT=dia-acquisition;VV=v1.1.0	NT=sdrf-skills;VV=v0.2.0	Data-independent acquisition	NT=Orbitrap Astral;AC=MS:1003378	NT=Trypsin;AC=MS:1001251	NT=Lys-C;AC=MS:1001309	label free sample	1	NT=HCD;AC=MS:1000422	25% NCE	10 ppm	10 ppm	NT=Dithiothreitol (DTT);AC=PRIDE:0000608	NT=Chloroacetamide (ClAA);AC=PRIDE:0000600	NT=Carbamidomethyl;AC=UNIMOD:4;TA=C;MT=Fixed	NT=Oxidation;AC=UNIMOD:35;TA=M;MT=Variable	NT=asymmetric track lossless time-of-flight analyzer;AC=MS:1003379	MOMI APEM	2024-11-13	380m/z-980m/z	150m/z-2000m/z	not available	not available	4
MOMI_QC_APEM_P93_E12	Homo sapiens	blood plasma	not applicable	1	pooled	not available	not available	not available	not available	pooled	20241113_OA2_Evo08_ViAl_SA_FAIMS40_IO28_A556_MOMI_APEM_P93_E12_R02	proteomic profiling by mass spectrometry	1	20241113_OA2_Evo08_ViAl_SA_FAIMS40_IO28_A556_MOMI_APEM_P93_E12_R02.raw	v1.1.0	NT=ms-proteomics;VV=v1.1.0	NT=human;VV=v1.1.0	NT=dia-acquisition;VV=v1.1.0	NT=sdrf-skills;VV=v0.2.0	Data-independent acquisition	NT=Orbitrap Astral;AC=MS:1003378	NT=Trypsin;AC=MS:1001251	NT=Lys-C;AC=MS:1001309	label free sample	1	NT=HCD;AC=MS:1000422	25% NCE	10 ppm	10 ppm	NT=Dithiothreitol (DTT);AC=PRIDE:0000608	NT=Chloroacetamide (ClAA);AC=PRIDE:0000600	NT=Carbamidomethyl;AC=UNIMOD:4;TA=C;MT=Fixed	NT=Oxidation;AC=UNIMOD:35;TA=M;MT=Variable	NT=asymmetric track lossless time-of-flight analyzer;AC=MS:1003379	MOMI APEM	2024-11-13	380m/z-980m/z	150m/z-2000m/z	not available	not available	4
MOMI_QC_APEM_P93_F12	Homo sapiens	blood plasma	not applicable	1	pooled	not available	not available	not available	not available	pooled	20241113_OA2_Evo08_ViAl_SA_FAIMS40_IO28_A556_MOMI_APEM_P93_F12_R02	proteomic profiling by mass spectrometry	1	20241113_OA2_Evo08_ViAl_SA_FAIMS40_IO28_A556_MOMI_APEM_P93_F12_R02.raw	v1.1.0	NT=ms-proteomics;VV=v1.1.0	NT=human;VV=v1.1.0	NT=dia-acquisition;VV=v1.1.0	NT=sdrf-skills;VV=v0.2.0	Data-independent acquisition	NT=Orbitrap Astral;AC=MS:1003378	NT=Trypsin;AC=MS:1001251	NT=Lys-C;AC=MS:1001309	label free sample	1	NT=HCD;AC=MS:1000422	25% NCE	10 ppm	10 ppm	NT=Dithiothreitol (DTT);AC=PRIDE:0000608	NT=Chloroacetamide (ClAA);AC=PRIDE:0000600	NT=Carbamidomethyl;AC=UNIMOD:4;TA=C;MT=Fixed	NT=Oxidation;AC=UNIMOD:35;TA=M;MT=Variable	NT=asymmetric track lossless time-of-flight analyzer;AC=MS:1003379	MOMI APEM	2024-11-13	380m/z-980m/z	150m/z-2000m/z	not available	not available	4
MOMI_QC_APEM_P93_G12	Homo sapiens	blood plasma	not applicable	1	pooled	not available	not available	not available	not available	pooled	20241113_OA2_Evo08_ViAl_SA_FAIMS40_IO28_A556_MOMI_APEM_P93_G12_R02	proteomic profiling by mass spectrometry	1	20241113_OA2_Evo08_ViAl_SA_FAIMS40_IO28_A556_MOMI_APEM_P93_G12_R02.raw	v1.1.0	NT=ms-proteomics;VV=v1.1.0	NT=human;VV=v1.1.0	NT=dia-acquisition;VV=v1.1.0	NT=sdrf-skills;VV=v0.2.0	Data-independent acquisition	NT=Orbitrap Astral;AC=MS:1003378	NT=Trypsin;AC=MS:1001251	NT=Lys-C;AC=MS:1001309	label free sample	1	NT=HCD;AC=MS:1000422	25% NCE	10 ppm	10 ppm	NT=Dithiothreitol (DTT);AC=PRIDE:0000608	NT=Chloroacetamide (ClAA);AC=PRIDE:0000600	NT=Carbamidomethyl;AC=UNIMOD:4;TA=C;MT=Fixed	NT=Oxidation;AC=UNIMOD:35;TA=M;MT=Variable	NT=asymmetric track lossless time-of-flight analyzer;AC=MS:1003379	MOMI APEM	2024-11-13	380m/z-980m/z	150m/z-2000m/z	not available	not available	4
MOMI_QC_APEM_P93_H12	Homo sapiens	blood plasma	not applicable	1	pooled	not available	not available	not available	not available	pooled	20241113_OA2_Evo08_ViAl_SA_FAIMS40_IO28_A556_MOMI_APEM_P93_H12_R02	proteomic profiling by mass spectrometry	1	20241113_OA2_Evo08_ViAl_SA_FAIMS40_IO28_A556_MOMI_APEM_P93_H12_R02.raw	v1.1.0	NT=ms-proteomics;VV=v1.1.0	NT=human;VV=v1.1.0	NT=dia-acquisition;VV=v1.1.0	NT=sdrf-skills;VV=v0.2.0	Data-independent acquisition	NT=Orbitrap Astral;AC=MS:1003378	NT=Trypsin;AC=MS:1001251	NT=Lys-C;AC=MS:1001309	label free sample	1	NT=HCD;AC=MS:1000422	25% NCE	10 ppm	10 ppm	NT=Dithiothreitol (DTT);AC=PRIDE:0000608	NT=Chloroacetamide (ClAA);AC=PRIDE:0000600	NT=Carbamidomethyl;AC=UNIMOD:4;TA=C;MT=Fixed	NT=Oxidation;AC=UNIMOD:35;TA=M;MT=Variable	NT=asymmetric track lossless time-of-flight analyzer;AC=MS:1003379	MOMI APEM	2024-11-13	380m/z-980m/z	150m/z-2000m/z	not available	not available	4
MOMI_QC_APEM_P94_E12	Homo sapiens	blood plasma	not applicable	1	pooled	not available	not available	not available	not available	pooled	20241113_OA2_Evo08_ViAl_SA_FAIMS40_IO28_A556_MOMI_APEM_P94_E12_R02	proteomic profiling by mass spectrometry	1	20241113_OA2_Evo08_ViAl_SA_FAIMS40_IO28_A556_MOMI_APEM_P94_E12_R02.raw	v1.1.0	NT=ms-proteomics;VV=v1.1.0	NT=human;VV=v1.1.0	NT=dia-acquisition;VV=v1.1.0	NT=sdrf-skills;VV=v0.2.0	Data-independent acquisition	NT=Orbitrap Astral;AC=MS:1003378	NT=Trypsin;AC=MS:1001251	NT=Lys-C;AC=MS:1001309	label free sample	1	NT=HCD;AC=MS:1000422	25% NCE	10 ppm	10 ppm	NT=Dithiothreitol (DTT);AC=PRIDE:0000608	NT=Chloroacetamide (ClAA);AC=PRIDE:0000600	NT=Carbamidomethyl;AC=UNIMOD:4;TA=C;MT=Fixed	NT=Oxidation;AC=UNIMOD:35;TA=M;MT=Variable	NT=asymmetric track lossless time-of-flight analyzer;AC=MS:1003379	MOMI APEM	2024-11-13	380m/z-980m/z	150m/z-2000m/z	not available	not available	4
MOMI_QC_APEM_P94_F12	Homo sapiens	blood plasma	not applicable	1	pooled	not available	not available	not available	not available	pooled	20241113_OA2_Evo08_ViAl_SA_FAIMS40_IO28_A556_MOMI_APEM_P94_F12_R02	proteomic profiling by mass spectrometry	1	20241113_OA2_Evo08_ViAl_SA_FAIMS40_IO28_A556_MOMI_APEM_P94_F12_R02.raw	v1.1.0	NT=ms-proteomics;VV=v1.1.0	NT=human;VV=v1.1.0	NT=dia-acquisition;VV=v1.1.0	NT=sdrf-skills;VV=v0.2.0	Data-independent acquisition	NT=Orbitrap Astral;AC=MS:1003378	NT=Trypsin;AC=MS:1001251	NT=Lys-C;AC=MS:1001309	label free sample	1	NT=HCD;AC=MS:1000422	25% NCE	10 ppm	10 ppm	NT=Dithiothreitol (DTT);AC=PRIDE:0000608	NT=Chloroacetamide (ClAA);AC=PRIDE:0000600	NT=Carbamidomethyl;AC=UNIMOD:4;TA=C;MT=Fixed	NT=Oxidation;AC=UNIMOD:35;TA=M;MT=Variable	NT=asymmetric track lossless time-of-flight analyzer;AC=MS:1003379	MOMI APEM	2024-11-13	380m/z-980m/z	150m/z-2000m/z	not available	not available	4
MOMI_QC_APEM_P94_G12	Homo sapiens	blood plasma	not applicable	1	pooled	not available	not available	not available	not available	pooled	20241113_OA2_Evo08_ViAl_SA_FAIMS40_IO28_A556_MOMI_APEM_P94_G12_R02	proteomic profiling by mass spectrometry	1	20241113_OA2_Evo08_ViAl_SA_FAIMS40_IO28_A556_MOMI_APEM_P94_G12_R02.raw	v1.1.0	NT=ms-proteomics;VV=v1.1.0	NT=human;VV=v1.1.0	NT=dia-acquisition;VV=v1.1.0	NT=sdrf-skills;VV=v0.2.0	Data-independent acquisition	NT=Orbitrap Astral;AC=MS:1003378	NT=Trypsin;AC=MS:1001251	NT=Lys-C;AC=MS:1001309	label free sample	1	NT=HCD;AC=MS:1000422	25% NCE	10 ppm	10 ppm	NT=Dithiothreitol (DTT);AC=PRIDE:0000608	NT=Chloroacetamide (ClAA);AC=PRIDE:0000600	NT=Carbamidomethyl;AC=UNIMOD:4;TA=C;MT=Fixed	NT=Oxidation;AC=UNIMOD:35;TA=M;MT=Variable	NT=asymmetric track lossless time-of-flight analyzer;AC=MS:1003379	MOMI APEM	2024-11-13	380m/z-980m/z	150m/z-2000m/z	not available	not available	4
MOMI_QC_APEM_P94_H12	Homo sapiens	blood plasma	not applicable	1	pooled	not available	not available	not available	not available	pooled	20241113_OA2_Evo08_ViAl_SA_FAIMS40_IO28_A556_MOMI_APEM_P94_H12_R02	proteomic profiling by mass spectrometry	1	20241113_OA2_Evo08_ViAl_SA_FAIMS40_IO28_A556_MOMI_APEM_P94_H12_R02.raw	v1.1.0	NT=ms-proteomics;VV=v1.1.0	NT=human;VV=v1.1.0	NT=dia-acquisition;VV=v1.1.0	NT=sdrf-skills;VV=v0.2.0	Data-independent acquisition	NT=Orbitrap Astral;AC=MS:1003378	NT=Trypsin;AC=MS:1001251	NT=Lys-C;AC=MS:1001309	label free sample	1	NT=HCD;AC=MS:1000422	25% NCE	10 ppm	10 ppm	NT=Dithiothreitol (DTT);AC=PRIDE:0000608	NT=Chloroacetamide (ClAA);AC=PRIDE:0000600	NT=Carbamidomethyl;AC=UNIMOD:4;TA=C;MT=Fixed	NT=Oxidation;AC=UNIMOD:35;TA=M;MT=Variable	NT=asymmetric track lossless time-of-flight analyzer;AC=MS:1003379	MOMI APEM	2024-11-13	380m/z-980m/z	150m/z-2000m/z	not available	not available	4
MOMI_QC_APEM_P95_E12	Homo sapiens	blood plasma	not applicable	1	pooled	not available	not available	not available	not available	pooled	20241113_OA2_Evo08_ViAl_SA_FAIMS40_IO28_A556_MOMI_APEM_P95_E12_R02	proteomic profiling by mass spectrometry	1	20241113_OA2_Evo08_ViAl_SA_FAIMS40_IO28_A556_MOMI_APEM_P95_E12_R02.raw	v1.1.0	NT=ms-proteomics;VV=v1.1.0	NT=human;VV=v1.1.0	NT=dia-acquisition;VV=v1.1.0	NT=sdrf-skills;VV=v0.2.0	Data-independent acquisition	NT=Orbitrap Astral;AC=MS:1003378	NT=Trypsin;AC=MS:1001251	NT=Lys-C;AC=MS:1001309	label free sample	1	NT=HCD;AC=MS:1000422	25% NCE	10 ppm	10 ppm	NT=Dithiothreitol (DTT);AC=PRIDE:0000608	NT=Chloroacetamide (ClAA);AC=PRIDE:0000600	NT=Carbamidomethyl;AC=UNIMOD:4;TA=C;MT=Fixed	NT=Oxidation;AC=UNIMOD:35;TA=M;MT=Variable	NT=asymmetric track lossless time-of-flight analyzer;AC=MS:1003379	MOMI APEM	2024-11-13	380m/z-980m/z	150m/z-2000m/z	not available	not available	4
MOMI_QC_APEM_P95_F12	Homo sapiens	blood plasma	not applicable	1	pooled	not available	not available	not available	not available	pooled	20241113_OA2_Evo08_ViAl_SA_FAIMS40_IO28_A556_MOMI_APEM_P95_F12_R02	proteomic profiling by mass spectrometry	1	20241113_OA2_Evo08_ViAl_SA_FAIMS40_IO28_A556_MOMI_APEM_P95_F12_R02.raw	v1.1.0	NT=ms-proteomics;VV=v1.1.0	NT=human;VV=v1.1.0	NT=dia-acquisition;VV=v1.1.0	NT=sdrf-skills;VV=v0.2.0	Data-independent acquisition	NT=Orbitrap Astral;AC=MS:1003378	NT=Trypsin;AC=MS:1001251	NT=Lys-C;AC=MS:1001309	label free sample	1	NT=HCD;AC=MS:1000422	25% NCE	10 ppm	10 ppm	NT=Dithiothreitol (DTT);AC=PRIDE:0000608	NT=Chloroacetamide (ClAA);AC=PRIDE:0000600	NT=Carbamidomethyl;AC=UNIMOD:4;TA=C;MT=Fixed	NT=Oxidation;AC=UNIMOD:35;TA=M;MT=Variable	NT=asymmetric track lossless time-of-flight analyzer;AC=MS:1003379	MOMI APEM	2024-11-13	380m/z-980m/z	150m/z-2000m/z	not available	not available	4
MOMI_QC_APEM_P95_G12	Homo sapiens	blood plasma	not applicable	1	pooled	not available	not available	not available	not available	pooled	20241113_OA2_Evo08_ViAl_SA_FAIMS40_IO28_A556_MOMI_APEM_P95_G12_R02	proteomic profiling by mass spectrometry	1	20241113_OA2_Evo08_ViAl_SA_FAIMS40_IO28_A556_MOMI_APEM_P95_G12_R02.raw	v1.1.0	NT=ms-proteomics;VV=v1.1.0	NT=human;VV=v1.1.0	NT=dia-acquisition;VV=v1.1.0	NT=sdrf-skills;VV=v0.2.0	Data-independent acquisition	NT=Orbitrap Astral;AC=MS:1003378	NT=Trypsin;AC=MS:1001251	NT=Lys-C;AC=MS:1001309	label free sample	1	NT=HCD;AC=MS:1000422	25% NCE	10 ppm	10 ppm	NT=Dithiothreitol (DTT);AC=PRIDE:0000608	NT=Chloroacetamide (ClAA);AC=PRIDE:0000600	NT=Carbamidomethyl;AC=UNIMOD:4;TA=C;MT=Fixed	NT=Oxidation;AC=UNIMOD:35;TA=M;MT=Variable	NT=asymmetric track lossless time-of-flight analyzer;AC=MS:1003379	MOMI APEM	2024-11-13	380m/z-980m/z	150m/z-2000m/z	not available	not available	4
MOMI_QC_APEM_P95_H12	Homo sapiens	blood plasma	not applicable	1	pooled	not available	not available	not available	not available	pooled	20241113_OA2_Evo08_ViAl_SA_FAIMS40_IO28_A556_MOMI_APEM_P95_H12_R02	proteomic profiling by mass spectrometry	1	20241113_OA2_Evo08_ViAl_SA_FAIMS40_IO28_A556_MOMI_APEM_P95_H12_R02.raw	v1.1.0	NT=ms-proteomics;VV=v1.1.0	NT=human;VV=v1.1.0	NT=dia-acquisition;VV=v1.1.0	NT=sdrf-skills;VV=v0.2.0	Data-independent acquisition	NT=Orbitrap Astral;AC=MS:1003378	NT=Trypsin;AC=MS:1001251	NT=Lys-C;AC=MS:1001309	label free sample	1	NT=HCD;AC=MS:1000422	25% NCE	10 ppm	10 ppm	NT=Dithiothreitol (DTT);AC=PRIDE:0000608	NT=Chloroacetamide (ClAA);AC=PRIDE:0000600	NT=Carbamidomethyl;AC=UNIMOD:4;TA=C;MT=Fixed	NT=Oxidation;AC=UNIMOD:35;TA=M;MT=Variable	NT=asymmetric track lossless time-of-flight analyzer;AC=MS:1003379	MOMI APEM	2024-11-13	380m/z-980m/z	150m/z-2000m/z	not available	not available	4
MOMI_QC_APEM_P96_E12	Homo sapiens	blood plasma	not applicable	1	pooled	not available	not available	not available	not available	pooled	20241113_OA2_Evo08_ViAl_SA_FAIMS40_IO28_A556_MOMI_APEM_P96_E12_R02	proteomic profiling by mass spectrometry	1	20241113_OA2_Evo08_ViAl_SA_FAIMS40_IO28_A556_MOMI_APEM_P96_E12_R02.raw	v1.1.0	NT=ms-proteomics;VV=v1.1.0	NT=human;VV=v1.1.0	NT=dia-acquisition;VV=v1.1.0	NT=sdrf-skills;VV=v0.2.0	Data-independent acquisition	NT=Orbitrap Astral;AC=MS:1003378	NT=Trypsin;AC=MS:1001251	NT=Lys-C;AC=MS:1001309	label free sample	1	NT=HCD;AC=MS:1000422	25% NCE	10 ppm	10 ppm	NT=Dithiothreitol (DTT);AC=PRIDE:0000608	NT=Chloroacetamide (ClAA);AC=PRIDE:0000600	NT=Carbamidomethyl;AC=UNIMOD:4;TA=C;MT=Fixed	NT=Oxidation;AC=UNIMOD:35;TA=M;MT=Variable	NT=asymmetric track lossless time-of-flight analyzer;AC=MS:1003379	MOMI APEM	2024-11-13	380m/z-980m/z	150m/z-2000m/z	not available	not available	4
MOMI_QC_APEM_P96_F12	Homo sapiens	blood plasma	not applicable	1	pooled	not available	not available	not available	not available	pooled	20241113_OA2_Evo08_ViAl_SA_FAIMS40_IO28_A556_MOMI_APEM_P96_F12_R02	proteomic profiling by mass spectrometry	1	20241113_OA2_Evo08_ViAl_SA_FAIMS40_IO28_A556_MOMI_APEM_P96_F12_R02.raw	v1.1.0	NT=ms-proteomics;VV=v1.1.0	NT=human;VV=v1.1.0	NT=dia-acquisition;VV=v1.1.0	NT=sdrf-skills;VV=v0.2.0	Data-independent acquisition	NT=Orbitrap Astral;AC=MS:1003378	NT=Trypsin;AC=MS:1001251	NT=Lys-C;AC=MS:1001309	label free sample	1	NT=HCD;AC=MS:1000422	25% NCE	10 ppm	10 ppm	NT=Dithiothreitol (DTT);AC=PRIDE:0000608	NT=Chloroacetamide (ClAA);AC=PRIDE:0000600	NT=Carbamidomethyl;AC=UNIMOD:4;TA=C;MT=Fixed	NT=Oxidation;AC=UNIMOD:35;TA=M;MT=Variable	NT=asymmetric track lossless time-of-flight analyzer;AC=MS:1003379	MOMI APEM	2024-11-13	380m/z-980m/z	150m/z-2000m/z	not available	not available	4
MOMI_QC_APEM_P96_G12	Homo sapiens	blood plasma	not applicable	1	pooled	not available	not available	not available	not available	pooled	20241113_OA2_Evo08_ViAl_SA_FAIMS40_IO28_A556_MOMI_APEM_P96_G12_R02	proteomic profiling by mass spectrometry	1	20241113_OA2_Evo08_ViAl_SA_FAIMS40_IO28_A556_MOMI_APEM_P96_G12_R02.raw	v1.1.0	NT=ms-proteomics;VV=v1.1.0	NT=human;VV=v1.1.0	NT=dia-acquisition;VV=v1.1.0	NT=sdrf-skills;VV=v0.2.0	Data-independent acquisition	NT=Orbitrap Astral;AC=MS:1003378	NT=Trypsin;AC=MS:1001251	NT=Lys-C;AC=MS:1001309	label free sample	1	NT=HCD;AC=MS:1000422	25% NCE	10 ppm	10 ppm	NT=Dithiothreitol (DTT);AC=PRIDE:0000608	NT=Chloroacetamide (ClAA);AC=PRIDE:0000600	NT=Carbamidomethyl;AC=UNIMOD:4;TA=C;MT=Fixed	NT=Oxidation;AC=UNIMOD:35;TA=M;MT=Variable	NT=asymmetric track lossless time-of-flight analyzer;AC=MS:1003379	MOMI APEM	2024-11-13	380m/z-980m/z	150m/z-2000m/z	not available	not available	4
MOMI_QC_APEM_P96_H12	Homo sapiens	blood plasma	not applicable	1	pooled	not available	not available	not available	not available	pooled	20241113_OA2_Evo08_ViAl_SA_FAIMS40_IO28_A556_MOMI_APEM_P96_H12_R02	proteomic profiling by mass spectrometry	1	20241113_OA2_Evo08_ViAl_SA_FAIMS40_IO28_A556_MOMI_APEM_P96_H12_R02.raw	v1.1.0	NT=ms-proteomics;VV=v1.1.0	NT=human;VV=v1.1.0	NT=dia-acquisition;VV=v1.1.0	NT=sdrf-skills;VV=v0.2.0	Data-independent acquisition	NT=Orbitrap Astral;AC=MS:1003378	NT=Trypsin;AC=MS:1001251	NT=Lys-C;AC=MS:1001309	label free sample	1	NT=HCD;AC=MS:1000422	25% NCE	10 ppm	10 ppm	NT=Dithiothreitol (DTT);AC=PRIDE:0000608	NT=Chloroacetamide (ClAA);AC=PRIDE:0000600	NT=Carbamidomethyl;AC=UNIMOD:4;TA=C;MT=Fixed	NT=Oxidation;AC=UNIMOD:35;TA=M;MT=Variable	NT=asymmetric track lossless time-of-flight analyzer;AC=MS:1003379	MOMI APEM	2024-11-13	380m/z-980m/z	150m/z-2000m/z	not available	not available	4
MOMI_QC_ABGD_P41_E12	Homo sapiens	blood plasma	not applicable	1	pooled	not available	not available	not available	not available	pooled	20241113_OA3_Evo02_ViAl_SA_FAIMS40_IO30_A556_MOMI_ABGD_P41_E12_R02	proteomic profiling by mass spectrometry	1	20241113_OA3_Evo02_ViAl_SA_FAIMS40_IO30_A556_MOMI_ABGD_P41_E12_R02.raw	v1.1.0	NT=ms-proteomics;VV=v1.1.0	NT=human;VV=v1.1.0	NT=dia-acquisition;VV=v1.1.0	NT=sdrf-skills;VV=v0.2.0	Data-independent acquisition	NT=Orbitrap Astral;AC=MS:1003378	NT=Trypsin;AC=MS:1001251	NT=Lys-C;AC=MS:1001309	label free sample	1	NT=HCD;AC=MS:1000422	25% NCE	10 ppm	10 ppm	NT=Dithiothreitol (DTT);AC=PRIDE:0000608	NT=Chloroacetamide (ClAA);AC=PRIDE:0000600	NT=Carbamidomethyl;AC=UNIMOD:4;TA=C;MT=Fixed	NT=Oxidation;AC=UNIMOD:35;TA=M;MT=Variable	NT=asymmetric track lossless time-of-flight analyzer;AC=MS:1003379	MOMI ABGD	2024-11-13	380m/z-980m/z	150m/z-2000m/z	not available	not available	4
MOMI_QC_ABGD_P41_F12	Homo sapiens	blood plasma	not applicable	1	pooled	not available	not available	not available	not available	pooled	20241113_OA3_Evo02_ViAl_SA_FAIMS40_IO30_A556_MOMI_ABGD_P41_F12_R02	proteomic profiling by mass spectrometry	1	20241113_OA3_Evo02_ViAl_SA_FAIMS40_IO30_A556_MOMI_ABGD_P41_F12_R02.raw	v1.1.0	NT=ms-proteomics;VV=v1.1.0	NT=human;VV=v1.1.0	NT=dia-acquisition;VV=v1.1.0	NT=sdrf-skills;VV=v0.2.0	Data-independent acquisition	NT=Orbitrap Astral;AC=MS:1003378	NT=Trypsin;AC=MS:1001251	NT=Lys-C;AC=MS:1001309	label free sample	1	NT=HCD;AC=MS:1000422	25% NCE	10 ppm	10 ppm	NT=Dithiothreitol (DTT);AC=PRIDE:0000608	NT=Chloroacetamide (ClAA);AC=PRIDE:0000600	NT=Carbamidomethyl;AC=UNIMOD:4;TA=C;MT=Fixed	NT=Oxidation;AC=UNIMOD:35;TA=M;MT=Variable	NT=asymmetric track lossless time-of-flight analyzer;AC=MS:1003379	MOMI ABGD	2024-11-13	380m/z-980m/z	150m/z-2000m/z	not available	not available	4
MOMI_QC_ABGD_P41_G12	Homo sapiens	blood plasma	not applicable	1	pooled	not available	not available	not available	not available	pooled	20241113_OA3_Evo02_ViAl_SA_FAIMS40_IO30_A556_MOMI_ABGD_P41_G12_R02	proteomic profiling by mass spectrometry	1	20241113_OA3_Evo02_ViAl_SA_FAIMS40_IO30_A556_MOMI_ABGD_P41_G12_R02.raw	v1.1.0	NT=ms-proteomics;VV=v1.1.0	NT=human;VV=v1.1.0	NT=dia-acquisition;VV=v1.1.0	NT=sdrf-skills;VV=v0.2.0	Data-independent acquisition	NT=Orbitrap Astral;AC=MS:1003378	NT=Trypsin;AC=MS:1001251	NT=Lys-C;AC=MS:1001309	label free sample	1	NT=HCD;AC=MS:1000422	25% NCE	10 ppm	10 ppm	NT=Dithiothreitol (DTT);AC=PRIDE:0000608	NT=Chloroacetamide (ClAA);AC=PRIDE:0000600	NT=Carbamidomethyl;AC=UNIMOD:4;TA=C;MT=Fixed	NT=Oxidation;AC=UNIMOD:35;TA=M;MT=Variable	NT=asymmetric track lossless time-of-flight analyzer;AC=MS:1003379	MOMI ABGD	2024-11-13	380m/z-980m/z	150m/z-2000m/z	not available	not available	4
MOMI_QC_ABGD_P41_H12	Homo sapiens	blood plasma	not applicable	1	pooled	not available	not available	not available	not available	pooled	20241113_OA3_Evo02_ViAl_SA_FAIMS40_IO30_A556_MOMI_ABGD_P41_H12_R02	proteomic profiling by mass spectrometry	1	20241113_OA3_Evo02_ViAl_SA_FAIMS40_IO30_A556_MOMI_ABGD_P41_H12_R02.raw	v1.1.0	NT=ms-proteomics;VV=v1.1.0	NT=human;VV=v1.1.0	NT=dia-acquisition;VV=v1.1.0	NT=sdrf-skills;VV=v0.2.0	Data-independent acquisition	NT=Orbitrap Astral;AC=MS:1003378	NT=Trypsin;AC=MS:1001251	NT=Lys-C;AC=MS:1001309	label free sample	1	NT=HCD;AC=MS:1000422	25% NCE	10 ppm	10 ppm	NT=Dithiothreitol (DTT);AC=PRIDE:0000608	NT=Chloroacetamide (ClAA);AC=PRIDE:0000600	NT=Carbamidomethyl;AC=UNIMOD:4;TA=C;MT=Fixed	NT=Oxidation;AC=UNIMOD:35;TA=M;MT=Variable	NT=asymmetric track lossless time-of-flight analyzer;AC=MS:1003379	MOMI ABGD	2024-11-13	380m/z-980m/z	150m/z-2000m/z	not available	not available	4
MOMI_QC_ABGD_P42_E12	Homo sapiens	blood plasma	not applicable	1	pooled	not available	not available	not available	not available	pooled	20241113_OA3_Evo02_ViAl_SA_FAIMS40_IO30_A556_MOMI_ABGD_P42_E12_R02	proteomic profiling by mass spectrometry	1	20241113_OA3_Evo02_ViAl_SA_FAIMS40_IO30_A556_MOMI_ABGD_P42_E12_R02.raw	v1.1.0	NT=ms-proteomics;VV=v1.1.0	NT=human;VV=v1.1.0	NT=dia-acquisition;VV=v1.1.0	NT=sdrf-skills;VV=v0.2.0	Data-independent acquisition	NT=Orbitrap Astral;AC=MS:1003378	NT=Trypsin;AC=MS:1001251	NT=Lys-C;AC=MS:1001309	label free sample	1	NT=HCD;AC=MS:1000422	25% NCE	10 ppm	10 ppm	NT=Dithiothreitol (DTT);AC=PRIDE:0000608	NT=Chloroacetamide (ClAA);AC=PRIDE:0000600	NT=Carbamidomethyl;AC=UNIMOD:4;TA=C;MT=Fixed	NT=Oxidation;AC=UNIMOD:35;TA=M;MT=Variable	NT=asymmetric track lossless time-of-flight analyzer;AC=MS:1003379	MOMI ABGD	2024-11-13	380m/z-980m/z	150m/z-2000m/z	not available	not available	4
MOMI_QC_ABGD_P42_F12	Homo sapiens	blood plasma	not applicable	1	pooled	not available	not available	not available	not available	pooled	20241113_OA3_Evo02_ViAl_SA_FAIMS40_IO30_A556_MOMI_ABGD_P42_F12_R02	proteomic profiling by mass spectrometry	1	20241113_OA3_Evo02_ViAl_SA_FAIMS40_IO30_A556_MOMI_ABGD_P42_F12_R02.raw	v1.1.0	NT=ms-proteomics;VV=v1.1.0	NT=human;VV=v1.1.0	NT=dia-acquisition;VV=v1.1.0	NT=sdrf-skills;VV=v0.2.0	Data-independent acquisition	NT=Orbitrap Astral;AC=MS:1003378	NT=Trypsin;AC=MS:1001251	NT=Lys-C;AC=MS:1001309	label free sample	1	NT=HCD;AC=MS:1000422	25% NCE	10 ppm	10 ppm	NT=Dithiothreitol (DTT);AC=PRIDE:0000608	NT=Chloroacetamide (ClAA);AC=PRIDE:0000600	NT=Carbamidomethyl;AC=UNIMOD:4;TA=C;MT=Fixed	NT=Oxidation;AC=UNIMOD:35;TA=M;MT=Variable	NT=asymmetric track lossless time-of-flight analyzer;AC=MS:1003379	MOMI ABGD	2024-11-13	380m/z-980m/z	150m/z-2000m/z	not available	not available	4
MOMI_QC_ABGD_P42_G12	Homo sapiens	blood plasma	not applicable	1	pooled	not available	not available	not available	not available	pooled	20241113_OA3_Evo02_ViAl_SA_FAIMS40_IO30_A556_MOMI_ABGD_P42_G12_R02	proteomic profiling by mass spectrometry	1	20241113_OA3_Evo02_ViAl_SA_FAIMS40_IO30_A556_MOMI_ABGD_P42_G12_R02.raw	v1.1.0	NT=ms-proteomics;VV=v1.1.0	NT=human;VV=v1.1.0	NT=dia-acquisition;VV=v1.1.0	NT=sdrf-skills;VV=v0.2.0	Data-independent acquisition	NT=Orbitrap Astral;AC=MS:1003378	NT=Trypsin;AC=MS:1001251	NT=Lys-C;AC=MS:1001309	label free sample	1	NT=HCD;AC=MS:1000422	25% NCE	10 ppm	10 ppm	NT=Dithiothreitol (DTT);AC=PRIDE:0000608	NT=Chloroacetamide (ClAA);AC=PRIDE:0000600	NT=Carbamidomethyl;AC=UNIMOD:4;TA=C;MT=Fixed	NT=Oxidation;AC=UNIMOD:35;TA=M;MT=Variable	NT=asymmetric track lossless time-of-flight analyzer;AC=MS:1003379	MOMI ABGD	2024-11-13	380m/z-980m/z	150m/z-2000m/z	not available	not available	4
MOMI_QC_ABGD_P42_H12	Homo sapiens	blood plasma	not applicable	1	pooled	not available	not available	not available	not available	pooled	20241113_OA3_Evo02_ViAl_SA_FAIMS40_IO30_A556_MOMI_ABGD_P42_H12_R02	proteomic profiling by mass spectrometry	1	20241113_OA3_Evo02_ViAl_SA_FAIMS40_IO30_A556_MOMI_ABGD_P42_H12_R02.raw	v1.1.0	NT=ms-proteomics;VV=v1.1.0	NT=human;VV=v1.1.0	NT=dia-acquisition;VV=v1.1.0	NT=sdrf-skills;VV=v0.2.0	Data-independent acquisition	NT=Orbitrap Astral;AC=MS:1003378	NT=Trypsin;AC=MS:1001251	NT=Lys-C;AC=MS:1001309	label free sample	1	NT=HCD;AC=MS:1000422	25% NCE	10 ppm	10 ppm	NT=Dithiothreitol (DTT);AC=PRIDE:0000608	NT=Chloroacetamide (ClAA);AC=PRIDE:0000600	NT=Carbamidomethyl;AC=UNIMOD:4;TA=C;MT=Fixed	NT=Oxidation;AC=UNIMOD:35;TA=M;MT=Variable	NT=asymmetric track lossless time-of-flight analyzer;AC=MS:1003379	MOMI ABGD	2024-11-13	380m/z-980m/z	150m/z-2000m/z	not available	not available	4
MOMI_QC_ABGD_P43_E12	Homo sapiens	blood plasma	not applicable	1	pooled	not available	not available	not available	not available	pooled	20241113_OA3_Evo02_ViAl_SA_FAIMS40_IO30_A556_MOMI_ABGD_P43_E12_R02	proteomic profiling by mass spectrometry	1	20241113_OA3_Evo02_ViAl_SA_FAIMS40_IO30_A556_MOMI_ABGD_P43_E12_R02.raw	v1.1.0	NT=ms-proteomics;VV=v1.1.0	NT=human;VV=v1.1.0	NT=dia-acquisition;VV=v1.1.0	NT=sdrf-skills;VV=v0.2.0	Data-independent acquisition	NT=Orbitrap Astral;AC=MS:1003378	NT=Trypsin;AC=MS:1001251	NT=Lys-C;AC=MS:1001309	label free sample	1	NT=HCD;AC=MS:1000422	25% NCE	10 ppm	10 ppm	NT=Dithiothreitol (DTT);AC=PRIDE:0000608	NT=Chloroacetamide (ClAA);AC=PRIDE:0000600	NT=Carbamidomethyl;AC=UNIMOD:4;TA=C;MT=Fixed	NT=Oxidation;AC=UNIMOD:35;TA=M;MT=Variable	NT=asymmetric track lossless time-of-flight analyzer;AC=MS:1003379	MOMI ABGD	2024-11-13	380m/z-980m/z	150m/z-2000m/z	not available	not available	4
MOMI_QC_ABGD_P43_F12	Homo sapiens	blood plasma	not applicable	1	pooled	not available	not available	not available	not available	pooled	20241113_OA3_Evo02_ViAl_SA_FAIMS40_IO30_A556_MOMI_ABGD_P43_F12_R02	proteomic profiling by mass spectrometry	1	20241113_OA3_Evo02_ViAl_SA_FAIMS40_IO30_A556_MOMI_ABGD_P43_F12_R02.raw	v1.1.0	NT=ms-proteomics;VV=v1.1.0	NT=human;VV=v1.1.0	NT=dia-acquisition;VV=v1.1.0	NT=sdrf-skills;VV=v0.2.0	Data-independent acquisition	NT=Orbitrap Astral;AC=MS:1003378	NT=Trypsin;AC=MS:1001251	NT=Lys-C;AC=MS:1001309	label free sample	1	NT=HCD;AC=MS:1000422	25% NCE	10 ppm	10 ppm	NT=Dithiothreitol (DTT);AC=PRIDE:0000608	NT=Chloroacetamide (ClAA);AC=PRIDE:0000600	NT=Carbamidomethyl;AC=UNIMOD:4;TA=C;MT=Fixed	NT=Oxidation;AC=UNIMOD:35;TA=M;MT=Variable	NT=asymmetric track lossless time-of-flight analyzer;AC=MS:1003379	MOMI ABGD	2024-11-13	380m/z-980m/z	150m/z-2000m/z	not available	not available	4
MOMI_QC_ABGD_P43_G12	Homo sapiens	blood plasma	not applicable	1	pooled	not available	not available	not available	not available	pooled	20241113_OA3_Evo02_ViAl_SA_FAIMS40_IO30_A556_MOMI_ABGD_P43_G12_R02	proteomic profiling by mass spectrometry	1	20241113_OA3_Evo02_ViAl_SA_FAIMS40_IO30_A556_MOMI_ABGD_P43_G12_R02.raw	v1.1.0	NT=ms-proteomics;VV=v1.1.0	NT=human;VV=v1.1.0	NT=dia-acquisition;VV=v1.1.0	NT=sdrf-skills;VV=v0.2.0	Data-independent acquisition	NT=Orbitrap Astral;AC=MS:1003378	NT=Trypsin;AC=MS:1001251	NT=Lys-C;AC=MS:1001309	label free sample	1	NT=HCD;AC=MS:1000422	25% NCE	10 ppm	10 ppm	NT=Dithiothreitol (DTT);AC=PRIDE:0000608	NT=Chloroacetamide (ClAA);AC=PRIDE:0000600	NT=Carbamidomethyl;AC=UNIMOD:4;TA=C;MT=Fixed	NT=Oxidation;AC=UNIMOD:35;TA=M;MT=Variable	NT=asymmetric track lossless time-of-flight analyzer;AC=MS:1003379	MOMI ABGD	2024-11-13	380m/z-980m/z	150m/z-2000m/z	not available	not available	4
MOMI_QC_ABGD_P43_H12	Homo sapiens	blood plasma	not applicable	1	pooled	not available	not available	not available	not available	pooled	20241113_OA3_Evo02_ViAl_SA_FAIMS40_IO30_A556_MOMI_ABGD_P43_H12_R02	proteomic profiling by mass spectrometry	1	20241113_OA3_Evo02_ViAl_SA_FAIMS40_IO30_A556_MOMI_ABGD_P43_H12_R02.raw	v1.1.0	NT=ms-proteomics;VV=v1.1.0	NT=human;VV=v1.1.0	NT=dia-acquisition;VV=v1.1.0	NT=sdrf-skills;VV=v0.2.0	Data-independent acquisition	NT=Orbitrap Astral;AC=MS:1003378	NT=Trypsin;AC=MS:1001251	NT=Lys-C;AC=MS:1001309	label free sample	1	NT=HCD;AC=MS:1000422	25% NCE	10 ppm	10 ppm	NT=Dithiothreitol (DTT);AC=PRIDE:0000608	NT=Chloroacetamide (ClAA);AC=PRIDE:0000600	NT=Carbamidomethyl;AC=UNIMOD:4;TA=C;MT=Fixed	NT=Oxidation;AC=UNIMOD:35;TA=M;MT=Variable	NT=asymmetric track lossless time-of-flight analyzer;AC=MS:1003379	MOMI ABGD	2024-11-13	380m/z-980m/z	150m/z-2000m/z	not available	not available	4
MOMI_QC_ABGD_P44_E12	Homo sapiens	blood plasma	not applicable	1	pooled	not available	not available	not available	not available	pooled	20241113_OA3_Evo02_ViAl_SA_FAIMS40_IO30_A556_MOMI_ABGD_P44_E12_R02	proteomic profiling by mass spectrometry	1	20241113_OA3_Evo02_ViAl_SA_FAIMS40_IO30_A556_MOMI_ABGD_P44_E12_R02.raw	v1.1.0	NT=ms-proteomics;VV=v1.1.0	NT=human;VV=v1.1.0	NT=dia-acquisition;VV=v1.1.0	NT=sdrf-skills;VV=v0.2.0	Data-independent acquisition	NT=Orbitrap Astral;AC=MS:1003378	NT=Trypsin;AC=MS:1001251	NT=Lys-C;AC=MS:1001309	label free sample	1	NT=HCD;AC=MS:1000422	25% NCE	10 ppm	10 ppm	NT=Dithiothreitol (DTT);AC=PRIDE:0000608	NT=Chloroacetamide (ClAA);AC=PRIDE:0000600	NT=Carbamidomethyl;AC=UNIMOD:4;TA=C;MT=Fixed	NT=Oxidation;AC=UNIMOD:35;TA=M;MT=Variable	NT=asymmetric track lossless time-of-flight analyzer;AC=MS:1003379	MOMI ABGD	2024-11-13	380m/z-980m/z	150m/z-2000m/z	not available	not available	4
MOMI_QC_ABGD_P44_F12	Homo sapiens	blood plasma	not applicable	1	pooled	not available	not available	not available	not available	pooled	20241113_OA3_Evo02_ViAl_SA_FAIMS40_IO30_A556_MOMI_ABGD_P44_F12_R02	proteomic profiling by mass spectrometry	1	20241113_OA3_Evo02_ViAl_SA_FAIMS40_IO30_A556_MOMI_ABGD_P44_F12_R02.raw	v1.1.0	NT=ms-proteomics;VV=v1.1.0	NT=human;VV=v1.1.0	NT=dia-acquisition;VV=v1.1.0	NT=sdrf-skills;VV=v0.2.0	Data-independent acquisition	NT=Orbitrap Astral;AC=MS:1003378	NT=Trypsin;AC=MS:1001251	NT=Lys-C;AC=MS:1001309	label free sample	1	NT=HCD;AC=MS:1000422	25% NCE	10 ppm	10 ppm	NT=Dithiothreitol (DTT);AC=PRIDE:0000608	NT=Chloroacetamide (ClAA);AC=PRIDE:0000600	NT=Carbamidomethyl;AC=UNIMOD:4;TA=C;MT=Fixed	NT=Oxidation;AC=UNIMOD:35;TA=M;MT=Variable	NT=asymmetric track lossless time-of-flight analyzer;AC=MS:1003379	MOMI ABGD	2024-11-13	380m/z-980m/z	150m/z-2000m/z	not available	not available	4
MOMI_QC_ABGD_P44_G12	Homo sapiens	blood plasma	not applicable	1	pooled	not available	not available	not available	not available	pooled	20241113_OA3_Evo02_ViAl_SA_FAIMS40_IO30_A556_MOMI_ABGD_P44_G12_R02	proteomic profiling by mass spectrometry	1	20241113_OA3_Evo02_ViAl_SA_FAIMS40_IO30_A556_MOMI_ABGD_P44_G12_R02.raw	v1.1.0	NT=ms-proteomics;VV=v1.1.0	NT=human;VV=v1.1.0	NT=dia-acquisition;VV=v1.1.0	NT=sdrf-skills;VV=v0.2.0	Data-independent acquisition	NT=Orbitrap Astral;AC=MS:1003378	NT=Trypsin;AC=MS:1001251	NT=Lys-C;AC=MS:1001309	label free sample	1	NT=HCD;AC=MS:1000422	25% NCE	10 ppm	10 ppm	NT=Dithiothreitol (DTT);AC=PRIDE:0000608	NT=Chloroacetamide (ClAA);AC=PRIDE:0000600	NT=Carbamidomethyl;AC=UNIMOD:4;TA=C;MT=Fixed	NT=Oxidation;AC=UNIMOD:35;TA=M;MT=Variable	NT=asymmetric track lossless time-of-flight analyzer;AC=MS:1003379	MOMI ABGD	2024-11-13	380m/z-980m/z	150m/z-2000m/z	not available	not available	4
MOMI_QC_ABGD_P44_H12	Homo sapiens	blood plasma	not applicable	1	pooled	not available	not available	not available	not available	pooled	20241113_OA3_Evo02_ViAl_SA_FAIMS40_IO30_A556_MOMI_ABGD_P44_H12_R02	proteomic profiling by mass spectrometry	1	20241113_OA3_Evo02_ViAl_SA_FAIMS40_IO30_A556_MOMI_ABGD_P44_H12_R02.raw	v1.1.0	NT=ms-proteomics;VV=v1.1.0	NT=human;VV=v1.1.0	NT=dia-acquisition;VV=v1.1.0	NT=sdrf-skills;VV=v0.2.0	Data-independent acquisition	NT=Orbitrap Astral;AC=MS:1003378	NT=Trypsin;AC=MS:1001251	NT=Lys-C;AC=MS:1001309	label free sample	1	NT=HCD;AC=MS:1000422	25% NCE	10 ppm	10 ppm	NT=Dithiothreitol (DTT);AC=PRIDE:0000608	NT=Chloroacetamide (ClAA);AC=PRIDE:0000600	NT=Carbamidomethyl;AC=UNIMOD:4;TA=C;MT=Fixed	NT=Oxidation;AC=UNIMOD:35;TA=M;MT=Variable	NT=asymmetric track lossless time-of-flight analyzer;AC=MS:1003379	MOMI ABGD	2024-11-13	380m/z-980m/z	150m/z-2000m/z	not available	not available	4
MOMI_QC_ABGD_P69_E12	Homo sapiens	blood plasma	not applicable	1	pooled	not available	not available	not available	not available	pooled	20241113_OA3_Evo02_ViAl_SA_FAIMS40_IO30_A556_MOMI_ABGD_P69_E12_R01	proteomic profiling by mass spectrometry	1	20241113_OA3_Evo02_ViAl_SA_FAIMS40_IO30_A556_MOMI_ABGD_P69_E12_R01.raw	v1.1.0	NT=ms-proteomics;VV=v1.1.0	NT=human;VV=v1.1.0	NT=dia-acquisition;VV=v1.1.0	NT=sdrf-skills;VV=v0.2.0	Data-independent acquisition	NT=Orbitrap Astral;AC=MS:1003378	NT=Trypsin;AC=MS:1001251	NT=Lys-C;AC=MS:1001309	label free sample	1	NT=HCD;AC=MS:1000422	25% NCE	10 ppm	10 ppm	NT=Dithiothreitol (DTT);AC=PRIDE:0000608	NT=Chloroacetamide (ClAA);AC=PRIDE:0000600	NT=Carbamidomethyl;AC=UNIMOD:4;TA=C;MT=Fixed	NT=Oxidation;AC=UNIMOD:35;TA=M;MT=Variable	NT=asymmetric track lossless time-of-flight analyzer;AC=MS:1003379	MOMI ABGD	2024-11-13	380m/z-980m/z	150m/z-2000m/z	not available	not available	4
MOMI_QC_ABGD_P69_F12	Homo sapiens	blood plasma	not applicable	1	pooled	not available	not available	not available	not available	pooled	20241113_OA3_Evo02_ViAl_SA_FAIMS40_IO30_A556_MOMI_ABGD_P69_F12_R01	proteomic profiling by mass spectrometry	1	20241113_OA3_Evo02_ViAl_SA_FAIMS40_IO30_A556_MOMI_ABGD_P69_F12_R01.raw	v1.1.0	NT=ms-proteomics;VV=v1.1.0	NT=human;VV=v1.1.0	NT=dia-acquisition;VV=v1.1.0	NT=sdrf-skills;VV=v0.2.0	Data-independent acquisition	NT=Orbitrap Astral;AC=MS:1003378	NT=Trypsin;AC=MS:1001251	NT=Lys-C;AC=MS:1001309	label free sample	1	NT=HCD;AC=MS:1000422	25% NCE	10 ppm	10 ppm	NT=Dithiothreitol (DTT);AC=PRIDE:0000608	NT=Chloroacetamide (ClAA);AC=PRIDE:0000600	NT=Carbamidomethyl;AC=UNIMOD:4;TA=C;MT=Fixed	NT=Oxidation;AC=UNIMOD:35;TA=M;MT=Variable	NT=asymmetric track lossless time-of-flight analyzer;AC=MS:1003379	MOMI ABGD	2024-11-13	380m/z-980m/z	150m/z-2000m/z	not available	not available	4
MOMI_QC_ABGD_P69_G12	Homo sapiens	blood plasma	not applicable	1	pooled	not available	not available	not available	not available	pooled	20241113_OA3_Evo02_ViAl_SA_FAIMS40_IO30_A556_MOMI_ABGD_P69_G12_R01	proteomic profiling by mass spectrometry	1	20241113_OA3_Evo02_ViAl_SA_FAIMS40_IO30_A556_MOMI_ABGD_P69_G12_R01.raw	v1.1.0	NT=ms-proteomics;VV=v1.1.0	NT=human;VV=v1.1.0	NT=dia-acquisition;VV=v1.1.0	NT=sdrf-skills;VV=v0.2.0	Data-independent acquisition	NT=Orbitrap Astral;AC=MS:1003378	NT=Trypsin;AC=MS:1001251	NT=Lys-C;AC=MS:1001309	label free sample	1	NT=HCD;AC=MS:1000422	25% NCE	10 ppm	10 ppm	NT=Dithiothreitol (DTT);AC=PRIDE:0000608	NT=Chloroacetamide (ClAA);AC=PRIDE:0000600	NT=Carbamidomethyl;AC=UNIMOD:4;TA=C;MT=Fixed	NT=Oxidation;AC=UNIMOD:35;TA=M;MT=Variable	NT=asymmetric track lossless time-of-flight analyzer;AC=MS:1003379	MOMI ABGD	2024-11-13	380m/z-980m/z	150m/z-2000m/z	not available	not available	4
MOMI_QC_ABGD_P69_H12	Homo sapiens	blood plasma	not applicable	1	pooled	not available	not available	not available	not available	pooled	20241113_OA3_Evo02_ViAl_SA_FAIMS40_IO30_A556_MOMI_ABGD_P69_H12_R01	proteomic profiling by mass spectrometry	1	20241113_OA3_Evo02_ViAl_SA_FAIMS40_IO30_A556_MOMI_ABGD_P69_H12_R01.raw	v1.1.0	NT=ms-proteomics;VV=v1.1.0	NT=human;VV=v1.1.0	NT=dia-acquisition;VV=v1.1.0	NT=sdrf-skills;VV=v0.2.0	Data-independent acquisition	NT=Orbitrap Astral;AC=MS:1003378	NT=Trypsin;AC=MS:1001251	NT=Lys-C;AC=MS:1001309	label free sample	1	NT=HCD;AC=MS:1000422	25% NCE	10 ppm	10 ppm	NT=Dithiothreitol (DTT);AC=PRIDE:0000608	NT=Chloroacetamide (ClAA);AC=PRIDE:0000600	NT=Carbamidomethyl;AC=UNIMOD:4;TA=C;MT=Fixed	NT=Oxidation;AC=UNIMOD:35;TA=M;MT=Variable	NT=asymmetric track lossless time-of-flight analyzer;AC=MS:1003379	MOMI ABGD	2024-11-13	380m/z-980m/z	150m/z-2000m/z	not available	not available	4
MOMI_QC_ABGD_P70_E12	Homo sapiens	blood plasma	not applicable	1	pooled	not available	not available	not available	not available	pooled	20241113_OA3_Evo02_ViAl_SA_FAIMS40_IO30_A556_MOMI_ABGD_P70_E12_R01	proteomic profiling by mass spectrometry	1	20241113_OA3_Evo02_ViAl_SA_FAIMS40_IO30_A556_MOMI_ABGD_P70_E12_R01.raw	v1.1.0	NT=ms-proteomics;VV=v1.1.0	NT=human;VV=v1.1.0	NT=dia-acquisition;VV=v1.1.0	NT=sdrf-skills;VV=v0.2.0	Data-independent acquisition	NT=Orbitrap Astral;AC=MS:1003378	NT=Trypsin;AC=MS:1001251	NT=Lys-C;AC=MS:1001309	label free sample	1	NT=HCD;AC=MS:1000422	25% NCE	10 ppm	10 ppm	NT=Dithiothreitol (DTT);AC=PRIDE:0000608	NT=Chloroacetamide (ClAA);AC=PRIDE:0000600	NT=Carbamidomethyl;AC=UNIMOD:4;TA=C;MT=Fixed	NT=Oxidation;AC=UNIMOD:35;TA=M;MT=Variable	NT=asymmetric track lossless time-of-flight analyzer;AC=MS:1003379	MOMI ABGD	2024-11-13	380m/z-980m/z	150m/z-2000m/z	not available	not available	4
MOMI_QC_ABGD_P70_F12	Homo sapiens	blood plasma	not applicable	1	pooled	not available	not available	not available	not available	pooled	20241113_OA3_Evo02_ViAl_SA_FAIMS40_IO30_A556_MOMI_ABGD_P70_F12_R01	proteomic profiling by mass spectrometry	1	20241113_OA3_Evo02_ViAl_SA_FAIMS40_IO30_A556_MOMI_ABGD_P70_F12_R01.raw	v1.1.0	NT=ms-proteomics;VV=v1.1.0	NT=human;VV=v1.1.0	NT=dia-acquisition;VV=v1.1.0	NT=sdrf-skills;VV=v0.2.0	Data-independent acquisition	NT=Orbitrap Astral;AC=MS:1003378	NT=Trypsin;AC=MS:1001251	NT=Lys-C;AC=MS:1001309	label free sample	1	NT=HCD;AC=MS:1000422	25% NCE	10 ppm	10 ppm	NT=Dithiothreitol (DTT);AC=PRIDE:0000608	NT=Chloroacetamide (ClAA);AC=PRIDE:0000600	NT=Carbamidomethyl;AC=UNIMOD:4;TA=C;MT=Fixed	NT=Oxidation;AC=UNIMOD:35;TA=M;MT=Variable	NT=asymmetric track lossless time-of-flight analyzer;AC=MS:1003379	MOMI ABGD	2024-11-13	380m/z-980m/z	150m/z-2000m/z	not available	not available	4
MOMI_QC_ABGD_P70_G12	Homo sapiens	blood plasma	not applicable	1	pooled	not available	not available	not available	not available	pooled	20241113_OA3_Evo02_ViAl_SA_FAIMS40_IO30_A556_MOMI_ABGD_P70_G12_R01	proteomic profiling by mass spectrometry	1	20241113_OA3_Evo02_ViAl_SA_FAIMS40_IO30_A556_MOMI_ABGD_P70_G12_R01.raw	v1.1.0	NT=ms-proteomics;VV=v1.1.0	NT=human;VV=v1.1.0	NT=dia-acquisition;VV=v1.1.0	NT=sdrf-skills;VV=v0.2.0	Data-independent acquisition	NT=Orbitrap Astral;AC=MS:1003378	NT=Trypsin;AC=MS:1001251	NT=Lys-C;AC=MS:1001309	label free sample	1	NT=HCD;AC=MS:1000422	25% NCE	10 ppm	10 ppm	NT=Dithiothreitol (DTT);AC=PRIDE:0000608	NT=Chloroacetamide (ClAA);AC=PRIDE:0000600	NT=Carbamidomethyl;AC=UNIMOD:4;TA=C;MT=Fixed	NT=Oxidation;AC=UNIMOD:35;TA=M;MT=Variable	NT=asymmetric track lossless time-of-flight analyzer;AC=MS:1003379	MOMI ABGD	2024-11-13	380m/z-980m/z	150m/z-2000m/z	not available	not available	4
MOMI_QC_ABGD_P70_H12	Homo sapiens	blood plasma	not applicable	1	pooled	not available	not available	not available	not available	pooled	20241113_OA3_Evo02_ViAl_SA_FAIMS40_IO30_A556_MOMI_ABGD_P70_H12_R01	proteomic profiling by mass spectrometry	1	20241113_OA3_Evo02_ViAl_SA_FAIMS40_IO30_A556_MOMI_ABGD_P70_H12_R01.raw	v1.1.0	NT=ms-proteomics;VV=v1.1.0	NT=human;VV=v1.1.0	NT=dia-acquisition;VV=v1.1.0	NT=sdrf-skills;VV=v0.2.0	Data-independent acquisition	NT=Orbitrap Astral;AC=MS:1003378	NT=Trypsin;AC=MS:1001251	NT=Lys-C;AC=MS:1001309	label free sample	1	NT=HCD;AC=MS:1000422	25% NCE	10 ppm	10 ppm	NT=Dithiothreitol (DTT);AC=PRIDE:0000608	NT=Chloroacetamide (ClAA);AC=PRIDE:0000600	NT=Carbamidomethyl;AC=UNIMOD:4;TA=C;MT=Fixed	NT=Oxidation;AC=UNIMOD:35;TA=M;MT=Variable	NT=asymmetric track lossless time-of-flight analyzer;AC=MS:1003379	MOMI ABGD	2024-11-13	380m/z-980m/z	150m/z-2000m/z	not available	not available	4
MOMI_QC_ABGD_P71_E12	Homo sapiens	blood plasma	not applicable	1	pooled	not available	not available	not available	not available	pooled	20241113_OA3_Evo02_ViAl_SA_FAIMS40_IO30_A556_MOMI_ABGD_P71_E12_R01	proteomic profiling by mass spectrometry	1	20241113_OA3_Evo02_ViAl_SA_FAIMS40_IO30_A556_MOMI_ABGD_P71_E12_R01.raw	v1.1.0	NT=ms-proteomics;VV=v1.1.0	NT=human;VV=v1.1.0	NT=dia-acquisition;VV=v1.1.0	NT=sdrf-skills;VV=v0.2.0	Data-independent acquisition	NT=Orbitrap Astral;AC=MS:1003378	NT=Trypsin;AC=MS:1001251	NT=Lys-C;AC=MS:1001309	label free sample	1	NT=HCD;AC=MS:1000422	25% NCE	10 ppm	10 ppm	NT=Dithiothreitol (DTT);AC=PRIDE:0000608	NT=Chloroacetamide (ClAA);AC=PRIDE:0000600	NT=Carbamidomethyl;AC=UNIMOD:4;TA=C;MT=Fixed	NT=Oxidation;AC=UNIMOD:35;TA=M;MT=Variable	NT=asymmetric track lossless time-of-flight analyzer;AC=MS:1003379	MOMI ABGD	2024-11-13	380m/z-980m/z	150m/z-2000m/z	not available	not available	4
MOMI_QC_ABGD_P71_F12	Homo sapiens	blood plasma	not applicable	1	pooled	not available	not available	not available	not available	pooled	20241113_OA3_Evo02_ViAl_SA_FAIMS40_IO30_A556_MOMI_ABGD_P71_F12_R01	proteomic profiling by mass spectrometry	1	20241113_OA3_Evo02_ViAl_SA_FAIMS40_IO30_A556_MOMI_ABGD_P71_F12_R01.raw	v1.1.0	NT=ms-proteomics;VV=v1.1.0	NT=human;VV=v1.1.0	NT=dia-acquisition;VV=v1.1.0	NT=sdrf-skills;VV=v0.2.0	Data-independent acquisition	NT=Orbitrap Astral;AC=MS:1003378	NT=Trypsin;AC=MS:1001251	NT=Lys-C;AC=MS:1001309	label free sample	1	NT=HCD;AC=MS:1000422	25% NCE	10 ppm	10 ppm	NT=Dithiothreitol (DTT);AC=PRIDE:0000608	NT=Chloroacetamide (ClAA);AC=PRIDE:0000600	NT=Carbamidomethyl;AC=UNIMOD:4;TA=C;MT=Fixed	NT=Oxidation;AC=UNIMOD:35;TA=M;MT=Variable	NT=asymmetric track lossless time-of-flight analyzer;AC=MS:1003379	MOMI ABGD	2024-11-13	380m/z-980m/z	150m/z-2000m/z	not available	not available	4
MOMI_QC_ABGD_P71_G12	Homo sapiens	blood plasma	not applicable	1	pooled	not available	not available	not available	not available	pooled	20241113_OA3_Evo02_ViAl_SA_FAIMS40_IO30_A556_MOMI_ABGD_P71_G12_R01	proteomic profiling by mass spectrometry	1	20241113_OA3_Evo02_ViAl_SA_FAIMS40_IO30_A556_MOMI_ABGD_P71_G12_R01.raw	v1.1.0	NT=ms-proteomics;VV=v1.1.0	NT=human;VV=v1.1.0	NT=dia-acquisition;VV=v1.1.0	NT=sdrf-skills;VV=v0.2.0	Data-independent acquisition	NT=Orbitrap Astral;AC=MS:1003378	NT=Trypsin;AC=MS:1001251	NT=Lys-C;AC=MS:1001309	label free sample	1	NT=HCD;AC=MS:1000422	25% NCE	10 ppm	10 ppm	NT=Dithiothreitol (DTT);AC=PRIDE:0000608	NT=Chloroacetamide (ClAA);AC=PRIDE:0000600	NT=Carbamidomethyl;AC=UNIMOD:4;TA=C;MT=Fixed	NT=Oxidation;AC=UNIMOD:35;TA=M;MT=Variable	NT=asymmetric track lossless time-of-flight analyzer;AC=MS:1003379	MOMI ABGD	2024-11-13	380m/z-980m/z	150m/z-2000m/z	not available	not available	4
MOMI_QC_ABGD_P71_H12	Homo sapiens	blood plasma	not applicable	1	pooled	not available	not available	not available	not available	pooled	20241113_OA3_Evo02_ViAl_SA_FAIMS40_IO30_A556_MOMI_ABGD_P71_H12_R01	proteomic profiling by mass spectrometry	1	20241113_OA3_Evo02_ViAl_SA_FAIMS40_IO30_A556_MOMI_ABGD_P71_H12_R01.raw	v1.1.0	NT=ms-proteomics;VV=v1.1.0	NT=human;VV=v1.1.0	NT=dia-acquisition;VV=v1.1.0	NT=sdrf-skills;VV=v0.2.0	Data-independent acquisition	NT=Orbitrap Astral;AC=MS:1003378	NT=Trypsin;AC=MS:1001251	NT=Lys-C;AC=MS:1001309	label free sample	1	NT=HCD;AC=MS:1000422	25% NCE	10 ppm	10 ppm	NT=Dithiothreitol (DTT);AC=PRIDE:0000608	NT=Chloroacetamide (ClAA);AC=PRIDE:0000600	NT=Carbamidomethyl;AC=UNIMOD:4;TA=C;MT=Fixed	NT=Oxidation;AC=UNIMOD:35;TA=M;MT=Variable	NT=asymmetric track lossless time-of-flight analyzer;AC=MS:1003379	MOMI ABGD	2024-11-13	380m/z-980m/z	150m/z-2000m/z	not available	not available	4
MOMI_QC_ABGD_P72_E12	Homo sapiens	blood plasma	not applicable	1	pooled	not available	not available	not available	not available	pooled	20241113_OA3_Evo02_ViAl_SA_FAIMS40_IO30_A556_MOMI_ABGD_P72_E12_R01	proteomic profiling by mass spectrometry	1	20241113_OA3_Evo02_ViAl_SA_FAIMS40_IO30_A556_MOMI_ABGD_P72_E12_R01.raw	v1.1.0	NT=ms-proteomics;VV=v1.1.0	NT=human;VV=v1.1.0	NT=dia-acquisition;VV=v1.1.0	NT=sdrf-skills;VV=v0.2.0	Data-independent acquisition	NT=Orbitrap Astral;AC=MS:1003378	NT=Trypsin;AC=MS:1001251	NT=Lys-C;AC=MS:1001309	label free sample	1	NT=HCD;AC=MS:1000422	25% NCE	10 ppm	10 ppm	NT=Dithiothreitol (DTT);AC=PRIDE:0000608	NT=Chloroacetamide (ClAA);AC=PRIDE:0000600	NT=Carbamidomethyl;AC=UNIMOD:4;TA=C;MT=Fixed	NT=Oxidation;AC=UNIMOD:35;TA=M;MT=Variable	NT=asymmetric track lossless time-of-flight analyzer;AC=MS:1003379	MOMI ABGD	2024-11-13	380m/z-980m/z	150m/z-2000m/z	not available	not available	4
MOMI_QC_ABGD_P72_F12	Homo sapiens	blood plasma	not applicable	1	pooled	not available	not available	not available	not available	pooled	20241113_OA3_Evo02_ViAl_SA_FAIMS40_IO30_A556_MOMI_ABGD_P72_F12_R01	proteomic profiling by mass spectrometry	1	20241113_OA3_Evo02_ViAl_SA_FAIMS40_IO30_A556_MOMI_ABGD_P72_F12_R01.raw	v1.1.0	NT=ms-proteomics;VV=v1.1.0	NT=human;VV=v1.1.0	NT=dia-acquisition;VV=v1.1.0	NT=sdrf-skills;VV=v0.2.0	Data-independent acquisition	NT=Orbitrap Astral;AC=MS:1003378	NT=Trypsin;AC=MS:1001251	NT=Lys-C;AC=MS:1001309	label free sample	1	NT=HCD;AC=MS:1000422	25% NCE	10 ppm	10 ppm	NT=Dithiothreitol (DTT);AC=PRIDE:0000608	NT=Chloroacetamide (ClAA);AC=PRIDE:0000600	NT=Carbamidomethyl;AC=UNIMOD:4;TA=C;MT=Fixed	NT=Oxidation;AC=UNIMOD:35;TA=M;MT=Variable	NT=asymmetric track lossless time-of-flight analyzer;AC=MS:1003379	MOMI ABGD	2024-11-13	380m/z-980m/z	150m/z-2000m/z	not available	not available	4
MOMI_QC_ABGD_P72_G12	Homo sapiens	blood plasma	not applicable	1	pooled	not available	not available	not available	not available	pooled	20241113_OA3_Evo02_ViAl_SA_FAIMS40_IO30_A556_MOMI_ABGD_P72_G12_R01	proteomic profiling by mass spectrometry	1	20241113_OA3_Evo02_ViAl_SA_FAIMS40_IO30_A556_MOMI_ABGD_P72_G12_R01.raw	v1.1.0	NT=ms-proteomics;VV=v1.1.0	NT=human;VV=v1.1.0	NT=dia-acquisition;VV=v1.1.0	NT=sdrf-skills;VV=v0.2.0	Data-independent acquisition	NT=Orbitrap Astral;AC=MS:1003378	NT=Trypsin;AC=MS:1001251	NT=Lys-C;AC=MS:1001309	label free sample	1	NT=HCD;AC=MS:1000422	25% NCE	10 ppm	10 ppm	NT=Dithiothreitol (DTT);AC=PRIDE:0000608	NT=Chloroacetamide (ClAA);AC=PRIDE:0000600	NT=Carbamidomethyl;AC=UNIMOD:4;TA=C;MT=Fixed	NT=Oxidation;AC=UNIMOD:35;TA=M;MT=Variable	NT=asymmetric track lossless time-of-flight analyzer;AC=MS:1003379	MOMI ABGD	2024-11-13	380m/z-980m/z	150m/z-2000m/z	not available	not available	4
MOMI_QC_ABGD_P72_H12	Homo sapiens	blood plasma	not applicable	1	pooled	not available	not available	not available	not available	pooled	20241113_OA3_Evo02_ViAl_SA_FAIMS40_IO30_A556_MOMI_ABGD_P72_H12_R01	proteomic profiling by mass spectrometry	1	20241113_OA3_Evo02_ViAl_SA_FAIMS40_IO30_A556_MOMI_ABGD_P72_H12_R01.raw	v1.1.0	NT=ms-proteomics;VV=v1.1.0	NT=human;VV=v1.1.0	NT=dia-acquisition;VV=v1.1.0	NT=sdrf-skills;VV=v0.2.0	Data-independent acquisition	NT=Orbitrap Astral;AC=MS:1003378	NT=Trypsin;AC=MS:1001251	NT=Lys-C;AC=MS:1001309	label free sample	1	NT=HCD;AC=MS:1000422	25% NCE	10 ppm	10 ppm	NT=Dithiothreitol (DTT);AC=PRIDE:0000608	NT=Chloroacetamide (ClAA);AC=PRIDE:0000600	NT=Carbamidomethyl;AC=UNIMOD:4;TA=C;MT=Fixed	NT=Oxidation;AC=UNIMOD:35;TA=M;MT=Variable	NT=asymmetric track lossless time-of-flight analyzer;AC=MS:1003379	MOMI ABGD	2024-11-13	380m/z-980m/z	150m/z-2000m/z	not available	not available	4
MOMI_QC_ABGD_P73_E12	Homo sapiens	blood plasma	not applicable	1	pooled	not available	not available	not available	not available	pooled	20241119_OA3_Evo02_ViAl_SA_FAIMS40_IO32_A556_MOMI_ABGD_P73_E12_R01	proteomic profiling by mass spectrometry	1	20241119_OA3_Evo02_ViAl_SA_FAIMS40_IO32_A556_MOMI_ABGD_P73_E12_R01.raw	v1.1.0	NT=ms-proteomics;VV=v1.1.0	NT=human;VV=v1.1.0	NT=dia-acquisition;VV=v1.1.0	NT=sdrf-skills;VV=v0.2.0	Data-independent acquisition	NT=Orbitrap Astral;AC=MS:1003378	NT=Trypsin;AC=MS:1001251	NT=Lys-C;AC=MS:1001309	label free sample	1	NT=HCD;AC=MS:1000422	25% NCE	10 ppm	10 ppm	NT=Dithiothreitol (DTT);AC=PRIDE:0000608	NT=Chloroacetamide (ClAA);AC=PRIDE:0000600	NT=Carbamidomethyl;AC=UNIMOD:4;TA=C;MT=Fixed	NT=Oxidation;AC=UNIMOD:35;TA=M;MT=Variable	NT=asymmetric track lossless time-of-flight analyzer;AC=MS:1003379	MOMI ABGD	2024-11-19	380m/z-980m/z	150m/z-2000m/z	not available	not available	4
MOMI_QC_ABGD_P73_F12	Homo sapiens	blood plasma	not applicable	1	pooled	not available	not available	not available	not available	pooled	20241119_OA3_Evo02_ViAl_SA_FAIMS40_IO32_A556_MOMI_ABGD_P73_F12_R01	proteomic profiling by mass spectrometry	1	20241119_OA3_Evo02_ViAl_SA_FAIMS40_IO32_A556_MOMI_ABGD_P73_F12_R01.raw	v1.1.0	NT=ms-proteomics;VV=v1.1.0	NT=human;VV=v1.1.0	NT=dia-acquisition;VV=v1.1.0	NT=sdrf-skills;VV=v0.2.0	Data-independent acquisition	NT=Orbitrap Astral;AC=MS:1003378	NT=Trypsin;AC=MS:1001251	NT=Lys-C;AC=MS:1001309	label free sample	1	NT=HCD;AC=MS:1000422	25% NCE	10 ppm	10 ppm	NT=Dithiothreitol (DTT);AC=PRIDE:0000608	NT=Chloroacetamide (ClAA);AC=PRIDE:0000600	NT=Carbamidomethyl;AC=UNIMOD:4;TA=C;MT=Fixed	NT=Oxidation;AC=UNIMOD:35;TA=M;MT=Variable	NT=asymmetric track lossless time-of-flight analyzer;AC=MS:1003379	MOMI ABGD	2024-11-19	380m/z-980m/z	150m/z-2000m/z	not available	not available	4
MOMI_QC_ABGD_P73_G12	Homo sapiens	blood plasma	not applicable	1	pooled	not available	not available	not available	not available	pooled	20241119_OA3_Evo02_ViAl_SA_FAIMS40_IO32_A556_MOMI_ABGD_P73_G12_R01	proteomic profiling by mass spectrometry	1	20241119_OA3_Evo02_ViAl_SA_FAIMS40_IO32_A556_MOMI_ABGD_P73_G12_R01.raw	v1.1.0	NT=ms-proteomics;VV=v1.1.0	NT=human;VV=v1.1.0	NT=dia-acquisition;VV=v1.1.0	NT=sdrf-skills;VV=v0.2.0	Data-independent acquisition	NT=Orbitrap Astral;AC=MS:1003378	NT=Trypsin;AC=MS:1001251	NT=Lys-C;AC=MS:1001309	label free sample	1	NT=HCD;AC=MS:1000422	25% NCE	10 ppm	10 ppm	NT=Dithiothreitol (DTT);AC=PRIDE:0000608	NT=Chloroacetamide (ClAA);AC=PRIDE:0000600	NT=Carbamidomethyl;AC=UNIMOD:4;TA=C;MT=Fixed	NT=Oxidation;AC=UNIMOD:35;TA=M;MT=Variable	NT=asymmetric track lossless time-of-flight analyzer;AC=MS:1003379	MOMI ABGD	2024-11-19	380m/z-980m/z	150m/z-2000m/z	not available	not available	4
MOMI_QC_ABGD_P73_H12	Homo sapiens	blood plasma	not applicable	1	pooled	not available	not available	not available	not available	pooled	20241119_OA3_Evo02_ViAl_SA_FAIMS40_IO32_A556_MOMI_ABGD_P73_H12_R01	proteomic profiling by mass spectrometry	1	20241119_OA3_Evo02_ViAl_SA_FAIMS40_IO32_A556_MOMI_ABGD_P73_H12_R01.raw	v1.1.0	NT=ms-proteomics;VV=v1.1.0	NT=human;VV=v1.1.0	NT=dia-acquisition;VV=v1.1.0	NT=sdrf-skills;VV=v0.2.0	Data-independent acquisition	NT=Orbitrap Astral;AC=MS:1003378	NT=Trypsin;AC=MS:1001251	NT=Lys-C;AC=MS:1001309	label free sample	1	NT=HCD;AC=MS:1000422	25% NCE	10 ppm	10 ppm	NT=Dithiothreitol (DTT);AC=PRIDE:0000608	NT=Chloroacetamide (ClAA);AC=PRIDE:0000600	NT=Carbamidomethyl;AC=UNIMOD:4;TA=C;MT=Fixed	NT=Oxidation;AC=UNIMOD:35;TA=M;MT=Variable	NT=asymmetric track lossless time-of-flight analyzer;AC=MS:1003379	MOMI ABGD	2024-11-19	380m/z-980m/z	150m/z-2000m/z	not available	not available	4
MOMI_QC_GBGD_P01_E12	Homo sapiens	blood plasma	not applicable	1	pooled	not available	not available	not available	not available	pooled	20241126_OA3_Evo02_ViAl_SA_FAIMS40_IO32_A556_MOMI_GBGD_P01_E12_R01	proteomic profiling by mass spectrometry	1	20241126_OA3_Evo02_ViAl_SA_FAIMS40_IO32_A556_MOMI_GBGD_P01_E12_R01.raw	v1.1.0	NT=ms-proteomics;VV=v1.1.0	NT=human;VV=v1.1.0	NT=dia-acquisition;VV=v1.1.0	NT=sdrf-skills;VV=v0.2.0	Data-independent acquisition	NT=Orbitrap Astral;AC=MS:1003378	NT=Trypsin;AC=MS:1001251	NT=Lys-C;AC=MS:1001309	label free sample	1	NT=HCD;AC=MS:1000422	25% NCE	10 ppm	10 ppm	NT=Dithiothreitol (DTT);AC=PRIDE:0000608	NT=Chloroacetamide (ClAA);AC=PRIDE:0000600	NT=Carbamidomethyl;AC=UNIMOD:4;TA=C;MT=Fixed	NT=Oxidation;AC=UNIMOD:35;TA=M;MT=Variable	NT=asymmetric track lossless time-of-flight analyzer;AC=MS:1003379	MOMI GBGD	2024-11-26	380m/z-980m/z	150m/z-2000m/z	not available	not available	4
MOMI_QC_GBGD_P01_F12	Homo sapiens	blood plasma	not applicable	1	pooled	not available	not available	not available	not available	pooled	20241126_OA3_Evo02_ViAl_SA_FAIMS40_IO32_A556_MOMI_GBGD_P01_F12_R01	proteomic profiling by mass spectrometry	1	20241126_OA3_Evo02_ViAl_SA_FAIMS40_IO32_A556_MOMI_GBGD_P01_F12_R01.raw	v1.1.0	NT=ms-proteomics;VV=v1.1.0	NT=human;VV=v1.1.0	NT=dia-acquisition;VV=v1.1.0	NT=sdrf-skills;VV=v0.2.0	Data-independent acquisition	NT=Orbitrap Astral;AC=MS:1003378	NT=Trypsin;AC=MS:1001251	NT=Lys-C;AC=MS:1001309	label free sample	1	NT=HCD;AC=MS:1000422	25% NCE	10 ppm	10 ppm	NT=Dithiothreitol (DTT);AC=PRIDE:0000608	NT=Chloroacetamide (ClAA);AC=PRIDE:0000600	NT=Carbamidomethyl;AC=UNIMOD:4;TA=C;MT=Fixed	NT=Oxidation;AC=UNIMOD:35;TA=M;MT=Variable	NT=asymmetric track lossless time-of-flight analyzer;AC=MS:1003379	MOMI GBGD	2024-11-26	380m/z-980m/z	150m/z-2000m/z	not available	not available	4
MOMI_QC_GBGD_P01_G12	Homo sapiens	blood plasma	not applicable	1	pooled	not available	not available	not available	not available	pooled	20241126_OA3_Evo02_ViAl_SA_FAIMS40_IO32_A556_MOMI_GBGD_P01_G12_R01	proteomic profiling by mass spectrometry	1	20241126_OA3_Evo02_ViAl_SA_FAIMS40_IO32_A556_MOMI_GBGD_P01_G12_R01.raw	v1.1.0	NT=ms-proteomics;VV=v1.1.0	NT=human;VV=v1.1.0	NT=dia-acquisition;VV=v1.1.0	NT=sdrf-skills;VV=v0.2.0	Data-independent acquisition	NT=Orbitrap Astral;AC=MS:1003378	NT=Trypsin;AC=MS:1001251	NT=Lys-C;AC=MS:1001309	label free sample	1	NT=HCD;AC=MS:1000422	25% NCE	10 ppm	10 ppm	NT=Dithiothreitol (DTT);AC=PRIDE:0000608	NT=Chloroacetamide (ClAA);AC=PRIDE:0000600	NT=Carbamidomethyl;AC=UNIMOD:4;TA=C;MT=Fixed	NT=Oxidation;AC=UNIMOD:35;TA=M;MT=Variable	NT=asymmetric track lossless time-of-flight analyzer;AC=MS:1003379	MOMI GBGD	2024-11-26	380m/z-980m/z	150m/z-2000m/z	not available	not available	4
MOMI_QC_GBGD_P01_H12	Homo sapiens	blood plasma	not applicable	1	pooled	not available	not available	not available	not available	pooled	20241126_OA3_Evo02_ViAl_SA_FAIMS40_IO32_A556_MOMI_GBGD_P01_H12_R01	proteomic profiling by mass spectrometry	1	20241126_OA3_Evo02_ViAl_SA_FAIMS40_IO32_A556_MOMI_GBGD_P01_H12_R01.raw	v1.1.0	NT=ms-proteomics;VV=v1.1.0	NT=human;VV=v1.1.0	NT=dia-acquisition;VV=v1.1.0	NT=sdrf-skills;VV=v0.2.0	Data-independent acquisition	NT=Orbitrap Astral;AC=MS:1003378	NT=Trypsin;AC=MS:1001251	NT=Lys-C;AC=MS:1001309	label free sample	1	NT=HCD;AC=MS:1000422	25% NCE	10 ppm	10 ppm	NT=Dithiothreitol (DTT);AC=PRIDE:0000608	NT=Chloroacetamide (ClAA);AC=PRIDE:0000600	NT=Carbamidomethyl;AC=UNIMOD:4;TA=C;MT=Fixed	NT=Oxidation;AC=UNIMOD:35;TA=M;MT=Variable	NT=asymmetric track lossless time-of-flight analyzer;AC=MS:1003379	MOMI GBGD	2024-11-26	380m/z-980m/z	150m/z-2000m/z	not available	not available	4
MOMI_QC_GBGD_P02_E12	Homo sapiens	blood plasma	not applicable	1	pooled	not available	not available	not available	not available	pooled	20241126_OA3_Evo02_ViAl_SA_FAIMS40_IO32_A556_MOMI_GBGD_P02_E12_R01	proteomic profiling by mass spectrometry	1	20241126_OA3_Evo02_ViAl_SA_FAIMS40_IO32_A556_MOMI_GBGD_P02_E12_R01.raw	v1.1.0	NT=ms-proteomics;VV=v1.1.0	NT=human;VV=v1.1.0	NT=dia-acquisition;VV=v1.1.0	NT=sdrf-skills;VV=v0.2.0	Data-independent acquisition	NT=Orbitrap Astral;AC=MS:1003378	NT=Trypsin;AC=MS:1001251	NT=Lys-C;AC=MS:1001309	label free sample	1	NT=HCD;AC=MS:1000422	25% NCE	10 ppm	10 ppm	NT=Dithiothreitol (DTT);AC=PRIDE:0000608	NT=Chloroacetamide (ClAA);AC=PRIDE:0000600	NT=Carbamidomethyl;AC=UNIMOD:4;TA=C;MT=Fixed	NT=Oxidation;AC=UNIMOD:35;TA=M;MT=Variable	NT=asymmetric track lossless time-of-flight analyzer;AC=MS:1003379	MOMI GBGD	2024-11-26	380m/z-980m/z	150m/z-2000m/z	not available	not available	4
MOMI_QC_GBGD_P02_F12	Homo sapiens	blood plasma	not applicable	1	pooled	not available	not available	not available	not available	pooled	20241126_OA3_Evo02_ViAl_SA_FAIMS40_IO32_A556_MOMI_GBGD_P02_F12_R01	proteomic profiling by mass spectrometry	1	20241126_OA3_Evo02_ViAl_SA_FAIMS40_IO32_A556_MOMI_GBGD_P02_F12_R01.raw	v1.1.0	NT=ms-proteomics;VV=v1.1.0	NT=human;VV=v1.1.0	NT=dia-acquisition;VV=v1.1.0	NT=sdrf-skills;VV=v0.2.0	Data-independent acquisition	NT=Orbitrap Astral;AC=MS:1003378	NT=Trypsin;AC=MS:1001251	NT=Lys-C;AC=MS:1001309	label free sample	1	NT=HCD;AC=MS:1000422	25% NCE	10 ppm	10 ppm	NT=Dithiothreitol (DTT);AC=PRIDE:0000608	NT=Chloroacetamide (ClAA);AC=PRIDE:0000600	NT=Carbamidomethyl;AC=UNIMOD:4;TA=C;MT=Fixed	NT=Oxidation;AC=UNIMOD:35;TA=M;MT=Variable	NT=asymmetric track lossless time-of-flight analyzer;AC=MS:1003379	MOMI GBGD	2024-11-26	380m/z-980m/z	150m/z-2000m/z	not available	not available	4
MOMI_QC_GBGD_P02_G12	Homo sapiens	blood plasma	not applicable	1	pooled	not available	not available	not available	not available	pooled	20241126_OA3_Evo02_ViAl_SA_FAIMS40_IO32_A556_MOMI_GBGD_P02_G12_R01	proteomic profiling by mass spectrometry	1	20241126_OA3_Evo02_ViAl_SA_FAIMS40_IO32_A556_MOMI_GBGD_P02_G12_R01.raw	v1.1.0	NT=ms-proteomics;VV=v1.1.0	NT=human;VV=v1.1.0	NT=dia-acquisition;VV=v1.1.0	NT=sdrf-skills;VV=v0.2.0	Data-independent acquisition	NT=Orbitrap Astral;AC=MS:1003378	NT=Trypsin;AC=MS:1001251	NT=Lys-C;AC=MS:1001309	label free sample	1	NT=HCD;AC=MS:1000422	25% NCE	10 ppm	10 ppm	NT=Dithiothreitol (DTT);AC=PRIDE:0000608	NT=Chloroacetamide (ClAA);AC=PRIDE:0000600	NT=Carbamidomethyl;AC=UNIMOD:4;TA=C;MT=Fixed	NT=Oxidation;AC=UNIMOD:35;TA=M;MT=Variable	NT=asymmetric track lossless time-of-flight analyzer;AC=MS:1003379	MOMI GBGD	2024-11-26	380m/z-980m/z	150m/z-2000m/z	not available	not available	4
MOMI_QC_GBGD_P02_H12	Homo sapiens	blood plasma	not applicable	1	pooled	not available	not available	not available	not available	pooled	20241126_OA3_Evo02_ViAl_SA_FAIMS40_IO32_A556_MOMI_GBGD_P02_H12_R01	proteomic profiling by mass spectrometry	1	20241126_OA3_Evo02_ViAl_SA_FAIMS40_IO32_A556_MOMI_GBGD_P02_H12_R01.raw	v1.1.0	NT=ms-proteomics;VV=v1.1.0	NT=human;VV=v1.1.0	NT=dia-acquisition;VV=v1.1.0	NT=sdrf-skills;VV=v0.2.0	Data-independent acquisition	NT=Orbitrap Astral;AC=MS:1003378	NT=Trypsin;AC=MS:1001251	NT=Lys-C;AC=MS:1001309	label free sample	1	NT=HCD;AC=MS:1000422	25% NCE	10 ppm	10 ppm	NT=Dithiothreitol (DTT);AC=PRIDE:0000608	NT=Chloroacetamide (ClAA);AC=PRIDE:0000600	NT=Carbamidomethyl;AC=UNIMOD:4;TA=C;MT=Fixed	NT=Oxidation;AC=UNIMOD:35;TA=M;MT=Variable	NT=asymmetric track lossless time-of-flight analyzer;AC=MS:1003379	MOMI GBGD	2024-11-26	380m/z-980m/z	150m/z-2000m/z	not available	not available	4
MOMI_QC_GBGD_P03_E12	Homo sapiens	blood plasma	not applicable	1	pooled	not available	not available	not available	not available	pooled	20241126_OA3_Evo02_ViAl_SA_FAIMS40_IO32_A556_MOMI_GBGD_P03_E12_R01	proteomic profiling by mass spectrometry	1	20241126_OA3_Evo02_ViAl_SA_FAIMS40_IO32_A556_MOMI_GBGD_P03_E12_R01.raw	v1.1.0	NT=ms-proteomics;VV=v1.1.0	NT=human;VV=v1.1.0	NT=dia-acquisition;VV=v1.1.0	NT=sdrf-skills;VV=v0.2.0	Data-independent acquisition	NT=Orbitrap Astral;AC=MS:1003378	NT=Trypsin;AC=MS:1001251	NT=Lys-C;AC=MS:1001309	label free sample	1	NT=HCD;AC=MS:1000422	25% NCE	10 ppm	10 ppm	NT=Dithiothreitol (DTT);AC=PRIDE:0000608	NT=Chloroacetamide (ClAA);AC=PRIDE:0000600	NT=Carbamidomethyl;AC=UNIMOD:4;TA=C;MT=Fixed	NT=Oxidation;AC=UNIMOD:35;TA=M;MT=Variable	NT=asymmetric track lossless time-of-flight analyzer;AC=MS:1003379	MOMI GBGD	2024-11-26	380m/z-980m/z	150m/z-2000m/z	not available	not available	4
MOMI_QC_GBGD_P03_F12	Homo sapiens	blood plasma	not applicable	1	pooled	not available	not available	not available	not available	pooled	20241126_OA3_Evo02_ViAl_SA_FAIMS40_IO32_A556_MOMI_GBGD_P03_F12_R01	proteomic profiling by mass spectrometry	1	20241126_OA3_Evo02_ViAl_SA_FAIMS40_IO32_A556_MOMI_GBGD_P03_F12_R01.raw	v1.1.0	NT=ms-proteomics;VV=v1.1.0	NT=human;VV=v1.1.0	NT=dia-acquisition;VV=v1.1.0	NT=sdrf-skills;VV=v0.2.0	Data-independent acquisition	NT=Orbitrap Astral;AC=MS:1003378	NT=Trypsin;AC=MS:1001251	NT=Lys-C;AC=MS:1001309	label free sample	1	NT=HCD;AC=MS:1000422	25% NCE	10 ppm	10 ppm	NT=Dithiothreitol (DTT);AC=PRIDE:0000608	NT=Chloroacetamide (ClAA);AC=PRIDE:0000600	NT=Carbamidomethyl;AC=UNIMOD:4;TA=C;MT=Fixed	NT=Oxidation;AC=UNIMOD:35;TA=M;MT=Variable	NT=asymmetric track lossless time-of-flight analyzer;AC=MS:1003379	MOMI GBGD	2024-11-26	380m/z-980m/z	150m/z-2000m/z	not available	not available	4
MOMI_QC_GBGD_P03_G12	Homo sapiens	blood plasma	not applicable	1	pooled	not available	not available	not available	not available	pooled	20241126_OA3_Evo02_ViAl_SA_FAIMS40_IO32_A556_MOMI_GBGD_P03_G12_R01	proteomic profiling by mass spectrometry	1	20241126_OA3_Evo02_ViAl_SA_FAIMS40_IO32_A556_MOMI_GBGD_P03_G12_R01.raw	v1.1.0	NT=ms-proteomics;VV=v1.1.0	NT=human;VV=v1.1.0	NT=dia-acquisition;VV=v1.1.0	NT=sdrf-skills;VV=v0.2.0	Data-independent acquisition	NT=Orbitrap Astral;AC=MS:1003378	NT=Trypsin;AC=MS:1001251	NT=Lys-C;AC=MS:1001309	label free sample	1	NT=HCD;AC=MS:1000422	25% NCE	10 ppm	10 ppm	NT=Dithiothreitol (DTT);AC=PRIDE:0000608	NT=Chloroacetamide (ClAA);AC=PRIDE:0000600	NT=Carbamidomethyl;AC=UNIMOD:4;TA=C;MT=Fixed	NT=Oxidation;AC=UNIMOD:35;TA=M;MT=Variable	NT=asymmetric track lossless time-of-flight analyzer;AC=MS:1003379	MOMI GBGD	2024-11-26	380m/z-980m/z	150m/z-2000m/z	not available	not available	4
MOMI_QC_GBGD_P03_H12	Homo sapiens	blood plasma	not applicable	1	pooled	not available	not available	not available	not available	pooled	20241126_OA3_Evo02_ViAl_SA_FAIMS40_IO32_A556_MOMI_GBGD_P03_H12_R01	proteomic profiling by mass spectrometry	1	20241126_OA3_Evo02_ViAl_SA_FAIMS40_IO32_A556_MOMI_GBGD_P03_H12_R01.raw	v1.1.0	NT=ms-proteomics;VV=v1.1.0	NT=human;VV=v1.1.0	NT=dia-acquisition;VV=v1.1.0	NT=sdrf-skills;VV=v0.2.0	Data-independent acquisition	NT=Orbitrap Astral;AC=MS:1003378	NT=Trypsin;AC=MS:1001251	NT=Lys-C;AC=MS:1001309	label free sample	1	NT=HCD;AC=MS:1000422	25% NCE	10 ppm	10 ppm	NT=Dithiothreitol (DTT);AC=PRIDE:0000608	NT=Chloroacetamide (ClAA);AC=PRIDE:0000600	NT=Carbamidomethyl;AC=UNIMOD:4;TA=C;MT=Fixed	NT=Oxidation;AC=UNIMOD:35;TA=M;MT=Variable	NT=asymmetric track lossless time-of-flight analyzer;AC=MS:1003379	MOMI GBGD	2024-11-26	380m/z-980m/z	150m/z-2000m/z	not available	not available	4
MOMI_QC_GBGD_P04_E12	Homo sapiens	blood plasma	not applicable	1	pooled	not available	not available	not available	not available	pooled	20241126_OA3_Evo02_ViAl_SA_FAIMS40_IO32_A556_MOMI_GBGD_P04_E12_R01	proteomic profiling by mass spectrometry	1	20241126_OA3_Evo02_ViAl_SA_FAIMS40_IO32_A556_MOMI_GBGD_P04_E12_R01.raw	v1.1.0	NT=ms-proteomics;VV=v1.1.0	NT=human;VV=v1.1.0	NT=dia-acquisition;VV=v1.1.0	NT=sdrf-skills;VV=v0.2.0	Data-independent acquisition	NT=Orbitrap Astral;AC=MS:1003378	NT=Trypsin;AC=MS:1001251	NT=Lys-C;AC=MS:1001309	label free sample	1	NT=HCD;AC=MS:1000422	25% NCE	10 ppm	10 ppm	NT=Dithiothreitol (DTT);AC=PRIDE:0000608	NT=Chloroacetamide (ClAA);AC=PRIDE:0000600	NT=Carbamidomethyl;AC=UNIMOD:4;TA=C;MT=Fixed	NT=Oxidation;AC=UNIMOD:35;TA=M;MT=Variable	NT=asymmetric track lossless time-of-flight analyzer;AC=MS:1003379	MOMI GBGD	2024-11-26	380m/z-980m/z	150m/z-2000m/z	not available	not available	4
MOMI_QC_GBGD_P04_F12	Homo sapiens	blood plasma	not applicable	1	pooled	not available	not available	not available	not available	pooled	20241126_OA3_Evo02_ViAl_SA_FAIMS40_IO32_A556_MOMI_GBGD_P04_F12_R01	proteomic profiling by mass spectrometry	1	20241126_OA3_Evo02_ViAl_SA_FAIMS40_IO32_A556_MOMI_GBGD_P04_F12_R01.raw	v1.1.0	NT=ms-proteomics;VV=v1.1.0	NT=human;VV=v1.1.0	NT=dia-acquisition;VV=v1.1.0	NT=sdrf-skills;VV=v0.2.0	Data-independent acquisition	NT=Orbitrap Astral;AC=MS:1003378	NT=Trypsin;AC=MS:1001251	NT=Lys-C;AC=MS:1001309	label free sample	1	NT=HCD;AC=MS:1000422	25% NCE	10 ppm	10 ppm	NT=Dithiothreitol (DTT);AC=PRIDE:0000608	NT=Chloroacetamide (ClAA);AC=PRIDE:0000600	NT=Carbamidomethyl;AC=UNIMOD:4;TA=C;MT=Fixed	NT=Oxidation;AC=UNIMOD:35;TA=M;MT=Variable	NT=asymmetric track lossless time-of-flight analyzer;AC=MS:1003379	MOMI GBGD	2024-11-26	380m/z-980m/z	150m/z-2000m/z	not available	not available	4
MOMI_QC_GBGD_P04_G12	Homo sapiens	blood plasma	not applicable	1	pooled	not available	not available	not available	not available	pooled	20241126_OA3_Evo02_ViAl_SA_FAIMS40_IO32_A556_MOMI_GBGD_P04_G12_R01	proteomic profiling by mass spectrometry	1	20241126_OA3_Evo02_ViAl_SA_FAIMS40_IO32_A556_MOMI_GBGD_P04_G12_R01.raw	v1.1.0	NT=ms-proteomics;VV=v1.1.0	NT=human;VV=v1.1.0	NT=dia-acquisition;VV=v1.1.0	NT=sdrf-skills;VV=v0.2.0	Data-independent acquisition	NT=Orbitrap Astral;AC=MS:1003378	NT=Trypsin;AC=MS:1001251	NT=Lys-C;AC=MS:1001309	label free sample	1	NT=HCD;AC=MS:1000422	25% NCE	10 ppm	10 ppm	NT=Dithiothreitol (DTT);AC=PRIDE:0000608	NT=Chloroacetamide (ClAA);AC=PRIDE:0000600	NT=Carbamidomethyl;AC=UNIMOD:4;TA=C;MT=Fixed	NT=Oxidation;AC=UNIMOD:35;TA=M;MT=Variable	NT=asymmetric track lossless time-of-flight analyzer;AC=MS:1003379	MOMI GBGD	2024-11-26	380m/z-980m/z	150m/z-2000m/z	not available	not available	4
MOMI_QC_GBGD_P04_H12	Homo sapiens	blood plasma	not applicable	1	pooled	not available	not available	not available	not available	pooled	20241126_OA3_Evo02_ViAl_SA_FAIMS40_IO32_A556_MOMI_GBGD_P04_H12_R01	proteomic profiling by mass spectrometry	1	20241126_OA3_Evo02_ViAl_SA_FAIMS40_IO32_A556_MOMI_GBGD_P04_H12_R01.raw	v1.1.0	NT=ms-proteomics;VV=v1.1.0	NT=human;VV=v1.1.0	NT=dia-acquisition;VV=v1.1.0	NT=sdrf-skills;VV=v0.2.0	Data-independent acquisition	NT=Orbitrap Astral;AC=MS:1003378	NT=Trypsin;AC=MS:1001251	NT=Lys-C;AC=MS:1001309	label free sample	1	NT=HCD;AC=MS:1000422	25% NCE	10 ppm	10 ppm	NT=Dithiothreitol (DTT);AC=PRIDE:0000608	NT=Chloroacetamide (ClAA);AC=PRIDE:0000600	NT=Carbamidomethyl;AC=UNIMOD:4;TA=C;MT=Fixed	NT=Oxidation;AC=UNIMOD:35;TA=M;MT=Variable	NT=asymmetric track lossless time-of-flight analyzer;AC=MS:1003379	MOMI GBGD	2024-11-26	380m/z-980m/z	150m/z-2000m/z	not available	not available	4
MOMI_QC_GBGD_P05_E12	Homo sapiens	blood plasma	not applicable	1	pooled	not available	not available	not available	not available	pooled	20241126_OA3_Evo02_ViAl_SA_FAIMS40_IO32_A556_MOMI_GBGD_P05_E12_R01	proteomic profiling by mass spectrometry	1	20241126_OA3_Evo02_ViAl_SA_FAIMS40_IO32_A556_MOMI_GBGD_P05_E12_R01.raw	v1.1.0	NT=ms-proteomics;VV=v1.1.0	NT=human;VV=v1.1.0	NT=dia-acquisition;VV=v1.1.0	NT=sdrf-skills;VV=v0.2.0	Data-independent acquisition	NT=Orbitrap Astral;AC=MS:1003378	NT=Trypsin;AC=MS:1001251	NT=Lys-C;AC=MS:1001309	label free sample	1	NT=HCD;AC=MS:1000422	25% NCE	10 ppm	10 ppm	NT=Dithiothreitol (DTT);AC=PRIDE:0000608	NT=Chloroacetamide (ClAA);AC=PRIDE:0000600	NT=Carbamidomethyl;AC=UNIMOD:4;TA=C;MT=Fixed	NT=Oxidation;AC=UNIMOD:35;TA=M;MT=Variable	NT=asymmetric track lossless time-of-flight analyzer;AC=MS:1003379	MOMI GBGD	2024-11-26	380m/z-980m/z	150m/z-2000m/z	not available	not available	4
MOMI_QC_GBGD_P05_F12	Homo sapiens	blood plasma	not applicable	1	pooled	not available	not available	not available	not available	pooled	20241126_OA3_Evo02_ViAl_SA_FAIMS40_IO32_A556_MOMI_GBGD_P05_F12_R01	proteomic profiling by mass spectrometry	1	20241126_OA3_Evo02_ViAl_SA_FAIMS40_IO32_A556_MOMI_GBGD_P05_F12_R01.raw	v1.1.0	NT=ms-proteomics;VV=v1.1.0	NT=human;VV=v1.1.0	NT=dia-acquisition;VV=v1.1.0	NT=sdrf-skills;VV=v0.2.0	Data-independent acquisition	NT=Orbitrap Astral;AC=MS:1003378	NT=Trypsin;AC=MS:1001251	NT=Lys-C;AC=MS:1001309	label free sample	1	NT=HCD;AC=MS:1000422	25% NCE	10 ppm	10 ppm	NT=Dithiothreitol (DTT);AC=PRIDE:0000608	NT=Chloroacetamide (ClAA);AC=PRIDE:0000600	NT=Carbamidomethyl;AC=UNIMOD:4;TA=C;MT=Fixed	NT=Oxidation;AC=UNIMOD:35;TA=M;MT=Variable	NT=asymmetric track lossless time-of-flight analyzer;AC=MS:1003379	MOMI GBGD	2024-11-26	380m/z-980m/z	150m/z-2000m/z	not available	not available	4
MOMI_QC_GBGD_P05_G12	Homo sapiens	blood plasma	not applicable	1	pooled	not available	not available	not available	not available	pooled	20241126_OA3_Evo02_ViAl_SA_FAIMS40_IO32_A556_MOMI_GBGD_P05_G12_R01	proteomic profiling by mass spectrometry	1	20241126_OA3_Evo02_ViAl_SA_FAIMS40_IO32_A556_MOMI_GBGD_P05_G12_R01.raw	v1.1.0	NT=ms-proteomics;VV=v1.1.0	NT=human;VV=v1.1.0	NT=dia-acquisition;VV=v1.1.0	NT=sdrf-skills;VV=v0.2.0	Data-independent acquisition	NT=Orbitrap Astral;AC=MS:1003378	NT=Trypsin;AC=MS:1001251	NT=Lys-C;AC=MS:1001309	label free sample	1	NT=HCD;AC=MS:1000422	25% NCE	10 ppm	10 ppm	NT=Dithiothreitol (DTT);AC=PRIDE:0000608	NT=Chloroacetamide (ClAA);AC=PRIDE:0000600	NT=Carbamidomethyl;AC=UNIMOD:4;TA=C;MT=Fixed	NT=Oxidation;AC=UNIMOD:35;TA=M;MT=Variable	NT=asymmetric track lossless time-of-flight analyzer;AC=MS:1003379	MOMI GBGD	2024-11-26	380m/z-980m/z	150m/z-2000m/z	not available	not available	4
MOMI_QC_GBGD_P05_H12	Homo sapiens	blood plasma	not applicable	1	pooled	not available	not available	not available	not available	pooled	20241126_OA3_Evo02_ViAl_SA_FAIMS40_IO32_A556_MOMI_GBGD_P05_H12_R01	proteomic profiling by mass spectrometry	1	20241126_OA3_Evo02_ViAl_SA_FAIMS40_IO32_A556_MOMI_GBGD_P05_H12_R01.raw	v1.1.0	NT=ms-proteomics;VV=v1.1.0	NT=human;VV=v1.1.0	NT=dia-acquisition;VV=v1.1.0	NT=sdrf-skills;VV=v0.2.0	Data-independent acquisition	NT=Orbitrap Astral;AC=MS:1003378	NT=Trypsin;AC=MS:1001251	NT=Lys-C;AC=MS:1001309	label free sample	1	NT=HCD;AC=MS:1000422	25% NCE	10 ppm	10 ppm	NT=Dithiothreitol (DTT);AC=PRIDE:0000608	NT=Chloroacetamide (ClAA);AC=PRIDE:0000600	NT=Carbamidomethyl;AC=UNIMOD:4;TA=C;MT=Fixed	NT=Oxidation;AC=UNIMOD:35;TA=M;MT=Variable	NT=asymmetric track lossless time-of-flight analyzer;AC=MS:1003379	MOMI GBGD	2024-11-26	380m/z-980m/z	150m/z-2000m/z	not available	not available	4
MOMI_QC_GBGD_P06_E12	Homo sapiens	blood plasma	not applicable	1	pooled	not available	not available	not available	not available	pooled	20241126_OA3_Evo02_ViAl_SA_FAIMS40_IO32_A556_MOMI_GBGD_P06_E12_R01	proteomic profiling by mass spectrometry	1	20241126_OA3_Evo02_ViAl_SA_FAIMS40_IO32_A556_MOMI_GBGD_P06_E12_R01.raw	v1.1.0	NT=ms-proteomics;VV=v1.1.0	NT=human;VV=v1.1.0	NT=dia-acquisition;VV=v1.1.0	NT=sdrf-skills;VV=v0.2.0	Data-independent acquisition	NT=Orbitrap Astral;AC=MS:1003378	NT=Trypsin;AC=MS:1001251	NT=Lys-C;AC=MS:1001309	label free sample	1	NT=HCD;AC=MS:1000422	25% NCE	10 ppm	10 ppm	NT=Dithiothreitol (DTT);AC=PRIDE:0000608	NT=Chloroacetamide (ClAA);AC=PRIDE:0000600	NT=Carbamidomethyl;AC=UNIMOD:4;TA=C;MT=Fixed	NT=Oxidation;AC=UNIMOD:35;TA=M;MT=Variable	NT=asymmetric track lossless time-of-flight analyzer;AC=MS:1003379	MOMI GBGD	2024-11-26	380m/z-980m/z	150m/z-2000m/z	not available	not available	4
MOMI_QC_GBGD_P06_F12	Homo sapiens	blood plasma	not applicable	1	pooled	not available	not available	not available	not available	pooled	20241126_OA3_Evo02_ViAl_SA_FAIMS40_IO32_A556_MOMI_GBGD_P06_F12_R01	proteomic profiling by mass spectrometry	1	20241126_OA3_Evo02_ViAl_SA_FAIMS40_IO32_A556_MOMI_GBGD_P06_F12_R01.raw	v1.1.0	NT=ms-proteomics;VV=v1.1.0	NT=human;VV=v1.1.0	NT=dia-acquisition;VV=v1.1.0	NT=sdrf-skills;VV=v0.2.0	Data-independent acquisition	NT=Orbitrap Astral;AC=MS:1003378	NT=Trypsin;AC=MS:1001251	NT=Lys-C;AC=MS:1001309	label free sample	1	NT=HCD;AC=MS:1000422	25% NCE	10 ppm	10 ppm	NT=Dithiothreitol (DTT);AC=PRIDE:0000608	NT=Chloroacetamide (ClAA);AC=PRIDE:0000600	NT=Carbamidomethyl;AC=UNIMOD:4;TA=C;MT=Fixed	NT=Oxidation;AC=UNIMOD:35;TA=M;MT=Variable	NT=asymmetric track lossless time-of-flight analyzer;AC=MS:1003379	MOMI GBGD	2024-11-26	380m/z-980m/z	150m/z-2000m/z	not available	not available	4
MOMI_QC_GBGD_P06_G12	Homo sapiens	blood plasma	not applicable	1	pooled	not available	not available	not available	not available	pooled	20241126_OA3_Evo02_ViAl_SA_FAIMS40_IO32_A556_MOMI_GBGD_P06_G12_R01	proteomic profiling by mass spectrometry	1	20241126_OA3_Evo02_ViAl_SA_FAIMS40_IO32_A556_MOMI_GBGD_P06_G12_R01.raw	v1.1.0	NT=ms-proteomics;VV=v1.1.0	NT=human;VV=v1.1.0	NT=dia-acquisition;VV=v1.1.0	NT=sdrf-skills;VV=v0.2.0	Data-independent acquisition	NT=Orbitrap Astral;AC=MS:1003378	NT=Trypsin;AC=MS:1001251	NT=Lys-C;AC=MS:1001309	label free sample	1	NT=HCD;AC=MS:1000422	25% NCE	10 ppm	10 ppm	NT=Dithiothreitol (DTT);AC=PRIDE:0000608	NT=Chloroacetamide (ClAA);AC=PRIDE:0000600	NT=Carbamidomethyl;AC=UNIMOD:4;TA=C;MT=Fixed	NT=Oxidation;AC=UNIMOD:35;TA=M;MT=Variable	NT=asymmetric track lossless time-of-flight analyzer;AC=MS:1003379	MOMI GBGD	2024-11-26	380m/z-980m/z	150m/z-2000m/z	not available	not available	4
MOMI_QC_GBGD_P06_H12	Homo sapiens	blood plasma	not applicable	1	pooled	not available	not available	not available	not available	pooled	20241126_OA3_Evo02_ViAl_SA_FAIMS40_IO32_A556_MOMI_GBGD_P06_H12_R01	proteomic profiling by mass spectrometry	1	20241126_OA3_Evo02_ViAl_SA_FAIMS40_IO32_A556_MOMI_GBGD_P06_H12_R01.raw	v1.1.0	NT=ms-proteomics;VV=v1.1.0	NT=human;VV=v1.1.0	NT=dia-acquisition;VV=v1.1.0	NT=sdrf-skills;VV=v0.2.0	Data-independent acquisition	NT=Orbitrap Astral;AC=MS:1003378	NT=Trypsin;AC=MS:1001251	NT=Lys-C;AC=MS:1001309	label free sample	1	NT=HCD;AC=MS:1000422	25% NCE	10 ppm	10 ppm	NT=Dithiothreitol (DTT);AC=PRIDE:0000608	NT=Chloroacetamide (ClAA);AC=PRIDE:0000600	NT=Carbamidomethyl;AC=UNIMOD:4;TA=C;MT=Fixed	NT=Oxidation;AC=UNIMOD:35;TA=M;MT=Variable	NT=asymmetric track lossless time-of-flight analyzer;AC=MS:1003379	MOMI GBGD	2024-11-26	380m/z-980m/z	150m/z-2000m/z	not available	not available	4
MOMI_QC_GBGD_P07_E12	Homo sapiens	blood plasma	not applicable	1	pooled	not available	not available	not available	not available	pooled	20241126_OA3_Evo02_ViAl_SA_FAIMS40_IO32_A556_MOMI_GBGD_P07_E12_R01	proteomic profiling by mass spectrometry	1	20241126_OA3_Evo02_ViAl_SA_FAIMS40_IO32_A556_MOMI_GBGD_P07_E12_R01.raw	v1.1.0	NT=ms-proteomics;VV=v1.1.0	NT=human;VV=v1.1.0	NT=dia-acquisition;VV=v1.1.0	NT=sdrf-skills;VV=v0.2.0	Data-independent acquisition	NT=Orbitrap Astral;AC=MS:1003378	NT=Trypsin;AC=MS:1001251	NT=Lys-C;AC=MS:1001309	label free sample	1	NT=HCD;AC=MS:1000422	25% NCE	10 ppm	10 ppm	NT=Dithiothreitol (DTT);AC=PRIDE:0000608	NT=Chloroacetamide (ClAA);AC=PRIDE:0000600	NT=Carbamidomethyl;AC=UNIMOD:4;TA=C;MT=Fixed	NT=Oxidation;AC=UNIMOD:35;TA=M;MT=Variable	NT=asymmetric track lossless time-of-flight analyzer;AC=MS:1003379	MOMI GBGD	2024-11-26	380m/z-980m/z	150m/z-2000m/z	not available	not available	4
MOMI_QC_GBGD_P07_F12	Homo sapiens	blood plasma	not applicable	1	pooled	not available	not available	not available	not available	pooled	20241126_OA3_Evo02_ViAl_SA_FAIMS40_IO32_A556_MOMI_GBGD_P07_F12_R01	proteomic profiling by mass spectrometry	1	20241126_OA3_Evo02_ViAl_SA_FAIMS40_IO32_A556_MOMI_GBGD_P07_F12_R01.raw	v1.1.0	NT=ms-proteomics;VV=v1.1.0	NT=human;VV=v1.1.0	NT=dia-acquisition;VV=v1.1.0	NT=sdrf-skills;VV=v0.2.0	Data-independent acquisition	NT=Orbitrap Astral;AC=MS:1003378	NT=Trypsin;AC=MS:1001251	NT=Lys-C;AC=MS:1001309	label free sample	1	NT=HCD;AC=MS:1000422	25% NCE	10 ppm	10 ppm	NT=Dithiothreitol (DTT);AC=PRIDE:0000608	NT=Chloroacetamide (ClAA);AC=PRIDE:0000600	NT=Carbamidomethyl;AC=UNIMOD:4;TA=C;MT=Fixed	NT=Oxidation;AC=UNIMOD:35;TA=M;MT=Variable	NT=asymmetric track lossless time-of-flight analyzer;AC=MS:1003379	MOMI GBGD	2024-11-26	380m/z-980m/z	150m/z-2000m/z	not available	not available	4
MOMI_QC_GBGD_P07_G12	Homo sapiens	blood plasma	not applicable	1	pooled	not available	not available	not available	not available	pooled	20241126_OA3_Evo02_ViAl_SA_FAIMS40_IO32_A556_MOMI_GBGD_P07_G12_R01	proteomic profiling by mass spectrometry	1	20241126_OA3_Evo02_ViAl_SA_FAIMS40_IO32_A556_MOMI_GBGD_P07_G12_R01.raw	v1.1.0	NT=ms-proteomics;VV=v1.1.0	NT=human;VV=v1.1.0	NT=dia-acquisition;VV=v1.1.0	NT=sdrf-skills;VV=v0.2.0	Data-independent acquisition	NT=Orbitrap Astral;AC=MS:1003378	NT=Trypsin;AC=MS:1001251	NT=Lys-C;AC=MS:1001309	label free sample	1	NT=HCD;AC=MS:1000422	25% NCE	10 ppm	10 ppm	NT=Dithiothreitol (DTT);AC=PRIDE:0000608	NT=Chloroacetamide (ClAA);AC=PRIDE:0000600	NT=Carbamidomethyl;AC=UNIMOD:4;TA=C;MT=Fixed	NT=Oxidation;AC=UNIMOD:35;TA=M;MT=Variable	NT=asymmetric track lossless time-of-flight analyzer;AC=MS:1003379	MOMI GBGD	2024-11-26	380m/z-980m/z	150m/z-2000m/z	not available	not available	4
MOMI_QC_GBGD_P07_H12	Homo sapiens	blood plasma	not applicable	1	pooled	not available	not available	not available	not available	pooled	20241126_OA3_Evo02_ViAl_SA_FAIMS40_IO32_A556_MOMI_GBGD_P07_H12_R01	proteomic profiling by mass spectrometry	1	20241126_OA3_Evo02_ViAl_SA_FAIMS40_IO32_A556_MOMI_GBGD_P07_H12_R01.raw	v1.1.0	NT=ms-proteomics;VV=v1.1.0	NT=human;VV=v1.1.0	NT=dia-acquisition;VV=v1.1.0	NT=sdrf-skills;VV=v0.2.0	Data-independent acquisition	NT=Orbitrap Astral;AC=MS:1003378	NT=Trypsin;AC=MS:1001251	NT=Lys-C;AC=MS:1001309	label free sample	1	NT=HCD;AC=MS:1000422	25% NCE	10 ppm	10 ppm	NT=Dithiothreitol (DTT);AC=PRIDE:0000608	NT=Chloroacetamide (ClAA);AC=PRIDE:0000600	NT=Carbamidomethyl;AC=UNIMOD:4;TA=C;MT=Fixed	NT=Oxidation;AC=UNIMOD:35;TA=M;MT=Variable	NT=asymmetric track lossless time-of-flight analyzer;AC=MS:1003379	MOMI GBGD	2024-11-26	380m/z-980m/z	150m/z-2000m/z	not available	not available	4
MOMI_QC_GBGD_P08_E12	Homo sapiens	blood plasma	not applicable	1	pooled	not available	not available	not available	not available	pooled	20241126_OA3_Evo02_ViAl_SA_FAIMS40_IO32_A556_MOMI_GBGD_P08_E12_R01	proteomic profiling by mass spectrometry	1	20241126_OA3_Evo02_ViAl_SA_FAIMS40_IO32_A556_MOMI_GBGD_P08_E12_R01.raw	v1.1.0	NT=ms-proteomics;VV=v1.1.0	NT=human;VV=v1.1.0	NT=dia-acquisition;VV=v1.1.0	NT=sdrf-skills;VV=v0.2.0	Data-independent acquisition	NT=Orbitrap Astral;AC=MS:1003378	NT=Trypsin;AC=MS:1001251	NT=Lys-C;AC=MS:1001309	label free sample	1	NT=HCD;AC=MS:1000422	25% NCE	10 ppm	10 ppm	NT=Dithiothreitol (DTT);AC=PRIDE:0000608	NT=Chloroacetamide (ClAA);AC=PRIDE:0000600	NT=Carbamidomethyl;AC=UNIMOD:4;TA=C;MT=Fixed	NT=Oxidation;AC=UNIMOD:35;TA=M;MT=Variable	NT=asymmetric track lossless time-of-flight analyzer;AC=MS:1003379	MOMI GBGD	2024-11-26	380m/z-980m/z	150m/z-2000m/z	not available	not available	4
MOMI_QC_GBGD_P08_F12	Homo sapiens	blood plasma	not applicable	1	pooled	not available	not available	not available	not available	pooled	20241126_OA3_Evo02_ViAl_SA_FAIMS40_IO32_A556_MOMI_GBGD_P08_F12_R01	proteomic profiling by mass spectrometry	1	20241126_OA3_Evo02_ViAl_SA_FAIMS40_IO32_A556_MOMI_GBGD_P08_F12_R01.raw	v1.1.0	NT=ms-proteomics;VV=v1.1.0	NT=human;VV=v1.1.0	NT=dia-acquisition;VV=v1.1.0	NT=sdrf-skills;VV=v0.2.0	Data-independent acquisition	NT=Orbitrap Astral;AC=MS:1003378	NT=Trypsin;AC=MS:1001251	NT=Lys-C;AC=MS:1001309	label free sample	1	NT=HCD;AC=MS:1000422	25% NCE	10 ppm	10 ppm	NT=Dithiothreitol (DTT);AC=PRIDE:0000608	NT=Chloroacetamide (ClAA);AC=PRIDE:0000600	NT=Carbamidomethyl;AC=UNIMOD:4;TA=C;MT=Fixed	NT=Oxidation;AC=UNIMOD:35;TA=M;MT=Variable	NT=asymmetric track lossless time-of-flight analyzer;AC=MS:1003379	MOMI GBGD	2024-11-26	380m/z-980m/z	150m/z-2000m/z	not available	not available	4
MOMI_QC_GBGD_P08_G12	Homo sapiens	blood plasma	not applicable	1	pooled	not available	not available	not available	not available	pooled	20241126_OA3_Evo02_ViAl_SA_FAIMS40_IO32_A556_MOMI_GBGD_P08_G12_R01	proteomic profiling by mass spectrometry	1	20241126_OA3_Evo02_ViAl_SA_FAIMS40_IO32_A556_MOMI_GBGD_P08_G12_R01.raw	v1.1.0	NT=ms-proteomics;VV=v1.1.0	NT=human;VV=v1.1.0	NT=dia-acquisition;VV=v1.1.0	NT=sdrf-skills;VV=v0.2.0	Data-independent acquisition	NT=Orbitrap Astral;AC=MS:1003378	NT=Trypsin;AC=MS:1001251	NT=Lys-C;AC=MS:1001309	label free sample	1	NT=HCD;AC=MS:1000422	25% NCE	10 ppm	10 ppm	NT=Dithiothreitol (DTT);AC=PRIDE:0000608	NT=Chloroacetamide (ClAA);AC=PRIDE:0000600	NT=Carbamidomethyl;AC=UNIMOD:4;TA=C;MT=Fixed	NT=Oxidation;AC=UNIMOD:35;TA=M;MT=Variable	NT=asymmetric track lossless time-of-flight analyzer;AC=MS:1003379	MOMI GBGD	2024-11-26	380m/z-980m/z	150m/z-2000m/z	not available	not available	4
MOMI_QC_GBGD_P08_H12	Homo sapiens	blood plasma	not applicable	1	pooled	not available	not available	not available	not available	pooled	20241126_OA3_Evo02_ViAl_SA_FAIMS40_IO32_A556_MOMI_GBGD_P08_H12_R01	proteomic profiling by mass spectrometry	1	20241126_OA3_Evo02_ViAl_SA_FAIMS40_IO32_A556_MOMI_GBGD_P08_H12_R01.raw	v1.1.0	NT=ms-proteomics;VV=v1.1.0	NT=human;VV=v1.1.0	NT=dia-acquisition;VV=v1.1.0	NT=sdrf-skills;VV=v0.2.0	Data-independent acquisition	NT=Orbitrap Astral;AC=MS:1003378	NT=Trypsin;AC=MS:1001251	NT=Lys-C;AC=MS:1001309	label free sample	1	NT=HCD;AC=MS:1000422	25% NCE	10 ppm	10 ppm	NT=Dithiothreitol (DTT);AC=PRIDE:0000608	NT=Chloroacetamide (ClAA);AC=PRIDE:0000600	NT=Carbamidomethyl;AC=UNIMOD:4;TA=C;MT=Fixed	NT=Oxidation;AC=UNIMOD:35;TA=M;MT=Variable	NT=asymmetric track lossless time-of-flight analyzer;AC=MS:1003379	MOMI GBGD	2024-11-26	380m/z-980m/z	150m/z-2000m/z	not available	not available	4
MOMI_QC_GBGD_P09_E12	Homo sapiens	blood plasma	not applicable	1	pooled	not available	not available	not available	not available	pooled	20241206_OA3_Evo02_ViAl_SA_FAIMS40_IO32_A556_MOMI_GBGD_P09_E12_R01	proteomic profiling by mass spectrometry	1	20241206_OA3_Evo02_ViAl_SA_FAIMS40_IO32_A556_MOMI_GBGD_P09_E12_R01.raw	v1.1.0	NT=ms-proteomics;VV=v1.1.0	NT=human;VV=v1.1.0	NT=dia-acquisition;VV=v1.1.0	NT=sdrf-skills;VV=v0.2.0	Data-independent acquisition	NT=Orbitrap Astral;AC=MS:1003378	NT=Trypsin;AC=MS:1001251	NT=Lys-C;AC=MS:1001309	label free sample	1	NT=HCD;AC=MS:1000422	25% NCE	10 ppm	10 ppm	NT=Dithiothreitol (DTT);AC=PRIDE:0000608	NT=Chloroacetamide (ClAA);AC=PRIDE:0000600	NT=Carbamidomethyl;AC=UNIMOD:4;TA=C;MT=Fixed	NT=Oxidation;AC=UNIMOD:35;TA=M;MT=Variable	NT=asymmetric track lossless time-of-flight analyzer;AC=MS:1003379	MOMI GBGD	2024-12-06	380m/z-980m/z	150m/z-2000m/z	not available	not available	4
MOMI_QC_GBGD_P09_F12	Homo sapiens	blood plasma	not applicable	1	pooled	not available	not available	not available	not available	pooled	20241206_OA3_Evo02_ViAl_SA_FAIMS40_IO32_A556_MOMI_GBGD_P09_F12_R01	proteomic profiling by mass spectrometry	1	20241206_OA3_Evo02_ViAl_SA_FAIMS40_IO32_A556_MOMI_GBGD_P09_F12_R01.raw	v1.1.0	NT=ms-proteomics;VV=v1.1.0	NT=human;VV=v1.1.0	NT=dia-acquisition;VV=v1.1.0	NT=sdrf-skills;VV=v0.2.0	Data-independent acquisition	NT=Orbitrap Astral;AC=MS:1003378	NT=Trypsin;AC=MS:1001251	NT=Lys-C;AC=MS:1001309	label free sample	1	NT=HCD;AC=MS:1000422	25% NCE	10 ppm	10 ppm	NT=Dithiothreitol (DTT);AC=PRIDE:0000608	NT=Chloroacetamide (ClAA);AC=PRIDE:0000600	NT=Carbamidomethyl;AC=UNIMOD:4;TA=C;MT=Fixed	NT=Oxidation;AC=UNIMOD:35;TA=M;MT=Variable	NT=asymmetric track lossless time-of-flight analyzer;AC=MS:1003379	MOMI GBGD	2024-12-06	380m/z-980m/z	150m/z-2000m/z	not available	not available	4
MOMI_QC_GBGD_P09_G12	Homo sapiens	blood plasma	not applicable	1	pooled	not available	not available	not available	not available	pooled	20241206_OA3_Evo02_ViAl_SA_FAIMS40_IO32_A556_MOMI_GBGD_P09_G12_R01	proteomic profiling by mass spectrometry	1	20241206_OA3_Evo02_ViAl_SA_FAIMS40_IO32_A556_MOMI_GBGD_P09_G12_R01.raw	v1.1.0	NT=ms-proteomics;VV=v1.1.0	NT=human;VV=v1.1.0	NT=dia-acquisition;VV=v1.1.0	NT=sdrf-skills;VV=v0.2.0	Data-independent acquisition	NT=Orbitrap Astral;AC=MS:1003378	NT=Trypsin;AC=MS:1001251	NT=Lys-C;AC=MS:1001309	label free sample	1	NT=HCD;AC=MS:1000422	25% NCE	10 ppm	10 ppm	NT=Dithiothreitol (DTT);AC=PRIDE:0000608	NT=Chloroacetamide (ClAA);AC=PRIDE:0000600	NT=Carbamidomethyl;AC=UNIMOD:4;TA=C;MT=Fixed	NT=Oxidation;AC=UNIMOD:35;TA=M;MT=Variable	NT=asymmetric track lossless time-of-flight analyzer;AC=MS:1003379	MOMI GBGD	2024-12-06	380m/z-980m/z	150m/z-2000m/z	not available	not available	4
MOMI_QC_GBGD_P09_H12	Homo sapiens	blood plasma	not applicable	1	pooled	not available	not available	not available	not available	pooled	20241206_OA3_Evo02_ViAl_SA_FAIMS40_IO32_A556_MOMI_GBGD_P09_H12_R01	proteomic profiling by mass spectrometry	1	20241206_OA3_Evo02_ViAl_SA_FAIMS40_IO32_A556_MOMI_GBGD_P09_H12_R01.raw	v1.1.0	NT=ms-proteomics;VV=v1.1.0	NT=human;VV=v1.1.0	NT=dia-acquisition;VV=v1.1.0	NT=sdrf-skills;VV=v0.2.0	Data-independent acquisition	NT=Orbitrap Astral;AC=MS:1003378	NT=Trypsin;AC=MS:1001251	NT=Lys-C;AC=MS:1001309	label free sample	1	NT=HCD;AC=MS:1000422	25% NCE	10 ppm	10 ppm	NT=Dithiothreitol (DTT);AC=PRIDE:0000608	NT=Chloroacetamide (ClAA);AC=PRIDE:0000600	NT=Carbamidomethyl;AC=UNIMOD:4;TA=C;MT=Fixed	NT=Oxidation;AC=UNIMOD:35;TA=M;MT=Variable	NT=asymmetric track lossless time-of-flight analyzer;AC=MS:1003379	MOMI GBGD	2024-12-06	380m/z-980m/z	150m/z-2000m/z	not available	not available	4
MOMI_QC_GBGD_P10_E12	Homo sapiens	blood plasma	not applicable	1	pooled	not available	not available	not available	not available	pooled	20241206_OA3_Evo02_ViAl_SA_FAIMS40_IO32_A556_MOMI_GBGD_P10_E12_R01	proteomic profiling by mass spectrometry	1	20241206_OA3_Evo02_ViAl_SA_FAIMS40_IO32_A556_MOMI_GBGD_P10_E12_R01.raw	v1.1.0	NT=ms-proteomics;VV=v1.1.0	NT=human;VV=v1.1.0	NT=dia-acquisition;VV=v1.1.0	NT=sdrf-skills;VV=v0.2.0	Data-independent acquisition	NT=Orbitrap Astral;AC=MS:1003378	NT=Trypsin;AC=MS:1001251	NT=Lys-C;AC=MS:1001309	label free sample	1	NT=HCD;AC=MS:1000422	25% NCE	10 ppm	10 ppm	NT=Dithiothreitol (DTT);AC=PRIDE:0000608	NT=Chloroacetamide (ClAA);AC=PRIDE:0000600	NT=Carbamidomethyl;AC=UNIMOD:4;TA=C;MT=Fixed	NT=Oxidation;AC=UNIMOD:35;TA=M;MT=Variable	NT=asymmetric track lossless time-of-flight analyzer;AC=MS:1003379	MOMI GBGD	2024-12-06	380m/z-980m/z	150m/z-2000m/z	not available	not available	4
MOMI_QC_GBGD_P10_F12	Homo sapiens	blood plasma	not applicable	1	pooled	not available	not available	not available	not available	pooled	20241206_OA3_Evo02_ViAl_SA_FAIMS40_IO32_A556_MOMI_GBGD_P10_F12_R01	proteomic profiling by mass spectrometry	1	20241206_OA3_Evo02_ViAl_SA_FAIMS40_IO32_A556_MOMI_GBGD_P10_F12_R01.raw	v1.1.0	NT=ms-proteomics;VV=v1.1.0	NT=human;VV=v1.1.0	NT=dia-acquisition;VV=v1.1.0	NT=sdrf-skills;VV=v0.2.0	Data-independent acquisition	NT=Orbitrap Astral;AC=MS:1003378	NT=Trypsin;AC=MS:1001251	NT=Lys-C;AC=MS:1001309	label free sample	1	NT=HCD;AC=MS:1000422	25% NCE	10 ppm	10 ppm	NT=Dithiothreitol (DTT);AC=PRIDE:0000608	NT=Chloroacetamide (ClAA);AC=PRIDE:0000600	NT=Carbamidomethyl;AC=UNIMOD:4;TA=C;MT=Fixed	NT=Oxidation;AC=UNIMOD:35;TA=M;MT=Variable	NT=asymmetric track lossless time-of-flight analyzer;AC=MS:1003379	MOMI GBGD	2024-12-06	380m/z-980m/z	150m/z-2000m/z	not available	not available	4
MOMI_QC_GBGD_P10_G12	Homo sapiens	blood plasma	not applicable	1	pooled	not available	not available	not available	not available	pooled	20241206_OA3_Evo02_ViAl_SA_FAIMS40_IO32_A556_MOMI_GBGD_P10_G12_R01	proteomic profiling by mass spectrometry	1	20241206_OA3_Evo02_ViAl_SA_FAIMS40_IO32_A556_MOMI_GBGD_P10_G12_R01.raw	v1.1.0	NT=ms-proteomics;VV=v1.1.0	NT=human;VV=v1.1.0	NT=dia-acquisition;VV=v1.1.0	NT=sdrf-skills;VV=v0.2.0	Data-independent acquisition	NT=Orbitrap Astral;AC=MS:1003378	NT=Trypsin;AC=MS:1001251	NT=Lys-C;AC=MS:1001309	label free sample	1	NT=HCD;AC=MS:1000422	25% NCE	10 ppm	10 ppm	NT=Dithiothreitol (DTT);AC=PRIDE:0000608	NT=Chloroacetamide (ClAA);AC=PRIDE:0000600	NT=Carbamidomethyl;AC=UNIMOD:4;TA=C;MT=Fixed	NT=Oxidation;AC=UNIMOD:35;TA=M;MT=Variable	NT=asymmetric track lossless time-of-flight analyzer;AC=MS:1003379	MOMI GBGD	2024-12-06	380m/z-980m/z	150m/z-2000m/z	not available	not available	4
MOMI_QC_GBGD_P10_H12	Homo sapiens	blood plasma	not applicable	1	pooled	not available	not available	not available	not available	pooled	20241206_OA3_Evo02_ViAl_SA_FAIMS40_IO32_A556_MOMI_GBGD_P10_H12_R01	proteomic profiling by mass spectrometry	1	20241206_OA3_Evo02_ViAl_SA_FAIMS40_IO32_A556_MOMI_GBGD_P10_H12_R01.raw	v1.1.0	NT=ms-proteomics;VV=v1.1.0	NT=human;VV=v1.1.0	NT=dia-acquisition;VV=v1.1.0	NT=sdrf-skills;VV=v0.2.0	Data-independent acquisition	NT=Orbitrap Astral;AC=MS:1003378	NT=Trypsin;AC=MS:1001251	NT=Lys-C;AC=MS:1001309	label free sample	1	NT=HCD;AC=MS:1000422	25% NCE	10 ppm	10 ppm	NT=Dithiothreitol (DTT);AC=PRIDE:0000608	NT=Chloroacetamide (ClAA);AC=PRIDE:0000600	NT=Carbamidomethyl;AC=UNIMOD:4;TA=C;MT=Fixed	NT=Oxidation;AC=UNIMOD:35;TA=M;MT=Variable	NT=asymmetric track lossless time-of-flight analyzer;AC=MS:1003379	MOMI GBGD	2024-12-06	380m/z-980m/z	150m/z-2000m/z	not available	not available	4
MOMI_QC_GBGD_P11_E12	Homo sapiens	blood plasma	not applicable	1	pooled	not available	not available	not available	not available	pooled	20241206_OA3_Evo02_ViAl_SA_FAIMS40_IO32_A556_MOMI_GBGD_P11_E12_R01	proteomic profiling by mass spectrometry	1	20241206_OA3_Evo02_ViAl_SA_FAIMS40_IO32_A556_MOMI_GBGD_P11_E12_R01.raw	v1.1.0	NT=ms-proteomics;VV=v1.1.0	NT=human;VV=v1.1.0	NT=dia-acquisition;VV=v1.1.0	NT=sdrf-skills;VV=v0.2.0	Data-independent acquisition	NT=Orbitrap Astral;AC=MS:1003378	NT=Trypsin;AC=MS:1001251	NT=Lys-C;AC=MS:1001309	label free sample	1	NT=HCD;AC=MS:1000422	25% NCE	10 ppm	10 ppm	NT=Dithiothreitol (DTT);AC=PRIDE:0000608	NT=Chloroacetamide (ClAA);AC=PRIDE:0000600	NT=Carbamidomethyl;AC=UNIMOD:4;TA=C;MT=Fixed	NT=Oxidation;AC=UNIMOD:35;TA=M;MT=Variable	NT=asymmetric track lossless time-of-flight analyzer;AC=MS:1003379	MOMI GBGD	2024-12-06	380m/z-980m/z	150m/z-2000m/z	not available	not available	4
MOMI_QC_GBGD_P11_F12	Homo sapiens	blood plasma	not applicable	1	pooled	not available	not available	not available	not available	pooled	20241206_OA3_Evo02_ViAl_SA_FAIMS40_IO32_A556_MOMI_GBGD_P11_F12_R01	proteomic profiling by mass spectrometry	1	20241206_OA3_Evo02_ViAl_SA_FAIMS40_IO32_A556_MOMI_GBGD_P11_F12_R01.raw	v1.1.0	NT=ms-proteomics;VV=v1.1.0	NT=human;VV=v1.1.0	NT=dia-acquisition;VV=v1.1.0	NT=sdrf-skills;VV=v0.2.0	Data-independent acquisition	NT=Orbitrap Astral;AC=MS:1003378	NT=Trypsin;AC=MS:1001251	NT=Lys-C;AC=MS:1001309	label free sample	1	NT=HCD;AC=MS:1000422	25% NCE	10 ppm	10 ppm	NT=Dithiothreitol (DTT);AC=PRIDE:0000608	NT=Chloroacetamide (ClAA);AC=PRIDE:0000600	NT=Carbamidomethyl;AC=UNIMOD:4;TA=C;MT=Fixed	NT=Oxidation;AC=UNIMOD:35;TA=M;MT=Variable	NT=asymmetric track lossless time-of-flight analyzer;AC=MS:1003379	MOMI GBGD	2024-12-06	380m/z-980m/z	150m/z-2000m/z	not available	not available	4
MOMI_QC_GBGD_P11_G12	Homo sapiens	blood plasma	not applicable	1	pooled	not available	not available	not available	not available	pooled	20241206_OA3_Evo02_ViAl_SA_FAIMS40_IO32_A556_MOMI_GBGD_P11_G12_R01	proteomic profiling by mass spectrometry	1	20241206_OA3_Evo02_ViAl_SA_FAIMS40_IO32_A556_MOMI_GBGD_P11_G12_R01.raw	v1.1.0	NT=ms-proteomics;VV=v1.1.0	NT=human;VV=v1.1.0	NT=dia-acquisition;VV=v1.1.0	NT=sdrf-skills;VV=v0.2.0	Data-independent acquisition	NT=Orbitrap Astral;AC=MS:1003378	NT=Trypsin;AC=MS:1001251	NT=Lys-C;AC=MS:1001309	label free sample	1	NT=HCD;AC=MS:1000422	25% NCE	10 ppm	10 ppm	NT=Dithiothreitol (DTT);AC=PRIDE:0000608	NT=Chloroacetamide (ClAA);AC=PRIDE:0000600	NT=Carbamidomethyl;AC=UNIMOD:4;TA=C;MT=Fixed	NT=Oxidation;AC=UNIMOD:35;TA=M;MT=Variable	NT=asymmetric track lossless time-of-flight analyzer;AC=MS:1003379	MOMI GBGD	2024-12-06	380m/z-980m/z	150m/z-2000m/z	not available	not available	4
MOMI_QC_GBGD_P11_H12	Homo sapiens	blood plasma	not applicable	1	pooled	not available	not available	not available	not available	pooled	20241206_OA3_Evo02_ViAl_SA_FAIMS40_IO32_A556_MOMI_GBGD_P11_H12_R01	proteomic profiling by mass spectrometry	1	20241206_OA3_Evo02_ViAl_SA_FAIMS40_IO32_A556_MOMI_GBGD_P11_H12_R01.raw	v1.1.0	NT=ms-proteomics;VV=v1.1.0	NT=human;VV=v1.1.0	NT=dia-acquisition;VV=v1.1.0	NT=sdrf-skills;VV=v0.2.0	Data-independent acquisition	NT=Orbitrap Astral;AC=MS:1003378	NT=Trypsin;AC=MS:1001251	NT=Lys-C;AC=MS:1001309	label free sample	1	NT=HCD;AC=MS:1000422	25% NCE	10 ppm	10 ppm	NT=Dithiothreitol (DTT);AC=PRIDE:0000608	NT=Chloroacetamide (ClAA);AC=PRIDE:0000600	NT=Carbamidomethyl;AC=UNIMOD:4;TA=C;MT=Fixed	NT=Oxidation;AC=UNIMOD:35;TA=M;MT=Variable	NT=asymmetric track lossless time-of-flight analyzer;AC=MS:1003379	MOMI GBGD	2024-12-06	380m/z-980m/z	150m/z-2000m/z	not available	not available	4
MOMI_QC_GBGD_P12_E12	Homo sapiens	blood plasma	not applicable	1	pooled	not available	not available	not available	not available	pooled	20241206_OA3_Evo02_ViAl_SA_FAIMS40_IO32_A556_MOMI_GBGD_P12_E12_R01	proteomic profiling by mass spectrometry	1	20241206_OA3_Evo02_ViAl_SA_FAIMS40_IO32_A556_MOMI_GBGD_P12_E12_R01.raw	v1.1.0	NT=ms-proteomics;VV=v1.1.0	NT=human;VV=v1.1.0	NT=dia-acquisition;VV=v1.1.0	NT=sdrf-skills;VV=v0.2.0	Data-independent acquisition	NT=Orbitrap Astral;AC=MS:1003378	NT=Trypsin;AC=MS:1001251	NT=Lys-C;AC=MS:1001309	label free sample	1	NT=HCD;AC=MS:1000422	25% NCE	10 ppm	10 ppm	NT=Dithiothreitol (DTT);AC=PRIDE:0000608	NT=Chloroacetamide (ClAA);AC=PRIDE:0000600	NT=Carbamidomethyl;AC=UNIMOD:4;TA=C;MT=Fixed	NT=Oxidation;AC=UNIMOD:35;TA=M;MT=Variable	NT=asymmetric track lossless time-of-flight analyzer;AC=MS:1003379	MOMI GBGD	2024-12-06	380m/z-980m/z	150m/z-2000m/z	not available	not available	4
MOMI_QC_GBGD_P12_F12	Homo sapiens	blood plasma	not applicable	1	pooled	not available	not available	not available	not available	pooled	20241206_OA3_Evo02_ViAl_SA_FAIMS40_IO32_A556_MOMI_GBGD_P12_F12_R01	proteomic profiling by mass spectrometry	1	20241206_OA3_Evo02_ViAl_SA_FAIMS40_IO32_A556_MOMI_GBGD_P12_F12_R01.raw	v1.1.0	NT=ms-proteomics;VV=v1.1.0	NT=human;VV=v1.1.0	NT=dia-acquisition;VV=v1.1.0	NT=sdrf-skills;VV=v0.2.0	Data-independent acquisition	NT=Orbitrap Astral;AC=MS:1003378	NT=Trypsin;AC=MS:1001251	NT=Lys-C;AC=MS:1001309	label free sample	1	NT=HCD;AC=MS:1000422	25% NCE	10 ppm	10 ppm	NT=Dithiothreitol (DTT);AC=PRIDE:0000608	NT=Chloroacetamide (ClAA);AC=PRIDE:0000600	NT=Carbamidomethyl;AC=UNIMOD:4;TA=C;MT=Fixed	NT=Oxidation;AC=UNIMOD:35;TA=M;MT=Variable	NT=asymmetric track lossless time-of-flight analyzer;AC=MS:1003379	MOMI GBGD	2024-12-06	380m/z-980m/z	150m/z-2000m/z	not available	not available	4
MOMI_QC_GBGD_P12_G12	Homo sapiens	blood plasma	not applicable	1	pooled	not available	not available	not available	not available	pooled	20241206_OA3_Evo02_ViAl_SA_FAIMS40_IO32_A556_MOMI_GBGD_P12_G12_R01	proteomic profiling by mass spectrometry	1	20241206_OA3_Evo02_ViAl_SA_FAIMS40_IO32_A556_MOMI_GBGD_P12_G12_R01.raw	v1.1.0	NT=ms-proteomics;VV=v1.1.0	NT=human;VV=v1.1.0	NT=dia-acquisition;VV=v1.1.0	NT=sdrf-skills;VV=v0.2.0	Data-independent acquisition	NT=Orbitrap Astral;AC=MS:1003378	NT=Trypsin;AC=MS:1001251	NT=Lys-C;AC=MS:1001309	label free sample	1	NT=HCD;AC=MS:1000422	25% NCE	10 ppm	10 ppm	NT=Dithiothreitol (DTT);AC=PRIDE:0000608	NT=Chloroacetamide (ClAA);AC=PRIDE:0000600	NT=Carbamidomethyl;AC=UNIMOD:4;TA=C;MT=Fixed	NT=Oxidation;AC=UNIMOD:35;TA=M;MT=Variable	NT=asymmetric track lossless time-of-flight analyzer;AC=MS:1003379	MOMI GBGD	2024-12-06	380m/z-980m/z	150m/z-2000m/z	not available	not available	4
MOMI_QC_GBGD_P12_H12	Homo sapiens	blood plasma	not applicable	1	pooled	not available	not available	not available	not available	pooled	20241206_OA3_Evo02_ViAl_SA_FAIMS40_IO32_A556_MOMI_GBGD_P12_H12_R01	proteomic profiling by mass spectrometry	1	20241206_OA3_Evo02_ViAl_SA_FAIMS40_IO32_A556_MOMI_GBGD_P12_H12_R01.raw	v1.1.0	NT=ms-proteomics;VV=v1.1.0	NT=human;VV=v1.1.0	NT=dia-acquisition;VV=v1.1.0	NT=sdrf-skills;VV=v0.2.0	Data-independent acquisition	NT=Orbitrap Astral;AC=MS:1003378	NT=Trypsin;AC=MS:1001251	NT=Lys-C;AC=MS:1001309	label free sample	1	NT=HCD;AC=MS:1000422	25% NCE	10 ppm	10 ppm	NT=Dithiothreitol (DTT);AC=PRIDE:0000608	NT=Chloroacetamide (ClAA);AC=PRIDE:0000600	NT=Carbamidomethyl;AC=UNIMOD:4;TA=C;MT=Fixed	NT=Oxidation;AC=UNIMOD:35;TA=M;MT=Variable	NT=asymmetric track lossless time-of-flight analyzer;AC=MS:1003379	MOMI GBGD	2024-12-06	380m/z-980m/z	150m/z-2000m/z	not available	not available	4
MOMI_QC_GBGD_P13_E12	Homo sapiens	blood plasma	not applicable	1	pooled	not available	not available	not available	not available	pooled	20241206_OA3_Evo02_ViAl_SA_FAIMS40_IO32_A556_MOMI_GBGD_P13_E12_R01	proteomic profiling by mass spectrometry	1	20241206_OA3_Evo02_ViAl_SA_FAIMS40_IO32_A556_MOMI_GBGD_P13_E12_R01.raw	v1.1.0	NT=ms-proteomics;VV=v1.1.0	NT=human;VV=v1.1.0	NT=dia-acquisition;VV=v1.1.0	NT=sdrf-skills;VV=v0.2.0	Data-independent acquisition	NT=Orbitrap Astral;AC=MS:1003378	NT=Trypsin;AC=MS:1001251	NT=Lys-C;AC=MS:1001309	label free sample	1	NT=HCD;AC=MS:1000422	25% NCE	10 ppm	10 ppm	NT=Dithiothreitol (DTT);AC=PRIDE:0000608	NT=Chloroacetamide (ClAA);AC=PRIDE:0000600	NT=Carbamidomethyl;AC=UNIMOD:4;TA=C;MT=Fixed	NT=Oxidation;AC=UNIMOD:35;TA=M;MT=Variable	NT=asymmetric track lossless time-of-flight analyzer;AC=MS:1003379	MOMI GBGD	2024-12-06	380m/z-980m/z	150m/z-2000m/z	not available	not available	4
MOMI_QC_GBGD_P13_F12	Homo sapiens	blood plasma	not applicable	1	pooled	not available	not available	not available	not available	pooled	20241206_OA3_Evo02_ViAl_SA_FAIMS40_IO32_A556_MOMI_GBGD_P13_F12_R01	proteomic profiling by mass spectrometry	1	20241206_OA3_Evo02_ViAl_SA_FAIMS40_IO32_A556_MOMI_GBGD_P13_F12_R01.raw	v1.1.0	NT=ms-proteomics;VV=v1.1.0	NT=human;VV=v1.1.0	NT=dia-acquisition;VV=v1.1.0	NT=sdrf-skills;VV=v0.2.0	Data-independent acquisition	NT=Orbitrap Astral;AC=MS:1003378	NT=Trypsin;AC=MS:1001251	NT=Lys-C;AC=MS:1001309	label free sample	1	NT=HCD;AC=MS:1000422	25% NCE	10 ppm	10 ppm	NT=Dithiothreitol (DTT);AC=PRIDE:0000608	NT=Chloroacetamide (ClAA);AC=PRIDE:0000600	NT=Carbamidomethyl;AC=UNIMOD:4;TA=C;MT=Fixed	NT=Oxidation;AC=UNIMOD:35;TA=M;MT=Variable	NT=asymmetric track lossless time-of-flight analyzer;AC=MS:1003379	MOMI GBGD	2024-12-06	380m/z-980m/z	150m/z-2000m/z	not available	not available	4
MOMI_QC_GBGD_P13_G12	Homo sapiens	blood plasma	not applicable	1	pooled	not available	not available	not available	not available	pooled	20241206_OA3_Evo02_ViAl_SA_FAIMS40_IO32_A556_MOMI_GBGD_P13_G12_R01	proteomic profiling by mass spectrometry	1	20241206_OA3_Evo02_ViAl_SA_FAIMS40_IO32_A556_MOMI_GBGD_P13_G12_R01.raw	v1.1.0	NT=ms-proteomics;VV=v1.1.0	NT=human;VV=v1.1.0	NT=dia-acquisition;VV=v1.1.0	NT=sdrf-skills;VV=v0.2.0	Data-independent acquisition	NT=Orbitrap Astral;AC=MS:1003378	NT=Trypsin;AC=MS:1001251	NT=Lys-C;AC=MS:1001309	label free sample	1	NT=HCD;AC=MS:1000422	25% NCE	10 ppm	10 ppm	NT=Dithiothreitol (DTT);AC=PRIDE:0000608	NT=Chloroacetamide (ClAA);AC=PRIDE:0000600	NT=Carbamidomethyl;AC=UNIMOD:4;TA=C;MT=Fixed	NT=Oxidation;AC=UNIMOD:35;TA=M;MT=Variable	NT=asymmetric track lossless time-of-flight analyzer;AC=MS:1003379	MOMI GBGD	2024-12-06	380m/z-980m/z	150m/z-2000m/z	not available	not available	4
MOMI_QC_GBGD_P13_H12	Homo sapiens	blood plasma	not applicable	1	pooled	not available	not available	not available	not available	pooled	20241206_OA3_Evo02_ViAl_SA_FAIMS40_IO32_A556_MOMI_GBGD_P13_H12_R01	proteomic profiling by mass spectrometry	1	20241206_OA3_Evo02_ViAl_SA_FAIMS40_IO32_A556_MOMI_GBGD_P13_H12_R01.raw	v1.1.0	NT=ms-proteomics;VV=v1.1.0	NT=human;VV=v1.1.0	NT=dia-acquisition;VV=v1.1.0	NT=sdrf-skills;VV=v0.2.0	Data-independent acquisition	NT=Orbitrap Astral;AC=MS:1003378	NT=Trypsin;AC=MS:1001251	NT=Lys-C;AC=MS:1001309	label free sample	1	NT=HCD;AC=MS:1000422	25% NCE	10 ppm	10 ppm	NT=Dithiothreitol (DTT);AC=PRIDE:0000608	NT=Chloroacetamide (ClAA);AC=PRIDE:0000600	NT=Carbamidomethyl;AC=UNIMOD:4;TA=C;MT=Fixed	NT=Oxidation;AC=UNIMOD:35;TA=M;MT=Variable	NT=asymmetric track lossless time-of-flight analyzer;AC=MS:1003379	MOMI GBGD	2024-12-06	380m/z-980m/z	150m/z-2000m/z	not available	not available	4
MOMI_QC_GBGD_P14_E12	Homo sapiens	blood plasma	not applicable	1	pooled	not available	not available	not available	not available	pooled	20241206_OA3_Evo02_ViAl_SA_FAIMS40_IO32_A556_MOMI_GBGD_P14_E12_R01	proteomic profiling by mass spectrometry	1	20241206_OA3_Evo02_ViAl_SA_FAIMS40_IO32_A556_MOMI_GBGD_P14_E12_R01.raw	v1.1.0	NT=ms-proteomics;VV=v1.1.0	NT=human;VV=v1.1.0	NT=dia-acquisition;VV=v1.1.0	NT=sdrf-skills;VV=v0.2.0	Data-independent acquisition	NT=Orbitrap Astral;AC=MS:1003378	NT=Trypsin;AC=MS:1001251	NT=Lys-C;AC=MS:1001309	label free sample	1	NT=HCD;AC=MS:1000422	25% NCE	10 ppm	10 ppm	NT=Dithiothreitol (DTT);AC=PRIDE:0000608	NT=Chloroacetamide (ClAA);AC=PRIDE:0000600	NT=Carbamidomethyl;AC=UNIMOD:4;TA=C;MT=Fixed	NT=Oxidation;AC=UNIMOD:35;TA=M;MT=Variable	NT=asymmetric track lossless time-of-flight analyzer;AC=MS:1003379	MOMI GBGD	2024-12-06	380m/z-980m/z	150m/z-2000m/z	not available	not available	4
MOMI_QC_GBGD_P14_F12	Homo sapiens	blood plasma	not applicable	1	pooled	not available	not available	not available	not available	pooled	20241206_OA3_Evo02_ViAl_SA_FAIMS40_IO32_A556_MOMI_GBGD_P14_F12_R01	proteomic profiling by mass spectrometry	1	20241206_OA3_Evo02_ViAl_SA_FAIMS40_IO32_A556_MOMI_GBGD_P14_F12_R01.raw	v1.1.0	NT=ms-proteomics;VV=v1.1.0	NT=human;VV=v1.1.0	NT=dia-acquisition;VV=v1.1.0	NT=sdrf-skills;VV=v0.2.0	Data-independent acquisition	NT=Orbitrap Astral;AC=MS:1003378	NT=Trypsin;AC=MS:1001251	NT=Lys-C;AC=MS:1001309	label free sample	1	NT=HCD;AC=MS:1000422	25% NCE	10 ppm	10 ppm	NT=Dithiothreitol (DTT);AC=PRIDE:0000608	NT=Chloroacetamide (ClAA);AC=PRIDE:0000600	NT=Carbamidomethyl;AC=UNIMOD:4;TA=C;MT=Fixed	NT=Oxidation;AC=UNIMOD:35;TA=M;MT=Variable	NT=asymmetric track lossless time-of-flight analyzer;AC=MS:1003379	MOMI GBGD	2024-12-06	380m/z-980m/z	150m/z-2000m/z	not available	not available	4
MOMI_QC_GBGD_P14_G12	Homo sapiens	blood plasma	not applicable	1	pooled	not available	not available	not available	not available	pooled	20241206_OA3_Evo02_ViAl_SA_FAIMS40_IO32_A556_MOMI_GBGD_P14_G12_R01	proteomic profiling by mass spectrometry	1	20241206_OA3_Evo02_ViAl_SA_FAIMS40_IO32_A556_MOMI_GBGD_P14_G12_R01.raw	v1.1.0	NT=ms-proteomics;VV=v1.1.0	NT=human;VV=v1.1.0	NT=dia-acquisition;VV=v1.1.0	NT=sdrf-skills;VV=v0.2.0	Data-independent acquisition	NT=Orbitrap Astral;AC=MS:1003378	NT=Trypsin;AC=MS:1001251	NT=Lys-C;AC=MS:1001309	label free sample	1	NT=HCD;AC=MS:1000422	25% NCE	10 ppm	10 ppm	NT=Dithiothreitol (DTT);AC=PRIDE:0000608	NT=Chloroacetamide (ClAA);AC=PRIDE:0000600	NT=Carbamidomethyl;AC=UNIMOD:4;TA=C;MT=Fixed	NT=Oxidation;AC=UNIMOD:35;TA=M;MT=Variable	NT=asymmetric track lossless time-of-flight analyzer;AC=MS:1003379	MOMI GBGD	2024-12-06	380m/z-980m/z	150m/z-2000m/z	not available	not available	4
MOMI_QC_GBGD_P14_H12	Homo sapiens	blood plasma	not applicable	1	pooled	not available	not available	not available	not available	pooled	20241206_OA3_Evo02_ViAl_SA_FAIMS40_IO32_A556_MOMI_GBGD_P14_H12_R01	proteomic profiling by mass spectrometry	1	20241206_OA3_Evo02_ViAl_SA_FAIMS40_IO32_A556_MOMI_GBGD_P14_H12_R01.raw	v1.1.0	NT=ms-proteomics;VV=v1.1.0	NT=human;VV=v1.1.0	NT=dia-acquisition;VV=v1.1.0	NT=sdrf-skills;VV=v0.2.0	Data-independent acquisition	NT=Orbitrap Astral;AC=MS:1003378	NT=Trypsin;AC=MS:1001251	NT=Lys-C;AC=MS:1001309	label free sample	1	NT=HCD;AC=MS:1000422	25% NCE	10 ppm	10 ppm	NT=Dithiothreitol (DTT);AC=PRIDE:0000608	NT=Chloroacetamide (ClAA);AC=PRIDE:0000600	NT=Carbamidomethyl;AC=UNIMOD:4;TA=C;MT=Fixed	NT=Oxidation;AC=UNIMOD:35;TA=M;MT=Variable	NT=asymmetric track lossless time-of-flight analyzer;AC=MS:1003379	MOMI GBGD	2024-12-06	380m/z-980m/z	150m/z-2000m/z	not available	not available	4
MOMI_QC_GBGD_P15_E12	Homo sapiens	blood plasma	not applicable	1	pooled	not available	not available	not available	not available	pooled	20241206_OA3_Evo02_ViAl_SA_FAIMS40_IO32_A556_MOMI_GBGD_P15_E12_R01	proteomic profiling by mass spectrometry	1	20241206_OA3_Evo02_ViAl_SA_FAIMS40_IO32_A556_MOMI_GBGD_P15_E12_R01.raw	v1.1.0	NT=ms-proteomics;VV=v1.1.0	NT=human;VV=v1.1.0	NT=dia-acquisition;VV=v1.1.0	NT=sdrf-skills;VV=v0.2.0	Data-independent acquisition	NT=Orbitrap Astral;AC=MS:1003378	NT=Trypsin;AC=MS:1001251	NT=Lys-C;AC=MS:1001309	label free sample	1	NT=HCD;AC=MS:1000422	25% NCE	10 ppm	10 ppm	NT=Dithiothreitol (DTT);AC=PRIDE:0000608	NT=Chloroacetamide (ClAA);AC=PRIDE:0000600	NT=Carbamidomethyl;AC=UNIMOD:4;TA=C;MT=Fixed	NT=Oxidation;AC=UNIMOD:35;TA=M;MT=Variable	NT=asymmetric track lossless time-of-flight analyzer;AC=MS:1003379	MOMI GBGD	2024-12-06	380m/z-980m/z	150m/z-2000m/z	not available	not available	4
MOMI_QC_GBGD_P15_F12	Homo sapiens	blood plasma	not applicable	1	pooled	not available	not available	not available	not available	pooled	20241206_OA3_Evo02_ViAl_SA_FAIMS40_IO32_A556_MOMI_GBGD_P15_F12_R01	proteomic profiling by mass spectrometry	1	20241206_OA3_Evo02_ViAl_SA_FAIMS40_IO32_A556_MOMI_GBGD_P15_F12_R01.raw	v1.1.0	NT=ms-proteomics;VV=v1.1.0	NT=human;VV=v1.1.0	NT=dia-acquisition;VV=v1.1.0	NT=sdrf-skills;VV=v0.2.0	Data-independent acquisition	NT=Orbitrap Astral;AC=MS:1003378	NT=Trypsin;AC=MS:1001251	NT=Lys-C;AC=MS:1001309	label free sample	1	NT=HCD;AC=MS:1000422	25% NCE	10 ppm	10 ppm	NT=Dithiothreitol (DTT);AC=PRIDE:0000608	NT=Chloroacetamide (ClAA);AC=PRIDE:0000600	NT=Carbamidomethyl;AC=UNIMOD:4;TA=C;MT=Fixed	NT=Oxidation;AC=UNIMOD:35;TA=M;MT=Variable	NT=asymmetric track lossless time-of-flight analyzer;AC=MS:1003379	MOMI GBGD	2024-12-06	380m/z-980m/z	150m/z-2000m/z	not available	not available	4
MOMI_QC_GBGD_P15_G12	Homo sapiens	blood plasma	not applicable	1	pooled	not available	not available	not available	not available	pooled	20241206_OA3_Evo02_ViAl_SA_FAIMS40_IO32_A556_MOMI_GBGD_P15_G12_R01	proteomic profiling by mass spectrometry	1	20241206_OA3_Evo02_ViAl_SA_FAIMS40_IO32_A556_MOMI_GBGD_P15_G12_R01.raw	v1.1.0	NT=ms-proteomics;VV=v1.1.0	NT=human;VV=v1.1.0	NT=dia-acquisition;VV=v1.1.0	NT=sdrf-skills;VV=v0.2.0	Data-independent acquisition	NT=Orbitrap Astral;AC=MS:1003378	NT=Trypsin;AC=MS:1001251	NT=Lys-C;AC=MS:1001309	label free sample	1	NT=HCD;AC=MS:1000422	25% NCE	10 ppm	10 ppm	NT=Dithiothreitol (DTT);AC=PRIDE:0000608	NT=Chloroacetamide (ClAA);AC=PRIDE:0000600	NT=Carbamidomethyl;AC=UNIMOD:4;TA=C;MT=Fixed	NT=Oxidation;AC=UNIMOD:35;TA=M;MT=Variable	NT=asymmetric track lossless time-of-flight analyzer;AC=MS:1003379	MOMI GBGD	2024-12-06	380m/z-980m/z	150m/z-2000m/z	not available	not available	4
MOMI_QC_GBGD_P15_H12	Homo sapiens	blood plasma	not applicable	1	pooled	not available	not available	not available	not available	pooled	20241206_OA3_Evo02_ViAl_SA_FAIMS40_IO32_A556_MOMI_GBGD_P15_H12_R01	proteomic profiling by mass spectrometry	1	20241206_OA3_Evo02_ViAl_SA_FAIMS40_IO32_A556_MOMI_GBGD_P15_H12_R01.raw	v1.1.0	NT=ms-proteomics;VV=v1.1.0	NT=human;VV=v1.1.0	NT=dia-acquisition;VV=v1.1.0	NT=sdrf-skills;VV=v0.2.0	Data-independent acquisition	NT=Orbitrap Astral;AC=MS:1003378	NT=Trypsin;AC=MS:1001251	NT=Lys-C;AC=MS:1001309	label free sample	1	NT=HCD;AC=MS:1000422	25% NCE	10 ppm	10 ppm	NT=Dithiothreitol (DTT);AC=PRIDE:0000608	NT=Chloroacetamide (ClAA);AC=PRIDE:0000600	NT=Carbamidomethyl;AC=UNIMOD:4;TA=C;MT=Fixed	NT=Oxidation;AC=UNIMOD:35;TA=M;MT=Variable	NT=asymmetric track lossless time-of-flight analyzer;AC=MS:1003379	MOMI GBGD	2024-12-06	380m/z-980m/z	150m/z-2000m/z	not available	not available	4
MOMI_QC_GBGD_P16_E12	Homo sapiens	blood plasma	not applicable	1	pooled	not available	not available	not available	not available	pooled	20241206_OA3_Evo02_ViAl_SA_FAIMS40_IO32_A556_MOMI_GBGD_P16_E12_R01	proteomic profiling by mass spectrometry	1	20241206_OA3_Evo02_ViAl_SA_FAIMS40_IO32_A556_MOMI_GBGD_P16_E12_R01.raw	v1.1.0	NT=ms-proteomics;VV=v1.1.0	NT=human;VV=v1.1.0	NT=dia-acquisition;VV=v1.1.0	NT=sdrf-skills;VV=v0.2.0	Data-independent acquisition	NT=Orbitrap Astral;AC=MS:1003378	NT=Trypsin;AC=MS:1001251	NT=Lys-C;AC=MS:1001309	label free sample	1	NT=HCD;AC=MS:1000422	25% NCE	10 ppm	10 ppm	NT=Dithiothreitol (DTT);AC=PRIDE:0000608	NT=Chloroacetamide (ClAA);AC=PRIDE:0000600	NT=Carbamidomethyl;AC=UNIMOD:4;TA=C;MT=Fixed	NT=Oxidation;AC=UNIMOD:35;TA=M;MT=Variable	NT=asymmetric track lossless time-of-flight analyzer;AC=MS:1003379	MOMI GBGD	2024-12-06	380m/z-980m/z	150m/z-2000m/z	not available	not available	4
MOMI_QC_GBGD_P16_F12	Homo sapiens	blood plasma	not applicable	1	pooled	not available	not available	not available	not available	pooled	20241206_OA3_Evo02_ViAl_SA_FAIMS40_IO32_A556_MOMI_GBGD_P16_F12_R01	proteomic profiling by mass spectrometry	1	20241206_OA3_Evo02_ViAl_SA_FAIMS40_IO32_A556_MOMI_GBGD_P16_F12_R01.raw	v1.1.0	NT=ms-proteomics;VV=v1.1.0	NT=human;VV=v1.1.0	NT=dia-acquisition;VV=v1.1.0	NT=sdrf-skills;VV=v0.2.0	Data-independent acquisition	NT=Orbitrap Astral;AC=MS:1003378	NT=Trypsin;AC=MS:1001251	NT=Lys-C;AC=MS:1001309	label free sample	1	NT=HCD;AC=MS:1000422	25% NCE	10 ppm	10 ppm	NT=Dithiothreitol (DTT);AC=PRIDE:0000608	NT=Chloroacetamide (ClAA);AC=PRIDE:0000600	NT=Carbamidomethyl;AC=UNIMOD:4;TA=C;MT=Fixed	NT=Oxidation;AC=UNIMOD:35;TA=M;MT=Variable	NT=asymmetric track lossless time-of-flight analyzer;AC=MS:1003379	MOMI GBGD	2024-12-06	380m/z-980m/z	150m/z-2000m/z	not available	not available	4
MOMI_QC_GBGD_P16_G12	Homo sapiens	blood plasma	not applicable	1	pooled	not available	not available	not available	not available	pooled	20241206_OA3_Evo02_ViAl_SA_FAIMS40_IO32_A556_MOMI_GBGD_P16_G12_R01	proteomic profiling by mass spectrometry	1	20241206_OA3_Evo02_ViAl_SA_FAIMS40_IO32_A556_MOMI_GBGD_P16_G12_R01.raw	v1.1.0	NT=ms-proteomics;VV=v1.1.0	NT=human;VV=v1.1.0	NT=dia-acquisition;VV=v1.1.0	NT=sdrf-skills;VV=v0.2.0	Data-independent acquisition	NT=Orbitrap Astral;AC=MS:1003378	NT=Trypsin;AC=MS:1001251	NT=Lys-C;AC=MS:1001309	label free sample	1	NT=HCD;AC=MS:1000422	25% NCE	10 ppm	10 ppm	NT=Dithiothreitol (DTT);AC=PRIDE:0000608	NT=Chloroacetamide (ClAA);AC=PRIDE:0000600	NT=Carbamidomethyl;AC=UNIMOD:4;TA=C;MT=Fixed	NT=Oxidation;AC=UNIMOD:35;TA=M;MT=Variable	NT=asymmetric track lossless time-of-flight analyzer;AC=MS:1003379	MOMI GBGD	2024-12-06	380m/z-980m/z	150m/z-2000m/z	not available	not available	4
MOMI_QC_GBGD_P16_H12	Homo sapiens	blood plasma	not applicable	1	pooled	not available	not available	not available	not available	pooled	20241206_OA3_Evo02_ViAl_SA_FAIMS40_IO32_A556_MOMI_GBGD_P16_H12_R01	proteomic profiling by mass spectrometry	1	20241206_OA3_Evo02_ViAl_SA_FAIMS40_IO32_A556_MOMI_GBGD_P16_H12_R01.raw	v1.1.0	NT=ms-proteomics;VV=v1.1.0	NT=human;VV=v1.1.0	NT=dia-acquisition;VV=v1.1.0	NT=sdrf-skills;VV=v0.2.0	Data-independent acquisition	NT=Orbitrap Astral;AC=MS:1003378	NT=Trypsin;AC=MS:1001251	NT=Lys-C;AC=MS:1001309	label free sample	1	NT=HCD;AC=MS:1000422	25% NCE	10 ppm	10 ppm	NT=Dithiothreitol (DTT);AC=PRIDE:0000608	NT=Chloroacetamide (ClAA);AC=PRIDE:0000600	NT=Carbamidomethyl;AC=UNIMOD:4;TA=C;MT=Fixed	NT=Oxidation;AC=UNIMOD:35;TA=M;MT=Variable	NT=asymmetric track lossless time-of-flight analyzer;AC=MS:1003379	MOMI GBGD	2024-12-06	380m/z-980m/z	150m/z-2000m/z	not available	not available	4
MOMI_QC_GBGD_P17_E12	Homo sapiens	blood plasma	not applicable	1	pooled	not available	not available	not available	not available	pooled	20241213_OA3_Evo02_ViAl_SA_FAIMS40_IO32_A556_MOMI_GBGD_P17_E12_R01	proteomic profiling by mass spectrometry	1	20241213_OA3_Evo02_ViAl_SA_FAIMS40_IO32_A556_MOMI_GBGD_P17_E12_R01.raw	v1.1.0	NT=ms-proteomics;VV=v1.1.0	NT=human;VV=v1.1.0	NT=dia-acquisition;VV=v1.1.0	NT=sdrf-skills;VV=v0.2.0	Data-independent acquisition	NT=Orbitrap Astral;AC=MS:1003378	NT=Trypsin;AC=MS:1001251	NT=Lys-C;AC=MS:1001309	label free sample	1	NT=HCD;AC=MS:1000422	25% NCE	10 ppm	10 ppm	NT=Dithiothreitol (DTT);AC=PRIDE:0000608	NT=Chloroacetamide (ClAA);AC=PRIDE:0000600	NT=Carbamidomethyl;AC=UNIMOD:4;TA=C;MT=Fixed	NT=Oxidation;AC=UNIMOD:35;TA=M;MT=Variable	NT=asymmetric track lossless time-of-flight analyzer;AC=MS:1003379	MOMI GBGD	2024-12-13	380m/z-980m/z	150m/z-2000m/z	not available	not available	4
MOMI_QC_GBGD_P17_F12	Homo sapiens	blood plasma	not applicable	1	pooled	not available	not available	not available	not available	pooled	20241213_OA3_Evo02_ViAl_SA_FAIMS40_IO32_A556_MOMI_GBGD_P17_F12_R01	proteomic profiling by mass spectrometry	1	20241213_OA3_Evo02_ViAl_SA_FAIMS40_IO32_A556_MOMI_GBGD_P17_F12_R01.raw	v1.1.0	NT=ms-proteomics;VV=v1.1.0	NT=human;VV=v1.1.0	NT=dia-acquisition;VV=v1.1.0	NT=sdrf-skills;VV=v0.2.0	Data-independent acquisition	NT=Orbitrap Astral;AC=MS:1003378	NT=Trypsin;AC=MS:1001251	NT=Lys-C;AC=MS:1001309	label free sample	1	NT=HCD;AC=MS:1000422	25% NCE	10 ppm	10 ppm	NT=Dithiothreitol (DTT);AC=PRIDE:0000608	NT=Chloroacetamide (ClAA);AC=PRIDE:0000600	NT=Carbamidomethyl;AC=UNIMOD:4;TA=C;MT=Fixed	NT=Oxidation;AC=UNIMOD:35;TA=M;MT=Variable	NT=asymmetric track lossless time-of-flight analyzer;AC=MS:1003379	MOMI GBGD	2024-12-13	380m/z-980m/z	150m/z-2000m/z	not available	not available	4
MOMI_QC_GBGD_P17_G12	Homo sapiens	blood plasma	not applicable	1	pooled	not available	not available	not available	not available	pooled	20241213_OA3_Evo02_ViAl_SA_FAIMS40_IO32_A556_MOMI_GBGD_P17_G12_R01	proteomic profiling by mass spectrometry	1	20241213_OA3_Evo02_ViAl_SA_FAIMS40_IO32_A556_MOMI_GBGD_P17_G12_R01.raw	v1.1.0	NT=ms-proteomics;VV=v1.1.0	NT=human;VV=v1.1.0	NT=dia-acquisition;VV=v1.1.0	NT=sdrf-skills;VV=v0.2.0	Data-independent acquisition	NT=Orbitrap Astral;AC=MS:1003378	NT=Trypsin;AC=MS:1001251	NT=Lys-C;AC=MS:1001309	label free sample	1	NT=HCD;AC=MS:1000422	25% NCE	10 ppm	10 ppm	NT=Dithiothreitol (DTT);AC=PRIDE:0000608	NT=Chloroacetamide (ClAA);AC=PRIDE:0000600	NT=Carbamidomethyl;AC=UNIMOD:4;TA=C;MT=Fixed	NT=Oxidation;AC=UNIMOD:35;TA=M;MT=Variable	NT=asymmetric track lossless time-of-flight analyzer;AC=MS:1003379	MOMI GBGD	2024-12-13	380m/z-980m/z	150m/z-2000m/z	not available	not available	4
MOMI_QC_GBGD_P17_H12	Homo sapiens	blood plasma	not applicable	1	pooled	not available	not available	not available	not available	pooled	20241213_OA3_Evo02_ViAl_SA_FAIMS40_IO32_A556_MOMI_GBGD_P17_H12_R01	proteomic profiling by mass spectrometry	1	20241213_OA3_Evo02_ViAl_SA_FAIMS40_IO32_A556_MOMI_GBGD_P17_H12_R01.raw	v1.1.0	NT=ms-proteomics;VV=v1.1.0	NT=human;VV=v1.1.0	NT=dia-acquisition;VV=v1.1.0	NT=sdrf-skills;VV=v0.2.0	Data-independent acquisition	NT=Orbitrap Astral;AC=MS:1003378	NT=Trypsin;AC=MS:1001251	NT=Lys-C;AC=MS:1001309	label free sample	1	NT=HCD;AC=MS:1000422	25% NCE	10 ppm	10 ppm	NT=Dithiothreitol (DTT);AC=PRIDE:0000608	NT=Chloroacetamide (ClAA);AC=PRIDE:0000600	NT=Carbamidomethyl;AC=UNIMOD:4;TA=C;MT=Fixed	NT=Oxidation;AC=UNIMOD:35;TA=M;MT=Variable	NT=asymmetric track lossless time-of-flight analyzer;AC=MS:1003379	MOMI GBGD	2024-12-13	380m/z-980m/z	150m/z-2000m/z	not available	not available	4
MOMI_QC_GBGD_P18_E12	Homo sapiens	blood plasma	not applicable	1	pooled	not available	not available	not available	not available	pooled	20241213_OA3_Evo02_ViAl_SA_FAIMS40_IO32_A556_MOMI_GBGD_P18_E12_R01	proteomic profiling by mass spectrometry	1	20241213_OA3_Evo02_ViAl_SA_FAIMS40_IO32_A556_MOMI_GBGD_P18_E12_R01.raw	v1.1.0	NT=ms-proteomics;VV=v1.1.0	NT=human;VV=v1.1.0	NT=dia-acquisition;VV=v1.1.0	NT=sdrf-skills;VV=v0.2.0	Data-independent acquisition	NT=Orbitrap Astral;AC=MS:1003378	NT=Trypsin;AC=MS:1001251	NT=Lys-C;AC=MS:1001309	label free sample	1	NT=HCD;AC=MS:1000422	25% NCE	10 ppm	10 ppm	NT=Dithiothreitol (DTT);AC=PRIDE:0000608	NT=Chloroacetamide (ClAA);AC=PRIDE:0000600	NT=Carbamidomethyl;AC=UNIMOD:4;TA=C;MT=Fixed	NT=Oxidation;AC=UNIMOD:35;TA=M;MT=Variable	NT=asymmetric track lossless time-of-flight analyzer;AC=MS:1003379	MOMI GBGD	2024-12-13	380m/z-980m/z	150m/z-2000m/z	not available	not available	4
MOMI_QC_GBGD_P18_F12	Homo sapiens	blood plasma	not applicable	1	pooled	not available	not available	not available	not available	pooled	20241213_OA3_Evo02_ViAl_SA_FAIMS40_IO32_A556_MOMI_GBGD_P18_F12_R01	proteomic profiling by mass spectrometry	1	20241213_OA3_Evo02_ViAl_SA_FAIMS40_IO32_A556_MOMI_GBGD_P18_F12_R01.raw	v1.1.0	NT=ms-proteomics;VV=v1.1.0	NT=human;VV=v1.1.0	NT=dia-acquisition;VV=v1.1.0	NT=sdrf-skills;VV=v0.2.0	Data-independent acquisition	NT=Orbitrap Astral;AC=MS:1003378	NT=Trypsin;AC=MS:1001251	NT=Lys-C;AC=MS:1001309	label free sample	1	NT=HCD;AC=MS:1000422	25% NCE	10 ppm	10 ppm	NT=Dithiothreitol (DTT);AC=PRIDE:0000608	NT=Chloroacetamide (ClAA);AC=PRIDE:0000600	NT=Carbamidomethyl;AC=UNIMOD:4;TA=C;MT=Fixed	NT=Oxidation;AC=UNIMOD:35;TA=M;MT=Variable	NT=asymmetric track lossless time-of-flight analyzer;AC=MS:1003379	MOMI GBGD	2024-12-13	380m/z-980m/z	150m/z-2000m/z	not available	not available	4
MOMI_QC_GBGD_P18_G12	Homo sapiens	blood plasma	not applicable	1	pooled	not available	not available	not available	not available	pooled	20241213_OA3_Evo02_ViAl_SA_FAIMS40_IO32_A556_MOMI_GBGD_P18_G12_R01	proteomic profiling by mass spectrometry	1	20241213_OA3_Evo02_ViAl_SA_FAIMS40_IO32_A556_MOMI_GBGD_P18_G12_R01.raw	v1.1.0	NT=ms-proteomics;VV=v1.1.0	NT=human;VV=v1.1.0	NT=dia-acquisition;VV=v1.1.0	NT=sdrf-skills;VV=v0.2.0	Data-independent acquisition	NT=Orbitrap Astral;AC=MS:1003378	NT=Trypsin;AC=MS:1001251	NT=Lys-C;AC=MS:1001309	label free sample	1	NT=HCD;AC=MS:1000422	25% NCE	10 ppm	10 ppm	NT=Dithiothreitol (DTT);AC=PRIDE:0000608	NT=Chloroacetamide (ClAA);AC=PRIDE:0000600	NT=Carbamidomethyl;AC=UNIMOD:4;TA=C;MT=Fixed	NT=Oxidation;AC=UNIMOD:35;TA=M;MT=Variable	NT=asymmetric track lossless time-of-flight analyzer;AC=MS:1003379	MOMI GBGD	2024-12-13	380m/z-980m/z	150m/z-2000m/z	not available	not available	4
MOMI_QC_GBGD_P18_H12	Homo sapiens	blood plasma	not applicable	1	pooled	not available	not available	not available	not available	pooled	20241213_OA3_Evo02_ViAl_SA_FAIMS40_IO32_A556_MOMI_GBGD_P18_H12_R01	proteomic profiling by mass spectrometry	1	20241213_OA3_Evo02_ViAl_SA_FAIMS40_IO32_A556_MOMI_GBGD_P18_H12_R01.raw	v1.1.0	NT=ms-proteomics;VV=v1.1.0	NT=human;VV=v1.1.0	NT=dia-acquisition;VV=v1.1.0	NT=sdrf-skills;VV=v0.2.0	Data-independent acquisition	NT=Orbitrap Astral;AC=MS:1003378	NT=Trypsin;AC=MS:1001251	NT=Lys-C;AC=MS:1001309	label free sample	1	NT=HCD;AC=MS:1000422	25% NCE	10 ppm	10 ppm	NT=Dithiothreitol (DTT);AC=PRIDE:0000608	NT=Chloroacetamide (ClAA);AC=PRIDE:0000600	NT=Carbamidomethyl;AC=UNIMOD:4;TA=C;MT=Fixed	NT=Oxidation;AC=UNIMOD:35;TA=M;MT=Variable	NT=asymmetric track lossless time-of-flight analyzer;AC=MS:1003379	MOMI GBGD	2024-12-13	380m/z-980m/z	150m/z-2000m/z	not available	not available	4
MOMI_QC_GBGD_P19_E12	Homo sapiens	blood plasma	not applicable	1	pooled	not available	not available	not available	not available	pooled	20241213_OA3_Evo02_ViAl_SA_FAIMS40_IO32_A556_MOMI_GBGD_P19_E12_R01	proteomic profiling by mass spectrometry	1	20241213_OA3_Evo02_ViAl_SA_FAIMS40_IO32_A556_MOMI_GBGD_P19_E12_R01.raw	v1.1.0	NT=ms-proteomics;VV=v1.1.0	NT=human;VV=v1.1.0	NT=dia-acquisition;VV=v1.1.0	NT=sdrf-skills;VV=v0.2.0	Data-independent acquisition	NT=Orbitrap Astral;AC=MS:1003378	NT=Trypsin;AC=MS:1001251	NT=Lys-C;AC=MS:1001309	label free sample	1	NT=HCD;AC=MS:1000422	25% NCE	10 ppm	10 ppm	NT=Dithiothreitol (DTT);AC=PRIDE:0000608	NT=Chloroacetamide (ClAA);AC=PRIDE:0000600	NT=Carbamidomethyl;AC=UNIMOD:4;TA=C;MT=Fixed	NT=Oxidation;AC=UNIMOD:35;TA=M;MT=Variable	NT=asymmetric track lossless time-of-flight analyzer;AC=MS:1003379	MOMI GBGD	2024-12-13	380m/z-980m/z	150m/z-2000m/z	not available	not available	4
MOMI_QC_GBGD_P19_F12	Homo sapiens	blood plasma	not applicable	1	pooled	not available	not available	not available	not available	pooled	20241213_OA3_Evo02_ViAl_SA_FAIMS40_IO32_A556_MOMI_GBGD_P19_F12_R01	proteomic profiling by mass spectrometry	1	20241213_OA3_Evo02_ViAl_SA_FAIMS40_IO32_A556_MOMI_GBGD_P19_F12_R01.raw	v1.1.0	NT=ms-proteomics;VV=v1.1.0	NT=human;VV=v1.1.0	NT=dia-acquisition;VV=v1.1.0	NT=sdrf-skills;VV=v0.2.0	Data-independent acquisition	NT=Orbitrap Astral;AC=MS:1003378	NT=Trypsin;AC=MS:1001251	NT=Lys-C;AC=MS:1001309	label free sample	1	NT=HCD;AC=MS:1000422	25% NCE	10 ppm	10 ppm	NT=Dithiothreitol (DTT);AC=PRIDE:0000608	NT=Chloroacetamide (ClAA);AC=PRIDE:0000600	NT=Carbamidomethyl;AC=UNIMOD:4;TA=C;MT=Fixed	NT=Oxidation;AC=UNIMOD:35;TA=M;MT=Variable	NT=asymmetric track lossless time-of-flight analyzer;AC=MS:1003379	MOMI GBGD	2024-12-13	380m/z-980m/z	150m/z-2000m/z	not available	not available	4
MOMI_QC_GBGD_P19_G12	Homo sapiens	blood plasma	not applicable	1	pooled	not available	not available	not available	not available	pooled	20241213_OA3_Evo02_ViAl_SA_FAIMS40_IO32_A556_MOMI_GBGD_P19_G12_R01	proteomic profiling by mass spectrometry	1	20241213_OA3_Evo02_ViAl_SA_FAIMS40_IO32_A556_MOMI_GBGD_P19_G12_R01.raw	v1.1.0	NT=ms-proteomics;VV=v1.1.0	NT=human;VV=v1.1.0	NT=dia-acquisition;VV=v1.1.0	NT=sdrf-skills;VV=v0.2.0	Data-independent acquisition	NT=Orbitrap Astral;AC=MS:1003378	NT=Trypsin;AC=MS:1001251	NT=Lys-C;AC=MS:1001309	label free sample	1	NT=HCD;AC=MS:1000422	25% NCE	10 ppm	10 ppm	NT=Dithiothreitol (DTT);AC=PRIDE:0000608	NT=Chloroacetamide (ClAA);AC=PRIDE:0000600	NT=Carbamidomethyl;AC=UNIMOD:4;TA=C;MT=Fixed	NT=Oxidation;AC=UNIMOD:35;TA=M;MT=Variable	NT=asymmetric track lossless time-of-flight analyzer;AC=MS:1003379	MOMI GBGD	2024-12-13	380m/z-980m/z	150m/z-2000m/z	not available	not available	4
MOMI_QC_GBGD_P19_H12	Homo sapiens	blood plasma	not applicable	1	pooled	not available	not available	not available	not available	pooled	20241213_OA3_Evo02_ViAl_SA_FAIMS40_IO32_A556_MOMI_GBGD_P19_H12_R01	proteomic profiling by mass spectrometry	1	20241213_OA3_Evo02_ViAl_SA_FAIMS40_IO32_A556_MOMI_GBGD_P19_H12_R01.raw	v1.1.0	NT=ms-proteomics;VV=v1.1.0	NT=human;VV=v1.1.0	NT=dia-acquisition;VV=v1.1.0	NT=sdrf-skills;VV=v0.2.0	Data-independent acquisition	NT=Orbitrap Astral;AC=MS:1003378	NT=Trypsin;AC=MS:1001251	NT=Lys-C;AC=MS:1001309	label free sample	1	NT=HCD;AC=MS:1000422	25% NCE	10 ppm	10 ppm	NT=Dithiothreitol (DTT);AC=PRIDE:0000608	NT=Chloroacetamide (ClAA);AC=PRIDE:0000600	NT=Carbamidomethyl;AC=UNIMOD:4;TA=C;MT=Fixed	NT=Oxidation;AC=UNIMOD:35;TA=M;MT=Variable	NT=asymmetric track lossless time-of-flight analyzer;AC=MS:1003379	MOMI GBGD	2024-12-13	380m/z-980m/z	150m/z-2000m/z	not available	not available	4
MOMI_QC_GBGD_P20_E12	Homo sapiens	blood plasma	not applicable	1	pooled	not available	not available	not available	not available	pooled	20241213_OA3_Evo02_ViAl_SA_FAIMS40_IO32_A556_MOMI_GBGD_P20_E12_R01	proteomic profiling by mass spectrometry	1	20241213_OA3_Evo02_ViAl_SA_FAIMS40_IO32_A556_MOMI_GBGD_P20_E12_R01.raw	v1.1.0	NT=ms-proteomics;VV=v1.1.0	NT=human;VV=v1.1.0	NT=dia-acquisition;VV=v1.1.0	NT=sdrf-skills;VV=v0.2.0	Data-independent acquisition	NT=Orbitrap Astral;AC=MS:1003378	NT=Trypsin;AC=MS:1001251	NT=Lys-C;AC=MS:1001309	label free sample	1	NT=HCD;AC=MS:1000422	25% NCE	10 ppm	10 ppm	NT=Dithiothreitol (DTT);AC=PRIDE:0000608	NT=Chloroacetamide (ClAA);AC=PRIDE:0000600	NT=Carbamidomethyl;AC=UNIMOD:4;TA=C;MT=Fixed	NT=Oxidation;AC=UNIMOD:35;TA=M;MT=Variable	NT=asymmetric track lossless time-of-flight analyzer;AC=MS:1003379	MOMI GBGD	2024-12-13	380m/z-980m/z	150m/z-2000m/z	not available	not available	4
MOMI_QC_GBGD_P20_F12	Homo sapiens	blood plasma	not applicable	1	pooled	not available	not available	not available	not available	pooled	20241213_OA3_Evo02_ViAl_SA_FAIMS40_IO32_A556_MOMI_GBGD_P20_F12_R01	proteomic profiling by mass spectrometry	1	20241213_OA3_Evo02_ViAl_SA_FAIMS40_IO32_A556_MOMI_GBGD_P20_F12_R01.raw	v1.1.0	NT=ms-proteomics;VV=v1.1.0	NT=human;VV=v1.1.0	NT=dia-acquisition;VV=v1.1.0	NT=sdrf-skills;VV=v0.2.0	Data-independent acquisition	NT=Orbitrap Astral;AC=MS:1003378	NT=Trypsin;AC=MS:1001251	NT=Lys-C;AC=MS:1001309	label free sample	1	NT=HCD;AC=MS:1000422	25% NCE	10 ppm	10 ppm	NT=Dithiothreitol (DTT);AC=PRIDE:0000608	NT=Chloroacetamide (ClAA);AC=PRIDE:0000600	NT=Carbamidomethyl;AC=UNIMOD:4;TA=C;MT=Fixed	NT=Oxidation;AC=UNIMOD:35;TA=M;MT=Variable	NT=asymmetric track lossless time-of-flight analyzer;AC=MS:1003379	MOMI GBGD	2024-12-13	380m/z-980m/z	150m/z-2000m/z	not available	not available	4
MOMI_QC_GBGD_P20_G12	Homo sapiens	blood plasma	not applicable	1	pooled	not available	not available	not available	not available	pooled	20241213_OA3_Evo02_ViAl_SA_FAIMS40_IO32_A556_MOMI_GBGD_P20_G12_R01	proteomic profiling by mass spectrometry	1	20241213_OA3_Evo02_ViAl_SA_FAIMS40_IO32_A556_MOMI_GBGD_P20_G12_R01.raw	v1.1.0	NT=ms-proteomics;VV=v1.1.0	NT=human;VV=v1.1.0	NT=dia-acquisition;VV=v1.1.0	NT=sdrf-skills;VV=v0.2.0	Data-independent acquisition	NT=Orbitrap Astral;AC=MS:1003378	NT=Trypsin;AC=MS:1001251	NT=Lys-C;AC=MS:1001309	label free sample	1	NT=HCD;AC=MS:1000422	25% NCE	10 ppm	10 ppm	NT=Dithiothreitol (DTT);AC=PRIDE:0000608	NT=Chloroacetamide (ClAA);AC=PRIDE:0000600	NT=Carbamidomethyl;AC=UNIMOD:4;TA=C;MT=Fixed	NT=Oxidation;AC=UNIMOD:35;TA=M;MT=Variable	NT=asymmetric track lossless time-of-flight analyzer;AC=MS:1003379	MOMI GBGD	2024-12-13	380m/z-980m/z	150m/z-2000m/z	not available	not available	4
MOMI_QC_GBGD_P20_H12	Homo sapiens	blood plasma	not applicable	1	pooled	not available	not available	not available	not available	pooled	20241213_OA3_Evo02_ViAl_SA_FAIMS40_IO32_A556_MOMI_GBGD_P20_H12_R01	proteomic profiling by mass spectrometry	1	20241213_OA3_Evo02_ViAl_SA_FAIMS40_IO32_A556_MOMI_GBGD_P20_H12_R01.raw	v1.1.0	NT=ms-proteomics;VV=v1.1.0	NT=human;VV=v1.1.0	NT=dia-acquisition;VV=v1.1.0	NT=sdrf-skills;VV=v0.2.0	Data-independent acquisition	NT=Orbitrap Astral;AC=MS:1003378	NT=Trypsin;AC=MS:1001251	NT=Lys-C;AC=MS:1001309	label free sample	1	NT=HCD;AC=MS:1000422	25% NCE	10 ppm	10 ppm	NT=Dithiothreitol (DTT);AC=PRIDE:0000608	NT=Chloroacetamide (ClAA);AC=PRIDE:0000600	NT=Carbamidomethyl;AC=UNIMOD:4;TA=C;MT=Fixed	NT=Oxidation;AC=UNIMOD:35;TA=M;MT=Variable	NT=asymmetric track lossless time-of-flight analyzer;AC=MS:1003379	MOMI GBGD	2024-12-13	380m/z-980m/z	150m/z-2000m/z	not available	not available	4
MOMI_QC_GBGD_P31_E12	Homo sapiens	blood plasma	not applicable	1	pooled	not available	not available	not available	not available	pooled	20250102_OA3_Evo02_ViAl_SA_FAIMS40_IO36_A556_MOMI_GBGD_P31_E12_R02	proteomic profiling by mass spectrometry	1	20250102_OA3_Evo02_ViAl_SA_FAIMS40_IO36_A556_MOMI_GBGD_P31_E12_R02.raw	v1.1.0	NT=ms-proteomics;VV=v1.1.0	NT=human;VV=v1.1.0	NT=dia-acquisition;VV=v1.1.0	NT=sdrf-skills;VV=v0.2.0	Data-independent acquisition	NT=Orbitrap Astral;AC=MS:1003378	NT=Trypsin;AC=MS:1001251	NT=Lys-C;AC=MS:1001309	label free sample	1	NT=HCD;AC=MS:1000422	25% NCE	10 ppm	10 ppm	NT=Dithiothreitol (DTT);AC=PRIDE:0000608	NT=Chloroacetamide (ClAA);AC=PRIDE:0000600	NT=Carbamidomethyl;AC=UNIMOD:4;TA=C;MT=Fixed	NT=Oxidation;AC=UNIMOD:35;TA=M;MT=Variable	NT=asymmetric track lossless time-of-flight analyzer;AC=MS:1003379	MOMI GBGD	2025-01-02	380m/z-980m/z	150m/z-2000m/z	not available	not available	4
MOMI_QC_GBGD_P31_F12	Homo sapiens	blood plasma	not applicable	1	pooled	not available	not available	not available	not available	pooled	20250102_OA3_Evo02_ViAl_SA_FAIMS40_IO36_A556_MOMI_GBGD_P31_F12_R02	proteomic profiling by mass spectrometry	1	20250102_OA3_Evo02_ViAl_SA_FAIMS40_IO36_A556_MOMI_GBGD_P31_F12_R02.raw	v1.1.0	NT=ms-proteomics;VV=v1.1.0	NT=human;VV=v1.1.0	NT=dia-acquisition;VV=v1.1.0	NT=sdrf-skills;VV=v0.2.0	Data-independent acquisition	NT=Orbitrap Astral;AC=MS:1003378	NT=Trypsin;AC=MS:1001251	NT=Lys-C;AC=MS:1001309	label free sample	1	NT=HCD;AC=MS:1000422	25% NCE	10 ppm	10 ppm	NT=Dithiothreitol (DTT);AC=PRIDE:0000608	NT=Chloroacetamide (ClAA);AC=PRIDE:0000600	NT=Carbamidomethyl;AC=UNIMOD:4;TA=C;MT=Fixed	NT=Oxidation;AC=UNIMOD:35;TA=M;MT=Variable	NT=asymmetric track lossless time-of-flight analyzer;AC=MS:1003379	MOMI GBGD	2025-01-02	380m/z-980m/z	150m/z-2000m/z	not available	not available	4
MOMI_QC_GBGD_P31_G12	Homo sapiens	blood plasma	not applicable	1	pooled	not available	not available	not available	not available	pooled	20250102_OA3_Evo02_ViAl_SA_FAIMS40_IO36_A556_MOMI_GBGD_P31_G12_R02	proteomic profiling by mass spectrometry	1	20250102_OA3_Evo02_ViAl_SA_FAIMS40_IO36_A556_MOMI_GBGD_P31_G12_R02.raw	v1.1.0	NT=ms-proteomics;VV=v1.1.0	NT=human;VV=v1.1.0	NT=dia-acquisition;VV=v1.1.0	NT=sdrf-skills;VV=v0.2.0	Data-independent acquisition	NT=Orbitrap Astral;AC=MS:1003378	NT=Trypsin;AC=MS:1001251	NT=Lys-C;AC=MS:1001309	label free sample	1	NT=HCD;AC=MS:1000422	25% NCE	10 ppm	10 ppm	NT=Dithiothreitol (DTT);AC=PRIDE:0000608	NT=Chloroacetamide (ClAA);AC=PRIDE:0000600	NT=Carbamidomethyl;AC=UNIMOD:4;TA=C;MT=Fixed	NT=Oxidation;AC=UNIMOD:35;TA=M;MT=Variable	NT=asymmetric track lossless time-of-flight analyzer;AC=MS:1003379	MOMI GBGD	2025-01-02	380m/z-980m/z	150m/z-2000m/z	not available	not available	4
MOMI_QC_GBGD_P31_H12	Homo sapiens	blood plasma	not applicable	1	pooled	not available	not available	not available	not available	pooled	20250102_OA3_Evo02_ViAl_SA_FAIMS40_IO36_A556_MOMI_GBGD_P31_H12_R02	proteomic profiling by mass spectrometry	1	20250102_OA3_Evo02_ViAl_SA_FAIMS40_IO36_A556_MOMI_GBGD_P31_H12_R02.raw	v1.1.0	NT=ms-proteomics;VV=v1.1.0	NT=human;VV=v1.1.0	NT=dia-acquisition;VV=v1.1.0	NT=sdrf-skills;VV=v0.2.0	Data-independent acquisition	NT=Orbitrap Astral;AC=MS:1003378	NT=Trypsin;AC=MS:1001251	NT=Lys-C;AC=MS:1001309	label free sample	1	NT=HCD;AC=MS:1000422	25% NCE	10 ppm	10 ppm	NT=Dithiothreitol (DTT);AC=PRIDE:0000608	NT=Chloroacetamide (ClAA);AC=PRIDE:0000600	NT=Carbamidomethyl;AC=UNIMOD:4;TA=C;MT=Fixed	NT=Oxidation;AC=UNIMOD:35;TA=M;MT=Variable	NT=asymmetric track lossless time-of-flight analyzer;AC=MS:1003379	MOMI GBGD	2025-01-02	380m/z-980m/z	150m/z-2000m/z	not available	not available	4
MOMI_QC_GBGD_P34_E12	Homo sapiens	blood plasma	not applicable	1	pooled	not available	not available	not available	not available	pooled	20250102_OA3_Evo02_ViAl_SA_FAIMS40_IO36_A556_MOMI_GBGD_P34_E12_R02	proteomic profiling by mass spectrometry	1	20250102_OA3_Evo02_ViAl_SA_FAIMS40_IO36_A556_MOMI_GBGD_P34_E12_R02.raw	v1.1.0	NT=ms-proteomics;VV=v1.1.0	NT=human;VV=v1.1.0	NT=dia-acquisition;VV=v1.1.0	NT=sdrf-skills;VV=v0.2.0	Data-independent acquisition	NT=Orbitrap Astral;AC=MS:1003378	NT=Trypsin;AC=MS:1001251	NT=Lys-C;AC=MS:1001309	label free sample	1	NT=HCD;AC=MS:1000422	25% NCE	10 ppm	10 ppm	NT=Dithiothreitol (DTT);AC=PRIDE:0000608	NT=Chloroacetamide (ClAA);AC=PRIDE:0000600	NT=Carbamidomethyl;AC=UNIMOD:4;TA=C;MT=Fixed	NT=Oxidation;AC=UNIMOD:35;TA=M;MT=Variable	NT=asymmetric track lossless time-of-flight analyzer;AC=MS:1003379	MOMI GBGD	2025-01-02	380m/z-980m/z	150m/z-2000m/z	not available	not available	4
MOMI_QC_GBGD_P34_F12	Homo sapiens	blood plasma	not applicable	1	pooled	not available	not available	not available	not available	pooled	20250102_OA3_Evo02_ViAl_SA_FAIMS40_IO36_A556_MOMI_GBGD_P34_F12_R02	proteomic profiling by mass spectrometry	1	20250102_OA3_Evo02_ViAl_SA_FAIMS40_IO36_A556_MOMI_GBGD_P34_F12_R02.raw	v1.1.0	NT=ms-proteomics;VV=v1.1.0	NT=human;VV=v1.1.0	NT=dia-acquisition;VV=v1.1.0	NT=sdrf-skills;VV=v0.2.0	Data-independent acquisition	NT=Orbitrap Astral;AC=MS:1003378	NT=Trypsin;AC=MS:1001251	NT=Lys-C;AC=MS:1001309	label free sample	1	NT=HCD;AC=MS:1000422	25% NCE	10 ppm	10 ppm	NT=Dithiothreitol (DTT);AC=PRIDE:0000608	NT=Chloroacetamide (ClAA);AC=PRIDE:0000600	NT=Carbamidomethyl;AC=UNIMOD:4;TA=C;MT=Fixed	NT=Oxidation;AC=UNIMOD:35;TA=M;MT=Variable	NT=asymmetric track lossless time-of-flight analyzer;AC=MS:1003379	MOMI GBGD	2025-01-02	380m/z-980m/z	150m/z-2000m/z	not available	not available	4
MOMI_QC_GBGD_P34_G12	Homo sapiens	blood plasma	not applicable	1	pooled	not available	not available	not available	not available	pooled	20250102_OA3_Evo02_ViAl_SA_FAIMS40_IO36_A556_MOMI_GBGD_P34_G12_R02	proteomic profiling by mass spectrometry	1	20250102_OA3_Evo02_ViAl_SA_FAIMS40_IO36_A556_MOMI_GBGD_P34_G12_R02.raw	v1.1.0	NT=ms-proteomics;VV=v1.1.0	NT=human;VV=v1.1.0	NT=dia-acquisition;VV=v1.1.0	NT=sdrf-skills;VV=v0.2.0	Data-independent acquisition	NT=Orbitrap Astral;AC=MS:1003378	NT=Trypsin;AC=MS:1001251	NT=Lys-C;AC=MS:1001309	label free sample	1	NT=HCD;AC=MS:1000422	25% NCE	10 ppm	10 ppm	NT=Dithiothreitol (DTT);AC=PRIDE:0000608	NT=Chloroacetamide (ClAA);AC=PRIDE:0000600	NT=Carbamidomethyl;AC=UNIMOD:4;TA=C;MT=Fixed	NT=Oxidation;AC=UNIMOD:35;TA=M;MT=Variable	NT=asymmetric track lossless time-of-flight analyzer;AC=MS:1003379	MOMI GBGD	2025-01-02	380m/z-980m/z	150m/z-2000m/z	not available	not available	4
MOMI_QC_GBGD_P34_H12	Homo sapiens	blood plasma	not applicable	1	pooled	not available	not available	not available	not available	pooled	20250102_OA3_Evo02_ViAl_SA_FAIMS40_IO36_A556_MOMI_GBGD_P34_H12_R02	proteomic profiling by mass spectrometry	1	20250102_OA3_Evo02_ViAl_SA_FAIMS40_IO36_A556_MOMI_GBGD_P34_H12_R02.raw	v1.1.0	NT=ms-proteomics;VV=v1.1.0	NT=human;VV=v1.1.0	NT=dia-acquisition;VV=v1.1.0	NT=sdrf-skills;VV=v0.2.0	Data-independent acquisition	NT=Orbitrap Astral;AC=MS:1003378	NT=Trypsin;AC=MS:1001251	NT=Lys-C;AC=MS:1001309	label free sample	1	NT=HCD;AC=MS:1000422	25% NCE	10 ppm	10 ppm	NT=Dithiothreitol (DTT);AC=PRIDE:0000608	NT=Chloroacetamide (ClAA);AC=PRIDE:0000600	NT=Carbamidomethyl;AC=UNIMOD:4;TA=C;MT=Fixed	NT=Oxidation;AC=UNIMOD:35;TA=M;MT=Variable	NT=asymmetric track lossless time-of-flight analyzer;AC=MS:1003379	MOMI GBGD	2025-01-02	380m/z-980m/z	150m/z-2000m/z	not available	not available	4
MOMI_QC_GBGD_P30_E12	Homo sapiens	blood plasma	not applicable	1	pooled	not available	not available	not available	not available	pooled	20250102_OA3_Evo07_ViAl_SA_FAIMS40_IO36_A556_MOMI_GBGD_P30_E12_R02	proteomic profiling by mass spectrometry	1	20250102_OA3_Evo07_ViAl_SA_FAIMS40_IO36_A556_MOMI_GBGD_P30_E12_R02.raw	v1.1.0	NT=ms-proteomics;VV=v1.1.0	NT=human;VV=v1.1.0	NT=dia-acquisition;VV=v1.1.0	NT=sdrf-skills;VV=v0.2.0	Data-independent acquisition	NT=Orbitrap Astral;AC=MS:1003378	NT=Trypsin;AC=MS:1001251	NT=Lys-C;AC=MS:1001309	label free sample	1	NT=HCD;AC=MS:1000422	25% NCE	10 ppm	10 ppm	NT=Dithiothreitol (DTT);AC=PRIDE:0000608	NT=Chloroacetamide (ClAA);AC=PRIDE:0000600	NT=Carbamidomethyl;AC=UNIMOD:4;TA=C;MT=Fixed	NT=Oxidation;AC=UNIMOD:35;TA=M;MT=Variable	NT=asymmetric track lossless time-of-flight analyzer;AC=MS:1003379	MOMI GBGD	2025-01-02	380m/z-980m/z	150m/z-2000m/z	not available	not available	4
MOMI_QC_GBGD_P30_F12	Homo sapiens	blood plasma	not applicable	1	pooled	not available	not available	not available	not available	pooled	20250102_OA3_Evo07_ViAl_SA_FAIMS40_IO36_A556_MOMI_GBGD_P30_F12_R02	proteomic profiling by mass spectrometry	1	20250102_OA3_Evo07_ViAl_SA_FAIMS40_IO36_A556_MOMI_GBGD_P30_F12_R02.raw	v1.1.0	NT=ms-proteomics;VV=v1.1.0	NT=human;VV=v1.1.0	NT=dia-acquisition;VV=v1.1.0	NT=sdrf-skills;VV=v0.2.0	Data-independent acquisition	NT=Orbitrap Astral;AC=MS:1003378	NT=Trypsin;AC=MS:1001251	NT=Lys-C;AC=MS:1001309	label free sample	1	NT=HCD;AC=MS:1000422	25% NCE	10 ppm	10 ppm	NT=Dithiothreitol (DTT);AC=PRIDE:0000608	NT=Chloroacetamide (ClAA);AC=PRIDE:0000600	NT=Carbamidomethyl;AC=UNIMOD:4;TA=C;MT=Fixed	NT=Oxidation;AC=UNIMOD:35;TA=M;MT=Variable	NT=asymmetric track lossless time-of-flight analyzer;AC=MS:1003379	MOMI GBGD	2025-01-02	380m/z-980m/z	150m/z-2000m/z	not available	not available	4
MOMI_QC_GBGD_P30_G12	Homo sapiens	blood plasma	not applicable	1	pooled	not available	not available	not available	not available	pooled	20250102_OA3_Evo07_ViAl_SA_FAIMS40_IO36_A556_MOMI_GBGD_P30_G12_R02	proteomic profiling by mass spectrometry	1	20250102_OA3_Evo07_ViAl_SA_FAIMS40_IO36_A556_MOMI_GBGD_P30_G12_R02.raw	v1.1.0	NT=ms-proteomics;VV=v1.1.0	NT=human;VV=v1.1.0	NT=dia-acquisition;VV=v1.1.0	NT=sdrf-skills;VV=v0.2.0	Data-independent acquisition	NT=Orbitrap Astral;AC=MS:1003378	NT=Trypsin;AC=MS:1001251	NT=Lys-C;AC=MS:1001309	label free sample	1	NT=HCD;AC=MS:1000422	25% NCE	10 ppm	10 ppm	NT=Dithiothreitol (DTT);AC=PRIDE:0000608	NT=Chloroacetamide (ClAA);AC=PRIDE:0000600	NT=Carbamidomethyl;AC=UNIMOD:4;TA=C;MT=Fixed	NT=Oxidation;AC=UNIMOD:35;TA=M;MT=Variable	NT=asymmetric track lossless time-of-flight analyzer;AC=MS:1003379	MOMI GBGD	2025-01-02	380m/z-980m/z	150m/z-2000m/z	not available	not available	4
MOMI_QC_GBGD_P30_H12	Homo sapiens	blood plasma	not applicable	1	pooled	not available	not available	not available	not available	pooled	20250102_OA3_Evo07_ViAl_SA_FAIMS40_IO36_A556_MOMI_GBGD_P30_H12_R02	proteomic profiling by mass spectrometry	1	20250102_OA3_Evo07_ViAl_SA_FAIMS40_IO36_A556_MOMI_GBGD_P30_H12_R02.raw	v1.1.0	NT=ms-proteomics;VV=v1.1.0	NT=human;VV=v1.1.0	NT=dia-acquisition;VV=v1.1.0	NT=sdrf-skills;VV=v0.2.0	Data-independent acquisition	NT=Orbitrap Astral;AC=MS:1003378	NT=Trypsin;AC=MS:1001251	NT=Lys-C;AC=MS:1001309	label free sample	1	NT=HCD;AC=MS:1000422	25% NCE	10 ppm	10 ppm	NT=Dithiothreitol (DTT);AC=PRIDE:0000608	NT=Chloroacetamide (ClAA);AC=PRIDE:0000600	NT=Carbamidomethyl;AC=UNIMOD:4;TA=C;MT=Fixed	NT=Oxidation;AC=UNIMOD:35;TA=M;MT=Variable	NT=asymmetric track lossless time-of-flight analyzer;AC=MS:1003379	MOMI GBGD	2025-01-02	380m/z-980m/z	150m/z-2000m/z	not available	not available	4
MOMI_QC_GBGD_P32_E12	Homo sapiens	blood plasma	not applicable	1	pooled	not available	not available	not available	not available	pooled	20250102_OA3_Evo07_ViAl_SA_FAIMS40_IO36_A556_MOMI_GBGD_P32_E12_R02	proteomic profiling by mass spectrometry	1	20250102_OA3_Evo07_ViAl_SA_FAIMS40_IO36_A556_MOMI_GBGD_P32_E12_R02.raw	v1.1.0	NT=ms-proteomics;VV=v1.1.0	NT=human;VV=v1.1.0	NT=dia-acquisition;VV=v1.1.0	NT=sdrf-skills;VV=v0.2.0	Data-independent acquisition	NT=Orbitrap Astral;AC=MS:1003378	NT=Trypsin;AC=MS:1001251	NT=Lys-C;AC=MS:1001309	label free sample	1	NT=HCD;AC=MS:1000422	25% NCE	10 ppm	10 ppm	NT=Dithiothreitol (DTT);AC=PRIDE:0000608	NT=Chloroacetamide (ClAA);AC=PRIDE:0000600	NT=Carbamidomethyl;AC=UNIMOD:4;TA=C;MT=Fixed	NT=Oxidation;AC=UNIMOD:35;TA=M;MT=Variable	NT=asymmetric track lossless time-of-flight analyzer;AC=MS:1003379	MOMI GBGD	2025-01-02	380m/z-980m/z	150m/z-2000m/z	not available	not available	4
MOMI_QC_GBGD_P32_F12	Homo sapiens	blood plasma	not applicable	1	pooled	not available	not available	not available	not available	pooled	20250102_OA3_Evo07_ViAl_SA_FAIMS40_IO36_A556_MOMI_GBGD_P32_F12_R02	proteomic profiling by mass spectrometry	1	20250102_OA3_Evo07_ViAl_SA_FAIMS40_IO36_A556_MOMI_GBGD_P32_F12_R02.raw	v1.1.0	NT=ms-proteomics;VV=v1.1.0	NT=human;VV=v1.1.0	NT=dia-acquisition;VV=v1.1.0	NT=sdrf-skills;VV=v0.2.0	Data-independent acquisition	NT=Orbitrap Astral;AC=MS:1003378	NT=Trypsin;AC=MS:1001251	NT=Lys-C;AC=MS:1001309	label free sample	1	NT=HCD;AC=MS:1000422	25% NCE	10 ppm	10 ppm	NT=Dithiothreitol (DTT);AC=PRIDE:0000608	NT=Chloroacetamide (ClAA);AC=PRIDE:0000600	NT=Carbamidomethyl;AC=UNIMOD:4;TA=C;MT=Fixed	NT=Oxidation;AC=UNIMOD:35;TA=M;MT=Variable	NT=asymmetric track lossless time-of-flight analyzer;AC=MS:1003379	MOMI GBGD	2025-01-02	380m/z-980m/z	150m/z-2000m/z	not available	not available	4
MOMI_QC_GBGD_P32_G12	Homo sapiens	blood plasma	not applicable	1	pooled	not available	not available	not available	not available	pooled	20250102_OA3_Evo07_ViAl_SA_FAIMS40_IO36_A556_MOMI_GBGD_P32_G12_R02	proteomic profiling by mass spectrometry	1	20250102_OA3_Evo07_ViAl_SA_FAIMS40_IO36_A556_MOMI_GBGD_P32_G12_R02.raw	v1.1.0	NT=ms-proteomics;VV=v1.1.0	NT=human;VV=v1.1.0	NT=dia-acquisition;VV=v1.1.0	NT=sdrf-skills;VV=v0.2.0	Data-independent acquisition	NT=Orbitrap Astral;AC=MS:1003378	NT=Trypsin;AC=MS:1001251	NT=Lys-C;AC=MS:1001309	label free sample	1	NT=HCD;AC=MS:1000422	25% NCE	10 ppm	10 ppm	NT=Dithiothreitol (DTT);AC=PRIDE:0000608	NT=Chloroacetamide (ClAA);AC=PRIDE:0000600	NT=Carbamidomethyl;AC=UNIMOD:4;TA=C;MT=Fixed	NT=Oxidation;AC=UNIMOD:35;TA=M;MT=Variable	NT=asymmetric track lossless time-of-flight analyzer;AC=MS:1003379	MOMI GBGD	2025-01-02	380m/z-980m/z	150m/z-2000m/z	not available	not available	4
MOMI_QC_GBGD_P32_H12	Homo sapiens	blood plasma	not applicable	1	pooled	not available	not available	not available	not available	pooled	20250102_OA3_Evo07_ViAl_SA_FAIMS40_IO36_A556_MOMI_GBGD_P32_H12_R02	proteomic profiling by mass spectrometry	1	20250102_OA3_Evo07_ViAl_SA_FAIMS40_IO36_A556_MOMI_GBGD_P32_H12_R02.raw	v1.1.0	NT=ms-proteomics;VV=v1.1.0	NT=human;VV=v1.1.0	NT=dia-acquisition;VV=v1.1.0	NT=sdrf-skills;VV=v0.2.0	Data-independent acquisition	NT=Orbitrap Astral;AC=MS:1003378	NT=Trypsin;AC=MS:1001251	NT=Lys-C;AC=MS:1001309	label free sample	1	NT=HCD;AC=MS:1000422	25% NCE	10 ppm	10 ppm	NT=Dithiothreitol (DTT);AC=PRIDE:0000608	NT=Chloroacetamide (ClAA);AC=PRIDE:0000600	NT=Carbamidomethyl;AC=UNIMOD:4;TA=C;MT=Fixed	NT=Oxidation;AC=UNIMOD:35;TA=M;MT=Variable	NT=asymmetric track lossless time-of-flight analyzer;AC=MS:1003379	MOMI GBGD	2025-01-02	380m/z-980m/z	150m/z-2000m/z	not available	not available	4
MOMI_QC_GBGD_P33_E12	Homo sapiens	blood plasma	not applicable	1	pooled	not available	not available	not available	not available	pooled	20250102_OA3_Evo07_ViAl_SA_FAIMS40_IO36_A556_MOMI_GBGD_P33_E12_R02	proteomic profiling by mass spectrometry	1	20250102_OA3_Evo07_ViAl_SA_FAIMS40_IO36_A556_MOMI_GBGD_P33_E12_R02.raw	v1.1.0	NT=ms-proteomics;VV=v1.1.0	NT=human;VV=v1.1.0	NT=dia-acquisition;VV=v1.1.0	NT=sdrf-skills;VV=v0.2.0	Data-independent acquisition	NT=Orbitrap Astral;AC=MS:1003378	NT=Trypsin;AC=MS:1001251	NT=Lys-C;AC=MS:1001309	label free sample	1	NT=HCD;AC=MS:1000422	25% NCE	10 ppm	10 ppm	NT=Dithiothreitol (DTT);AC=PRIDE:0000608	NT=Chloroacetamide (ClAA);AC=PRIDE:0000600	NT=Carbamidomethyl;AC=UNIMOD:4;TA=C;MT=Fixed	NT=Oxidation;AC=UNIMOD:35;TA=M;MT=Variable	NT=asymmetric track lossless time-of-flight analyzer;AC=MS:1003379	MOMI GBGD	2025-01-02	380m/z-980m/z	150m/z-2000m/z	not available	not available	4
MOMI_QC_GBGD_P33_F12	Homo sapiens	blood plasma	not applicable	1	pooled	not available	not available	not available	not available	pooled	20250102_OA3_Evo07_ViAl_SA_FAIMS40_IO36_A556_MOMI_GBGD_P33_F12_R02	proteomic profiling by mass spectrometry	1	20250102_OA3_Evo07_ViAl_SA_FAIMS40_IO36_A556_MOMI_GBGD_P33_F12_R02.raw	v1.1.0	NT=ms-proteomics;VV=v1.1.0	NT=human;VV=v1.1.0	NT=dia-acquisition;VV=v1.1.0	NT=sdrf-skills;VV=v0.2.0	Data-independent acquisition	NT=Orbitrap Astral;AC=MS:1003378	NT=Trypsin;AC=MS:1001251	NT=Lys-C;AC=MS:1001309	label free sample	1	NT=HCD;AC=MS:1000422	25% NCE	10 ppm	10 ppm	NT=Dithiothreitol (DTT);AC=PRIDE:0000608	NT=Chloroacetamide (ClAA);AC=PRIDE:0000600	NT=Carbamidomethyl;AC=UNIMOD:4;TA=C;MT=Fixed	NT=Oxidation;AC=UNIMOD:35;TA=M;MT=Variable	NT=asymmetric track lossless time-of-flight analyzer;AC=MS:1003379	MOMI GBGD	2025-01-02	380m/z-980m/z	150m/z-2000m/z	not available	not available	4
MOMI_QC_GBGD_P33_G12	Homo sapiens	blood plasma	not applicable	1	pooled	not available	not available	not available	not available	pooled	20250102_OA3_Evo07_ViAl_SA_FAIMS40_IO36_A556_MOMI_GBGD_P33_G12_R02	proteomic profiling by mass spectrometry	1	20250102_OA3_Evo07_ViAl_SA_FAIMS40_IO36_A556_MOMI_GBGD_P33_G12_R02.raw	v1.1.0	NT=ms-proteomics;VV=v1.1.0	NT=human;VV=v1.1.0	NT=dia-acquisition;VV=v1.1.0	NT=sdrf-skills;VV=v0.2.0	Data-independent acquisition	NT=Orbitrap Astral;AC=MS:1003378	NT=Trypsin;AC=MS:1001251	NT=Lys-C;AC=MS:1001309	label free sample	1	NT=HCD;AC=MS:1000422	25% NCE	10 ppm	10 ppm	NT=Dithiothreitol (DTT);AC=PRIDE:0000608	NT=Chloroacetamide (ClAA);AC=PRIDE:0000600	NT=Carbamidomethyl;AC=UNIMOD:4;TA=C;MT=Fixed	NT=Oxidation;AC=UNIMOD:35;TA=M;MT=Variable	NT=asymmetric track lossless time-of-flight analyzer;AC=MS:1003379	MOMI GBGD	2025-01-02	380m/z-980m/z	150m/z-2000m/z	not available	not available	4
MOMI_QC_GBGD_P33_H12	Homo sapiens	blood plasma	not applicable	1	pooled	not available	not available	not available	not available	pooled	20250102_OA3_Evo07_ViAl_SA_FAIMS40_IO36_A556_MOMI_GBGD_P33_H12_R02	proteomic profiling by mass spectrometry	1	20250102_OA3_Evo07_ViAl_SA_FAIMS40_IO36_A556_MOMI_GBGD_P33_H12_R02.raw	v1.1.0	NT=ms-proteomics;VV=v1.1.0	NT=human;VV=v1.1.0	NT=dia-acquisition;VV=v1.1.0	NT=sdrf-skills;VV=v0.2.0	Data-independent acquisition	NT=Orbitrap Astral;AC=MS:1003378	NT=Trypsin;AC=MS:1001251	NT=Lys-C;AC=MS:1001309	label free sample	1	NT=HCD;AC=MS:1000422	25% NCE	10 ppm	10 ppm	NT=Dithiothreitol (DTT);AC=PRIDE:0000608	NT=Chloroacetamide (ClAA);AC=PRIDE:0000600	NT=Carbamidomethyl;AC=UNIMOD:4;TA=C;MT=Fixed	NT=Oxidation;AC=UNIMOD:35;TA=M;MT=Variable	NT=asymmetric track lossless time-of-flight analyzer;AC=MS:1003379	MOMI GBGD	2025-01-02	380m/z-980m/z	150m/z-2000m/z	not available	not available	4
MOMI_QC_GBGD_P35_E12	Homo sapiens	blood plasma	not applicable	1	pooled	not available	not available	not available	not available	pooled	20250102_OA3_Evo07_ViAl_SA_FAIMS40_IO36_A556_MOMI_GBGD_P35_E12_R02	proteomic profiling by mass spectrometry	1	20250102_OA3_Evo07_ViAl_SA_FAIMS40_IO36_A556_MOMI_GBGD_P35_E12_R02.raw	v1.1.0	NT=ms-proteomics;VV=v1.1.0	NT=human;VV=v1.1.0	NT=dia-acquisition;VV=v1.1.0	NT=sdrf-skills;VV=v0.2.0	Data-independent acquisition	NT=Orbitrap Astral;AC=MS:1003378	NT=Trypsin;AC=MS:1001251	NT=Lys-C;AC=MS:1001309	label free sample	1	NT=HCD;AC=MS:1000422	25% NCE	10 ppm	10 ppm	NT=Dithiothreitol (DTT);AC=PRIDE:0000608	NT=Chloroacetamide (ClAA);AC=PRIDE:0000600	NT=Carbamidomethyl;AC=UNIMOD:4;TA=C;MT=Fixed	NT=Oxidation;AC=UNIMOD:35;TA=M;MT=Variable	NT=asymmetric track lossless time-of-flight analyzer;AC=MS:1003379	MOMI GBGD	2025-01-02	380m/z-980m/z	150m/z-2000m/z	not available	not available	4
MOMI_QC_GBGD_P35_F12	Homo sapiens	blood plasma	not applicable	1	pooled	not available	not available	not available	not available	pooled	20250102_OA3_Evo07_ViAl_SA_FAIMS40_IO36_A556_MOMI_GBGD_P35_F12_R02	proteomic profiling by mass spectrometry	1	20250102_OA3_Evo07_ViAl_SA_FAIMS40_IO36_A556_MOMI_GBGD_P35_F12_R02.raw	v1.1.0	NT=ms-proteomics;VV=v1.1.0	NT=human;VV=v1.1.0	NT=dia-acquisition;VV=v1.1.0	NT=sdrf-skills;VV=v0.2.0	Data-independent acquisition	NT=Orbitrap Astral;AC=MS:1003378	NT=Trypsin;AC=MS:1001251	NT=Lys-C;AC=MS:1001309	label free sample	1	NT=HCD;AC=MS:1000422	25% NCE	10 ppm	10 ppm	NT=Dithiothreitol (DTT);AC=PRIDE:0000608	NT=Chloroacetamide (ClAA);AC=PRIDE:0000600	NT=Carbamidomethyl;AC=UNIMOD:4;TA=C;MT=Fixed	NT=Oxidation;AC=UNIMOD:35;TA=M;MT=Variable	NT=asymmetric track lossless time-of-flight analyzer;AC=MS:1003379	MOMI GBGD	2025-01-02	380m/z-980m/z	150m/z-2000m/z	not available	not available	4
MOMI_QC_GBGD_P35_G12	Homo sapiens	blood plasma	not applicable	1	pooled	not available	not available	not available	not available	pooled	20250102_OA3_Evo07_ViAl_SA_FAIMS40_IO36_A556_MOMI_GBGD_P35_G12_R02	proteomic profiling by mass spectrometry	1	20250102_OA3_Evo07_ViAl_SA_FAIMS40_IO36_A556_MOMI_GBGD_P35_G12_R02.raw	v1.1.0	NT=ms-proteomics;VV=v1.1.0	NT=human;VV=v1.1.0	NT=dia-acquisition;VV=v1.1.0	NT=sdrf-skills;VV=v0.2.0	Data-independent acquisition	NT=Orbitrap Astral;AC=MS:1003378	NT=Trypsin;AC=MS:1001251	NT=Lys-C;AC=MS:1001309	label free sample	1	NT=HCD;AC=MS:1000422	25% NCE	10 ppm	10 ppm	NT=Dithiothreitol (DTT);AC=PRIDE:0000608	NT=Chloroacetamide (ClAA);AC=PRIDE:0000600	NT=Carbamidomethyl;AC=UNIMOD:4;TA=C;MT=Fixed	NT=Oxidation;AC=UNIMOD:35;TA=M;MT=Variable	NT=asymmetric track lossless time-of-flight analyzer;AC=MS:1003379	MOMI GBGD	2025-01-02	380m/z-980m/z	150m/z-2000m/z	not available	not available	4
MOMI_QC_GBGD_P35_H12	Homo sapiens	blood plasma	not applicable	1	pooled	not available	not available	not available	not available	pooled	20250102_OA3_Evo07_ViAl_SA_FAIMS40_IO36_A556_MOMI_GBGD_P35_H12_R02	proteomic profiling by mass spectrometry	1	20250102_OA3_Evo07_ViAl_SA_FAIMS40_IO36_A556_MOMI_GBGD_P35_H12_R02.raw	v1.1.0	NT=ms-proteomics;VV=v1.1.0	NT=human;VV=v1.1.0	NT=dia-acquisition;VV=v1.1.0	NT=sdrf-skills;VV=v0.2.0	Data-independent acquisition	NT=Orbitrap Astral;AC=MS:1003378	NT=Trypsin;AC=MS:1001251	NT=Lys-C;AC=MS:1001309	label free sample	1	NT=HCD;AC=MS:1000422	25% NCE	10 ppm	10 ppm	NT=Dithiothreitol (DTT);AC=PRIDE:0000608	NT=Chloroacetamide (ClAA);AC=PRIDE:0000600	NT=Carbamidomethyl;AC=UNIMOD:4;TA=C;MT=Fixed	NT=Oxidation;AC=UNIMOD:35;TA=M;MT=Variable	NT=asymmetric track lossless time-of-flight analyzer;AC=MS:1003379	MOMI GBGD	2025-01-02	380m/z-980m/z	150m/z-2000m/z	not available	not available	4
MOMI_QC_GBGD_P36_E12	Homo sapiens	blood plasma	not applicable	1	pooled	not available	not available	not available	not available	pooled	20250102_OA3_Evo07_ViAl_SA_FAIMS40_IO36_A556_MOMI_GBGD_P36_E12_R02	proteomic profiling by mass spectrometry	1	20250102_OA3_Evo07_ViAl_SA_FAIMS40_IO36_A556_MOMI_GBGD_P36_E12_R02.raw	v1.1.0	NT=ms-proteomics;VV=v1.1.0	NT=human;VV=v1.1.0	NT=dia-acquisition;VV=v1.1.0	NT=sdrf-skills;VV=v0.2.0	Data-independent acquisition	NT=Orbitrap Astral;AC=MS:1003378	NT=Trypsin;AC=MS:1001251	NT=Lys-C;AC=MS:1001309	label free sample	1	NT=HCD;AC=MS:1000422	25% NCE	10 ppm	10 ppm	NT=Dithiothreitol (DTT);AC=PRIDE:0000608	NT=Chloroacetamide (ClAA);AC=PRIDE:0000600	NT=Carbamidomethyl;AC=UNIMOD:4;TA=C;MT=Fixed	NT=Oxidation;AC=UNIMOD:35;TA=M;MT=Variable	NT=asymmetric track lossless time-of-flight analyzer;AC=MS:1003379	MOMI GBGD	2025-01-02	380m/z-980m/z	150m/z-2000m/z	not available	not available	4
MOMI_QC_GBGD_P36_F12	Homo sapiens	blood plasma	not applicable	1	pooled	not available	not available	not available	not available	pooled	20250102_OA3_Evo07_ViAl_SA_FAIMS40_IO36_A556_MOMI_GBGD_P36_F12_R02	proteomic profiling by mass spectrometry	1	20250102_OA3_Evo07_ViAl_SA_FAIMS40_IO36_A556_MOMI_GBGD_P36_F12_R02.raw	v1.1.0	NT=ms-proteomics;VV=v1.1.0	NT=human;VV=v1.1.0	NT=dia-acquisition;VV=v1.1.0	NT=sdrf-skills;VV=v0.2.0	Data-independent acquisition	NT=Orbitrap Astral;AC=MS:1003378	NT=Trypsin;AC=MS:1001251	NT=Lys-C;AC=MS:1001309	label free sample	1	NT=HCD;AC=MS:1000422	25% NCE	10 ppm	10 ppm	NT=Dithiothreitol (DTT);AC=PRIDE:0000608	NT=Chloroacetamide (ClAA);AC=PRIDE:0000600	NT=Carbamidomethyl;AC=UNIMOD:4;TA=C;MT=Fixed	NT=Oxidation;AC=UNIMOD:35;TA=M;MT=Variable	NT=asymmetric track lossless time-of-flight analyzer;AC=MS:1003379	MOMI GBGD	2025-01-02	380m/z-980m/z	150m/z-2000m/z	not available	not available	4
MOMI_QC_GBGD_P36_G12	Homo sapiens	blood plasma	not applicable	1	pooled	not available	not available	not available	not available	pooled	20250102_OA3_Evo07_ViAl_SA_FAIMS40_IO36_A556_MOMI_GBGD_P36_G12_R02	proteomic profiling by mass spectrometry	1	20250102_OA3_Evo07_ViAl_SA_FAIMS40_IO36_A556_MOMI_GBGD_P36_G12_R02.raw	v1.1.0	NT=ms-proteomics;VV=v1.1.0	NT=human;VV=v1.1.0	NT=dia-acquisition;VV=v1.1.0	NT=sdrf-skills;VV=v0.2.0	Data-independent acquisition	NT=Orbitrap Astral;AC=MS:1003378	NT=Trypsin;AC=MS:1001251	NT=Lys-C;AC=MS:1001309	label free sample	1	NT=HCD;AC=MS:1000422	25% NCE	10 ppm	10 ppm	NT=Dithiothreitol (DTT);AC=PRIDE:0000608	NT=Chloroacetamide (ClAA);AC=PRIDE:0000600	NT=Carbamidomethyl;AC=UNIMOD:4;TA=C;MT=Fixed	NT=Oxidation;AC=UNIMOD:35;TA=M;MT=Variable	NT=asymmetric track lossless time-of-flight analyzer;AC=MS:1003379	MOMI GBGD	2025-01-02	380m/z-980m/z	150m/z-2000m/z	not available	not available	4
MOMI_QC_GBGD_P36_H12	Homo sapiens	blood plasma	not applicable	1	pooled	not available	not available	not available	not available	pooled	20250102_OA3_Evo07_ViAl_SA_FAIMS40_IO36_A556_MOMI_GBGD_P36_H12_R02	proteomic profiling by mass spectrometry	1	20250102_OA3_Evo07_ViAl_SA_FAIMS40_IO36_A556_MOMI_GBGD_P36_H12_R02.raw	v1.1.0	NT=ms-proteomics;VV=v1.1.0	NT=human;VV=v1.1.0	NT=dia-acquisition;VV=v1.1.0	NT=sdrf-skills;VV=v0.2.0	Data-independent acquisition	NT=Orbitrap Astral;AC=MS:1003378	NT=Trypsin;AC=MS:1001251	NT=Lys-C;AC=MS:1001309	label free sample	1	NT=HCD;AC=MS:1000422	25% NCE	10 ppm	10 ppm	NT=Dithiothreitol (DTT);AC=PRIDE:0000608	NT=Chloroacetamide (ClAA);AC=PRIDE:0000600	NT=Carbamidomethyl;AC=UNIMOD:4;TA=C;MT=Fixed	NT=Oxidation;AC=UNIMOD:35;TA=M;MT=Variable	NT=asymmetric track lossless time-of-flight analyzer;AC=MS:1003379	MOMI GBGD	2025-01-02	380m/z-980m/z	150m/z-2000m/z	not available	not available	4
MOMI_QC_GBGD_P37_E12	Homo sapiens	blood plasma	not applicable	1	pooled	not available	not available	not available	not available	pooled	20250102_OA3_Evo07_ViAl_SA_FAIMS40_IO36_A556_MOMI_GBGD_P37_E12_R02	proteomic profiling by mass spectrometry	1	20250102_OA3_Evo07_ViAl_SA_FAIMS40_IO36_A556_MOMI_GBGD_P37_E12_R02.raw	v1.1.0	NT=ms-proteomics;VV=v1.1.0	NT=human;VV=v1.1.0	NT=dia-acquisition;VV=v1.1.0	NT=sdrf-skills;VV=v0.2.0	Data-independent acquisition	NT=Orbitrap Astral;AC=MS:1003378	NT=Trypsin;AC=MS:1001251	NT=Lys-C;AC=MS:1001309	label free sample	1	NT=HCD;AC=MS:1000422	25% NCE	10 ppm	10 ppm	NT=Dithiothreitol (DTT);AC=PRIDE:0000608	NT=Chloroacetamide (ClAA);AC=PRIDE:0000600	NT=Carbamidomethyl;AC=UNIMOD:4;TA=C;MT=Fixed	NT=Oxidation;AC=UNIMOD:35;TA=M;MT=Variable	NT=asymmetric track lossless time-of-flight analyzer;AC=MS:1003379	MOMI GBGD	2025-01-02	380m/z-980m/z	150m/z-2000m/z	not available	not available	4
MOMI_QC_GBGD_P37_F12	Homo sapiens	blood plasma	not applicable	1	pooled	not available	not available	not available	not available	pooled	20250102_OA3_Evo07_ViAl_SA_FAIMS40_IO36_A556_MOMI_GBGD_P37_F12_R02	proteomic profiling by mass spectrometry	1	20250102_OA3_Evo07_ViAl_SA_FAIMS40_IO36_A556_MOMI_GBGD_P37_F12_R02.raw	v1.1.0	NT=ms-proteomics;VV=v1.1.0	NT=human;VV=v1.1.0	NT=dia-acquisition;VV=v1.1.0	NT=sdrf-skills;VV=v0.2.0	Data-independent acquisition	NT=Orbitrap Astral;AC=MS:1003378	NT=Trypsin;AC=MS:1001251	NT=Lys-C;AC=MS:1001309	label free sample	1	NT=HCD;AC=MS:1000422	25% NCE	10 ppm	10 ppm	NT=Dithiothreitol (DTT);AC=PRIDE:0000608	NT=Chloroacetamide (ClAA);AC=PRIDE:0000600	NT=Carbamidomethyl;AC=UNIMOD:4;TA=C;MT=Fixed	NT=Oxidation;AC=UNIMOD:35;TA=M;MT=Variable	NT=asymmetric track lossless time-of-flight analyzer;AC=MS:1003379	MOMI GBGD	2025-01-02	380m/z-980m/z	150m/z-2000m/z	not available	not available	4
MOMI_QC_GBGD_P37_G12	Homo sapiens	blood plasma	not applicable	1	pooled	not available	not available	not available	not available	pooled	20250102_OA3_Evo07_ViAl_SA_FAIMS40_IO36_A556_MOMI_GBGD_P37_G12_R02	proteomic profiling by mass spectrometry	1	20250102_OA3_Evo07_ViAl_SA_FAIMS40_IO36_A556_MOMI_GBGD_P37_G12_R02.raw	v1.1.0	NT=ms-proteomics;VV=v1.1.0	NT=human;VV=v1.1.0	NT=dia-acquisition;VV=v1.1.0	NT=sdrf-skills;VV=v0.2.0	Data-independent acquisition	NT=Orbitrap Astral;AC=MS:1003378	NT=Trypsin;AC=MS:1001251	NT=Lys-C;AC=MS:1001309	label free sample	1	NT=HCD;AC=MS:1000422	25% NCE	10 ppm	10 ppm	NT=Dithiothreitol (DTT);AC=PRIDE:0000608	NT=Chloroacetamide (ClAA);AC=PRIDE:0000600	NT=Carbamidomethyl;AC=UNIMOD:4;TA=C;MT=Fixed	NT=Oxidation;AC=UNIMOD:35;TA=M;MT=Variable	NT=asymmetric track lossless time-of-flight analyzer;AC=MS:1003379	MOMI GBGD	2025-01-02	380m/z-980m/z	150m/z-2000m/z	not available	not available	4
MOMI_QC_GBGD_P37_H12	Homo sapiens	blood plasma	not applicable	1	pooled	not available	not available	not available	not available	pooled	20250102_OA3_Evo07_ViAl_SA_FAIMS40_IO36_A556_MOMI_GBGD_P37_H12_R02	proteomic profiling by mass spectrometry	1	20250102_OA3_Evo07_ViAl_SA_FAIMS40_IO36_A556_MOMI_GBGD_P37_H12_R02.raw	v1.1.0	NT=ms-proteomics;VV=v1.1.0	NT=human;VV=v1.1.0	NT=dia-acquisition;VV=v1.1.0	NT=sdrf-skills;VV=v0.2.0	Data-independent acquisition	NT=Orbitrap Astral;AC=MS:1003378	NT=Trypsin;AC=MS:1001251	NT=Lys-C;AC=MS:1001309	label free sample	1	NT=HCD;AC=MS:1000422	25% NCE	10 ppm	10 ppm	NT=Dithiothreitol (DTT);AC=PRIDE:0000608	NT=Chloroacetamide (ClAA);AC=PRIDE:0000600	NT=Carbamidomethyl;AC=UNIMOD:4;TA=C;MT=Fixed	NT=Oxidation;AC=UNIMOD:35;TA=M;MT=Variable	NT=asymmetric track lossless time-of-flight analyzer;AC=MS:1003379	MOMI GBGD	2025-01-02	380m/z-980m/z	150m/z-2000m/z	not available	not available	4
MOMI_QC_GBGD_P38_E12	Homo sapiens	blood plasma	not applicable	1	pooled	not available	not available	not available	not available	pooled	20250102_OA3_Evo07_ViAl_SA_FAIMS40_IO36_A556_MOMI_GBGD_P38_E12_R02	proteomic profiling by mass spectrometry	1	20250102_OA3_Evo07_ViAl_SA_FAIMS40_IO36_A556_MOMI_GBGD_P38_E12_R02.raw	v1.1.0	NT=ms-proteomics;VV=v1.1.0	NT=human;VV=v1.1.0	NT=dia-acquisition;VV=v1.1.0	NT=sdrf-skills;VV=v0.2.0	Data-independent acquisition	NT=Orbitrap Astral;AC=MS:1003378	NT=Trypsin;AC=MS:1001251	NT=Lys-C;AC=MS:1001309	label free sample	1	NT=HCD;AC=MS:1000422	25% NCE	10 ppm	10 ppm	NT=Dithiothreitol (DTT);AC=PRIDE:0000608	NT=Chloroacetamide (ClAA);AC=PRIDE:0000600	NT=Carbamidomethyl;AC=UNIMOD:4;TA=C;MT=Fixed	NT=Oxidation;AC=UNIMOD:35;TA=M;MT=Variable	NT=asymmetric track lossless time-of-flight analyzer;AC=MS:1003379	MOMI GBGD	2025-01-02	380m/z-980m/z	150m/z-2000m/z	not available	not available	4
MOMI_QC_GBGD_P38_F12	Homo sapiens	blood plasma	not applicable	1	pooled	not available	not available	not available	not available	pooled	20250102_OA3_Evo07_ViAl_SA_FAIMS40_IO36_A556_MOMI_GBGD_P38_F12_R02	proteomic profiling by mass spectrometry	1	20250102_OA3_Evo07_ViAl_SA_FAIMS40_IO36_A556_MOMI_GBGD_P38_F12_R02.raw	v1.1.0	NT=ms-proteomics;VV=v1.1.0	NT=human;VV=v1.1.0	NT=dia-acquisition;VV=v1.1.0	NT=sdrf-skills;VV=v0.2.0	Data-independent acquisition	NT=Orbitrap Astral;AC=MS:1003378	NT=Trypsin;AC=MS:1001251	NT=Lys-C;AC=MS:1001309	label free sample	1	NT=HCD;AC=MS:1000422	25% NCE	10 ppm	10 ppm	NT=Dithiothreitol (DTT);AC=PRIDE:0000608	NT=Chloroacetamide (ClAA);AC=PRIDE:0000600	NT=Carbamidomethyl;AC=UNIMOD:4;TA=C;MT=Fixed	NT=Oxidation;AC=UNIMOD:35;TA=M;MT=Variable	NT=asymmetric track lossless time-of-flight analyzer;AC=MS:1003379	MOMI GBGD	2025-01-02	380m/z-980m/z	150m/z-2000m/z	not available	not available	4
MOMI_QC_GBGD_P38_G12	Homo sapiens	blood plasma	not applicable	1	pooled	not available	not available	not available	not available	pooled	20250102_OA3_Evo07_ViAl_SA_FAIMS40_IO36_A556_MOMI_GBGD_P38_G12_R02	proteomic profiling by mass spectrometry	1	20250102_OA3_Evo07_ViAl_SA_FAIMS40_IO36_A556_MOMI_GBGD_P38_G12_R02.raw	v1.1.0	NT=ms-proteomics;VV=v1.1.0	NT=human;VV=v1.1.0	NT=dia-acquisition;VV=v1.1.0	NT=sdrf-skills;VV=v0.2.0	Data-independent acquisition	NT=Orbitrap Astral;AC=MS:1003378	NT=Trypsin;AC=MS:1001251	NT=Lys-C;AC=MS:1001309	label free sample	1	NT=HCD;AC=MS:1000422	25% NCE	10 ppm	10 ppm	NT=Dithiothreitol (DTT);AC=PRIDE:0000608	NT=Chloroacetamide (ClAA);AC=PRIDE:0000600	NT=Carbamidomethyl;AC=UNIMOD:4;TA=C;MT=Fixed	NT=Oxidation;AC=UNIMOD:35;TA=M;MT=Variable	NT=asymmetric track lossless time-of-flight analyzer;AC=MS:1003379	MOMI GBGD	2025-01-02	380m/z-980m/z	150m/z-2000m/z	not available	not available	4
MOMI_QC_GBGD_P38_H12	Homo sapiens	blood plasma	not applicable	1	pooled	not available	not available	not available	not available	pooled	20250102_OA3_Evo07_ViAl_SA_FAIMS40_IO36_A556_MOMI_GBGD_P38_H12_R02	proteomic profiling by mass spectrometry	1	20250102_OA3_Evo07_ViAl_SA_FAIMS40_IO36_A556_MOMI_GBGD_P38_H12_R02.raw	v1.1.0	NT=ms-proteomics;VV=v1.1.0	NT=human;VV=v1.1.0	NT=dia-acquisition;VV=v1.1.0	NT=sdrf-skills;VV=v0.2.0	Data-independent acquisition	NT=Orbitrap Astral;AC=MS:1003378	NT=Trypsin;AC=MS:1001251	NT=Lys-C;AC=MS:1001309	label free sample	1	NT=HCD;AC=MS:1000422	25% NCE	10 ppm	10 ppm	NT=Dithiothreitol (DTT);AC=PRIDE:0000608	NT=Chloroacetamide (ClAA);AC=PRIDE:0000600	NT=Carbamidomethyl;AC=UNIMOD:4;TA=C;MT=Fixed	NT=Oxidation;AC=UNIMOD:35;TA=M;MT=Variable	NT=asymmetric track lossless time-of-flight analyzer;AC=MS:1003379	MOMI GBGD	2025-01-02	380m/z-980m/z	150m/z-2000m/z	not available	not available	4
MOMI_QC_GBGD_P39_E12	Homo sapiens	blood plasma	not applicable	1	pooled	not available	not available	not available	not available	pooled	20250102_OA3_Evo07_ViAl_SA_FAIMS40_IO36_A556_MOMI_GBGD_P39_E12_R02	proteomic profiling by mass spectrometry	1	20250102_OA3_Evo07_ViAl_SA_FAIMS40_IO36_A556_MOMI_GBGD_P39_E12_R02.raw	v1.1.0	NT=ms-proteomics;VV=v1.1.0	NT=human;VV=v1.1.0	NT=dia-acquisition;VV=v1.1.0	NT=sdrf-skills;VV=v0.2.0	Data-independent acquisition	NT=Orbitrap Astral;AC=MS:1003378	NT=Trypsin;AC=MS:1001251	NT=Lys-C;AC=MS:1001309	label free sample	1	NT=HCD;AC=MS:1000422	25% NCE	10 ppm	10 ppm	NT=Dithiothreitol (DTT);AC=PRIDE:0000608	NT=Chloroacetamide (ClAA);AC=PRIDE:0000600	NT=Carbamidomethyl;AC=UNIMOD:4;TA=C;MT=Fixed	NT=Oxidation;AC=UNIMOD:35;TA=M;MT=Variable	NT=asymmetric track lossless time-of-flight analyzer;AC=MS:1003379	MOMI GBGD	2025-01-02	380m/z-980m/z	150m/z-2000m/z	not available	not available	4
MOMI_QC_GBGD_P39_F12	Homo sapiens	blood plasma	not applicable	1	pooled	not available	not available	not available	not available	pooled	20250102_OA3_Evo07_ViAl_SA_FAIMS40_IO36_A556_MOMI_GBGD_P39_F12_R02	proteomic profiling by mass spectrometry	1	20250102_OA3_Evo07_ViAl_SA_FAIMS40_IO36_A556_MOMI_GBGD_P39_F12_R02.raw	v1.1.0	NT=ms-proteomics;VV=v1.1.0	NT=human;VV=v1.1.0	NT=dia-acquisition;VV=v1.1.0	NT=sdrf-skills;VV=v0.2.0	Data-independent acquisition	NT=Orbitrap Astral;AC=MS:1003378	NT=Trypsin;AC=MS:1001251	NT=Lys-C;AC=MS:1001309	label free sample	1	NT=HCD;AC=MS:1000422	25% NCE	10 ppm	10 ppm	NT=Dithiothreitol (DTT);AC=PRIDE:0000608	NT=Chloroacetamide (ClAA);AC=PRIDE:0000600	NT=Carbamidomethyl;AC=UNIMOD:4;TA=C;MT=Fixed	NT=Oxidation;AC=UNIMOD:35;TA=M;MT=Variable	NT=asymmetric track lossless time-of-flight analyzer;AC=MS:1003379	MOMI GBGD	2025-01-02	380m/z-980m/z	150m/z-2000m/z	not available	not available	4
MOMI_QC_GBGD_P39_G12	Homo sapiens	blood plasma	not applicable	1	pooled	not available	not available	not available	not available	pooled	20250102_OA3_Evo07_ViAl_SA_FAIMS40_IO36_A556_MOMI_GBGD_P39_G12_R02	proteomic profiling by mass spectrometry	1	20250102_OA3_Evo07_ViAl_SA_FAIMS40_IO36_A556_MOMI_GBGD_P39_G12_R02.raw	v1.1.0	NT=ms-proteomics;VV=v1.1.0	NT=human;VV=v1.1.0	NT=dia-acquisition;VV=v1.1.0	NT=sdrf-skills;VV=v0.2.0	Data-independent acquisition	NT=Orbitrap Astral;AC=MS:1003378	NT=Trypsin;AC=MS:1001251	NT=Lys-C;AC=MS:1001309	label free sample	1	NT=HCD;AC=MS:1000422	25% NCE	10 ppm	10 ppm	NT=Dithiothreitol (DTT);AC=PRIDE:0000608	NT=Chloroacetamide (ClAA);AC=PRIDE:0000600	NT=Carbamidomethyl;AC=UNIMOD:4;TA=C;MT=Fixed	NT=Oxidation;AC=UNIMOD:35;TA=M;MT=Variable	NT=asymmetric track lossless time-of-flight analyzer;AC=MS:1003379	MOMI GBGD	2025-01-02	380m/z-980m/z	150m/z-2000m/z	not available	not available	4
MOMI_QC_GBGD_P39_H12	Homo sapiens	blood plasma	not applicable	1	pooled	not available	not available	not available	not available	pooled	20250102_OA3_Evo07_ViAl_SA_FAIMS40_IO36_A556_MOMI_GBGD_P39_H12_R02	proteomic profiling by mass spectrometry	1	20250102_OA3_Evo07_ViAl_SA_FAIMS40_IO36_A556_MOMI_GBGD_P39_H12_R02.raw	v1.1.0	NT=ms-proteomics;VV=v1.1.0	NT=human;VV=v1.1.0	NT=dia-acquisition;VV=v1.1.0	NT=sdrf-skills;VV=v0.2.0	Data-independent acquisition	NT=Orbitrap Astral;AC=MS:1003378	NT=Trypsin;AC=MS:1001251	NT=Lys-C;AC=MS:1001309	label free sample	1	NT=HCD;AC=MS:1000422	25% NCE	10 ppm	10 ppm	NT=Dithiothreitol (DTT);AC=PRIDE:0000608	NT=Chloroacetamide (ClAA);AC=PRIDE:0000600	NT=Carbamidomethyl;AC=UNIMOD:4;TA=C;MT=Fixed	NT=Oxidation;AC=UNIMOD:35;TA=M;MT=Variable	NT=asymmetric track lossless time-of-flight analyzer;AC=MS:1003379	MOMI GBGD	2025-01-02	380m/z-980m/z	150m/z-2000m/z	not available	not available	4
MOMI_QC_GBGD_P40_E12	Homo sapiens	blood plasma	not applicable	1	pooled	not available	not available	not available	not available	pooled	20250102_OA3_Evo07_ViAl_SA_FAIMS40_IO36_A556_MOMI_GBGD_P40_E12_R02	proteomic profiling by mass spectrometry	1	20250102_OA3_Evo07_ViAl_SA_FAIMS40_IO36_A556_MOMI_GBGD_P40_E12_R02.raw	v1.1.0	NT=ms-proteomics;VV=v1.1.0	NT=human;VV=v1.1.0	NT=dia-acquisition;VV=v1.1.0	NT=sdrf-skills;VV=v0.2.0	Data-independent acquisition	NT=Orbitrap Astral;AC=MS:1003378	NT=Trypsin;AC=MS:1001251	NT=Lys-C;AC=MS:1001309	label free sample	1	NT=HCD;AC=MS:1000422	25% NCE	10 ppm	10 ppm	NT=Dithiothreitol (DTT);AC=PRIDE:0000608	NT=Chloroacetamide (ClAA);AC=PRIDE:0000600	NT=Carbamidomethyl;AC=UNIMOD:4;TA=C;MT=Fixed	NT=Oxidation;AC=UNIMOD:35;TA=M;MT=Variable	NT=asymmetric track lossless time-of-flight analyzer;AC=MS:1003379	MOMI GBGD	2025-01-02	380m/z-980m/z	150m/z-2000m/z	not available	not available	4
MOMI_QC_GBGD_P40_F12	Homo sapiens	blood plasma	not applicable	1	pooled	not available	not available	not available	not available	pooled	20250102_OA3_Evo07_ViAl_SA_FAIMS40_IO36_A556_MOMI_GBGD_P40_F12_R02	proteomic profiling by mass spectrometry	1	20250102_OA3_Evo07_ViAl_SA_FAIMS40_IO36_A556_MOMI_GBGD_P40_F12_R02.raw	v1.1.0	NT=ms-proteomics;VV=v1.1.0	NT=human;VV=v1.1.0	NT=dia-acquisition;VV=v1.1.0	NT=sdrf-skills;VV=v0.2.0	Data-independent acquisition	NT=Orbitrap Astral;AC=MS:1003378	NT=Trypsin;AC=MS:1001251	NT=Lys-C;AC=MS:1001309	label free sample	1	NT=HCD;AC=MS:1000422	25% NCE	10 ppm	10 ppm	NT=Dithiothreitol (DTT);AC=PRIDE:0000608	NT=Chloroacetamide (ClAA);AC=PRIDE:0000600	NT=Carbamidomethyl;AC=UNIMOD:4;TA=C;MT=Fixed	NT=Oxidation;AC=UNIMOD:35;TA=M;MT=Variable	NT=asymmetric track lossless time-of-flight analyzer;AC=MS:1003379	MOMI GBGD	2025-01-02	380m/z-980m/z	150m/z-2000m/z	not available	not available	4
MOMI_QC_GBGD_P40_G12	Homo sapiens	blood plasma	not applicable	1	pooled	not available	not available	not available	not available	pooled	20250102_OA3_Evo07_ViAl_SA_FAIMS40_IO36_A556_MOMI_GBGD_P40_G12_R02	proteomic profiling by mass spectrometry	1	20250102_OA3_Evo07_ViAl_SA_FAIMS40_IO36_A556_MOMI_GBGD_P40_G12_R02.raw	v1.1.0	NT=ms-proteomics;VV=v1.1.0	NT=human;VV=v1.1.0	NT=dia-acquisition;VV=v1.1.0	NT=sdrf-skills;VV=v0.2.0	Data-independent acquisition	NT=Orbitrap Astral;AC=MS:1003378	NT=Trypsin;AC=MS:1001251	NT=Lys-C;AC=MS:1001309	label free sample	1	NT=HCD;AC=MS:1000422	25% NCE	10 ppm	10 ppm	NT=Dithiothreitol (DTT);AC=PRIDE:0000608	NT=Chloroacetamide (ClAA);AC=PRIDE:0000600	NT=Carbamidomethyl;AC=UNIMOD:4;TA=C;MT=Fixed	NT=Oxidation;AC=UNIMOD:35;TA=M;MT=Variable	NT=asymmetric track lossless time-of-flight analyzer;AC=MS:1003379	MOMI GBGD	2025-01-02	380m/z-980m/z	150m/z-2000m/z	not available	not available	4
MOMI_QC_GBGD_P40_H12	Homo sapiens	blood plasma	not applicable	1	pooled	not available	not available	not available	not available	pooled	20250102_OA3_Evo07_ViAl_SA_FAIMS40_IO36_A556_MOMI_GBGD_P40_H12_R02	proteomic profiling by mass spectrometry	1	20250102_OA3_Evo07_ViAl_SA_FAIMS40_IO36_A556_MOMI_GBGD_P40_H12_R02.raw	v1.1.0	NT=ms-proteomics;VV=v1.1.0	NT=human;VV=v1.1.0	NT=dia-acquisition;VV=v1.1.0	NT=sdrf-skills;VV=v0.2.0	Data-independent acquisition	NT=Orbitrap Astral;AC=MS:1003378	NT=Trypsin;AC=MS:1001251	NT=Lys-C;AC=MS:1001309	label free sample	1	NT=HCD;AC=MS:1000422	25% NCE	10 ppm	10 ppm	NT=Dithiothreitol (DTT);AC=PRIDE:0000608	NT=Chloroacetamide (ClAA);AC=PRIDE:0000600	NT=Carbamidomethyl;AC=UNIMOD:4;TA=C;MT=Fixed	NT=Oxidation;AC=UNIMOD:35;TA=M;MT=Variable	NT=asymmetric track lossless time-of-flight analyzer;AC=MS:1003379	MOMI GBGD	2025-01-02	380m/z-980m/z	150m/z-2000m/z	not available	not available	4
MOMI_QC_GBGD_P21_E12	Homo sapiens	blood plasma	not applicable	1	pooled	not available	not available	not available	not available	pooled	20250106_OA3_Evo07_ViAl_SA_FAIMS40_IO36_A556_MOMI_GBGD_P21_E12_R02	proteomic profiling by mass spectrometry	1	20250106_OA3_Evo07_ViAl_SA_FAIMS40_IO36_A556_MOMI_GBGD_P21_E12_R02.raw	v1.1.0	NT=ms-proteomics;VV=v1.1.0	NT=human;VV=v1.1.0	NT=dia-acquisition;VV=v1.1.0	NT=sdrf-skills;VV=v0.2.0	Data-independent acquisition	NT=Orbitrap Astral;AC=MS:1003378	NT=Trypsin;AC=MS:1001251	NT=Lys-C;AC=MS:1001309	label free sample	1	NT=HCD;AC=MS:1000422	25% NCE	10 ppm	10 ppm	NT=Dithiothreitol (DTT);AC=PRIDE:0000608	NT=Chloroacetamide (ClAA);AC=PRIDE:0000600	NT=Carbamidomethyl;AC=UNIMOD:4;TA=C;MT=Fixed	NT=Oxidation;AC=UNIMOD:35;TA=M;MT=Variable	NT=asymmetric track lossless time-of-flight analyzer;AC=MS:1003379	MOMI GBGD	2025-01-06	380m/z-980m/z	150m/z-2000m/z	not available	not available	4
MOMI_QC_GBGD_P21_F12	Homo sapiens	blood plasma	not applicable	1	pooled	not available	not available	not available	not available	pooled	20250106_OA3_Evo07_ViAl_SA_FAIMS40_IO36_A556_MOMI_GBGD_P21_F12_R02	proteomic profiling by mass spectrometry	1	20250106_OA3_Evo07_ViAl_SA_FAIMS40_IO36_A556_MOMI_GBGD_P21_F12_R02.raw	v1.1.0	NT=ms-proteomics;VV=v1.1.0	NT=human;VV=v1.1.0	NT=dia-acquisition;VV=v1.1.0	NT=sdrf-skills;VV=v0.2.0	Data-independent acquisition	NT=Orbitrap Astral;AC=MS:1003378	NT=Trypsin;AC=MS:1001251	NT=Lys-C;AC=MS:1001309	label free sample	1	NT=HCD;AC=MS:1000422	25% NCE	10 ppm	10 ppm	NT=Dithiothreitol (DTT);AC=PRIDE:0000608	NT=Chloroacetamide (ClAA);AC=PRIDE:0000600	NT=Carbamidomethyl;AC=UNIMOD:4;TA=C;MT=Fixed	NT=Oxidation;AC=UNIMOD:35;TA=M;MT=Variable	NT=asymmetric track lossless time-of-flight analyzer;AC=MS:1003379	MOMI GBGD	2025-01-06	380m/z-980m/z	150m/z-2000m/z	not available	not available	4
MOMI_QC_GBGD_P21_G12	Homo sapiens	blood plasma	not applicable	1	pooled	not available	not available	not available	not available	pooled	20250106_OA3_Evo07_ViAl_SA_FAIMS40_IO36_A556_MOMI_GBGD_P21_G12_R02	proteomic profiling by mass spectrometry	1	20250106_OA3_Evo07_ViAl_SA_FAIMS40_IO36_A556_MOMI_GBGD_P21_G12_R02.raw	v1.1.0	NT=ms-proteomics;VV=v1.1.0	NT=human;VV=v1.1.0	NT=dia-acquisition;VV=v1.1.0	NT=sdrf-skills;VV=v0.2.0	Data-independent acquisition	NT=Orbitrap Astral;AC=MS:1003378	NT=Trypsin;AC=MS:1001251	NT=Lys-C;AC=MS:1001309	label free sample	1	NT=HCD;AC=MS:1000422	25% NCE	10 ppm	10 ppm	NT=Dithiothreitol (DTT);AC=PRIDE:0000608	NT=Chloroacetamide (ClAA);AC=PRIDE:0000600	NT=Carbamidomethyl;AC=UNIMOD:4;TA=C;MT=Fixed	NT=Oxidation;AC=UNIMOD:35;TA=M;MT=Variable	NT=asymmetric track lossless time-of-flight analyzer;AC=MS:1003379	MOMI GBGD	2025-01-06	380m/z-980m/z	150m/z-2000m/z	not available	not available	4
MOMI_QC_GBGD_P21_H12	Homo sapiens	blood plasma	not applicable	1	pooled	not available	not available	not available	not available	pooled	20250106_OA3_Evo07_ViAl_SA_FAIMS40_IO36_A556_MOMI_GBGD_P21_H12_R02	proteomic profiling by mass spectrometry	1	20250106_OA3_Evo07_ViAl_SA_FAIMS40_IO36_A556_MOMI_GBGD_P21_H12_R02.raw	v1.1.0	NT=ms-proteomics;VV=v1.1.0	NT=human;VV=v1.1.0	NT=dia-acquisition;VV=v1.1.0	NT=sdrf-skills;VV=v0.2.0	Data-independent acquisition	NT=Orbitrap Astral;AC=MS:1003378	NT=Trypsin;AC=MS:1001251	NT=Lys-C;AC=MS:1001309	label free sample	1	NT=HCD;AC=MS:1000422	25% NCE	10 ppm	10 ppm	NT=Dithiothreitol (DTT);AC=PRIDE:0000608	NT=Chloroacetamide (ClAA);AC=PRIDE:0000600	NT=Carbamidomethyl;AC=UNIMOD:4;TA=C;MT=Fixed	NT=Oxidation;AC=UNIMOD:35;TA=M;MT=Variable	NT=asymmetric track lossless time-of-flight analyzer;AC=MS:1003379	MOMI GBGD	2025-01-06	380m/z-980m/z	150m/z-2000m/z	not available	not available	4
MOMI_QC_GBGD_P22_E12	Homo sapiens	blood plasma	not applicable	1	pooled	not available	not available	not available	not available	pooled	20250106_OA3_Evo07_ViAl_SA_FAIMS40_IO36_A556_MOMI_GBGD_P22_E12_R02	proteomic profiling by mass spectrometry	1	20250106_OA3_Evo07_ViAl_SA_FAIMS40_IO36_A556_MOMI_GBGD_P22_E12_R02.raw	v1.1.0	NT=ms-proteomics;VV=v1.1.0	NT=human;VV=v1.1.0	NT=dia-acquisition;VV=v1.1.0	NT=sdrf-skills;VV=v0.2.0	Data-independent acquisition	NT=Orbitrap Astral;AC=MS:1003378	NT=Trypsin;AC=MS:1001251	NT=Lys-C;AC=MS:1001309	label free sample	1	NT=HCD;AC=MS:1000422	25% NCE	10 ppm	10 ppm	NT=Dithiothreitol (DTT);AC=PRIDE:0000608	NT=Chloroacetamide (ClAA);AC=PRIDE:0000600	NT=Carbamidomethyl;AC=UNIMOD:4;TA=C;MT=Fixed	NT=Oxidation;AC=UNIMOD:35;TA=M;MT=Variable	NT=asymmetric track lossless time-of-flight analyzer;AC=MS:1003379	MOMI GBGD	2025-01-06	380m/z-980m/z	150m/z-2000m/z	not available	not available	4
MOMI_QC_GBGD_P22_F12	Homo sapiens	blood plasma	not applicable	1	pooled	not available	not available	not available	not available	pooled	20250106_OA3_Evo07_ViAl_SA_FAIMS40_IO36_A556_MOMI_GBGD_P22_F12_R02	proteomic profiling by mass spectrometry	1	20250106_OA3_Evo07_ViAl_SA_FAIMS40_IO36_A556_MOMI_GBGD_P22_F12_R02.raw	v1.1.0	NT=ms-proteomics;VV=v1.1.0	NT=human;VV=v1.1.0	NT=dia-acquisition;VV=v1.1.0	NT=sdrf-skills;VV=v0.2.0	Data-independent acquisition	NT=Orbitrap Astral;AC=MS:1003378	NT=Trypsin;AC=MS:1001251	NT=Lys-C;AC=MS:1001309	label free sample	1	NT=HCD;AC=MS:1000422	25% NCE	10 ppm	10 ppm	NT=Dithiothreitol (DTT);AC=PRIDE:0000608	NT=Chloroacetamide (ClAA);AC=PRIDE:0000600	NT=Carbamidomethyl;AC=UNIMOD:4;TA=C;MT=Fixed	NT=Oxidation;AC=UNIMOD:35;TA=M;MT=Variable	NT=asymmetric track lossless time-of-flight analyzer;AC=MS:1003379	MOMI GBGD	2025-01-06	380m/z-980m/z	150m/z-2000m/z	not available	not available	4
MOMI_QC_GBGD_P22_G12	Homo sapiens	blood plasma	not applicable	1	pooled	not available	not available	not available	not available	pooled	20250106_OA3_Evo07_ViAl_SA_FAIMS40_IO36_A556_MOMI_GBGD_P22_G12_R02	proteomic profiling by mass spectrometry	1	20250106_OA3_Evo07_ViAl_SA_FAIMS40_IO36_A556_MOMI_GBGD_P22_G12_R02.raw	v1.1.0	NT=ms-proteomics;VV=v1.1.0	NT=human;VV=v1.1.0	NT=dia-acquisition;VV=v1.1.0	NT=sdrf-skills;VV=v0.2.0	Data-independent acquisition	NT=Orbitrap Astral;AC=MS:1003378	NT=Trypsin;AC=MS:1001251	NT=Lys-C;AC=MS:1001309	label free sample	1	NT=HCD;AC=MS:1000422	25% NCE	10 ppm	10 ppm	NT=Dithiothreitol (DTT);AC=PRIDE:0000608	NT=Chloroacetamide (ClAA);AC=PRIDE:0000600	NT=Carbamidomethyl;AC=UNIMOD:4;TA=C;MT=Fixed	NT=Oxidation;AC=UNIMOD:35;TA=M;MT=Variable	NT=asymmetric track lossless time-of-flight analyzer;AC=MS:1003379	MOMI GBGD	2025-01-06	380m/z-980m/z	150m/z-2000m/z	not available	not available	4
MOMI_QC_GBGD_P22_H12	Homo sapiens	blood plasma	not applicable	1	pooled	not available	not available	not available	not available	pooled	20250106_OA3_Evo07_ViAl_SA_FAIMS40_IO36_A556_MOMI_GBGD_P22_H12_R02	proteomic profiling by mass spectrometry	1	20250106_OA3_Evo07_ViAl_SA_FAIMS40_IO36_A556_MOMI_GBGD_P22_H12_R02.raw	v1.1.0	NT=ms-proteomics;VV=v1.1.0	NT=human;VV=v1.1.0	NT=dia-acquisition;VV=v1.1.0	NT=sdrf-skills;VV=v0.2.0	Data-independent acquisition	NT=Orbitrap Astral;AC=MS:1003378	NT=Trypsin;AC=MS:1001251	NT=Lys-C;AC=MS:1001309	label free sample	1	NT=HCD;AC=MS:1000422	25% NCE	10 ppm	10 ppm	NT=Dithiothreitol (DTT);AC=PRIDE:0000608	NT=Chloroacetamide (ClAA);AC=PRIDE:0000600	NT=Carbamidomethyl;AC=UNIMOD:4;TA=C;MT=Fixed	NT=Oxidation;AC=UNIMOD:35;TA=M;MT=Variable	NT=asymmetric track lossless time-of-flight analyzer;AC=MS:1003379	MOMI GBGD	2025-01-06	380m/z-980m/z	150m/z-2000m/z	not available	not available	4
MOMI_QC_GBGD_P23_E12	Homo sapiens	blood plasma	not applicable	1	pooled	not available	not available	not available	not available	pooled	20250106_OA3_Evo07_ViAl_SA_FAIMS40_IO36_A556_MOMI_GBGD_P23_E12_R02	proteomic profiling by mass spectrometry	1	20250106_OA3_Evo07_ViAl_SA_FAIMS40_IO36_A556_MOMI_GBGD_P23_E12_R02.raw	v1.1.0	NT=ms-proteomics;VV=v1.1.0	NT=human;VV=v1.1.0	NT=dia-acquisition;VV=v1.1.0	NT=sdrf-skills;VV=v0.2.0	Data-independent acquisition	NT=Orbitrap Astral;AC=MS:1003378	NT=Trypsin;AC=MS:1001251	NT=Lys-C;AC=MS:1001309	label free sample	1	NT=HCD;AC=MS:1000422	25% NCE	10 ppm	10 ppm	NT=Dithiothreitol (DTT);AC=PRIDE:0000608	NT=Chloroacetamide (ClAA);AC=PRIDE:0000600	NT=Carbamidomethyl;AC=UNIMOD:4;TA=C;MT=Fixed	NT=Oxidation;AC=UNIMOD:35;TA=M;MT=Variable	NT=asymmetric track lossless time-of-flight analyzer;AC=MS:1003379	MOMI GBGD	2025-01-06	380m/z-980m/z	150m/z-2000m/z	not available	not available	4
MOMI_QC_GBGD_P23_F12	Homo sapiens	blood plasma	not applicable	1	pooled	not available	not available	not available	not available	pooled	20250106_OA3_Evo07_ViAl_SA_FAIMS40_IO36_A556_MOMI_GBGD_P23_F12_R02	proteomic profiling by mass spectrometry	1	20250106_OA3_Evo07_ViAl_SA_FAIMS40_IO36_A556_MOMI_GBGD_P23_F12_R02.raw	v1.1.0	NT=ms-proteomics;VV=v1.1.0	NT=human;VV=v1.1.0	NT=dia-acquisition;VV=v1.1.0	NT=sdrf-skills;VV=v0.2.0	Data-independent acquisition	NT=Orbitrap Astral;AC=MS:1003378	NT=Trypsin;AC=MS:1001251	NT=Lys-C;AC=MS:1001309	label free sample	1	NT=HCD;AC=MS:1000422	25% NCE	10 ppm	10 ppm	NT=Dithiothreitol (DTT);AC=PRIDE:0000608	NT=Chloroacetamide (ClAA);AC=PRIDE:0000600	NT=Carbamidomethyl;AC=UNIMOD:4;TA=C;MT=Fixed	NT=Oxidation;AC=UNIMOD:35;TA=M;MT=Variable	NT=asymmetric track lossless time-of-flight analyzer;AC=MS:1003379	MOMI GBGD	2025-01-06	380m/z-980m/z	150m/z-2000m/z	not available	not available	4
MOMI_QC_GBGD_P23_G12	Homo sapiens	blood plasma	not applicable	1	pooled	not available	not available	not available	not available	pooled	20250106_OA3_Evo07_ViAl_SA_FAIMS40_IO36_A556_MOMI_GBGD_P23_G12_R02	proteomic profiling by mass spectrometry	1	20250106_OA3_Evo07_ViAl_SA_FAIMS40_IO36_A556_MOMI_GBGD_P23_G12_R02.raw	v1.1.0	NT=ms-proteomics;VV=v1.1.0	NT=human;VV=v1.1.0	NT=dia-acquisition;VV=v1.1.0	NT=sdrf-skills;VV=v0.2.0	Data-independent acquisition	NT=Orbitrap Astral;AC=MS:1003378	NT=Trypsin;AC=MS:1001251	NT=Lys-C;AC=MS:1001309	label free sample	1	NT=HCD;AC=MS:1000422	25% NCE	10 ppm	10 ppm	NT=Dithiothreitol (DTT);AC=PRIDE:0000608	NT=Chloroacetamide (ClAA);AC=PRIDE:0000600	NT=Carbamidomethyl;AC=UNIMOD:4;TA=C;MT=Fixed	NT=Oxidation;AC=UNIMOD:35;TA=M;MT=Variable	NT=asymmetric track lossless time-of-flight analyzer;AC=MS:1003379	MOMI GBGD	2025-01-06	380m/z-980m/z	150m/z-2000m/z	not available	not available	4
MOMI_QC_GBGD_P23_H12	Homo sapiens	blood plasma	not applicable	1	pooled	not available	not available	not available	not available	pooled	20250106_OA3_Evo07_ViAl_SA_FAIMS40_IO36_A556_MOMI_GBGD_P23_H12_R02	proteomic profiling by mass spectrometry	1	20250106_OA3_Evo07_ViAl_SA_FAIMS40_IO36_A556_MOMI_GBGD_P23_H12_R02.raw	v1.1.0	NT=ms-proteomics;VV=v1.1.0	NT=human;VV=v1.1.0	NT=dia-acquisition;VV=v1.1.0	NT=sdrf-skills;VV=v0.2.0	Data-independent acquisition	NT=Orbitrap Astral;AC=MS:1003378	NT=Trypsin;AC=MS:1001251	NT=Lys-C;AC=MS:1001309	label free sample	1	NT=HCD;AC=MS:1000422	25% NCE	10 ppm	10 ppm	NT=Dithiothreitol (DTT);AC=PRIDE:0000608	NT=Chloroacetamide (ClAA);AC=PRIDE:0000600	NT=Carbamidomethyl;AC=UNIMOD:4;TA=C;MT=Fixed	NT=Oxidation;AC=UNIMOD:35;TA=M;MT=Variable	NT=asymmetric track lossless time-of-flight analyzer;AC=MS:1003379	MOMI GBGD	2025-01-06	380m/z-980m/z	150m/z-2000m/z	not available	not available	4
MOMI_QC_GBGD_P24_E12	Homo sapiens	blood plasma	not applicable	1	pooled	not available	not available	not available	not available	pooled	20250106_OA3_Evo07_ViAl_SA_FAIMS40_IO36_A556_MOMI_GBGD_P24_E12_R02	proteomic profiling by mass spectrometry	1	20250106_OA3_Evo07_ViAl_SA_FAIMS40_IO36_A556_MOMI_GBGD_P24_E12_R02.raw	v1.1.0	NT=ms-proteomics;VV=v1.1.0	NT=human;VV=v1.1.0	NT=dia-acquisition;VV=v1.1.0	NT=sdrf-skills;VV=v0.2.0	Data-independent acquisition	NT=Orbitrap Astral;AC=MS:1003378	NT=Trypsin;AC=MS:1001251	NT=Lys-C;AC=MS:1001309	label free sample	1	NT=HCD;AC=MS:1000422	25% NCE	10 ppm	10 ppm	NT=Dithiothreitol (DTT);AC=PRIDE:0000608	NT=Chloroacetamide (ClAA);AC=PRIDE:0000600	NT=Carbamidomethyl;AC=UNIMOD:4;TA=C;MT=Fixed	NT=Oxidation;AC=UNIMOD:35;TA=M;MT=Variable	NT=asymmetric track lossless time-of-flight analyzer;AC=MS:1003379	MOMI GBGD	2025-01-06	380m/z-980m/z	150m/z-2000m/z	not available	not available	4
MOMI_QC_GBGD_P24_F12	Homo sapiens	blood plasma	not applicable	1	pooled	not available	not available	not available	not available	pooled	20250106_OA3_Evo07_ViAl_SA_FAIMS40_IO36_A556_MOMI_GBGD_P24_F12_R02	proteomic profiling by mass spectrometry	1	20250106_OA3_Evo07_ViAl_SA_FAIMS40_IO36_A556_MOMI_GBGD_P24_F12_R02.raw	v1.1.0	NT=ms-proteomics;VV=v1.1.0	NT=human;VV=v1.1.0	NT=dia-acquisition;VV=v1.1.0	NT=sdrf-skills;VV=v0.2.0	Data-independent acquisition	NT=Orbitrap Astral;AC=MS:1003378	NT=Trypsin;AC=MS:1001251	NT=Lys-C;AC=MS:1001309	label free sample	1	NT=HCD;AC=MS:1000422	25% NCE	10 ppm	10 ppm	NT=Dithiothreitol (DTT);AC=PRIDE:0000608	NT=Chloroacetamide (ClAA);AC=PRIDE:0000600	NT=Carbamidomethyl;AC=UNIMOD:4;TA=C;MT=Fixed	NT=Oxidation;AC=UNIMOD:35;TA=M;MT=Variable	NT=asymmetric track lossless time-of-flight analyzer;AC=MS:1003379	MOMI GBGD	2025-01-06	380m/z-980m/z	150m/z-2000m/z	not available	not available	4
MOMI_QC_GBGD_P24_G12	Homo sapiens	blood plasma	not applicable	1	pooled	not available	not available	not available	not available	pooled	20250106_OA3_Evo07_ViAl_SA_FAIMS40_IO36_A556_MOMI_GBGD_P24_G12_R02	proteomic profiling by mass spectrometry	1	20250106_OA3_Evo07_ViAl_SA_FAIMS40_IO36_A556_MOMI_GBGD_P24_G12_R02.raw	v1.1.0	NT=ms-proteomics;VV=v1.1.0	NT=human;VV=v1.1.0	NT=dia-acquisition;VV=v1.1.0	NT=sdrf-skills;VV=v0.2.0	Data-independent acquisition	NT=Orbitrap Astral;AC=MS:1003378	NT=Trypsin;AC=MS:1001251	NT=Lys-C;AC=MS:1001309	label free sample	1	NT=HCD;AC=MS:1000422	25% NCE	10 ppm	10 ppm	NT=Dithiothreitol (DTT);AC=PRIDE:0000608	NT=Chloroacetamide (ClAA);AC=PRIDE:0000600	NT=Carbamidomethyl;AC=UNIMOD:4;TA=C;MT=Fixed	NT=Oxidation;AC=UNIMOD:35;TA=M;MT=Variable	NT=asymmetric track lossless time-of-flight analyzer;AC=MS:1003379	MOMI GBGD	2025-01-06	380m/z-980m/z	150m/z-2000m/z	not available	not available	4
MOMI_QC_GBGD_P24_H12	Homo sapiens	blood plasma	not applicable	1	pooled	not available	not available	not available	not available	pooled	20250106_OA3_Evo07_ViAl_SA_FAIMS40_IO36_A556_MOMI_GBGD_P24_H12_R02	proteomic profiling by mass spectrometry	1	20250106_OA3_Evo07_ViAl_SA_FAIMS40_IO36_A556_MOMI_GBGD_P24_H12_R02.raw	v1.1.0	NT=ms-proteomics;VV=v1.1.0	NT=human;VV=v1.1.0	NT=dia-acquisition;VV=v1.1.0	NT=sdrf-skills;VV=v0.2.0	Data-independent acquisition	NT=Orbitrap Astral;AC=MS:1003378	NT=Trypsin;AC=MS:1001251	NT=Lys-C;AC=MS:1001309	label free sample	1	NT=HCD;AC=MS:1000422	25% NCE	10 ppm	10 ppm	NT=Dithiothreitol (DTT);AC=PRIDE:0000608	NT=Chloroacetamide (ClAA);AC=PRIDE:0000600	NT=Carbamidomethyl;AC=UNIMOD:4;TA=C;MT=Fixed	NT=Oxidation;AC=UNIMOD:35;TA=M;MT=Variable	NT=asymmetric track lossless time-of-flight analyzer;AC=MS:1003379	MOMI GBGD	2025-01-06	380m/z-980m/z	150m/z-2000m/z	not available	not available	4
MOMI_QC_GBGD_P26_E12	Homo sapiens	blood plasma	not applicable	1	pooled	not available	not available	not available	not available	pooled	20250106_OA3_Evo07_ViAl_SA_FAIMS40_IO36_A556_MOMI_GBGD_P26_E12_R02	proteomic profiling by mass spectrometry	1	20250106_OA3_Evo07_ViAl_SA_FAIMS40_IO36_A556_MOMI_GBGD_P26_E12_R02.raw	v1.1.0	NT=ms-proteomics;VV=v1.1.0	NT=human;VV=v1.1.0	NT=dia-acquisition;VV=v1.1.0	NT=sdrf-skills;VV=v0.2.0	Data-independent acquisition	NT=Orbitrap Astral;AC=MS:1003378	NT=Trypsin;AC=MS:1001251	NT=Lys-C;AC=MS:1001309	label free sample	1	NT=HCD;AC=MS:1000422	25% NCE	10 ppm	10 ppm	NT=Dithiothreitol (DTT);AC=PRIDE:0000608	NT=Chloroacetamide (ClAA);AC=PRIDE:0000600	NT=Carbamidomethyl;AC=UNIMOD:4;TA=C;MT=Fixed	NT=Oxidation;AC=UNIMOD:35;TA=M;MT=Variable	NT=asymmetric track lossless time-of-flight analyzer;AC=MS:1003379	MOMI GBGD	2025-01-06	380m/z-980m/z	150m/z-2000m/z	not available	not available	4
MOMI_QC_GBGD_P26_F12	Homo sapiens	blood plasma	not applicable	1	pooled	not available	not available	not available	not available	pooled	20250106_OA3_Evo07_ViAl_SA_FAIMS40_IO36_A556_MOMI_GBGD_P26_F12_R02	proteomic profiling by mass spectrometry	1	20250106_OA3_Evo07_ViAl_SA_FAIMS40_IO36_A556_MOMI_GBGD_P26_F12_R02.raw	v1.1.0	NT=ms-proteomics;VV=v1.1.0	NT=human;VV=v1.1.0	NT=dia-acquisition;VV=v1.1.0	NT=sdrf-skills;VV=v0.2.0	Data-independent acquisition	NT=Orbitrap Astral;AC=MS:1003378	NT=Trypsin;AC=MS:1001251	NT=Lys-C;AC=MS:1001309	label free sample	1	NT=HCD;AC=MS:1000422	25% NCE	10 ppm	10 ppm	NT=Dithiothreitol (DTT);AC=PRIDE:0000608	NT=Chloroacetamide (ClAA);AC=PRIDE:0000600	NT=Carbamidomethyl;AC=UNIMOD:4;TA=C;MT=Fixed	NT=Oxidation;AC=UNIMOD:35;TA=M;MT=Variable	NT=asymmetric track lossless time-of-flight analyzer;AC=MS:1003379	MOMI GBGD	2025-01-06	380m/z-980m/z	150m/z-2000m/z	not available	not available	4
MOMI_QC_GBGD_P26_G12	Homo sapiens	blood plasma	not applicable	1	pooled	not available	not available	not available	not available	pooled	20250106_OA3_Evo07_ViAl_SA_FAIMS40_IO36_A556_MOMI_GBGD_P26_G12_R02	proteomic profiling by mass spectrometry	1	20250106_OA3_Evo07_ViAl_SA_FAIMS40_IO36_A556_MOMI_GBGD_P26_G12_R02.raw	v1.1.0	NT=ms-proteomics;VV=v1.1.0	NT=human;VV=v1.1.0	NT=dia-acquisition;VV=v1.1.0	NT=sdrf-skills;VV=v0.2.0	Data-independent acquisition	NT=Orbitrap Astral;AC=MS:1003378	NT=Trypsin;AC=MS:1001251	NT=Lys-C;AC=MS:1001309	label free sample	1	NT=HCD;AC=MS:1000422	25% NCE	10 ppm	10 ppm	NT=Dithiothreitol (DTT);AC=PRIDE:0000608	NT=Chloroacetamide (ClAA);AC=PRIDE:0000600	NT=Carbamidomethyl;AC=UNIMOD:4;TA=C;MT=Fixed	NT=Oxidation;AC=UNIMOD:35;TA=M;MT=Variable	NT=asymmetric track lossless time-of-flight analyzer;AC=MS:1003379	MOMI GBGD	2025-01-06	380m/z-980m/z	150m/z-2000m/z	not available	not available	4
MOMI_QC_GBGD_P26_H12	Homo sapiens	blood plasma	not applicable	1	pooled	not available	not available	not available	not available	pooled	20250106_OA3_Evo07_ViAl_SA_FAIMS40_IO36_A556_MOMI_GBGD_P26_H12_R02	proteomic profiling by mass spectrometry	1	20250106_OA3_Evo07_ViAl_SA_FAIMS40_IO36_A556_MOMI_GBGD_P26_H12_R02.raw	v1.1.0	NT=ms-proteomics;VV=v1.1.0	NT=human;VV=v1.1.0	NT=dia-acquisition;VV=v1.1.0	NT=sdrf-skills;VV=v0.2.0	Data-independent acquisition	NT=Orbitrap Astral;AC=MS:1003378	NT=Trypsin;AC=MS:1001251	NT=Lys-C;AC=MS:1001309	label free sample	1	NT=HCD;AC=MS:1000422	25% NCE	10 ppm	10 ppm	NT=Dithiothreitol (DTT);AC=PRIDE:0000608	NT=Chloroacetamide (ClAA);AC=PRIDE:0000600	NT=Carbamidomethyl;AC=UNIMOD:4;TA=C;MT=Fixed	NT=Oxidation;AC=UNIMOD:35;TA=M;MT=Variable	NT=asymmetric track lossless time-of-flight analyzer;AC=MS:1003379	MOMI GBGD	2025-01-06	380m/z-980m/z	150m/z-2000m/z	not available	not available	4
MOMI_QC_GBGD_P27_E12	Homo sapiens	blood plasma	not applicable	1	pooled	not available	not available	not available	not available	pooled	20250106_OA3_Evo07_ViAl_SA_FAIMS40_IO36_A556_MOMI_GBGD_P27_E12_R02	proteomic profiling by mass spectrometry	1	20250106_OA3_Evo07_ViAl_SA_FAIMS40_IO36_A556_MOMI_GBGD_P27_E12_R02.raw	v1.1.0	NT=ms-proteomics;VV=v1.1.0	NT=human;VV=v1.1.0	NT=dia-acquisition;VV=v1.1.0	NT=sdrf-skills;VV=v0.2.0	Data-independent acquisition	NT=Orbitrap Astral;AC=MS:1003378	NT=Trypsin;AC=MS:1001251	NT=Lys-C;AC=MS:1001309	label free sample	1	NT=HCD;AC=MS:1000422	25% NCE	10 ppm	10 ppm	NT=Dithiothreitol (DTT);AC=PRIDE:0000608	NT=Chloroacetamide (ClAA);AC=PRIDE:0000600	NT=Carbamidomethyl;AC=UNIMOD:4;TA=C;MT=Fixed	NT=Oxidation;AC=UNIMOD:35;TA=M;MT=Variable	NT=asymmetric track lossless time-of-flight analyzer;AC=MS:1003379	MOMI GBGD	2025-01-06	380m/z-980m/z	150m/z-2000m/z	not available	not available	4
MOMI_QC_GBGD_P27_F12	Homo sapiens	blood plasma	not applicable	1	pooled	not available	not available	not available	not available	pooled	20250106_OA3_Evo07_ViAl_SA_FAIMS40_IO36_A556_MOMI_GBGD_P27_F12_R02	proteomic profiling by mass spectrometry	1	20250106_OA3_Evo07_ViAl_SA_FAIMS40_IO36_A556_MOMI_GBGD_P27_F12_R02.raw	v1.1.0	NT=ms-proteomics;VV=v1.1.0	NT=human;VV=v1.1.0	NT=dia-acquisition;VV=v1.1.0	NT=sdrf-skills;VV=v0.2.0	Data-independent acquisition	NT=Orbitrap Astral;AC=MS:1003378	NT=Trypsin;AC=MS:1001251	NT=Lys-C;AC=MS:1001309	label free sample	1	NT=HCD;AC=MS:1000422	25% NCE	10 ppm	10 ppm	NT=Dithiothreitol (DTT);AC=PRIDE:0000608	NT=Chloroacetamide (ClAA);AC=PRIDE:0000600	NT=Carbamidomethyl;AC=UNIMOD:4;TA=C;MT=Fixed	NT=Oxidation;AC=UNIMOD:35;TA=M;MT=Variable	NT=asymmetric track lossless time-of-flight analyzer;AC=MS:1003379	MOMI GBGD	2025-01-06	380m/z-980m/z	150m/z-2000m/z	not available	not available	4
MOMI_QC_GBGD_P27_G12	Homo sapiens	blood plasma	not applicable	1	pooled	not available	not available	not available	not available	pooled	20250106_OA3_Evo07_ViAl_SA_FAIMS40_IO36_A556_MOMI_GBGD_P27_G12_R02	proteomic profiling by mass spectrometry	1	20250106_OA3_Evo07_ViAl_SA_FAIMS40_IO36_A556_MOMI_GBGD_P27_G12_R02.raw	v1.1.0	NT=ms-proteomics;VV=v1.1.0	NT=human;VV=v1.1.0	NT=dia-acquisition;VV=v1.1.0	NT=sdrf-skills;VV=v0.2.0	Data-independent acquisition	NT=Orbitrap Astral;AC=MS:1003378	NT=Trypsin;AC=MS:1001251	NT=Lys-C;AC=MS:1001309	label free sample	1	NT=HCD;AC=MS:1000422	25% NCE	10 ppm	10 ppm	NT=Dithiothreitol (DTT);AC=PRIDE:0000608	NT=Chloroacetamide (ClAA);AC=PRIDE:0000600	NT=Carbamidomethyl;AC=UNIMOD:4;TA=C;MT=Fixed	NT=Oxidation;AC=UNIMOD:35;TA=M;MT=Variable	NT=asymmetric track lossless time-of-flight analyzer;AC=MS:1003379	MOMI GBGD	2025-01-06	380m/z-980m/z	150m/z-2000m/z	not available	not available	4
MOMI_QC_GBGD_P27_H12	Homo sapiens	blood plasma	not applicable	1	pooled	not available	not available	not available	not available	pooled	20250106_OA3_Evo07_ViAl_SA_FAIMS40_IO36_A556_MOMI_GBGD_P27_H12_R02	proteomic profiling by mass spectrometry	1	20250106_OA3_Evo07_ViAl_SA_FAIMS40_IO36_A556_MOMI_GBGD_P27_H12_R02.raw	v1.1.0	NT=ms-proteomics;VV=v1.1.0	NT=human;VV=v1.1.0	NT=dia-acquisition;VV=v1.1.0	NT=sdrf-skills;VV=v0.2.0	Data-independent acquisition	NT=Orbitrap Astral;AC=MS:1003378	NT=Trypsin;AC=MS:1001251	NT=Lys-C;AC=MS:1001309	label free sample	1	NT=HCD;AC=MS:1000422	25% NCE	10 ppm	10 ppm	NT=Dithiothreitol (DTT);AC=PRIDE:0000608	NT=Chloroacetamide (ClAA);AC=PRIDE:0000600	NT=Carbamidomethyl;AC=UNIMOD:4;TA=C;MT=Fixed	NT=Oxidation;AC=UNIMOD:35;TA=M;MT=Variable	NT=asymmetric track lossless time-of-flight analyzer;AC=MS:1003379	MOMI GBGD	2025-01-06	380m/z-980m/z	150m/z-2000m/z	not available	not available	4
MOMI_QC_GBGD_P28_E12	Homo sapiens	blood plasma	not applicable	1	pooled	not available	not available	not available	not available	pooled	20250106_OA3_Evo07_ViAl_SA_FAIMS40_IO36_A556_MOMI_GBGD_P28_E12_R02	proteomic profiling by mass spectrometry	1	20250106_OA3_Evo07_ViAl_SA_FAIMS40_IO36_A556_MOMI_GBGD_P28_E12_R02.raw	v1.1.0	NT=ms-proteomics;VV=v1.1.0	NT=human;VV=v1.1.0	NT=dia-acquisition;VV=v1.1.0	NT=sdrf-skills;VV=v0.2.0	Data-independent acquisition	NT=Orbitrap Astral;AC=MS:1003378	NT=Trypsin;AC=MS:1001251	NT=Lys-C;AC=MS:1001309	label free sample	1	NT=HCD;AC=MS:1000422	25% NCE	10 ppm	10 ppm	NT=Dithiothreitol (DTT);AC=PRIDE:0000608	NT=Chloroacetamide (ClAA);AC=PRIDE:0000600	NT=Carbamidomethyl;AC=UNIMOD:4;TA=C;MT=Fixed	NT=Oxidation;AC=UNIMOD:35;TA=M;MT=Variable	NT=asymmetric track lossless time-of-flight analyzer;AC=MS:1003379	MOMI GBGD	2025-01-06	380m/z-980m/z	150m/z-2000m/z	not available	not available	4
MOMI_QC_GBGD_P28_F12	Homo sapiens	blood plasma	not applicable	1	pooled	not available	not available	not available	not available	pooled	20250106_OA3_Evo07_ViAl_SA_FAIMS40_IO36_A556_MOMI_GBGD_P28_F12_R02	proteomic profiling by mass spectrometry	1	20250106_OA3_Evo07_ViAl_SA_FAIMS40_IO36_A556_MOMI_GBGD_P28_F12_R02.raw	v1.1.0	NT=ms-proteomics;VV=v1.1.0	NT=human;VV=v1.1.0	NT=dia-acquisition;VV=v1.1.0	NT=sdrf-skills;VV=v0.2.0	Data-independent acquisition	NT=Orbitrap Astral;AC=MS:1003378	NT=Trypsin;AC=MS:1001251	NT=Lys-C;AC=MS:1001309	label free sample	1	NT=HCD;AC=MS:1000422	25% NCE	10 ppm	10 ppm	NT=Dithiothreitol (DTT);AC=PRIDE:0000608	NT=Chloroacetamide (ClAA);AC=PRIDE:0000600	NT=Carbamidomethyl;AC=UNIMOD:4;TA=C;MT=Fixed	NT=Oxidation;AC=UNIMOD:35;TA=M;MT=Variable	NT=asymmetric track lossless time-of-flight analyzer;AC=MS:1003379	MOMI GBGD	2025-01-06	380m/z-980m/z	150m/z-2000m/z	not available	not available	4
MOMI_QC_GBGD_P28_G12	Homo sapiens	blood plasma	not applicable	1	pooled	not available	not available	not available	not available	pooled	20250106_OA3_Evo07_ViAl_SA_FAIMS40_IO36_A556_MOMI_GBGD_P28_G12_R02	proteomic profiling by mass spectrometry	1	20250106_OA3_Evo07_ViAl_SA_FAIMS40_IO36_A556_MOMI_GBGD_P28_G12_R02.raw	v1.1.0	NT=ms-proteomics;VV=v1.1.0	NT=human;VV=v1.1.0	NT=dia-acquisition;VV=v1.1.0	NT=sdrf-skills;VV=v0.2.0	Data-independent acquisition	NT=Orbitrap Astral;AC=MS:1003378	NT=Trypsin;AC=MS:1001251	NT=Lys-C;AC=MS:1001309	label free sample	1	NT=HCD;AC=MS:1000422	25% NCE	10 ppm	10 ppm	NT=Dithiothreitol (DTT);AC=PRIDE:0000608	NT=Chloroacetamide (ClAA);AC=PRIDE:0000600	NT=Carbamidomethyl;AC=UNIMOD:4;TA=C;MT=Fixed	NT=Oxidation;AC=UNIMOD:35;TA=M;MT=Variable	NT=asymmetric track lossless time-of-flight analyzer;AC=MS:1003379	MOMI GBGD	2025-01-06	380m/z-980m/z	150m/z-2000m/z	not available	not available	4
MOMI_QC_GBGD_P28_H12	Homo sapiens	blood plasma	not applicable	1	pooled	not available	not available	not available	not available	pooled	20250106_OA3_Evo07_ViAl_SA_FAIMS40_IO36_A556_MOMI_GBGD_P28_H12_R02	proteomic profiling by mass spectrometry	1	20250106_OA3_Evo07_ViAl_SA_FAIMS40_IO36_A556_MOMI_GBGD_P28_H12_R02.raw	v1.1.0	NT=ms-proteomics;VV=v1.1.0	NT=human;VV=v1.1.0	NT=dia-acquisition;VV=v1.1.0	NT=sdrf-skills;VV=v0.2.0	Data-independent acquisition	NT=Orbitrap Astral;AC=MS:1003378	NT=Trypsin;AC=MS:1001251	NT=Lys-C;AC=MS:1001309	label free sample	1	NT=HCD;AC=MS:1000422	25% NCE	10 ppm	10 ppm	NT=Dithiothreitol (DTT);AC=PRIDE:0000608	NT=Chloroacetamide (ClAA);AC=PRIDE:0000600	NT=Carbamidomethyl;AC=UNIMOD:4;TA=C;MT=Fixed	NT=Oxidation;AC=UNIMOD:35;TA=M;MT=Variable	NT=asymmetric track lossless time-of-flight analyzer;AC=MS:1003379	MOMI GBGD	2025-01-06	380m/z-980m/z	150m/z-2000m/z	not available	not available	4
MOMI_QC_GBGD_P29_E12	Homo sapiens	blood plasma	not applicable	1	pooled	not available	not available	not available	not available	pooled	20250106_OA3_Evo07_ViAl_SA_FAIMS40_IO36_A556_MOMI_GBGD_P29_E12_R02	proteomic profiling by mass spectrometry	1	20250106_OA3_Evo07_ViAl_SA_FAIMS40_IO36_A556_MOMI_GBGD_P29_E12_R02.raw	v1.1.0	NT=ms-proteomics;VV=v1.1.0	NT=human;VV=v1.1.0	NT=dia-acquisition;VV=v1.1.0	NT=sdrf-skills;VV=v0.2.0	Data-independent acquisition	NT=Orbitrap Astral;AC=MS:1003378	NT=Trypsin;AC=MS:1001251	NT=Lys-C;AC=MS:1001309	label free sample	1	NT=HCD;AC=MS:1000422	25% NCE	10 ppm	10 ppm	NT=Dithiothreitol (DTT);AC=PRIDE:0000608	NT=Chloroacetamide (ClAA);AC=PRIDE:0000600	NT=Carbamidomethyl;AC=UNIMOD:4;TA=C;MT=Fixed	NT=Oxidation;AC=UNIMOD:35;TA=M;MT=Variable	NT=asymmetric track lossless time-of-flight analyzer;AC=MS:1003379	MOMI GBGD	2025-01-06	380m/z-980m/z	150m/z-2000m/z	not available	not available	4
MOMI_QC_GBGD_P29_F12	Homo sapiens	blood plasma	not applicable	1	pooled	not available	not available	not available	not available	pooled	20250106_OA3_Evo07_ViAl_SA_FAIMS40_IO36_A556_MOMI_GBGD_P29_F12_R02	proteomic profiling by mass spectrometry	1	20250106_OA3_Evo07_ViAl_SA_FAIMS40_IO36_A556_MOMI_GBGD_P29_F12_R02.raw	v1.1.0	NT=ms-proteomics;VV=v1.1.0	NT=human;VV=v1.1.0	NT=dia-acquisition;VV=v1.1.0	NT=sdrf-skills;VV=v0.2.0	Data-independent acquisition	NT=Orbitrap Astral;AC=MS:1003378	NT=Trypsin;AC=MS:1001251	NT=Lys-C;AC=MS:1001309	label free sample	1	NT=HCD;AC=MS:1000422	25% NCE	10 ppm	10 ppm	NT=Dithiothreitol (DTT);AC=PRIDE:0000608	NT=Chloroacetamide (ClAA);AC=PRIDE:0000600	NT=Carbamidomethyl;AC=UNIMOD:4;TA=C;MT=Fixed	NT=Oxidation;AC=UNIMOD:35;TA=M;MT=Variable	NT=asymmetric track lossless time-of-flight analyzer;AC=MS:1003379	MOMI GBGD	2025-01-06	380m/z-980m/z	150m/z-2000m/z	not available	not available	4
MOMI_QC_GBGD_P29_G12	Homo sapiens	blood plasma	not applicable	1	pooled	not available	not available	not available	not available	pooled	20250106_OA3_Evo07_ViAl_SA_FAIMS40_IO36_A556_MOMI_GBGD_P29_G12_R02	proteomic profiling by mass spectrometry	1	20250106_OA3_Evo07_ViAl_SA_FAIMS40_IO36_A556_MOMI_GBGD_P29_G12_R02.raw	v1.1.0	NT=ms-proteomics;VV=v1.1.0	NT=human;VV=v1.1.0	NT=dia-acquisition;VV=v1.1.0	NT=sdrf-skills;VV=v0.2.0	Data-independent acquisition	NT=Orbitrap Astral;AC=MS:1003378	NT=Trypsin;AC=MS:1001251	NT=Lys-C;AC=MS:1001309	label free sample	1	NT=HCD;AC=MS:1000422	25% NCE	10 ppm	10 ppm	NT=Dithiothreitol (DTT);AC=PRIDE:0000608	NT=Chloroacetamide (ClAA);AC=PRIDE:0000600	NT=Carbamidomethyl;AC=UNIMOD:4;TA=C;MT=Fixed	NT=Oxidation;AC=UNIMOD:35;TA=M;MT=Variable	NT=asymmetric track lossless time-of-flight analyzer;AC=MS:1003379	MOMI GBGD	2025-01-06	380m/z-980m/z	150m/z-2000m/z	not available	not available	4
MOMI_QC_GBGD_P29_H12	Homo sapiens	blood plasma	not applicable	1	pooled	not available	not available	not available	not available	pooled	20250106_OA3_Evo07_ViAl_SA_FAIMS40_IO36_A556_MOMI_GBGD_P29_H12_R02	proteomic profiling by mass spectrometry	1	20250106_OA3_Evo07_ViAl_SA_FAIMS40_IO36_A556_MOMI_GBGD_P29_H12_R02.raw	v1.1.0	NT=ms-proteomics;VV=v1.1.0	NT=human;VV=v1.1.0	NT=dia-acquisition;VV=v1.1.0	NT=sdrf-skills;VV=v0.2.0	Data-independent acquisition	NT=Orbitrap Astral;AC=MS:1003378	NT=Trypsin;AC=MS:1001251	NT=Lys-C;AC=MS:1001309	label free sample	1	NT=HCD;AC=MS:1000422	25% NCE	10 ppm	10 ppm	NT=Dithiothreitol (DTT);AC=PRIDE:0000608	NT=Chloroacetamide (ClAA);AC=PRIDE:0000600	NT=Carbamidomethyl;AC=UNIMOD:4;TA=C;MT=Fixed	NT=Oxidation;AC=UNIMOD:35;TA=M;MT=Variable	NT=asymmetric track lossless time-of-flight analyzer;AC=MS:1003379	MOMI GBGD	2025-01-06	380m/z-980m/z	150m/z-2000m/z	not available	not available	4
MOMI_QC_GBGD_P41_E12	Homo sapiens	blood plasma	not applicable	1	pooled	not available	not available	not available	not available	pooled	20250123_OA3_Evo07_ViAl_SA_FAIMS40_IO36_A556_MOMI_GBGD_P41_E12_R01	proteomic profiling by mass spectrometry	1	20250123_OA3_Evo07_ViAl_SA_FAIMS40_IO36_A556_MOMI_GBGD_P41_E12_R01.raw	v1.1.0	NT=ms-proteomics;VV=v1.1.0	NT=human;VV=v1.1.0	NT=dia-acquisition;VV=v1.1.0	NT=sdrf-skills;VV=v0.2.0	Data-independent acquisition	NT=Orbitrap Astral;AC=MS:1003378	NT=Trypsin;AC=MS:1001251	NT=Lys-C;AC=MS:1001309	label free sample	1	NT=HCD;AC=MS:1000422	25% NCE	10 ppm	10 ppm	NT=Dithiothreitol (DTT);AC=PRIDE:0000608	NT=Chloroacetamide (ClAA);AC=PRIDE:0000600	NT=Carbamidomethyl;AC=UNIMOD:4;TA=C;MT=Fixed	NT=Oxidation;AC=UNIMOD:35;TA=M;MT=Variable	NT=asymmetric track lossless time-of-flight analyzer;AC=MS:1003379	MOMI GBGD	2025-01-23	380m/z-980m/z	150m/z-2000m/z	not available	not available	4
MOMI_QC_GBGD_P41_F12	Homo sapiens	blood plasma	not applicable	1	pooled	not available	not available	not available	not available	pooled	20250123_OA3_Evo07_ViAl_SA_FAIMS40_IO36_A556_MOMI_GBGD_P41_F12_R01	proteomic profiling by mass spectrometry	1	20250123_OA3_Evo07_ViAl_SA_FAIMS40_IO36_A556_MOMI_GBGD_P41_F12_R01.raw	v1.1.0	NT=ms-proteomics;VV=v1.1.0	NT=human;VV=v1.1.0	NT=dia-acquisition;VV=v1.1.0	NT=sdrf-skills;VV=v0.2.0	Data-independent acquisition	NT=Orbitrap Astral;AC=MS:1003378	NT=Trypsin;AC=MS:1001251	NT=Lys-C;AC=MS:1001309	label free sample	1	NT=HCD;AC=MS:1000422	25% NCE	10 ppm	10 ppm	NT=Dithiothreitol (DTT);AC=PRIDE:0000608	NT=Chloroacetamide (ClAA);AC=PRIDE:0000600	NT=Carbamidomethyl;AC=UNIMOD:4;TA=C;MT=Fixed	NT=Oxidation;AC=UNIMOD:35;TA=M;MT=Variable	NT=asymmetric track lossless time-of-flight analyzer;AC=MS:1003379	MOMI GBGD	2025-01-23	380m/z-980m/z	150m/z-2000m/z	not available	not available	4
MOMI_QC_GBGD_P41_G12	Homo sapiens	blood plasma	not applicable	1	pooled	not available	not available	not available	not available	pooled	20250123_OA3_Evo07_ViAl_SA_FAIMS40_IO36_A556_MOMI_GBGD_P41_G12_R01	proteomic profiling by mass spectrometry	1	20250123_OA3_Evo07_ViAl_SA_FAIMS40_IO36_A556_MOMI_GBGD_P41_G12_R01.raw	v1.1.0	NT=ms-proteomics;VV=v1.1.0	NT=human;VV=v1.1.0	NT=dia-acquisition;VV=v1.1.0	NT=sdrf-skills;VV=v0.2.0	Data-independent acquisition	NT=Orbitrap Astral;AC=MS:1003378	NT=Trypsin;AC=MS:1001251	NT=Lys-C;AC=MS:1001309	label free sample	1	NT=HCD;AC=MS:1000422	25% NCE	10 ppm	10 ppm	NT=Dithiothreitol (DTT);AC=PRIDE:0000608	NT=Chloroacetamide (ClAA);AC=PRIDE:0000600	NT=Carbamidomethyl;AC=UNIMOD:4;TA=C;MT=Fixed	NT=Oxidation;AC=UNIMOD:35;TA=M;MT=Variable	NT=asymmetric track lossless time-of-flight analyzer;AC=MS:1003379	MOMI GBGD	2025-01-23	380m/z-980m/z	150m/z-2000m/z	not available	not available	4
MOMI_QC_GBGD_P41_H12	Homo sapiens	blood plasma	not applicable	1	pooled	not available	not available	not available	not available	pooled	20250123_OA3_Evo07_ViAl_SA_FAIMS40_IO36_A556_MOMI_GBGD_P41_H12_R01	proteomic profiling by mass spectrometry	1	20250123_OA3_Evo07_ViAl_SA_FAIMS40_IO36_A556_MOMI_GBGD_P41_H12_R01.raw	v1.1.0	NT=ms-proteomics;VV=v1.1.0	NT=human;VV=v1.1.0	NT=dia-acquisition;VV=v1.1.0	NT=sdrf-skills;VV=v0.2.0	Data-independent acquisition	NT=Orbitrap Astral;AC=MS:1003378	NT=Trypsin;AC=MS:1001251	NT=Lys-C;AC=MS:1001309	label free sample	1	NT=HCD;AC=MS:1000422	25% NCE	10 ppm	10 ppm	NT=Dithiothreitol (DTT);AC=PRIDE:0000608	NT=Chloroacetamide (ClAA);AC=PRIDE:0000600	NT=Carbamidomethyl;AC=UNIMOD:4;TA=C;MT=Fixed	NT=Oxidation;AC=UNIMOD:35;TA=M;MT=Variable	NT=asymmetric track lossless time-of-flight analyzer;AC=MS:1003379	MOMI GBGD	2025-01-23	380m/z-980m/z	150m/z-2000m/z	not available	not available	4
MOMI_QC_GBGD_P42_E12	Homo sapiens	blood plasma	not applicable	1	pooled	not available	not available	not available	not available	pooled	20250123_OA3_Evo07_ViAl_SA_FAIMS40_IO36_A556_MOMI_GBGD_P42_E12_R01	proteomic profiling by mass spectrometry	1	20250123_OA3_Evo07_ViAl_SA_FAIMS40_IO36_A556_MOMI_GBGD_P42_E12_R01.raw	v1.1.0	NT=ms-proteomics;VV=v1.1.0	NT=human;VV=v1.1.0	NT=dia-acquisition;VV=v1.1.0	NT=sdrf-skills;VV=v0.2.0	Data-independent acquisition	NT=Orbitrap Astral;AC=MS:1003378	NT=Trypsin;AC=MS:1001251	NT=Lys-C;AC=MS:1001309	label free sample	1	NT=HCD;AC=MS:1000422	25% NCE	10 ppm	10 ppm	NT=Dithiothreitol (DTT);AC=PRIDE:0000608	NT=Chloroacetamide (ClAA);AC=PRIDE:0000600	NT=Carbamidomethyl;AC=UNIMOD:4;TA=C;MT=Fixed	NT=Oxidation;AC=UNIMOD:35;TA=M;MT=Variable	NT=asymmetric track lossless time-of-flight analyzer;AC=MS:1003379	MOMI GBGD	2025-01-23	380m/z-980m/z	150m/z-2000m/z	not available	not available	4
MOMI_QC_GBGD_P42_F12	Homo sapiens	blood plasma	not applicable	1	pooled	not available	not available	not available	not available	pooled	20250123_OA3_Evo07_ViAl_SA_FAIMS40_IO36_A556_MOMI_GBGD_P42_F12_R01	proteomic profiling by mass spectrometry	1	20250123_OA3_Evo07_ViAl_SA_FAIMS40_IO36_A556_MOMI_GBGD_P42_F12_R01.raw	v1.1.0	NT=ms-proteomics;VV=v1.1.0	NT=human;VV=v1.1.0	NT=dia-acquisition;VV=v1.1.0	NT=sdrf-skills;VV=v0.2.0	Data-independent acquisition	NT=Orbitrap Astral;AC=MS:1003378	NT=Trypsin;AC=MS:1001251	NT=Lys-C;AC=MS:1001309	label free sample	1	NT=HCD;AC=MS:1000422	25% NCE	10 ppm	10 ppm	NT=Dithiothreitol (DTT);AC=PRIDE:0000608	NT=Chloroacetamide (ClAA);AC=PRIDE:0000600	NT=Carbamidomethyl;AC=UNIMOD:4;TA=C;MT=Fixed	NT=Oxidation;AC=UNIMOD:35;TA=M;MT=Variable	NT=asymmetric track lossless time-of-flight analyzer;AC=MS:1003379	MOMI GBGD	2025-01-23	380m/z-980m/z	150m/z-2000m/z	not available	not available	4
MOMI_QC_GBGD_P42_G12	Homo sapiens	blood plasma	not applicable	1	pooled	not available	not available	not available	not available	pooled	20250123_OA3_Evo07_ViAl_SA_FAIMS40_IO36_A556_MOMI_GBGD_P42_G12_R01	proteomic profiling by mass spectrometry	1	20250123_OA3_Evo07_ViAl_SA_FAIMS40_IO36_A556_MOMI_GBGD_P42_G12_R01.raw	v1.1.0	NT=ms-proteomics;VV=v1.1.0	NT=human;VV=v1.1.0	NT=dia-acquisition;VV=v1.1.0	NT=sdrf-skills;VV=v0.2.0	Data-independent acquisition	NT=Orbitrap Astral;AC=MS:1003378	NT=Trypsin;AC=MS:1001251	NT=Lys-C;AC=MS:1001309	label free sample	1	NT=HCD;AC=MS:1000422	25% NCE	10 ppm	10 ppm	NT=Dithiothreitol (DTT);AC=PRIDE:0000608	NT=Chloroacetamide (ClAA);AC=PRIDE:0000600	NT=Carbamidomethyl;AC=UNIMOD:4;TA=C;MT=Fixed	NT=Oxidation;AC=UNIMOD:35;TA=M;MT=Variable	NT=asymmetric track lossless time-of-flight analyzer;AC=MS:1003379	MOMI GBGD	2025-01-23	380m/z-980m/z	150m/z-2000m/z	not available	not available	4
MOMI_QC_GBGD_P42_H12	Homo sapiens	blood plasma	not applicable	1	pooled	not available	not available	not available	not available	pooled	20250123_OA3_Evo07_ViAl_SA_FAIMS40_IO36_A556_MOMI_GBGD_P42_H12_R01	proteomic profiling by mass spectrometry	1	20250123_OA3_Evo07_ViAl_SA_FAIMS40_IO36_A556_MOMI_GBGD_P42_H12_R01.raw	v1.1.0	NT=ms-proteomics;VV=v1.1.0	NT=human;VV=v1.1.0	NT=dia-acquisition;VV=v1.1.0	NT=sdrf-skills;VV=v0.2.0	Data-independent acquisition	NT=Orbitrap Astral;AC=MS:1003378	NT=Trypsin;AC=MS:1001251	NT=Lys-C;AC=MS:1001309	label free sample	1	NT=HCD;AC=MS:1000422	25% NCE	10 ppm	10 ppm	NT=Dithiothreitol (DTT);AC=PRIDE:0000608	NT=Chloroacetamide (ClAA);AC=PRIDE:0000600	NT=Carbamidomethyl;AC=UNIMOD:4;TA=C;MT=Fixed	NT=Oxidation;AC=UNIMOD:35;TA=M;MT=Variable	NT=asymmetric track lossless time-of-flight analyzer;AC=MS:1003379	MOMI GBGD	2025-01-23	380m/z-980m/z	150m/z-2000m/z	not available	not available	4
MOMI_QC_GBGD_P43_E12	Homo sapiens	blood plasma	not applicable	1	pooled	not available	not available	not available	not available	pooled	20250123_OA3_Evo07_ViAl_SA_FAIMS40_IO36_A556_MOMI_GBGD_P43_E12_R01	proteomic profiling by mass spectrometry	1	20250123_OA3_Evo07_ViAl_SA_FAIMS40_IO36_A556_MOMI_GBGD_P43_E12_R01.raw	v1.1.0	NT=ms-proteomics;VV=v1.1.0	NT=human;VV=v1.1.0	NT=dia-acquisition;VV=v1.1.0	NT=sdrf-skills;VV=v0.2.0	Data-independent acquisition	NT=Orbitrap Astral;AC=MS:1003378	NT=Trypsin;AC=MS:1001251	NT=Lys-C;AC=MS:1001309	label free sample	1	NT=HCD;AC=MS:1000422	25% NCE	10 ppm	10 ppm	NT=Dithiothreitol (DTT);AC=PRIDE:0000608	NT=Chloroacetamide (ClAA);AC=PRIDE:0000600	NT=Carbamidomethyl;AC=UNIMOD:4;TA=C;MT=Fixed	NT=Oxidation;AC=UNIMOD:35;TA=M;MT=Variable	NT=asymmetric track lossless time-of-flight analyzer;AC=MS:1003379	MOMI GBGD	2025-01-23	380m/z-980m/z	150m/z-2000m/z	not available	not available	4
MOMI_QC_GBGD_P43_F12	Homo sapiens	blood plasma	not applicable	1	pooled	not available	not available	not available	not available	pooled	20250123_OA3_Evo07_ViAl_SA_FAIMS40_IO36_A556_MOMI_GBGD_P43_F12_R01	proteomic profiling by mass spectrometry	1	20250123_OA3_Evo07_ViAl_SA_FAIMS40_IO36_A556_MOMI_GBGD_P43_F12_R01.raw	v1.1.0	NT=ms-proteomics;VV=v1.1.0	NT=human;VV=v1.1.0	NT=dia-acquisition;VV=v1.1.0	NT=sdrf-skills;VV=v0.2.0	Data-independent acquisition	NT=Orbitrap Astral;AC=MS:1003378	NT=Trypsin;AC=MS:1001251	NT=Lys-C;AC=MS:1001309	label free sample	1	NT=HCD;AC=MS:1000422	25% NCE	10 ppm	10 ppm	NT=Dithiothreitol (DTT);AC=PRIDE:0000608	NT=Chloroacetamide (ClAA);AC=PRIDE:0000600	NT=Carbamidomethyl;AC=UNIMOD:4;TA=C;MT=Fixed	NT=Oxidation;AC=UNIMOD:35;TA=M;MT=Variable	NT=asymmetric track lossless time-of-flight analyzer;AC=MS:1003379	MOMI GBGD	2025-01-23	380m/z-980m/z	150m/z-2000m/z	not available	not available	4
MOMI_QC_GBGD_P43_G12	Homo sapiens	blood plasma	not applicable	1	pooled	not available	not available	not available	not available	pooled	20250123_OA3_Evo07_ViAl_SA_FAIMS40_IO36_A556_MOMI_GBGD_P43_G12_R01	proteomic profiling by mass spectrometry	1	20250123_OA3_Evo07_ViAl_SA_FAIMS40_IO36_A556_MOMI_GBGD_P43_G12_R01.raw	v1.1.0	NT=ms-proteomics;VV=v1.1.0	NT=human;VV=v1.1.0	NT=dia-acquisition;VV=v1.1.0	NT=sdrf-skills;VV=v0.2.0	Data-independent acquisition	NT=Orbitrap Astral;AC=MS:1003378	NT=Trypsin;AC=MS:1001251	NT=Lys-C;AC=MS:1001309	label free sample	1	NT=HCD;AC=MS:1000422	25% NCE	10 ppm	10 ppm	NT=Dithiothreitol (DTT);AC=PRIDE:0000608	NT=Chloroacetamide (ClAA);AC=PRIDE:0000600	NT=Carbamidomethyl;AC=UNIMOD:4;TA=C;MT=Fixed	NT=Oxidation;AC=UNIMOD:35;TA=M;MT=Variable	NT=asymmetric track lossless time-of-flight analyzer;AC=MS:1003379	MOMI GBGD	2025-01-23	380m/z-980m/z	150m/z-2000m/z	not available	not available	4
MOMI_QC_GBGD_P43_H12	Homo sapiens	blood plasma	not applicable	1	pooled	not available	not available	not available	not available	pooled	20250123_OA3_Evo07_ViAl_SA_FAIMS40_IO36_A556_MOMI_GBGD_P43_H12_R01	proteomic profiling by mass spectrometry	1	20250123_OA3_Evo07_ViAl_SA_FAIMS40_IO36_A556_MOMI_GBGD_P43_H12_R01.raw	v1.1.0	NT=ms-proteomics;VV=v1.1.0	NT=human;VV=v1.1.0	NT=dia-acquisition;VV=v1.1.0	NT=sdrf-skills;VV=v0.2.0	Data-independent acquisition	NT=Orbitrap Astral;AC=MS:1003378	NT=Trypsin;AC=MS:1001251	NT=Lys-C;AC=MS:1001309	label free sample	1	NT=HCD;AC=MS:1000422	25% NCE	10 ppm	10 ppm	NT=Dithiothreitol (DTT);AC=PRIDE:0000608	NT=Chloroacetamide (ClAA);AC=PRIDE:0000600	NT=Carbamidomethyl;AC=UNIMOD:4;TA=C;MT=Fixed	NT=Oxidation;AC=UNIMOD:35;TA=M;MT=Variable	NT=asymmetric track lossless time-of-flight analyzer;AC=MS:1003379	MOMI GBGD	2025-01-23	380m/z-980m/z	150m/z-2000m/z	not available	not available	4
MOMI_QC_GBGD_P44_E12	Homo sapiens	blood plasma	not applicable	1	pooled	not available	not available	not available	not available	pooled	20250123_OA3_Evo07_ViAl_SA_FAIMS40_IO36_A556_MOMI_GBGD_P44_E12_R01	proteomic profiling by mass spectrometry	1	20250123_OA3_Evo07_ViAl_SA_FAIMS40_IO36_A556_MOMI_GBGD_P44_E12_R01.raw	v1.1.0	NT=ms-proteomics;VV=v1.1.0	NT=human;VV=v1.1.0	NT=dia-acquisition;VV=v1.1.0	NT=sdrf-skills;VV=v0.2.0	Data-independent acquisition	NT=Orbitrap Astral;AC=MS:1003378	NT=Trypsin;AC=MS:1001251	NT=Lys-C;AC=MS:1001309	label free sample	1	NT=HCD;AC=MS:1000422	25% NCE	10 ppm	10 ppm	NT=Dithiothreitol (DTT);AC=PRIDE:0000608	NT=Chloroacetamide (ClAA);AC=PRIDE:0000600	NT=Carbamidomethyl;AC=UNIMOD:4;TA=C;MT=Fixed	NT=Oxidation;AC=UNIMOD:35;TA=M;MT=Variable	NT=asymmetric track lossless time-of-flight analyzer;AC=MS:1003379	MOMI GBGD	2025-01-23	380m/z-980m/z	150m/z-2000m/z	not available	not available	4
MOMI_QC_GBGD_P44_F12	Homo sapiens	blood plasma	not applicable	1	pooled	not available	not available	not available	not available	pooled	20250123_OA3_Evo07_ViAl_SA_FAIMS40_IO36_A556_MOMI_GBGD_P44_F12_R01	proteomic profiling by mass spectrometry	1	20250123_OA3_Evo07_ViAl_SA_FAIMS40_IO36_A556_MOMI_GBGD_P44_F12_R01.raw	v1.1.0	NT=ms-proteomics;VV=v1.1.0	NT=human;VV=v1.1.0	NT=dia-acquisition;VV=v1.1.0	NT=sdrf-skills;VV=v0.2.0	Data-independent acquisition	NT=Orbitrap Astral;AC=MS:1003378	NT=Trypsin;AC=MS:1001251	NT=Lys-C;AC=MS:1001309	label free sample	1	NT=HCD;AC=MS:1000422	25% NCE	10 ppm	10 ppm	NT=Dithiothreitol (DTT);AC=PRIDE:0000608	NT=Chloroacetamide (ClAA);AC=PRIDE:0000600	NT=Carbamidomethyl;AC=UNIMOD:4;TA=C;MT=Fixed	NT=Oxidation;AC=UNIMOD:35;TA=M;MT=Variable	NT=asymmetric track lossless time-of-flight analyzer;AC=MS:1003379	MOMI GBGD	2025-01-23	380m/z-980m/z	150m/z-2000m/z	not available	not available	4
MOMI_QC_GBGD_P44_G12	Homo sapiens	blood plasma	not applicable	1	pooled	not available	not available	not available	not available	pooled	20250123_OA3_Evo07_ViAl_SA_FAIMS40_IO36_A556_MOMI_GBGD_P44_G12_R01	proteomic profiling by mass spectrometry	1	20250123_OA3_Evo07_ViAl_SA_FAIMS40_IO36_A556_MOMI_GBGD_P44_G12_R01.raw	v1.1.0	NT=ms-proteomics;VV=v1.1.0	NT=human;VV=v1.1.0	NT=dia-acquisition;VV=v1.1.0	NT=sdrf-skills;VV=v0.2.0	Data-independent acquisition	NT=Orbitrap Astral;AC=MS:1003378	NT=Trypsin;AC=MS:1001251	NT=Lys-C;AC=MS:1001309	label free sample	1	NT=HCD;AC=MS:1000422	25% NCE	10 ppm	10 ppm	NT=Dithiothreitol (DTT);AC=PRIDE:0000608	NT=Chloroacetamide (ClAA);AC=PRIDE:0000600	NT=Carbamidomethyl;AC=UNIMOD:4;TA=C;MT=Fixed	NT=Oxidation;AC=UNIMOD:35;TA=M;MT=Variable	NT=asymmetric track lossless time-of-flight analyzer;AC=MS:1003379	MOMI GBGD	2025-01-23	380m/z-980m/z	150m/z-2000m/z	not available	not available	4
MOMI_QC_GBGD_P44_H12	Homo sapiens	blood plasma	not applicable	1	pooled	not available	not available	not available	not available	pooled	20250123_OA3_Evo07_ViAl_SA_FAIMS40_IO36_A556_MOMI_GBGD_P44_H12_R01	proteomic profiling by mass spectrometry	1	20250123_OA3_Evo07_ViAl_SA_FAIMS40_IO36_A556_MOMI_GBGD_P44_H12_R01.raw	v1.1.0	NT=ms-proteomics;VV=v1.1.0	NT=human;VV=v1.1.0	NT=dia-acquisition;VV=v1.1.0	NT=sdrf-skills;VV=v0.2.0	Data-independent acquisition	NT=Orbitrap Astral;AC=MS:1003378	NT=Trypsin;AC=MS:1001251	NT=Lys-C;AC=MS:1001309	label free sample	1	NT=HCD;AC=MS:1000422	25% NCE	10 ppm	10 ppm	NT=Dithiothreitol (DTT);AC=PRIDE:0000608	NT=Chloroacetamide (ClAA);AC=PRIDE:0000600	NT=Carbamidomethyl;AC=UNIMOD:4;TA=C;MT=Fixed	NT=Oxidation;AC=UNIMOD:35;TA=M;MT=Variable	NT=asymmetric track lossless time-of-flight analyzer;AC=MS:1003379	MOMI GBGD	2025-01-23	380m/z-980m/z	150m/z-2000m/z	not available	not available	4
MOMI_QC_GBGD_P45_F12	Homo sapiens	blood plasma	not applicable	1	pooled	not available	not available	not available	not available	pooled	20250127_OA3_Evo07_ViAl_SA_FAIMS40_IO36_A556_MOMI_GBGD_P45_F12_R01	proteomic profiling by mass spectrometry	1	20250127_OA3_Evo07_ViAl_SA_FAIMS40_IO36_A556_MOMI_GBGD_P45_F12_R01.raw	v1.1.0	NT=ms-proteomics;VV=v1.1.0	NT=human;VV=v1.1.0	NT=dia-acquisition;VV=v1.1.0	NT=sdrf-skills;VV=v0.2.0	Data-independent acquisition	NT=Orbitrap Astral;AC=MS:1003378	NT=Trypsin;AC=MS:1001251	NT=Lys-C;AC=MS:1001309	label free sample	1	NT=HCD;AC=MS:1000422	25% NCE	10 ppm	10 ppm	NT=Dithiothreitol (DTT);AC=PRIDE:0000608	NT=Chloroacetamide (ClAA);AC=PRIDE:0000600	NT=Carbamidomethyl;AC=UNIMOD:4;TA=C;MT=Fixed	NT=Oxidation;AC=UNIMOD:35;TA=M;MT=Variable	NT=asymmetric track lossless time-of-flight analyzer;AC=MS:1003379	MOMI GBGD	2025-01-27	380m/z-980m/z	150m/z-2000m/z	not available	not available	4
MOMI_QC_GBGD_P45_E12	Homo sapiens	blood plasma	not applicable	1	pooled	not available	not available	not available	not available	pooled	20250127_OA3_Evo07_ViAl_SA_FAIMS40_IO39_A556_MOMI_GBGD_P45_E12_R01	proteomic profiling by mass spectrometry	1	20250127_OA3_Evo07_ViAl_SA_FAIMS40_IO39_A556_MOMI_GBGD_P45_E12_R01.raw	v1.1.0	NT=ms-proteomics;VV=v1.1.0	NT=human;VV=v1.1.0	NT=dia-acquisition;VV=v1.1.0	NT=sdrf-skills;VV=v0.2.0	Data-independent acquisition	NT=Orbitrap Astral;AC=MS:1003378	NT=Trypsin;AC=MS:1001251	NT=Lys-C;AC=MS:1001309	label free sample	1	NT=HCD;AC=MS:1000422	25% NCE	10 ppm	10 ppm	NT=Dithiothreitol (DTT);AC=PRIDE:0000608	NT=Chloroacetamide (ClAA);AC=PRIDE:0000600	NT=Carbamidomethyl;AC=UNIMOD:4;TA=C;MT=Fixed	NT=Oxidation;AC=UNIMOD:35;TA=M;MT=Variable	NT=asymmetric track lossless time-of-flight analyzer;AC=MS:1003379	MOMI GBGD	2025-01-27	380m/z-980m/z	150m/z-2000m/z	not available	not available	4
MOMI_QC_GBGD_P45_G12	Homo sapiens	blood plasma	not applicable	1	pooled	not available	not available	not available	not available	pooled	20250127_OA3_Evo07_ViAl_SA_FAIMS40_IO39_A556_MOMI_GBGD_P45_G12_R01	proteomic profiling by mass spectrometry	1	20250127_OA3_Evo07_ViAl_SA_FAIMS40_IO39_A556_MOMI_GBGD_P45_G12_R01.raw	v1.1.0	NT=ms-proteomics;VV=v1.1.0	NT=human;VV=v1.1.0	NT=dia-acquisition;VV=v1.1.0	NT=sdrf-skills;VV=v0.2.0	Data-independent acquisition	NT=Orbitrap Astral;AC=MS:1003378	NT=Trypsin;AC=MS:1001251	NT=Lys-C;AC=MS:1001309	label free sample	1	NT=HCD;AC=MS:1000422	25% NCE	10 ppm	10 ppm	NT=Dithiothreitol (DTT);AC=PRIDE:0000608	NT=Chloroacetamide (ClAA);AC=PRIDE:0000600	NT=Carbamidomethyl;AC=UNIMOD:4;TA=C;MT=Fixed	NT=Oxidation;AC=UNIMOD:35;TA=M;MT=Variable	NT=asymmetric track lossless time-of-flight analyzer;AC=MS:1003379	MOMI GBGD	2025-01-27	380m/z-980m/z	150m/z-2000m/z	not available	not available	4
MOMI_QC_GBGD_P45_H12	Homo sapiens	blood plasma	not applicable	1	pooled	not available	not available	not available	not available	pooled	20250127_OA3_Evo07_ViAl_SA_FAIMS40_IO39_A556_MOMI_GBGD_P45_H12_R01	proteomic profiling by mass spectrometry	1	20250127_OA3_Evo07_ViAl_SA_FAIMS40_IO39_A556_MOMI_GBGD_P45_H12_R01.raw	v1.1.0	NT=ms-proteomics;VV=v1.1.0	NT=human;VV=v1.1.0	NT=dia-acquisition;VV=v1.1.0	NT=sdrf-skills;VV=v0.2.0	Data-independent acquisition	NT=Orbitrap Astral;AC=MS:1003378	NT=Trypsin;AC=MS:1001251	NT=Lys-C;AC=MS:1001309	label free sample	1	NT=HCD;AC=MS:1000422	25% NCE	10 ppm	10 ppm	NT=Dithiothreitol (DTT);AC=PRIDE:0000608	NT=Chloroacetamide (ClAA);AC=PRIDE:0000600	NT=Carbamidomethyl;AC=UNIMOD:4;TA=C;MT=Fixed	NT=Oxidation;AC=UNIMOD:35;TA=M;MT=Variable	NT=asymmetric track lossless time-of-flight analyzer;AC=MS:1003379	MOMI GBGD	2025-01-27	380m/z-980m/z	150m/z-2000m/z	not available	not available	4
MOMI_QC_GBGD_P46_E12	Homo sapiens	blood plasma	not applicable	1	pooled	not available	not available	not available	not available	pooled	20250127_OA3_Evo07_ViAl_SA_FAIMS40_IO39_A556_MOMI_GBGD_P46_E12_R01	proteomic profiling by mass spectrometry	1	20250127_OA3_Evo07_ViAl_SA_FAIMS40_IO39_A556_MOMI_GBGD_P46_E12_R01.raw	v1.1.0	NT=ms-proteomics;VV=v1.1.0	NT=human;VV=v1.1.0	NT=dia-acquisition;VV=v1.1.0	NT=sdrf-skills;VV=v0.2.0	Data-independent acquisition	NT=Orbitrap Astral;AC=MS:1003378	NT=Trypsin;AC=MS:1001251	NT=Lys-C;AC=MS:1001309	label free sample	1	NT=HCD;AC=MS:1000422	25% NCE	10 ppm	10 ppm	NT=Dithiothreitol (DTT);AC=PRIDE:0000608	NT=Chloroacetamide (ClAA);AC=PRIDE:0000600	NT=Carbamidomethyl;AC=UNIMOD:4;TA=C;MT=Fixed	NT=Oxidation;AC=UNIMOD:35;TA=M;MT=Variable	NT=asymmetric track lossless time-of-flight analyzer;AC=MS:1003379	MOMI GBGD	2025-01-27	380m/z-980m/z	150m/z-2000m/z	not available	not available	4
MOMI_QC_GBGD_P46_F12	Homo sapiens	blood plasma	not applicable	1	pooled	not available	not available	not available	not available	pooled	20250127_OA3_Evo07_ViAl_SA_FAIMS40_IO39_A556_MOMI_GBGD_P46_F12_R01	proteomic profiling by mass spectrometry	1	20250127_OA3_Evo07_ViAl_SA_FAIMS40_IO39_A556_MOMI_GBGD_P46_F12_R01.raw	v1.1.0	NT=ms-proteomics;VV=v1.1.0	NT=human;VV=v1.1.0	NT=dia-acquisition;VV=v1.1.0	NT=sdrf-skills;VV=v0.2.0	Data-independent acquisition	NT=Orbitrap Astral;AC=MS:1003378	NT=Trypsin;AC=MS:1001251	NT=Lys-C;AC=MS:1001309	label free sample	1	NT=HCD;AC=MS:1000422	25% NCE	10 ppm	10 ppm	NT=Dithiothreitol (DTT);AC=PRIDE:0000608	NT=Chloroacetamide (ClAA);AC=PRIDE:0000600	NT=Carbamidomethyl;AC=UNIMOD:4;TA=C;MT=Fixed	NT=Oxidation;AC=UNIMOD:35;TA=M;MT=Variable	NT=asymmetric track lossless time-of-flight analyzer;AC=MS:1003379	MOMI GBGD	2025-01-27	380m/z-980m/z	150m/z-2000m/z	not available	not available	4
MOMI_QC_GBGD_P46_G12	Homo sapiens	blood plasma	not applicable	1	pooled	not available	not available	not available	not available	pooled	20250127_OA3_Evo07_ViAl_SA_FAIMS40_IO39_A556_MOMI_GBGD_P46_G12_R01	proteomic profiling by mass spectrometry	1	20250127_OA3_Evo07_ViAl_SA_FAIMS40_IO39_A556_MOMI_GBGD_P46_G12_R01.raw	v1.1.0	NT=ms-proteomics;VV=v1.1.0	NT=human;VV=v1.1.0	NT=dia-acquisition;VV=v1.1.0	NT=sdrf-skills;VV=v0.2.0	Data-independent acquisition	NT=Orbitrap Astral;AC=MS:1003378	NT=Trypsin;AC=MS:1001251	NT=Lys-C;AC=MS:1001309	label free sample	1	NT=HCD;AC=MS:1000422	25% NCE	10 ppm	10 ppm	NT=Dithiothreitol (DTT);AC=PRIDE:0000608	NT=Chloroacetamide (ClAA);AC=PRIDE:0000600	NT=Carbamidomethyl;AC=UNIMOD:4;TA=C;MT=Fixed	NT=Oxidation;AC=UNIMOD:35;TA=M;MT=Variable	NT=asymmetric track lossless time-of-flight analyzer;AC=MS:1003379	MOMI GBGD	2025-01-27	380m/z-980m/z	150m/z-2000m/z	not available	not available	4
MOMI_QC_GBGD_P46_H12	Homo sapiens	blood plasma	not applicable	1	pooled	not available	not available	not available	not available	pooled	20250127_OA3_Evo07_ViAl_SA_FAIMS40_IO39_A556_MOMI_GBGD_P46_H12_R01	proteomic profiling by mass spectrometry	1	20250127_OA3_Evo07_ViAl_SA_FAIMS40_IO39_A556_MOMI_GBGD_P46_H12_R01.raw	v1.1.0	NT=ms-proteomics;VV=v1.1.0	NT=human;VV=v1.1.0	NT=dia-acquisition;VV=v1.1.0	NT=sdrf-skills;VV=v0.2.0	Data-independent acquisition	NT=Orbitrap Astral;AC=MS:1003378	NT=Trypsin;AC=MS:1001251	NT=Lys-C;AC=MS:1001309	label free sample	1	NT=HCD;AC=MS:1000422	25% NCE	10 ppm	10 ppm	NT=Dithiothreitol (DTT);AC=PRIDE:0000608	NT=Chloroacetamide (ClAA);AC=PRIDE:0000600	NT=Carbamidomethyl;AC=UNIMOD:4;TA=C;MT=Fixed	NT=Oxidation;AC=UNIMOD:35;TA=M;MT=Variable	NT=asymmetric track lossless time-of-flight analyzer;AC=MS:1003379	MOMI GBGD	2025-01-27	380m/z-980m/z	150m/z-2000m/z	not available	not available	4
MOMI_QC_GBGD_P47_E12	Homo sapiens	blood plasma	not applicable	1	pooled	not available	not available	not available	not available	pooled	20250127_OA3_Evo07_ViAl_SA_FAIMS40_IO39_A556_MOMI_GBGD_P47_E12_R01	proteomic profiling by mass spectrometry	1	20250127_OA3_Evo07_ViAl_SA_FAIMS40_IO39_A556_MOMI_GBGD_P47_E12_R01.raw	v1.1.0	NT=ms-proteomics;VV=v1.1.0	NT=human;VV=v1.1.0	NT=dia-acquisition;VV=v1.1.0	NT=sdrf-skills;VV=v0.2.0	Data-independent acquisition	NT=Orbitrap Astral;AC=MS:1003378	NT=Trypsin;AC=MS:1001251	NT=Lys-C;AC=MS:1001309	label free sample	1	NT=HCD;AC=MS:1000422	25% NCE	10 ppm	10 ppm	NT=Dithiothreitol (DTT);AC=PRIDE:0000608	NT=Chloroacetamide (ClAA);AC=PRIDE:0000600	NT=Carbamidomethyl;AC=UNIMOD:4;TA=C;MT=Fixed	NT=Oxidation;AC=UNIMOD:35;TA=M;MT=Variable	NT=asymmetric track lossless time-of-flight analyzer;AC=MS:1003379	MOMI GBGD	2025-01-27	380m/z-980m/z	150m/z-2000m/z	not available	not available	4
MOMI_QC_GBGD_P47_F12	Homo sapiens	blood plasma	not applicable	1	pooled	not available	not available	not available	not available	pooled	20250127_OA3_Evo07_ViAl_SA_FAIMS40_IO39_A556_MOMI_GBGD_P47_F12_R01	proteomic profiling by mass spectrometry	1	20250127_OA3_Evo07_ViAl_SA_FAIMS40_IO39_A556_MOMI_GBGD_P47_F12_R01.raw	v1.1.0	NT=ms-proteomics;VV=v1.1.0	NT=human;VV=v1.1.0	NT=dia-acquisition;VV=v1.1.0	NT=sdrf-skills;VV=v0.2.0	Data-independent acquisition	NT=Orbitrap Astral;AC=MS:1003378	NT=Trypsin;AC=MS:1001251	NT=Lys-C;AC=MS:1001309	label free sample	1	NT=HCD;AC=MS:1000422	25% NCE	10 ppm	10 ppm	NT=Dithiothreitol (DTT);AC=PRIDE:0000608	NT=Chloroacetamide (ClAA);AC=PRIDE:0000600	NT=Carbamidomethyl;AC=UNIMOD:4;TA=C;MT=Fixed	NT=Oxidation;AC=UNIMOD:35;TA=M;MT=Variable	NT=asymmetric track lossless time-of-flight analyzer;AC=MS:1003379	MOMI GBGD	2025-01-27	380m/z-980m/z	150m/z-2000m/z	not available	not available	4
MOMI_QC_GBGD_P47_G12	Homo sapiens	blood plasma	not applicable	1	pooled	not available	not available	not available	not available	pooled	20250127_OA3_Evo07_ViAl_SA_FAIMS40_IO39_A556_MOMI_GBGD_P47_G12_R01	proteomic profiling by mass spectrometry	1	20250127_OA3_Evo07_ViAl_SA_FAIMS40_IO39_A556_MOMI_GBGD_P47_G12_R01.raw	v1.1.0	NT=ms-proteomics;VV=v1.1.0	NT=human;VV=v1.1.0	NT=dia-acquisition;VV=v1.1.0	NT=sdrf-skills;VV=v0.2.0	Data-independent acquisition	NT=Orbitrap Astral;AC=MS:1003378	NT=Trypsin;AC=MS:1001251	NT=Lys-C;AC=MS:1001309	label free sample	1	NT=HCD;AC=MS:1000422	25% NCE	10 ppm	10 ppm	NT=Dithiothreitol (DTT);AC=PRIDE:0000608	NT=Chloroacetamide (ClAA);AC=PRIDE:0000600	NT=Carbamidomethyl;AC=UNIMOD:4;TA=C;MT=Fixed	NT=Oxidation;AC=UNIMOD:35;TA=M;MT=Variable	NT=asymmetric track lossless time-of-flight analyzer;AC=MS:1003379	MOMI GBGD	2025-01-27	380m/z-980m/z	150m/z-2000m/z	not available	not available	4
MOMI_QC_GBGD_P47_H12	Homo sapiens	blood plasma	not applicable	1	pooled	not available	not available	not available	not available	pooled	20250127_OA3_Evo07_ViAl_SA_FAIMS40_IO39_A556_MOMI_GBGD_P47_H12_R01	proteomic profiling by mass spectrometry	1	20250127_OA3_Evo07_ViAl_SA_FAIMS40_IO39_A556_MOMI_GBGD_P47_H12_R01.raw	v1.1.0	NT=ms-proteomics;VV=v1.1.0	NT=human;VV=v1.1.0	NT=dia-acquisition;VV=v1.1.0	NT=sdrf-skills;VV=v0.2.0	Data-independent acquisition	NT=Orbitrap Astral;AC=MS:1003378	NT=Trypsin;AC=MS:1001251	NT=Lys-C;AC=MS:1001309	label free sample	1	NT=HCD;AC=MS:1000422	25% NCE	10 ppm	10 ppm	NT=Dithiothreitol (DTT);AC=PRIDE:0000608	NT=Chloroacetamide (ClAA);AC=PRIDE:0000600	NT=Carbamidomethyl;AC=UNIMOD:4;TA=C;MT=Fixed	NT=Oxidation;AC=UNIMOD:35;TA=M;MT=Variable	NT=asymmetric track lossless time-of-flight analyzer;AC=MS:1003379	MOMI GBGD	2025-01-27	380m/z-980m/z	150m/z-2000m/z	not available	not available	4
MOMI_QC_GBGD_P48_E12	Homo sapiens	blood plasma	not applicable	1	pooled	not available	not available	not available	not available	pooled	20250127_OA3_Evo07_ViAl_SA_FAIMS40_IO39_A556_MOMI_GBGD_P48_E12_R01	proteomic profiling by mass spectrometry	1	20250127_OA3_Evo07_ViAl_SA_FAIMS40_IO39_A556_MOMI_GBGD_P48_E12_R01.raw	v1.1.0	NT=ms-proteomics;VV=v1.1.0	NT=human;VV=v1.1.0	NT=dia-acquisition;VV=v1.1.0	NT=sdrf-skills;VV=v0.2.0	Data-independent acquisition	NT=Orbitrap Astral;AC=MS:1003378	NT=Trypsin;AC=MS:1001251	NT=Lys-C;AC=MS:1001309	label free sample	1	NT=HCD;AC=MS:1000422	25% NCE	10 ppm	10 ppm	NT=Dithiothreitol (DTT);AC=PRIDE:0000608	NT=Chloroacetamide (ClAA);AC=PRIDE:0000600	NT=Carbamidomethyl;AC=UNIMOD:4;TA=C;MT=Fixed	NT=Oxidation;AC=UNIMOD:35;TA=M;MT=Variable	NT=asymmetric track lossless time-of-flight analyzer;AC=MS:1003379	MOMI GBGD	2025-01-27	380m/z-980m/z	150m/z-2000m/z	not available	not available	4
MOMI_QC_GBGD_P48_F12	Homo sapiens	blood plasma	not applicable	1	pooled	not available	not available	not available	not available	pooled	20250127_OA3_Evo07_ViAl_SA_FAIMS40_IO39_A556_MOMI_GBGD_P48_F12_R01	proteomic profiling by mass spectrometry	1	20250127_OA3_Evo07_ViAl_SA_FAIMS40_IO39_A556_MOMI_GBGD_P48_F12_R01.raw	v1.1.0	NT=ms-proteomics;VV=v1.1.0	NT=human;VV=v1.1.0	NT=dia-acquisition;VV=v1.1.0	NT=sdrf-skills;VV=v0.2.0	Data-independent acquisition	NT=Orbitrap Astral;AC=MS:1003378	NT=Trypsin;AC=MS:1001251	NT=Lys-C;AC=MS:1001309	label free sample	1	NT=HCD;AC=MS:1000422	25% NCE	10 ppm	10 ppm	NT=Dithiothreitol (DTT);AC=PRIDE:0000608	NT=Chloroacetamide (ClAA);AC=PRIDE:0000600	NT=Carbamidomethyl;AC=UNIMOD:4;TA=C;MT=Fixed	NT=Oxidation;AC=UNIMOD:35;TA=M;MT=Variable	NT=asymmetric track lossless time-of-flight analyzer;AC=MS:1003379	MOMI GBGD	2025-01-27	380m/z-980m/z	150m/z-2000m/z	not available	not available	4
MOMI_QC_GBGD_P48_G12	Homo sapiens	blood plasma	not applicable	1	pooled	not available	not available	not available	not available	pooled	20250127_OA3_Evo07_ViAl_SA_FAIMS40_IO39_A556_MOMI_GBGD_P48_G12_R01	proteomic profiling by mass spectrometry	1	20250127_OA3_Evo07_ViAl_SA_FAIMS40_IO39_A556_MOMI_GBGD_P48_G12_R01.raw	v1.1.0	NT=ms-proteomics;VV=v1.1.0	NT=human;VV=v1.1.0	NT=dia-acquisition;VV=v1.1.0	NT=sdrf-skills;VV=v0.2.0	Data-independent acquisition	NT=Orbitrap Astral;AC=MS:1003378	NT=Trypsin;AC=MS:1001251	NT=Lys-C;AC=MS:1001309	label free sample	1	NT=HCD;AC=MS:1000422	25% NCE	10 ppm	10 ppm	NT=Dithiothreitol (DTT);AC=PRIDE:0000608	NT=Chloroacetamide (ClAA);AC=PRIDE:0000600	NT=Carbamidomethyl;AC=UNIMOD:4;TA=C;MT=Fixed	NT=Oxidation;AC=UNIMOD:35;TA=M;MT=Variable	NT=asymmetric track lossless time-of-flight analyzer;AC=MS:1003379	MOMI GBGD	2025-01-27	380m/z-980m/z	150m/z-2000m/z	not available	not available	4
MOMI_QC_GBGD_P48_H12	Homo sapiens	blood plasma	not applicable	1	pooled	not available	not available	not available	not available	pooled	20250127_OA3_Evo07_ViAl_SA_FAIMS40_IO39_A556_MOMI_GBGD_P48_H12_R01	proteomic profiling by mass spectrometry	1	20250127_OA3_Evo07_ViAl_SA_FAIMS40_IO39_A556_MOMI_GBGD_P48_H12_R01.raw	v1.1.0	NT=ms-proteomics;VV=v1.1.0	NT=human;VV=v1.1.0	NT=dia-acquisition;VV=v1.1.0	NT=sdrf-skills;VV=v0.2.0	Data-independent acquisition	NT=Orbitrap Astral;AC=MS:1003378	NT=Trypsin;AC=MS:1001251	NT=Lys-C;AC=MS:1001309	label free sample	1	NT=HCD;AC=MS:1000422	25% NCE	10 ppm	10 ppm	NT=Dithiothreitol (DTT);AC=PRIDE:0000608	NT=Chloroacetamide (ClAA);AC=PRIDE:0000600	NT=Carbamidomethyl;AC=UNIMOD:4;TA=C;MT=Fixed	NT=Oxidation;AC=UNIMOD:35;TA=M;MT=Variable	NT=asymmetric track lossless time-of-flight analyzer;AC=MS:1003379	MOMI GBGD	2025-01-27	380m/z-980m/z	150m/z-2000m/z	not available	not available	4
MOMI_QC_GBGD_P49_E12	Homo sapiens	blood plasma	not applicable	1	pooled	not available	not available	not available	not available	pooled	20250127_OA3_Evo07_ViAl_SA_FAIMS40_IO39_A556_MOMI_GBGD_P49_E12_R01	proteomic profiling by mass spectrometry	1	20250127_OA3_Evo07_ViAl_SA_FAIMS40_IO39_A556_MOMI_GBGD_P49_E12_R01.raw	v1.1.0	NT=ms-proteomics;VV=v1.1.0	NT=human;VV=v1.1.0	NT=dia-acquisition;VV=v1.1.0	NT=sdrf-skills;VV=v0.2.0	Data-independent acquisition	NT=Orbitrap Astral;AC=MS:1003378	NT=Trypsin;AC=MS:1001251	NT=Lys-C;AC=MS:1001309	label free sample	1	NT=HCD;AC=MS:1000422	25% NCE	10 ppm	10 ppm	NT=Dithiothreitol (DTT);AC=PRIDE:0000608	NT=Chloroacetamide (ClAA);AC=PRIDE:0000600	NT=Carbamidomethyl;AC=UNIMOD:4;TA=C;MT=Fixed	NT=Oxidation;AC=UNIMOD:35;TA=M;MT=Variable	NT=asymmetric track lossless time-of-flight analyzer;AC=MS:1003379	MOMI GBGD	2025-01-27	380m/z-980m/z	150m/z-2000m/z	not available	not available	4
MOMI_QC_GBGD_P49_F12	Homo sapiens	blood plasma	not applicable	1	pooled	not available	not available	not available	not available	pooled	20250127_OA3_Evo07_ViAl_SA_FAIMS40_IO39_A556_MOMI_GBGD_P49_F12_R01	proteomic profiling by mass spectrometry	1	20250127_OA3_Evo07_ViAl_SA_FAIMS40_IO39_A556_MOMI_GBGD_P49_F12_R01.raw	v1.1.0	NT=ms-proteomics;VV=v1.1.0	NT=human;VV=v1.1.0	NT=dia-acquisition;VV=v1.1.0	NT=sdrf-skills;VV=v0.2.0	Data-independent acquisition	NT=Orbitrap Astral;AC=MS:1003378	NT=Trypsin;AC=MS:1001251	NT=Lys-C;AC=MS:1001309	label free sample	1	NT=HCD;AC=MS:1000422	25% NCE	10 ppm	10 ppm	NT=Dithiothreitol (DTT);AC=PRIDE:0000608	NT=Chloroacetamide (ClAA);AC=PRIDE:0000600	NT=Carbamidomethyl;AC=UNIMOD:4;TA=C;MT=Fixed	NT=Oxidation;AC=UNIMOD:35;TA=M;MT=Variable	NT=asymmetric track lossless time-of-flight analyzer;AC=MS:1003379	MOMI GBGD	2025-01-27	380m/z-980m/z	150m/z-2000m/z	not available	not available	4
MOMI_QC_GBGD_P49_G12	Homo sapiens	blood plasma	not applicable	1	pooled	not available	not available	not available	not available	pooled	20250127_OA3_Evo07_ViAl_SA_FAIMS40_IO39_A556_MOMI_GBGD_P49_G12_R01	proteomic profiling by mass spectrometry	1	20250127_OA3_Evo07_ViAl_SA_FAIMS40_IO39_A556_MOMI_GBGD_P49_G12_R01.raw	v1.1.0	NT=ms-proteomics;VV=v1.1.0	NT=human;VV=v1.1.0	NT=dia-acquisition;VV=v1.1.0	NT=sdrf-skills;VV=v0.2.0	Data-independent acquisition	NT=Orbitrap Astral;AC=MS:1003378	NT=Trypsin;AC=MS:1001251	NT=Lys-C;AC=MS:1001309	label free sample	1	NT=HCD;AC=MS:1000422	25% NCE	10 ppm	10 ppm	NT=Dithiothreitol (DTT);AC=PRIDE:0000608	NT=Chloroacetamide (ClAA);AC=PRIDE:0000600	NT=Carbamidomethyl;AC=UNIMOD:4;TA=C;MT=Fixed	NT=Oxidation;AC=UNIMOD:35;TA=M;MT=Variable	NT=asymmetric track lossless time-of-flight analyzer;AC=MS:1003379	MOMI GBGD	2025-01-27	380m/z-980m/z	150m/z-2000m/z	not available	not available	4
MOMI_QC_GBGD_P49_H12	Homo sapiens	blood plasma	not applicable	1	pooled	not available	not available	not available	not available	pooled	20250127_OA3_Evo07_ViAl_SA_FAIMS40_IO39_A556_MOMI_GBGD_P49_H12_R01	proteomic profiling by mass spectrometry	1	20250127_OA3_Evo07_ViAl_SA_FAIMS40_IO39_A556_MOMI_GBGD_P49_H12_R01.raw	v1.1.0	NT=ms-proteomics;VV=v1.1.0	NT=human;VV=v1.1.0	NT=dia-acquisition;VV=v1.1.0	NT=sdrf-skills;VV=v0.2.0	Data-independent acquisition	NT=Orbitrap Astral;AC=MS:1003378	NT=Trypsin;AC=MS:1001251	NT=Lys-C;AC=MS:1001309	label free sample	1	NT=HCD;AC=MS:1000422	25% NCE	10 ppm	10 ppm	NT=Dithiothreitol (DTT);AC=PRIDE:0000608	NT=Chloroacetamide (ClAA);AC=PRIDE:0000600	NT=Carbamidomethyl;AC=UNIMOD:4;TA=C;MT=Fixed	NT=Oxidation;AC=UNIMOD:35;TA=M;MT=Variable	NT=asymmetric track lossless time-of-flight analyzer;AC=MS:1003379	MOMI GBGD	2025-01-27	380m/z-980m/z	150m/z-2000m/z	not available	not available	4
MOMI_QC_GBGD_P50_E12	Homo sapiens	blood plasma	not applicable	1	pooled	not available	not available	not available	not available	pooled	20250127_OA3_Evo07_ViAl_SA_FAIMS40_IO39_A556_MOMI_GBGD_P50_E12_R01	proteomic profiling by mass spectrometry	1	20250127_OA3_Evo07_ViAl_SA_FAIMS40_IO39_A556_MOMI_GBGD_P50_E12_R01.raw	v1.1.0	NT=ms-proteomics;VV=v1.1.0	NT=human;VV=v1.1.0	NT=dia-acquisition;VV=v1.1.0	NT=sdrf-skills;VV=v0.2.0	Data-independent acquisition	NT=Orbitrap Astral;AC=MS:1003378	NT=Trypsin;AC=MS:1001251	NT=Lys-C;AC=MS:1001309	label free sample	1	NT=HCD;AC=MS:1000422	25% NCE	10 ppm	10 ppm	NT=Dithiothreitol (DTT);AC=PRIDE:0000608	NT=Chloroacetamide (ClAA);AC=PRIDE:0000600	NT=Carbamidomethyl;AC=UNIMOD:4;TA=C;MT=Fixed	NT=Oxidation;AC=UNIMOD:35;TA=M;MT=Variable	NT=asymmetric track lossless time-of-flight analyzer;AC=MS:1003379	MOMI GBGD	2025-01-27	380m/z-980m/z	150m/z-2000m/z	not available	not available	4
MOMI_QC_GBGD_P50_F12	Homo sapiens	blood plasma	not applicable	1	pooled	not available	not available	not available	not available	pooled	20250127_OA3_Evo07_ViAl_SA_FAIMS40_IO39_A556_MOMI_GBGD_P50_F12_R01	proteomic profiling by mass spectrometry	1	20250127_OA3_Evo07_ViAl_SA_FAIMS40_IO39_A556_MOMI_GBGD_P50_F12_R01.raw	v1.1.0	NT=ms-proteomics;VV=v1.1.0	NT=human;VV=v1.1.0	NT=dia-acquisition;VV=v1.1.0	NT=sdrf-skills;VV=v0.2.0	Data-independent acquisition	NT=Orbitrap Astral;AC=MS:1003378	NT=Trypsin;AC=MS:1001251	NT=Lys-C;AC=MS:1001309	label free sample	1	NT=HCD;AC=MS:1000422	25% NCE	10 ppm	10 ppm	NT=Dithiothreitol (DTT);AC=PRIDE:0000608	NT=Chloroacetamide (ClAA);AC=PRIDE:0000600	NT=Carbamidomethyl;AC=UNIMOD:4;TA=C;MT=Fixed	NT=Oxidation;AC=UNIMOD:35;TA=M;MT=Variable	NT=asymmetric track lossless time-of-flight analyzer;AC=MS:1003379	MOMI GBGD	2025-01-27	380m/z-980m/z	150m/z-2000m/z	not available	not available	4
MOMI_QC_GBGD_P50_G12	Homo sapiens	blood plasma	not applicable	1	pooled	not available	not available	not available	not available	pooled	20250127_OA3_Evo07_ViAl_SA_FAIMS40_IO39_A556_MOMI_GBGD_P50_G12_R01	proteomic profiling by mass spectrometry	1	20250127_OA3_Evo07_ViAl_SA_FAIMS40_IO39_A556_MOMI_GBGD_P50_G12_R01.raw	v1.1.0	NT=ms-proteomics;VV=v1.1.0	NT=human;VV=v1.1.0	NT=dia-acquisition;VV=v1.1.0	NT=sdrf-skills;VV=v0.2.0	Data-independent acquisition	NT=Orbitrap Astral;AC=MS:1003378	NT=Trypsin;AC=MS:1001251	NT=Lys-C;AC=MS:1001309	label free sample	1	NT=HCD;AC=MS:1000422	25% NCE	10 ppm	10 ppm	NT=Dithiothreitol (DTT);AC=PRIDE:0000608	NT=Chloroacetamide (ClAA);AC=PRIDE:0000600	NT=Carbamidomethyl;AC=UNIMOD:4;TA=C;MT=Fixed	NT=Oxidation;AC=UNIMOD:35;TA=M;MT=Variable	NT=asymmetric track lossless time-of-flight analyzer;AC=MS:1003379	MOMI GBGD	2025-01-27	380m/z-980m/z	150m/z-2000m/z	not available	not available	4
MOMI_QC_GBGD_P50_H12	Homo sapiens	blood plasma	not applicable	1	pooled	not available	not available	not available	not available	pooled	20250127_OA3_Evo07_ViAl_SA_FAIMS40_IO39_A556_MOMI_GBGD_P50_H12_R01	proteomic profiling by mass spectrometry	1	20250127_OA3_Evo07_ViAl_SA_FAIMS40_IO39_A556_MOMI_GBGD_P50_H12_R01.raw	v1.1.0	NT=ms-proteomics;VV=v1.1.0	NT=human;VV=v1.1.0	NT=dia-acquisition;VV=v1.1.0	NT=sdrf-skills;VV=v0.2.0	Data-independent acquisition	NT=Orbitrap Astral;AC=MS:1003378	NT=Trypsin;AC=MS:1001251	NT=Lys-C;AC=MS:1001309	label free sample	1	NT=HCD;AC=MS:1000422	25% NCE	10 ppm	10 ppm	NT=Dithiothreitol (DTT);AC=PRIDE:0000608	NT=Chloroacetamide (ClAA);AC=PRIDE:0000600	NT=Carbamidomethyl;AC=UNIMOD:4;TA=C;MT=Fixed	NT=Oxidation;AC=UNIMOD:35;TA=M;MT=Variable	NT=asymmetric track lossless time-of-flight analyzer;AC=MS:1003379	MOMI GBGD	2025-01-27	380m/z-980m/z	150m/z-2000m/z	not available	not available	4
MOMI_QC_GBGD_P51_E12	Homo sapiens	blood plasma	not applicable	1	pooled	not available	not available	not available	not available	pooled	20250127_OA3_Evo07_ViAl_SA_FAIMS40_IO39_A556_MOMI_GBGD_P51_E12_R01	proteomic profiling by mass spectrometry	1	20250127_OA3_Evo07_ViAl_SA_FAIMS40_IO39_A556_MOMI_GBGD_P51_E12_R01.raw	v1.1.0	NT=ms-proteomics;VV=v1.1.0	NT=human;VV=v1.1.0	NT=dia-acquisition;VV=v1.1.0	NT=sdrf-skills;VV=v0.2.0	Data-independent acquisition	NT=Orbitrap Astral;AC=MS:1003378	NT=Trypsin;AC=MS:1001251	NT=Lys-C;AC=MS:1001309	label free sample	1	NT=HCD;AC=MS:1000422	25% NCE	10 ppm	10 ppm	NT=Dithiothreitol (DTT);AC=PRIDE:0000608	NT=Chloroacetamide (ClAA);AC=PRIDE:0000600	NT=Carbamidomethyl;AC=UNIMOD:4;TA=C;MT=Fixed	NT=Oxidation;AC=UNIMOD:35;TA=M;MT=Variable	NT=asymmetric track lossless time-of-flight analyzer;AC=MS:1003379	MOMI GBGD	2025-01-27	380m/z-980m/z	150m/z-2000m/z	not available	not available	4
MOMI_QC_GBGD_P51_F12	Homo sapiens	blood plasma	not applicable	1	pooled	not available	not available	not available	not available	pooled	20250127_OA3_Evo07_ViAl_SA_FAIMS40_IO39_A556_MOMI_GBGD_P51_F12_R01	proteomic profiling by mass spectrometry	1	20250127_OA3_Evo07_ViAl_SA_FAIMS40_IO39_A556_MOMI_GBGD_P51_F12_R01.raw	v1.1.0	NT=ms-proteomics;VV=v1.1.0	NT=human;VV=v1.1.0	NT=dia-acquisition;VV=v1.1.0	NT=sdrf-skills;VV=v0.2.0	Data-independent acquisition	NT=Orbitrap Astral;AC=MS:1003378	NT=Trypsin;AC=MS:1001251	NT=Lys-C;AC=MS:1001309	label free sample	1	NT=HCD;AC=MS:1000422	25% NCE	10 ppm	10 ppm	NT=Dithiothreitol (DTT);AC=PRIDE:0000608	NT=Chloroacetamide (ClAA);AC=PRIDE:0000600	NT=Carbamidomethyl;AC=UNIMOD:4;TA=C;MT=Fixed	NT=Oxidation;AC=UNIMOD:35;TA=M;MT=Variable	NT=asymmetric track lossless time-of-flight analyzer;AC=MS:1003379	MOMI GBGD	2025-01-27	380m/z-980m/z	150m/z-2000m/z	not available	not available	4
MOMI_QC_GBGD_P51_G12	Homo sapiens	blood plasma	not applicable	1	pooled	not available	not available	not available	not available	pooled	20250127_OA3_Evo07_ViAl_SA_FAIMS40_IO39_A556_MOMI_GBGD_P51_G12_R01	proteomic profiling by mass spectrometry	1	20250127_OA3_Evo07_ViAl_SA_FAIMS40_IO39_A556_MOMI_GBGD_P51_G12_R01.raw	v1.1.0	NT=ms-proteomics;VV=v1.1.0	NT=human;VV=v1.1.0	NT=dia-acquisition;VV=v1.1.0	NT=sdrf-skills;VV=v0.2.0	Data-independent acquisition	NT=Orbitrap Astral;AC=MS:1003378	NT=Trypsin;AC=MS:1001251	NT=Lys-C;AC=MS:1001309	label free sample	1	NT=HCD;AC=MS:1000422	25% NCE	10 ppm	10 ppm	NT=Dithiothreitol (DTT);AC=PRIDE:0000608	NT=Chloroacetamide (ClAA);AC=PRIDE:0000600	NT=Carbamidomethyl;AC=UNIMOD:4;TA=C;MT=Fixed	NT=Oxidation;AC=UNIMOD:35;TA=M;MT=Variable	NT=asymmetric track lossless time-of-flight analyzer;AC=MS:1003379	MOMI GBGD	2025-01-27	380m/z-980m/z	150m/z-2000m/z	not available	not available	4
MOMI_QC_GBGD_P51_H12	Homo sapiens	blood plasma	not applicable	1	pooled	not available	not available	not available	not available	pooled	20250127_OA3_Evo07_ViAl_SA_FAIMS40_IO39_A556_MOMI_GBGD_P51_H12_R01	proteomic profiling by mass spectrometry	1	20250127_OA3_Evo07_ViAl_SA_FAIMS40_IO39_A556_MOMI_GBGD_P51_H12_R01.raw	v1.1.0	NT=ms-proteomics;VV=v1.1.0	NT=human;VV=v1.1.0	NT=dia-acquisition;VV=v1.1.0	NT=sdrf-skills;VV=v0.2.0	Data-independent acquisition	NT=Orbitrap Astral;AC=MS:1003378	NT=Trypsin;AC=MS:1001251	NT=Lys-C;AC=MS:1001309	label free sample	1	NT=HCD;AC=MS:1000422	25% NCE	10 ppm	10 ppm	NT=Dithiothreitol (DTT);AC=PRIDE:0000608	NT=Chloroacetamide (ClAA);AC=PRIDE:0000600	NT=Carbamidomethyl;AC=UNIMOD:4;TA=C;MT=Fixed	NT=Oxidation;AC=UNIMOD:35;TA=M;MT=Variable	NT=asymmetric track lossless time-of-flight analyzer;AC=MS:1003379	MOMI GBGD	2025-01-27	380m/z-980m/z	150m/z-2000m/z	not available	not available	4
MOMI_QC_GBGD_P52_E12	Homo sapiens	blood plasma	not applicable	1	pooled	not available	not available	not available	not available	pooled	20250127_OA3_Evo07_ViAl_SA_FAIMS40_IO39_A556_MOMI_GBGD_P52_E12_R01	proteomic profiling by mass spectrometry	1	20250127_OA3_Evo07_ViAl_SA_FAIMS40_IO39_A556_MOMI_GBGD_P52_E12_R01.raw	v1.1.0	NT=ms-proteomics;VV=v1.1.0	NT=human;VV=v1.1.0	NT=dia-acquisition;VV=v1.1.0	NT=sdrf-skills;VV=v0.2.0	Data-independent acquisition	NT=Orbitrap Astral;AC=MS:1003378	NT=Trypsin;AC=MS:1001251	NT=Lys-C;AC=MS:1001309	label free sample	1	NT=HCD;AC=MS:1000422	25% NCE	10 ppm	10 ppm	NT=Dithiothreitol (DTT);AC=PRIDE:0000608	NT=Chloroacetamide (ClAA);AC=PRIDE:0000600	NT=Carbamidomethyl;AC=UNIMOD:4;TA=C;MT=Fixed	NT=Oxidation;AC=UNIMOD:35;TA=M;MT=Variable	NT=asymmetric track lossless time-of-flight analyzer;AC=MS:1003379	MOMI GBGD	2025-01-27	380m/z-980m/z	150m/z-2000m/z	not available	not available	4
MOMI_QC_GBGD_P52_F12	Homo sapiens	blood plasma	not applicable	1	pooled	not available	not available	not available	not available	pooled	20250127_OA3_Evo07_ViAl_SA_FAIMS40_IO39_A556_MOMI_GBGD_P52_F12_R01	proteomic profiling by mass spectrometry	1	20250127_OA3_Evo07_ViAl_SA_FAIMS40_IO39_A556_MOMI_GBGD_P52_F12_R01.raw	v1.1.0	NT=ms-proteomics;VV=v1.1.0	NT=human;VV=v1.1.0	NT=dia-acquisition;VV=v1.1.0	NT=sdrf-skills;VV=v0.2.0	Data-independent acquisition	NT=Orbitrap Astral;AC=MS:1003378	NT=Trypsin;AC=MS:1001251	NT=Lys-C;AC=MS:1001309	label free sample	1	NT=HCD;AC=MS:1000422	25% NCE	10 ppm	10 ppm	NT=Dithiothreitol (DTT);AC=PRIDE:0000608	NT=Chloroacetamide (ClAA);AC=PRIDE:0000600	NT=Carbamidomethyl;AC=UNIMOD:4;TA=C;MT=Fixed	NT=Oxidation;AC=UNIMOD:35;TA=M;MT=Variable	NT=asymmetric track lossless time-of-flight analyzer;AC=MS:1003379	MOMI GBGD	2025-01-27	380m/z-980m/z	150m/z-2000m/z	not available	not available	4
MOMI_QC_GBGD_P52_G12	Homo sapiens	blood plasma	not applicable	1	pooled	not available	not available	not available	not available	pooled	20250127_OA3_Evo07_ViAl_SA_FAIMS40_IO39_A556_MOMI_GBGD_P52_G12_R01	proteomic profiling by mass spectrometry	1	20250127_OA3_Evo07_ViAl_SA_FAIMS40_IO39_A556_MOMI_GBGD_P52_G12_R01.raw	v1.1.0	NT=ms-proteomics;VV=v1.1.0	NT=human;VV=v1.1.0	NT=dia-acquisition;VV=v1.1.0	NT=sdrf-skills;VV=v0.2.0	Data-independent acquisition	NT=Orbitrap Astral;AC=MS:1003378	NT=Trypsin;AC=MS:1001251	NT=Lys-C;AC=MS:1001309	label free sample	1	NT=HCD;AC=MS:1000422	25% NCE	10 ppm	10 ppm	NT=Dithiothreitol (DTT);AC=PRIDE:0000608	NT=Chloroacetamide (ClAA);AC=PRIDE:0000600	NT=Carbamidomethyl;AC=UNIMOD:4;TA=C;MT=Fixed	NT=Oxidation;AC=UNIMOD:35;TA=M;MT=Variable	NT=asymmetric track lossless time-of-flight analyzer;AC=MS:1003379	MOMI GBGD	2025-01-27	380m/z-980m/z	150m/z-2000m/z	not available	not available	4
MOMI_QC_GBGD_P52_H12	Homo sapiens	blood plasma	not applicable	1	pooled	not available	not available	not available	not available	pooled	20250127_OA3_Evo07_ViAl_SA_FAIMS40_IO39_A556_MOMI_GBGD_P52_H12_R01	proteomic profiling by mass spectrometry	1	20250127_OA3_Evo07_ViAl_SA_FAIMS40_IO39_A556_MOMI_GBGD_P52_H12_R01.raw	v1.1.0	NT=ms-proteomics;VV=v1.1.0	NT=human;VV=v1.1.0	NT=dia-acquisition;VV=v1.1.0	NT=sdrf-skills;VV=v0.2.0	Data-independent acquisition	NT=Orbitrap Astral;AC=MS:1003378	NT=Trypsin;AC=MS:1001251	NT=Lys-C;AC=MS:1001309	label free sample	1	NT=HCD;AC=MS:1000422	25% NCE	10 ppm	10 ppm	NT=Dithiothreitol (DTT);AC=PRIDE:0000608	NT=Chloroacetamide (ClAA);AC=PRIDE:0000600	NT=Carbamidomethyl;AC=UNIMOD:4;TA=C;MT=Fixed	NT=Oxidation;AC=UNIMOD:35;TA=M;MT=Variable	NT=asymmetric track lossless time-of-flight analyzer;AC=MS:1003379	MOMI GBGD	2025-01-27	380m/z-980m/z	150m/z-2000m/z	not available	not available	4
MOMI_QC_GBGD_P53_E12	Homo sapiens	blood plasma	not applicable	1	pooled	not available	not available	not available	not available	pooled	20250204_OA3_Evo07_ViAl_SA_FAIMS40_IO39_A556_MOMI_GBGD_P53_E12_R01	proteomic profiling by mass spectrometry	1	20250204_OA3_Evo07_ViAl_SA_FAIMS40_IO39_A556_MOMI_GBGD_P53_E12_R01.raw	v1.1.0	NT=ms-proteomics;VV=v1.1.0	NT=human;VV=v1.1.0	NT=dia-acquisition;VV=v1.1.0	NT=sdrf-skills;VV=v0.2.0	Data-independent acquisition	NT=Orbitrap Astral;AC=MS:1003378	NT=Trypsin;AC=MS:1001251	NT=Lys-C;AC=MS:1001309	label free sample	1	NT=HCD;AC=MS:1000422	25% NCE	10 ppm	10 ppm	NT=Dithiothreitol (DTT);AC=PRIDE:0000608	NT=Chloroacetamide (ClAA);AC=PRIDE:0000600	NT=Carbamidomethyl;AC=UNIMOD:4;TA=C;MT=Fixed	NT=Oxidation;AC=UNIMOD:35;TA=M;MT=Variable	NT=asymmetric track lossless time-of-flight analyzer;AC=MS:1003379	MOMI GBGD	2025-02-04	380m/z-980m/z	150m/z-2000m/z	not available	not available	4
MOMI_QC_GBGD_P53_F12	Homo sapiens	blood plasma	not applicable	1	pooled	not available	not available	not available	not available	pooled	20250204_OA3_Evo07_ViAl_SA_FAIMS40_IO39_A556_MOMI_GBGD_P53_F12_R01	proteomic profiling by mass spectrometry	1	20250204_OA3_Evo07_ViAl_SA_FAIMS40_IO39_A556_MOMI_GBGD_P53_F12_R01.raw	v1.1.0	NT=ms-proteomics;VV=v1.1.0	NT=human;VV=v1.1.0	NT=dia-acquisition;VV=v1.1.0	NT=sdrf-skills;VV=v0.2.0	Data-independent acquisition	NT=Orbitrap Astral;AC=MS:1003378	NT=Trypsin;AC=MS:1001251	NT=Lys-C;AC=MS:1001309	label free sample	1	NT=HCD;AC=MS:1000422	25% NCE	10 ppm	10 ppm	NT=Dithiothreitol (DTT);AC=PRIDE:0000608	NT=Chloroacetamide (ClAA);AC=PRIDE:0000600	NT=Carbamidomethyl;AC=UNIMOD:4;TA=C;MT=Fixed	NT=Oxidation;AC=UNIMOD:35;TA=M;MT=Variable	NT=asymmetric track lossless time-of-flight analyzer;AC=MS:1003379	MOMI GBGD	2025-02-04	380m/z-980m/z	150m/z-2000m/z	not available	not available	4
MOMI_QC_GBGD_P53_G12	Homo sapiens	blood plasma	not applicable	1	pooled	not available	not available	not available	not available	pooled	20250204_OA3_Evo07_ViAl_SA_FAIMS40_IO39_A556_MOMI_GBGD_P53_G12_R01	proteomic profiling by mass spectrometry	1	20250204_OA3_Evo07_ViAl_SA_FAIMS40_IO39_A556_MOMI_GBGD_P53_G12_R01.raw	v1.1.0	NT=ms-proteomics;VV=v1.1.0	NT=human;VV=v1.1.0	NT=dia-acquisition;VV=v1.1.0	NT=sdrf-skills;VV=v0.2.0	Data-independent acquisition	NT=Orbitrap Astral;AC=MS:1003378	NT=Trypsin;AC=MS:1001251	NT=Lys-C;AC=MS:1001309	label free sample	1	NT=HCD;AC=MS:1000422	25% NCE	10 ppm	10 ppm	NT=Dithiothreitol (DTT);AC=PRIDE:0000608	NT=Chloroacetamide (ClAA);AC=PRIDE:0000600	NT=Carbamidomethyl;AC=UNIMOD:4;TA=C;MT=Fixed	NT=Oxidation;AC=UNIMOD:35;TA=M;MT=Variable	NT=asymmetric track lossless time-of-flight analyzer;AC=MS:1003379	MOMI GBGD	2025-02-04	380m/z-980m/z	150m/z-2000m/z	not available	not available	4
MOMI_QC_GBGD_P53_H12	Homo sapiens	blood plasma	not applicable	1	pooled	not available	not available	not available	not available	pooled	20250204_OA3_Evo07_ViAl_SA_FAIMS40_IO39_A556_MOMI_GBGD_P53_H12_R01	proteomic profiling by mass spectrometry	1	20250204_OA3_Evo07_ViAl_SA_FAIMS40_IO39_A556_MOMI_GBGD_P53_H12_R01.raw	v1.1.0	NT=ms-proteomics;VV=v1.1.0	NT=human;VV=v1.1.0	NT=dia-acquisition;VV=v1.1.0	NT=sdrf-skills;VV=v0.2.0	Data-independent acquisition	NT=Orbitrap Astral;AC=MS:1003378	NT=Trypsin;AC=MS:1001251	NT=Lys-C;AC=MS:1001309	label free sample	1	NT=HCD;AC=MS:1000422	25% NCE	10 ppm	10 ppm	NT=Dithiothreitol (DTT);AC=PRIDE:0000608	NT=Chloroacetamide (ClAA);AC=PRIDE:0000600	NT=Carbamidomethyl;AC=UNIMOD:4;TA=C;MT=Fixed	NT=Oxidation;AC=UNIMOD:35;TA=M;MT=Variable	NT=asymmetric track lossless time-of-flight analyzer;AC=MS:1003379	MOMI GBGD	2025-02-04	380m/z-980m/z	150m/z-2000m/z	not available	not available	4
MOMI_QC_GBGD_P54_F12	Homo sapiens	blood plasma	not applicable	1	pooled	not available	not available	not available	not available	pooled	20250204_OA3_Evo07_ViAl_SA_FAIMS40_IO39_A556_MOMI_GBGD_P54_F12_R01	proteomic profiling by mass spectrometry	1	20250204_OA3_Evo07_ViAl_SA_FAIMS40_IO39_A556_MOMI_GBGD_P54_F12_R01.raw	v1.1.0	NT=ms-proteomics;VV=v1.1.0	NT=human;VV=v1.1.0	NT=dia-acquisition;VV=v1.1.0	NT=sdrf-skills;VV=v0.2.0	Data-independent acquisition	NT=Orbitrap Astral;AC=MS:1003378	NT=Trypsin;AC=MS:1001251	NT=Lys-C;AC=MS:1001309	label free sample	1	NT=HCD;AC=MS:1000422	25% NCE	10 ppm	10 ppm	NT=Dithiothreitol (DTT);AC=PRIDE:0000608	NT=Chloroacetamide (ClAA);AC=PRIDE:0000600	NT=Carbamidomethyl;AC=UNIMOD:4;TA=C;MT=Fixed	NT=Oxidation;AC=UNIMOD:35;TA=M;MT=Variable	NT=asymmetric track lossless time-of-flight analyzer;AC=MS:1003379	MOMI GBGD	2025-02-04	380m/z-980m/z	150m/z-2000m/z	not available	not available	4
MOMI_QC_GBGD_P54_G12	Homo sapiens	blood plasma	not applicable	1	pooled	not available	not available	not available	not available	pooled	20250204_OA3_Evo07_ViAl_SA_FAIMS40_IO39_A556_MOMI_GBGD_P54_G12_R01	proteomic profiling by mass spectrometry	1	20250204_OA3_Evo07_ViAl_SA_FAIMS40_IO39_A556_MOMI_GBGD_P54_G12_R01.raw	v1.1.0	NT=ms-proteomics;VV=v1.1.0	NT=human;VV=v1.1.0	NT=dia-acquisition;VV=v1.1.0	NT=sdrf-skills;VV=v0.2.0	Data-independent acquisition	NT=Orbitrap Astral;AC=MS:1003378	NT=Trypsin;AC=MS:1001251	NT=Lys-C;AC=MS:1001309	label free sample	1	NT=HCD;AC=MS:1000422	25% NCE	10 ppm	10 ppm	NT=Dithiothreitol (DTT);AC=PRIDE:0000608	NT=Chloroacetamide (ClAA);AC=PRIDE:0000600	NT=Carbamidomethyl;AC=UNIMOD:4;TA=C;MT=Fixed	NT=Oxidation;AC=UNIMOD:35;TA=M;MT=Variable	NT=asymmetric track lossless time-of-flight analyzer;AC=MS:1003379	MOMI GBGD	2025-02-04	380m/z-980m/z	150m/z-2000m/z	not available	not available	4
MOMI_QC_GBGD_P54_E12	Homo sapiens	blood plasma	not applicable	1	pooled	not available	not available	not available	not available	pooled	20250204_OA3_Evo07_ViAl_SA_FAIMS40_IO41_A556_MOMI_GBGD_P54_E12_R01	proteomic profiling by mass spectrometry	1	20250204_OA3_Evo07_ViAl_SA_FAIMS40_IO41_A556_MOMI_GBGD_P54_E12_R01.raw	v1.1.0	NT=ms-proteomics;VV=v1.1.0	NT=human;VV=v1.1.0	NT=dia-acquisition;VV=v1.1.0	NT=sdrf-skills;VV=v0.2.0	Data-independent acquisition	NT=Orbitrap Astral;AC=MS:1003378	NT=Trypsin;AC=MS:1001251	NT=Lys-C;AC=MS:1001309	label free sample	1	NT=HCD;AC=MS:1000422	25% NCE	10 ppm	10 ppm	NT=Dithiothreitol (DTT);AC=PRIDE:0000608	NT=Chloroacetamide (ClAA);AC=PRIDE:0000600	NT=Carbamidomethyl;AC=UNIMOD:4;TA=C;MT=Fixed	NT=Oxidation;AC=UNIMOD:35;TA=M;MT=Variable	NT=asymmetric track lossless time-of-flight analyzer;AC=MS:1003379	MOMI GBGD	2025-02-04	380m/z-980m/z	150m/z-2000m/z	not available	not available	4
MOMI_QC_GBGD_P54_H12	Homo sapiens	blood plasma	not applicable	1	pooled	not available	not available	not available	not available	pooled	20250204_OA3_Evo07_ViAl_SA_FAIMS40_IO41_A556_MOMI_GBGD_P54_H12_R01	proteomic profiling by mass spectrometry	1	20250204_OA3_Evo07_ViAl_SA_FAIMS40_IO41_A556_MOMI_GBGD_P54_H12_R01.raw	v1.1.0	NT=ms-proteomics;VV=v1.1.0	NT=human;VV=v1.1.0	NT=dia-acquisition;VV=v1.1.0	NT=sdrf-skills;VV=v0.2.0	Data-independent acquisition	NT=Orbitrap Astral;AC=MS:1003378	NT=Trypsin;AC=MS:1001251	NT=Lys-C;AC=MS:1001309	label free sample	1	NT=HCD;AC=MS:1000422	25% NCE	10 ppm	10 ppm	NT=Dithiothreitol (DTT);AC=PRIDE:0000608	NT=Chloroacetamide (ClAA);AC=PRIDE:0000600	NT=Carbamidomethyl;AC=UNIMOD:4;TA=C;MT=Fixed	NT=Oxidation;AC=UNIMOD:35;TA=M;MT=Variable	NT=asymmetric track lossless time-of-flight analyzer;AC=MS:1003379	MOMI GBGD	2025-02-04	380m/z-980m/z	150m/z-2000m/z	not available	not available	4
MOMI_QC_GBGD_P55_E12	Homo sapiens	blood plasma	not applicable	1	pooled	not available	not available	not available	not available	pooled	20250204_OA3_Evo07_ViAl_SA_FAIMS40_IO41_A556_MOMI_GBGD_P55_E12_R01	proteomic profiling by mass spectrometry	1	20250204_OA3_Evo07_ViAl_SA_FAIMS40_IO41_A556_MOMI_GBGD_P55_E12_R01.raw	v1.1.0	NT=ms-proteomics;VV=v1.1.0	NT=human;VV=v1.1.0	NT=dia-acquisition;VV=v1.1.0	NT=sdrf-skills;VV=v0.2.0	Data-independent acquisition	NT=Orbitrap Astral;AC=MS:1003378	NT=Trypsin;AC=MS:1001251	NT=Lys-C;AC=MS:1001309	label free sample	1	NT=HCD;AC=MS:1000422	25% NCE	10 ppm	10 ppm	NT=Dithiothreitol (DTT);AC=PRIDE:0000608	NT=Chloroacetamide (ClAA);AC=PRIDE:0000600	NT=Carbamidomethyl;AC=UNIMOD:4;TA=C;MT=Fixed	NT=Oxidation;AC=UNIMOD:35;TA=M;MT=Variable	NT=asymmetric track lossless time-of-flight analyzer;AC=MS:1003379	MOMI GBGD	2025-02-04	380m/z-980m/z	150m/z-2000m/z	not available	not available	4
MOMI_QC_GBGD_P55_F12	Homo sapiens	blood plasma	not applicable	1	pooled	not available	not available	not available	not available	pooled	20250204_OA3_Evo07_ViAl_SA_FAIMS40_IO41_A556_MOMI_GBGD_P55_F12_R01	proteomic profiling by mass spectrometry	1	20250204_OA3_Evo07_ViAl_SA_FAIMS40_IO41_A556_MOMI_GBGD_P55_F12_R01.raw	v1.1.0	NT=ms-proteomics;VV=v1.1.0	NT=human;VV=v1.1.0	NT=dia-acquisition;VV=v1.1.0	NT=sdrf-skills;VV=v0.2.0	Data-independent acquisition	NT=Orbitrap Astral;AC=MS:1003378	NT=Trypsin;AC=MS:1001251	NT=Lys-C;AC=MS:1001309	label free sample	1	NT=HCD;AC=MS:1000422	25% NCE	10 ppm	10 ppm	NT=Dithiothreitol (DTT);AC=PRIDE:0000608	NT=Chloroacetamide (ClAA);AC=PRIDE:0000600	NT=Carbamidomethyl;AC=UNIMOD:4;TA=C;MT=Fixed	NT=Oxidation;AC=UNIMOD:35;TA=M;MT=Variable	NT=asymmetric track lossless time-of-flight analyzer;AC=MS:1003379	MOMI GBGD	2025-02-04	380m/z-980m/z	150m/z-2000m/z	not available	not available	4
MOMI_QC_GBGD_P55_G12	Homo sapiens	blood plasma	not applicable	1	pooled	not available	not available	not available	not available	pooled	20250204_OA3_Evo07_ViAl_SA_FAIMS40_IO41_A556_MOMI_GBGD_P55_G12_R01	proteomic profiling by mass spectrometry	1	20250204_OA3_Evo07_ViAl_SA_FAIMS40_IO41_A556_MOMI_GBGD_P55_G12_R01.raw	v1.1.0	NT=ms-proteomics;VV=v1.1.0	NT=human;VV=v1.1.0	NT=dia-acquisition;VV=v1.1.0	NT=sdrf-skills;VV=v0.2.0	Data-independent acquisition	NT=Orbitrap Astral;AC=MS:1003378	NT=Trypsin;AC=MS:1001251	NT=Lys-C;AC=MS:1001309	label free sample	1	NT=HCD;AC=MS:1000422	25% NCE	10 ppm	10 ppm	NT=Dithiothreitol (DTT);AC=PRIDE:0000608	NT=Chloroacetamide (ClAA);AC=PRIDE:0000600	NT=Carbamidomethyl;AC=UNIMOD:4;TA=C;MT=Fixed	NT=Oxidation;AC=UNIMOD:35;TA=M;MT=Variable	NT=asymmetric track lossless time-of-flight analyzer;AC=MS:1003379	MOMI GBGD	2025-02-04	380m/z-980m/z	150m/z-2000m/z	not available	not available	4
MOMI_QC_GBGD_P55_H12	Homo sapiens	blood plasma	not applicable	1	pooled	not available	not available	not available	not available	pooled	20250204_OA3_Evo07_ViAl_SA_FAIMS40_IO41_A556_MOMI_GBGD_P55_H12_R01	proteomic profiling by mass spectrometry	1	20250204_OA3_Evo07_ViAl_SA_FAIMS40_IO41_A556_MOMI_GBGD_P55_H12_R01.raw	v1.1.0	NT=ms-proteomics;VV=v1.1.0	NT=human;VV=v1.1.0	NT=dia-acquisition;VV=v1.1.0	NT=sdrf-skills;VV=v0.2.0	Data-independent acquisition	NT=Orbitrap Astral;AC=MS:1003378	NT=Trypsin;AC=MS:1001251	NT=Lys-C;AC=MS:1001309	label free sample	1	NT=HCD;AC=MS:1000422	25% NCE	10 ppm	10 ppm	NT=Dithiothreitol (DTT);AC=PRIDE:0000608	NT=Chloroacetamide (ClAA);AC=PRIDE:0000600	NT=Carbamidomethyl;AC=UNIMOD:4;TA=C;MT=Fixed	NT=Oxidation;AC=UNIMOD:35;TA=M;MT=Variable	NT=asymmetric track lossless time-of-flight analyzer;AC=MS:1003379	MOMI GBGD	2025-02-04	380m/z-980m/z	150m/z-2000m/z	not available	not available	4
MOMI_QC_GBGD_P56_E12	Homo sapiens	blood plasma	not applicable	1	pooled	not available	not available	not available	not available	pooled	20250204_OA3_Evo07_ViAl_SA_FAIMS40_IO41_A556_MOMI_GBGD_P56_E12_R01	proteomic profiling by mass spectrometry	1	20250204_OA3_Evo07_ViAl_SA_FAIMS40_IO41_A556_MOMI_GBGD_P56_E12_R01.raw	v1.1.0	NT=ms-proteomics;VV=v1.1.0	NT=human;VV=v1.1.0	NT=dia-acquisition;VV=v1.1.0	NT=sdrf-skills;VV=v0.2.0	Data-independent acquisition	NT=Orbitrap Astral;AC=MS:1003378	NT=Trypsin;AC=MS:1001251	NT=Lys-C;AC=MS:1001309	label free sample	1	NT=HCD;AC=MS:1000422	25% NCE	10 ppm	10 ppm	NT=Dithiothreitol (DTT);AC=PRIDE:0000608	NT=Chloroacetamide (ClAA);AC=PRIDE:0000600	NT=Carbamidomethyl;AC=UNIMOD:4;TA=C;MT=Fixed	NT=Oxidation;AC=UNIMOD:35;TA=M;MT=Variable	NT=asymmetric track lossless time-of-flight analyzer;AC=MS:1003379	MOMI GBGD	2025-02-04	380m/z-980m/z	150m/z-2000m/z	not available	not available	4
MOMI_QC_GBGD_P56_F12	Homo sapiens	blood plasma	not applicable	1	pooled	not available	not available	not available	not available	pooled	20250204_OA3_Evo07_ViAl_SA_FAIMS40_IO41_A556_MOMI_GBGD_P56_F12_R01	proteomic profiling by mass spectrometry	1	20250204_OA3_Evo07_ViAl_SA_FAIMS40_IO41_A556_MOMI_GBGD_P56_F12_R01.raw	v1.1.0	NT=ms-proteomics;VV=v1.1.0	NT=human;VV=v1.1.0	NT=dia-acquisition;VV=v1.1.0	NT=sdrf-skills;VV=v0.2.0	Data-independent acquisition	NT=Orbitrap Astral;AC=MS:1003378	NT=Trypsin;AC=MS:1001251	NT=Lys-C;AC=MS:1001309	label free sample	1	NT=HCD;AC=MS:1000422	25% NCE	10 ppm	10 ppm	NT=Dithiothreitol (DTT);AC=PRIDE:0000608	NT=Chloroacetamide (ClAA);AC=PRIDE:0000600	NT=Carbamidomethyl;AC=UNIMOD:4;TA=C;MT=Fixed	NT=Oxidation;AC=UNIMOD:35;TA=M;MT=Variable	NT=asymmetric track lossless time-of-flight analyzer;AC=MS:1003379	MOMI GBGD	2025-02-04	380m/z-980m/z	150m/z-2000m/z	not available	not available	4
MOMI_QC_GBGD_P56_G12	Homo sapiens	blood plasma	not applicable	1	pooled	not available	not available	not available	not available	pooled	20250204_OA3_Evo07_ViAl_SA_FAIMS40_IO41_A556_MOMI_GBGD_P56_G12_R01	proteomic profiling by mass spectrometry	1	20250204_OA3_Evo07_ViAl_SA_FAIMS40_IO41_A556_MOMI_GBGD_P56_G12_R01.raw	v1.1.0	NT=ms-proteomics;VV=v1.1.0	NT=human;VV=v1.1.0	NT=dia-acquisition;VV=v1.1.0	NT=sdrf-skills;VV=v0.2.0	Data-independent acquisition	NT=Orbitrap Astral;AC=MS:1003378	NT=Trypsin;AC=MS:1001251	NT=Lys-C;AC=MS:1001309	label free sample	1	NT=HCD;AC=MS:1000422	25% NCE	10 ppm	10 ppm	NT=Dithiothreitol (DTT);AC=PRIDE:0000608	NT=Chloroacetamide (ClAA);AC=PRIDE:0000600	NT=Carbamidomethyl;AC=UNIMOD:4;TA=C;MT=Fixed	NT=Oxidation;AC=UNIMOD:35;TA=M;MT=Variable	NT=asymmetric track lossless time-of-flight analyzer;AC=MS:1003379	MOMI GBGD	2025-02-04	380m/z-980m/z	150m/z-2000m/z	not available	not available	4
MOMI_QC_GBGD_P56_H12	Homo sapiens	blood plasma	not applicable	1	pooled	not available	not available	not available	not available	pooled	20250204_OA3_Evo07_ViAl_SA_FAIMS40_IO41_A556_MOMI_GBGD_P56_H12_R01	proteomic profiling by mass spectrometry	1	20250204_OA3_Evo07_ViAl_SA_FAIMS40_IO41_A556_MOMI_GBGD_P56_H12_R01.raw	v1.1.0	NT=ms-proteomics;VV=v1.1.0	NT=human;VV=v1.1.0	NT=dia-acquisition;VV=v1.1.0	NT=sdrf-skills;VV=v0.2.0	Data-independent acquisition	NT=Orbitrap Astral;AC=MS:1003378	NT=Trypsin;AC=MS:1001251	NT=Lys-C;AC=MS:1001309	label free sample	1	NT=HCD;AC=MS:1000422	25% NCE	10 ppm	10 ppm	NT=Dithiothreitol (DTT);AC=PRIDE:0000608	NT=Chloroacetamide (ClAA);AC=PRIDE:0000600	NT=Carbamidomethyl;AC=UNIMOD:4;TA=C;MT=Fixed	NT=Oxidation;AC=UNIMOD:35;TA=M;MT=Variable	NT=asymmetric track lossless time-of-flight analyzer;AC=MS:1003379	MOMI GBGD	2025-02-04	380m/z-980m/z	150m/z-2000m/z	not available	not available	4
MOMI_QC_GBGD_P57_E12	Homo sapiens	blood plasma	not applicable	1	pooled	not available	not available	not available	not available	pooled	20250204_OA3_Evo07_ViAl_SA_FAIMS40_IO41_A556_MOMI_GBGD_P57_E12_R01	proteomic profiling by mass spectrometry	1	20250204_OA3_Evo07_ViAl_SA_FAIMS40_IO41_A556_MOMI_GBGD_P57_E12_R01.raw	v1.1.0	NT=ms-proteomics;VV=v1.1.0	NT=human;VV=v1.1.0	NT=dia-acquisition;VV=v1.1.0	NT=sdrf-skills;VV=v0.2.0	Data-independent acquisition	NT=Orbitrap Astral;AC=MS:1003378	NT=Trypsin;AC=MS:1001251	NT=Lys-C;AC=MS:1001309	label free sample	1	NT=HCD;AC=MS:1000422	25% NCE	10 ppm	10 ppm	NT=Dithiothreitol (DTT);AC=PRIDE:0000608	NT=Chloroacetamide (ClAA);AC=PRIDE:0000600	NT=Carbamidomethyl;AC=UNIMOD:4;TA=C;MT=Fixed	NT=Oxidation;AC=UNIMOD:35;TA=M;MT=Variable	NT=asymmetric track lossless time-of-flight analyzer;AC=MS:1003379	MOMI GBGD	2025-02-04	380m/z-980m/z	150m/z-2000m/z	not available	not available	4
MOMI_QC_GBGD_P57_F12	Homo sapiens	blood plasma	not applicable	1	pooled	not available	not available	not available	not available	pooled	20250204_OA3_Evo07_ViAl_SA_FAIMS40_IO41_A556_MOMI_GBGD_P57_F12_R01	proteomic profiling by mass spectrometry	1	20250204_OA3_Evo07_ViAl_SA_FAIMS40_IO41_A556_MOMI_GBGD_P57_F12_R01.raw	v1.1.0	NT=ms-proteomics;VV=v1.1.0	NT=human;VV=v1.1.0	NT=dia-acquisition;VV=v1.1.0	NT=sdrf-skills;VV=v0.2.0	Data-independent acquisition	NT=Orbitrap Astral;AC=MS:1003378	NT=Trypsin;AC=MS:1001251	NT=Lys-C;AC=MS:1001309	label free sample	1	NT=HCD;AC=MS:1000422	25% NCE	10 ppm	10 ppm	NT=Dithiothreitol (DTT);AC=PRIDE:0000608	NT=Chloroacetamide (ClAA);AC=PRIDE:0000600	NT=Carbamidomethyl;AC=UNIMOD:4;TA=C;MT=Fixed	NT=Oxidation;AC=UNIMOD:35;TA=M;MT=Variable	NT=asymmetric track lossless time-of-flight analyzer;AC=MS:1003379	MOMI GBGD	2025-02-04	380m/z-980m/z	150m/z-2000m/z	not available	not available	4
MOMI_QC_GBGD_P57_G12	Homo sapiens	blood plasma	not applicable	1	pooled	not available	not available	not available	not available	pooled	20250204_OA3_Evo07_ViAl_SA_FAIMS40_IO41_A556_MOMI_GBGD_P57_G12_R01	proteomic profiling by mass spectrometry	1	20250204_OA3_Evo07_ViAl_SA_FAIMS40_IO41_A556_MOMI_GBGD_P57_G12_R01.raw	v1.1.0	NT=ms-proteomics;VV=v1.1.0	NT=human;VV=v1.1.0	NT=dia-acquisition;VV=v1.1.0	NT=sdrf-skills;VV=v0.2.0	Data-independent acquisition	NT=Orbitrap Astral;AC=MS:1003378	NT=Trypsin;AC=MS:1001251	NT=Lys-C;AC=MS:1001309	label free sample	1	NT=HCD;AC=MS:1000422	25% NCE	10 ppm	10 ppm	NT=Dithiothreitol (DTT);AC=PRIDE:0000608	NT=Chloroacetamide (ClAA);AC=PRIDE:0000600	NT=Carbamidomethyl;AC=UNIMOD:4;TA=C;MT=Fixed	NT=Oxidation;AC=UNIMOD:35;TA=M;MT=Variable	NT=asymmetric track lossless time-of-flight analyzer;AC=MS:1003379	MOMI GBGD	2025-02-04	380m/z-980m/z	150m/z-2000m/z	not available	not available	4
MOMI_QC_GBGD_P57_H12	Homo sapiens	blood plasma	not applicable	1	pooled	not available	not available	not available	not available	pooled	20250204_OA3_Evo07_ViAl_SA_FAIMS40_IO41_A556_MOMI_GBGD_P57_H12_R01	proteomic profiling by mass spectrometry	1	20250204_OA3_Evo07_ViAl_SA_FAIMS40_IO41_A556_MOMI_GBGD_P57_H12_R01.raw	v1.1.0	NT=ms-proteomics;VV=v1.1.0	NT=human;VV=v1.1.0	NT=dia-acquisition;VV=v1.1.0	NT=sdrf-skills;VV=v0.2.0	Data-independent acquisition	NT=Orbitrap Astral;AC=MS:1003378	NT=Trypsin;AC=MS:1001251	NT=Lys-C;AC=MS:1001309	label free sample	1	NT=HCD;AC=MS:1000422	25% NCE	10 ppm	10 ppm	NT=Dithiothreitol (DTT);AC=PRIDE:0000608	NT=Chloroacetamide (ClAA);AC=PRIDE:0000600	NT=Carbamidomethyl;AC=UNIMOD:4;TA=C;MT=Fixed	NT=Oxidation;AC=UNIMOD:35;TA=M;MT=Variable	NT=asymmetric track lossless time-of-flight analyzer;AC=MS:1003379	MOMI GBGD	2025-02-04	380m/z-980m/z	150m/z-2000m/z	not available	not available	4
MOMI_QC_GBGD_P58_E12	Homo sapiens	blood plasma	not applicable	1	pooled	not available	not available	not available	not available	pooled	20250204_OA3_Evo07_ViAl_SA_FAIMS40_IO41_A556_MOMI_GBGD_P58_E12_R01	proteomic profiling by mass spectrometry	1	20250204_OA3_Evo07_ViAl_SA_FAIMS40_IO41_A556_MOMI_GBGD_P58_E12_R01.raw	v1.1.0	NT=ms-proteomics;VV=v1.1.0	NT=human;VV=v1.1.0	NT=dia-acquisition;VV=v1.1.0	NT=sdrf-skills;VV=v0.2.0	Data-independent acquisition	NT=Orbitrap Astral;AC=MS:1003378	NT=Trypsin;AC=MS:1001251	NT=Lys-C;AC=MS:1001309	label free sample	1	NT=HCD;AC=MS:1000422	25% NCE	10 ppm	10 ppm	NT=Dithiothreitol (DTT);AC=PRIDE:0000608	NT=Chloroacetamide (ClAA);AC=PRIDE:0000600	NT=Carbamidomethyl;AC=UNIMOD:4;TA=C;MT=Fixed	NT=Oxidation;AC=UNIMOD:35;TA=M;MT=Variable	NT=asymmetric track lossless time-of-flight analyzer;AC=MS:1003379	MOMI GBGD	2025-02-04	380m/z-980m/z	150m/z-2000m/z	not available	not available	4
MOMI_QC_GBGD_P58_F12	Homo sapiens	blood plasma	not applicable	1	pooled	not available	not available	not available	not available	pooled	20250204_OA3_Evo07_ViAl_SA_FAIMS40_IO41_A556_MOMI_GBGD_P58_F12_R01	proteomic profiling by mass spectrometry	1	20250204_OA3_Evo07_ViAl_SA_FAIMS40_IO41_A556_MOMI_GBGD_P58_F12_R01.raw	v1.1.0	NT=ms-proteomics;VV=v1.1.0	NT=human;VV=v1.1.0	NT=dia-acquisition;VV=v1.1.0	NT=sdrf-skills;VV=v0.2.0	Data-independent acquisition	NT=Orbitrap Astral;AC=MS:1003378	NT=Trypsin;AC=MS:1001251	NT=Lys-C;AC=MS:1001309	label free sample	1	NT=HCD;AC=MS:1000422	25% NCE	10 ppm	10 ppm	NT=Dithiothreitol (DTT);AC=PRIDE:0000608	NT=Chloroacetamide (ClAA);AC=PRIDE:0000600	NT=Carbamidomethyl;AC=UNIMOD:4;TA=C;MT=Fixed	NT=Oxidation;AC=UNIMOD:35;TA=M;MT=Variable	NT=asymmetric track lossless time-of-flight analyzer;AC=MS:1003379	MOMI GBGD	2025-02-04	380m/z-980m/z	150m/z-2000m/z	not available	not available	4
MOMI_QC_GBGD_P58_G12	Homo sapiens	blood plasma	not applicable	1	pooled	not available	not available	not available	not available	pooled	20250204_OA3_Evo07_ViAl_SA_FAIMS40_IO41_A556_MOMI_GBGD_P58_G12_R01	proteomic profiling by mass spectrometry	1	20250204_OA3_Evo07_ViAl_SA_FAIMS40_IO41_A556_MOMI_GBGD_P58_G12_R01.raw	v1.1.0	NT=ms-proteomics;VV=v1.1.0	NT=human;VV=v1.1.0	NT=dia-acquisition;VV=v1.1.0	NT=sdrf-skills;VV=v0.2.0	Data-independent acquisition	NT=Orbitrap Astral;AC=MS:1003378	NT=Trypsin;AC=MS:1001251	NT=Lys-C;AC=MS:1001309	label free sample	1	NT=HCD;AC=MS:1000422	25% NCE	10 ppm	10 ppm	NT=Dithiothreitol (DTT);AC=PRIDE:0000608	NT=Chloroacetamide (ClAA);AC=PRIDE:0000600	NT=Carbamidomethyl;AC=UNIMOD:4;TA=C;MT=Fixed	NT=Oxidation;AC=UNIMOD:35;TA=M;MT=Variable	NT=asymmetric track lossless time-of-flight analyzer;AC=MS:1003379	MOMI GBGD	2025-02-04	380m/z-980m/z	150m/z-2000m/z	not available	not available	4
MOMI_QC_GBGD_P58_H12	Homo sapiens	blood plasma	not applicable	1	pooled	not available	not available	not available	not available	pooled	20250204_OA3_Evo07_ViAl_SA_FAIMS40_IO41_A556_MOMI_GBGD_P58_H12_R01	proteomic profiling by mass spectrometry	1	20250204_OA3_Evo07_ViAl_SA_FAIMS40_IO41_A556_MOMI_GBGD_P58_H12_R01.raw	v1.1.0	NT=ms-proteomics;VV=v1.1.0	NT=human;VV=v1.1.0	NT=dia-acquisition;VV=v1.1.0	NT=sdrf-skills;VV=v0.2.0	Data-independent acquisition	NT=Orbitrap Astral;AC=MS:1003378	NT=Trypsin;AC=MS:1001251	NT=Lys-C;AC=MS:1001309	label free sample	1	NT=HCD;AC=MS:1000422	25% NCE	10 ppm	10 ppm	NT=Dithiothreitol (DTT);AC=PRIDE:0000608	NT=Chloroacetamide (ClAA);AC=PRIDE:0000600	NT=Carbamidomethyl;AC=UNIMOD:4;TA=C;MT=Fixed	NT=Oxidation;AC=UNIMOD:35;TA=M;MT=Variable	NT=asymmetric track lossless time-of-flight analyzer;AC=MS:1003379	MOMI GBGD	2025-02-04	380m/z-980m/z	150m/z-2000m/z	not available	not available	4
MOMI_QC_GBGD_P59_E12	Homo sapiens	blood plasma	not applicable	1	pooled	not available	not available	not available	not available	pooled	20250204_OA3_Evo07_ViAl_SA_FAIMS40_IO41_A556_MOMI_GBGD_P59_E12_R01	proteomic profiling by mass spectrometry	1	20250204_OA3_Evo07_ViAl_SA_FAIMS40_IO41_A556_MOMI_GBGD_P59_E12_R01.raw	v1.1.0	NT=ms-proteomics;VV=v1.1.0	NT=human;VV=v1.1.0	NT=dia-acquisition;VV=v1.1.0	NT=sdrf-skills;VV=v0.2.0	Data-independent acquisition	NT=Orbitrap Astral;AC=MS:1003378	NT=Trypsin;AC=MS:1001251	NT=Lys-C;AC=MS:1001309	label free sample	1	NT=HCD;AC=MS:1000422	25% NCE	10 ppm	10 ppm	NT=Dithiothreitol (DTT);AC=PRIDE:0000608	NT=Chloroacetamide (ClAA);AC=PRIDE:0000600	NT=Carbamidomethyl;AC=UNIMOD:4;TA=C;MT=Fixed	NT=Oxidation;AC=UNIMOD:35;TA=M;MT=Variable	NT=asymmetric track lossless time-of-flight analyzer;AC=MS:1003379	MOMI GBGD	2025-02-04	380m/z-980m/z	150m/z-2000m/z	not available	not available	4
MOMI_QC_GBGD_P59_F12	Homo sapiens	blood plasma	not applicable	1	pooled	not available	not available	not available	not available	pooled	20250204_OA3_Evo07_ViAl_SA_FAIMS40_IO41_A556_MOMI_GBGD_P59_F12_R01	proteomic profiling by mass spectrometry	1	20250204_OA3_Evo07_ViAl_SA_FAIMS40_IO41_A556_MOMI_GBGD_P59_F12_R01.raw	v1.1.0	NT=ms-proteomics;VV=v1.1.0	NT=human;VV=v1.1.0	NT=dia-acquisition;VV=v1.1.0	NT=sdrf-skills;VV=v0.2.0	Data-independent acquisition	NT=Orbitrap Astral;AC=MS:1003378	NT=Trypsin;AC=MS:1001251	NT=Lys-C;AC=MS:1001309	label free sample	1	NT=HCD;AC=MS:1000422	25% NCE	10 ppm	10 ppm	NT=Dithiothreitol (DTT);AC=PRIDE:0000608	NT=Chloroacetamide (ClAA);AC=PRIDE:0000600	NT=Carbamidomethyl;AC=UNIMOD:4;TA=C;MT=Fixed	NT=Oxidation;AC=UNIMOD:35;TA=M;MT=Variable	NT=asymmetric track lossless time-of-flight analyzer;AC=MS:1003379	MOMI GBGD	2025-02-04	380m/z-980m/z	150m/z-2000m/z	not available	not available	4
MOMI_QC_GBGD_P59_G12	Homo sapiens	blood plasma	not applicable	1	pooled	not available	not available	not available	not available	pooled	20250204_OA3_Evo07_ViAl_SA_FAIMS40_IO41_A556_MOMI_GBGD_P59_G12_R01	proteomic profiling by mass spectrometry	1	20250204_OA3_Evo07_ViAl_SA_FAIMS40_IO41_A556_MOMI_GBGD_P59_G12_R01.raw	v1.1.0	NT=ms-proteomics;VV=v1.1.0	NT=human;VV=v1.1.0	NT=dia-acquisition;VV=v1.1.0	NT=sdrf-skills;VV=v0.2.0	Data-independent acquisition	NT=Orbitrap Astral;AC=MS:1003378	NT=Trypsin;AC=MS:1001251	NT=Lys-C;AC=MS:1001309	label free sample	1	NT=HCD;AC=MS:1000422	25% NCE	10 ppm	10 ppm	NT=Dithiothreitol (DTT);AC=PRIDE:0000608	NT=Chloroacetamide (ClAA);AC=PRIDE:0000600	NT=Carbamidomethyl;AC=UNIMOD:4;TA=C;MT=Fixed	NT=Oxidation;AC=UNIMOD:35;TA=M;MT=Variable	NT=asymmetric track lossless time-of-flight analyzer;AC=MS:1003379	MOMI GBGD	2025-02-04	380m/z-980m/z	150m/z-2000m/z	not available	not available	4
MOMI_QC_GBGD_P59_H12	Homo sapiens	blood plasma	not applicable	1	pooled	not available	not available	not available	not available	pooled	20250204_OA3_Evo07_ViAl_SA_FAIMS40_IO41_A556_MOMI_GBGD_P59_H12_R01	proteomic profiling by mass spectrometry	1	20250204_OA3_Evo07_ViAl_SA_FAIMS40_IO41_A556_MOMI_GBGD_P59_H12_R01.raw	v1.1.0	NT=ms-proteomics;VV=v1.1.0	NT=human;VV=v1.1.0	NT=dia-acquisition;VV=v1.1.0	NT=sdrf-skills;VV=v0.2.0	Data-independent acquisition	NT=Orbitrap Astral;AC=MS:1003378	NT=Trypsin;AC=MS:1001251	NT=Lys-C;AC=MS:1001309	label free sample	1	NT=HCD;AC=MS:1000422	25% NCE	10 ppm	10 ppm	NT=Dithiothreitol (DTT);AC=PRIDE:0000608	NT=Chloroacetamide (ClAA);AC=PRIDE:0000600	NT=Carbamidomethyl;AC=UNIMOD:4;TA=C;MT=Fixed	NT=Oxidation;AC=UNIMOD:35;TA=M;MT=Variable	NT=asymmetric track lossless time-of-flight analyzer;AC=MS:1003379	MOMI GBGD	2025-02-04	380m/z-980m/z	150m/z-2000m/z	not available	not available	4
MOMI_QC_GBGD_P60_E12	Homo sapiens	blood plasma	not applicable	1	pooled	not available	not available	not available	not available	pooled	20250204_OA3_Evo07_ViAl_SA_FAIMS40_IO41_A556_MOMI_GBGD_P60_E12_R01	proteomic profiling by mass spectrometry	1	20250204_OA3_Evo07_ViAl_SA_FAIMS40_IO41_A556_MOMI_GBGD_P60_E12_R01.raw	v1.1.0	NT=ms-proteomics;VV=v1.1.0	NT=human;VV=v1.1.0	NT=dia-acquisition;VV=v1.1.0	NT=sdrf-skills;VV=v0.2.0	Data-independent acquisition	NT=Orbitrap Astral;AC=MS:1003378	NT=Trypsin;AC=MS:1001251	NT=Lys-C;AC=MS:1001309	label free sample	1	NT=HCD;AC=MS:1000422	25% NCE	10 ppm	10 ppm	NT=Dithiothreitol (DTT);AC=PRIDE:0000608	NT=Chloroacetamide (ClAA);AC=PRIDE:0000600	NT=Carbamidomethyl;AC=UNIMOD:4;TA=C;MT=Fixed	NT=Oxidation;AC=UNIMOD:35;TA=M;MT=Variable	NT=asymmetric track lossless time-of-flight analyzer;AC=MS:1003379	MOMI GBGD	2025-02-04	380m/z-980m/z	150m/z-2000m/z	not available	not available	4
MOMI_QC_GBGD_P60_F12	Homo sapiens	blood plasma	not applicable	1	pooled	not available	not available	not available	not available	pooled	20250204_OA3_Evo07_ViAl_SA_FAIMS40_IO41_A556_MOMI_GBGD_P60_F12_R01	proteomic profiling by mass spectrometry	1	20250204_OA3_Evo07_ViAl_SA_FAIMS40_IO41_A556_MOMI_GBGD_P60_F12_R01.raw	v1.1.0	NT=ms-proteomics;VV=v1.1.0	NT=human;VV=v1.1.0	NT=dia-acquisition;VV=v1.1.0	NT=sdrf-skills;VV=v0.2.0	Data-independent acquisition	NT=Orbitrap Astral;AC=MS:1003378	NT=Trypsin;AC=MS:1001251	NT=Lys-C;AC=MS:1001309	label free sample	1	NT=HCD;AC=MS:1000422	25% NCE	10 ppm	10 ppm	NT=Dithiothreitol (DTT);AC=PRIDE:0000608	NT=Chloroacetamide (ClAA);AC=PRIDE:0000600	NT=Carbamidomethyl;AC=UNIMOD:4;TA=C;MT=Fixed	NT=Oxidation;AC=UNIMOD:35;TA=M;MT=Variable	NT=asymmetric track lossless time-of-flight analyzer;AC=MS:1003379	MOMI GBGD	2025-02-04	380m/z-980m/z	150m/z-2000m/z	not available	not available	4
MOMI_QC_GBGD_P60_G12	Homo sapiens	blood plasma	not applicable	1	pooled	not available	not available	not available	not available	pooled	20250204_OA3_Evo07_ViAl_SA_FAIMS40_IO41_A556_MOMI_GBGD_P60_G12_R01	proteomic profiling by mass spectrometry	1	20250204_OA3_Evo07_ViAl_SA_FAIMS40_IO41_A556_MOMI_GBGD_P60_G12_R01.raw	v1.1.0	NT=ms-proteomics;VV=v1.1.0	NT=human;VV=v1.1.0	NT=dia-acquisition;VV=v1.1.0	NT=sdrf-skills;VV=v0.2.0	Data-independent acquisition	NT=Orbitrap Astral;AC=MS:1003378	NT=Trypsin;AC=MS:1001251	NT=Lys-C;AC=MS:1001309	label free sample	1	NT=HCD;AC=MS:1000422	25% NCE	10 ppm	10 ppm	NT=Dithiothreitol (DTT);AC=PRIDE:0000608	NT=Chloroacetamide (ClAA);AC=PRIDE:0000600	NT=Carbamidomethyl;AC=UNIMOD:4;TA=C;MT=Fixed	NT=Oxidation;AC=UNIMOD:35;TA=M;MT=Variable	NT=asymmetric track lossless time-of-flight analyzer;AC=MS:1003379	MOMI GBGD	2025-02-04	380m/z-980m/z	150m/z-2000m/z	not available	not available	4
MOMI_QC_GBGD_P60_H12	Homo sapiens	blood plasma	not applicable	1	pooled	not available	not available	not available	not available	pooled	20250204_OA3_Evo07_ViAl_SA_FAIMS40_IO41_A556_MOMI_GBGD_P60_H12_R01	proteomic profiling by mass spectrometry	1	20250204_OA3_Evo07_ViAl_SA_FAIMS40_IO41_A556_MOMI_GBGD_P60_H12_R01.raw	v1.1.0	NT=ms-proteomics;VV=v1.1.0	NT=human;VV=v1.1.0	NT=dia-acquisition;VV=v1.1.0	NT=sdrf-skills;VV=v0.2.0	Data-independent acquisition	NT=Orbitrap Astral;AC=MS:1003378	NT=Trypsin;AC=MS:1001251	NT=Lys-C;AC=MS:1001309	label free sample	1	NT=HCD;AC=MS:1000422	25% NCE	10 ppm	10 ppm	NT=Dithiothreitol (DTT);AC=PRIDE:0000608	NT=Chloroacetamide (ClAA);AC=PRIDE:0000600	NT=Carbamidomethyl;AC=UNIMOD:4;TA=C;MT=Fixed	NT=Oxidation;AC=UNIMOD:35;TA=M;MT=Variable	NT=asymmetric track lossless time-of-flight analyzer;AC=MS:1003379	MOMI GBGD	2025-02-04	380m/z-980m/z	150m/z-2000m/z	not available	not available	4
MOMI_QC_GBGD_P61_E12	Homo sapiens	blood plasma	not applicable	1	pooled	not available	not available	not available	not available	pooled	20250212_OA3_Evo07_ViAl_SA_FAIMS40_IO41_A556_MOMI_GBGD_P61_E12_R01	proteomic profiling by mass spectrometry	1	20250212_OA3_Evo07_ViAl_SA_FAIMS40_IO41_A556_MOMI_GBGD_P61_E12_R01.raw	v1.1.0	NT=ms-proteomics;VV=v1.1.0	NT=human;VV=v1.1.0	NT=dia-acquisition;VV=v1.1.0	NT=sdrf-skills;VV=v0.2.0	Data-independent acquisition	NT=Orbitrap Astral;AC=MS:1003378	NT=Trypsin;AC=MS:1001251	NT=Lys-C;AC=MS:1001309	label free sample	1	NT=HCD;AC=MS:1000422	25% NCE	10 ppm	10 ppm	NT=Dithiothreitol (DTT);AC=PRIDE:0000608	NT=Chloroacetamide (ClAA);AC=PRIDE:0000600	NT=Carbamidomethyl;AC=UNIMOD:4;TA=C;MT=Fixed	NT=Oxidation;AC=UNIMOD:35;TA=M;MT=Variable	NT=asymmetric track lossless time-of-flight analyzer;AC=MS:1003379	MOMI GBGD	2025-02-12	380m/z-980m/z	150m/z-2000m/z	not available	not available	4
MOMI_QC_GBGD_P61_F12	Homo sapiens	blood plasma	not applicable	1	pooled	not available	not available	not available	not available	pooled	20250212_OA3_Evo07_ViAl_SA_FAIMS40_IO41_A556_MOMI_GBGD_P61_F12_R01	proteomic profiling by mass spectrometry	1	20250212_OA3_Evo07_ViAl_SA_FAIMS40_IO41_A556_MOMI_GBGD_P61_F12_R01.raw	v1.1.0	NT=ms-proteomics;VV=v1.1.0	NT=human;VV=v1.1.0	NT=dia-acquisition;VV=v1.1.0	NT=sdrf-skills;VV=v0.2.0	Data-independent acquisition	NT=Orbitrap Astral;AC=MS:1003378	NT=Trypsin;AC=MS:1001251	NT=Lys-C;AC=MS:1001309	label free sample	1	NT=HCD;AC=MS:1000422	25% NCE	10 ppm	10 ppm	NT=Dithiothreitol (DTT);AC=PRIDE:0000608	NT=Chloroacetamide (ClAA);AC=PRIDE:0000600	NT=Carbamidomethyl;AC=UNIMOD:4;TA=C;MT=Fixed	NT=Oxidation;AC=UNIMOD:35;TA=M;MT=Variable	NT=asymmetric track lossless time-of-flight analyzer;AC=MS:1003379	MOMI GBGD	2025-02-12	380m/z-980m/z	150m/z-2000m/z	not available	not available	4
MOMI_QC_GBGD_P61_G12	Homo sapiens	blood plasma	not applicable	1	pooled	not available	not available	not available	not available	pooled	20250212_OA3_Evo07_ViAl_SA_FAIMS40_IO41_A556_MOMI_GBGD_P61_G12_R01	proteomic profiling by mass spectrometry	1	20250212_OA3_Evo07_ViAl_SA_FAIMS40_IO41_A556_MOMI_GBGD_P61_G12_R01.raw	v1.1.0	NT=ms-proteomics;VV=v1.1.0	NT=human;VV=v1.1.0	NT=dia-acquisition;VV=v1.1.0	NT=sdrf-skills;VV=v0.2.0	Data-independent acquisition	NT=Orbitrap Astral;AC=MS:1003378	NT=Trypsin;AC=MS:1001251	NT=Lys-C;AC=MS:1001309	label free sample	1	NT=HCD;AC=MS:1000422	25% NCE	10 ppm	10 ppm	NT=Dithiothreitol (DTT);AC=PRIDE:0000608	NT=Chloroacetamide (ClAA);AC=PRIDE:0000600	NT=Carbamidomethyl;AC=UNIMOD:4;TA=C;MT=Fixed	NT=Oxidation;AC=UNIMOD:35;TA=M;MT=Variable	NT=asymmetric track lossless time-of-flight analyzer;AC=MS:1003379	MOMI GBGD	2025-02-12	380m/z-980m/z	150m/z-2000m/z	not available	not available	4
MOMI_QC_GBGD_P61_H12	Homo sapiens	blood plasma	not applicable	1	pooled	not available	not available	not available	not available	pooled	20250212_OA3_Evo07_ViAl_SA_FAIMS40_IO41_A556_MOMI_GBGD_P61_H12_R01	proteomic profiling by mass spectrometry	1	20250212_OA3_Evo07_ViAl_SA_FAIMS40_IO41_A556_MOMI_GBGD_P61_H12_R01.raw	v1.1.0	NT=ms-proteomics;VV=v1.1.0	NT=human;VV=v1.1.0	NT=dia-acquisition;VV=v1.1.0	NT=sdrf-skills;VV=v0.2.0	Data-independent acquisition	NT=Orbitrap Astral;AC=MS:1003378	NT=Trypsin;AC=MS:1001251	NT=Lys-C;AC=MS:1001309	label free sample	1	NT=HCD;AC=MS:1000422	25% NCE	10 ppm	10 ppm	NT=Dithiothreitol (DTT);AC=PRIDE:0000608	NT=Chloroacetamide (ClAA);AC=PRIDE:0000600	NT=Carbamidomethyl;AC=UNIMOD:4;TA=C;MT=Fixed	NT=Oxidation;AC=UNIMOD:35;TA=M;MT=Variable	NT=asymmetric track lossless time-of-flight analyzer;AC=MS:1003379	MOMI GBGD	2025-02-12	380m/z-980m/z	150m/z-2000m/z	not available	not available	4
MOMI_QC_GBGD_P62_E12	Homo sapiens	blood plasma	not applicable	1	pooled	not available	not available	not available	not available	pooled	20250212_OA3_Evo07_ViAl_SA_FAIMS40_IO41_A556_MOMI_GBGD_P62_E12_R01	proteomic profiling by mass spectrometry	1	20250212_OA3_Evo07_ViAl_SA_FAIMS40_IO41_A556_MOMI_GBGD_P62_E12_R01.raw	v1.1.0	NT=ms-proteomics;VV=v1.1.0	NT=human;VV=v1.1.0	NT=dia-acquisition;VV=v1.1.0	NT=sdrf-skills;VV=v0.2.0	Data-independent acquisition	NT=Orbitrap Astral;AC=MS:1003378	NT=Trypsin;AC=MS:1001251	NT=Lys-C;AC=MS:1001309	label free sample	1	NT=HCD;AC=MS:1000422	25% NCE	10 ppm	10 ppm	NT=Dithiothreitol (DTT);AC=PRIDE:0000608	NT=Chloroacetamide (ClAA);AC=PRIDE:0000600	NT=Carbamidomethyl;AC=UNIMOD:4;TA=C;MT=Fixed	NT=Oxidation;AC=UNIMOD:35;TA=M;MT=Variable	NT=asymmetric track lossless time-of-flight analyzer;AC=MS:1003379	MOMI GBGD	2025-02-12	380m/z-980m/z	150m/z-2000m/z	not available	not available	4
MOMI_QC_GBGD_P62_F12	Homo sapiens	blood plasma	not applicable	1	pooled	not available	not available	not available	not available	pooled	20250212_OA3_Evo07_ViAl_SA_FAIMS40_IO41_A556_MOMI_GBGD_P62_F12_R01	proteomic profiling by mass spectrometry	1	20250212_OA3_Evo07_ViAl_SA_FAIMS40_IO41_A556_MOMI_GBGD_P62_F12_R01.raw	v1.1.0	NT=ms-proteomics;VV=v1.1.0	NT=human;VV=v1.1.0	NT=dia-acquisition;VV=v1.1.0	NT=sdrf-skills;VV=v0.2.0	Data-independent acquisition	NT=Orbitrap Astral;AC=MS:1003378	NT=Trypsin;AC=MS:1001251	NT=Lys-C;AC=MS:1001309	label free sample	1	NT=HCD;AC=MS:1000422	25% NCE	10 ppm	10 ppm	NT=Dithiothreitol (DTT);AC=PRIDE:0000608	NT=Chloroacetamide (ClAA);AC=PRIDE:0000600	NT=Carbamidomethyl;AC=UNIMOD:4;TA=C;MT=Fixed	NT=Oxidation;AC=UNIMOD:35;TA=M;MT=Variable	NT=asymmetric track lossless time-of-flight analyzer;AC=MS:1003379	MOMI GBGD	2025-02-12	380m/z-980m/z	150m/z-2000m/z	not available	not available	4
MOMI_QC_GBGD_P62_G12	Homo sapiens	blood plasma	not applicable	1	pooled	not available	not available	not available	not available	pooled	20250212_OA3_Evo07_ViAl_SA_FAIMS40_IO41_A556_MOMI_GBGD_P62_G12_R01	proteomic profiling by mass spectrometry	1	20250212_OA3_Evo07_ViAl_SA_FAIMS40_IO41_A556_MOMI_GBGD_P62_G12_R01.raw	v1.1.0	NT=ms-proteomics;VV=v1.1.0	NT=human;VV=v1.1.0	NT=dia-acquisition;VV=v1.1.0	NT=sdrf-skills;VV=v0.2.0	Data-independent acquisition	NT=Orbitrap Astral;AC=MS:1003378	NT=Trypsin;AC=MS:1001251	NT=Lys-C;AC=MS:1001309	label free sample	1	NT=HCD;AC=MS:1000422	25% NCE	10 ppm	10 ppm	NT=Dithiothreitol (DTT);AC=PRIDE:0000608	NT=Chloroacetamide (ClAA);AC=PRIDE:0000600	NT=Carbamidomethyl;AC=UNIMOD:4;TA=C;MT=Fixed	NT=Oxidation;AC=UNIMOD:35;TA=M;MT=Variable	NT=asymmetric track lossless time-of-flight analyzer;AC=MS:1003379	MOMI GBGD	2025-02-12	380m/z-980m/z	150m/z-2000m/z	not available	not available	4
MOMI_QC_GBGD_P62_H12	Homo sapiens	blood plasma	not applicable	1	pooled	not available	not available	not available	not available	pooled	20250212_OA3_Evo07_ViAl_SA_FAIMS40_IO41_A556_MOMI_GBGD_P62_H12_R01	proteomic profiling by mass spectrometry	1	20250212_OA3_Evo07_ViAl_SA_FAIMS40_IO41_A556_MOMI_GBGD_P62_H12_R01.raw	v1.1.0	NT=ms-proteomics;VV=v1.1.0	NT=human;VV=v1.1.0	NT=dia-acquisition;VV=v1.1.0	NT=sdrf-skills;VV=v0.2.0	Data-independent acquisition	NT=Orbitrap Astral;AC=MS:1003378	NT=Trypsin;AC=MS:1001251	NT=Lys-C;AC=MS:1001309	label free sample	1	NT=HCD;AC=MS:1000422	25% NCE	10 ppm	10 ppm	NT=Dithiothreitol (DTT);AC=PRIDE:0000608	NT=Chloroacetamide (ClAA);AC=PRIDE:0000600	NT=Carbamidomethyl;AC=UNIMOD:4;TA=C;MT=Fixed	NT=Oxidation;AC=UNIMOD:35;TA=M;MT=Variable	NT=asymmetric track lossless time-of-flight analyzer;AC=MS:1003379	MOMI GBGD	2025-02-12	380m/z-980m/z	150m/z-2000m/z	not available	not available	4
MOMI_QC_GBGD_P63_E12	Homo sapiens	blood plasma	not applicable	1	pooled	not available	not available	not available	not available	pooled	20250212_OA3_Evo07_ViAl_SA_FAIMS40_IO41_A556_MOMI_GBGD_P63_E12_R01	proteomic profiling by mass spectrometry	1	20250212_OA3_Evo07_ViAl_SA_FAIMS40_IO41_A556_MOMI_GBGD_P63_E12_R01.raw	v1.1.0	NT=ms-proteomics;VV=v1.1.0	NT=human;VV=v1.1.0	NT=dia-acquisition;VV=v1.1.0	NT=sdrf-skills;VV=v0.2.0	Data-independent acquisition	NT=Orbitrap Astral;AC=MS:1003378	NT=Trypsin;AC=MS:1001251	NT=Lys-C;AC=MS:1001309	label free sample	1	NT=HCD;AC=MS:1000422	25% NCE	10 ppm	10 ppm	NT=Dithiothreitol (DTT);AC=PRIDE:0000608	NT=Chloroacetamide (ClAA);AC=PRIDE:0000600	NT=Carbamidomethyl;AC=UNIMOD:4;TA=C;MT=Fixed	NT=Oxidation;AC=UNIMOD:35;TA=M;MT=Variable	NT=asymmetric track lossless time-of-flight analyzer;AC=MS:1003379	MOMI GBGD	2025-02-12	380m/z-980m/z	150m/z-2000m/z	not available	not available	4
MOMI_QC_GBGD_P63_F12	Homo sapiens	blood plasma	not applicable	1	pooled	not available	not available	not available	not available	pooled	20250212_OA3_Evo07_ViAl_SA_FAIMS40_IO41_A556_MOMI_GBGD_P63_F12_R01	proteomic profiling by mass spectrometry	1	20250212_OA3_Evo07_ViAl_SA_FAIMS40_IO41_A556_MOMI_GBGD_P63_F12_R01.raw	v1.1.0	NT=ms-proteomics;VV=v1.1.0	NT=human;VV=v1.1.0	NT=dia-acquisition;VV=v1.1.0	NT=sdrf-skills;VV=v0.2.0	Data-independent acquisition	NT=Orbitrap Astral;AC=MS:1003378	NT=Trypsin;AC=MS:1001251	NT=Lys-C;AC=MS:1001309	label free sample	1	NT=HCD;AC=MS:1000422	25% NCE	10 ppm	10 ppm	NT=Dithiothreitol (DTT);AC=PRIDE:0000608	NT=Chloroacetamide (ClAA);AC=PRIDE:0000600	NT=Carbamidomethyl;AC=UNIMOD:4;TA=C;MT=Fixed	NT=Oxidation;AC=UNIMOD:35;TA=M;MT=Variable	NT=asymmetric track lossless time-of-flight analyzer;AC=MS:1003379	MOMI GBGD	2025-02-12	380m/z-980m/z	150m/z-2000m/z	not available	not available	4
MOMI_QC_GBGD_P63_G12	Homo sapiens	blood plasma	not applicable	1	pooled	not available	not available	not available	not available	pooled	20250212_OA3_Evo07_ViAl_SA_FAIMS40_IO41_A556_MOMI_GBGD_P63_G12_R01	proteomic profiling by mass spectrometry	1	20250212_OA3_Evo07_ViAl_SA_FAIMS40_IO41_A556_MOMI_GBGD_P63_G12_R01.raw	v1.1.0	NT=ms-proteomics;VV=v1.1.0	NT=human;VV=v1.1.0	NT=dia-acquisition;VV=v1.1.0	NT=sdrf-skills;VV=v0.2.0	Data-independent acquisition	NT=Orbitrap Astral;AC=MS:1003378	NT=Trypsin;AC=MS:1001251	NT=Lys-C;AC=MS:1001309	label free sample	1	NT=HCD;AC=MS:1000422	25% NCE	10 ppm	10 ppm	NT=Dithiothreitol (DTT);AC=PRIDE:0000608	NT=Chloroacetamide (ClAA);AC=PRIDE:0000600	NT=Carbamidomethyl;AC=UNIMOD:4;TA=C;MT=Fixed	NT=Oxidation;AC=UNIMOD:35;TA=M;MT=Variable	NT=asymmetric track lossless time-of-flight analyzer;AC=MS:1003379	MOMI GBGD	2025-02-12	380m/z-980m/z	150m/z-2000m/z	not available	not available	4
MOMI_QC_GBGD_P63_H12	Homo sapiens	blood plasma	not applicable	1	pooled	not available	not available	not available	not available	pooled	20250212_OA3_Evo07_ViAl_SA_FAIMS40_IO41_A556_MOMI_GBGD_P63_H12_R01	proteomic profiling by mass spectrometry	1	20250212_OA3_Evo07_ViAl_SA_FAIMS40_IO41_A556_MOMI_GBGD_P63_H12_R01.raw	v1.1.0	NT=ms-proteomics;VV=v1.1.0	NT=human;VV=v1.1.0	NT=dia-acquisition;VV=v1.1.0	NT=sdrf-skills;VV=v0.2.0	Data-independent acquisition	NT=Orbitrap Astral;AC=MS:1003378	NT=Trypsin;AC=MS:1001251	NT=Lys-C;AC=MS:1001309	label free sample	1	NT=HCD;AC=MS:1000422	25% NCE	10 ppm	10 ppm	NT=Dithiothreitol (DTT);AC=PRIDE:0000608	NT=Chloroacetamide (ClAA);AC=PRIDE:0000600	NT=Carbamidomethyl;AC=UNIMOD:4;TA=C;MT=Fixed	NT=Oxidation;AC=UNIMOD:35;TA=M;MT=Variable	NT=asymmetric track lossless time-of-flight analyzer;AC=MS:1003379	MOMI GBGD	2025-02-12	380m/z-980m/z	150m/z-2000m/z	not available	not available	4
MOMI_QC_GBGD_P64_E12	Homo sapiens	blood plasma	not applicable	1	pooled	not available	not available	not available	not available	pooled	20250212_OA3_Evo07_ViAl_SA_FAIMS40_IO41_A556_MOMI_GBGD_P64_E12_R01	proteomic profiling by mass spectrometry	1	20250212_OA3_Evo07_ViAl_SA_FAIMS40_IO41_A556_MOMI_GBGD_P64_E12_R01.raw	v1.1.0	NT=ms-proteomics;VV=v1.1.0	NT=human;VV=v1.1.0	NT=dia-acquisition;VV=v1.1.0	NT=sdrf-skills;VV=v0.2.0	Data-independent acquisition	NT=Orbitrap Astral;AC=MS:1003378	NT=Trypsin;AC=MS:1001251	NT=Lys-C;AC=MS:1001309	label free sample	1	NT=HCD;AC=MS:1000422	25% NCE	10 ppm	10 ppm	NT=Dithiothreitol (DTT);AC=PRIDE:0000608	NT=Chloroacetamide (ClAA);AC=PRIDE:0000600	NT=Carbamidomethyl;AC=UNIMOD:4;TA=C;MT=Fixed	NT=Oxidation;AC=UNIMOD:35;TA=M;MT=Variable	NT=asymmetric track lossless time-of-flight analyzer;AC=MS:1003379	MOMI GBGD	2025-02-12	380m/z-980m/z	150m/z-2000m/z	not available	not available	4
MOMI_QC_GBGD_P64_F12	Homo sapiens	blood plasma	not applicable	1	pooled	not available	not available	not available	not available	pooled	20250212_OA3_Evo07_ViAl_SA_FAIMS40_IO41_A556_MOMI_GBGD_P64_F12_R01	proteomic profiling by mass spectrometry	1	20250212_OA3_Evo07_ViAl_SA_FAIMS40_IO41_A556_MOMI_GBGD_P64_F12_R01.raw	v1.1.0	NT=ms-proteomics;VV=v1.1.0	NT=human;VV=v1.1.0	NT=dia-acquisition;VV=v1.1.0	NT=sdrf-skills;VV=v0.2.0	Data-independent acquisition	NT=Orbitrap Astral;AC=MS:1003378	NT=Trypsin;AC=MS:1001251	NT=Lys-C;AC=MS:1001309	label free sample	1	NT=HCD;AC=MS:1000422	25% NCE	10 ppm	10 ppm	NT=Dithiothreitol (DTT);AC=PRIDE:0000608	NT=Chloroacetamide (ClAA);AC=PRIDE:0000600	NT=Carbamidomethyl;AC=UNIMOD:4;TA=C;MT=Fixed	NT=Oxidation;AC=UNIMOD:35;TA=M;MT=Variable	NT=asymmetric track lossless time-of-flight analyzer;AC=MS:1003379	MOMI GBGD	2025-02-12	380m/z-980m/z	150m/z-2000m/z	not available	not available	4
MOMI_QC_GBGD_P64_G12	Homo sapiens	blood plasma	not applicable	1	pooled	not available	not available	not available	not available	pooled	20250212_OA3_Evo07_ViAl_SA_FAIMS40_IO41_A556_MOMI_GBGD_P64_G12_R01	proteomic profiling by mass spectrometry	1	20250212_OA3_Evo07_ViAl_SA_FAIMS40_IO41_A556_MOMI_GBGD_P64_G12_R01.raw	v1.1.0	NT=ms-proteomics;VV=v1.1.0	NT=human;VV=v1.1.0	NT=dia-acquisition;VV=v1.1.0	NT=sdrf-skills;VV=v0.2.0	Data-independent acquisition	NT=Orbitrap Astral;AC=MS:1003378	NT=Trypsin;AC=MS:1001251	NT=Lys-C;AC=MS:1001309	label free sample	1	NT=HCD;AC=MS:1000422	25% NCE	10 ppm	10 ppm	NT=Dithiothreitol (DTT);AC=PRIDE:0000608	NT=Chloroacetamide (ClAA);AC=PRIDE:0000600	NT=Carbamidomethyl;AC=UNIMOD:4;TA=C;MT=Fixed	NT=Oxidation;AC=UNIMOD:35;TA=M;MT=Variable	NT=asymmetric track lossless time-of-flight analyzer;AC=MS:1003379	MOMI GBGD	2025-02-12	380m/z-980m/z	150m/z-2000m/z	not available	not available	4
MOMI_QC_GBGD_P64_H12	Homo sapiens	blood plasma	not applicable	1	pooled	not available	not available	not available	not available	pooled	20250212_OA3_Evo07_ViAl_SA_FAIMS40_IO41_A556_MOMI_GBGD_P64_H12_R01	proteomic profiling by mass spectrometry	1	20250212_OA3_Evo07_ViAl_SA_FAIMS40_IO41_A556_MOMI_GBGD_P64_H12_R01.raw	v1.1.0	NT=ms-proteomics;VV=v1.1.0	NT=human;VV=v1.1.0	NT=dia-acquisition;VV=v1.1.0	NT=sdrf-skills;VV=v0.2.0	Data-independent acquisition	NT=Orbitrap Astral;AC=MS:1003378	NT=Trypsin;AC=MS:1001251	NT=Lys-C;AC=MS:1001309	label free sample	1	NT=HCD;AC=MS:1000422	25% NCE	10 ppm	10 ppm	NT=Dithiothreitol (DTT);AC=PRIDE:0000608	NT=Chloroacetamide (ClAA);AC=PRIDE:0000600	NT=Carbamidomethyl;AC=UNIMOD:4;TA=C;MT=Fixed	NT=Oxidation;AC=UNIMOD:35;TA=M;MT=Variable	NT=asymmetric track lossless time-of-flight analyzer;AC=MS:1003379	MOMI GBGD	2025-02-12	380m/z-980m/z	150m/z-2000m/z	not available	not available	4
MOMI_QC_GBGD_P65_E12	Homo sapiens	blood plasma	not applicable	1	pooled	not available	not available	not available	not available	pooled	20250212_OA3_Evo07_ViAl_SA_FAIMS40_IO41_A556_MOMI_GBGD_P65_E12_R01	proteomic profiling by mass spectrometry	1	20250212_OA3_Evo07_ViAl_SA_FAIMS40_IO41_A556_MOMI_GBGD_P65_E12_R01.raw	v1.1.0	NT=ms-proteomics;VV=v1.1.0	NT=human;VV=v1.1.0	NT=dia-acquisition;VV=v1.1.0	NT=sdrf-skills;VV=v0.2.0	Data-independent acquisition	NT=Orbitrap Astral;AC=MS:1003378	NT=Trypsin;AC=MS:1001251	NT=Lys-C;AC=MS:1001309	label free sample	1	NT=HCD;AC=MS:1000422	25% NCE	10 ppm	10 ppm	NT=Dithiothreitol (DTT);AC=PRIDE:0000608	NT=Chloroacetamide (ClAA);AC=PRIDE:0000600	NT=Carbamidomethyl;AC=UNIMOD:4;TA=C;MT=Fixed	NT=Oxidation;AC=UNIMOD:35;TA=M;MT=Variable	NT=asymmetric track lossless time-of-flight analyzer;AC=MS:1003379	MOMI GBGD	2025-02-12	380m/z-980m/z	150m/z-2000m/z	not available	not available	4
MOMI_QC_GBGD_P65_F12	Homo sapiens	blood plasma	not applicable	1	pooled	not available	not available	not available	not available	pooled	20250212_OA3_Evo07_ViAl_SA_FAIMS40_IO41_A556_MOMI_GBGD_P65_F12_R01	proteomic profiling by mass spectrometry	1	20250212_OA3_Evo07_ViAl_SA_FAIMS40_IO41_A556_MOMI_GBGD_P65_F12_R01.raw	v1.1.0	NT=ms-proteomics;VV=v1.1.0	NT=human;VV=v1.1.0	NT=dia-acquisition;VV=v1.1.0	NT=sdrf-skills;VV=v0.2.0	Data-independent acquisition	NT=Orbitrap Astral;AC=MS:1003378	NT=Trypsin;AC=MS:1001251	NT=Lys-C;AC=MS:1001309	label free sample	1	NT=HCD;AC=MS:1000422	25% NCE	10 ppm	10 ppm	NT=Dithiothreitol (DTT);AC=PRIDE:0000608	NT=Chloroacetamide (ClAA);AC=PRIDE:0000600	NT=Carbamidomethyl;AC=UNIMOD:4;TA=C;MT=Fixed	NT=Oxidation;AC=UNIMOD:35;TA=M;MT=Variable	NT=asymmetric track lossless time-of-flight analyzer;AC=MS:1003379	MOMI GBGD	2025-02-12	380m/z-980m/z	150m/z-2000m/z	not available	not available	4
MOMI_QC_GBGD_P65_G12	Homo sapiens	blood plasma	not applicable	1	pooled	not available	not available	not available	not available	pooled	20250212_OA3_Evo07_ViAl_SA_FAIMS40_IO41_A556_MOMI_GBGD_P65_G12_R01	proteomic profiling by mass spectrometry	1	20250212_OA3_Evo07_ViAl_SA_FAIMS40_IO41_A556_MOMI_GBGD_P65_G12_R01.raw	v1.1.0	NT=ms-proteomics;VV=v1.1.0	NT=human;VV=v1.1.0	NT=dia-acquisition;VV=v1.1.0	NT=sdrf-skills;VV=v0.2.0	Data-independent acquisition	NT=Orbitrap Astral;AC=MS:1003378	NT=Trypsin;AC=MS:1001251	NT=Lys-C;AC=MS:1001309	label free sample	1	NT=HCD;AC=MS:1000422	25% NCE	10 ppm	10 ppm	NT=Dithiothreitol (DTT);AC=PRIDE:0000608	NT=Chloroacetamide (ClAA);AC=PRIDE:0000600	NT=Carbamidomethyl;AC=UNIMOD:4;TA=C;MT=Fixed	NT=Oxidation;AC=UNIMOD:35;TA=M;MT=Variable	NT=asymmetric track lossless time-of-flight analyzer;AC=MS:1003379	MOMI GBGD	2025-02-12	380m/z-980m/z	150m/z-2000m/z	not available	not available	4
MOMI_QC_GBGD_P65_H12	Homo sapiens	blood plasma	not applicable	1	pooled	not available	not available	not available	not available	pooled	20250212_OA3_Evo07_ViAl_SA_FAIMS40_IO41_A556_MOMI_GBGD_P65_H12_R01	proteomic profiling by mass spectrometry	1	20250212_OA3_Evo07_ViAl_SA_FAIMS40_IO41_A556_MOMI_GBGD_P65_H12_R01.raw	v1.1.0	NT=ms-proteomics;VV=v1.1.0	NT=human;VV=v1.1.0	NT=dia-acquisition;VV=v1.1.0	NT=sdrf-skills;VV=v0.2.0	Data-independent acquisition	NT=Orbitrap Astral;AC=MS:1003378	NT=Trypsin;AC=MS:1001251	NT=Lys-C;AC=MS:1001309	label free sample	1	NT=HCD;AC=MS:1000422	25% NCE	10 ppm	10 ppm	NT=Dithiothreitol (DTT);AC=PRIDE:0000608	NT=Chloroacetamide (ClAA);AC=PRIDE:0000600	NT=Carbamidomethyl;AC=UNIMOD:4;TA=C;MT=Fixed	NT=Oxidation;AC=UNIMOD:35;TA=M;MT=Variable	NT=asymmetric track lossless time-of-flight analyzer;AC=MS:1003379	MOMI GBGD	2025-02-12	380m/z-980m/z	150m/z-2000m/z	not available	not available	4
MOMI_QC_GBGD_P66_E12	Homo sapiens	blood plasma	not applicable	1	pooled	not available	not available	not available	not available	pooled	20250212_OA3_Evo07_ViAl_SA_FAIMS40_IO41_A556_MOMI_GBGD_P66_E12_R01	proteomic profiling by mass spectrometry	1	20250212_OA3_Evo07_ViAl_SA_FAIMS40_IO41_A556_MOMI_GBGD_P66_E12_R01.raw	v1.1.0	NT=ms-proteomics;VV=v1.1.0	NT=human;VV=v1.1.0	NT=dia-acquisition;VV=v1.1.0	NT=sdrf-skills;VV=v0.2.0	Data-independent acquisition	NT=Orbitrap Astral;AC=MS:1003378	NT=Trypsin;AC=MS:1001251	NT=Lys-C;AC=MS:1001309	label free sample	1	NT=HCD;AC=MS:1000422	25% NCE	10 ppm	10 ppm	NT=Dithiothreitol (DTT);AC=PRIDE:0000608	NT=Chloroacetamide (ClAA);AC=PRIDE:0000600	NT=Carbamidomethyl;AC=UNIMOD:4;TA=C;MT=Fixed	NT=Oxidation;AC=UNIMOD:35;TA=M;MT=Variable	NT=asymmetric track lossless time-of-flight analyzer;AC=MS:1003379	MOMI GBGD	2025-02-12	380m/z-980m/z	150m/z-2000m/z	not available	not available	4
MOMI_QC_GBGD_P66_F12	Homo sapiens	blood plasma	not applicable	1	pooled	not available	not available	not available	not available	pooled	20250212_OA3_Evo07_ViAl_SA_FAIMS40_IO41_A556_MOMI_GBGD_P66_F12_R01	proteomic profiling by mass spectrometry	1	20250212_OA3_Evo07_ViAl_SA_FAIMS40_IO41_A556_MOMI_GBGD_P66_F12_R01.raw	v1.1.0	NT=ms-proteomics;VV=v1.1.0	NT=human;VV=v1.1.0	NT=dia-acquisition;VV=v1.1.0	NT=sdrf-skills;VV=v0.2.0	Data-independent acquisition	NT=Orbitrap Astral;AC=MS:1003378	NT=Trypsin;AC=MS:1001251	NT=Lys-C;AC=MS:1001309	label free sample	1	NT=HCD;AC=MS:1000422	25% NCE	10 ppm	10 ppm	NT=Dithiothreitol (DTT);AC=PRIDE:0000608	NT=Chloroacetamide (ClAA);AC=PRIDE:0000600	NT=Carbamidomethyl;AC=UNIMOD:4;TA=C;MT=Fixed	NT=Oxidation;AC=UNIMOD:35;TA=M;MT=Variable	NT=asymmetric track lossless time-of-flight analyzer;AC=MS:1003379	MOMI GBGD	2025-02-12	380m/z-980m/z	150m/z-2000m/z	not available	not available	4
MOMI_QC_GBGD_P66_G12	Homo sapiens	blood plasma	not applicable	1	pooled	not available	not available	not available	not available	pooled	20250212_OA3_Evo07_ViAl_SA_FAIMS40_IO41_A556_MOMI_GBGD_P66_G12_R01	proteomic profiling by mass spectrometry	1	20250212_OA3_Evo07_ViAl_SA_FAIMS40_IO41_A556_MOMI_GBGD_P66_G12_R01.raw	v1.1.0	NT=ms-proteomics;VV=v1.1.0	NT=human;VV=v1.1.0	NT=dia-acquisition;VV=v1.1.0	NT=sdrf-skills;VV=v0.2.0	Data-independent acquisition	NT=Orbitrap Astral;AC=MS:1003378	NT=Trypsin;AC=MS:1001251	NT=Lys-C;AC=MS:1001309	label free sample	1	NT=HCD;AC=MS:1000422	25% NCE	10 ppm	10 ppm	NT=Dithiothreitol (DTT);AC=PRIDE:0000608	NT=Chloroacetamide (ClAA);AC=PRIDE:0000600	NT=Carbamidomethyl;AC=UNIMOD:4;TA=C;MT=Fixed	NT=Oxidation;AC=UNIMOD:35;TA=M;MT=Variable	NT=asymmetric track lossless time-of-flight analyzer;AC=MS:1003379	MOMI GBGD	2025-02-12	380m/z-980m/z	150m/z-2000m/z	not available	not available	4
MOMI_QC_GBGD_P66_H12	Homo sapiens	blood plasma	not applicable	1	pooled	not available	not available	not available	not available	pooled	20250212_OA3_Evo07_ViAl_SA_FAIMS40_IO41_A556_MOMI_GBGD_P66_H12_R01	proteomic profiling by mass spectrometry	1	20250212_OA3_Evo07_ViAl_SA_FAIMS40_IO41_A556_MOMI_GBGD_P66_H12_R01.raw	v1.1.0	NT=ms-proteomics;VV=v1.1.0	NT=human;VV=v1.1.0	NT=dia-acquisition;VV=v1.1.0	NT=sdrf-skills;VV=v0.2.0	Data-independent acquisition	NT=Orbitrap Astral;AC=MS:1003378	NT=Trypsin;AC=MS:1001251	NT=Lys-C;AC=MS:1001309	label free sample	1	NT=HCD;AC=MS:1000422	25% NCE	10 ppm	10 ppm	NT=Dithiothreitol (DTT);AC=PRIDE:0000608	NT=Chloroacetamide (ClAA);AC=PRIDE:0000600	NT=Carbamidomethyl;AC=UNIMOD:4;TA=C;MT=Fixed	NT=Oxidation;AC=UNIMOD:35;TA=M;MT=Variable	NT=asymmetric track lossless time-of-flight analyzer;AC=MS:1003379	MOMI GBGD	2025-02-12	380m/z-980m/z	150m/z-2000m/z	not available	not available	4
MOMI_QC_GBGD_P67_E12	Homo sapiens	blood plasma	not applicable	1	pooled	not available	not available	not available	not available	pooled	20250212_OA3_Evo07_ViAl_SA_FAIMS40_IO41_A556_MOMI_GBGD_P67_E12_R01	proteomic profiling by mass spectrometry	1	20250212_OA3_Evo07_ViAl_SA_FAIMS40_IO41_A556_MOMI_GBGD_P67_E12_R01.raw	v1.1.0	NT=ms-proteomics;VV=v1.1.0	NT=human;VV=v1.1.0	NT=dia-acquisition;VV=v1.1.0	NT=sdrf-skills;VV=v0.2.0	Data-independent acquisition	NT=Orbitrap Astral;AC=MS:1003378	NT=Trypsin;AC=MS:1001251	NT=Lys-C;AC=MS:1001309	label free sample	1	NT=HCD;AC=MS:1000422	25% NCE	10 ppm	10 ppm	NT=Dithiothreitol (DTT);AC=PRIDE:0000608	NT=Chloroacetamide (ClAA);AC=PRIDE:0000600	NT=Carbamidomethyl;AC=UNIMOD:4;TA=C;MT=Fixed	NT=Oxidation;AC=UNIMOD:35;TA=M;MT=Variable	NT=asymmetric track lossless time-of-flight analyzer;AC=MS:1003379	MOMI GBGD	2025-02-12	380m/z-980m/z	150m/z-2000m/z	not available	not available	4
MOMI_QC_GBGD_P67_F12	Homo sapiens	blood plasma	not applicable	1	pooled	not available	not available	not available	not available	pooled	20250212_OA3_Evo07_ViAl_SA_FAIMS40_IO41_A556_MOMI_GBGD_P67_F12_R01	proteomic profiling by mass spectrometry	1	20250212_OA3_Evo07_ViAl_SA_FAIMS40_IO41_A556_MOMI_GBGD_P67_F12_R01.raw	v1.1.0	NT=ms-proteomics;VV=v1.1.0	NT=human;VV=v1.1.0	NT=dia-acquisition;VV=v1.1.0	NT=sdrf-skills;VV=v0.2.0	Data-independent acquisition	NT=Orbitrap Astral;AC=MS:1003378	NT=Trypsin;AC=MS:1001251	NT=Lys-C;AC=MS:1001309	label free sample	1	NT=HCD;AC=MS:1000422	25% NCE	10 ppm	10 ppm	NT=Dithiothreitol (DTT);AC=PRIDE:0000608	NT=Chloroacetamide (ClAA);AC=PRIDE:0000600	NT=Carbamidomethyl;AC=UNIMOD:4;TA=C;MT=Fixed	NT=Oxidation;AC=UNIMOD:35;TA=M;MT=Variable	NT=asymmetric track lossless time-of-flight analyzer;AC=MS:1003379	MOMI GBGD	2025-02-12	380m/z-980m/z	150m/z-2000m/z	not available	not available	4
MOMI_QC_GBGD_P67_G12	Homo sapiens	blood plasma	not applicable	1	pooled	not available	not available	not available	not available	pooled	20250212_OA3_Evo07_ViAl_SA_FAIMS40_IO41_A556_MOMI_GBGD_P67_G12_R01	proteomic profiling by mass spectrometry	1	20250212_OA3_Evo07_ViAl_SA_FAIMS40_IO41_A556_MOMI_GBGD_P67_G12_R01.raw	v1.1.0	NT=ms-proteomics;VV=v1.1.0	NT=human;VV=v1.1.0	NT=dia-acquisition;VV=v1.1.0	NT=sdrf-skills;VV=v0.2.0	Data-independent acquisition	NT=Orbitrap Astral;AC=MS:1003378	NT=Trypsin;AC=MS:1001251	NT=Lys-C;AC=MS:1001309	label free sample	1	NT=HCD;AC=MS:1000422	25% NCE	10 ppm	10 ppm	NT=Dithiothreitol (DTT);AC=PRIDE:0000608	NT=Chloroacetamide (ClAA);AC=PRIDE:0000600	NT=Carbamidomethyl;AC=UNIMOD:4;TA=C;MT=Fixed	NT=Oxidation;AC=UNIMOD:35;TA=M;MT=Variable	NT=asymmetric track lossless time-of-flight analyzer;AC=MS:1003379	MOMI GBGD	2025-02-12	380m/z-980m/z	150m/z-2000m/z	not available	not available	4
MOMI_QC_GBGD_P67_H12	Homo sapiens	blood plasma	not applicable	1	pooled	not available	not available	not available	not available	pooled	20250212_OA3_Evo07_ViAl_SA_FAIMS40_IO41_A556_MOMI_GBGD_P67_H12_R01	proteomic profiling by mass spectrometry	1	20250212_OA3_Evo07_ViAl_SA_FAIMS40_IO41_A556_MOMI_GBGD_P67_H12_R01.raw	v1.1.0	NT=ms-proteomics;VV=v1.1.0	NT=human;VV=v1.1.0	NT=dia-acquisition;VV=v1.1.0	NT=sdrf-skills;VV=v0.2.0	Data-independent acquisition	NT=Orbitrap Astral;AC=MS:1003378	NT=Trypsin;AC=MS:1001251	NT=Lys-C;AC=MS:1001309	label free sample	1	NT=HCD;AC=MS:1000422	25% NCE	10 ppm	10 ppm	NT=Dithiothreitol (DTT);AC=PRIDE:0000608	NT=Chloroacetamide (ClAA);AC=PRIDE:0000600	NT=Carbamidomethyl;AC=UNIMOD:4;TA=C;MT=Fixed	NT=Oxidation;AC=UNIMOD:35;TA=M;MT=Variable	NT=asymmetric track lossless time-of-flight analyzer;AC=MS:1003379	MOMI GBGD	2025-02-12	380m/z-980m/z	150m/z-2000m/z	not available	not available	4
MOMI_QC_GBGD_P68_E12	Homo sapiens	blood plasma	not applicable	1	pooled	not available	not available	not available	not available	pooled	20250212_OA3_Evo07_ViAl_SA_FAIMS40_IO41_A556_MOMI_GBGD_P68_E12_R01	proteomic profiling by mass spectrometry	1	20250212_OA3_Evo07_ViAl_SA_FAIMS40_IO41_A556_MOMI_GBGD_P68_E12_R01.raw	v1.1.0	NT=ms-proteomics;VV=v1.1.0	NT=human;VV=v1.1.0	NT=dia-acquisition;VV=v1.1.0	NT=sdrf-skills;VV=v0.2.0	Data-independent acquisition	NT=Orbitrap Astral;AC=MS:1003378	NT=Trypsin;AC=MS:1001251	NT=Lys-C;AC=MS:1001309	label free sample	1	NT=HCD;AC=MS:1000422	25% NCE	10 ppm	10 ppm	NT=Dithiothreitol (DTT);AC=PRIDE:0000608	NT=Chloroacetamide (ClAA);AC=PRIDE:0000600	NT=Carbamidomethyl;AC=UNIMOD:4;TA=C;MT=Fixed	NT=Oxidation;AC=UNIMOD:35;TA=M;MT=Variable	NT=asymmetric track lossless time-of-flight analyzer;AC=MS:1003379	MOMI GBGD	2025-02-12	380m/z-980m/z	150m/z-2000m/z	not available	not available	4
MOMI_QC_GBGD_P68_F12	Homo sapiens	blood plasma	not applicable	1	pooled	not available	not available	not available	not available	pooled	20250212_OA3_Evo07_ViAl_SA_FAIMS40_IO41_A556_MOMI_GBGD_P68_F12_R01	proteomic profiling by mass spectrometry	1	20250212_OA3_Evo07_ViAl_SA_FAIMS40_IO41_A556_MOMI_GBGD_P68_F12_R01.raw	v1.1.0	NT=ms-proteomics;VV=v1.1.0	NT=human;VV=v1.1.0	NT=dia-acquisition;VV=v1.1.0	NT=sdrf-skills;VV=v0.2.0	Data-independent acquisition	NT=Orbitrap Astral;AC=MS:1003378	NT=Trypsin;AC=MS:1001251	NT=Lys-C;AC=MS:1001309	label free sample	1	NT=HCD;AC=MS:1000422	25% NCE	10 ppm	10 ppm	NT=Dithiothreitol (DTT);AC=PRIDE:0000608	NT=Chloroacetamide (ClAA);AC=PRIDE:0000600	NT=Carbamidomethyl;AC=UNIMOD:4;TA=C;MT=Fixed	NT=Oxidation;AC=UNIMOD:35;TA=M;MT=Variable	NT=asymmetric track lossless time-of-flight analyzer;AC=MS:1003379	MOMI GBGD	2025-02-12	380m/z-980m/z	150m/z-2000m/z	not available	not available	4
MOMI_QC_GBGD_P68_G12	Homo sapiens	blood plasma	not applicable	1	pooled	not available	not available	not available	not available	pooled	20250212_OA3_Evo07_ViAl_SA_FAIMS40_IO41_A556_MOMI_GBGD_P68_G12_R01	proteomic profiling by mass spectrometry	1	20250212_OA3_Evo07_ViAl_SA_FAIMS40_IO41_A556_MOMI_GBGD_P68_G12_R01.raw	v1.1.0	NT=ms-proteomics;VV=v1.1.0	NT=human;VV=v1.1.0	NT=dia-acquisition;VV=v1.1.0	NT=sdrf-skills;VV=v0.2.0	Data-independent acquisition	NT=Orbitrap Astral;AC=MS:1003378	NT=Trypsin;AC=MS:1001251	NT=Lys-C;AC=MS:1001309	label free sample	1	NT=HCD;AC=MS:1000422	25% NCE	10 ppm	10 ppm	NT=Dithiothreitol (DTT);AC=PRIDE:0000608	NT=Chloroacetamide (ClAA);AC=PRIDE:0000600	NT=Carbamidomethyl;AC=UNIMOD:4;TA=C;MT=Fixed	NT=Oxidation;AC=UNIMOD:35;TA=M;MT=Variable	NT=asymmetric track lossless time-of-flight analyzer;AC=MS:1003379	MOMI GBGD	2025-02-12	380m/z-980m/z	150m/z-2000m/z	not available	not available	4
MOMI_QC_GBGD_P68_H12	Homo sapiens	blood plasma	not applicable	1	pooled	not available	not available	not available	not available	pooled	20250212_OA3_Evo07_ViAl_SA_FAIMS40_IO41_A556_MOMI_GBGD_P68_H12_R01	proteomic profiling by mass spectrometry	1	20250212_OA3_Evo07_ViAl_SA_FAIMS40_IO41_A556_MOMI_GBGD_P68_H12_R01.raw	v1.1.0	NT=ms-proteomics;VV=v1.1.0	NT=human;VV=v1.1.0	NT=dia-acquisition;VV=v1.1.0	NT=sdrf-skills;VV=v0.2.0	Data-independent acquisition	NT=Orbitrap Astral;AC=MS:1003378	NT=Trypsin;AC=MS:1001251	NT=Lys-C;AC=MS:1001309	label free sample	1	NT=HCD;AC=MS:1000422	25% NCE	10 ppm	10 ppm	NT=Dithiothreitol (DTT);AC=PRIDE:0000608	NT=Chloroacetamide (ClAA);AC=PRIDE:0000600	NT=Carbamidomethyl;AC=UNIMOD:4;TA=C;MT=Fixed	NT=Oxidation;AC=UNIMOD:35;TA=M;MT=Variable	NT=asymmetric track lossless time-of-flight analyzer;AC=MS:1003379	MOMI GBGD	2025-02-12	380m/z-980m/z	150m/z-2000m/z	not available	not available	4
MOMI_QC_GBGD_P69_E12	Homo sapiens	blood plasma	not applicable	1	pooled	not available	not available	not available	not available	pooled	20250221_OA3_Evo02_ViAl_SA_FAIMS40_IO41_A556_MOMI_GBGD_P69_E12_R01	proteomic profiling by mass spectrometry	1	20250221_OA3_Evo02_ViAl_SA_FAIMS40_IO41_A556_MOMI_GBGD_P69_E12_R01.raw	v1.1.0	NT=ms-proteomics;VV=v1.1.0	NT=human;VV=v1.1.0	NT=dia-acquisition;VV=v1.1.0	NT=sdrf-skills;VV=v0.2.0	Data-independent acquisition	NT=Orbitrap Astral;AC=MS:1003378	NT=Trypsin;AC=MS:1001251	NT=Lys-C;AC=MS:1001309	label free sample	1	NT=HCD;AC=MS:1000422	25% NCE	10 ppm	10 ppm	NT=Dithiothreitol (DTT);AC=PRIDE:0000608	NT=Chloroacetamide (ClAA);AC=PRIDE:0000600	NT=Carbamidomethyl;AC=UNIMOD:4;TA=C;MT=Fixed	NT=Oxidation;AC=UNIMOD:35;TA=M;MT=Variable	NT=asymmetric track lossless time-of-flight analyzer;AC=MS:1003379	MOMI GBGD	2025-02-21	380m/z-980m/z	150m/z-2000m/z	not available	not available	4
MOMI_QC_GBGD_P69_F12	Homo sapiens	blood plasma	not applicable	1	pooled	not available	not available	not available	not available	pooled	20250221_OA3_Evo02_ViAl_SA_FAIMS40_IO41_A556_MOMI_GBGD_P69_F12_R01	proteomic profiling by mass spectrometry	1	20250221_OA3_Evo02_ViAl_SA_FAIMS40_IO41_A556_MOMI_GBGD_P69_F12_R01.raw	v1.1.0	NT=ms-proteomics;VV=v1.1.0	NT=human;VV=v1.1.0	NT=dia-acquisition;VV=v1.1.0	NT=sdrf-skills;VV=v0.2.0	Data-independent acquisition	NT=Orbitrap Astral;AC=MS:1003378	NT=Trypsin;AC=MS:1001251	NT=Lys-C;AC=MS:1001309	label free sample	1	NT=HCD;AC=MS:1000422	25% NCE	10 ppm	10 ppm	NT=Dithiothreitol (DTT);AC=PRIDE:0000608	NT=Chloroacetamide (ClAA);AC=PRIDE:0000600	NT=Carbamidomethyl;AC=UNIMOD:4;TA=C;MT=Fixed	NT=Oxidation;AC=UNIMOD:35;TA=M;MT=Variable	NT=asymmetric track lossless time-of-flight analyzer;AC=MS:1003379	MOMI GBGD	2025-02-21	380m/z-980m/z	150m/z-2000m/z	not available	not available	4
MOMI_QC_GBGD_P69_G12	Homo sapiens	blood plasma	not applicable	1	pooled	not available	not available	not available	not available	pooled	20250221_OA3_Evo02_ViAl_SA_FAIMS40_IO41_A556_MOMI_GBGD_P69_G12_R01	proteomic profiling by mass spectrometry	1	20250221_OA3_Evo02_ViAl_SA_FAIMS40_IO41_A556_MOMI_GBGD_P69_G12_R01.raw	v1.1.0	NT=ms-proteomics;VV=v1.1.0	NT=human;VV=v1.1.0	NT=dia-acquisition;VV=v1.1.0	NT=sdrf-skills;VV=v0.2.0	Data-independent acquisition	NT=Orbitrap Astral;AC=MS:1003378	NT=Trypsin;AC=MS:1001251	NT=Lys-C;AC=MS:1001309	label free sample	1	NT=HCD;AC=MS:1000422	25% NCE	10 ppm	10 ppm	NT=Dithiothreitol (DTT);AC=PRIDE:0000608	NT=Chloroacetamide (ClAA);AC=PRIDE:0000600	NT=Carbamidomethyl;AC=UNIMOD:4;TA=C;MT=Fixed	NT=Oxidation;AC=UNIMOD:35;TA=M;MT=Variable	NT=asymmetric track lossless time-of-flight analyzer;AC=MS:1003379	MOMI GBGD	2025-02-21	380m/z-980m/z	150m/z-2000m/z	not available	not available	4
MOMI_QC_GBGD_P69_H12	Homo sapiens	blood plasma	not applicable	1	pooled	not available	not available	not available	not available	pooled	20250221_OA3_Evo02_ViAl_SA_FAIMS40_IO41_A556_MOMI_GBGD_P69_H12_R01	proteomic profiling by mass spectrometry	1	20250221_OA3_Evo02_ViAl_SA_FAIMS40_IO41_A556_MOMI_GBGD_P69_H12_R01.raw	v1.1.0	NT=ms-proteomics;VV=v1.1.0	NT=human;VV=v1.1.0	NT=dia-acquisition;VV=v1.1.0	NT=sdrf-skills;VV=v0.2.0	Data-independent acquisition	NT=Orbitrap Astral;AC=MS:1003378	NT=Trypsin;AC=MS:1001251	NT=Lys-C;AC=MS:1001309	label free sample	1	NT=HCD;AC=MS:1000422	25% NCE	10 ppm	10 ppm	NT=Dithiothreitol (DTT);AC=PRIDE:0000608	NT=Chloroacetamide (ClAA);AC=PRIDE:0000600	NT=Carbamidomethyl;AC=UNIMOD:4;TA=C;MT=Fixed	NT=Oxidation;AC=UNIMOD:35;TA=M;MT=Variable	NT=asymmetric track lossless time-of-flight analyzer;AC=MS:1003379	MOMI GBGD	2025-02-21	380m/z-980m/z	150m/z-2000m/z	not available	not available	4
MOMI_QC_GBGD_P70_E12	Homo sapiens	blood plasma	not applicable	1	pooled	not available	not available	not available	not available	pooled	20250221_OA3_Evo02_ViAl_SA_FAIMS40_IO41_A556_MOMI_GBGD_P70_E12_R01	proteomic profiling by mass spectrometry	1	20250221_OA3_Evo02_ViAl_SA_FAIMS40_IO41_A556_MOMI_GBGD_P70_E12_R01.raw	v1.1.0	NT=ms-proteomics;VV=v1.1.0	NT=human;VV=v1.1.0	NT=dia-acquisition;VV=v1.1.0	NT=sdrf-skills;VV=v0.2.0	Data-independent acquisition	NT=Orbitrap Astral;AC=MS:1003378	NT=Trypsin;AC=MS:1001251	NT=Lys-C;AC=MS:1001309	label free sample	1	NT=HCD;AC=MS:1000422	25% NCE	10 ppm	10 ppm	NT=Dithiothreitol (DTT);AC=PRIDE:0000608	NT=Chloroacetamide (ClAA);AC=PRIDE:0000600	NT=Carbamidomethyl;AC=UNIMOD:4;TA=C;MT=Fixed	NT=Oxidation;AC=UNIMOD:35;TA=M;MT=Variable	NT=asymmetric track lossless time-of-flight analyzer;AC=MS:1003379	MOMI GBGD	2025-02-21	380m/z-980m/z	150m/z-2000m/z	not available	not available	4
MOMI_QC_GBGD_P70_F12	Homo sapiens	blood plasma	not applicable	1	pooled	not available	not available	not available	not available	pooled	20250221_OA3_Evo02_ViAl_SA_FAIMS40_IO41_A556_MOMI_GBGD_P70_F12_R01	proteomic profiling by mass spectrometry	1	20250221_OA3_Evo02_ViAl_SA_FAIMS40_IO41_A556_MOMI_GBGD_P70_F12_R01.raw	v1.1.0	NT=ms-proteomics;VV=v1.1.0	NT=human;VV=v1.1.0	NT=dia-acquisition;VV=v1.1.0	NT=sdrf-skills;VV=v0.2.0	Data-independent acquisition	NT=Orbitrap Astral;AC=MS:1003378	NT=Trypsin;AC=MS:1001251	NT=Lys-C;AC=MS:1001309	label free sample	1	NT=HCD;AC=MS:1000422	25% NCE	10 ppm	10 ppm	NT=Dithiothreitol (DTT);AC=PRIDE:0000608	NT=Chloroacetamide (ClAA);AC=PRIDE:0000600	NT=Carbamidomethyl;AC=UNIMOD:4;TA=C;MT=Fixed	NT=Oxidation;AC=UNIMOD:35;TA=M;MT=Variable	NT=asymmetric track lossless time-of-flight analyzer;AC=MS:1003379	MOMI GBGD	2025-02-21	380m/z-980m/z	150m/z-2000m/z	not available	not available	4
MOMI_QC_GBGD_P70_G12	Homo sapiens	blood plasma	not applicable	1	pooled	not available	not available	not available	not available	pooled	20250221_OA3_Evo02_ViAl_SA_FAIMS40_IO41_A556_MOMI_GBGD_P70_G12_R01	proteomic profiling by mass spectrometry	1	20250221_OA3_Evo02_ViAl_SA_FAIMS40_IO41_A556_MOMI_GBGD_P70_G12_R01.raw	v1.1.0	NT=ms-proteomics;VV=v1.1.0	NT=human;VV=v1.1.0	NT=dia-acquisition;VV=v1.1.0	NT=sdrf-skills;VV=v0.2.0	Data-independent acquisition	NT=Orbitrap Astral;AC=MS:1003378	NT=Trypsin;AC=MS:1001251	NT=Lys-C;AC=MS:1001309	label free sample	1	NT=HCD;AC=MS:1000422	25% NCE	10 ppm	10 ppm	NT=Dithiothreitol (DTT);AC=PRIDE:0000608	NT=Chloroacetamide (ClAA);AC=PRIDE:0000600	NT=Carbamidomethyl;AC=UNIMOD:4;TA=C;MT=Fixed	NT=Oxidation;AC=UNIMOD:35;TA=M;MT=Variable	NT=asymmetric track lossless time-of-flight analyzer;AC=MS:1003379	MOMI GBGD	2025-02-21	380m/z-980m/z	150m/z-2000m/z	not available	not available	4
MOMI_QC_GBGD_P70_H12	Homo sapiens	blood plasma	not applicable	1	pooled	not available	not available	not available	not available	pooled	20250221_OA3_Evo02_ViAl_SA_FAIMS40_IO41_A556_MOMI_GBGD_P70_H12_R01	proteomic profiling by mass spectrometry	1	20250221_OA3_Evo02_ViAl_SA_FAIMS40_IO41_A556_MOMI_GBGD_P70_H12_R01.raw	v1.1.0	NT=ms-proteomics;VV=v1.1.0	NT=human;VV=v1.1.0	NT=dia-acquisition;VV=v1.1.0	NT=sdrf-skills;VV=v0.2.0	Data-independent acquisition	NT=Orbitrap Astral;AC=MS:1003378	NT=Trypsin;AC=MS:1001251	NT=Lys-C;AC=MS:1001309	label free sample	1	NT=HCD;AC=MS:1000422	25% NCE	10 ppm	10 ppm	NT=Dithiothreitol (DTT);AC=PRIDE:0000608	NT=Chloroacetamide (ClAA);AC=PRIDE:0000600	NT=Carbamidomethyl;AC=UNIMOD:4;TA=C;MT=Fixed	NT=Oxidation;AC=UNIMOD:35;TA=M;MT=Variable	NT=asymmetric track lossless time-of-flight analyzer;AC=MS:1003379	MOMI GBGD	2025-02-21	380m/z-980m/z	150m/z-2000m/z	not available	not available	4
MOMI_QC_GBGD_P71_E12	Homo sapiens	blood plasma	not applicable	1	pooled	not available	not available	not available	not available	pooled	20250221_OA3_Evo07_ViAl_SA_FAIMS40_IO41_A556_MOMI_GBGD_P71_E12_R01	proteomic profiling by mass spectrometry	1	20250221_OA3_Evo07_ViAl_SA_FAIMS40_IO41_A556_MOMI_GBGD_P71_E12_R01.raw	v1.1.0	NT=ms-proteomics;VV=v1.1.0	NT=human;VV=v1.1.0	NT=dia-acquisition;VV=v1.1.0	NT=sdrf-skills;VV=v0.2.0	Data-independent acquisition	NT=Orbitrap Astral;AC=MS:1003378	NT=Trypsin;AC=MS:1001251	NT=Lys-C;AC=MS:1001309	label free sample	1	NT=HCD;AC=MS:1000422	25% NCE	10 ppm	10 ppm	NT=Dithiothreitol (DTT);AC=PRIDE:0000608	NT=Chloroacetamide (ClAA);AC=PRIDE:0000600	NT=Carbamidomethyl;AC=UNIMOD:4;TA=C;MT=Fixed	NT=Oxidation;AC=UNIMOD:35;TA=M;MT=Variable	NT=asymmetric track lossless time-of-flight analyzer;AC=MS:1003379	MOMI GBGD	2025-02-21	380m/z-980m/z	150m/z-2000m/z	not available	not available	4
MOMI_QC_GBGD_P71_F12	Homo sapiens	blood plasma	not applicable	1	pooled	not available	not available	not available	not available	pooled	20250221_OA3_Evo07_ViAl_SA_FAIMS40_IO41_A556_MOMI_GBGD_P71_F12_R01	proteomic profiling by mass spectrometry	1	20250221_OA3_Evo07_ViAl_SA_FAIMS40_IO41_A556_MOMI_GBGD_P71_F12_R01.raw	v1.1.0	NT=ms-proteomics;VV=v1.1.0	NT=human;VV=v1.1.0	NT=dia-acquisition;VV=v1.1.0	NT=sdrf-skills;VV=v0.2.0	Data-independent acquisition	NT=Orbitrap Astral;AC=MS:1003378	NT=Trypsin;AC=MS:1001251	NT=Lys-C;AC=MS:1001309	label free sample	1	NT=HCD;AC=MS:1000422	25% NCE	10 ppm	10 ppm	NT=Dithiothreitol (DTT);AC=PRIDE:0000608	NT=Chloroacetamide (ClAA);AC=PRIDE:0000600	NT=Carbamidomethyl;AC=UNIMOD:4;TA=C;MT=Fixed	NT=Oxidation;AC=UNIMOD:35;TA=M;MT=Variable	NT=asymmetric track lossless time-of-flight analyzer;AC=MS:1003379	MOMI GBGD	2025-02-21	380m/z-980m/z	150m/z-2000m/z	not available	not available	4
MOMI_QC_GBGD_P71_G12	Homo sapiens	blood plasma	not applicable	1	pooled	not available	not available	not available	not available	pooled	20250221_OA3_Evo07_ViAl_SA_FAIMS40_IO41_A556_MOMI_GBGD_P71_G12_R01	proteomic profiling by mass spectrometry	1	20250221_OA3_Evo07_ViAl_SA_FAIMS40_IO41_A556_MOMI_GBGD_P71_G12_R01.raw	v1.1.0	NT=ms-proteomics;VV=v1.1.0	NT=human;VV=v1.1.0	NT=dia-acquisition;VV=v1.1.0	NT=sdrf-skills;VV=v0.2.0	Data-independent acquisition	NT=Orbitrap Astral;AC=MS:1003378	NT=Trypsin;AC=MS:1001251	NT=Lys-C;AC=MS:1001309	label free sample	1	NT=HCD;AC=MS:1000422	25% NCE	10 ppm	10 ppm	NT=Dithiothreitol (DTT);AC=PRIDE:0000608	NT=Chloroacetamide (ClAA);AC=PRIDE:0000600	NT=Carbamidomethyl;AC=UNIMOD:4;TA=C;MT=Fixed	NT=Oxidation;AC=UNIMOD:35;TA=M;MT=Variable	NT=asymmetric track lossless time-of-flight analyzer;AC=MS:1003379	MOMI GBGD	2025-02-21	380m/z-980m/z	150m/z-2000m/z	not available	not available	4
MOMI_QC_GBGD_P71_H12	Homo sapiens	blood plasma	not applicable	1	pooled	not available	not available	not available	not available	pooled	20250221_OA3_Evo07_ViAl_SA_FAIMS40_IO41_A556_MOMI_GBGD_P71_H12_R01	proteomic profiling by mass spectrometry	1	20250221_OA3_Evo07_ViAl_SA_FAIMS40_IO41_A556_MOMI_GBGD_P71_H12_R01.raw	v1.1.0	NT=ms-proteomics;VV=v1.1.0	NT=human;VV=v1.1.0	NT=dia-acquisition;VV=v1.1.0	NT=sdrf-skills;VV=v0.2.0	Data-independent acquisition	NT=Orbitrap Astral;AC=MS:1003378	NT=Trypsin;AC=MS:1001251	NT=Lys-C;AC=MS:1001309	label free sample	1	NT=HCD;AC=MS:1000422	25% NCE	10 ppm	10 ppm	NT=Dithiothreitol (DTT);AC=PRIDE:0000608	NT=Chloroacetamide (ClAA);AC=PRIDE:0000600	NT=Carbamidomethyl;AC=UNIMOD:4;TA=C;MT=Fixed	NT=Oxidation;AC=UNIMOD:35;TA=M;MT=Variable	NT=asymmetric track lossless time-of-flight analyzer;AC=MS:1003379	MOMI GBGD	2025-02-21	380m/z-980m/z	150m/z-2000m/z	not available	not available	4
MOMI_QC_GBGD_P72_E12	Homo sapiens	blood plasma	not applicable	1	pooled	not available	not available	not available	not available	pooled	20250221_OA3_Evo07_ViAl_SA_FAIMS40_IO41_A556_MOMI_GBGD_P72_E12_R01	proteomic profiling by mass spectrometry	1	20250221_OA3_Evo07_ViAl_SA_FAIMS40_IO41_A556_MOMI_GBGD_P72_E12_R01.raw	v1.1.0	NT=ms-proteomics;VV=v1.1.0	NT=human;VV=v1.1.0	NT=dia-acquisition;VV=v1.1.0	NT=sdrf-skills;VV=v0.2.0	Data-independent acquisition	NT=Orbitrap Astral;AC=MS:1003378	NT=Trypsin;AC=MS:1001251	NT=Lys-C;AC=MS:1001309	label free sample	1	NT=HCD;AC=MS:1000422	25% NCE	10 ppm	10 ppm	NT=Dithiothreitol (DTT);AC=PRIDE:0000608	NT=Chloroacetamide (ClAA);AC=PRIDE:0000600	NT=Carbamidomethyl;AC=UNIMOD:4;TA=C;MT=Fixed	NT=Oxidation;AC=UNIMOD:35;TA=M;MT=Variable	NT=asymmetric track lossless time-of-flight analyzer;AC=MS:1003379	MOMI GBGD	2025-02-21	380m/z-980m/z	150m/z-2000m/z	not available	not available	4
MOMI_QC_GBGD_P72_F12	Homo sapiens	blood plasma	not applicable	1	pooled	not available	not available	not available	not available	pooled	20250221_OA3_Evo07_ViAl_SA_FAIMS40_IO41_A556_MOMI_GBGD_P72_F12_R01	proteomic profiling by mass spectrometry	1	20250221_OA3_Evo07_ViAl_SA_FAIMS40_IO41_A556_MOMI_GBGD_P72_F12_R01.raw	v1.1.0	NT=ms-proteomics;VV=v1.1.0	NT=human;VV=v1.1.0	NT=dia-acquisition;VV=v1.1.0	NT=sdrf-skills;VV=v0.2.0	Data-independent acquisition	NT=Orbitrap Astral;AC=MS:1003378	NT=Trypsin;AC=MS:1001251	NT=Lys-C;AC=MS:1001309	label free sample	1	NT=HCD;AC=MS:1000422	25% NCE	10 ppm	10 ppm	NT=Dithiothreitol (DTT);AC=PRIDE:0000608	NT=Chloroacetamide (ClAA);AC=PRIDE:0000600	NT=Carbamidomethyl;AC=UNIMOD:4;TA=C;MT=Fixed	NT=Oxidation;AC=UNIMOD:35;TA=M;MT=Variable	NT=asymmetric track lossless time-of-flight analyzer;AC=MS:1003379	MOMI GBGD	2025-02-21	380m/z-980m/z	150m/z-2000m/z	not available	not available	4
MOMI_QC_GBGD_P72_G12	Homo sapiens	blood plasma	not applicable	1	pooled	not available	not available	not available	not available	pooled	20250221_OA3_Evo07_ViAl_SA_FAIMS40_IO41_A556_MOMI_GBGD_P72_G12_R01	proteomic profiling by mass spectrometry	1	20250221_OA3_Evo07_ViAl_SA_FAIMS40_IO41_A556_MOMI_GBGD_P72_G12_R01.raw	v1.1.0	NT=ms-proteomics;VV=v1.1.0	NT=human;VV=v1.1.0	NT=dia-acquisition;VV=v1.1.0	NT=sdrf-skills;VV=v0.2.0	Data-independent acquisition	NT=Orbitrap Astral;AC=MS:1003378	NT=Trypsin;AC=MS:1001251	NT=Lys-C;AC=MS:1001309	label free sample	1	NT=HCD;AC=MS:1000422	25% NCE	10 ppm	10 ppm	NT=Dithiothreitol (DTT);AC=PRIDE:0000608	NT=Chloroacetamide (ClAA);AC=PRIDE:0000600	NT=Carbamidomethyl;AC=UNIMOD:4;TA=C;MT=Fixed	NT=Oxidation;AC=UNIMOD:35;TA=M;MT=Variable	NT=asymmetric track lossless time-of-flight analyzer;AC=MS:1003379	MOMI GBGD	2025-02-21	380m/z-980m/z	150m/z-2000m/z	not available	not available	4
MOMI_QC_GBGD_P72_H12	Homo sapiens	blood plasma	not applicable	1	pooled	not available	not available	not available	not available	pooled	20250221_OA3_Evo07_ViAl_SA_FAIMS40_IO41_A556_MOMI_GBGD_P72_H12_R01	proteomic profiling by mass spectrometry	1	20250221_OA3_Evo07_ViAl_SA_FAIMS40_IO41_A556_MOMI_GBGD_P72_H12_R01.raw	v1.1.0	NT=ms-proteomics;VV=v1.1.0	NT=human;VV=v1.1.0	NT=dia-acquisition;VV=v1.1.0	NT=sdrf-skills;VV=v0.2.0	Data-independent acquisition	NT=Orbitrap Astral;AC=MS:1003378	NT=Trypsin;AC=MS:1001251	NT=Lys-C;AC=MS:1001309	label free sample	1	NT=HCD;AC=MS:1000422	25% NCE	10 ppm	10 ppm	NT=Dithiothreitol (DTT);AC=PRIDE:0000608	NT=Chloroacetamide (ClAA);AC=PRIDE:0000600	NT=Carbamidomethyl;AC=UNIMOD:4;TA=C;MT=Fixed	NT=Oxidation;AC=UNIMOD:35;TA=M;MT=Variable	NT=asymmetric track lossless time-of-flight analyzer;AC=MS:1003379	MOMI GBGD	2025-02-21	380m/z-980m/z	150m/z-2000m/z	not available	not available	4
MOMI_QC_GBGD_P73_E12	Homo sapiens	blood plasma	not applicable	1	pooled	not available	not available	not available	not available	pooled	20250221_OA3_Evo07_ViAl_SA_FAIMS40_IO41_A556_MOMI_GBGD_P73_E12_R01	proteomic profiling by mass spectrometry	1	20250221_OA3_Evo07_ViAl_SA_FAIMS40_IO41_A556_MOMI_GBGD_P73_E12_R01.raw	v1.1.0	NT=ms-proteomics;VV=v1.1.0	NT=human;VV=v1.1.0	NT=dia-acquisition;VV=v1.1.0	NT=sdrf-skills;VV=v0.2.0	Data-independent acquisition	NT=Orbitrap Astral;AC=MS:1003378	NT=Trypsin;AC=MS:1001251	NT=Lys-C;AC=MS:1001309	label free sample	1	NT=HCD;AC=MS:1000422	25% NCE	10 ppm	10 ppm	NT=Dithiothreitol (DTT);AC=PRIDE:0000608	NT=Chloroacetamide (ClAA);AC=PRIDE:0000600	NT=Carbamidomethyl;AC=UNIMOD:4;TA=C;MT=Fixed	NT=Oxidation;AC=UNIMOD:35;TA=M;MT=Variable	NT=asymmetric track lossless time-of-flight analyzer;AC=MS:1003379	MOMI GBGD	2025-02-21	380m/z-980m/z	150m/z-2000m/z	not available	not available	4
MOMI_QC_GBGD_P73_F12	Homo sapiens	blood plasma	not applicable	1	pooled	not available	not available	not available	not available	pooled	20250221_OA3_Evo07_ViAl_SA_FAIMS40_IO41_A556_MOMI_GBGD_P73_F12_R01	proteomic profiling by mass spectrometry	1	20250221_OA3_Evo07_ViAl_SA_FAIMS40_IO41_A556_MOMI_GBGD_P73_F12_R01.raw	v1.1.0	NT=ms-proteomics;VV=v1.1.0	NT=human;VV=v1.1.0	NT=dia-acquisition;VV=v1.1.0	NT=sdrf-skills;VV=v0.2.0	Data-independent acquisition	NT=Orbitrap Astral;AC=MS:1003378	NT=Trypsin;AC=MS:1001251	NT=Lys-C;AC=MS:1001309	label free sample	1	NT=HCD;AC=MS:1000422	25% NCE	10 ppm	10 ppm	NT=Dithiothreitol (DTT);AC=PRIDE:0000608	NT=Chloroacetamide (ClAA);AC=PRIDE:0000600	NT=Carbamidomethyl;AC=UNIMOD:4;TA=C;MT=Fixed	NT=Oxidation;AC=UNIMOD:35;TA=M;MT=Variable	NT=asymmetric track lossless time-of-flight analyzer;AC=MS:1003379	MOMI GBGD	2025-02-21	380m/z-980m/z	150m/z-2000m/z	not available	not available	4
MOMI_QC_GBGD_P73_G12	Homo sapiens	blood plasma	not applicable	1	pooled	not available	not available	not available	not available	pooled	20250221_OA3_Evo07_ViAl_SA_FAIMS40_IO41_A556_MOMI_GBGD_P73_G12_R01	proteomic profiling by mass spectrometry	1	20250221_OA3_Evo07_ViAl_SA_FAIMS40_IO41_A556_MOMI_GBGD_P73_G12_R01.raw	v1.1.0	NT=ms-proteomics;VV=v1.1.0	NT=human;VV=v1.1.0	NT=dia-acquisition;VV=v1.1.0	NT=sdrf-skills;VV=v0.2.0	Data-independent acquisition	NT=Orbitrap Astral;AC=MS:1003378	NT=Trypsin;AC=MS:1001251	NT=Lys-C;AC=MS:1001309	label free sample	1	NT=HCD;AC=MS:1000422	25% NCE	10 ppm	10 ppm	NT=Dithiothreitol (DTT);AC=PRIDE:0000608	NT=Chloroacetamide (ClAA);AC=PRIDE:0000600	NT=Carbamidomethyl;AC=UNIMOD:4;TA=C;MT=Fixed	NT=Oxidation;AC=UNIMOD:35;TA=M;MT=Variable	NT=asymmetric track lossless time-of-flight analyzer;AC=MS:1003379	MOMI GBGD	2025-02-21	380m/z-980m/z	150m/z-2000m/z	not available	not available	4
MOMI_QC_GBGD_P73_H12	Homo sapiens	blood plasma	not applicable	1	pooled	not available	not available	not available	not available	pooled	20250221_OA3_Evo07_ViAl_SA_FAIMS40_IO41_A556_MOMI_GBGD_P73_H12_R01	proteomic profiling by mass spectrometry	1	20250221_OA3_Evo07_ViAl_SA_FAIMS40_IO41_A556_MOMI_GBGD_P73_H12_R01.raw	v1.1.0	NT=ms-proteomics;VV=v1.1.0	NT=human;VV=v1.1.0	NT=dia-acquisition;VV=v1.1.0	NT=sdrf-skills;VV=v0.2.0	Data-independent acquisition	NT=Orbitrap Astral;AC=MS:1003378	NT=Trypsin;AC=MS:1001251	NT=Lys-C;AC=MS:1001309	label free sample	1	NT=HCD;AC=MS:1000422	25% NCE	10 ppm	10 ppm	NT=Dithiothreitol (DTT);AC=PRIDE:0000608	NT=Chloroacetamide (ClAA);AC=PRIDE:0000600	NT=Carbamidomethyl;AC=UNIMOD:4;TA=C;MT=Fixed	NT=Oxidation;AC=UNIMOD:35;TA=M;MT=Variable	NT=asymmetric track lossless time-of-flight analyzer;AC=MS:1003379	MOMI GBGD	2025-02-21	380m/z-980m/z	150m/z-2000m/z	not available	not available	4
MOMI_QC_GBGD_P74_E12	Homo sapiens	blood plasma	not applicable	1	pooled	not available	not available	not available	not available	pooled	20250221_OA3_Evo07_ViAl_SA_FAIMS40_IO41_A556_MOMI_GBGD_P74_E12_R01	proteomic profiling by mass spectrometry	1	20250221_OA3_Evo07_ViAl_SA_FAIMS40_IO41_A556_MOMI_GBGD_P74_E12_R01.raw	v1.1.0	NT=ms-proteomics;VV=v1.1.0	NT=human;VV=v1.1.0	NT=dia-acquisition;VV=v1.1.0	NT=sdrf-skills;VV=v0.2.0	Data-independent acquisition	NT=Orbitrap Astral;AC=MS:1003378	NT=Trypsin;AC=MS:1001251	NT=Lys-C;AC=MS:1001309	label free sample	1	NT=HCD;AC=MS:1000422	25% NCE	10 ppm	10 ppm	NT=Dithiothreitol (DTT);AC=PRIDE:0000608	NT=Chloroacetamide (ClAA);AC=PRIDE:0000600	NT=Carbamidomethyl;AC=UNIMOD:4;TA=C;MT=Fixed	NT=Oxidation;AC=UNIMOD:35;TA=M;MT=Variable	NT=asymmetric track lossless time-of-flight analyzer;AC=MS:1003379	MOMI GBGD	2025-02-21	380m/z-980m/z	150m/z-2000m/z	not available	not available	4
MOMI_QC_GBGD_P74_F12	Homo sapiens	blood plasma	not applicable	1	pooled	not available	not available	not available	not available	pooled	20250221_OA3_Evo07_ViAl_SA_FAIMS40_IO41_A556_MOMI_GBGD_P74_F12_R01	proteomic profiling by mass spectrometry	1	20250221_OA3_Evo07_ViAl_SA_FAIMS40_IO41_A556_MOMI_GBGD_P74_F12_R01.raw	v1.1.0	NT=ms-proteomics;VV=v1.1.0	NT=human;VV=v1.1.0	NT=dia-acquisition;VV=v1.1.0	NT=sdrf-skills;VV=v0.2.0	Data-independent acquisition	NT=Orbitrap Astral;AC=MS:1003378	NT=Trypsin;AC=MS:1001251	NT=Lys-C;AC=MS:1001309	label free sample	1	NT=HCD;AC=MS:1000422	25% NCE	10 ppm	10 ppm	NT=Dithiothreitol (DTT);AC=PRIDE:0000608	NT=Chloroacetamide (ClAA);AC=PRIDE:0000600	NT=Carbamidomethyl;AC=UNIMOD:4;TA=C;MT=Fixed	NT=Oxidation;AC=UNIMOD:35;TA=M;MT=Variable	NT=asymmetric track lossless time-of-flight analyzer;AC=MS:1003379	MOMI GBGD	2025-02-21	380m/z-980m/z	150m/z-2000m/z	not available	not available	4
MOMI_QC_GBGD_P74_G12	Homo sapiens	blood plasma	not applicable	1	pooled	not available	not available	not available	not available	pooled	20250221_OA3_Evo07_ViAl_SA_FAIMS40_IO41_A556_MOMI_GBGD_P74_G12_R01	proteomic profiling by mass spectrometry	1	20250221_OA3_Evo07_ViAl_SA_FAIMS40_IO41_A556_MOMI_GBGD_P74_G12_R01.raw	v1.1.0	NT=ms-proteomics;VV=v1.1.0	NT=human;VV=v1.1.0	NT=dia-acquisition;VV=v1.1.0	NT=sdrf-skills;VV=v0.2.0	Data-independent acquisition	NT=Orbitrap Astral;AC=MS:1003378	NT=Trypsin;AC=MS:1001251	NT=Lys-C;AC=MS:1001309	label free sample	1	NT=HCD;AC=MS:1000422	25% NCE	10 ppm	10 ppm	NT=Dithiothreitol (DTT);AC=PRIDE:0000608	NT=Chloroacetamide (ClAA);AC=PRIDE:0000600	NT=Carbamidomethyl;AC=UNIMOD:4;TA=C;MT=Fixed	NT=Oxidation;AC=UNIMOD:35;TA=M;MT=Variable	NT=asymmetric track lossless time-of-flight analyzer;AC=MS:1003379	MOMI GBGD	2025-02-21	380m/z-980m/z	150m/z-2000m/z	not available	not available	4
MOMI_QC_GBGD_P74_H12	Homo sapiens	blood plasma	not applicable	1	pooled	not available	not available	not available	not available	pooled	20250221_OA3_Evo07_ViAl_SA_FAIMS40_IO41_A556_MOMI_GBGD_P74_H12_R01	proteomic profiling by mass spectrometry	1	20250221_OA3_Evo07_ViAl_SA_FAIMS40_IO41_A556_MOMI_GBGD_P74_H12_R01.raw	v1.1.0	NT=ms-proteomics;VV=v1.1.0	NT=human;VV=v1.1.0	NT=dia-acquisition;VV=v1.1.0	NT=sdrf-skills;VV=v0.2.0	Data-independent acquisition	NT=Orbitrap Astral;AC=MS:1003378	NT=Trypsin;AC=MS:1001251	NT=Lys-C;AC=MS:1001309	label free sample	1	NT=HCD;AC=MS:1000422	25% NCE	10 ppm	10 ppm	NT=Dithiothreitol (DTT);AC=PRIDE:0000608	NT=Chloroacetamide (ClAA);AC=PRIDE:0000600	NT=Carbamidomethyl;AC=UNIMOD:4;TA=C;MT=Fixed	NT=Oxidation;AC=UNIMOD:35;TA=M;MT=Variable	NT=asymmetric track lossless time-of-flight analyzer;AC=MS:1003379	MOMI GBGD	2025-02-21	380m/z-980m/z	150m/z-2000m/z	not available	not available	4
MOMI_QC_GBGD_P75_E12	Homo sapiens	blood plasma	not applicable	1	pooled	not available	not available	not available	not available	pooled	20250221_OA3_Evo07_ViAl_SA_FAIMS40_IO41_A556_MOMI_GBGD_P75_E12_R01	proteomic profiling by mass spectrometry	1	20250221_OA3_Evo07_ViAl_SA_FAIMS40_IO41_A556_MOMI_GBGD_P75_E12_R01.raw	v1.1.0	NT=ms-proteomics;VV=v1.1.0	NT=human;VV=v1.1.0	NT=dia-acquisition;VV=v1.1.0	NT=sdrf-skills;VV=v0.2.0	Data-independent acquisition	NT=Orbitrap Astral;AC=MS:1003378	NT=Trypsin;AC=MS:1001251	NT=Lys-C;AC=MS:1001309	label free sample	1	NT=HCD;AC=MS:1000422	25% NCE	10 ppm	10 ppm	NT=Dithiothreitol (DTT);AC=PRIDE:0000608	NT=Chloroacetamide (ClAA);AC=PRIDE:0000600	NT=Carbamidomethyl;AC=UNIMOD:4;TA=C;MT=Fixed	NT=Oxidation;AC=UNIMOD:35;TA=M;MT=Variable	NT=asymmetric track lossless time-of-flight analyzer;AC=MS:1003379	MOMI GBGD	2025-02-21	380m/z-980m/z	150m/z-2000m/z	not available	not available	4
MOMI_QC_GBGD_P75_F12	Homo sapiens	blood plasma	not applicable	1	pooled	not available	not available	not available	not available	pooled	20250221_OA3_Evo07_ViAl_SA_FAIMS40_IO41_A556_MOMI_GBGD_P75_F12_R01	proteomic profiling by mass spectrometry	1	20250221_OA3_Evo07_ViAl_SA_FAIMS40_IO41_A556_MOMI_GBGD_P75_F12_R01.raw	v1.1.0	NT=ms-proteomics;VV=v1.1.0	NT=human;VV=v1.1.0	NT=dia-acquisition;VV=v1.1.0	NT=sdrf-skills;VV=v0.2.0	Data-independent acquisition	NT=Orbitrap Astral;AC=MS:1003378	NT=Trypsin;AC=MS:1001251	NT=Lys-C;AC=MS:1001309	label free sample	1	NT=HCD;AC=MS:1000422	25% NCE	10 ppm	10 ppm	NT=Dithiothreitol (DTT);AC=PRIDE:0000608	NT=Chloroacetamide (ClAA);AC=PRIDE:0000600	NT=Carbamidomethyl;AC=UNIMOD:4;TA=C;MT=Fixed	NT=Oxidation;AC=UNIMOD:35;TA=M;MT=Variable	NT=asymmetric track lossless time-of-flight analyzer;AC=MS:1003379	MOMI GBGD	2025-02-21	380m/z-980m/z	150m/z-2000m/z	not available	not available	4
MOMI_QC_GBGD_P75_G12	Homo sapiens	blood plasma	not applicable	1	pooled	not available	not available	not available	not available	pooled	20250221_OA3_Evo07_ViAl_SA_FAIMS40_IO41_A556_MOMI_GBGD_P75_G12_R01	proteomic profiling by mass spectrometry	1	20250221_OA3_Evo07_ViAl_SA_FAIMS40_IO41_A556_MOMI_GBGD_P75_G12_R01.raw	v1.1.0	NT=ms-proteomics;VV=v1.1.0	NT=human;VV=v1.1.0	NT=dia-acquisition;VV=v1.1.0	NT=sdrf-skills;VV=v0.2.0	Data-independent acquisition	NT=Orbitrap Astral;AC=MS:1003378	NT=Trypsin;AC=MS:1001251	NT=Lys-C;AC=MS:1001309	label free sample	1	NT=HCD;AC=MS:1000422	25% NCE	10 ppm	10 ppm	NT=Dithiothreitol (DTT);AC=PRIDE:0000608	NT=Chloroacetamide (ClAA);AC=PRIDE:0000600	NT=Carbamidomethyl;AC=UNIMOD:4;TA=C;MT=Fixed	NT=Oxidation;AC=UNIMOD:35;TA=M;MT=Variable	NT=asymmetric track lossless time-of-flight analyzer;AC=MS:1003379	MOMI GBGD	2025-02-21	380m/z-980m/z	150m/z-2000m/z	not available	not available	4
MOMI_QC_GBGD_P75_H12	Homo sapiens	blood plasma	not applicable	1	pooled	not available	not available	not available	not available	pooled	20250221_OA3_Evo07_ViAl_SA_FAIMS40_IO41_A556_MOMI_GBGD_P75_H12_R01	proteomic profiling by mass spectrometry	1	20250221_OA3_Evo07_ViAl_SA_FAIMS40_IO41_A556_MOMI_GBGD_P75_H12_R01.raw	v1.1.0	NT=ms-proteomics;VV=v1.1.0	NT=human;VV=v1.1.0	NT=dia-acquisition;VV=v1.1.0	NT=sdrf-skills;VV=v0.2.0	Data-independent acquisition	NT=Orbitrap Astral;AC=MS:1003378	NT=Trypsin;AC=MS:1001251	NT=Lys-C;AC=MS:1001309	label free sample	1	NT=HCD;AC=MS:1000422	25% NCE	10 ppm	10 ppm	NT=Dithiothreitol (DTT);AC=PRIDE:0000608	NT=Chloroacetamide (ClAA);AC=PRIDE:0000600	NT=Carbamidomethyl;AC=UNIMOD:4;TA=C;MT=Fixed	NT=Oxidation;AC=UNIMOD:35;TA=M;MT=Variable	NT=asymmetric track lossless time-of-flight analyzer;AC=MS:1003379	MOMI GBGD	2025-02-21	380m/z-980m/z	150m/z-2000m/z	not available	not available	4
MOMI_QC_GBGD_P79_E12	Homo sapiens	blood plasma	not applicable	1	pooled	not available	not available	not available	not available	pooled	20250228_OA3_Evo07_ViAl_SA_FAIMS40_IO41_A556_MOMI_GBGD_P79_E12_R01	proteomic profiling by mass spectrometry	1	20250228_OA3_Evo07_ViAl_SA_FAIMS40_IO41_A556_MOMI_GBGD_P79_E12_R01.raw	v1.1.0	NT=ms-proteomics;VV=v1.1.0	NT=human;VV=v1.1.0	NT=dia-acquisition;VV=v1.1.0	NT=sdrf-skills;VV=v0.2.0	Data-independent acquisition	NT=Orbitrap Astral;AC=MS:1003378	NT=Trypsin;AC=MS:1001251	NT=Lys-C;AC=MS:1001309	label free sample	1	NT=HCD;AC=MS:1000422	25% NCE	10 ppm	10 ppm	NT=Dithiothreitol (DTT);AC=PRIDE:0000608	NT=Chloroacetamide (ClAA);AC=PRIDE:0000600	NT=Carbamidomethyl;AC=UNIMOD:4;TA=C;MT=Fixed	NT=Oxidation;AC=UNIMOD:35;TA=M;MT=Variable	NT=asymmetric track lossless time-of-flight analyzer;AC=MS:1003379	MOMI GBGD	2025-02-28	380m/z-980m/z	150m/z-2000m/z	not available	not available	4
MOMI_QC_GBGD_P79_F12	Homo sapiens	blood plasma	not applicable	1	pooled	not available	not available	not available	not available	pooled	20250228_OA3_Evo07_ViAl_SA_FAIMS40_IO41_A556_MOMI_GBGD_P79_F12_R01	proteomic profiling by mass spectrometry	1	20250228_OA3_Evo07_ViAl_SA_FAIMS40_IO41_A556_MOMI_GBGD_P79_F12_R01.raw	v1.1.0	NT=ms-proteomics;VV=v1.1.0	NT=human;VV=v1.1.0	NT=dia-acquisition;VV=v1.1.0	NT=sdrf-skills;VV=v0.2.0	Data-independent acquisition	NT=Orbitrap Astral;AC=MS:1003378	NT=Trypsin;AC=MS:1001251	NT=Lys-C;AC=MS:1001309	label free sample	1	NT=HCD;AC=MS:1000422	25% NCE	10 ppm	10 ppm	NT=Dithiothreitol (DTT);AC=PRIDE:0000608	NT=Chloroacetamide (ClAA);AC=PRIDE:0000600	NT=Carbamidomethyl;AC=UNIMOD:4;TA=C;MT=Fixed	NT=Oxidation;AC=UNIMOD:35;TA=M;MT=Variable	NT=asymmetric track lossless time-of-flight analyzer;AC=MS:1003379	MOMI GBGD	2025-02-28	380m/z-980m/z	150m/z-2000m/z	not available	not available	4
MOMI_QC_GBGD_P79_G12	Homo sapiens	blood plasma	not applicable	1	pooled	not available	not available	not available	not available	pooled	20250228_OA3_Evo07_ViAl_SA_FAIMS40_IO41_A556_MOMI_GBGD_P79_G12_R01	proteomic profiling by mass spectrometry	1	20250228_OA3_Evo07_ViAl_SA_FAIMS40_IO41_A556_MOMI_GBGD_P79_G12_R01.raw	v1.1.0	NT=ms-proteomics;VV=v1.1.0	NT=human;VV=v1.1.0	NT=dia-acquisition;VV=v1.1.0	NT=sdrf-skills;VV=v0.2.0	Data-independent acquisition	NT=Orbitrap Astral;AC=MS:1003378	NT=Trypsin;AC=MS:1001251	NT=Lys-C;AC=MS:1001309	label free sample	1	NT=HCD;AC=MS:1000422	25% NCE	10 ppm	10 ppm	NT=Dithiothreitol (DTT);AC=PRIDE:0000608	NT=Chloroacetamide (ClAA);AC=PRIDE:0000600	NT=Carbamidomethyl;AC=UNIMOD:4;TA=C;MT=Fixed	NT=Oxidation;AC=UNIMOD:35;TA=M;MT=Variable	NT=asymmetric track lossless time-of-flight analyzer;AC=MS:1003379	MOMI GBGD	2025-02-28	380m/z-980m/z	150m/z-2000m/z	not available	not available	4
MOMI_QC_GBGD_P79_H12	Homo sapiens	blood plasma	not applicable	1	pooled	not available	not available	not available	not available	pooled	20250228_OA3_Evo07_ViAl_SA_FAIMS40_IO41_A556_MOMI_GBGD_P79_H12_R01	proteomic profiling by mass spectrometry	1	20250228_OA3_Evo07_ViAl_SA_FAIMS40_IO41_A556_MOMI_GBGD_P79_H12_R01.raw	v1.1.0	NT=ms-proteomics;VV=v1.1.0	NT=human;VV=v1.1.0	NT=dia-acquisition;VV=v1.1.0	NT=sdrf-skills;VV=v0.2.0	Data-independent acquisition	NT=Orbitrap Astral;AC=MS:1003378	NT=Trypsin;AC=MS:1001251	NT=Lys-C;AC=MS:1001309	label free sample	1	NT=HCD;AC=MS:1000422	25% NCE	10 ppm	10 ppm	NT=Dithiothreitol (DTT);AC=PRIDE:0000608	NT=Chloroacetamide (ClAA);AC=PRIDE:0000600	NT=Carbamidomethyl;AC=UNIMOD:4;TA=C;MT=Fixed	NT=Oxidation;AC=UNIMOD:35;TA=M;MT=Variable	NT=asymmetric track lossless time-of-flight analyzer;AC=MS:1003379	MOMI GBGD	2025-02-28	380m/z-980m/z	150m/z-2000m/z	not available	not available	4
MOMI_QC_GBGD_P80_E12	Homo sapiens	blood plasma	not applicable	1	pooled	not available	not available	not available	not available	pooled	20250228_OA3_Evo07_ViAl_SA_FAIMS40_IO41_A556_MOMI_GBGD_P80_E12_R01	proteomic profiling by mass spectrometry	1	20250228_OA3_Evo07_ViAl_SA_FAIMS40_IO41_A556_MOMI_GBGD_P80_E12_R01.raw	v1.1.0	NT=ms-proteomics;VV=v1.1.0	NT=human;VV=v1.1.0	NT=dia-acquisition;VV=v1.1.0	NT=sdrf-skills;VV=v0.2.0	Data-independent acquisition	NT=Orbitrap Astral;AC=MS:1003378	NT=Trypsin;AC=MS:1001251	NT=Lys-C;AC=MS:1001309	label free sample	1	NT=HCD;AC=MS:1000422	25% NCE	10 ppm	10 ppm	NT=Dithiothreitol (DTT);AC=PRIDE:0000608	NT=Chloroacetamide (ClAA);AC=PRIDE:0000600	NT=Carbamidomethyl;AC=UNIMOD:4;TA=C;MT=Fixed	NT=Oxidation;AC=UNIMOD:35;TA=M;MT=Variable	NT=asymmetric track lossless time-of-flight analyzer;AC=MS:1003379	MOMI GBGD	2025-02-28	380m/z-980m/z	150m/z-2000m/z	not available	not available	4
MOMI_QC_GBGD_P80_F12	Homo sapiens	blood plasma	not applicable	1	pooled	not available	not available	not available	not available	pooled	20250228_OA3_Evo07_ViAl_SA_FAIMS40_IO41_A556_MOMI_GBGD_P80_F12_R01	proteomic profiling by mass spectrometry	1	20250228_OA3_Evo07_ViAl_SA_FAIMS40_IO41_A556_MOMI_GBGD_P80_F12_R01.raw	v1.1.0	NT=ms-proteomics;VV=v1.1.0	NT=human;VV=v1.1.0	NT=dia-acquisition;VV=v1.1.0	NT=sdrf-skills;VV=v0.2.0	Data-independent acquisition	NT=Orbitrap Astral;AC=MS:1003378	NT=Trypsin;AC=MS:1001251	NT=Lys-C;AC=MS:1001309	label free sample	1	NT=HCD;AC=MS:1000422	25% NCE	10 ppm	10 ppm	NT=Dithiothreitol (DTT);AC=PRIDE:0000608	NT=Chloroacetamide (ClAA);AC=PRIDE:0000600	NT=Carbamidomethyl;AC=UNIMOD:4;TA=C;MT=Fixed	NT=Oxidation;AC=UNIMOD:35;TA=M;MT=Variable	NT=asymmetric track lossless time-of-flight analyzer;AC=MS:1003379	MOMI GBGD	2025-02-28	380m/z-980m/z	150m/z-2000m/z	not available	not available	4
MOMI_QC_GBGD_P80_G12	Homo sapiens	blood plasma	not applicable	1	pooled	not available	not available	not available	not available	pooled	20250228_OA3_Evo07_ViAl_SA_FAIMS40_IO41_A556_MOMI_GBGD_P80_G12_R01	proteomic profiling by mass spectrometry	1	20250228_OA3_Evo07_ViAl_SA_FAIMS40_IO41_A556_MOMI_GBGD_P80_G12_R01.raw	v1.1.0	NT=ms-proteomics;VV=v1.1.0	NT=human;VV=v1.1.0	NT=dia-acquisition;VV=v1.1.0	NT=sdrf-skills;VV=v0.2.0	Data-independent acquisition	NT=Orbitrap Astral;AC=MS:1003378	NT=Trypsin;AC=MS:1001251	NT=Lys-C;AC=MS:1001309	label free sample	1	NT=HCD;AC=MS:1000422	25% NCE	10 ppm	10 ppm	NT=Dithiothreitol (DTT);AC=PRIDE:0000608	NT=Chloroacetamide (ClAA);AC=PRIDE:0000600	NT=Carbamidomethyl;AC=UNIMOD:4;TA=C;MT=Fixed	NT=Oxidation;AC=UNIMOD:35;TA=M;MT=Variable	NT=asymmetric track lossless time-of-flight analyzer;AC=MS:1003379	MOMI GBGD	2025-02-28	380m/z-980m/z	150m/z-2000m/z	not available	not available	4
MOMI_QC_GBGD_P80_H12	Homo sapiens	blood plasma	not applicable	1	pooled	not available	not available	not available	not available	pooled	20250228_OA3_Evo07_ViAl_SA_FAIMS40_IO41_A556_MOMI_GBGD_P80_H12_R01	proteomic profiling by mass spectrometry	1	20250228_OA3_Evo07_ViAl_SA_FAIMS40_IO41_A556_MOMI_GBGD_P80_H12_R01.raw	v1.1.0	NT=ms-proteomics;VV=v1.1.0	NT=human;VV=v1.1.0	NT=dia-acquisition;VV=v1.1.0	NT=sdrf-skills;VV=v0.2.0	Data-independent acquisition	NT=Orbitrap Astral;AC=MS:1003378	NT=Trypsin;AC=MS:1001251	NT=Lys-C;AC=MS:1001309	label free sample	1	NT=HCD;AC=MS:1000422	25% NCE	10 ppm	10 ppm	NT=Dithiothreitol (DTT);AC=PRIDE:0000608	NT=Chloroacetamide (ClAA);AC=PRIDE:0000600	NT=Carbamidomethyl;AC=UNIMOD:4;TA=C;MT=Fixed	NT=Oxidation;AC=UNIMOD:35;TA=M;MT=Variable	NT=asymmetric track lossless time-of-flight analyzer;AC=MS:1003379	MOMI GBGD	2025-02-28	380m/z-980m/z	150m/z-2000m/z	not available	not available	4
MOMI_QC_GBGD_P81_E12	Homo sapiens	blood plasma	not applicable	1	pooled	not available	not available	not available	not available	pooled	20250228_OA3_Evo07_ViAl_SA_FAIMS40_IO41_A556_MOMI_GBGD_P81_E12_R01	proteomic profiling by mass spectrometry	1	20250228_OA3_Evo07_ViAl_SA_FAIMS40_IO41_A556_MOMI_GBGD_P81_E12_R01.raw	v1.1.0	NT=ms-proteomics;VV=v1.1.0	NT=human;VV=v1.1.0	NT=dia-acquisition;VV=v1.1.0	NT=sdrf-skills;VV=v0.2.0	Data-independent acquisition	NT=Orbitrap Astral;AC=MS:1003378	NT=Trypsin;AC=MS:1001251	NT=Lys-C;AC=MS:1001309	label free sample	1	NT=HCD;AC=MS:1000422	25% NCE	10 ppm	10 ppm	NT=Dithiothreitol (DTT);AC=PRIDE:0000608	NT=Chloroacetamide (ClAA);AC=PRIDE:0000600	NT=Carbamidomethyl;AC=UNIMOD:4;TA=C;MT=Fixed	NT=Oxidation;AC=UNIMOD:35;TA=M;MT=Variable	NT=asymmetric track lossless time-of-flight analyzer;AC=MS:1003379	MOMI GBGD	2025-02-28	380m/z-980m/z	150m/z-2000m/z	not available	not available	4
MOMI_QC_GBGD_P81_F12	Homo sapiens	blood plasma	not applicable	1	pooled	not available	not available	not available	not available	pooled	20250228_OA3_Evo07_ViAl_SA_FAIMS40_IO41_A556_MOMI_GBGD_P81_F12_R01	proteomic profiling by mass spectrometry	1	20250228_OA3_Evo07_ViAl_SA_FAIMS40_IO41_A556_MOMI_GBGD_P81_F12_R01.raw	v1.1.0	NT=ms-proteomics;VV=v1.1.0	NT=human;VV=v1.1.0	NT=dia-acquisition;VV=v1.1.0	NT=sdrf-skills;VV=v0.2.0	Data-independent acquisition	NT=Orbitrap Astral;AC=MS:1003378	NT=Trypsin;AC=MS:1001251	NT=Lys-C;AC=MS:1001309	label free sample	1	NT=HCD;AC=MS:1000422	25% NCE	10 ppm	10 ppm	NT=Dithiothreitol (DTT);AC=PRIDE:0000608	NT=Chloroacetamide (ClAA);AC=PRIDE:0000600	NT=Carbamidomethyl;AC=UNIMOD:4;TA=C;MT=Fixed	NT=Oxidation;AC=UNIMOD:35;TA=M;MT=Variable	NT=asymmetric track lossless time-of-flight analyzer;AC=MS:1003379	MOMI GBGD	2025-02-28	380m/z-980m/z	150m/z-2000m/z	not available	not available	4
MOMI_QC_GBGD_P81_G12	Homo sapiens	blood plasma	not applicable	1	pooled	not available	not available	not available	not available	pooled	20250228_OA3_Evo07_ViAl_SA_FAIMS40_IO41_A556_MOMI_GBGD_P81_G12_R01	proteomic profiling by mass spectrometry	1	20250228_OA3_Evo07_ViAl_SA_FAIMS40_IO41_A556_MOMI_GBGD_P81_G12_R01.raw	v1.1.0	NT=ms-proteomics;VV=v1.1.0	NT=human;VV=v1.1.0	NT=dia-acquisition;VV=v1.1.0	NT=sdrf-skills;VV=v0.2.0	Data-independent acquisition	NT=Orbitrap Astral;AC=MS:1003378	NT=Trypsin;AC=MS:1001251	NT=Lys-C;AC=MS:1001309	label free sample	1	NT=HCD;AC=MS:1000422	25% NCE	10 ppm	10 ppm	NT=Dithiothreitol (DTT);AC=PRIDE:0000608	NT=Chloroacetamide (ClAA);AC=PRIDE:0000600	NT=Carbamidomethyl;AC=UNIMOD:4;TA=C;MT=Fixed	NT=Oxidation;AC=UNIMOD:35;TA=M;MT=Variable	NT=asymmetric track lossless time-of-flight analyzer;AC=MS:1003379	MOMI GBGD	2025-02-28	380m/z-980m/z	150m/z-2000m/z	not available	not available	4
MOMI_QC_GBGD_P81_H12	Homo sapiens	blood plasma	not applicable	1	pooled	not available	not available	not available	not available	pooled	20250228_OA3_Evo07_ViAl_SA_FAIMS40_IO41_A556_MOMI_GBGD_P81_H12_R01	proteomic profiling by mass spectrometry	1	20250228_OA3_Evo07_ViAl_SA_FAIMS40_IO41_A556_MOMI_GBGD_P81_H12_R01.raw	v1.1.0	NT=ms-proteomics;VV=v1.1.0	NT=human;VV=v1.1.0	NT=dia-acquisition;VV=v1.1.0	NT=sdrf-skills;VV=v0.2.0	Data-independent acquisition	NT=Orbitrap Astral;AC=MS:1003378	NT=Trypsin;AC=MS:1001251	NT=Lys-C;AC=MS:1001309	label free sample	1	NT=HCD;AC=MS:1000422	25% NCE	10 ppm	10 ppm	NT=Dithiothreitol (DTT);AC=PRIDE:0000608	NT=Chloroacetamide (ClAA);AC=PRIDE:0000600	NT=Carbamidomethyl;AC=UNIMOD:4;TA=C;MT=Fixed	NT=Oxidation;AC=UNIMOD:35;TA=M;MT=Variable	NT=asymmetric track lossless time-of-flight analyzer;AC=MS:1003379	MOMI GBGD	2025-02-28	380m/z-980m/z	150m/z-2000m/z	not available	not available	4
MOMI_QC_GBGD_P82_E12	Homo sapiens	blood plasma	not applicable	1	pooled	not available	not available	not available	not available	pooled	20250228_OA3_Evo07_ViAl_SA_FAIMS40_IO41_A556_MOMI_GBGD_P82_E12_R01	proteomic profiling by mass spectrometry	1	20250228_OA3_Evo07_ViAl_SA_FAIMS40_IO41_A556_MOMI_GBGD_P82_E12_R01.raw	v1.1.0	NT=ms-proteomics;VV=v1.1.0	NT=human;VV=v1.1.0	NT=dia-acquisition;VV=v1.1.0	NT=sdrf-skills;VV=v0.2.0	Data-independent acquisition	NT=Orbitrap Astral;AC=MS:1003378	NT=Trypsin;AC=MS:1001251	NT=Lys-C;AC=MS:1001309	label free sample	1	NT=HCD;AC=MS:1000422	25% NCE	10 ppm	10 ppm	NT=Dithiothreitol (DTT);AC=PRIDE:0000608	NT=Chloroacetamide (ClAA);AC=PRIDE:0000600	NT=Carbamidomethyl;AC=UNIMOD:4;TA=C;MT=Fixed	NT=Oxidation;AC=UNIMOD:35;TA=M;MT=Variable	NT=asymmetric track lossless time-of-flight analyzer;AC=MS:1003379	MOMI GBGD	2025-02-28	380m/z-980m/z	150m/z-2000m/z	not available	not available	4
MOMI_QC_GBGD_P82_F12	Homo sapiens	blood plasma	not applicable	1	pooled	not available	not available	not available	not available	pooled	20250228_OA3_Evo07_ViAl_SA_FAIMS40_IO41_A556_MOMI_GBGD_P82_F12_R01	proteomic profiling by mass spectrometry	1	20250228_OA3_Evo07_ViAl_SA_FAIMS40_IO41_A556_MOMI_GBGD_P82_F12_R01.raw	v1.1.0	NT=ms-proteomics;VV=v1.1.0	NT=human;VV=v1.1.0	NT=dia-acquisition;VV=v1.1.0	NT=sdrf-skills;VV=v0.2.0	Data-independent acquisition	NT=Orbitrap Astral;AC=MS:1003378	NT=Trypsin;AC=MS:1001251	NT=Lys-C;AC=MS:1001309	label free sample	1	NT=HCD;AC=MS:1000422	25% NCE	10 ppm	10 ppm	NT=Dithiothreitol (DTT);AC=PRIDE:0000608	NT=Chloroacetamide (ClAA);AC=PRIDE:0000600	NT=Carbamidomethyl;AC=UNIMOD:4;TA=C;MT=Fixed	NT=Oxidation;AC=UNIMOD:35;TA=M;MT=Variable	NT=asymmetric track lossless time-of-flight analyzer;AC=MS:1003379	MOMI GBGD	2025-02-28	380m/z-980m/z	150m/z-2000m/z	not available	not available	4
MOMI_QC_GBGD_P82_G12	Homo sapiens	blood plasma	not applicable	1	pooled	not available	not available	not available	not available	pooled	20250228_OA3_Evo07_ViAl_SA_FAIMS40_IO41_A556_MOMI_GBGD_P82_G12_R01	proteomic profiling by mass spectrometry	1	20250228_OA3_Evo07_ViAl_SA_FAIMS40_IO41_A556_MOMI_GBGD_P82_G12_R01.raw	v1.1.0	NT=ms-proteomics;VV=v1.1.0	NT=human;VV=v1.1.0	NT=dia-acquisition;VV=v1.1.0	NT=sdrf-skills;VV=v0.2.0	Data-independent acquisition	NT=Orbitrap Astral;AC=MS:1003378	NT=Trypsin;AC=MS:1001251	NT=Lys-C;AC=MS:1001309	label free sample	1	NT=HCD;AC=MS:1000422	25% NCE	10 ppm	10 ppm	NT=Dithiothreitol (DTT);AC=PRIDE:0000608	NT=Chloroacetamide (ClAA);AC=PRIDE:0000600	NT=Carbamidomethyl;AC=UNIMOD:4;TA=C;MT=Fixed	NT=Oxidation;AC=UNIMOD:35;TA=M;MT=Variable	NT=asymmetric track lossless time-of-flight analyzer;AC=MS:1003379	MOMI GBGD	2025-02-28	380m/z-980m/z	150m/z-2000m/z	not available	not available	4
MOMI_QC_GBGD_P82_H12	Homo sapiens	blood plasma	not applicable	1	pooled	not available	not available	not available	not available	pooled	20250228_OA3_Evo07_ViAl_SA_FAIMS40_IO41_A556_MOMI_GBGD_P82_H12_R01	proteomic profiling by mass spectrometry	1	20250228_OA3_Evo07_ViAl_SA_FAIMS40_IO41_A556_MOMI_GBGD_P82_H12_R01.raw	v1.1.0	NT=ms-proteomics;VV=v1.1.0	NT=human;VV=v1.1.0	NT=dia-acquisition;VV=v1.1.0	NT=sdrf-skills;VV=v0.2.0	Data-independent acquisition	NT=Orbitrap Astral;AC=MS:1003378	NT=Trypsin;AC=MS:1001251	NT=Lys-C;AC=MS:1001309	label free sample	1	NT=HCD;AC=MS:1000422	25% NCE	10 ppm	10 ppm	NT=Dithiothreitol (DTT);AC=PRIDE:0000608	NT=Chloroacetamide (ClAA);AC=PRIDE:0000600	NT=Carbamidomethyl;AC=UNIMOD:4;TA=C;MT=Fixed	NT=Oxidation;AC=UNIMOD:35;TA=M;MT=Variable	NT=asymmetric track lossless time-of-flight analyzer;AC=MS:1003379	MOMI GBGD	2025-02-28	380m/z-980m/z	150m/z-2000m/z	not available	not available	4
MOMI_QC_GBGD_P83_E12	Homo sapiens	blood plasma	not applicable	1	pooled	not available	not available	not available	not available	pooled	20250228_OA3_Evo07_ViAl_SA_FAIMS40_IO41_A556_MOMI_GBGD_P83_E12_R01	proteomic profiling by mass spectrometry	1	20250228_OA3_Evo07_ViAl_SA_FAIMS40_IO41_A556_MOMI_GBGD_P83_E12_R01.raw	v1.1.0	NT=ms-proteomics;VV=v1.1.0	NT=human;VV=v1.1.0	NT=dia-acquisition;VV=v1.1.0	NT=sdrf-skills;VV=v0.2.0	Data-independent acquisition	NT=Orbitrap Astral;AC=MS:1003378	NT=Trypsin;AC=MS:1001251	NT=Lys-C;AC=MS:1001309	label free sample	1	NT=HCD;AC=MS:1000422	25% NCE	10 ppm	10 ppm	NT=Dithiothreitol (DTT);AC=PRIDE:0000608	NT=Chloroacetamide (ClAA);AC=PRIDE:0000600	NT=Carbamidomethyl;AC=UNIMOD:4;TA=C;MT=Fixed	NT=Oxidation;AC=UNIMOD:35;TA=M;MT=Variable	NT=asymmetric track lossless time-of-flight analyzer;AC=MS:1003379	MOMI GBGD	2025-02-28	380m/z-980m/z	150m/z-2000m/z	not available	not available	4
MOMI_QC_GBGD_P83_F12	Homo sapiens	blood plasma	not applicable	1	pooled	not available	not available	not available	not available	pooled	20250228_OA3_Evo07_ViAl_SA_FAIMS40_IO41_A556_MOMI_GBGD_P83_F12_R01	proteomic profiling by mass spectrometry	1	20250228_OA3_Evo07_ViAl_SA_FAIMS40_IO41_A556_MOMI_GBGD_P83_F12_R01.raw	v1.1.0	NT=ms-proteomics;VV=v1.1.0	NT=human;VV=v1.1.0	NT=dia-acquisition;VV=v1.1.0	NT=sdrf-skills;VV=v0.2.0	Data-independent acquisition	NT=Orbitrap Astral;AC=MS:1003378	NT=Trypsin;AC=MS:1001251	NT=Lys-C;AC=MS:1001309	label free sample	1	NT=HCD;AC=MS:1000422	25% NCE	10 ppm	10 ppm	NT=Dithiothreitol (DTT);AC=PRIDE:0000608	NT=Chloroacetamide (ClAA);AC=PRIDE:0000600	NT=Carbamidomethyl;AC=UNIMOD:4;TA=C;MT=Fixed	NT=Oxidation;AC=UNIMOD:35;TA=M;MT=Variable	NT=asymmetric track lossless time-of-flight analyzer;AC=MS:1003379	MOMI GBGD	2025-02-28	380m/z-980m/z	150m/z-2000m/z	not available	not available	4
MOMI_QC_GBGD_P83_G12	Homo sapiens	blood plasma	not applicable	1	pooled	not available	not available	not available	not available	pooled	20250228_OA3_Evo07_ViAl_SA_FAIMS40_IO41_A556_MOMI_GBGD_P83_G12_R01	proteomic profiling by mass spectrometry	1	20250228_OA3_Evo07_ViAl_SA_FAIMS40_IO41_A556_MOMI_GBGD_P83_G12_R01.raw	v1.1.0	NT=ms-proteomics;VV=v1.1.0	NT=human;VV=v1.1.0	NT=dia-acquisition;VV=v1.1.0	NT=sdrf-skills;VV=v0.2.0	Data-independent acquisition	NT=Orbitrap Astral;AC=MS:1003378	NT=Trypsin;AC=MS:1001251	NT=Lys-C;AC=MS:1001309	label free sample	1	NT=HCD;AC=MS:1000422	25% NCE	10 ppm	10 ppm	NT=Dithiothreitol (DTT);AC=PRIDE:0000608	NT=Chloroacetamide (ClAA);AC=PRIDE:0000600	NT=Carbamidomethyl;AC=UNIMOD:4;TA=C;MT=Fixed	NT=Oxidation;AC=UNIMOD:35;TA=M;MT=Variable	NT=asymmetric track lossless time-of-flight analyzer;AC=MS:1003379	MOMI GBGD	2025-02-28	380m/z-980m/z	150m/z-2000m/z	not available	not available	4
MOMI_QC_GBGD_P83_H12	Homo sapiens	blood plasma	not applicable	1	pooled	not available	not available	not available	not available	pooled	20250228_OA3_Evo07_ViAl_SA_FAIMS40_IO41_A556_MOMI_GBGD_P83_H12_R01	proteomic profiling by mass spectrometry	1	20250228_OA3_Evo07_ViAl_SA_FAIMS40_IO41_A556_MOMI_GBGD_P83_H12_R01.raw	v1.1.0	NT=ms-proteomics;VV=v1.1.0	NT=human;VV=v1.1.0	NT=dia-acquisition;VV=v1.1.0	NT=sdrf-skills;VV=v0.2.0	Data-independent acquisition	NT=Orbitrap Astral;AC=MS:1003378	NT=Trypsin;AC=MS:1001251	NT=Lys-C;AC=MS:1001309	label free sample	1	NT=HCD;AC=MS:1000422	25% NCE	10 ppm	10 ppm	NT=Dithiothreitol (DTT);AC=PRIDE:0000608	NT=Chloroacetamide (ClAA);AC=PRIDE:0000600	NT=Carbamidomethyl;AC=UNIMOD:4;TA=C;MT=Fixed	NT=Oxidation;AC=UNIMOD:35;TA=M;MT=Variable	NT=asymmetric track lossless time-of-flight analyzer;AC=MS:1003379	MOMI GBGD	2025-02-28	380m/z-980m/z	150m/z-2000m/z	not available	not available	4
MOMI_QC_GBGD_P84_E12	Homo sapiens	blood plasma	not applicable	1	pooled	not available	not available	not available	not available	pooled	20250228_OA3_Evo07_ViAl_SA_FAIMS40_IO41_A556_MOMI_GBGD_P84_E12_R01	proteomic profiling by mass spectrometry	1	20250228_OA3_Evo07_ViAl_SA_FAIMS40_IO41_A556_MOMI_GBGD_P84_E12_R01.raw	v1.1.0	NT=ms-proteomics;VV=v1.1.0	NT=human;VV=v1.1.0	NT=dia-acquisition;VV=v1.1.0	NT=sdrf-skills;VV=v0.2.0	Data-independent acquisition	NT=Orbitrap Astral;AC=MS:1003378	NT=Trypsin;AC=MS:1001251	NT=Lys-C;AC=MS:1001309	label free sample	1	NT=HCD;AC=MS:1000422	25% NCE	10 ppm	10 ppm	NT=Dithiothreitol (DTT);AC=PRIDE:0000608	NT=Chloroacetamide (ClAA);AC=PRIDE:0000600	NT=Carbamidomethyl;AC=UNIMOD:4;TA=C;MT=Fixed	NT=Oxidation;AC=UNIMOD:35;TA=M;MT=Variable	NT=asymmetric track lossless time-of-flight analyzer;AC=MS:1003379	MOMI GBGD	2025-02-28	380m/z-980m/z	150m/z-2000m/z	not available	not available	4
MOMI_QC_GBGD_P84_F12	Homo sapiens	blood plasma	not applicable	1	pooled	not available	not available	not available	not available	pooled	20250228_OA3_Evo07_ViAl_SA_FAIMS40_IO41_A556_MOMI_GBGD_P84_F12_R01	proteomic profiling by mass spectrometry	1	20250228_OA3_Evo07_ViAl_SA_FAIMS40_IO41_A556_MOMI_GBGD_P84_F12_R01.raw	v1.1.0	NT=ms-proteomics;VV=v1.1.0	NT=human;VV=v1.1.0	NT=dia-acquisition;VV=v1.1.0	NT=sdrf-skills;VV=v0.2.0	Data-independent acquisition	NT=Orbitrap Astral;AC=MS:1003378	NT=Trypsin;AC=MS:1001251	NT=Lys-C;AC=MS:1001309	label free sample	1	NT=HCD;AC=MS:1000422	25% NCE	10 ppm	10 ppm	NT=Dithiothreitol (DTT);AC=PRIDE:0000608	NT=Chloroacetamide (ClAA);AC=PRIDE:0000600	NT=Carbamidomethyl;AC=UNIMOD:4;TA=C;MT=Fixed	NT=Oxidation;AC=UNIMOD:35;TA=M;MT=Variable	NT=asymmetric track lossless time-of-flight analyzer;AC=MS:1003379	MOMI GBGD	2025-02-28	380m/z-980m/z	150m/z-2000m/z	not available	not available	4
MOMI_QC_GBGD_P84_G12	Homo sapiens	blood plasma	not applicable	1	pooled	not available	not available	not available	not available	pooled	20250228_OA3_Evo07_ViAl_SA_FAIMS40_IO41_A556_MOMI_GBGD_P84_G12_R01	proteomic profiling by mass spectrometry	1	20250228_OA3_Evo07_ViAl_SA_FAIMS40_IO41_A556_MOMI_GBGD_P84_G12_R01.raw	v1.1.0	NT=ms-proteomics;VV=v1.1.0	NT=human;VV=v1.1.0	NT=dia-acquisition;VV=v1.1.0	NT=sdrf-skills;VV=v0.2.0	Data-independent acquisition	NT=Orbitrap Astral;AC=MS:1003378	NT=Trypsin;AC=MS:1001251	NT=Lys-C;AC=MS:1001309	label free sample	1	NT=HCD;AC=MS:1000422	25% NCE	10 ppm	10 ppm	NT=Dithiothreitol (DTT);AC=PRIDE:0000608	NT=Chloroacetamide (ClAA);AC=PRIDE:0000600	NT=Carbamidomethyl;AC=UNIMOD:4;TA=C;MT=Fixed	NT=Oxidation;AC=UNIMOD:35;TA=M;MT=Variable	NT=asymmetric track lossless time-of-flight analyzer;AC=MS:1003379	MOMI GBGD	2025-02-28	380m/z-980m/z	150m/z-2000m/z	not available	not available	4
MOMI_QC_GBGD_P84_H12	Homo sapiens	blood plasma	not applicable	1	pooled	not available	not available	not available	not available	pooled	20250228_OA3_Evo07_ViAl_SA_FAIMS40_IO41_A556_MOMI_GBGD_P84_H12_R01	proteomic profiling by mass spectrometry	1	20250228_OA3_Evo07_ViAl_SA_FAIMS40_IO41_A556_MOMI_GBGD_P84_H12_R01.raw	v1.1.0	NT=ms-proteomics;VV=v1.1.0	NT=human;VV=v1.1.0	NT=dia-acquisition;VV=v1.1.0	NT=sdrf-skills;VV=v0.2.0	Data-independent acquisition	NT=Orbitrap Astral;AC=MS:1003378	NT=Trypsin;AC=MS:1001251	NT=Lys-C;AC=MS:1001309	label free sample	1	NT=HCD;AC=MS:1000422	25% NCE	10 ppm	10 ppm	NT=Dithiothreitol (DTT);AC=PRIDE:0000608	NT=Chloroacetamide (ClAA);AC=PRIDE:0000600	NT=Carbamidomethyl;AC=UNIMOD:4;TA=C;MT=Fixed	NT=Oxidation;AC=UNIMOD:35;TA=M;MT=Variable	NT=asymmetric track lossless time-of-flight analyzer;AC=MS:1003379	MOMI GBGD	2025-02-28	380m/z-980m/z	150m/z-2000m/z	not available	not available	4
MOMI_QC_GBGD_P85_E12	Homo sapiens	blood plasma	not applicable	1	pooled	not available	not available	not available	not available	pooled	20250309_OA3_Evo07_ViAl_SA_FAIMS40_IO43_A556_MOMI_GBGD_P85_E12_R01	proteomic profiling by mass spectrometry	1	20250309_OA3_Evo07_ViAl_SA_FAIMS40_IO43_A556_MOMI_GBGD_P85_E12_R01.raw	v1.1.0	NT=ms-proteomics;VV=v1.1.0	NT=human;VV=v1.1.0	NT=dia-acquisition;VV=v1.1.0	NT=sdrf-skills;VV=v0.2.0	Data-independent acquisition	NT=Orbitrap Astral;AC=MS:1003378	NT=Trypsin;AC=MS:1001251	NT=Lys-C;AC=MS:1001309	label free sample	1	NT=HCD;AC=MS:1000422	25% NCE	10 ppm	10 ppm	NT=Dithiothreitol (DTT);AC=PRIDE:0000608	NT=Chloroacetamide (ClAA);AC=PRIDE:0000600	NT=Carbamidomethyl;AC=UNIMOD:4;TA=C;MT=Fixed	NT=Oxidation;AC=UNIMOD:35;TA=M;MT=Variable	NT=asymmetric track lossless time-of-flight analyzer;AC=MS:1003379	MOMI GBGD	2025-03-09	380m/z-980m/z	150m/z-2000m/z	not available	not available	4
MOMI_QC_GBGD_P85_F12	Homo sapiens	blood plasma	not applicable	1	pooled	not available	not available	not available	not available	pooled	20250309_OA3_Evo07_ViAl_SA_FAIMS40_IO43_A556_MOMI_GBGD_P85_F12_R01	proteomic profiling by mass spectrometry	1	20250309_OA3_Evo07_ViAl_SA_FAIMS40_IO43_A556_MOMI_GBGD_P85_F12_R01.raw	v1.1.0	NT=ms-proteomics;VV=v1.1.0	NT=human;VV=v1.1.0	NT=dia-acquisition;VV=v1.1.0	NT=sdrf-skills;VV=v0.2.0	Data-independent acquisition	NT=Orbitrap Astral;AC=MS:1003378	NT=Trypsin;AC=MS:1001251	NT=Lys-C;AC=MS:1001309	label free sample	1	NT=HCD;AC=MS:1000422	25% NCE	10 ppm	10 ppm	NT=Dithiothreitol (DTT);AC=PRIDE:0000608	NT=Chloroacetamide (ClAA);AC=PRIDE:0000600	NT=Carbamidomethyl;AC=UNIMOD:4;TA=C;MT=Fixed	NT=Oxidation;AC=UNIMOD:35;TA=M;MT=Variable	NT=asymmetric track lossless time-of-flight analyzer;AC=MS:1003379	MOMI GBGD	2025-03-09	380m/z-980m/z	150m/z-2000m/z	not available	not available	4
MOMI_QC_GBGD_P85_G12	Homo sapiens	blood plasma	not applicable	1	pooled	not available	not available	not available	not available	pooled	20250309_OA3_Evo07_ViAl_SA_FAIMS40_IO43_A556_MOMI_GBGD_P85_G12_R01	proteomic profiling by mass spectrometry	1	20250309_OA3_Evo07_ViAl_SA_FAIMS40_IO43_A556_MOMI_GBGD_P85_G12_R01.raw	v1.1.0	NT=ms-proteomics;VV=v1.1.0	NT=human;VV=v1.1.0	NT=dia-acquisition;VV=v1.1.0	NT=sdrf-skills;VV=v0.2.0	Data-independent acquisition	NT=Orbitrap Astral;AC=MS:1003378	NT=Trypsin;AC=MS:1001251	NT=Lys-C;AC=MS:1001309	label free sample	1	NT=HCD;AC=MS:1000422	25% NCE	10 ppm	10 ppm	NT=Dithiothreitol (DTT);AC=PRIDE:0000608	NT=Chloroacetamide (ClAA);AC=PRIDE:0000600	NT=Carbamidomethyl;AC=UNIMOD:4;TA=C;MT=Fixed	NT=Oxidation;AC=UNIMOD:35;TA=M;MT=Variable	NT=asymmetric track lossless time-of-flight analyzer;AC=MS:1003379	MOMI GBGD	2025-03-09	380m/z-980m/z	150m/z-2000m/z	not available	not available	4
MOMI_QC_GBGD_P85_H12	Homo sapiens	blood plasma	not applicable	1	pooled	not available	not available	not available	not available	pooled	20250309_OA3_Evo07_ViAl_SA_FAIMS40_IO43_A556_MOMI_GBGD_P85_H12_R01	proteomic profiling by mass spectrometry	1	20250309_OA3_Evo07_ViAl_SA_FAIMS40_IO43_A556_MOMI_GBGD_P85_H12_R01.raw	v1.1.0	NT=ms-proteomics;VV=v1.1.0	NT=human;VV=v1.1.0	NT=dia-acquisition;VV=v1.1.0	NT=sdrf-skills;VV=v0.2.0	Data-independent acquisition	NT=Orbitrap Astral;AC=MS:1003378	NT=Trypsin;AC=MS:1001251	NT=Lys-C;AC=MS:1001309	label free sample	1	NT=HCD;AC=MS:1000422	25% NCE	10 ppm	10 ppm	NT=Dithiothreitol (DTT);AC=PRIDE:0000608	NT=Chloroacetamide (ClAA);AC=PRIDE:0000600	NT=Carbamidomethyl;AC=UNIMOD:4;TA=C;MT=Fixed	NT=Oxidation;AC=UNIMOD:35;TA=M;MT=Variable	NT=asymmetric track lossless time-of-flight analyzer;AC=MS:1003379	MOMI GBGD	2025-03-09	380m/z-980m/z	150m/z-2000m/z	not available	not available	4
MOMI_QC_GBGD_P86_E12	Homo sapiens	blood plasma	not applicable	1	pooled	not available	not available	not available	not available	pooled	20250309_OA3_Evo07_ViAl_SA_FAIMS40_IO43_A556_MOMI_GBGD_P86_E12_R01	proteomic profiling by mass spectrometry	1	20250309_OA3_Evo07_ViAl_SA_FAIMS40_IO43_A556_MOMI_GBGD_P86_E12_R01.raw	v1.1.0	NT=ms-proteomics;VV=v1.1.0	NT=human;VV=v1.1.0	NT=dia-acquisition;VV=v1.1.0	NT=sdrf-skills;VV=v0.2.0	Data-independent acquisition	NT=Orbitrap Astral;AC=MS:1003378	NT=Trypsin;AC=MS:1001251	NT=Lys-C;AC=MS:1001309	label free sample	1	NT=HCD;AC=MS:1000422	25% NCE	10 ppm	10 ppm	NT=Dithiothreitol (DTT);AC=PRIDE:0000608	NT=Chloroacetamide (ClAA);AC=PRIDE:0000600	NT=Carbamidomethyl;AC=UNIMOD:4;TA=C;MT=Fixed	NT=Oxidation;AC=UNIMOD:35;TA=M;MT=Variable	NT=asymmetric track lossless time-of-flight analyzer;AC=MS:1003379	MOMI GBGD	2025-03-09	380m/z-980m/z	150m/z-2000m/z	not available	not available	4
MOMI_QC_GBGD_P86_F12	Homo sapiens	blood plasma	not applicable	1	pooled	not available	not available	not available	not available	pooled	20250309_OA3_Evo07_ViAl_SA_FAIMS40_IO43_A556_MOMI_GBGD_P86_F12_R01	proteomic profiling by mass spectrometry	1	20250309_OA3_Evo07_ViAl_SA_FAIMS40_IO43_A556_MOMI_GBGD_P86_F12_R01.raw	v1.1.0	NT=ms-proteomics;VV=v1.1.0	NT=human;VV=v1.1.0	NT=dia-acquisition;VV=v1.1.0	NT=sdrf-skills;VV=v0.2.0	Data-independent acquisition	NT=Orbitrap Astral;AC=MS:1003378	NT=Trypsin;AC=MS:1001251	NT=Lys-C;AC=MS:1001309	label free sample	1	NT=HCD;AC=MS:1000422	25% NCE	10 ppm	10 ppm	NT=Dithiothreitol (DTT);AC=PRIDE:0000608	NT=Chloroacetamide (ClAA);AC=PRIDE:0000600	NT=Carbamidomethyl;AC=UNIMOD:4;TA=C;MT=Fixed	NT=Oxidation;AC=UNIMOD:35;TA=M;MT=Variable	NT=asymmetric track lossless time-of-flight analyzer;AC=MS:1003379	MOMI GBGD	2025-03-09	380m/z-980m/z	150m/z-2000m/z	not available	not available	4
MOMI_QC_GBGD_P86_G12	Homo sapiens	blood plasma	not applicable	1	pooled	not available	not available	not available	not available	pooled	20250309_OA3_Evo07_ViAl_SA_FAIMS40_IO43_A556_MOMI_GBGD_P86_G12_R01	proteomic profiling by mass spectrometry	1	20250309_OA3_Evo07_ViAl_SA_FAIMS40_IO43_A556_MOMI_GBGD_P86_G12_R01.raw	v1.1.0	NT=ms-proteomics;VV=v1.1.0	NT=human;VV=v1.1.0	NT=dia-acquisition;VV=v1.1.0	NT=sdrf-skills;VV=v0.2.0	Data-independent acquisition	NT=Orbitrap Astral;AC=MS:1003378	NT=Trypsin;AC=MS:1001251	NT=Lys-C;AC=MS:1001309	label free sample	1	NT=HCD;AC=MS:1000422	25% NCE	10 ppm	10 ppm	NT=Dithiothreitol (DTT);AC=PRIDE:0000608	NT=Chloroacetamide (ClAA);AC=PRIDE:0000600	NT=Carbamidomethyl;AC=UNIMOD:4;TA=C;MT=Fixed	NT=Oxidation;AC=UNIMOD:35;TA=M;MT=Variable	NT=asymmetric track lossless time-of-flight analyzer;AC=MS:1003379	MOMI GBGD	2025-03-09	380m/z-980m/z	150m/z-2000m/z	not available	not available	4
MOMI_QC_GBGD_P86_H12	Homo sapiens	blood plasma	not applicable	1	pooled	not available	not available	not available	not available	pooled	20250309_OA3_Evo07_ViAl_SA_FAIMS40_IO43_A556_MOMI_GBGD_P86_H12_R01	proteomic profiling by mass spectrometry	1	20250309_OA3_Evo07_ViAl_SA_FAIMS40_IO43_A556_MOMI_GBGD_P86_H12_R01.raw	v1.1.0	NT=ms-proteomics;VV=v1.1.0	NT=human;VV=v1.1.0	NT=dia-acquisition;VV=v1.1.0	NT=sdrf-skills;VV=v0.2.0	Data-independent acquisition	NT=Orbitrap Astral;AC=MS:1003378	NT=Trypsin;AC=MS:1001251	NT=Lys-C;AC=MS:1001309	label free sample	1	NT=HCD;AC=MS:1000422	25% NCE	10 ppm	10 ppm	NT=Dithiothreitol (DTT);AC=PRIDE:0000608	NT=Chloroacetamide (ClAA);AC=PRIDE:0000600	NT=Carbamidomethyl;AC=UNIMOD:4;TA=C;MT=Fixed	NT=Oxidation;AC=UNIMOD:35;TA=M;MT=Variable	NT=asymmetric track lossless time-of-flight analyzer;AC=MS:1003379	MOMI GBGD	2025-03-09	380m/z-980m/z	150m/z-2000m/z	not available	not available	4
MOMI_QC_GBGD_P87_E12	Homo sapiens	blood plasma	not applicable	1	pooled	not available	not available	not available	not available	pooled	20250309_OA3_Evo07_ViAl_SA_FAIMS40_IO43_A556_MOMI_GBGD_P87_E12_R01	proteomic profiling by mass spectrometry	1	20250309_OA3_Evo07_ViAl_SA_FAIMS40_IO43_A556_MOMI_GBGD_P87_E12_R01.raw	v1.1.0	NT=ms-proteomics;VV=v1.1.0	NT=human;VV=v1.1.0	NT=dia-acquisition;VV=v1.1.0	NT=sdrf-skills;VV=v0.2.0	Data-independent acquisition	NT=Orbitrap Astral;AC=MS:1003378	NT=Trypsin;AC=MS:1001251	NT=Lys-C;AC=MS:1001309	label free sample	1	NT=HCD;AC=MS:1000422	25% NCE	10 ppm	10 ppm	NT=Dithiothreitol (DTT);AC=PRIDE:0000608	NT=Chloroacetamide (ClAA);AC=PRIDE:0000600	NT=Carbamidomethyl;AC=UNIMOD:4;TA=C;MT=Fixed	NT=Oxidation;AC=UNIMOD:35;TA=M;MT=Variable	NT=asymmetric track lossless time-of-flight analyzer;AC=MS:1003379	MOMI GBGD	2025-03-09	380m/z-980m/z	150m/z-2000m/z	not available	not available	4
MOMI_QC_GBGD_P87_F12	Homo sapiens	blood plasma	not applicable	1	pooled	not available	not available	not available	not available	pooled	20250309_OA3_Evo07_ViAl_SA_FAIMS40_IO43_A556_MOMI_GBGD_P87_F12_R01	proteomic profiling by mass spectrometry	1	20250309_OA3_Evo07_ViAl_SA_FAIMS40_IO43_A556_MOMI_GBGD_P87_F12_R01.raw	v1.1.0	NT=ms-proteomics;VV=v1.1.0	NT=human;VV=v1.1.0	NT=dia-acquisition;VV=v1.1.0	NT=sdrf-skills;VV=v0.2.0	Data-independent acquisition	NT=Orbitrap Astral;AC=MS:1003378	NT=Trypsin;AC=MS:1001251	NT=Lys-C;AC=MS:1001309	label free sample	1	NT=HCD;AC=MS:1000422	25% NCE	10 ppm	10 ppm	NT=Dithiothreitol (DTT);AC=PRIDE:0000608	NT=Chloroacetamide (ClAA);AC=PRIDE:0000600	NT=Carbamidomethyl;AC=UNIMOD:4;TA=C;MT=Fixed	NT=Oxidation;AC=UNIMOD:35;TA=M;MT=Variable	NT=asymmetric track lossless time-of-flight analyzer;AC=MS:1003379	MOMI GBGD	2025-03-09	380m/z-980m/z	150m/z-2000m/z	not available	not available	4
MOMI_QC_GBGD_P87_G12	Homo sapiens	blood plasma	not applicable	1	pooled	not available	not available	not available	not available	pooled	20250309_OA3_Evo07_ViAl_SA_FAIMS40_IO43_A556_MOMI_GBGD_P87_G12_R01	proteomic profiling by mass spectrometry	1	20250309_OA3_Evo07_ViAl_SA_FAIMS40_IO43_A556_MOMI_GBGD_P87_G12_R01.raw	v1.1.0	NT=ms-proteomics;VV=v1.1.0	NT=human;VV=v1.1.0	NT=dia-acquisition;VV=v1.1.0	NT=sdrf-skills;VV=v0.2.0	Data-independent acquisition	NT=Orbitrap Astral;AC=MS:1003378	NT=Trypsin;AC=MS:1001251	NT=Lys-C;AC=MS:1001309	label free sample	1	NT=HCD;AC=MS:1000422	25% NCE	10 ppm	10 ppm	NT=Dithiothreitol (DTT);AC=PRIDE:0000608	NT=Chloroacetamide (ClAA);AC=PRIDE:0000600	NT=Carbamidomethyl;AC=UNIMOD:4;TA=C;MT=Fixed	NT=Oxidation;AC=UNIMOD:35;TA=M;MT=Variable	NT=asymmetric track lossless time-of-flight analyzer;AC=MS:1003379	MOMI GBGD	2025-03-09	380m/z-980m/z	150m/z-2000m/z	not available	not available	4
MOMI_QC_GBGD_P87_H12	Homo sapiens	blood plasma	not applicable	1	pooled	not available	not available	not available	not available	pooled	20250309_OA3_Evo07_ViAl_SA_FAIMS40_IO43_A556_MOMI_GBGD_P87_H12_R01	proteomic profiling by mass spectrometry	1	20250309_OA3_Evo07_ViAl_SA_FAIMS40_IO43_A556_MOMI_GBGD_P87_H12_R01.raw	v1.1.0	NT=ms-proteomics;VV=v1.1.0	NT=human;VV=v1.1.0	NT=dia-acquisition;VV=v1.1.0	NT=sdrf-skills;VV=v0.2.0	Data-independent acquisition	NT=Orbitrap Astral;AC=MS:1003378	NT=Trypsin;AC=MS:1001251	NT=Lys-C;AC=MS:1001309	label free sample	1	NT=HCD;AC=MS:1000422	25% NCE	10 ppm	10 ppm	NT=Dithiothreitol (DTT);AC=PRIDE:0000608	NT=Chloroacetamide (ClAA);AC=PRIDE:0000600	NT=Carbamidomethyl;AC=UNIMOD:4;TA=C;MT=Fixed	NT=Oxidation;AC=UNIMOD:35;TA=M;MT=Variable	NT=asymmetric track lossless time-of-flight analyzer;AC=MS:1003379	MOMI GBGD	2025-03-09	380m/z-980m/z	150m/z-2000m/z	not available	not available	4
MOMI_QC_GBGD_P88_E12	Homo sapiens	blood plasma	not applicable	1	pooled	not available	not available	not available	not available	pooled	20250309_OA3_Evo07_ViAl_SA_FAIMS40_IO43_A556_MOMI_GBGD_P88_E12_R01	proteomic profiling by mass spectrometry	1	20250309_OA3_Evo07_ViAl_SA_FAIMS40_IO43_A556_MOMI_GBGD_P88_E12_R01.raw	v1.1.0	NT=ms-proteomics;VV=v1.1.0	NT=human;VV=v1.1.0	NT=dia-acquisition;VV=v1.1.0	NT=sdrf-skills;VV=v0.2.0	Data-independent acquisition	NT=Orbitrap Astral;AC=MS:1003378	NT=Trypsin;AC=MS:1001251	NT=Lys-C;AC=MS:1001309	label free sample	1	NT=HCD;AC=MS:1000422	25% NCE	10 ppm	10 ppm	NT=Dithiothreitol (DTT);AC=PRIDE:0000608	NT=Chloroacetamide (ClAA);AC=PRIDE:0000600	NT=Carbamidomethyl;AC=UNIMOD:4;TA=C;MT=Fixed	NT=Oxidation;AC=UNIMOD:35;TA=M;MT=Variable	NT=asymmetric track lossless time-of-flight analyzer;AC=MS:1003379	MOMI GBGD	2025-03-09	380m/z-980m/z	150m/z-2000m/z	not available	not available	4
MOMI_QC_GBGD_P88_F12	Homo sapiens	blood plasma	not applicable	1	pooled	not available	not available	not available	not available	pooled	20250309_OA3_Evo07_ViAl_SA_FAIMS40_IO43_A556_MOMI_GBGD_P88_F12_R01	proteomic profiling by mass spectrometry	1	20250309_OA3_Evo07_ViAl_SA_FAIMS40_IO43_A556_MOMI_GBGD_P88_F12_R01.raw	v1.1.0	NT=ms-proteomics;VV=v1.1.0	NT=human;VV=v1.1.0	NT=dia-acquisition;VV=v1.1.0	NT=sdrf-skills;VV=v0.2.0	Data-independent acquisition	NT=Orbitrap Astral;AC=MS:1003378	NT=Trypsin;AC=MS:1001251	NT=Lys-C;AC=MS:1001309	label free sample	1	NT=HCD;AC=MS:1000422	25% NCE	10 ppm	10 ppm	NT=Dithiothreitol (DTT);AC=PRIDE:0000608	NT=Chloroacetamide (ClAA);AC=PRIDE:0000600	NT=Carbamidomethyl;AC=UNIMOD:4;TA=C;MT=Fixed	NT=Oxidation;AC=UNIMOD:35;TA=M;MT=Variable	NT=asymmetric track lossless time-of-flight analyzer;AC=MS:1003379	MOMI GBGD	2025-03-09	380m/z-980m/z	150m/z-2000m/z	not available	not available	4
MOMI_QC_GBGD_P88_G12	Homo sapiens	blood plasma	not applicable	1	pooled	not available	not available	not available	not available	pooled	20250309_OA3_Evo07_ViAl_SA_FAIMS40_IO43_A556_MOMI_GBGD_P88_G12_R01	proteomic profiling by mass spectrometry	1	20250309_OA3_Evo07_ViAl_SA_FAIMS40_IO43_A556_MOMI_GBGD_P88_G12_R01.raw	v1.1.0	NT=ms-proteomics;VV=v1.1.0	NT=human;VV=v1.1.0	NT=dia-acquisition;VV=v1.1.0	NT=sdrf-skills;VV=v0.2.0	Data-independent acquisition	NT=Orbitrap Astral;AC=MS:1003378	NT=Trypsin;AC=MS:1001251	NT=Lys-C;AC=MS:1001309	label free sample	1	NT=HCD;AC=MS:1000422	25% NCE	10 ppm	10 ppm	NT=Dithiothreitol (DTT);AC=PRIDE:0000608	NT=Chloroacetamide (ClAA);AC=PRIDE:0000600	NT=Carbamidomethyl;AC=UNIMOD:4;TA=C;MT=Fixed	NT=Oxidation;AC=UNIMOD:35;TA=M;MT=Variable	NT=asymmetric track lossless time-of-flight analyzer;AC=MS:1003379	MOMI GBGD	2025-03-09	380m/z-980m/z	150m/z-2000m/z	not available	not available	4
MOMI_QC_GBGD_P88_H12	Homo sapiens	blood plasma	not applicable	1	pooled	not available	not available	not available	not available	pooled	20250309_OA3_Evo07_ViAl_SA_FAIMS40_IO43_A556_MOMI_GBGD_P88_H12_R01	proteomic profiling by mass spectrometry	1	20250309_OA3_Evo07_ViAl_SA_FAIMS40_IO43_A556_MOMI_GBGD_P88_H12_R01.raw	v1.1.0	NT=ms-proteomics;VV=v1.1.0	NT=human;VV=v1.1.0	NT=dia-acquisition;VV=v1.1.0	NT=sdrf-skills;VV=v0.2.0	Data-independent acquisition	NT=Orbitrap Astral;AC=MS:1003378	NT=Trypsin;AC=MS:1001251	NT=Lys-C;AC=MS:1001309	label free sample	1	NT=HCD;AC=MS:1000422	25% NCE	10 ppm	10 ppm	NT=Dithiothreitol (DTT);AC=PRIDE:0000608	NT=Chloroacetamide (ClAA);AC=PRIDE:0000600	NT=Carbamidomethyl;AC=UNIMOD:4;TA=C;MT=Fixed	NT=Oxidation;AC=UNIMOD:35;TA=M;MT=Variable	NT=asymmetric track lossless time-of-flight analyzer;AC=MS:1003379	MOMI GBGD	2025-03-09	380m/z-980m/z	150m/z-2000m/z	not available	not available	4
MOMI_QC_GBGD_P89_E12	Homo sapiens	blood plasma	not applicable	1	pooled	not available	not available	not available	not available	pooled	20250309_OA3_Evo07_ViAl_SA_FAIMS40_IO43_A556_MOMI_GBGD_P89_E12_R01	proteomic profiling by mass spectrometry	1	20250309_OA3_Evo07_ViAl_SA_FAIMS40_IO43_A556_MOMI_GBGD_P89_E12_R01.raw	v1.1.0	NT=ms-proteomics;VV=v1.1.0	NT=human;VV=v1.1.0	NT=dia-acquisition;VV=v1.1.0	NT=sdrf-skills;VV=v0.2.0	Data-independent acquisition	NT=Orbitrap Astral;AC=MS:1003378	NT=Trypsin;AC=MS:1001251	NT=Lys-C;AC=MS:1001309	label free sample	1	NT=HCD;AC=MS:1000422	25% NCE	10 ppm	10 ppm	NT=Dithiothreitol (DTT);AC=PRIDE:0000608	NT=Chloroacetamide (ClAA);AC=PRIDE:0000600	NT=Carbamidomethyl;AC=UNIMOD:4;TA=C;MT=Fixed	NT=Oxidation;AC=UNIMOD:35;TA=M;MT=Variable	NT=asymmetric track lossless time-of-flight analyzer;AC=MS:1003379	MOMI GBGD	2025-03-09	380m/z-980m/z	150m/z-2000m/z	not available	not available	4
MOMI_QC_GBGD_P89_F12	Homo sapiens	blood plasma	not applicable	1	pooled	not available	not available	not available	not available	pooled	20250309_OA3_Evo07_ViAl_SA_FAIMS40_IO43_A556_MOMI_GBGD_P89_F12_R01	proteomic profiling by mass spectrometry	1	20250309_OA3_Evo07_ViAl_SA_FAIMS40_IO43_A556_MOMI_GBGD_P89_F12_R01.raw	v1.1.0	NT=ms-proteomics;VV=v1.1.0	NT=human;VV=v1.1.0	NT=dia-acquisition;VV=v1.1.0	NT=sdrf-skills;VV=v0.2.0	Data-independent acquisition	NT=Orbitrap Astral;AC=MS:1003378	NT=Trypsin;AC=MS:1001251	NT=Lys-C;AC=MS:1001309	label free sample	1	NT=HCD;AC=MS:1000422	25% NCE	10 ppm	10 ppm	NT=Dithiothreitol (DTT);AC=PRIDE:0000608	NT=Chloroacetamide (ClAA);AC=PRIDE:0000600	NT=Carbamidomethyl;AC=UNIMOD:4;TA=C;MT=Fixed	NT=Oxidation;AC=UNIMOD:35;TA=M;MT=Variable	NT=asymmetric track lossless time-of-flight analyzer;AC=MS:1003379	MOMI GBGD	2025-03-09	380m/z-980m/z	150m/z-2000m/z	not available	not available	4
MOMI_QC_GBGD_P89_G12	Homo sapiens	blood plasma	not applicable	1	pooled	not available	not available	not available	not available	pooled	20250309_OA3_Evo07_ViAl_SA_FAIMS40_IO43_A556_MOMI_GBGD_P89_G12_R01	proteomic profiling by mass spectrometry	1	20250309_OA3_Evo07_ViAl_SA_FAIMS40_IO43_A556_MOMI_GBGD_P89_G12_R01.raw	v1.1.0	NT=ms-proteomics;VV=v1.1.0	NT=human;VV=v1.1.0	NT=dia-acquisition;VV=v1.1.0	NT=sdrf-skills;VV=v0.2.0	Data-independent acquisition	NT=Orbitrap Astral;AC=MS:1003378	NT=Trypsin;AC=MS:1001251	NT=Lys-C;AC=MS:1001309	label free sample	1	NT=HCD;AC=MS:1000422	25% NCE	10 ppm	10 ppm	NT=Dithiothreitol (DTT);AC=PRIDE:0000608	NT=Chloroacetamide (ClAA);AC=PRIDE:0000600	NT=Carbamidomethyl;AC=UNIMOD:4;TA=C;MT=Fixed	NT=Oxidation;AC=UNIMOD:35;TA=M;MT=Variable	NT=asymmetric track lossless time-of-flight analyzer;AC=MS:1003379	MOMI GBGD	2025-03-09	380m/z-980m/z	150m/z-2000m/z	not available	not available	4
MOMI_QC_GBGD_P89_H12	Homo sapiens	blood plasma	not applicable	1	pooled	not available	not available	not available	not available	pooled	20250309_OA3_Evo07_ViAl_SA_FAIMS40_IO43_A556_MOMI_GBGD_P89_H12_R01	proteomic profiling by mass spectrometry	1	20250309_OA3_Evo07_ViAl_SA_FAIMS40_IO43_A556_MOMI_GBGD_P89_H12_R01.raw	v1.1.0	NT=ms-proteomics;VV=v1.1.0	NT=human;VV=v1.1.0	NT=dia-acquisition;VV=v1.1.0	NT=sdrf-skills;VV=v0.2.0	Data-independent acquisition	NT=Orbitrap Astral;AC=MS:1003378	NT=Trypsin;AC=MS:1001251	NT=Lys-C;AC=MS:1001309	label free sample	1	NT=HCD;AC=MS:1000422	25% NCE	10 ppm	10 ppm	NT=Dithiothreitol (DTT);AC=PRIDE:0000608	NT=Chloroacetamide (ClAA);AC=PRIDE:0000600	NT=Carbamidomethyl;AC=UNIMOD:4;TA=C;MT=Fixed	NT=Oxidation;AC=UNIMOD:35;TA=M;MT=Variable	NT=asymmetric track lossless time-of-flight analyzer;AC=MS:1003379	MOMI GBGD	2025-03-09	380m/z-980m/z	150m/z-2000m/z	not available	not available	4
MOMI_QC_GBGD_P90_E12	Homo sapiens	blood plasma	not applicable	1	pooled	not available	not available	not available	not available	pooled	20250309_OA3_Evo07_ViAl_SA_FAIMS40_IO43_A556_MOMI_GBGD_P90_E12_R01	proteomic profiling by mass spectrometry	1	20250309_OA3_Evo07_ViAl_SA_FAIMS40_IO43_A556_MOMI_GBGD_P90_E12_R01.raw	v1.1.0	NT=ms-proteomics;VV=v1.1.0	NT=human;VV=v1.1.0	NT=dia-acquisition;VV=v1.1.0	NT=sdrf-skills;VV=v0.2.0	Data-independent acquisition	NT=Orbitrap Astral;AC=MS:1003378	NT=Trypsin;AC=MS:1001251	NT=Lys-C;AC=MS:1001309	label free sample	1	NT=HCD;AC=MS:1000422	25% NCE	10 ppm	10 ppm	NT=Dithiothreitol (DTT);AC=PRIDE:0000608	NT=Chloroacetamide (ClAA);AC=PRIDE:0000600	NT=Carbamidomethyl;AC=UNIMOD:4;TA=C;MT=Fixed	NT=Oxidation;AC=UNIMOD:35;TA=M;MT=Variable	NT=asymmetric track lossless time-of-flight analyzer;AC=MS:1003379	MOMI GBGD	2025-03-09	380m/z-980m/z	150m/z-2000m/z	not available	not available	4
MOMI_QC_GBGD_P90_F12	Homo sapiens	blood plasma	not applicable	1	pooled	not available	not available	not available	not available	pooled	20250309_OA3_Evo07_ViAl_SA_FAIMS40_IO43_A556_MOMI_GBGD_P90_F12_R01	proteomic profiling by mass spectrometry	1	20250309_OA3_Evo07_ViAl_SA_FAIMS40_IO43_A556_MOMI_GBGD_P90_F12_R01.raw	v1.1.0	NT=ms-proteomics;VV=v1.1.0	NT=human;VV=v1.1.0	NT=dia-acquisition;VV=v1.1.0	NT=sdrf-skills;VV=v0.2.0	Data-independent acquisition	NT=Orbitrap Astral;AC=MS:1003378	NT=Trypsin;AC=MS:1001251	NT=Lys-C;AC=MS:1001309	label free sample	1	NT=HCD;AC=MS:1000422	25% NCE	10 ppm	10 ppm	NT=Dithiothreitol (DTT);AC=PRIDE:0000608	NT=Chloroacetamide (ClAA);AC=PRIDE:0000600	NT=Carbamidomethyl;AC=UNIMOD:4;TA=C;MT=Fixed	NT=Oxidation;AC=UNIMOD:35;TA=M;MT=Variable	NT=asymmetric track lossless time-of-flight analyzer;AC=MS:1003379	MOMI GBGD	2025-03-09	380m/z-980m/z	150m/z-2000m/z	not available	not available	4
MOMI_QC_GBGD_P90_G12	Homo sapiens	blood plasma	not applicable	1	pooled	not available	not available	not available	not available	pooled	20250309_OA3_Evo07_ViAl_SA_FAIMS40_IO43_A556_MOMI_GBGD_P90_G12_R01	proteomic profiling by mass spectrometry	1	20250309_OA3_Evo07_ViAl_SA_FAIMS40_IO43_A556_MOMI_GBGD_P90_G12_R01.raw	v1.1.0	NT=ms-proteomics;VV=v1.1.0	NT=human;VV=v1.1.0	NT=dia-acquisition;VV=v1.1.0	NT=sdrf-skills;VV=v0.2.0	Data-independent acquisition	NT=Orbitrap Astral;AC=MS:1003378	NT=Trypsin;AC=MS:1001251	NT=Lys-C;AC=MS:1001309	label free sample	1	NT=HCD;AC=MS:1000422	25% NCE	10 ppm	10 ppm	NT=Dithiothreitol (DTT);AC=PRIDE:0000608	NT=Chloroacetamide (ClAA);AC=PRIDE:0000600	NT=Carbamidomethyl;AC=UNIMOD:4;TA=C;MT=Fixed	NT=Oxidation;AC=UNIMOD:35;TA=M;MT=Variable	NT=asymmetric track lossless time-of-flight analyzer;AC=MS:1003379	MOMI GBGD	2025-03-09	380m/z-980m/z	150m/z-2000m/z	not available	not available	4
MOMI_QC_GBGD_P90_H12	Homo sapiens	blood plasma	not applicable	1	pooled	not available	not available	not available	not available	pooled	20250309_OA3_Evo07_ViAl_SA_FAIMS40_IO43_A556_MOMI_GBGD_P90_H12_R01	proteomic profiling by mass spectrometry	1	20250309_OA3_Evo07_ViAl_SA_FAIMS40_IO43_A556_MOMI_GBGD_P90_H12_R01.raw	v1.1.0	NT=ms-proteomics;VV=v1.1.0	NT=human;VV=v1.1.0	NT=dia-acquisition;VV=v1.1.0	NT=sdrf-skills;VV=v0.2.0	Data-independent acquisition	NT=Orbitrap Astral;AC=MS:1003378	NT=Trypsin;AC=MS:1001251	NT=Lys-C;AC=MS:1001309	label free sample	1	NT=HCD;AC=MS:1000422	25% NCE	10 ppm	10 ppm	NT=Dithiothreitol (DTT);AC=PRIDE:0000608	NT=Chloroacetamide (ClAA);AC=PRIDE:0000600	NT=Carbamidomethyl;AC=UNIMOD:4;TA=C;MT=Fixed	NT=Oxidation;AC=UNIMOD:35;TA=M;MT=Variable	NT=asymmetric track lossless time-of-flight analyzer;AC=MS:1003379	MOMI GBGD	2025-03-09	380m/z-980m/z	150m/z-2000m/z	not available	not available	4
MOMI_QC_GBGD_P91_E12	Homo sapiens	blood plasma	not applicable	1	pooled	not available	not available	not available	not available	pooled	20250309_OA3_Evo07_ViAl_SA_FAIMS40_IO43_A556_MOMI_GBGD_P91_E12_R01	proteomic profiling by mass spectrometry	1	20250309_OA3_Evo07_ViAl_SA_FAIMS40_IO43_A556_MOMI_GBGD_P91_E12_R01.raw	v1.1.0	NT=ms-proteomics;VV=v1.1.0	NT=human;VV=v1.1.0	NT=dia-acquisition;VV=v1.1.0	NT=sdrf-skills;VV=v0.2.0	Data-independent acquisition	NT=Orbitrap Astral;AC=MS:1003378	NT=Trypsin;AC=MS:1001251	NT=Lys-C;AC=MS:1001309	label free sample	1	NT=HCD;AC=MS:1000422	25% NCE	10 ppm	10 ppm	NT=Dithiothreitol (DTT);AC=PRIDE:0000608	NT=Chloroacetamide (ClAA);AC=PRIDE:0000600	NT=Carbamidomethyl;AC=UNIMOD:4;TA=C;MT=Fixed	NT=Oxidation;AC=UNIMOD:35;TA=M;MT=Variable	NT=asymmetric track lossless time-of-flight analyzer;AC=MS:1003379	MOMI GBGD	2025-03-09	380m/z-980m/z	150m/z-2000m/z	not available	not available	4
MOMI_QC_GBGD_P91_F12	Homo sapiens	blood plasma	not applicable	1	pooled	not available	not available	not available	not available	pooled	20250309_OA3_Evo07_ViAl_SA_FAIMS40_IO43_A556_MOMI_GBGD_P91_F12_R01	proteomic profiling by mass spectrometry	1	20250309_OA3_Evo07_ViAl_SA_FAIMS40_IO43_A556_MOMI_GBGD_P91_F12_R01.raw	v1.1.0	NT=ms-proteomics;VV=v1.1.0	NT=human;VV=v1.1.0	NT=dia-acquisition;VV=v1.1.0	NT=sdrf-skills;VV=v0.2.0	Data-independent acquisition	NT=Orbitrap Astral;AC=MS:1003378	NT=Trypsin;AC=MS:1001251	NT=Lys-C;AC=MS:1001309	label free sample	1	NT=HCD;AC=MS:1000422	25% NCE	10 ppm	10 ppm	NT=Dithiothreitol (DTT);AC=PRIDE:0000608	NT=Chloroacetamide (ClAA);AC=PRIDE:0000600	NT=Carbamidomethyl;AC=UNIMOD:4;TA=C;MT=Fixed	NT=Oxidation;AC=UNIMOD:35;TA=M;MT=Variable	NT=asymmetric track lossless time-of-flight analyzer;AC=MS:1003379	MOMI GBGD	2025-03-09	380m/z-980m/z	150m/z-2000m/z	not available	not available	4
MOMI_QC_GBGD_P91_G12	Homo sapiens	blood plasma	not applicable	1	pooled	not available	not available	not available	not available	pooled	20250309_OA3_Evo07_ViAl_SA_FAIMS40_IO43_A556_MOMI_GBGD_P91_G12_R01	proteomic profiling by mass spectrometry	1	20250309_OA3_Evo07_ViAl_SA_FAIMS40_IO43_A556_MOMI_GBGD_P91_G12_R01.raw	v1.1.0	NT=ms-proteomics;VV=v1.1.0	NT=human;VV=v1.1.0	NT=dia-acquisition;VV=v1.1.0	NT=sdrf-skills;VV=v0.2.0	Data-independent acquisition	NT=Orbitrap Astral;AC=MS:1003378	NT=Trypsin;AC=MS:1001251	NT=Lys-C;AC=MS:1001309	label free sample	1	NT=HCD;AC=MS:1000422	25% NCE	10 ppm	10 ppm	NT=Dithiothreitol (DTT);AC=PRIDE:0000608	NT=Chloroacetamide (ClAA);AC=PRIDE:0000600	NT=Carbamidomethyl;AC=UNIMOD:4;TA=C;MT=Fixed	NT=Oxidation;AC=UNIMOD:35;TA=M;MT=Variable	NT=asymmetric track lossless time-of-flight analyzer;AC=MS:1003379	MOMI GBGD	2025-03-09	380m/z-980m/z	150m/z-2000m/z	not available	not available	4
MOMI_QC_GBGD_P91_H12	Homo sapiens	blood plasma	not applicable	1	pooled	not available	not available	not available	not available	pooled	20250309_OA3_Evo07_ViAl_SA_FAIMS40_IO43_A556_MOMI_GBGD_P91_H12_R01	proteomic profiling by mass spectrometry	1	20250309_OA3_Evo07_ViAl_SA_FAIMS40_IO43_A556_MOMI_GBGD_P91_H12_R01.raw	v1.1.0	NT=ms-proteomics;VV=v1.1.0	NT=human;VV=v1.1.0	NT=dia-acquisition;VV=v1.1.0	NT=sdrf-skills;VV=v0.2.0	Data-independent acquisition	NT=Orbitrap Astral;AC=MS:1003378	NT=Trypsin;AC=MS:1001251	NT=Lys-C;AC=MS:1001309	label free sample	1	NT=HCD;AC=MS:1000422	25% NCE	10 ppm	10 ppm	NT=Dithiothreitol (DTT);AC=PRIDE:0000608	NT=Chloroacetamide (ClAA);AC=PRIDE:0000600	NT=Carbamidomethyl;AC=UNIMOD:4;TA=C;MT=Fixed	NT=Oxidation;AC=UNIMOD:35;TA=M;MT=Variable	NT=asymmetric track lossless time-of-flight analyzer;AC=MS:1003379	MOMI GBGD	2025-03-09	380m/z-980m/z	150m/z-2000m/z	not available	not available	4
MOMI_QC_GBGD_P92_E12	Homo sapiens	blood plasma	not applicable	1	pooled	not available	not available	not available	not available	pooled	20250309_OA3_Evo07_ViAl_SA_FAIMS40_IO43_A556_MOMI_GBGD_P92_E12_R01	proteomic profiling by mass spectrometry	1	20250309_OA3_Evo07_ViAl_SA_FAIMS40_IO43_A556_MOMI_GBGD_P92_E12_R01.raw	v1.1.0	NT=ms-proteomics;VV=v1.1.0	NT=human;VV=v1.1.0	NT=dia-acquisition;VV=v1.1.0	NT=sdrf-skills;VV=v0.2.0	Data-independent acquisition	NT=Orbitrap Astral;AC=MS:1003378	NT=Trypsin;AC=MS:1001251	NT=Lys-C;AC=MS:1001309	label free sample	1	NT=HCD;AC=MS:1000422	25% NCE	10 ppm	10 ppm	NT=Dithiothreitol (DTT);AC=PRIDE:0000608	NT=Chloroacetamide (ClAA);AC=PRIDE:0000600	NT=Carbamidomethyl;AC=UNIMOD:4;TA=C;MT=Fixed	NT=Oxidation;AC=UNIMOD:35;TA=M;MT=Variable	NT=asymmetric track lossless time-of-flight analyzer;AC=MS:1003379	MOMI GBGD	2025-03-09	380m/z-980m/z	150m/z-2000m/z	not available	not available	4
MOMI_QC_GBGD_P92_F12	Homo sapiens	blood plasma	not applicable	1	pooled	not available	not available	not available	not available	pooled	20250309_OA3_Evo07_ViAl_SA_FAIMS40_IO43_A556_MOMI_GBGD_P92_F12_R01	proteomic profiling by mass spectrometry	1	20250309_OA3_Evo07_ViAl_SA_FAIMS40_IO43_A556_MOMI_GBGD_P92_F12_R01.raw	v1.1.0	NT=ms-proteomics;VV=v1.1.0	NT=human;VV=v1.1.0	NT=dia-acquisition;VV=v1.1.0	NT=sdrf-skills;VV=v0.2.0	Data-independent acquisition	NT=Orbitrap Astral;AC=MS:1003378	NT=Trypsin;AC=MS:1001251	NT=Lys-C;AC=MS:1001309	label free sample	1	NT=HCD;AC=MS:1000422	25% NCE	10 ppm	10 ppm	NT=Dithiothreitol (DTT);AC=PRIDE:0000608	NT=Chloroacetamide (ClAA);AC=PRIDE:0000600	NT=Carbamidomethyl;AC=UNIMOD:4;TA=C;MT=Fixed	NT=Oxidation;AC=UNIMOD:35;TA=M;MT=Variable	NT=asymmetric track lossless time-of-flight analyzer;AC=MS:1003379	MOMI GBGD	2025-03-09	380m/z-980m/z	150m/z-2000m/z	not available	not available	4
MOMI_QC_GBGD_P92_G12	Homo sapiens	blood plasma	not applicable	1	pooled	not available	not available	not available	not available	pooled	20250309_OA3_Evo07_ViAl_SA_FAIMS40_IO43_A556_MOMI_GBGD_P92_G12_R01	proteomic profiling by mass spectrometry	1	20250309_OA3_Evo07_ViAl_SA_FAIMS40_IO43_A556_MOMI_GBGD_P92_G12_R01.raw	v1.1.0	NT=ms-proteomics;VV=v1.1.0	NT=human;VV=v1.1.0	NT=dia-acquisition;VV=v1.1.0	NT=sdrf-skills;VV=v0.2.0	Data-independent acquisition	NT=Orbitrap Astral;AC=MS:1003378	NT=Trypsin;AC=MS:1001251	NT=Lys-C;AC=MS:1001309	label free sample	1	NT=HCD;AC=MS:1000422	25% NCE	10 ppm	10 ppm	NT=Dithiothreitol (DTT);AC=PRIDE:0000608	NT=Chloroacetamide (ClAA);AC=PRIDE:0000600	NT=Carbamidomethyl;AC=UNIMOD:4;TA=C;MT=Fixed	NT=Oxidation;AC=UNIMOD:35;TA=M;MT=Variable	NT=asymmetric track lossless time-of-flight analyzer;AC=MS:1003379	MOMI GBGD	2025-03-09	380m/z-980m/z	150m/z-2000m/z	not available	not available	4
MOMI_QC_GBGD_P92_H12	Homo sapiens	blood plasma	not applicable	1	pooled	not available	not available	not available	not available	pooled	20250309_OA3_Evo07_ViAl_SA_FAIMS40_IO43_A556_MOMI_GBGD_P92_H12_R01	proteomic profiling by mass spectrometry	1	20250309_OA3_Evo07_ViAl_SA_FAIMS40_IO43_A556_MOMI_GBGD_P92_H12_R01.raw	v1.1.0	NT=ms-proteomics;VV=v1.1.0	NT=human;VV=v1.1.0	NT=dia-acquisition;VV=v1.1.0	NT=sdrf-skills;VV=v0.2.0	Data-independent acquisition	NT=Orbitrap Astral;AC=MS:1003378	NT=Trypsin;AC=MS:1001251	NT=Lys-C;AC=MS:1001309	label free sample	1	NT=HCD;AC=MS:1000422	25% NCE	10 ppm	10 ppm	NT=Dithiothreitol (DTT);AC=PRIDE:0000608	NT=Chloroacetamide (ClAA);AC=PRIDE:0000600	NT=Carbamidomethyl;AC=UNIMOD:4;TA=C;MT=Fixed	NT=Oxidation;AC=UNIMOD:35;TA=M;MT=Variable	NT=asymmetric track lossless time-of-flight analyzer;AC=MS:1003379	MOMI GBGD	2025-03-09	380m/z-980m/z	150m/z-2000m/z	not available	not available	4
MOMI_QC_GBGD_P100_E12	Homo sapiens	blood plasma	not applicable	1	pooled	not available	not available	not available	not available	pooled	20250317_OA3_Evo07_ViAl_SA_FAIMS40_IO43_A556_MOMI_GBGD_P100_E12_R01	proteomic profiling by mass spectrometry	1	20250317_OA3_Evo07_ViAl_SA_FAIMS40_IO43_A556_MOMI_GBGD_P100_E12_R01.raw	v1.1.0	NT=ms-proteomics;VV=v1.1.0	NT=human;VV=v1.1.0	NT=dia-acquisition;VV=v1.1.0	NT=sdrf-skills;VV=v0.2.0	Data-independent acquisition	NT=Orbitrap Astral;AC=MS:1003378	NT=Trypsin;AC=MS:1001251	NT=Lys-C;AC=MS:1001309	label free sample	1	NT=HCD;AC=MS:1000422	25% NCE	10 ppm	10 ppm	NT=Dithiothreitol (DTT);AC=PRIDE:0000608	NT=Chloroacetamide (ClAA);AC=PRIDE:0000600	NT=Carbamidomethyl;AC=UNIMOD:4;TA=C;MT=Fixed	NT=Oxidation;AC=UNIMOD:35;TA=M;MT=Variable	NT=asymmetric track lossless time-of-flight analyzer;AC=MS:1003379	MOMI GBGD	2025-03-17	380m/z-980m/z	150m/z-2000m/z	not available	not available	4
MOMI_QC_GBGD_P100_F12	Homo sapiens	blood plasma	not applicable	1	pooled	not available	not available	not available	not available	pooled	20250317_OA3_Evo07_ViAl_SA_FAIMS40_IO43_A556_MOMI_GBGD_P100_F12_R01	proteomic profiling by mass spectrometry	1	20250317_OA3_Evo07_ViAl_SA_FAIMS40_IO43_A556_MOMI_GBGD_P100_F12_R01.raw	v1.1.0	NT=ms-proteomics;VV=v1.1.0	NT=human;VV=v1.1.0	NT=dia-acquisition;VV=v1.1.0	NT=sdrf-skills;VV=v0.2.0	Data-independent acquisition	NT=Orbitrap Astral;AC=MS:1003378	NT=Trypsin;AC=MS:1001251	NT=Lys-C;AC=MS:1001309	label free sample	1	NT=HCD;AC=MS:1000422	25% NCE	10 ppm	10 ppm	NT=Dithiothreitol (DTT);AC=PRIDE:0000608	NT=Chloroacetamide (ClAA);AC=PRIDE:0000600	NT=Carbamidomethyl;AC=UNIMOD:4;TA=C;MT=Fixed	NT=Oxidation;AC=UNIMOD:35;TA=M;MT=Variable	NT=asymmetric track lossless time-of-flight analyzer;AC=MS:1003379	MOMI GBGD	2025-03-17	380m/z-980m/z	150m/z-2000m/z	not available	not available	4
MOMI_QC_GBGD_P100_G12	Homo sapiens	blood plasma	not applicable	1	pooled	not available	not available	not available	not available	pooled	20250317_OA3_Evo07_ViAl_SA_FAIMS40_IO43_A556_MOMI_GBGD_P100_G12_R01	proteomic profiling by mass spectrometry	1	20250317_OA3_Evo07_ViAl_SA_FAIMS40_IO43_A556_MOMI_GBGD_P100_G12_R01.raw	v1.1.0	NT=ms-proteomics;VV=v1.1.0	NT=human;VV=v1.1.0	NT=dia-acquisition;VV=v1.1.0	NT=sdrf-skills;VV=v0.2.0	Data-independent acquisition	NT=Orbitrap Astral;AC=MS:1003378	NT=Trypsin;AC=MS:1001251	NT=Lys-C;AC=MS:1001309	label free sample	1	NT=HCD;AC=MS:1000422	25% NCE	10 ppm	10 ppm	NT=Dithiothreitol (DTT);AC=PRIDE:0000608	NT=Chloroacetamide (ClAA);AC=PRIDE:0000600	NT=Carbamidomethyl;AC=UNIMOD:4;TA=C;MT=Fixed	NT=Oxidation;AC=UNIMOD:35;TA=M;MT=Variable	NT=asymmetric track lossless time-of-flight analyzer;AC=MS:1003379	MOMI GBGD	2025-03-17	380m/z-980m/z	150m/z-2000m/z	not available	not available	4
MOMI_QC_GBGD_P100_H12	Homo sapiens	blood plasma	not applicable	1	pooled	not available	not available	not available	not available	pooled	20250317_OA3_Evo07_ViAl_SA_FAIMS40_IO43_A556_MOMI_GBGD_P100_H12_R01	proteomic profiling by mass spectrometry	1	20250317_OA3_Evo07_ViAl_SA_FAIMS40_IO43_A556_MOMI_GBGD_P100_H12_R01.raw	v1.1.0	NT=ms-proteomics;VV=v1.1.0	NT=human;VV=v1.1.0	NT=dia-acquisition;VV=v1.1.0	NT=sdrf-skills;VV=v0.2.0	Data-independent acquisition	NT=Orbitrap Astral;AC=MS:1003378	NT=Trypsin;AC=MS:1001251	NT=Lys-C;AC=MS:1001309	label free sample	1	NT=HCD;AC=MS:1000422	25% NCE	10 ppm	10 ppm	NT=Dithiothreitol (DTT);AC=PRIDE:0000608	NT=Chloroacetamide (ClAA);AC=PRIDE:0000600	NT=Carbamidomethyl;AC=UNIMOD:4;TA=C;MT=Fixed	NT=Oxidation;AC=UNIMOD:35;TA=M;MT=Variable	NT=asymmetric track lossless time-of-flight analyzer;AC=MS:1003379	MOMI GBGD	2025-03-17	380m/z-980m/z	150m/z-2000m/z	not available	not available	4
MOMI_QC_GBGD_P93_E12	Homo sapiens	blood plasma	not applicable	1	pooled	not available	not available	not available	not available	pooled	20250317_OA3_Evo07_ViAl_SA_FAIMS40_IO43_A556_MOMI_GBGD_P93_E12_R01	proteomic profiling by mass spectrometry	1	20250317_OA3_Evo07_ViAl_SA_FAIMS40_IO43_A556_MOMI_GBGD_P93_E12_R01.raw	v1.1.0	NT=ms-proteomics;VV=v1.1.0	NT=human;VV=v1.1.0	NT=dia-acquisition;VV=v1.1.0	NT=sdrf-skills;VV=v0.2.0	Data-independent acquisition	NT=Orbitrap Astral;AC=MS:1003378	NT=Trypsin;AC=MS:1001251	NT=Lys-C;AC=MS:1001309	label free sample	1	NT=HCD;AC=MS:1000422	25% NCE	10 ppm	10 ppm	NT=Dithiothreitol (DTT);AC=PRIDE:0000608	NT=Chloroacetamide (ClAA);AC=PRIDE:0000600	NT=Carbamidomethyl;AC=UNIMOD:4;TA=C;MT=Fixed	NT=Oxidation;AC=UNIMOD:35;TA=M;MT=Variable	NT=asymmetric track lossless time-of-flight analyzer;AC=MS:1003379	MOMI GBGD	2025-03-17	380m/z-980m/z	150m/z-2000m/z	not available	not available	4
MOMI_QC_GBGD_P93_F12	Homo sapiens	blood plasma	not applicable	1	pooled	not available	not available	not available	not available	pooled	20250317_OA3_Evo07_ViAl_SA_FAIMS40_IO43_A556_MOMI_GBGD_P93_F12_R01	proteomic profiling by mass spectrometry	1	20250317_OA3_Evo07_ViAl_SA_FAIMS40_IO43_A556_MOMI_GBGD_P93_F12_R01.raw	v1.1.0	NT=ms-proteomics;VV=v1.1.0	NT=human;VV=v1.1.0	NT=dia-acquisition;VV=v1.1.0	NT=sdrf-skills;VV=v0.2.0	Data-independent acquisition	NT=Orbitrap Astral;AC=MS:1003378	NT=Trypsin;AC=MS:1001251	NT=Lys-C;AC=MS:1001309	label free sample	1	NT=HCD;AC=MS:1000422	25% NCE	10 ppm	10 ppm	NT=Dithiothreitol (DTT);AC=PRIDE:0000608	NT=Chloroacetamide (ClAA);AC=PRIDE:0000600	NT=Carbamidomethyl;AC=UNIMOD:4;TA=C;MT=Fixed	NT=Oxidation;AC=UNIMOD:35;TA=M;MT=Variable	NT=asymmetric track lossless time-of-flight analyzer;AC=MS:1003379	MOMI GBGD	2025-03-17	380m/z-980m/z	150m/z-2000m/z	not available	not available	4
MOMI_QC_GBGD_P93_G12	Homo sapiens	blood plasma	not applicable	1	pooled	not available	not available	not available	not available	pooled	20250317_OA3_Evo07_ViAl_SA_FAIMS40_IO43_A556_MOMI_GBGD_P93_G12_R01	proteomic profiling by mass spectrometry	1	20250317_OA3_Evo07_ViAl_SA_FAIMS40_IO43_A556_MOMI_GBGD_P93_G12_R01.raw	v1.1.0	NT=ms-proteomics;VV=v1.1.0	NT=human;VV=v1.1.0	NT=dia-acquisition;VV=v1.1.0	NT=sdrf-skills;VV=v0.2.0	Data-independent acquisition	NT=Orbitrap Astral;AC=MS:1003378	NT=Trypsin;AC=MS:1001251	NT=Lys-C;AC=MS:1001309	label free sample	1	NT=HCD;AC=MS:1000422	25% NCE	10 ppm	10 ppm	NT=Dithiothreitol (DTT);AC=PRIDE:0000608	NT=Chloroacetamide (ClAA);AC=PRIDE:0000600	NT=Carbamidomethyl;AC=UNIMOD:4;TA=C;MT=Fixed	NT=Oxidation;AC=UNIMOD:35;TA=M;MT=Variable	NT=asymmetric track lossless time-of-flight analyzer;AC=MS:1003379	MOMI GBGD	2025-03-17	380m/z-980m/z	150m/z-2000m/z	not available	not available	4
MOMI_QC_GBGD_P93_H12	Homo sapiens	blood plasma	not applicable	1	pooled	not available	not available	not available	not available	pooled	20250317_OA3_Evo07_ViAl_SA_FAIMS40_IO43_A556_MOMI_GBGD_P93_H12_R01	proteomic profiling by mass spectrometry	1	20250317_OA3_Evo07_ViAl_SA_FAIMS40_IO43_A556_MOMI_GBGD_P93_H12_R01.raw	v1.1.0	NT=ms-proteomics;VV=v1.1.0	NT=human;VV=v1.1.0	NT=dia-acquisition;VV=v1.1.0	NT=sdrf-skills;VV=v0.2.0	Data-independent acquisition	NT=Orbitrap Astral;AC=MS:1003378	NT=Trypsin;AC=MS:1001251	NT=Lys-C;AC=MS:1001309	label free sample	1	NT=HCD;AC=MS:1000422	25% NCE	10 ppm	10 ppm	NT=Dithiothreitol (DTT);AC=PRIDE:0000608	NT=Chloroacetamide (ClAA);AC=PRIDE:0000600	NT=Carbamidomethyl;AC=UNIMOD:4;TA=C;MT=Fixed	NT=Oxidation;AC=UNIMOD:35;TA=M;MT=Variable	NT=asymmetric track lossless time-of-flight analyzer;AC=MS:1003379	MOMI GBGD	2025-03-17	380m/z-980m/z	150m/z-2000m/z	not available	not available	4
MOMI_QC_GBGD_P96_E12	Homo sapiens	blood plasma	not applicable	1	pooled	not available	not available	not available	not available	pooled	20250317_OA3_Evo07_ViAl_SA_FAIMS40_IO43_A556_MOMI_GBGD_P96_E12_R01	proteomic profiling by mass spectrometry	1	20250317_OA3_Evo07_ViAl_SA_FAIMS40_IO43_A556_MOMI_GBGD_P96_E12_R01.raw	v1.1.0	NT=ms-proteomics;VV=v1.1.0	NT=human;VV=v1.1.0	NT=dia-acquisition;VV=v1.1.0	NT=sdrf-skills;VV=v0.2.0	Data-independent acquisition	NT=Orbitrap Astral;AC=MS:1003378	NT=Trypsin;AC=MS:1001251	NT=Lys-C;AC=MS:1001309	label free sample	1	NT=HCD;AC=MS:1000422	25% NCE	10 ppm	10 ppm	NT=Dithiothreitol (DTT);AC=PRIDE:0000608	NT=Chloroacetamide (ClAA);AC=PRIDE:0000600	NT=Carbamidomethyl;AC=UNIMOD:4;TA=C;MT=Fixed	NT=Oxidation;AC=UNIMOD:35;TA=M;MT=Variable	NT=asymmetric track lossless time-of-flight analyzer;AC=MS:1003379	MOMI GBGD	2025-03-17	380m/z-980m/z	150m/z-2000m/z	not available	not available	4
MOMI_QC_GBGD_P96_F12	Homo sapiens	blood plasma	not applicable	1	pooled	not available	not available	not available	not available	pooled	20250317_OA3_Evo07_ViAl_SA_FAIMS40_IO43_A556_MOMI_GBGD_P96_F12_R01	proteomic profiling by mass spectrometry	1	20250317_OA3_Evo07_ViAl_SA_FAIMS40_IO43_A556_MOMI_GBGD_P96_F12_R01.raw	v1.1.0	NT=ms-proteomics;VV=v1.1.0	NT=human;VV=v1.1.0	NT=dia-acquisition;VV=v1.1.0	NT=sdrf-skills;VV=v0.2.0	Data-independent acquisition	NT=Orbitrap Astral;AC=MS:1003378	NT=Trypsin;AC=MS:1001251	NT=Lys-C;AC=MS:1001309	label free sample	1	NT=HCD;AC=MS:1000422	25% NCE	10 ppm	10 ppm	NT=Dithiothreitol (DTT);AC=PRIDE:0000608	NT=Chloroacetamide (ClAA);AC=PRIDE:0000600	NT=Carbamidomethyl;AC=UNIMOD:4;TA=C;MT=Fixed	NT=Oxidation;AC=UNIMOD:35;TA=M;MT=Variable	NT=asymmetric track lossless time-of-flight analyzer;AC=MS:1003379	MOMI GBGD	2025-03-17	380m/z-980m/z	150m/z-2000m/z	not available	not available	4
MOMI_QC_GBGD_P96_G12	Homo sapiens	blood plasma	not applicable	1	pooled	not available	not available	not available	not available	pooled	20250317_OA3_Evo07_ViAl_SA_FAIMS40_IO43_A556_MOMI_GBGD_P96_G12_R01	proteomic profiling by mass spectrometry	1	20250317_OA3_Evo07_ViAl_SA_FAIMS40_IO43_A556_MOMI_GBGD_P96_G12_R01.raw	v1.1.0	NT=ms-proteomics;VV=v1.1.0	NT=human;VV=v1.1.0	NT=dia-acquisition;VV=v1.1.0	NT=sdrf-skills;VV=v0.2.0	Data-independent acquisition	NT=Orbitrap Astral;AC=MS:1003378	NT=Trypsin;AC=MS:1001251	NT=Lys-C;AC=MS:1001309	label free sample	1	NT=HCD;AC=MS:1000422	25% NCE	10 ppm	10 ppm	NT=Dithiothreitol (DTT);AC=PRIDE:0000608	NT=Chloroacetamide (ClAA);AC=PRIDE:0000600	NT=Carbamidomethyl;AC=UNIMOD:4;TA=C;MT=Fixed	NT=Oxidation;AC=UNIMOD:35;TA=M;MT=Variable	NT=asymmetric track lossless time-of-flight analyzer;AC=MS:1003379	MOMI GBGD	2025-03-17	380m/z-980m/z	150m/z-2000m/z	not available	not available	4
MOMI_QC_GBGD_P96_H12	Homo sapiens	blood plasma	not applicable	1	pooled	not available	not available	not available	not available	pooled	20250317_OA3_Evo07_ViAl_SA_FAIMS40_IO43_A556_MOMI_GBGD_P96_H12_R01	proteomic profiling by mass spectrometry	1	20250317_OA3_Evo07_ViAl_SA_FAIMS40_IO43_A556_MOMI_GBGD_P96_H12_R01.raw	v1.1.0	NT=ms-proteomics;VV=v1.1.0	NT=human;VV=v1.1.0	NT=dia-acquisition;VV=v1.1.0	NT=sdrf-skills;VV=v0.2.0	Data-independent acquisition	NT=Orbitrap Astral;AC=MS:1003378	NT=Trypsin;AC=MS:1001251	NT=Lys-C;AC=MS:1001309	label free sample	1	NT=HCD;AC=MS:1000422	25% NCE	10 ppm	10 ppm	NT=Dithiothreitol (DTT);AC=PRIDE:0000608	NT=Chloroacetamide (ClAA);AC=PRIDE:0000600	NT=Carbamidomethyl;AC=UNIMOD:4;TA=C;MT=Fixed	NT=Oxidation;AC=UNIMOD:35;TA=M;MT=Variable	NT=asymmetric track lossless time-of-flight analyzer;AC=MS:1003379	MOMI GBGD	2025-03-17	380m/z-980m/z	150m/z-2000m/z	not available	not available	4
MOMI_QC_GBGD_P97_E12	Homo sapiens	blood plasma	not applicable	1	pooled	not available	not available	not available	not available	pooled	20250317_OA3_Evo07_ViAl_SA_FAIMS40_IO43_A556_MOMI_GBGD_P97_E12_R01	proteomic profiling by mass spectrometry	1	20250317_OA3_Evo07_ViAl_SA_FAIMS40_IO43_A556_MOMI_GBGD_P97_E12_R01.raw	v1.1.0	NT=ms-proteomics;VV=v1.1.0	NT=human;VV=v1.1.0	NT=dia-acquisition;VV=v1.1.0	NT=sdrf-skills;VV=v0.2.0	Data-independent acquisition	NT=Orbitrap Astral;AC=MS:1003378	NT=Trypsin;AC=MS:1001251	NT=Lys-C;AC=MS:1001309	label free sample	1	NT=HCD;AC=MS:1000422	25% NCE	10 ppm	10 ppm	NT=Dithiothreitol (DTT);AC=PRIDE:0000608	NT=Chloroacetamide (ClAA);AC=PRIDE:0000600	NT=Carbamidomethyl;AC=UNIMOD:4;TA=C;MT=Fixed	NT=Oxidation;AC=UNIMOD:35;TA=M;MT=Variable	NT=asymmetric track lossless time-of-flight analyzer;AC=MS:1003379	MOMI GBGD	2025-03-17	380m/z-980m/z	150m/z-2000m/z	not available	not available	4
MOMI_QC_GBGD_P97_F12	Homo sapiens	blood plasma	not applicable	1	pooled	not available	not available	not available	not available	pooled	20250317_OA3_Evo07_ViAl_SA_FAIMS40_IO43_A556_MOMI_GBGD_P97_F12_R01	proteomic profiling by mass spectrometry	1	20250317_OA3_Evo07_ViAl_SA_FAIMS40_IO43_A556_MOMI_GBGD_P97_F12_R01.raw	v1.1.0	NT=ms-proteomics;VV=v1.1.0	NT=human;VV=v1.1.0	NT=dia-acquisition;VV=v1.1.0	NT=sdrf-skills;VV=v0.2.0	Data-independent acquisition	NT=Orbitrap Astral;AC=MS:1003378	NT=Trypsin;AC=MS:1001251	NT=Lys-C;AC=MS:1001309	label free sample	1	NT=HCD;AC=MS:1000422	25% NCE	10 ppm	10 ppm	NT=Dithiothreitol (DTT);AC=PRIDE:0000608	NT=Chloroacetamide (ClAA);AC=PRIDE:0000600	NT=Carbamidomethyl;AC=UNIMOD:4;TA=C;MT=Fixed	NT=Oxidation;AC=UNIMOD:35;TA=M;MT=Variable	NT=asymmetric track lossless time-of-flight analyzer;AC=MS:1003379	MOMI GBGD	2025-03-17	380m/z-980m/z	150m/z-2000m/z	not available	not available	4
MOMI_QC_GBGD_P97_G12	Homo sapiens	blood plasma	not applicable	1	pooled	not available	not available	not available	not available	pooled	20250317_OA3_Evo07_ViAl_SA_FAIMS40_IO43_A556_MOMI_GBGD_P97_G12_R01	proteomic profiling by mass spectrometry	1	20250317_OA3_Evo07_ViAl_SA_FAIMS40_IO43_A556_MOMI_GBGD_P97_G12_R01.raw	v1.1.0	NT=ms-proteomics;VV=v1.1.0	NT=human;VV=v1.1.0	NT=dia-acquisition;VV=v1.1.0	NT=sdrf-skills;VV=v0.2.0	Data-independent acquisition	NT=Orbitrap Astral;AC=MS:1003378	NT=Trypsin;AC=MS:1001251	NT=Lys-C;AC=MS:1001309	label free sample	1	NT=HCD;AC=MS:1000422	25% NCE	10 ppm	10 ppm	NT=Dithiothreitol (DTT);AC=PRIDE:0000608	NT=Chloroacetamide (ClAA);AC=PRIDE:0000600	NT=Carbamidomethyl;AC=UNIMOD:4;TA=C;MT=Fixed	NT=Oxidation;AC=UNIMOD:35;TA=M;MT=Variable	NT=asymmetric track lossless time-of-flight analyzer;AC=MS:1003379	MOMI GBGD	2025-03-17	380m/z-980m/z	150m/z-2000m/z	not available	not available	4
MOMI_QC_GBGD_P97_H12	Homo sapiens	blood plasma	not applicable	1	pooled	not available	not available	not available	not available	pooled	20250317_OA3_Evo07_ViAl_SA_FAIMS40_IO43_A556_MOMI_GBGD_P97_H12_R01	proteomic profiling by mass spectrometry	1	20250317_OA3_Evo07_ViAl_SA_FAIMS40_IO43_A556_MOMI_GBGD_P97_H12_R01.raw	v1.1.0	NT=ms-proteomics;VV=v1.1.0	NT=human;VV=v1.1.0	NT=dia-acquisition;VV=v1.1.0	NT=sdrf-skills;VV=v0.2.0	Data-independent acquisition	NT=Orbitrap Astral;AC=MS:1003378	NT=Trypsin;AC=MS:1001251	NT=Lys-C;AC=MS:1001309	label free sample	1	NT=HCD;AC=MS:1000422	25% NCE	10 ppm	10 ppm	NT=Dithiothreitol (DTT);AC=PRIDE:0000608	NT=Chloroacetamide (ClAA);AC=PRIDE:0000600	NT=Carbamidomethyl;AC=UNIMOD:4;TA=C;MT=Fixed	NT=Oxidation;AC=UNIMOD:35;TA=M;MT=Variable	NT=asymmetric track lossless time-of-flight analyzer;AC=MS:1003379	MOMI GBGD	2025-03-17	380m/z-980m/z	150m/z-2000m/z	not available	not available	4
MOMI_QC_GBGD_P98_E12	Homo sapiens	blood plasma	not applicable	1	pooled	not available	not available	not available	not available	pooled	20250317_OA3_Evo07_ViAl_SA_FAIMS40_IO43_A556_MOMI_GBGD_P98_E12_R01	proteomic profiling by mass spectrometry	1	20250317_OA3_Evo07_ViAl_SA_FAIMS40_IO43_A556_MOMI_GBGD_P98_E12_R01.raw	v1.1.0	NT=ms-proteomics;VV=v1.1.0	NT=human;VV=v1.1.0	NT=dia-acquisition;VV=v1.1.0	NT=sdrf-skills;VV=v0.2.0	Data-independent acquisition	NT=Orbitrap Astral;AC=MS:1003378	NT=Trypsin;AC=MS:1001251	NT=Lys-C;AC=MS:1001309	label free sample	1	NT=HCD;AC=MS:1000422	25% NCE	10 ppm	10 ppm	NT=Dithiothreitol (DTT);AC=PRIDE:0000608	NT=Chloroacetamide (ClAA);AC=PRIDE:0000600	NT=Carbamidomethyl;AC=UNIMOD:4;TA=C;MT=Fixed	NT=Oxidation;AC=UNIMOD:35;TA=M;MT=Variable	NT=asymmetric track lossless time-of-flight analyzer;AC=MS:1003379	MOMI GBGD	2025-03-17	380m/z-980m/z	150m/z-2000m/z	not available	not available	4
MOMI_QC_GBGD_P98_F12	Homo sapiens	blood plasma	not applicable	1	pooled	not available	not available	not available	not available	pooled	20250317_OA3_Evo07_ViAl_SA_FAIMS40_IO43_A556_MOMI_GBGD_P98_F12_R01	proteomic profiling by mass spectrometry	1	20250317_OA3_Evo07_ViAl_SA_FAIMS40_IO43_A556_MOMI_GBGD_P98_F12_R01.raw	v1.1.0	NT=ms-proteomics;VV=v1.1.0	NT=human;VV=v1.1.0	NT=dia-acquisition;VV=v1.1.0	NT=sdrf-skills;VV=v0.2.0	Data-independent acquisition	NT=Orbitrap Astral;AC=MS:1003378	NT=Trypsin;AC=MS:1001251	NT=Lys-C;AC=MS:1001309	label free sample	1	NT=HCD;AC=MS:1000422	25% NCE	10 ppm	10 ppm	NT=Dithiothreitol (DTT);AC=PRIDE:0000608	NT=Chloroacetamide (ClAA);AC=PRIDE:0000600	NT=Carbamidomethyl;AC=UNIMOD:4;TA=C;MT=Fixed	NT=Oxidation;AC=UNIMOD:35;TA=M;MT=Variable	NT=asymmetric track lossless time-of-flight analyzer;AC=MS:1003379	MOMI GBGD	2025-03-17	380m/z-980m/z	150m/z-2000m/z	not available	not available	4
MOMI_QC_GBGD_P98_G12	Homo sapiens	blood plasma	not applicable	1	pooled	not available	not available	not available	not available	pooled	20250317_OA3_Evo07_ViAl_SA_FAIMS40_IO43_A556_MOMI_GBGD_P98_G12_R01	proteomic profiling by mass spectrometry	1	20250317_OA3_Evo07_ViAl_SA_FAIMS40_IO43_A556_MOMI_GBGD_P98_G12_R01.raw	v1.1.0	NT=ms-proteomics;VV=v1.1.0	NT=human;VV=v1.1.0	NT=dia-acquisition;VV=v1.1.0	NT=sdrf-skills;VV=v0.2.0	Data-independent acquisition	NT=Orbitrap Astral;AC=MS:1003378	NT=Trypsin;AC=MS:1001251	NT=Lys-C;AC=MS:1001309	label free sample	1	NT=HCD;AC=MS:1000422	25% NCE	10 ppm	10 ppm	NT=Dithiothreitol (DTT);AC=PRIDE:0000608	NT=Chloroacetamide (ClAA);AC=PRIDE:0000600	NT=Carbamidomethyl;AC=UNIMOD:4;TA=C;MT=Fixed	NT=Oxidation;AC=UNIMOD:35;TA=M;MT=Variable	NT=asymmetric track lossless time-of-flight analyzer;AC=MS:1003379	MOMI GBGD	2025-03-17	380m/z-980m/z	150m/z-2000m/z	not available	not available	4
MOMI_QC_GBGD_P98_H12	Homo sapiens	blood plasma	not applicable	1	pooled	not available	not available	not available	not available	pooled	20250317_OA3_Evo07_ViAl_SA_FAIMS40_IO43_A556_MOMI_GBGD_P98_H12_R01	proteomic profiling by mass spectrometry	1	20250317_OA3_Evo07_ViAl_SA_FAIMS40_IO43_A556_MOMI_GBGD_P98_H12_R01.raw	v1.1.0	NT=ms-proteomics;VV=v1.1.0	NT=human;VV=v1.1.0	NT=dia-acquisition;VV=v1.1.0	NT=sdrf-skills;VV=v0.2.0	Data-independent acquisition	NT=Orbitrap Astral;AC=MS:1003378	NT=Trypsin;AC=MS:1001251	NT=Lys-C;AC=MS:1001309	label free sample	1	NT=HCD;AC=MS:1000422	25% NCE	10 ppm	10 ppm	NT=Dithiothreitol (DTT);AC=PRIDE:0000608	NT=Chloroacetamide (ClAA);AC=PRIDE:0000600	NT=Carbamidomethyl;AC=UNIMOD:4;TA=C;MT=Fixed	NT=Oxidation;AC=UNIMOD:35;TA=M;MT=Variable	NT=asymmetric track lossless time-of-flight analyzer;AC=MS:1003379	MOMI GBGD	2025-03-17	380m/z-980m/z	150m/z-2000m/z	not available	not available	4
MOMI_QC_GBGD_P99_E12	Homo sapiens	blood plasma	not applicable	1	pooled	not available	not available	not available	not available	pooled	20250317_OA3_Evo07_ViAl_SA_FAIMS40_IO43_A556_MOMI_GBGD_P99_E12_R01	proteomic profiling by mass spectrometry	1	20250317_OA3_Evo07_ViAl_SA_FAIMS40_IO43_A556_MOMI_GBGD_P99_E12_R01.raw	v1.1.0	NT=ms-proteomics;VV=v1.1.0	NT=human;VV=v1.1.0	NT=dia-acquisition;VV=v1.1.0	NT=sdrf-skills;VV=v0.2.0	Data-independent acquisition	NT=Orbitrap Astral;AC=MS:1003378	NT=Trypsin;AC=MS:1001251	NT=Lys-C;AC=MS:1001309	label free sample	1	NT=HCD;AC=MS:1000422	25% NCE	10 ppm	10 ppm	NT=Dithiothreitol (DTT);AC=PRIDE:0000608	NT=Chloroacetamide (ClAA);AC=PRIDE:0000600	NT=Carbamidomethyl;AC=UNIMOD:4;TA=C;MT=Fixed	NT=Oxidation;AC=UNIMOD:35;TA=M;MT=Variable	NT=asymmetric track lossless time-of-flight analyzer;AC=MS:1003379	MOMI GBGD	2025-03-17	380m/z-980m/z	150m/z-2000m/z	not available	not available	4
MOMI_QC_GBGD_P99_F12	Homo sapiens	blood plasma	not applicable	1	pooled	not available	not available	not available	not available	pooled	20250317_OA3_Evo07_ViAl_SA_FAIMS40_IO43_A556_MOMI_GBGD_P99_F12_R01	proteomic profiling by mass spectrometry	1	20250317_OA3_Evo07_ViAl_SA_FAIMS40_IO43_A556_MOMI_GBGD_P99_F12_R01.raw	v1.1.0	NT=ms-proteomics;VV=v1.1.0	NT=human;VV=v1.1.0	NT=dia-acquisition;VV=v1.1.0	NT=sdrf-skills;VV=v0.2.0	Data-independent acquisition	NT=Orbitrap Astral;AC=MS:1003378	NT=Trypsin;AC=MS:1001251	NT=Lys-C;AC=MS:1001309	label free sample	1	NT=HCD;AC=MS:1000422	25% NCE	10 ppm	10 ppm	NT=Dithiothreitol (DTT);AC=PRIDE:0000608	NT=Chloroacetamide (ClAA);AC=PRIDE:0000600	NT=Carbamidomethyl;AC=UNIMOD:4;TA=C;MT=Fixed	NT=Oxidation;AC=UNIMOD:35;TA=M;MT=Variable	NT=asymmetric track lossless time-of-flight analyzer;AC=MS:1003379	MOMI GBGD	2025-03-17	380m/z-980m/z	150m/z-2000m/z	not available	not available	4
MOMI_QC_GBGD_P99_G12	Homo sapiens	blood plasma	not applicable	1	pooled	not available	not available	not available	not available	pooled	20250317_OA3_Evo07_ViAl_SA_FAIMS40_IO43_A556_MOMI_GBGD_P99_G12_R01	proteomic profiling by mass spectrometry	1	20250317_OA3_Evo07_ViAl_SA_FAIMS40_IO43_A556_MOMI_GBGD_P99_G12_R01.raw	v1.1.0	NT=ms-proteomics;VV=v1.1.0	NT=human;VV=v1.1.0	NT=dia-acquisition;VV=v1.1.0	NT=sdrf-skills;VV=v0.2.0	Data-independent acquisition	NT=Orbitrap Astral;AC=MS:1003378	NT=Trypsin;AC=MS:1001251	NT=Lys-C;AC=MS:1001309	label free sample	1	NT=HCD;AC=MS:1000422	25% NCE	10 ppm	10 ppm	NT=Dithiothreitol (DTT);AC=PRIDE:0000608	NT=Chloroacetamide (ClAA);AC=PRIDE:0000600	NT=Carbamidomethyl;AC=UNIMOD:4;TA=C;MT=Fixed	NT=Oxidation;AC=UNIMOD:35;TA=M;MT=Variable	NT=asymmetric track lossless time-of-flight analyzer;AC=MS:1003379	MOMI GBGD	2025-03-17	380m/z-980m/z	150m/z-2000m/z	not available	not available	4
MOMI_QC_GBGD_P99_H12	Homo sapiens	blood plasma	not applicable	1	pooled	not available	not available	not available	not available	pooled	20250317_OA3_Evo07_ViAl_SA_FAIMS40_IO43_A556_MOMI_GBGD_P99_H12_R01	proteomic profiling by mass spectrometry	1	20250317_OA3_Evo07_ViAl_SA_FAIMS40_IO43_A556_MOMI_GBGD_P99_H12_R01.raw	v1.1.0	NT=ms-proteomics;VV=v1.1.0	NT=human;VV=v1.1.0	NT=dia-acquisition;VV=v1.1.0	NT=sdrf-skills;VV=v0.2.0	Data-independent acquisition	NT=Orbitrap Astral;AC=MS:1003378	NT=Trypsin;AC=MS:1001251	NT=Lys-C;AC=MS:1001309	label free sample	1	NT=HCD;AC=MS:1000422	25% NCE	10 ppm	10 ppm	NT=Dithiothreitol (DTT);AC=PRIDE:0000608	NT=Chloroacetamide (ClAA);AC=PRIDE:0000600	NT=Carbamidomethyl;AC=UNIMOD:4;TA=C;MT=Fixed	NT=Oxidation;AC=UNIMOD:35;TA=M;MT=Variable	NT=asymmetric track lossless time-of-flight analyzer;AC=MS:1003379	MOMI GBGD	2025-03-17	380m/z-980m/z	150m/z-2000m/z	not available	not available	4
MOMI_QC_GBGD_P101_E12	Homo sapiens	blood plasma	not applicable	1	pooled	not available	not available	not available	not available	pooled	20250325_OA3_Evo02_ViAl_SA_FAIMS40_IO43_A556_MOMI_GBGD_P101_E12_R01	proteomic profiling by mass spectrometry	1	20250325_OA3_Evo02_ViAl_SA_FAIMS40_IO43_A556_MOMI_GBGD_P101_E12_R01.raw	v1.1.0	NT=ms-proteomics;VV=v1.1.0	NT=human;VV=v1.1.0	NT=dia-acquisition;VV=v1.1.0	NT=sdrf-skills;VV=v0.2.0	Data-independent acquisition	NT=Orbitrap Astral;AC=MS:1003378	NT=Trypsin;AC=MS:1001251	NT=Lys-C;AC=MS:1001309	label free sample	1	NT=HCD;AC=MS:1000422	25% NCE	10 ppm	10 ppm	NT=Dithiothreitol (DTT);AC=PRIDE:0000608	NT=Chloroacetamide (ClAA);AC=PRIDE:0000600	NT=Carbamidomethyl;AC=UNIMOD:4;TA=C;MT=Fixed	NT=Oxidation;AC=UNIMOD:35;TA=M;MT=Variable	NT=asymmetric track lossless time-of-flight analyzer;AC=MS:1003379	MOMI GBGD	2025-03-25	380m/z-980m/z	150m/z-2000m/z	not available	not available	4
MOMI_QC_GBGD_P101_F12	Homo sapiens	blood plasma	not applicable	1	pooled	not available	not available	not available	not available	pooled	20250325_OA3_Evo02_ViAl_SA_FAIMS40_IO43_A556_MOMI_GBGD_P101_F12_R01	proteomic profiling by mass spectrometry	1	20250325_OA3_Evo02_ViAl_SA_FAIMS40_IO43_A556_MOMI_GBGD_P101_F12_R01.raw	v1.1.0	NT=ms-proteomics;VV=v1.1.0	NT=human;VV=v1.1.0	NT=dia-acquisition;VV=v1.1.0	NT=sdrf-skills;VV=v0.2.0	Data-independent acquisition	NT=Orbitrap Astral;AC=MS:1003378	NT=Trypsin;AC=MS:1001251	NT=Lys-C;AC=MS:1001309	label free sample	1	NT=HCD;AC=MS:1000422	25% NCE	10 ppm	10 ppm	NT=Dithiothreitol (DTT);AC=PRIDE:0000608	NT=Chloroacetamide (ClAA);AC=PRIDE:0000600	NT=Carbamidomethyl;AC=UNIMOD:4;TA=C;MT=Fixed	NT=Oxidation;AC=UNIMOD:35;TA=M;MT=Variable	NT=asymmetric track lossless time-of-flight analyzer;AC=MS:1003379	MOMI GBGD	2025-03-25	380m/z-980m/z	150m/z-2000m/z	not available	not available	4
MOMI_QC_GBGD_P101_G12	Homo sapiens	blood plasma	not applicable	1	pooled	not available	not available	not available	not available	pooled	20250325_OA3_Evo02_ViAl_SA_FAIMS40_IO43_A556_MOMI_GBGD_P101_G12_R01	proteomic profiling by mass spectrometry	1	20250325_OA3_Evo02_ViAl_SA_FAIMS40_IO43_A556_MOMI_GBGD_P101_G12_R01.raw	v1.1.0	NT=ms-proteomics;VV=v1.1.0	NT=human;VV=v1.1.0	NT=dia-acquisition;VV=v1.1.0	NT=sdrf-skills;VV=v0.2.0	Data-independent acquisition	NT=Orbitrap Astral;AC=MS:1003378	NT=Trypsin;AC=MS:1001251	NT=Lys-C;AC=MS:1001309	label free sample	1	NT=HCD;AC=MS:1000422	25% NCE	10 ppm	10 ppm	NT=Dithiothreitol (DTT);AC=PRIDE:0000608	NT=Chloroacetamide (ClAA);AC=PRIDE:0000600	NT=Carbamidomethyl;AC=UNIMOD:4;TA=C;MT=Fixed	NT=Oxidation;AC=UNIMOD:35;TA=M;MT=Variable	NT=asymmetric track lossless time-of-flight analyzer;AC=MS:1003379	MOMI GBGD	2025-03-25	380m/z-980m/z	150m/z-2000m/z	not available	not available	4
MOMI_QC_GBGD_P101_H12	Homo sapiens	blood plasma	not applicable	1	pooled	not available	not available	not available	not available	pooled	20250325_OA3_Evo02_ViAl_SA_FAIMS40_IO43_A556_MOMI_GBGD_P101_H12_R01	proteomic profiling by mass spectrometry	1	20250325_OA3_Evo02_ViAl_SA_FAIMS40_IO43_A556_MOMI_GBGD_P101_H12_R01.raw	v1.1.0	NT=ms-proteomics;VV=v1.1.0	NT=human;VV=v1.1.0	NT=dia-acquisition;VV=v1.1.0	NT=sdrf-skills;VV=v0.2.0	Data-independent acquisition	NT=Orbitrap Astral;AC=MS:1003378	NT=Trypsin;AC=MS:1001251	NT=Lys-C;AC=MS:1001309	label free sample	1	NT=HCD;AC=MS:1000422	25% NCE	10 ppm	10 ppm	NT=Dithiothreitol (DTT);AC=PRIDE:0000608	NT=Chloroacetamide (ClAA);AC=PRIDE:0000600	NT=Carbamidomethyl;AC=UNIMOD:4;TA=C;MT=Fixed	NT=Oxidation;AC=UNIMOD:35;TA=M;MT=Variable	NT=asymmetric track lossless time-of-flight analyzer;AC=MS:1003379	MOMI GBGD	2025-03-25	380m/z-980m/z	150m/z-2000m/z	not available	not available	4
MOMI_QC_GBGD_P102_E12	Homo sapiens	blood plasma	not applicable	1	pooled	not available	not available	not available	not available	pooled	20250325_OA3_Evo02_ViAl_SA_FAIMS40_IO43_A556_MOMI_GBGD_P102_E12_R01	proteomic profiling by mass spectrometry	1	20250325_OA3_Evo02_ViAl_SA_FAIMS40_IO43_A556_MOMI_GBGD_P102_E12_R01.raw	v1.1.0	NT=ms-proteomics;VV=v1.1.0	NT=human;VV=v1.1.0	NT=dia-acquisition;VV=v1.1.0	NT=sdrf-skills;VV=v0.2.0	Data-independent acquisition	NT=Orbitrap Astral;AC=MS:1003378	NT=Trypsin;AC=MS:1001251	NT=Lys-C;AC=MS:1001309	label free sample	1	NT=HCD;AC=MS:1000422	25% NCE	10 ppm	10 ppm	NT=Dithiothreitol (DTT);AC=PRIDE:0000608	NT=Chloroacetamide (ClAA);AC=PRIDE:0000600	NT=Carbamidomethyl;AC=UNIMOD:4;TA=C;MT=Fixed	NT=Oxidation;AC=UNIMOD:35;TA=M;MT=Variable	NT=asymmetric track lossless time-of-flight analyzer;AC=MS:1003379	MOMI GBGD	2025-03-25	380m/z-980m/z	150m/z-2000m/z	not available	not available	4
MOMI_QC_GBGD_P102_F12	Homo sapiens	blood plasma	not applicable	1	pooled	not available	not available	not available	not available	pooled	20250325_OA3_Evo02_ViAl_SA_FAIMS40_IO43_A556_MOMI_GBGD_P102_F12_R01	proteomic profiling by mass spectrometry	1	20250325_OA3_Evo02_ViAl_SA_FAIMS40_IO43_A556_MOMI_GBGD_P102_F12_R01.raw	v1.1.0	NT=ms-proteomics;VV=v1.1.0	NT=human;VV=v1.1.0	NT=dia-acquisition;VV=v1.1.0	NT=sdrf-skills;VV=v0.2.0	Data-independent acquisition	NT=Orbitrap Astral;AC=MS:1003378	NT=Trypsin;AC=MS:1001251	NT=Lys-C;AC=MS:1001309	label free sample	1	NT=HCD;AC=MS:1000422	25% NCE	10 ppm	10 ppm	NT=Dithiothreitol (DTT);AC=PRIDE:0000608	NT=Chloroacetamide (ClAA);AC=PRIDE:0000600	NT=Carbamidomethyl;AC=UNIMOD:4;TA=C;MT=Fixed	NT=Oxidation;AC=UNIMOD:35;TA=M;MT=Variable	NT=asymmetric track lossless time-of-flight analyzer;AC=MS:1003379	MOMI GBGD	2025-03-25	380m/z-980m/z	150m/z-2000m/z	not available	not available	4
MOMI_QC_GBGD_P102_G12	Homo sapiens	blood plasma	not applicable	1	pooled	not available	not available	not available	not available	pooled	20250325_OA3_Evo02_ViAl_SA_FAIMS40_IO43_A556_MOMI_GBGD_P102_G12_R01	proteomic profiling by mass spectrometry	1	20250325_OA3_Evo02_ViAl_SA_FAIMS40_IO43_A556_MOMI_GBGD_P102_G12_R01.raw	v1.1.0	NT=ms-proteomics;VV=v1.1.0	NT=human;VV=v1.1.0	NT=dia-acquisition;VV=v1.1.0	NT=sdrf-skills;VV=v0.2.0	Data-independent acquisition	NT=Orbitrap Astral;AC=MS:1003378	NT=Trypsin;AC=MS:1001251	NT=Lys-C;AC=MS:1001309	label free sample	1	NT=HCD;AC=MS:1000422	25% NCE	10 ppm	10 ppm	NT=Dithiothreitol (DTT);AC=PRIDE:0000608	NT=Chloroacetamide (ClAA);AC=PRIDE:0000600	NT=Carbamidomethyl;AC=UNIMOD:4;TA=C;MT=Fixed	NT=Oxidation;AC=UNIMOD:35;TA=M;MT=Variable	NT=asymmetric track lossless time-of-flight analyzer;AC=MS:1003379	MOMI GBGD	2025-03-25	380m/z-980m/z	150m/z-2000m/z	not available	not available	4
MOMI_QC_GBGD_P102_H12	Homo sapiens	blood plasma	not applicable	1	pooled	not available	not available	not available	not available	pooled	20250325_OA3_Evo02_ViAl_SA_FAIMS40_IO43_A556_MOMI_GBGD_P102_H12_R01	proteomic profiling by mass spectrometry	1	20250325_OA3_Evo02_ViAl_SA_FAIMS40_IO43_A556_MOMI_GBGD_P102_H12_R01.raw	v1.1.0	NT=ms-proteomics;VV=v1.1.0	NT=human;VV=v1.1.0	NT=dia-acquisition;VV=v1.1.0	NT=sdrf-skills;VV=v0.2.0	Data-independent acquisition	NT=Orbitrap Astral;AC=MS:1003378	NT=Trypsin;AC=MS:1001251	NT=Lys-C;AC=MS:1001309	label free sample	1	NT=HCD;AC=MS:1000422	25% NCE	10 ppm	10 ppm	NT=Dithiothreitol (DTT);AC=PRIDE:0000608	NT=Chloroacetamide (ClAA);AC=PRIDE:0000600	NT=Carbamidomethyl;AC=UNIMOD:4;TA=C;MT=Fixed	NT=Oxidation;AC=UNIMOD:35;TA=M;MT=Variable	NT=asymmetric track lossless time-of-flight analyzer;AC=MS:1003379	MOMI GBGD	2025-03-25	380m/z-980m/z	150m/z-2000m/z	not available	not available	4
MOMI_QC_GBGD_P103_E12	Homo sapiens	blood plasma	not applicable	1	pooled	not available	not available	not available	not available	pooled	20250325_OA3_Evo02_ViAl_SA_FAIMS40_IO43_A556_MOMI_GBGD_P103_E12_R01	proteomic profiling by mass spectrometry	1	20250325_OA3_Evo02_ViAl_SA_FAIMS40_IO43_A556_MOMI_GBGD_P103_E12_R01.raw	v1.1.0	NT=ms-proteomics;VV=v1.1.0	NT=human;VV=v1.1.0	NT=dia-acquisition;VV=v1.1.0	NT=sdrf-skills;VV=v0.2.0	Data-independent acquisition	NT=Orbitrap Astral;AC=MS:1003378	NT=Trypsin;AC=MS:1001251	NT=Lys-C;AC=MS:1001309	label free sample	1	NT=HCD;AC=MS:1000422	25% NCE	10 ppm	10 ppm	NT=Dithiothreitol (DTT);AC=PRIDE:0000608	NT=Chloroacetamide (ClAA);AC=PRIDE:0000600	NT=Carbamidomethyl;AC=UNIMOD:4;TA=C;MT=Fixed	NT=Oxidation;AC=UNIMOD:35;TA=M;MT=Variable	NT=asymmetric track lossless time-of-flight analyzer;AC=MS:1003379	MOMI GBGD	2025-03-25	380m/z-980m/z	150m/z-2000m/z	not available	not available	4
MOMI_QC_GBGD_P103_F12	Homo sapiens	blood plasma	not applicable	1	pooled	not available	not available	not available	not available	pooled	20250325_OA3_Evo02_ViAl_SA_FAIMS40_IO43_A556_MOMI_GBGD_P103_F12_R01	proteomic profiling by mass spectrometry	1	20250325_OA3_Evo02_ViAl_SA_FAIMS40_IO43_A556_MOMI_GBGD_P103_F12_R01.raw	v1.1.0	NT=ms-proteomics;VV=v1.1.0	NT=human;VV=v1.1.0	NT=dia-acquisition;VV=v1.1.0	NT=sdrf-skills;VV=v0.2.0	Data-independent acquisition	NT=Orbitrap Astral;AC=MS:1003378	NT=Trypsin;AC=MS:1001251	NT=Lys-C;AC=MS:1001309	label free sample	1	NT=HCD;AC=MS:1000422	25% NCE	10 ppm	10 ppm	NT=Dithiothreitol (DTT);AC=PRIDE:0000608	NT=Chloroacetamide (ClAA);AC=PRIDE:0000600	NT=Carbamidomethyl;AC=UNIMOD:4;TA=C;MT=Fixed	NT=Oxidation;AC=UNIMOD:35;TA=M;MT=Variable	NT=asymmetric track lossless time-of-flight analyzer;AC=MS:1003379	MOMI GBGD	2025-03-25	380m/z-980m/z	150m/z-2000m/z	not available	not available	4
MOMI_QC_GBGD_P103_G12	Homo sapiens	blood plasma	not applicable	1	pooled	not available	not available	not available	not available	pooled	20250325_OA3_Evo02_ViAl_SA_FAIMS40_IO43_A556_MOMI_GBGD_P103_G12_R01	proteomic profiling by mass spectrometry	1	20250325_OA3_Evo02_ViAl_SA_FAIMS40_IO43_A556_MOMI_GBGD_P103_G12_R01.raw	v1.1.0	NT=ms-proteomics;VV=v1.1.0	NT=human;VV=v1.1.0	NT=dia-acquisition;VV=v1.1.0	NT=sdrf-skills;VV=v0.2.0	Data-independent acquisition	NT=Orbitrap Astral;AC=MS:1003378	NT=Trypsin;AC=MS:1001251	NT=Lys-C;AC=MS:1001309	label free sample	1	NT=HCD;AC=MS:1000422	25% NCE	10 ppm	10 ppm	NT=Dithiothreitol (DTT);AC=PRIDE:0000608	NT=Chloroacetamide (ClAA);AC=PRIDE:0000600	NT=Carbamidomethyl;AC=UNIMOD:4;TA=C;MT=Fixed	NT=Oxidation;AC=UNIMOD:35;TA=M;MT=Variable	NT=asymmetric track lossless time-of-flight analyzer;AC=MS:1003379	MOMI GBGD	2025-03-25	380m/z-980m/z	150m/z-2000m/z	not available	not available	4
MOMI_QC_GBGD_P103_H12	Homo sapiens	blood plasma	not applicable	1	pooled	not available	not available	not available	not available	pooled	20250325_OA3_Evo02_ViAl_SA_FAIMS40_IO43_A556_MOMI_GBGD_P103_H12_R01	proteomic profiling by mass spectrometry	1	20250325_OA3_Evo02_ViAl_SA_FAIMS40_IO43_A556_MOMI_GBGD_P103_H12_R01.raw	v1.1.0	NT=ms-proteomics;VV=v1.1.0	NT=human;VV=v1.1.0	NT=dia-acquisition;VV=v1.1.0	NT=sdrf-skills;VV=v0.2.0	Data-independent acquisition	NT=Orbitrap Astral;AC=MS:1003378	NT=Trypsin;AC=MS:1001251	NT=Lys-C;AC=MS:1001309	label free sample	1	NT=HCD;AC=MS:1000422	25% NCE	10 ppm	10 ppm	NT=Dithiothreitol (DTT);AC=PRIDE:0000608	NT=Chloroacetamide (ClAA);AC=PRIDE:0000600	NT=Carbamidomethyl;AC=UNIMOD:4;TA=C;MT=Fixed	NT=Oxidation;AC=UNIMOD:35;TA=M;MT=Variable	NT=asymmetric track lossless time-of-flight analyzer;AC=MS:1003379	MOMI GBGD	2025-03-25	380m/z-980m/z	150m/z-2000m/z	not available	not available	4
MOMI_QC_GBGD_P104_E12	Homo sapiens	blood plasma	not applicable	1	pooled	not available	not available	not available	not available	pooled	20250325_OA3_Evo02_ViAl_SA_FAIMS40_IO43_A556_MOMI_GBGD_P104_E12_R01	proteomic profiling by mass spectrometry	1	20250325_OA3_Evo02_ViAl_SA_FAIMS40_IO43_A556_MOMI_GBGD_P104_E12_R01.raw	v1.1.0	NT=ms-proteomics;VV=v1.1.0	NT=human;VV=v1.1.0	NT=dia-acquisition;VV=v1.1.0	NT=sdrf-skills;VV=v0.2.0	Data-independent acquisition	NT=Orbitrap Astral;AC=MS:1003378	NT=Trypsin;AC=MS:1001251	NT=Lys-C;AC=MS:1001309	label free sample	1	NT=HCD;AC=MS:1000422	25% NCE	10 ppm	10 ppm	NT=Dithiothreitol (DTT);AC=PRIDE:0000608	NT=Chloroacetamide (ClAA);AC=PRIDE:0000600	NT=Carbamidomethyl;AC=UNIMOD:4;TA=C;MT=Fixed	NT=Oxidation;AC=UNIMOD:35;TA=M;MT=Variable	NT=asymmetric track lossless time-of-flight analyzer;AC=MS:1003379	MOMI GBGD	2025-03-25	380m/z-980m/z	150m/z-2000m/z	not available	not available	4
MOMI_QC_GBGD_P104_F12	Homo sapiens	blood plasma	not applicable	1	pooled	not available	not available	not available	not available	pooled	20250325_OA3_Evo02_ViAl_SA_FAIMS40_IO43_A556_MOMI_GBGD_P104_F12_R01	proteomic profiling by mass spectrometry	1	20250325_OA3_Evo02_ViAl_SA_FAIMS40_IO43_A556_MOMI_GBGD_P104_F12_R01.raw	v1.1.0	NT=ms-proteomics;VV=v1.1.0	NT=human;VV=v1.1.0	NT=dia-acquisition;VV=v1.1.0	NT=sdrf-skills;VV=v0.2.0	Data-independent acquisition	NT=Orbitrap Astral;AC=MS:1003378	NT=Trypsin;AC=MS:1001251	NT=Lys-C;AC=MS:1001309	label free sample	1	NT=HCD;AC=MS:1000422	25% NCE	10 ppm	10 ppm	NT=Dithiothreitol (DTT);AC=PRIDE:0000608	NT=Chloroacetamide (ClAA);AC=PRIDE:0000600	NT=Carbamidomethyl;AC=UNIMOD:4;TA=C;MT=Fixed	NT=Oxidation;AC=UNIMOD:35;TA=M;MT=Variable	NT=asymmetric track lossless time-of-flight analyzer;AC=MS:1003379	MOMI GBGD	2025-03-25	380m/z-980m/z	150m/z-2000m/z	not available	not available	4
MOMI_QC_GBGD_P104_G12	Homo sapiens	blood plasma	not applicable	1	pooled	not available	not available	not available	not available	pooled	20250325_OA3_Evo02_ViAl_SA_FAIMS40_IO43_A556_MOMI_GBGD_P104_G12_R01	proteomic profiling by mass spectrometry	1	20250325_OA3_Evo02_ViAl_SA_FAIMS40_IO43_A556_MOMI_GBGD_P104_G12_R01.raw	v1.1.0	NT=ms-proteomics;VV=v1.1.0	NT=human;VV=v1.1.0	NT=dia-acquisition;VV=v1.1.0	NT=sdrf-skills;VV=v0.2.0	Data-independent acquisition	NT=Orbitrap Astral;AC=MS:1003378	NT=Trypsin;AC=MS:1001251	NT=Lys-C;AC=MS:1001309	label free sample	1	NT=HCD;AC=MS:1000422	25% NCE	10 ppm	10 ppm	NT=Dithiothreitol (DTT);AC=PRIDE:0000608	NT=Chloroacetamide (ClAA);AC=PRIDE:0000600	NT=Carbamidomethyl;AC=UNIMOD:4;TA=C;MT=Fixed	NT=Oxidation;AC=UNIMOD:35;TA=M;MT=Variable	NT=asymmetric track lossless time-of-flight analyzer;AC=MS:1003379	MOMI GBGD	2025-03-25	380m/z-980m/z	150m/z-2000m/z	not available	not available	4
MOMI_QC_GBGD_P104_H12	Homo sapiens	blood plasma	not applicable	1	pooled	not available	not available	not available	not available	pooled	20250325_OA3_Evo02_ViAl_SA_FAIMS40_IO43_A556_MOMI_GBGD_P104_H12_R01	proteomic profiling by mass spectrometry	1	20250325_OA3_Evo02_ViAl_SA_FAIMS40_IO43_A556_MOMI_GBGD_P104_H12_R01.raw	v1.1.0	NT=ms-proteomics;VV=v1.1.0	NT=human;VV=v1.1.0	NT=dia-acquisition;VV=v1.1.0	NT=sdrf-skills;VV=v0.2.0	Data-independent acquisition	NT=Orbitrap Astral;AC=MS:1003378	NT=Trypsin;AC=MS:1001251	NT=Lys-C;AC=MS:1001309	label free sample	1	NT=HCD;AC=MS:1000422	25% NCE	10 ppm	10 ppm	NT=Dithiothreitol (DTT);AC=PRIDE:0000608	NT=Chloroacetamide (ClAA);AC=PRIDE:0000600	NT=Carbamidomethyl;AC=UNIMOD:4;TA=C;MT=Fixed	NT=Oxidation;AC=UNIMOD:35;TA=M;MT=Variable	NT=asymmetric track lossless time-of-flight analyzer;AC=MS:1003379	MOMI GBGD	2025-03-25	380m/z-980m/z	150m/z-2000m/z	not available	not available	4
MOMI_QC_GBGD_P105_E12	Homo sapiens	blood plasma	not applicable	1	pooled	not available	not available	not available	not available	pooled	20250325_OA3_Evo02_ViAl_SA_FAIMS40_IO43_A556_MOMI_GBGD_P105_E12_R01	proteomic profiling by mass spectrometry	1	20250325_OA3_Evo02_ViAl_SA_FAIMS40_IO43_A556_MOMI_GBGD_P105_E12_R01.raw	v1.1.0	NT=ms-proteomics;VV=v1.1.0	NT=human;VV=v1.1.0	NT=dia-acquisition;VV=v1.1.0	NT=sdrf-skills;VV=v0.2.0	Data-independent acquisition	NT=Orbitrap Astral;AC=MS:1003378	NT=Trypsin;AC=MS:1001251	NT=Lys-C;AC=MS:1001309	label free sample	1	NT=HCD;AC=MS:1000422	25% NCE	10 ppm	10 ppm	NT=Dithiothreitol (DTT);AC=PRIDE:0000608	NT=Chloroacetamide (ClAA);AC=PRIDE:0000600	NT=Carbamidomethyl;AC=UNIMOD:4;TA=C;MT=Fixed	NT=Oxidation;AC=UNIMOD:35;TA=M;MT=Variable	NT=asymmetric track lossless time-of-flight analyzer;AC=MS:1003379	MOMI GBGD	2025-03-25	380m/z-980m/z	150m/z-2000m/z	not available	not available	4
MOMI_QC_GBGD_P105_F12	Homo sapiens	blood plasma	not applicable	1	pooled	not available	not available	not available	not available	pooled	20250325_OA3_Evo02_ViAl_SA_FAIMS40_IO43_A556_MOMI_GBGD_P105_F12_R01	proteomic profiling by mass spectrometry	1	20250325_OA3_Evo02_ViAl_SA_FAIMS40_IO43_A556_MOMI_GBGD_P105_F12_R01.raw	v1.1.0	NT=ms-proteomics;VV=v1.1.0	NT=human;VV=v1.1.0	NT=dia-acquisition;VV=v1.1.0	NT=sdrf-skills;VV=v0.2.0	Data-independent acquisition	NT=Orbitrap Astral;AC=MS:1003378	NT=Trypsin;AC=MS:1001251	NT=Lys-C;AC=MS:1001309	label free sample	1	NT=HCD;AC=MS:1000422	25% NCE	10 ppm	10 ppm	NT=Dithiothreitol (DTT);AC=PRIDE:0000608	NT=Chloroacetamide (ClAA);AC=PRIDE:0000600	NT=Carbamidomethyl;AC=UNIMOD:4;TA=C;MT=Fixed	NT=Oxidation;AC=UNIMOD:35;TA=M;MT=Variable	NT=asymmetric track lossless time-of-flight analyzer;AC=MS:1003379	MOMI GBGD	2025-03-25	380m/z-980m/z	150m/z-2000m/z	not available	not available	4
MOMI_QC_GBGD_P105_G12	Homo sapiens	blood plasma	not applicable	1	pooled	not available	not available	not available	not available	pooled	20250325_OA3_Evo02_ViAl_SA_FAIMS40_IO43_A556_MOMI_GBGD_P105_G12_R01	proteomic profiling by mass spectrometry	1	20250325_OA3_Evo02_ViAl_SA_FAIMS40_IO43_A556_MOMI_GBGD_P105_G12_R01.raw	v1.1.0	NT=ms-proteomics;VV=v1.1.0	NT=human;VV=v1.1.0	NT=dia-acquisition;VV=v1.1.0	NT=sdrf-skills;VV=v0.2.0	Data-independent acquisition	NT=Orbitrap Astral;AC=MS:1003378	NT=Trypsin;AC=MS:1001251	NT=Lys-C;AC=MS:1001309	label free sample	1	NT=HCD;AC=MS:1000422	25% NCE	10 ppm	10 ppm	NT=Dithiothreitol (DTT);AC=PRIDE:0000608	NT=Chloroacetamide (ClAA);AC=PRIDE:0000600	NT=Carbamidomethyl;AC=UNIMOD:4;TA=C;MT=Fixed	NT=Oxidation;AC=UNIMOD:35;TA=M;MT=Variable	NT=asymmetric track lossless time-of-flight analyzer;AC=MS:1003379	MOMI GBGD	2025-03-25	380m/z-980m/z	150m/z-2000m/z	not available	not available	4
MOMI_QC_GBGD_P105_H12	Homo sapiens	blood plasma	not applicable	1	pooled	not available	not available	not available	not available	pooled	20250325_OA3_Evo02_ViAl_SA_FAIMS40_IO43_A556_MOMI_GBGD_P105_H12_R01	proteomic profiling by mass spectrometry	1	20250325_OA3_Evo02_ViAl_SA_FAIMS40_IO43_A556_MOMI_GBGD_P105_H12_R01.raw	v1.1.0	NT=ms-proteomics;VV=v1.1.0	NT=human;VV=v1.1.0	NT=dia-acquisition;VV=v1.1.0	NT=sdrf-skills;VV=v0.2.0	Data-independent acquisition	NT=Orbitrap Astral;AC=MS:1003378	NT=Trypsin;AC=MS:1001251	NT=Lys-C;AC=MS:1001309	label free sample	1	NT=HCD;AC=MS:1000422	25% NCE	10 ppm	10 ppm	NT=Dithiothreitol (DTT);AC=PRIDE:0000608	NT=Chloroacetamide (ClAA);AC=PRIDE:0000600	NT=Carbamidomethyl;AC=UNIMOD:4;TA=C;MT=Fixed	NT=Oxidation;AC=UNIMOD:35;TA=M;MT=Variable	NT=asymmetric track lossless time-of-flight analyzer;AC=MS:1003379	MOMI GBGD	2025-03-25	380m/z-980m/z	150m/z-2000m/z	not available	not available	4
MOMI_QC_GBGD_P106_E12	Homo sapiens	blood plasma	not applicable	1	pooled	not available	not available	not available	not available	pooled	20250325_OA3_Evo02_ViAl_SA_FAIMS40_IO43_A556_MOMI_GBGD_P106_E12_R01	proteomic profiling by mass spectrometry	1	20250325_OA3_Evo02_ViAl_SA_FAIMS40_IO43_A556_MOMI_GBGD_P106_E12_R01.raw	v1.1.0	NT=ms-proteomics;VV=v1.1.0	NT=human;VV=v1.1.0	NT=dia-acquisition;VV=v1.1.0	NT=sdrf-skills;VV=v0.2.0	Data-independent acquisition	NT=Orbitrap Astral;AC=MS:1003378	NT=Trypsin;AC=MS:1001251	NT=Lys-C;AC=MS:1001309	label free sample	1	NT=HCD;AC=MS:1000422	25% NCE	10 ppm	10 ppm	NT=Dithiothreitol (DTT);AC=PRIDE:0000608	NT=Chloroacetamide (ClAA);AC=PRIDE:0000600	NT=Carbamidomethyl;AC=UNIMOD:4;TA=C;MT=Fixed	NT=Oxidation;AC=UNIMOD:35;TA=M;MT=Variable	NT=asymmetric track lossless time-of-flight analyzer;AC=MS:1003379	MOMI GBGD	2025-03-25	380m/z-980m/z	150m/z-2000m/z	not available	not available	4
MOMI_QC_GBGD_P106_F12	Homo sapiens	blood plasma	not applicable	1	pooled	not available	not available	not available	not available	pooled	20250325_OA3_Evo02_ViAl_SA_FAIMS40_IO43_A556_MOMI_GBGD_P106_F12_R01	proteomic profiling by mass spectrometry	1	20250325_OA3_Evo02_ViAl_SA_FAIMS40_IO43_A556_MOMI_GBGD_P106_F12_R01.raw	v1.1.0	NT=ms-proteomics;VV=v1.1.0	NT=human;VV=v1.1.0	NT=dia-acquisition;VV=v1.1.0	NT=sdrf-skills;VV=v0.2.0	Data-independent acquisition	NT=Orbitrap Astral;AC=MS:1003378	NT=Trypsin;AC=MS:1001251	NT=Lys-C;AC=MS:1001309	label free sample	1	NT=HCD;AC=MS:1000422	25% NCE	10 ppm	10 ppm	NT=Dithiothreitol (DTT);AC=PRIDE:0000608	NT=Chloroacetamide (ClAA);AC=PRIDE:0000600	NT=Carbamidomethyl;AC=UNIMOD:4;TA=C;MT=Fixed	NT=Oxidation;AC=UNIMOD:35;TA=M;MT=Variable	NT=asymmetric track lossless time-of-flight analyzer;AC=MS:1003379	MOMI GBGD	2025-03-25	380m/z-980m/z	150m/z-2000m/z	not available	not available	4
MOMI_QC_GBGD_P106_G12	Homo sapiens	blood plasma	not applicable	1	pooled	not available	not available	not available	not available	pooled	20250325_OA3_Evo02_ViAl_SA_FAIMS40_IO43_A556_MOMI_GBGD_P106_G12_R01	proteomic profiling by mass spectrometry	1	20250325_OA3_Evo02_ViAl_SA_FAIMS40_IO43_A556_MOMI_GBGD_P106_G12_R01.raw	v1.1.0	NT=ms-proteomics;VV=v1.1.0	NT=human;VV=v1.1.0	NT=dia-acquisition;VV=v1.1.0	NT=sdrf-skills;VV=v0.2.0	Data-independent acquisition	NT=Orbitrap Astral;AC=MS:1003378	NT=Trypsin;AC=MS:1001251	NT=Lys-C;AC=MS:1001309	label free sample	1	NT=HCD;AC=MS:1000422	25% NCE	10 ppm	10 ppm	NT=Dithiothreitol (DTT);AC=PRIDE:0000608	NT=Chloroacetamide (ClAA);AC=PRIDE:0000600	NT=Carbamidomethyl;AC=UNIMOD:4;TA=C;MT=Fixed	NT=Oxidation;AC=UNIMOD:35;TA=M;MT=Variable	NT=asymmetric track lossless time-of-flight analyzer;AC=MS:1003379	MOMI GBGD	2025-03-25	380m/z-980m/z	150m/z-2000m/z	not available	not available	4
MOMI_QC_GBGD_P106_H12	Homo sapiens	blood plasma	not applicable	1	pooled	not available	not available	not available	not available	pooled	20250325_OA3_Evo02_ViAl_SA_FAIMS40_IO43_A556_MOMI_GBGD_P106_H12_R01	proteomic profiling by mass spectrometry	1	20250325_OA3_Evo02_ViAl_SA_FAIMS40_IO43_A556_MOMI_GBGD_P106_H12_R01.raw	v1.1.0	NT=ms-proteomics;VV=v1.1.0	NT=human;VV=v1.1.0	NT=dia-acquisition;VV=v1.1.0	NT=sdrf-skills;VV=v0.2.0	Data-independent acquisition	NT=Orbitrap Astral;AC=MS:1003378	NT=Trypsin;AC=MS:1001251	NT=Lys-C;AC=MS:1001309	label free sample	1	NT=HCD;AC=MS:1000422	25% NCE	10 ppm	10 ppm	NT=Dithiothreitol (DTT);AC=PRIDE:0000608	NT=Chloroacetamide (ClAA);AC=PRIDE:0000600	NT=Carbamidomethyl;AC=UNIMOD:4;TA=C;MT=Fixed	NT=Oxidation;AC=UNIMOD:35;TA=M;MT=Variable	NT=asymmetric track lossless time-of-flight analyzer;AC=MS:1003379	MOMI GBGD	2025-03-25	380m/z-980m/z	150m/z-2000m/z	not available	not available	4
MOMI_QC_GBGD_P107_E12	Homo sapiens	blood plasma	not applicable	1	pooled	not available	not available	not available	not available	pooled	20250325_OA3_Evo02_ViAl_SA_FAIMS40_IO43_A556_MOMI_GBGD_P107_E12_R01	proteomic profiling by mass spectrometry	1	20250325_OA3_Evo02_ViAl_SA_FAIMS40_IO43_A556_MOMI_GBGD_P107_E12_R01.raw	v1.1.0	NT=ms-proteomics;VV=v1.1.0	NT=human;VV=v1.1.0	NT=dia-acquisition;VV=v1.1.0	NT=sdrf-skills;VV=v0.2.0	Data-independent acquisition	NT=Orbitrap Astral;AC=MS:1003378	NT=Trypsin;AC=MS:1001251	NT=Lys-C;AC=MS:1001309	label free sample	1	NT=HCD;AC=MS:1000422	25% NCE	10 ppm	10 ppm	NT=Dithiothreitol (DTT);AC=PRIDE:0000608	NT=Chloroacetamide (ClAA);AC=PRIDE:0000600	NT=Carbamidomethyl;AC=UNIMOD:4;TA=C;MT=Fixed	NT=Oxidation;AC=UNIMOD:35;TA=M;MT=Variable	NT=asymmetric track lossless time-of-flight analyzer;AC=MS:1003379	MOMI GBGD	2025-03-25	380m/z-980m/z	150m/z-2000m/z	not available	not available	4
MOMI_QC_GBGD_P107_F12	Homo sapiens	blood plasma	not applicable	1	pooled	not available	not available	not available	not available	pooled	20250325_OA3_Evo02_ViAl_SA_FAIMS40_IO43_A556_MOMI_GBGD_P107_F12_R01	proteomic profiling by mass spectrometry	1	20250325_OA3_Evo02_ViAl_SA_FAIMS40_IO43_A556_MOMI_GBGD_P107_F12_R01.raw	v1.1.0	NT=ms-proteomics;VV=v1.1.0	NT=human;VV=v1.1.0	NT=dia-acquisition;VV=v1.1.0	NT=sdrf-skills;VV=v0.2.0	Data-independent acquisition	NT=Orbitrap Astral;AC=MS:1003378	NT=Trypsin;AC=MS:1001251	NT=Lys-C;AC=MS:1001309	label free sample	1	NT=HCD;AC=MS:1000422	25% NCE	10 ppm	10 ppm	NT=Dithiothreitol (DTT);AC=PRIDE:0000608	NT=Chloroacetamide (ClAA);AC=PRIDE:0000600	NT=Carbamidomethyl;AC=UNIMOD:4;TA=C;MT=Fixed	NT=Oxidation;AC=UNIMOD:35;TA=M;MT=Variable	NT=asymmetric track lossless time-of-flight analyzer;AC=MS:1003379	MOMI GBGD	2025-03-25	380m/z-980m/z	150m/z-2000m/z	not available	not available	4
MOMI_QC_GBGD_P107_G12	Homo sapiens	blood plasma	not applicable	1	pooled	not available	not available	not available	not available	pooled	20250325_OA3_Evo02_ViAl_SA_FAIMS40_IO43_A556_MOMI_GBGD_P107_G12_R01	proteomic profiling by mass spectrometry	1	20250325_OA3_Evo02_ViAl_SA_FAIMS40_IO43_A556_MOMI_GBGD_P107_G12_R01.raw	v1.1.0	NT=ms-proteomics;VV=v1.1.0	NT=human;VV=v1.1.0	NT=dia-acquisition;VV=v1.1.0	NT=sdrf-skills;VV=v0.2.0	Data-independent acquisition	NT=Orbitrap Astral;AC=MS:1003378	NT=Trypsin;AC=MS:1001251	NT=Lys-C;AC=MS:1001309	label free sample	1	NT=HCD;AC=MS:1000422	25% NCE	10 ppm	10 ppm	NT=Dithiothreitol (DTT);AC=PRIDE:0000608	NT=Chloroacetamide (ClAA);AC=PRIDE:0000600	NT=Carbamidomethyl;AC=UNIMOD:4;TA=C;MT=Fixed	NT=Oxidation;AC=UNIMOD:35;TA=M;MT=Variable	NT=asymmetric track lossless time-of-flight analyzer;AC=MS:1003379	MOMI GBGD	2025-03-25	380m/z-980m/z	150m/z-2000m/z	not available	not available	4
MOMI_QC_GBGD_P107_H12	Homo sapiens	blood plasma	not applicable	1	pooled	not available	not available	not available	not available	pooled	20250325_OA3_Evo02_ViAl_SA_FAIMS40_IO43_A556_MOMI_GBGD_P107_H12_R01	proteomic profiling by mass spectrometry	1	20250325_OA3_Evo02_ViAl_SA_FAIMS40_IO43_A556_MOMI_GBGD_P107_H12_R01.raw	v1.1.0	NT=ms-proteomics;VV=v1.1.0	NT=human;VV=v1.1.0	NT=dia-acquisition;VV=v1.1.0	NT=sdrf-skills;VV=v0.2.0	Data-independent acquisition	NT=Orbitrap Astral;AC=MS:1003378	NT=Trypsin;AC=MS:1001251	NT=Lys-C;AC=MS:1001309	label free sample	1	NT=HCD;AC=MS:1000422	25% NCE	10 ppm	10 ppm	NT=Dithiothreitol (DTT);AC=PRIDE:0000608	NT=Chloroacetamide (ClAA);AC=PRIDE:0000600	NT=Carbamidomethyl;AC=UNIMOD:4;TA=C;MT=Fixed	NT=Oxidation;AC=UNIMOD:35;TA=M;MT=Variable	NT=asymmetric track lossless time-of-flight analyzer;AC=MS:1003379	MOMI GBGD	2025-03-25	380m/z-980m/z	150m/z-2000m/z	not available	not available	4
MOMI_QC_GBGD_P108_E12	Homo sapiens	blood plasma	not applicable	1	pooled	not available	not available	not available	not available	pooled	20250325_OA3_Evo02_ViAl_SA_FAIMS40_IO43_A556_MOMI_GBGD_P108_E12_R01	proteomic profiling by mass spectrometry	1	20250325_OA3_Evo02_ViAl_SA_FAIMS40_IO43_A556_MOMI_GBGD_P108_E12_R01.raw	v1.1.0	NT=ms-proteomics;VV=v1.1.0	NT=human;VV=v1.1.0	NT=dia-acquisition;VV=v1.1.0	NT=sdrf-skills;VV=v0.2.0	Data-independent acquisition	NT=Orbitrap Astral;AC=MS:1003378	NT=Trypsin;AC=MS:1001251	NT=Lys-C;AC=MS:1001309	label free sample	1	NT=HCD;AC=MS:1000422	25% NCE	10 ppm	10 ppm	NT=Dithiothreitol (DTT);AC=PRIDE:0000608	NT=Chloroacetamide (ClAA);AC=PRIDE:0000600	NT=Carbamidomethyl;AC=UNIMOD:4;TA=C;MT=Fixed	NT=Oxidation;AC=UNIMOD:35;TA=M;MT=Variable	NT=asymmetric track lossless time-of-flight analyzer;AC=MS:1003379	MOMI GBGD	2025-03-25	380m/z-980m/z	150m/z-2000m/z	not available	not available	4
MOMI_QC_GBGD_P108_F12	Homo sapiens	blood plasma	not applicable	1	pooled	not available	not available	not available	not available	pooled	20250325_OA3_Evo02_ViAl_SA_FAIMS40_IO43_A556_MOMI_GBGD_P108_F12_R01	proteomic profiling by mass spectrometry	1	20250325_OA3_Evo02_ViAl_SA_FAIMS40_IO43_A556_MOMI_GBGD_P108_F12_R01.raw	v1.1.0	NT=ms-proteomics;VV=v1.1.0	NT=human;VV=v1.1.0	NT=dia-acquisition;VV=v1.1.0	NT=sdrf-skills;VV=v0.2.0	Data-independent acquisition	NT=Orbitrap Astral;AC=MS:1003378	NT=Trypsin;AC=MS:1001251	NT=Lys-C;AC=MS:1001309	label free sample	1	NT=HCD;AC=MS:1000422	25% NCE	10 ppm	10 ppm	NT=Dithiothreitol (DTT);AC=PRIDE:0000608	NT=Chloroacetamide (ClAA);AC=PRIDE:0000600	NT=Carbamidomethyl;AC=UNIMOD:4;TA=C;MT=Fixed	NT=Oxidation;AC=UNIMOD:35;TA=M;MT=Variable	NT=asymmetric track lossless time-of-flight analyzer;AC=MS:1003379	MOMI GBGD	2025-03-25	380m/z-980m/z	150m/z-2000m/z	not available	not available	4
MOMI_QC_GBGD_P108_G12	Homo sapiens	blood plasma	not applicable	1	pooled	not available	not available	not available	not available	pooled	20250325_OA3_Evo02_ViAl_SA_FAIMS40_IO43_A556_MOMI_GBGD_P108_G12_R01	proteomic profiling by mass spectrometry	1	20250325_OA3_Evo02_ViAl_SA_FAIMS40_IO43_A556_MOMI_GBGD_P108_G12_R01.raw	v1.1.0	NT=ms-proteomics;VV=v1.1.0	NT=human;VV=v1.1.0	NT=dia-acquisition;VV=v1.1.0	NT=sdrf-skills;VV=v0.2.0	Data-independent acquisition	NT=Orbitrap Astral;AC=MS:1003378	NT=Trypsin;AC=MS:1001251	NT=Lys-C;AC=MS:1001309	label free sample	1	NT=HCD;AC=MS:1000422	25% NCE	10 ppm	10 ppm	NT=Dithiothreitol (DTT);AC=PRIDE:0000608	NT=Chloroacetamide (ClAA);AC=PRIDE:0000600	NT=Carbamidomethyl;AC=UNIMOD:4;TA=C;MT=Fixed	NT=Oxidation;AC=UNIMOD:35;TA=M;MT=Variable	NT=asymmetric track lossless time-of-flight analyzer;AC=MS:1003379	MOMI GBGD	2025-03-25	380m/z-980m/z	150m/z-2000m/z	not available	not available	4
MOMI_QC_GBGD_P108_H12	Homo sapiens	blood plasma	not applicable	1	pooled	not available	not available	not available	not available	pooled	20250325_OA3_Evo02_ViAl_SA_FAIMS40_IO43_A556_MOMI_GBGD_P108_H12_R01	proteomic profiling by mass spectrometry	1	20250325_OA3_Evo02_ViAl_SA_FAIMS40_IO43_A556_MOMI_GBGD_P108_H12_R01.raw	v1.1.0	NT=ms-proteomics;VV=v1.1.0	NT=human;VV=v1.1.0	NT=dia-acquisition;VV=v1.1.0	NT=sdrf-skills;VV=v0.2.0	Data-independent acquisition	NT=Orbitrap Astral;AC=MS:1003378	NT=Trypsin;AC=MS:1001251	NT=Lys-C;AC=MS:1001309	label free sample	1	NT=HCD;AC=MS:1000422	25% NCE	10 ppm	10 ppm	NT=Dithiothreitol (DTT);AC=PRIDE:0000608	NT=Chloroacetamide (ClAA);AC=PRIDE:0000600	NT=Carbamidomethyl;AC=UNIMOD:4;TA=C;MT=Fixed	NT=Oxidation;AC=UNIMOD:35;TA=M;MT=Variable	NT=asymmetric track lossless time-of-flight analyzer;AC=MS:1003379	MOMI GBGD	2025-03-25	380m/z-980m/z	150m/z-2000m/z	not available	not available	4
MOMI_QC_GBGD_P109_E12	Homo sapiens	blood plasma	not applicable	1	pooled	not available	not available	not available	not available	pooled	20250403_OA3_Evo07_ViAl_SA_FAIMS40_IO44_A556_MOMI_GBGD_P109_E12_R01	proteomic profiling by mass spectrometry	1	20250403_OA3_Evo07_ViAl_SA_FAIMS40_IO44_A556_MOMI_GBGD_P109_E12_R01.raw	v1.1.0	NT=ms-proteomics;VV=v1.1.0	NT=human;VV=v1.1.0	NT=dia-acquisition;VV=v1.1.0	NT=sdrf-skills;VV=v0.2.0	Data-independent acquisition	NT=Orbitrap Astral;AC=MS:1003378	NT=Trypsin;AC=MS:1001251	NT=Lys-C;AC=MS:1001309	label free sample	1	NT=HCD;AC=MS:1000422	25% NCE	10 ppm	10 ppm	NT=Dithiothreitol (DTT);AC=PRIDE:0000608	NT=Chloroacetamide (ClAA);AC=PRIDE:0000600	NT=Carbamidomethyl;AC=UNIMOD:4;TA=C;MT=Fixed	NT=Oxidation;AC=UNIMOD:35;TA=M;MT=Variable	NT=asymmetric track lossless time-of-flight analyzer;AC=MS:1003379	MOMI GBGD	2025-04-03	380m/z-980m/z	150m/z-2000m/z	not available	not available	4
MOMI_QC_GBGD_P109_F12	Homo sapiens	blood plasma	not applicable	1	pooled	not available	not available	not available	not available	pooled	20250403_OA3_Evo07_ViAl_SA_FAIMS40_IO44_A556_MOMI_GBGD_P109_F12_R01	proteomic profiling by mass spectrometry	1	20250403_OA3_Evo07_ViAl_SA_FAIMS40_IO44_A556_MOMI_GBGD_P109_F12_R01.raw	v1.1.0	NT=ms-proteomics;VV=v1.1.0	NT=human;VV=v1.1.0	NT=dia-acquisition;VV=v1.1.0	NT=sdrf-skills;VV=v0.2.0	Data-independent acquisition	NT=Orbitrap Astral;AC=MS:1003378	NT=Trypsin;AC=MS:1001251	NT=Lys-C;AC=MS:1001309	label free sample	1	NT=HCD;AC=MS:1000422	25% NCE	10 ppm	10 ppm	NT=Dithiothreitol (DTT);AC=PRIDE:0000608	NT=Chloroacetamide (ClAA);AC=PRIDE:0000600	NT=Carbamidomethyl;AC=UNIMOD:4;TA=C;MT=Fixed	NT=Oxidation;AC=UNIMOD:35;TA=M;MT=Variable	NT=asymmetric track lossless time-of-flight analyzer;AC=MS:1003379	MOMI GBGD	2025-04-03	380m/z-980m/z	150m/z-2000m/z	not available	not available	4
MOMI_QC_GBGD_P109_G12	Homo sapiens	blood plasma	not applicable	1	pooled	not available	not available	not available	not available	pooled	20250403_OA3_Evo07_ViAl_SA_FAIMS40_IO44_A556_MOMI_GBGD_P109_G12_R01	proteomic profiling by mass spectrometry	1	20250403_OA3_Evo07_ViAl_SA_FAIMS40_IO44_A556_MOMI_GBGD_P109_G12_R01.raw	v1.1.0	NT=ms-proteomics;VV=v1.1.0	NT=human;VV=v1.1.0	NT=dia-acquisition;VV=v1.1.0	NT=sdrf-skills;VV=v0.2.0	Data-independent acquisition	NT=Orbitrap Astral;AC=MS:1003378	NT=Trypsin;AC=MS:1001251	NT=Lys-C;AC=MS:1001309	label free sample	1	NT=HCD;AC=MS:1000422	25% NCE	10 ppm	10 ppm	NT=Dithiothreitol (DTT);AC=PRIDE:0000608	NT=Chloroacetamide (ClAA);AC=PRIDE:0000600	NT=Carbamidomethyl;AC=UNIMOD:4;TA=C;MT=Fixed	NT=Oxidation;AC=UNIMOD:35;TA=M;MT=Variable	NT=asymmetric track lossless time-of-flight analyzer;AC=MS:1003379	MOMI GBGD	2025-04-03	380m/z-980m/z	150m/z-2000m/z	not available	not available	4
MOMI_QC_GBGD_P109_H12	Homo sapiens	blood plasma	not applicable	1	pooled	not available	not available	not available	not available	pooled	20250403_OA3_Evo07_ViAl_SA_FAIMS40_IO44_A556_MOMI_GBGD_P109_H12_R01	proteomic profiling by mass spectrometry	1	20250403_OA3_Evo07_ViAl_SA_FAIMS40_IO44_A556_MOMI_GBGD_P109_H12_R01.raw	v1.1.0	NT=ms-proteomics;VV=v1.1.0	NT=human;VV=v1.1.0	NT=dia-acquisition;VV=v1.1.0	NT=sdrf-skills;VV=v0.2.0	Data-independent acquisition	NT=Orbitrap Astral;AC=MS:1003378	NT=Trypsin;AC=MS:1001251	NT=Lys-C;AC=MS:1001309	label free sample	1	NT=HCD;AC=MS:1000422	25% NCE	10 ppm	10 ppm	NT=Dithiothreitol (DTT);AC=PRIDE:0000608	NT=Chloroacetamide (ClAA);AC=PRIDE:0000600	NT=Carbamidomethyl;AC=UNIMOD:4;TA=C;MT=Fixed	NT=Oxidation;AC=UNIMOD:35;TA=M;MT=Variable	NT=asymmetric track lossless time-of-flight analyzer;AC=MS:1003379	MOMI GBGD	2025-04-03	380m/z-980m/z	150m/z-2000m/z	not available	not available	4
MOMI_QC_GBGD_P110_E12	Homo sapiens	blood plasma	not applicable	1	pooled	not available	not available	not available	not available	pooled	20250403_OA3_Evo07_ViAl_SA_FAIMS40_IO44_A556_MOMI_GBGD_P110_E12_R01	proteomic profiling by mass spectrometry	1	20250403_OA3_Evo07_ViAl_SA_FAIMS40_IO44_A556_MOMI_GBGD_P110_E12_R01.raw	v1.1.0	NT=ms-proteomics;VV=v1.1.0	NT=human;VV=v1.1.0	NT=dia-acquisition;VV=v1.1.0	NT=sdrf-skills;VV=v0.2.0	Data-independent acquisition	NT=Orbitrap Astral;AC=MS:1003378	NT=Trypsin;AC=MS:1001251	NT=Lys-C;AC=MS:1001309	label free sample	1	NT=HCD;AC=MS:1000422	25% NCE	10 ppm	10 ppm	NT=Dithiothreitol (DTT);AC=PRIDE:0000608	NT=Chloroacetamide (ClAA);AC=PRIDE:0000600	NT=Carbamidomethyl;AC=UNIMOD:4;TA=C;MT=Fixed	NT=Oxidation;AC=UNIMOD:35;TA=M;MT=Variable	NT=asymmetric track lossless time-of-flight analyzer;AC=MS:1003379	MOMI GBGD	2025-04-03	380m/z-980m/z	150m/z-2000m/z	not available	not available	4
MOMI_QC_GBGD_P110_F12	Homo sapiens	blood plasma	not applicable	1	pooled	not available	not available	not available	not available	pooled	20250403_OA3_Evo07_ViAl_SA_FAIMS40_IO44_A556_MOMI_GBGD_P110_F12_R01	proteomic profiling by mass spectrometry	1	20250403_OA3_Evo07_ViAl_SA_FAIMS40_IO44_A556_MOMI_GBGD_P110_F12_R01.raw	v1.1.0	NT=ms-proteomics;VV=v1.1.0	NT=human;VV=v1.1.0	NT=dia-acquisition;VV=v1.1.0	NT=sdrf-skills;VV=v0.2.0	Data-independent acquisition	NT=Orbitrap Astral;AC=MS:1003378	NT=Trypsin;AC=MS:1001251	NT=Lys-C;AC=MS:1001309	label free sample	1	NT=HCD;AC=MS:1000422	25% NCE	10 ppm	10 ppm	NT=Dithiothreitol (DTT);AC=PRIDE:0000608	NT=Chloroacetamide (ClAA);AC=PRIDE:0000600	NT=Carbamidomethyl;AC=UNIMOD:4;TA=C;MT=Fixed	NT=Oxidation;AC=UNIMOD:35;TA=M;MT=Variable	NT=asymmetric track lossless time-of-flight analyzer;AC=MS:1003379	MOMI GBGD	2025-04-03	380m/z-980m/z	150m/z-2000m/z	not available	not available	4
MOMI_QC_GBGD_P110_G12	Homo sapiens	blood plasma	not applicable	1	pooled	not available	not available	not available	not available	pooled	20250403_OA3_Evo07_ViAl_SA_FAIMS40_IO44_A556_MOMI_GBGD_P110_G12_R01	proteomic profiling by mass spectrometry	1	20250403_OA3_Evo07_ViAl_SA_FAIMS40_IO44_A556_MOMI_GBGD_P110_G12_R01.raw	v1.1.0	NT=ms-proteomics;VV=v1.1.0	NT=human;VV=v1.1.0	NT=dia-acquisition;VV=v1.1.0	NT=sdrf-skills;VV=v0.2.0	Data-independent acquisition	NT=Orbitrap Astral;AC=MS:1003378	NT=Trypsin;AC=MS:1001251	NT=Lys-C;AC=MS:1001309	label free sample	1	NT=HCD;AC=MS:1000422	25% NCE	10 ppm	10 ppm	NT=Dithiothreitol (DTT);AC=PRIDE:0000608	NT=Chloroacetamide (ClAA);AC=PRIDE:0000600	NT=Carbamidomethyl;AC=UNIMOD:4;TA=C;MT=Fixed	NT=Oxidation;AC=UNIMOD:35;TA=M;MT=Variable	NT=asymmetric track lossless time-of-flight analyzer;AC=MS:1003379	MOMI GBGD	2025-04-03	380m/z-980m/z	150m/z-2000m/z	not available	not available	4
MOMI_QC_GBGD_P110_H12	Homo sapiens	blood plasma	not applicable	1	pooled	not available	not available	not available	not available	pooled	20250403_OA3_Evo07_ViAl_SA_FAIMS40_IO44_A556_MOMI_GBGD_P110_H12_R01	proteomic profiling by mass spectrometry	1	20250403_OA3_Evo07_ViAl_SA_FAIMS40_IO44_A556_MOMI_GBGD_P110_H12_R01.raw	v1.1.0	NT=ms-proteomics;VV=v1.1.0	NT=human;VV=v1.1.0	NT=dia-acquisition;VV=v1.1.0	NT=sdrf-skills;VV=v0.2.0	Data-independent acquisition	NT=Orbitrap Astral;AC=MS:1003378	NT=Trypsin;AC=MS:1001251	NT=Lys-C;AC=MS:1001309	label free sample	1	NT=HCD;AC=MS:1000422	25% NCE	10 ppm	10 ppm	NT=Dithiothreitol (DTT);AC=PRIDE:0000608	NT=Chloroacetamide (ClAA);AC=PRIDE:0000600	NT=Carbamidomethyl;AC=UNIMOD:4;TA=C;MT=Fixed	NT=Oxidation;AC=UNIMOD:35;TA=M;MT=Variable	NT=asymmetric track lossless time-of-flight analyzer;AC=MS:1003379	MOMI GBGD	2025-04-03	380m/z-980m/z	150m/z-2000m/z	not available	not available	4
MOMI_QC_GBGD_P111_E12	Homo sapiens	blood plasma	not applicable	1	pooled	not available	not available	not available	not available	pooled	20250403_OA3_Evo07_ViAl_SA_FAIMS40_IO44_A556_MOMI_GBGD_P111_E12_R01	proteomic profiling by mass spectrometry	1	20250403_OA3_Evo07_ViAl_SA_FAIMS40_IO44_A556_MOMI_GBGD_P111_E12_R01.raw	v1.1.0	NT=ms-proteomics;VV=v1.1.0	NT=human;VV=v1.1.0	NT=dia-acquisition;VV=v1.1.0	NT=sdrf-skills;VV=v0.2.0	Data-independent acquisition	NT=Orbitrap Astral;AC=MS:1003378	NT=Trypsin;AC=MS:1001251	NT=Lys-C;AC=MS:1001309	label free sample	1	NT=HCD;AC=MS:1000422	25% NCE	10 ppm	10 ppm	NT=Dithiothreitol (DTT);AC=PRIDE:0000608	NT=Chloroacetamide (ClAA);AC=PRIDE:0000600	NT=Carbamidomethyl;AC=UNIMOD:4;TA=C;MT=Fixed	NT=Oxidation;AC=UNIMOD:35;TA=M;MT=Variable	NT=asymmetric track lossless time-of-flight analyzer;AC=MS:1003379	MOMI GBGD	2025-04-03	380m/z-980m/z	150m/z-2000m/z	not available	not available	4
MOMI_QC_GBGD_P111_F12	Homo sapiens	blood plasma	not applicable	1	pooled	not available	not available	not available	not available	pooled	20250403_OA3_Evo07_ViAl_SA_FAIMS40_IO44_A556_MOMI_GBGD_P111_F12_R01	proteomic profiling by mass spectrometry	1	20250403_OA3_Evo07_ViAl_SA_FAIMS40_IO44_A556_MOMI_GBGD_P111_F12_R01.raw	v1.1.0	NT=ms-proteomics;VV=v1.1.0	NT=human;VV=v1.1.0	NT=dia-acquisition;VV=v1.1.0	NT=sdrf-skills;VV=v0.2.0	Data-independent acquisition	NT=Orbitrap Astral;AC=MS:1003378	NT=Trypsin;AC=MS:1001251	NT=Lys-C;AC=MS:1001309	label free sample	1	NT=HCD;AC=MS:1000422	25% NCE	10 ppm	10 ppm	NT=Dithiothreitol (DTT);AC=PRIDE:0000608	NT=Chloroacetamide (ClAA);AC=PRIDE:0000600	NT=Carbamidomethyl;AC=UNIMOD:4;TA=C;MT=Fixed	NT=Oxidation;AC=UNIMOD:35;TA=M;MT=Variable	NT=asymmetric track lossless time-of-flight analyzer;AC=MS:1003379	MOMI GBGD	2025-04-03	380m/z-980m/z	150m/z-2000m/z	not available	not available	4
MOMI_QC_GBGD_P111_G12	Homo sapiens	blood plasma	not applicable	1	pooled	not available	not available	not available	not available	pooled	20250403_OA3_Evo07_ViAl_SA_FAIMS40_IO44_A556_MOMI_GBGD_P111_G12_R01	proteomic profiling by mass spectrometry	1	20250403_OA3_Evo07_ViAl_SA_FAIMS40_IO44_A556_MOMI_GBGD_P111_G12_R01.raw	v1.1.0	NT=ms-proteomics;VV=v1.1.0	NT=human;VV=v1.1.0	NT=dia-acquisition;VV=v1.1.0	NT=sdrf-skills;VV=v0.2.0	Data-independent acquisition	NT=Orbitrap Astral;AC=MS:1003378	NT=Trypsin;AC=MS:1001251	NT=Lys-C;AC=MS:1001309	label free sample	1	NT=HCD;AC=MS:1000422	25% NCE	10 ppm	10 ppm	NT=Dithiothreitol (DTT);AC=PRIDE:0000608	NT=Chloroacetamide (ClAA);AC=PRIDE:0000600	NT=Carbamidomethyl;AC=UNIMOD:4;TA=C;MT=Fixed	NT=Oxidation;AC=UNIMOD:35;TA=M;MT=Variable	NT=asymmetric track lossless time-of-flight analyzer;AC=MS:1003379	MOMI GBGD	2025-04-03	380m/z-980m/z	150m/z-2000m/z	not available	not available	4
MOMI_QC_GBGD_P111_H12	Homo sapiens	blood plasma	not applicable	1	pooled	not available	not available	not available	not available	pooled	20250403_OA3_Evo07_ViAl_SA_FAIMS40_IO44_A556_MOMI_GBGD_P111_H12_R01	proteomic profiling by mass spectrometry	1	20250403_OA3_Evo07_ViAl_SA_FAIMS40_IO44_A556_MOMI_GBGD_P111_H12_R01.raw	v1.1.0	NT=ms-proteomics;VV=v1.1.0	NT=human;VV=v1.1.0	NT=dia-acquisition;VV=v1.1.0	NT=sdrf-skills;VV=v0.2.0	Data-independent acquisition	NT=Orbitrap Astral;AC=MS:1003378	NT=Trypsin;AC=MS:1001251	NT=Lys-C;AC=MS:1001309	label free sample	1	NT=HCD;AC=MS:1000422	25% NCE	10 ppm	10 ppm	NT=Dithiothreitol (DTT);AC=PRIDE:0000608	NT=Chloroacetamide (ClAA);AC=PRIDE:0000600	NT=Carbamidomethyl;AC=UNIMOD:4;TA=C;MT=Fixed	NT=Oxidation;AC=UNIMOD:35;TA=M;MT=Variable	NT=asymmetric track lossless time-of-flight analyzer;AC=MS:1003379	MOMI GBGD	2025-04-03	380m/z-980m/z	150m/z-2000m/z	not available	not available	4
MOMI_QC_GBGD_P112_E12	Homo sapiens	blood plasma	not applicable	1	pooled	not available	not available	not available	not available	pooled	20250403_OA3_Evo07_ViAl_SA_FAIMS40_IO44_A556_MOMI_GBGD_P112_E12_R01	proteomic profiling by mass spectrometry	1	20250403_OA3_Evo07_ViAl_SA_FAIMS40_IO44_A556_MOMI_GBGD_P112_E12_R01.raw	v1.1.0	NT=ms-proteomics;VV=v1.1.0	NT=human;VV=v1.1.0	NT=dia-acquisition;VV=v1.1.0	NT=sdrf-skills;VV=v0.2.0	Data-independent acquisition	NT=Orbitrap Astral;AC=MS:1003378	NT=Trypsin;AC=MS:1001251	NT=Lys-C;AC=MS:1001309	label free sample	1	NT=HCD;AC=MS:1000422	25% NCE	10 ppm	10 ppm	NT=Dithiothreitol (DTT);AC=PRIDE:0000608	NT=Chloroacetamide (ClAA);AC=PRIDE:0000600	NT=Carbamidomethyl;AC=UNIMOD:4;TA=C;MT=Fixed	NT=Oxidation;AC=UNIMOD:35;TA=M;MT=Variable	NT=asymmetric track lossless time-of-flight analyzer;AC=MS:1003379	MOMI GBGD	2025-04-03	380m/z-980m/z	150m/z-2000m/z	not available	not available	4
MOMI_QC_GBGD_P112_F12	Homo sapiens	blood plasma	not applicable	1	pooled	not available	not available	not available	not available	pooled	20250403_OA3_Evo07_ViAl_SA_FAIMS40_IO44_A556_MOMI_GBGD_P112_F12_R01	proteomic profiling by mass spectrometry	1	20250403_OA3_Evo07_ViAl_SA_FAIMS40_IO44_A556_MOMI_GBGD_P112_F12_R01.raw	v1.1.0	NT=ms-proteomics;VV=v1.1.0	NT=human;VV=v1.1.0	NT=dia-acquisition;VV=v1.1.0	NT=sdrf-skills;VV=v0.2.0	Data-independent acquisition	NT=Orbitrap Astral;AC=MS:1003378	NT=Trypsin;AC=MS:1001251	NT=Lys-C;AC=MS:1001309	label free sample	1	NT=HCD;AC=MS:1000422	25% NCE	10 ppm	10 ppm	NT=Dithiothreitol (DTT);AC=PRIDE:0000608	NT=Chloroacetamide (ClAA);AC=PRIDE:0000600	NT=Carbamidomethyl;AC=UNIMOD:4;TA=C;MT=Fixed	NT=Oxidation;AC=UNIMOD:35;TA=M;MT=Variable	NT=asymmetric track lossless time-of-flight analyzer;AC=MS:1003379	MOMI GBGD	2025-04-03	380m/z-980m/z	150m/z-2000m/z	not available	not available	4
MOMI_QC_GBGD_P112_G12	Homo sapiens	blood plasma	not applicable	1	pooled	not available	not available	not available	not available	pooled	20250403_OA3_Evo07_ViAl_SA_FAIMS40_IO44_A556_MOMI_GBGD_P112_G12_R01	proteomic profiling by mass spectrometry	1	20250403_OA3_Evo07_ViAl_SA_FAIMS40_IO44_A556_MOMI_GBGD_P112_G12_R01.raw	v1.1.0	NT=ms-proteomics;VV=v1.1.0	NT=human;VV=v1.1.0	NT=dia-acquisition;VV=v1.1.0	NT=sdrf-skills;VV=v0.2.0	Data-independent acquisition	NT=Orbitrap Astral;AC=MS:1003378	NT=Trypsin;AC=MS:1001251	NT=Lys-C;AC=MS:1001309	label free sample	1	NT=HCD;AC=MS:1000422	25% NCE	10 ppm	10 ppm	NT=Dithiothreitol (DTT);AC=PRIDE:0000608	NT=Chloroacetamide (ClAA);AC=PRIDE:0000600	NT=Carbamidomethyl;AC=UNIMOD:4;TA=C;MT=Fixed	NT=Oxidation;AC=UNIMOD:35;TA=M;MT=Variable	NT=asymmetric track lossless time-of-flight analyzer;AC=MS:1003379	MOMI GBGD	2025-04-03	380m/z-980m/z	150m/z-2000m/z	not available	not available	4
MOMI_QC_GBGD_P112_H12	Homo sapiens	blood plasma	not applicable	1	pooled	not available	not available	not available	not available	pooled	20250403_OA3_Evo07_ViAl_SA_FAIMS40_IO44_A556_MOMI_GBGD_P112_H12_R01	proteomic profiling by mass spectrometry	1	20250403_OA3_Evo07_ViAl_SA_FAIMS40_IO44_A556_MOMI_GBGD_P112_H12_R01.raw	v1.1.0	NT=ms-proteomics;VV=v1.1.0	NT=human;VV=v1.1.0	NT=dia-acquisition;VV=v1.1.0	NT=sdrf-skills;VV=v0.2.0	Data-independent acquisition	NT=Orbitrap Astral;AC=MS:1003378	NT=Trypsin;AC=MS:1001251	NT=Lys-C;AC=MS:1001309	label free sample	1	NT=HCD;AC=MS:1000422	25% NCE	10 ppm	10 ppm	NT=Dithiothreitol (DTT);AC=PRIDE:0000608	NT=Chloroacetamide (ClAA);AC=PRIDE:0000600	NT=Carbamidomethyl;AC=UNIMOD:4;TA=C;MT=Fixed	NT=Oxidation;AC=UNIMOD:35;TA=M;MT=Variable	NT=asymmetric track lossless time-of-flight analyzer;AC=MS:1003379	MOMI GBGD	2025-04-03	380m/z-980m/z	150m/z-2000m/z	not available	not available	4
MOMI_QC_GBGD_P113_E12	Homo sapiens	blood plasma	not applicable	1	pooled	not available	not available	not available	not available	pooled	20250403_OA3_Evo07_ViAl_SA_FAIMS40_IO44_A556_MOMI_GBGD_P113_E12_R01	proteomic profiling by mass spectrometry	1	20250403_OA3_Evo07_ViAl_SA_FAIMS40_IO44_A556_MOMI_GBGD_P113_E12_R01.raw	v1.1.0	NT=ms-proteomics;VV=v1.1.0	NT=human;VV=v1.1.0	NT=dia-acquisition;VV=v1.1.0	NT=sdrf-skills;VV=v0.2.0	Data-independent acquisition	NT=Orbitrap Astral;AC=MS:1003378	NT=Trypsin;AC=MS:1001251	NT=Lys-C;AC=MS:1001309	label free sample	1	NT=HCD;AC=MS:1000422	25% NCE	10 ppm	10 ppm	NT=Dithiothreitol (DTT);AC=PRIDE:0000608	NT=Chloroacetamide (ClAA);AC=PRIDE:0000600	NT=Carbamidomethyl;AC=UNIMOD:4;TA=C;MT=Fixed	NT=Oxidation;AC=UNIMOD:35;TA=M;MT=Variable	NT=asymmetric track lossless time-of-flight analyzer;AC=MS:1003379	MOMI GBGD	2025-04-03	380m/z-980m/z	150m/z-2000m/z	not available	not available	4
MOMI_QC_GBGD_P113_F12	Homo sapiens	blood plasma	not applicable	1	pooled	not available	not available	not available	not available	pooled	20250403_OA3_Evo07_ViAl_SA_FAIMS40_IO44_A556_MOMI_GBGD_P113_F12_R01	proteomic profiling by mass spectrometry	1	20250403_OA3_Evo07_ViAl_SA_FAIMS40_IO44_A556_MOMI_GBGD_P113_F12_R01.raw	v1.1.0	NT=ms-proteomics;VV=v1.1.0	NT=human;VV=v1.1.0	NT=dia-acquisition;VV=v1.1.0	NT=sdrf-skills;VV=v0.2.0	Data-independent acquisition	NT=Orbitrap Astral;AC=MS:1003378	NT=Trypsin;AC=MS:1001251	NT=Lys-C;AC=MS:1001309	label free sample	1	NT=HCD;AC=MS:1000422	25% NCE	10 ppm	10 ppm	NT=Dithiothreitol (DTT);AC=PRIDE:0000608	NT=Chloroacetamide (ClAA);AC=PRIDE:0000600	NT=Carbamidomethyl;AC=UNIMOD:4;TA=C;MT=Fixed	NT=Oxidation;AC=UNIMOD:35;TA=M;MT=Variable	NT=asymmetric track lossless time-of-flight analyzer;AC=MS:1003379	MOMI GBGD	2025-04-03	380m/z-980m/z	150m/z-2000m/z	not available	not available	4
MOMI_QC_GBGD_P113_G12	Homo sapiens	blood plasma	not applicable	1	pooled	not available	not available	not available	not available	pooled	20250403_OA3_Evo07_ViAl_SA_FAIMS40_IO44_A556_MOMI_GBGD_P113_G12_R01	proteomic profiling by mass spectrometry	1	20250403_OA3_Evo07_ViAl_SA_FAIMS40_IO44_A556_MOMI_GBGD_P113_G12_R01.raw	v1.1.0	NT=ms-proteomics;VV=v1.1.0	NT=human;VV=v1.1.0	NT=dia-acquisition;VV=v1.1.0	NT=sdrf-skills;VV=v0.2.0	Data-independent acquisition	NT=Orbitrap Astral;AC=MS:1003378	NT=Trypsin;AC=MS:1001251	NT=Lys-C;AC=MS:1001309	label free sample	1	NT=HCD;AC=MS:1000422	25% NCE	10 ppm	10 ppm	NT=Dithiothreitol (DTT);AC=PRIDE:0000608	NT=Chloroacetamide (ClAA);AC=PRIDE:0000600	NT=Carbamidomethyl;AC=UNIMOD:4;TA=C;MT=Fixed	NT=Oxidation;AC=UNIMOD:35;TA=M;MT=Variable	NT=asymmetric track lossless time-of-flight analyzer;AC=MS:1003379	MOMI GBGD	2025-04-03	380m/z-980m/z	150m/z-2000m/z	not available	not available	4
MOMI_QC_GBGD_P113_H12	Homo sapiens	blood plasma	not applicable	1	pooled	not available	not available	not available	not available	pooled	20250403_OA3_Evo07_ViAl_SA_FAIMS40_IO44_A556_MOMI_GBGD_P113_H12_R01	proteomic profiling by mass spectrometry	1	20250403_OA3_Evo07_ViAl_SA_FAIMS40_IO44_A556_MOMI_GBGD_P113_H12_R01.raw	v1.1.0	NT=ms-proteomics;VV=v1.1.0	NT=human;VV=v1.1.0	NT=dia-acquisition;VV=v1.1.0	NT=sdrf-skills;VV=v0.2.0	Data-independent acquisition	NT=Orbitrap Astral;AC=MS:1003378	NT=Trypsin;AC=MS:1001251	NT=Lys-C;AC=MS:1001309	label free sample	1	NT=HCD;AC=MS:1000422	25% NCE	10 ppm	10 ppm	NT=Dithiothreitol (DTT);AC=PRIDE:0000608	NT=Chloroacetamide (ClAA);AC=PRIDE:0000600	NT=Carbamidomethyl;AC=UNIMOD:4;TA=C;MT=Fixed	NT=Oxidation;AC=UNIMOD:35;TA=M;MT=Variable	NT=asymmetric track lossless time-of-flight analyzer;AC=MS:1003379	MOMI GBGD	2025-04-03	380m/z-980m/z	150m/z-2000m/z	not available	not available	4
MOMI_QC_GBGD_P114_E12	Homo sapiens	blood plasma	not applicable	1	pooled	not available	not available	not available	not available	pooled	20250403_OA3_Evo07_ViAl_SA_FAIMS40_IO44_A556_MOMI_GBGD_P114_E12_R01	proteomic profiling by mass spectrometry	1	20250403_OA3_Evo07_ViAl_SA_FAIMS40_IO44_A556_MOMI_GBGD_P114_E12_R01.raw	v1.1.0	NT=ms-proteomics;VV=v1.1.0	NT=human;VV=v1.1.0	NT=dia-acquisition;VV=v1.1.0	NT=sdrf-skills;VV=v0.2.0	Data-independent acquisition	NT=Orbitrap Astral;AC=MS:1003378	NT=Trypsin;AC=MS:1001251	NT=Lys-C;AC=MS:1001309	label free sample	1	NT=HCD;AC=MS:1000422	25% NCE	10 ppm	10 ppm	NT=Dithiothreitol (DTT);AC=PRIDE:0000608	NT=Chloroacetamide (ClAA);AC=PRIDE:0000600	NT=Carbamidomethyl;AC=UNIMOD:4;TA=C;MT=Fixed	NT=Oxidation;AC=UNIMOD:35;TA=M;MT=Variable	NT=asymmetric track lossless time-of-flight analyzer;AC=MS:1003379	MOMI GBGD	2025-04-03	380m/z-980m/z	150m/z-2000m/z	not available	not available	4
MOMI_QC_GBGD_P114_F12	Homo sapiens	blood plasma	not applicable	1	pooled	not available	not available	not available	not available	pooled	20250403_OA3_Evo07_ViAl_SA_FAIMS40_IO44_A556_MOMI_GBGD_P114_F12_R01	proteomic profiling by mass spectrometry	1	20250403_OA3_Evo07_ViAl_SA_FAIMS40_IO44_A556_MOMI_GBGD_P114_F12_R01.raw	v1.1.0	NT=ms-proteomics;VV=v1.1.0	NT=human;VV=v1.1.0	NT=dia-acquisition;VV=v1.1.0	NT=sdrf-skills;VV=v0.2.0	Data-independent acquisition	NT=Orbitrap Astral;AC=MS:1003378	NT=Trypsin;AC=MS:1001251	NT=Lys-C;AC=MS:1001309	label free sample	1	NT=HCD;AC=MS:1000422	25% NCE	10 ppm	10 ppm	NT=Dithiothreitol (DTT);AC=PRIDE:0000608	NT=Chloroacetamide (ClAA);AC=PRIDE:0000600	NT=Carbamidomethyl;AC=UNIMOD:4;TA=C;MT=Fixed	NT=Oxidation;AC=UNIMOD:35;TA=M;MT=Variable	NT=asymmetric track lossless time-of-flight analyzer;AC=MS:1003379	MOMI GBGD	2025-04-03	380m/z-980m/z	150m/z-2000m/z	not available	not available	4
MOMI_QC_GBGD_P114_G12	Homo sapiens	blood plasma	not applicable	1	pooled	not available	not available	not available	not available	pooled	20250403_OA3_Evo07_ViAl_SA_FAIMS40_IO44_A556_MOMI_GBGD_P114_G12_R01	proteomic profiling by mass spectrometry	1	20250403_OA3_Evo07_ViAl_SA_FAIMS40_IO44_A556_MOMI_GBGD_P114_G12_R01.raw	v1.1.0	NT=ms-proteomics;VV=v1.1.0	NT=human;VV=v1.1.0	NT=dia-acquisition;VV=v1.1.0	NT=sdrf-skills;VV=v0.2.0	Data-independent acquisition	NT=Orbitrap Astral;AC=MS:1003378	NT=Trypsin;AC=MS:1001251	NT=Lys-C;AC=MS:1001309	label free sample	1	NT=HCD;AC=MS:1000422	25% NCE	10 ppm	10 ppm	NT=Dithiothreitol (DTT);AC=PRIDE:0000608	NT=Chloroacetamide (ClAA);AC=PRIDE:0000600	NT=Carbamidomethyl;AC=UNIMOD:4;TA=C;MT=Fixed	NT=Oxidation;AC=UNIMOD:35;TA=M;MT=Variable	NT=asymmetric track lossless time-of-flight analyzer;AC=MS:1003379	MOMI GBGD	2025-04-03	380m/z-980m/z	150m/z-2000m/z	not available	not available	4
MOMI_QC_GBGD_P114_H12	Homo sapiens	blood plasma	not applicable	1	pooled	not available	not available	not available	not available	pooled	20250403_OA3_Evo07_ViAl_SA_FAIMS40_IO44_A556_MOMI_GBGD_P114_H12_R01	proteomic profiling by mass spectrometry	1	20250403_OA3_Evo07_ViAl_SA_FAIMS40_IO44_A556_MOMI_GBGD_P114_H12_R01.raw	v1.1.0	NT=ms-proteomics;VV=v1.1.0	NT=human;VV=v1.1.0	NT=dia-acquisition;VV=v1.1.0	NT=sdrf-skills;VV=v0.2.0	Data-independent acquisition	NT=Orbitrap Astral;AC=MS:1003378	NT=Trypsin;AC=MS:1001251	NT=Lys-C;AC=MS:1001309	label free sample	1	NT=HCD;AC=MS:1000422	25% NCE	10 ppm	10 ppm	NT=Dithiothreitol (DTT);AC=PRIDE:0000608	NT=Chloroacetamide (ClAA);AC=PRIDE:0000600	NT=Carbamidomethyl;AC=UNIMOD:4;TA=C;MT=Fixed	NT=Oxidation;AC=UNIMOD:35;TA=M;MT=Variable	NT=asymmetric track lossless time-of-flight analyzer;AC=MS:1003379	MOMI GBGD	2025-04-03	380m/z-980m/z	150m/z-2000m/z	not available	not available	4
MOMI_QC_GBGD_P115_E12	Homo sapiens	blood plasma	not applicable	1	pooled	not available	not available	not available	not available	pooled	20250403_OA3_Evo07_ViAl_SA_FAIMS40_IO44_A556_MOMI_GBGD_P115_E12_R01	proteomic profiling by mass spectrometry	1	20250403_OA3_Evo07_ViAl_SA_FAIMS40_IO44_A556_MOMI_GBGD_P115_E12_R01.raw	v1.1.0	NT=ms-proteomics;VV=v1.1.0	NT=human;VV=v1.1.0	NT=dia-acquisition;VV=v1.1.0	NT=sdrf-skills;VV=v0.2.0	Data-independent acquisition	NT=Orbitrap Astral;AC=MS:1003378	NT=Trypsin;AC=MS:1001251	NT=Lys-C;AC=MS:1001309	label free sample	1	NT=HCD;AC=MS:1000422	25% NCE	10 ppm	10 ppm	NT=Dithiothreitol (DTT);AC=PRIDE:0000608	NT=Chloroacetamide (ClAA);AC=PRIDE:0000600	NT=Carbamidomethyl;AC=UNIMOD:4;TA=C;MT=Fixed	NT=Oxidation;AC=UNIMOD:35;TA=M;MT=Variable	NT=asymmetric track lossless time-of-flight analyzer;AC=MS:1003379	MOMI GBGD	2025-04-03	380m/z-980m/z	150m/z-2000m/z	not available	not available	4
MOMI_QC_GBGD_P115_F12	Homo sapiens	blood plasma	not applicable	1	pooled	not available	not available	not available	not available	pooled	20250403_OA3_Evo07_ViAl_SA_FAIMS40_IO44_A556_MOMI_GBGD_P115_F12_R01	proteomic profiling by mass spectrometry	1	20250403_OA3_Evo07_ViAl_SA_FAIMS40_IO44_A556_MOMI_GBGD_P115_F12_R01.raw	v1.1.0	NT=ms-proteomics;VV=v1.1.0	NT=human;VV=v1.1.0	NT=dia-acquisition;VV=v1.1.0	NT=sdrf-skills;VV=v0.2.0	Data-independent acquisition	NT=Orbitrap Astral;AC=MS:1003378	NT=Trypsin;AC=MS:1001251	NT=Lys-C;AC=MS:1001309	label free sample	1	NT=HCD;AC=MS:1000422	25% NCE	10 ppm	10 ppm	NT=Dithiothreitol (DTT);AC=PRIDE:0000608	NT=Chloroacetamide (ClAA);AC=PRIDE:0000600	NT=Carbamidomethyl;AC=UNIMOD:4;TA=C;MT=Fixed	NT=Oxidation;AC=UNIMOD:35;TA=M;MT=Variable	NT=asymmetric track lossless time-of-flight analyzer;AC=MS:1003379	MOMI GBGD	2025-04-03	380m/z-980m/z	150m/z-2000m/z	not available	not available	4
MOMI_QC_GBGD_P115_G12	Homo sapiens	blood plasma	not applicable	1	pooled	not available	not available	not available	not available	pooled	20250403_OA3_Evo07_ViAl_SA_FAIMS40_IO44_A556_MOMI_GBGD_P115_G12_R01	proteomic profiling by mass spectrometry	1	20250403_OA3_Evo07_ViAl_SA_FAIMS40_IO44_A556_MOMI_GBGD_P115_G12_R01.raw	v1.1.0	NT=ms-proteomics;VV=v1.1.0	NT=human;VV=v1.1.0	NT=dia-acquisition;VV=v1.1.0	NT=sdrf-skills;VV=v0.2.0	Data-independent acquisition	NT=Orbitrap Astral;AC=MS:1003378	NT=Trypsin;AC=MS:1001251	NT=Lys-C;AC=MS:1001309	label free sample	1	NT=HCD;AC=MS:1000422	25% NCE	10 ppm	10 ppm	NT=Dithiothreitol (DTT);AC=PRIDE:0000608	NT=Chloroacetamide (ClAA);AC=PRIDE:0000600	NT=Carbamidomethyl;AC=UNIMOD:4;TA=C;MT=Fixed	NT=Oxidation;AC=UNIMOD:35;TA=M;MT=Variable	NT=asymmetric track lossless time-of-flight analyzer;AC=MS:1003379	MOMI GBGD	2025-04-03	380m/z-980m/z	150m/z-2000m/z	not available	not available	4
MOMI_QC_GBGD_P115_H12	Homo sapiens	blood plasma	not applicable	1	pooled	not available	not available	not available	not available	pooled	20250403_OA3_Evo07_ViAl_SA_FAIMS40_IO44_A556_MOMI_GBGD_P115_H12_R01	proteomic profiling by mass spectrometry	1	20250403_OA3_Evo07_ViAl_SA_FAIMS40_IO44_A556_MOMI_GBGD_P115_H12_R01.raw	v1.1.0	NT=ms-proteomics;VV=v1.1.0	NT=human;VV=v1.1.0	NT=dia-acquisition;VV=v1.1.0	NT=sdrf-skills;VV=v0.2.0	Data-independent acquisition	NT=Orbitrap Astral;AC=MS:1003378	NT=Trypsin;AC=MS:1001251	NT=Lys-C;AC=MS:1001309	label free sample	1	NT=HCD;AC=MS:1000422	25% NCE	10 ppm	10 ppm	NT=Dithiothreitol (DTT);AC=PRIDE:0000608	NT=Chloroacetamide (ClAA);AC=PRIDE:0000600	NT=Carbamidomethyl;AC=UNIMOD:4;TA=C;MT=Fixed	NT=Oxidation;AC=UNIMOD:35;TA=M;MT=Variable	NT=asymmetric track lossless time-of-flight analyzer;AC=MS:1003379	MOMI GBGD	2025-04-03	380m/z-980m/z	150m/z-2000m/z	not available	not available	4
MOMI_QC_GBGD_P117_E12	Homo sapiens	blood plasma	not applicable	1	pooled	not available	not available	not available	not available	pooled	20250403_OA3_Evo07_ViAl_SA_FAIMS40_IO44_A556_MOMI_GBGD_P117_E12_R01	proteomic profiling by mass spectrometry	1	20250403_OA3_Evo07_ViAl_SA_FAIMS40_IO44_A556_MOMI_GBGD_P117_E12_R01.raw	v1.1.0	NT=ms-proteomics;VV=v1.1.0	NT=human;VV=v1.1.0	NT=dia-acquisition;VV=v1.1.0	NT=sdrf-skills;VV=v0.2.0	Data-independent acquisition	NT=Orbitrap Astral;AC=MS:1003378	NT=Trypsin;AC=MS:1001251	NT=Lys-C;AC=MS:1001309	label free sample	1	NT=HCD;AC=MS:1000422	25% NCE	10 ppm	10 ppm	NT=Dithiothreitol (DTT);AC=PRIDE:0000608	NT=Chloroacetamide (ClAA);AC=PRIDE:0000600	NT=Carbamidomethyl;AC=UNIMOD:4;TA=C;MT=Fixed	NT=Oxidation;AC=UNIMOD:35;TA=M;MT=Variable	NT=asymmetric track lossless time-of-flight analyzer;AC=MS:1003379	MOMI GBGD	2025-04-03	380m/z-980m/z	150m/z-2000m/z	not available	not available	4
MOMI_QC_GBGD_P117_F12	Homo sapiens	blood plasma	not applicable	1	pooled	not available	not available	not available	not available	pooled	20250403_OA3_Evo07_ViAl_SA_FAIMS40_IO44_A556_MOMI_GBGD_P117_F12_R01	proteomic profiling by mass spectrometry	1	20250403_OA3_Evo07_ViAl_SA_FAIMS40_IO44_A556_MOMI_GBGD_P117_F12_R01.raw	v1.1.0	NT=ms-proteomics;VV=v1.1.0	NT=human;VV=v1.1.0	NT=dia-acquisition;VV=v1.1.0	NT=sdrf-skills;VV=v0.2.0	Data-independent acquisition	NT=Orbitrap Astral;AC=MS:1003378	NT=Trypsin;AC=MS:1001251	NT=Lys-C;AC=MS:1001309	label free sample	1	NT=HCD;AC=MS:1000422	25% NCE	10 ppm	10 ppm	NT=Dithiothreitol (DTT);AC=PRIDE:0000608	NT=Chloroacetamide (ClAA);AC=PRIDE:0000600	NT=Carbamidomethyl;AC=UNIMOD:4;TA=C;MT=Fixed	NT=Oxidation;AC=UNIMOD:35;TA=M;MT=Variable	NT=asymmetric track lossless time-of-flight analyzer;AC=MS:1003379	MOMI GBGD	2025-04-03	380m/z-980m/z	150m/z-2000m/z	not available	not available	4
MOMI_QC_GBGD_P117_G12	Homo sapiens	blood plasma	not applicable	1	pooled	not available	not available	not available	not available	pooled	20250403_OA3_Evo07_ViAl_SA_FAIMS40_IO44_A556_MOMI_GBGD_P117_G12_R01	proteomic profiling by mass spectrometry	1	20250403_OA3_Evo07_ViAl_SA_FAIMS40_IO44_A556_MOMI_GBGD_P117_G12_R01.raw	v1.1.0	NT=ms-proteomics;VV=v1.1.0	NT=human;VV=v1.1.0	NT=dia-acquisition;VV=v1.1.0	NT=sdrf-skills;VV=v0.2.0	Data-independent acquisition	NT=Orbitrap Astral;AC=MS:1003378	NT=Trypsin;AC=MS:1001251	NT=Lys-C;AC=MS:1001309	label free sample	1	NT=HCD;AC=MS:1000422	25% NCE	10 ppm	10 ppm	NT=Dithiothreitol (DTT);AC=PRIDE:0000608	NT=Chloroacetamide (ClAA);AC=PRIDE:0000600	NT=Carbamidomethyl;AC=UNIMOD:4;TA=C;MT=Fixed	NT=Oxidation;AC=UNIMOD:35;TA=M;MT=Variable	NT=asymmetric track lossless time-of-flight analyzer;AC=MS:1003379	MOMI GBGD	2025-04-03	380m/z-980m/z	150m/z-2000m/z	not available	not available	4
MOMI_QC_GBGD_P117_H12	Homo sapiens	blood plasma	not applicable	1	pooled	not available	not available	not available	not available	pooled	20250403_OA3_Evo07_ViAl_SA_FAIMS40_IO44_A556_MOMI_GBGD_P117_H12_R01	proteomic profiling by mass spectrometry	1	20250403_OA3_Evo07_ViAl_SA_FAIMS40_IO44_A556_MOMI_GBGD_P117_H12_R01.raw	v1.1.0	NT=ms-proteomics;VV=v1.1.0	NT=human;VV=v1.1.0	NT=dia-acquisition;VV=v1.1.0	NT=sdrf-skills;VV=v0.2.0	Data-independent acquisition	NT=Orbitrap Astral;AC=MS:1003378	NT=Trypsin;AC=MS:1001251	NT=Lys-C;AC=MS:1001309	label free sample	1	NT=HCD;AC=MS:1000422	25% NCE	10 ppm	10 ppm	NT=Dithiothreitol (DTT);AC=PRIDE:0000608	NT=Chloroacetamide (ClAA);AC=PRIDE:0000600	NT=Carbamidomethyl;AC=UNIMOD:4;TA=C;MT=Fixed	NT=Oxidation;AC=UNIMOD:35;TA=M;MT=Variable	NT=asymmetric track lossless time-of-flight analyzer;AC=MS:1003379	MOMI GBGD	2025-04-03	380m/z-980m/z	150m/z-2000m/z	not available	not available	4
MOMI_QC_GBGD_P118_E12	Homo sapiens	blood plasma	not applicable	1	pooled	not available	not available	not available	not available	pooled	20250403_OA3_Evo07_ViAl_SA_FAIMS40_IO44_A556_MOMI_GBGD_P118_E12_R01	proteomic profiling by mass spectrometry	1	20250403_OA3_Evo07_ViAl_SA_FAIMS40_IO44_A556_MOMI_GBGD_P118_E12_R01.raw	v1.1.0	NT=ms-proteomics;VV=v1.1.0	NT=human;VV=v1.1.0	NT=dia-acquisition;VV=v1.1.0	NT=sdrf-skills;VV=v0.2.0	Data-independent acquisition	NT=Orbitrap Astral;AC=MS:1003378	NT=Trypsin;AC=MS:1001251	NT=Lys-C;AC=MS:1001309	label free sample	1	NT=HCD;AC=MS:1000422	25% NCE	10 ppm	10 ppm	NT=Dithiothreitol (DTT);AC=PRIDE:0000608	NT=Chloroacetamide (ClAA);AC=PRIDE:0000600	NT=Carbamidomethyl;AC=UNIMOD:4;TA=C;MT=Fixed	NT=Oxidation;AC=UNIMOD:35;TA=M;MT=Variable	NT=asymmetric track lossless time-of-flight analyzer;AC=MS:1003379	MOMI GBGD	2025-04-03	380m/z-980m/z	150m/z-2000m/z	not available	not available	4
MOMI_QC_GBGD_P118_F12	Homo sapiens	blood plasma	not applicable	1	pooled	not available	not available	not available	not available	pooled	20250403_OA3_Evo07_ViAl_SA_FAIMS40_IO44_A556_MOMI_GBGD_P118_F12_R01	proteomic profiling by mass spectrometry	1	20250403_OA3_Evo07_ViAl_SA_FAIMS40_IO44_A556_MOMI_GBGD_P118_F12_R01.raw	v1.1.0	NT=ms-proteomics;VV=v1.1.0	NT=human;VV=v1.1.0	NT=dia-acquisition;VV=v1.1.0	NT=sdrf-skills;VV=v0.2.0	Data-independent acquisition	NT=Orbitrap Astral;AC=MS:1003378	NT=Trypsin;AC=MS:1001251	NT=Lys-C;AC=MS:1001309	label free sample	1	NT=HCD;AC=MS:1000422	25% NCE	10 ppm	10 ppm	NT=Dithiothreitol (DTT);AC=PRIDE:0000608	NT=Chloroacetamide (ClAA);AC=PRIDE:0000600	NT=Carbamidomethyl;AC=UNIMOD:4;TA=C;MT=Fixed	NT=Oxidation;AC=UNIMOD:35;TA=M;MT=Variable	NT=asymmetric track lossless time-of-flight analyzer;AC=MS:1003379	MOMI GBGD	2025-04-03	380m/z-980m/z	150m/z-2000m/z	not available	not available	4
MOMI_QC_GBGD_P118_G12	Homo sapiens	blood plasma	not applicable	1	pooled	not available	not available	not available	not available	pooled	20250403_OA3_Evo07_ViAl_SA_FAIMS40_IO44_A556_MOMI_GBGD_P118_G12_R01	proteomic profiling by mass spectrometry	1	20250403_OA3_Evo07_ViAl_SA_FAIMS40_IO44_A556_MOMI_GBGD_P118_G12_R01.raw	v1.1.0	NT=ms-proteomics;VV=v1.1.0	NT=human;VV=v1.1.0	NT=dia-acquisition;VV=v1.1.0	NT=sdrf-skills;VV=v0.2.0	Data-independent acquisition	NT=Orbitrap Astral;AC=MS:1003378	NT=Trypsin;AC=MS:1001251	NT=Lys-C;AC=MS:1001309	label free sample	1	NT=HCD;AC=MS:1000422	25% NCE	10 ppm	10 ppm	NT=Dithiothreitol (DTT);AC=PRIDE:0000608	NT=Chloroacetamide (ClAA);AC=PRIDE:0000600	NT=Carbamidomethyl;AC=UNIMOD:4;TA=C;MT=Fixed	NT=Oxidation;AC=UNIMOD:35;TA=M;MT=Variable	NT=asymmetric track lossless time-of-flight analyzer;AC=MS:1003379	MOMI GBGD	2025-04-03	380m/z-980m/z	150m/z-2000m/z	not available	not available	4
MOMI_QC_GBGD_P118_H12	Homo sapiens	blood plasma	not applicable	1	pooled	not available	not available	not available	not available	pooled	20250403_OA3_Evo07_ViAl_SA_FAIMS40_IO44_A556_MOMI_GBGD_P118_H12_R01	proteomic profiling by mass spectrometry	1	20250403_OA3_Evo07_ViAl_SA_FAIMS40_IO44_A556_MOMI_GBGD_P118_H12_R01.raw	v1.1.0	NT=ms-proteomics;VV=v1.1.0	NT=human;VV=v1.1.0	NT=dia-acquisition;VV=v1.1.0	NT=sdrf-skills;VV=v0.2.0	Data-independent acquisition	NT=Orbitrap Astral;AC=MS:1003378	NT=Trypsin;AC=MS:1001251	NT=Lys-C;AC=MS:1001309	label free sample	1	NT=HCD;AC=MS:1000422	25% NCE	10 ppm	10 ppm	NT=Dithiothreitol (DTT);AC=PRIDE:0000608	NT=Chloroacetamide (ClAA);AC=PRIDE:0000600	NT=Carbamidomethyl;AC=UNIMOD:4;TA=C;MT=Fixed	NT=Oxidation;AC=UNIMOD:35;TA=M;MT=Variable	NT=asymmetric track lossless time-of-flight analyzer;AC=MS:1003379	MOMI GBGD	2025-04-03	380m/z-980m/z	150m/z-2000m/z	not available	not available	4
MOMI_QC_GBGD_P119_E12	Homo sapiens	blood plasma	not applicable	1	pooled	not available	not available	not available	not available	pooled	20250403_OA3_Evo07_ViAl_SA_FAIMS40_IO44_A556_MOMI_GBGD_P119_E12_R01	proteomic profiling by mass spectrometry	1	20250403_OA3_Evo07_ViAl_SA_FAIMS40_IO44_A556_MOMI_GBGD_P119_E12_R01.raw	v1.1.0	NT=ms-proteomics;VV=v1.1.0	NT=human;VV=v1.1.0	NT=dia-acquisition;VV=v1.1.0	NT=sdrf-skills;VV=v0.2.0	Data-independent acquisition	NT=Orbitrap Astral;AC=MS:1003378	NT=Trypsin;AC=MS:1001251	NT=Lys-C;AC=MS:1001309	label free sample	1	NT=HCD;AC=MS:1000422	25% NCE	10 ppm	10 ppm	NT=Dithiothreitol (DTT);AC=PRIDE:0000608	NT=Chloroacetamide (ClAA);AC=PRIDE:0000600	NT=Carbamidomethyl;AC=UNIMOD:4;TA=C;MT=Fixed	NT=Oxidation;AC=UNIMOD:35;TA=M;MT=Variable	NT=asymmetric track lossless time-of-flight analyzer;AC=MS:1003379	MOMI GBGD	2025-04-03	380m/z-980m/z	150m/z-2000m/z	not available	not available	4
MOMI_QC_GBGD_P119_F12	Homo sapiens	blood plasma	not applicable	1	pooled	not available	not available	not available	not available	pooled	20250403_OA3_Evo07_ViAl_SA_FAIMS40_IO44_A556_MOMI_GBGD_P119_F12_R01	proteomic profiling by mass spectrometry	1	20250403_OA3_Evo07_ViAl_SA_FAIMS40_IO44_A556_MOMI_GBGD_P119_F12_R01.raw	v1.1.0	NT=ms-proteomics;VV=v1.1.0	NT=human;VV=v1.1.0	NT=dia-acquisition;VV=v1.1.0	NT=sdrf-skills;VV=v0.2.0	Data-independent acquisition	NT=Orbitrap Astral;AC=MS:1003378	NT=Trypsin;AC=MS:1001251	NT=Lys-C;AC=MS:1001309	label free sample	1	NT=HCD;AC=MS:1000422	25% NCE	10 ppm	10 ppm	NT=Dithiothreitol (DTT);AC=PRIDE:0000608	NT=Chloroacetamide (ClAA);AC=PRIDE:0000600	NT=Carbamidomethyl;AC=UNIMOD:4;TA=C;MT=Fixed	NT=Oxidation;AC=UNIMOD:35;TA=M;MT=Variable	NT=asymmetric track lossless time-of-flight analyzer;AC=MS:1003379	MOMI GBGD	2025-04-03	380m/z-980m/z	150m/z-2000m/z	not available	not available	4
MOMI_QC_GBGD_P119_G12	Homo sapiens	blood plasma	not applicable	1	pooled	not available	not available	not available	not available	pooled	20250403_OA3_Evo07_ViAl_SA_FAIMS40_IO44_A556_MOMI_GBGD_P119_G12_R01	proteomic profiling by mass spectrometry	1	20250403_OA3_Evo07_ViAl_SA_FAIMS40_IO44_A556_MOMI_GBGD_P119_G12_R01.raw	v1.1.0	NT=ms-proteomics;VV=v1.1.0	NT=human;VV=v1.1.0	NT=dia-acquisition;VV=v1.1.0	NT=sdrf-skills;VV=v0.2.0	Data-independent acquisition	NT=Orbitrap Astral;AC=MS:1003378	NT=Trypsin;AC=MS:1001251	NT=Lys-C;AC=MS:1001309	label free sample	1	NT=HCD;AC=MS:1000422	25% NCE	10 ppm	10 ppm	NT=Dithiothreitol (DTT);AC=PRIDE:0000608	NT=Chloroacetamide (ClAA);AC=PRIDE:0000600	NT=Carbamidomethyl;AC=UNIMOD:4;TA=C;MT=Fixed	NT=Oxidation;AC=UNIMOD:35;TA=M;MT=Variable	NT=asymmetric track lossless time-of-flight analyzer;AC=MS:1003379	MOMI GBGD	2025-04-03	380m/z-980m/z	150m/z-2000m/z	not available	not available	4
MOMI_QC_GBGD_P119_H12	Homo sapiens	blood plasma	not applicable	1	pooled	not available	not available	not available	not available	pooled	20250403_OA3_Evo07_ViAl_SA_FAIMS40_IO44_A556_MOMI_GBGD_P119_H12_R01	proteomic profiling by mass spectrometry	1	20250403_OA3_Evo07_ViAl_SA_FAIMS40_IO44_A556_MOMI_GBGD_P119_H12_R01.raw	v1.1.0	NT=ms-proteomics;VV=v1.1.0	NT=human;VV=v1.1.0	NT=dia-acquisition;VV=v1.1.0	NT=sdrf-skills;VV=v0.2.0	Data-independent acquisition	NT=Orbitrap Astral;AC=MS:1003378	NT=Trypsin;AC=MS:1001251	NT=Lys-C;AC=MS:1001309	label free sample	1	NT=HCD;AC=MS:1000422	25% NCE	10 ppm	10 ppm	NT=Dithiothreitol (DTT);AC=PRIDE:0000608	NT=Chloroacetamide (ClAA);AC=PRIDE:0000600	NT=Carbamidomethyl;AC=UNIMOD:4;TA=C;MT=Fixed	NT=Oxidation;AC=UNIMOD:35;TA=M;MT=Variable	NT=asymmetric track lossless time-of-flight analyzer;AC=MS:1003379	MOMI GBGD	2025-04-03	380m/z-980m/z	150m/z-2000m/z	not available	not available	4
MOMI_QC_GBGD_P120_E12	Homo sapiens	blood plasma	not applicable	1	pooled	not available	not available	not available	not available	pooled	20250403_OA3_Evo07_ViAl_SA_FAIMS40_IO44_A556_MOMI_GBGD_P120_E12_R01	proteomic profiling by mass spectrometry	1	20250403_OA3_Evo07_ViAl_SA_FAIMS40_IO44_A556_MOMI_GBGD_P120_E12_R01.raw	v1.1.0	NT=ms-proteomics;VV=v1.1.0	NT=human;VV=v1.1.0	NT=dia-acquisition;VV=v1.1.0	NT=sdrf-skills;VV=v0.2.0	Data-independent acquisition	NT=Orbitrap Astral;AC=MS:1003378	NT=Trypsin;AC=MS:1001251	NT=Lys-C;AC=MS:1001309	label free sample	1	NT=HCD;AC=MS:1000422	25% NCE	10 ppm	10 ppm	NT=Dithiothreitol (DTT);AC=PRIDE:0000608	NT=Chloroacetamide (ClAA);AC=PRIDE:0000600	NT=Carbamidomethyl;AC=UNIMOD:4;TA=C;MT=Fixed	NT=Oxidation;AC=UNIMOD:35;TA=M;MT=Variable	NT=asymmetric track lossless time-of-flight analyzer;AC=MS:1003379	MOMI GBGD	2025-04-03	380m/z-980m/z	150m/z-2000m/z	not available	not available	4
MOMI_QC_GBGD_P120_F12	Homo sapiens	blood plasma	not applicable	1	pooled	not available	not available	not available	not available	pooled	20250403_OA3_Evo07_ViAl_SA_FAIMS40_IO44_A556_MOMI_GBGD_P120_F12_R01	proteomic profiling by mass spectrometry	1	20250403_OA3_Evo07_ViAl_SA_FAIMS40_IO44_A556_MOMI_GBGD_P120_F12_R01.raw	v1.1.0	NT=ms-proteomics;VV=v1.1.0	NT=human;VV=v1.1.0	NT=dia-acquisition;VV=v1.1.0	NT=sdrf-skills;VV=v0.2.0	Data-independent acquisition	NT=Orbitrap Astral;AC=MS:1003378	NT=Trypsin;AC=MS:1001251	NT=Lys-C;AC=MS:1001309	label free sample	1	NT=HCD;AC=MS:1000422	25% NCE	10 ppm	10 ppm	NT=Dithiothreitol (DTT);AC=PRIDE:0000608	NT=Chloroacetamide (ClAA);AC=PRIDE:0000600	NT=Carbamidomethyl;AC=UNIMOD:4;TA=C;MT=Fixed	NT=Oxidation;AC=UNIMOD:35;TA=M;MT=Variable	NT=asymmetric track lossless time-of-flight analyzer;AC=MS:1003379	MOMI GBGD	2025-04-03	380m/z-980m/z	150m/z-2000m/z	not available	not available	4
MOMI_QC_GBGD_P120_G12	Homo sapiens	blood plasma	not applicable	1	pooled	not available	not available	not available	not available	pooled	20250403_OA3_Evo07_ViAl_SA_FAIMS40_IO44_A556_MOMI_GBGD_P120_G12_R01	proteomic profiling by mass spectrometry	1	20250403_OA3_Evo07_ViAl_SA_FAIMS40_IO44_A556_MOMI_GBGD_P120_G12_R01.raw	v1.1.0	NT=ms-proteomics;VV=v1.1.0	NT=human;VV=v1.1.0	NT=dia-acquisition;VV=v1.1.0	NT=sdrf-skills;VV=v0.2.0	Data-independent acquisition	NT=Orbitrap Astral;AC=MS:1003378	NT=Trypsin;AC=MS:1001251	NT=Lys-C;AC=MS:1001309	label free sample	1	NT=HCD;AC=MS:1000422	25% NCE	10 ppm	10 ppm	NT=Dithiothreitol (DTT);AC=PRIDE:0000608	NT=Chloroacetamide (ClAA);AC=PRIDE:0000600	NT=Carbamidomethyl;AC=UNIMOD:4;TA=C;MT=Fixed	NT=Oxidation;AC=UNIMOD:35;TA=M;MT=Variable	NT=asymmetric track lossless time-of-flight analyzer;AC=MS:1003379	MOMI GBGD	2025-04-03	380m/z-980m/z	150m/z-2000m/z	not available	not available	4
MOMI_QC_GBGD_P120_H12	Homo sapiens	blood plasma	not applicable	1	pooled	not available	not available	not available	not available	pooled	20250403_OA3_Evo07_ViAl_SA_FAIMS40_IO44_A556_MOMI_GBGD_P120_H12_R01	proteomic profiling by mass spectrometry	1	20250403_OA3_Evo07_ViAl_SA_FAIMS40_IO44_A556_MOMI_GBGD_P120_H12_R01.raw	v1.1.0	NT=ms-proteomics;VV=v1.1.0	NT=human;VV=v1.1.0	NT=dia-acquisition;VV=v1.1.0	NT=sdrf-skills;VV=v0.2.0	Data-independent acquisition	NT=Orbitrap Astral;AC=MS:1003378	NT=Trypsin;AC=MS:1001251	NT=Lys-C;AC=MS:1001309	label free sample	1	NT=HCD;AC=MS:1000422	25% NCE	10 ppm	10 ppm	NT=Dithiothreitol (DTT);AC=PRIDE:0000608	NT=Chloroacetamide (ClAA);AC=PRIDE:0000600	NT=Carbamidomethyl;AC=UNIMOD:4;TA=C;MT=Fixed	NT=Oxidation;AC=UNIMOD:35;TA=M;MT=Variable	NT=asymmetric track lossless time-of-flight analyzer;AC=MS:1003379	MOMI GBGD	2025-04-03	380m/z-980m/z	150m/z-2000m/z	not available	not available	4
MOMI_QC_GBGD_P121_E12	Homo sapiens	blood plasma	not applicable	1	pooled	not available	not available	not available	not available	pooled	20250403_OA3_Evo07_ViAl_SA_FAIMS40_IO44_A556_MOMI_GBGD_P121_E12_R01	proteomic profiling by mass spectrometry	1	20250403_OA3_Evo07_ViAl_SA_FAIMS40_IO44_A556_MOMI_GBGD_P121_E12_R01.raw	v1.1.0	NT=ms-proteomics;VV=v1.1.0	NT=human;VV=v1.1.0	NT=dia-acquisition;VV=v1.1.0	NT=sdrf-skills;VV=v0.2.0	Data-independent acquisition	NT=Orbitrap Astral;AC=MS:1003378	NT=Trypsin;AC=MS:1001251	NT=Lys-C;AC=MS:1001309	label free sample	1	NT=HCD;AC=MS:1000422	25% NCE	10 ppm	10 ppm	NT=Dithiothreitol (DTT);AC=PRIDE:0000608	NT=Chloroacetamide (ClAA);AC=PRIDE:0000600	NT=Carbamidomethyl;AC=UNIMOD:4;TA=C;MT=Fixed	NT=Oxidation;AC=UNIMOD:35;TA=M;MT=Variable	NT=asymmetric track lossless time-of-flight analyzer;AC=MS:1003379	MOMI GBGD	2025-04-03	380m/z-980m/z	150m/z-2000m/z	not available	not available	4
MOMI_QC_GBGD_P121_F12	Homo sapiens	blood plasma	not applicable	1	pooled	not available	not available	not available	not available	pooled	20250403_OA3_Evo07_ViAl_SA_FAIMS40_IO44_A556_MOMI_GBGD_P121_F12_R01	proteomic profiling by mass spectrometry	1	20250403_OA3_Evo07_ViAl_SA_FAIMS40_IO44_A556_MOMI_GBGD_P121_F12_R01.raw	v1.1.0	NT=ms-proteomics;VV=v1.1.0	NT=human;VV=v1.1.0	NT=dia-acquisition;VV=v1.1.0	NT=sdrf-skills;VV=v0.2.0	Data-independent acquisition	NT=Orbitrap Astral;AC=MS:1003378	NT=Trypsin;AC=MS:1001251	NT=Lys-C;AC=MS:1001309	label free sample	1	NT=HCD;AC=MS:1000422	25% NCE	10 ppm	10 ppm	NT=Dithiothreitol (DTT);AC=PRIDE:0000608	NT=Chloroacetamide (ClAA);AC=PRIDE:0000600	NT=Carbamidomethyl;AC=UNIMOD:4;TA=C;MT=Fixed	NT=Oxidation;AC=UNIMOD:35;TA=M;MT=Variable	NT=asymmetric track lossless time-of-flight analyzer;AC=MS:1003379	MOMI GBGD	2025-04-03	380m/z-980m/z	150m/z-2000m/z	not available	not available	4
MOMI_QC_GBGD_P121_G12	Homo sapiens	blood plasma	not applicable	1	pooled	not available	not available	not available	not available	pooled	20250403_OA3_Evo07_ViAl_SA_FAIMS40_IO44_A556_MOMI_GBGD_P121_G12_R01	proteomic profiling by mass spectrometry	1	20250403_OA3_Evo07_ViAl_SA_FAIMS40_IO44_A556_MOMI_GBGD_P121_G12_R01.raw	v1.1.0	NT=ms-proteomics;VV=v1.1.0	NT=human;VV=v1.1.0	NT=dia-acquisition;VV=v1.1.0	NT=sdrf-skills;VV=v0.2.0	Data-independent acquisition	NT=Orbitrap Astral;AC=MS:1003378	NT=Trypsin;AC=MS:1001251	NT=Lys-C;AC=MS:1001309	label free sample	1	NT=HCD;AC=MS:1000422	25% NCE	10 ppm	10 ppm	NT=Dithiothreitol (DTT);AC=PRIDE:0000608	NT=Chloroacetamide (ClAA);AC=PRIDE:0000600	NT=Carbamidomethyl;AC=UNIMOD:4;TA=C;MT=Fixed	NT=Oxidation;AC=UNIMOD:35;TA=M;MT=Variable	NT=asymmetric track lossless time-of-flight analyzer;AC=MS:1003379	MOMI GBGD	2025-04-03	380m/z-980m/z	150m/z-2000m/z	not available	not available	4
MOMI_QC_GBGD_P121_H12	Homo sapiens	blood plasma	not applicable	1	pooled	not available	not available	not available	not available	pooled	20250403_OA3_Evo07_ViAl_SA_FAIMS40_IO44_A556_MOMI_GBGD_P121_H12_R01	proteomic profiling by mass spectrometry	1	20250403_OA3_Evo07_ViAl_SA_FAIMS40_IO44_A556_MOMI_GBGD_P121_H12_R01.raw	v1.1.0	NT=ms-proteomics;VV=v1.1.0	NT=human;VV=v1.1.0	NT=dia-acquisition;VV=v1.1.0	NT=sdrf-skills;VV=v0.2.0	Data-independent acquisition	NT=Orbitrap Astral;AC=MS:1003378	NT=Trypsin;AC=MS:1001251	NT=Lys-C;AC=MS:1001309	label free sample	1	NT=HCD;AC=MS:1000422	25% NCE	10 ppm	10 ppm	NT=Dithiothreitol (DTT);AC=PRIDE:0000608	NT=Chloroacetamide (ClAA);AC=PRIDE:0000600	NT=Carbamidomethyl;AC=UNIMOD:4;TA=C;MT=Fixed	NT=Oxidation;AC=UNIMOD:35;TA=M;MT=Variable	NT=asymmetric track lossless time-of-flight analyzer;AC=MS:1003379	MOMI GBGD	2025-04-03	380m/z-980m/z	150m/z-2000m/z	not available	not available	4
MOMI_QC_GBGD_P122_E12	Homo sapiens	blood plasma	not applicable	1	pooled	not available	not available	not available	not available	pooled	20250403_OA3_Evo07_ViAl_SA_FAIMS40_IO44_A556_MOMI_GBGD_P122_E12_R01	proteomic profiling by mass spectrometry	1	20250403_OA3_Evo07_ViAl_SA_FAIMS40_IO44_A556_MOMI_GBGD_P122_E12_R01.raw	v1.1.0	NT=ms-proteomics;VV=v1.1.0	NT=human;VV=v1.1.0	NT=dia-acquisition;VV=v1.1.0	NT=sdrf-skills;VV=v0.2.0	Data-independent acquisition	NT=Orbitrap Astral;AC=MS:1003378	NT=Trypsin;AC=MS:1001251	NT=Lys-C;AC=MS:1001309	label free sample	1	NT=HCD;AC=MS:1000422	25% NCE	10 ppm	10 ppm	NT=Dithiothreitol (DTT);AC=PRIDE:0000608	NT=Chloroacetamide (ClAA);AC=PRIDE:0000600	NT=Carbamidomethyl;AC=UNIMOD:4;TA=C;MT=Fixed	NT=Oxidation;AC=UNIMOD:35;TA=M;MT=Variable	NT=asymmetric track lossless time-of-flight analyzer;AC=MS:1003379	MOMI GBGD	2025-04-03	380m/z-980m/z	150m/z-2000m/z	not available	not available	4
MOMI_QC_GBGD_P122_F12	Homo sapiens	blood plasma	not applicable	1	pooled	not available	not available	not available	not available	pooled	20250403_OA3_Evo07_ViAl_SA_FAIMS40_IO44_A556_MOMI_GBGD_P122_F12_R01	proteomic profiling by mass spectrometry	1	20250403_OA3_Evo07_ViAl_SA_FAIMS40_IO44_A556_MOMI_GBGD_P122_F12_R01.raw	v1.1.0	NT=ms-proteomics;VV=v1.1.0	NT=human;VV=v1.1.0	NT=dia-acquisition;VV=v1.1.0	NT=sdrf-skills;VV=v0.2.0	Data-independent acquisition	NT=Orbitrap Astral;AC=MS:1003378	NT=Trypsin;AC=MS:1001251	NT=Lys-C;AC=MS:1001309	label free sample	1	NT=HCD;AC=MS:1000422	25% NCE	10 ppm	10 ppm	NT=Dithiothreitol (DTT);AC=PRIDE:0000608	NT=Chloroacetamide (ClAA);AC=PRIDE:0000600	NT=Carbamidomethyl;AC=UNIMOD:4;TA=C;MT=Fixed	NT=Oxidation;AC=UNIMOD:35;TA=M;MT=Variable	NT=asymmetric track lossless time-of-flight analyzer;AC=MS:1003379	MOMI GBGD	2025-04-03	380m/z-980m/z	150m/z-2000m/z	not available	not available	4
MOMI_QC_GBGD_P122_G12	Homo sapiens	blood plasma	not applicable	1	pooled	not available	not available	not available	not available	pooled	20250403_OA3_Evo07_ViAl_SA_FAIMS40_IO44_A556_MOMI_GBGD_P122_G12_R01	proteomic profiling by mass spectrometry	1	20250403_OA3_Evo07_ViAl_SA_FAIMS40_IO44_A556_MOMI_GBGD_P122_G12_R01.raw	v1.1.0	NT=ms-proteomics;VV=v1.1.0	NT=human;VV=v1.1.0	NT=dia-acquisition;VV=v1.1.0	NT=sdrf-skills;VV=v0.2.0	Data-independent acquisition	NT=Orbitrap Astral;AC=MS:1003378	NT=Trypsin;AC=MS:1001251	NT=Lys-C;AC=MS:1001309	label free sample	1	NT=HCD;AC=MS:1000422	25% NCE	10 ppm	10 ppm	NT=Dithiothreitol (DTT);AC=PRIDE:0000608	NT=Chloroacetamide (ClAA);AC=PRIDE:0000600	NT=Carbamidomethyl;AC=UNIMOD:4;TA=C;MT=Fixed	NT=Oxidation;AC=UNIMOD:35;TA=M;MT=Variable	NT=asymmetric track lossless time-of-flight analyzer;AC=MS:1003379	MOMI GBGD	2025-04-03	380m/z-980m/z	150m/z-2000m/z	not available	not available	4
MOMI_QC_GBGD_P122_H12	Homo sapiens	blood plasma	not applicable	1	pooled	not available	not available	not available	not available	pooled	20250403_OA3_Evo07_ViAl_SA_FAIMS40_IO44_A556_MOMI_GBGD_P122_H12_R01	proteomic profiling by mass spectrometry	1	20250403_OA3_Evo07_ViAl_SA_FAIMS40_IO44_A556_MOMI_GBGD_P122_H12_R01.raw	v1.1.0	NT=ms-proteomics;VV=v1.1.0	NT=human;VV=v1.1.0	NT=dia-acquisition;VV=v1.1.0	NT=sdrf-skills;VV=v0.2.0	Data-independent acquisition	NT=Orbitrap Astral;AC=MS:1003378	NT=Trypsin;AC=MS:1001251	NT=Lys-C;AC=MS:1001309	label free sample	1	NT=HCD;AC=MS:1000422	25% NCE	10 ppm	10 ppm	NT=Dithiothreitol (DTT);AC=PRIDE:0000608	NT=Chloroacetamide (ClAA);AC=PRIDE:0000600	NT=Carbamidomethyl;AC=UNIMOD:4;TA=C;MT=Fixed	NT=Oxidation;AC=UNIMOD:35;TA=M;MT=Variable	NT=asymmetric track lossless time-of-flight analyzer;AC=MS:1003379	MOMI GBGD	2025-04-03	380m/z-980m/z	150m/z-2000m/z	not available	not available	4
MOMI_QC_GBGD_P123_E12	Homo sapiens	blood plasma	not applicable	1	pooled	not available	not available	not available	not available	pooled	20250403_OA3_Evo07_ViAl_SA_FAIMS40_IO44_A556_MOMI_GBGD_P123_E12_R01	proteomic profiling by mass spectrometry	1	20250403_OA3_Evo07_ViAl_SA_FAIMS40_IO44_A556_MOMI_GBGD_P123_E12_R01.raw	v1.1.0	NT=ms-proteomics;VV=v1.1.0	NT=human;VV=v1.1.0	NT=dia-acquisition;VV=v1.1.0	NT=sdrf-skills;VV=v0.2.0	Data-independent acquisition	NT=Orbitrap Astral;AC=MS:1003378	NT=Trypsin;AC=MS:1001251	NT=Lys-C;AC=MS:1001309	label free sample	1	NT=HCD;AC=MS:1000422	25% NCE	10 ppm	10 ppm	NT=Dithiothreitol (DTT);AC=PRIDE:0000608	NT=Chloroacetamide (ClAA);AC=PRIDE:0000600	NT=Carbamidomethyl;AC=UNIMOD:4;TA=C;MT=Fixed	NT=Oxidation;AC=UNIMOD:35;TA=M;MT=Variable	NT=asymmetric track lossless time-of-flight analyzer;AC=MS:1003379	MOMI GBGD	2025-04-03	380m/z-980m/z	150m/z-2000m/z	not available	not available	4
MOMI_QC_GBGD_P123_F12	Homo sapiens	blood plasma	not applicable	1	pooled	not available	not available	not available	not available	pooled	20250403_OA3_Evo07_ViAl_SA_FAIMS40_IO44_A556_MOMI_GBGD_P123_F12_R01	proteomic profiling by mass spectrometry	1	20250403_OA3_Evo07_ViAl_SA_FAIMS40_IO44_A556_MOMI_GBGD_P123_F12_R01.raw	v1.1.0	NT=ms-proteomics;VV=v1.1.0	NT=human;VV=v1.1.0	NT=dia-acquisition;VV=v1.1.0	NT=sdrf-skills;VV=v0.2.0	Data-independent acquisition	NT=Orbitrap Astral;AC=MS:1003378	NT=Trypsin;AC=MS:1001251	NT=Lys-C;AC=MS:1001309	label free sample	1	NT=HCD;AC=MS:1000422	25% NCE	10 ppm	10 ppm	NT=Dithiothreitol (DTT);AC=PRIDE:0000608	NT=Chloroacetamide (ClAA);AC=PRIDE:0000600	NT=Carbamidomethyl;AC=UNIMOD:4;TA=C;MT=Fixed	NT=Oxidation;AC=UNIMOD:35;TA=M;MT=Variable	NT=asymmetric track lossless time-of-flight analyzer;AC=MS:1003379	MOMI GBGD	2025-04-03	380m/z-980m/z	150m/z-2000m/z	not available	not available	4
MOMI_QC_GBGD_P123_G12	Homo sapiens	blood plasma	not applicable	1	pooled	not available	not available	not available	not available	pooled	20250403_OA3_Evo07_ViAl_SA_FAIMS40_IO44_A556_MOMI_GBGD_P123_G12_R01	proteomic profiling by mass spectrometry	1	20250403_OA3_Evo07_ViAl_SA_FAIMS40_IO44_A556_MOMI_GBGD_P123_G12_R01.raw	v1.1.0	NT=ms-proteomics;VV=v1.1.0	NT=human;VV=v1.1.0	NT=dia-acquisition;VV=v1.1.0	NT=sdrf-skills;VV=v0.2.0	Data-independent acquisition	NT=Orbitrap Astral;AC=MS:1003378	NT=Trypsin;AC=MS:1001251	NT=Lys-C;AC=MS:1001309	label free sample	1	NT=HCD;AC=MS:1000422	25% NCE	10 ppm	10 ppm	NT=Dithiothreitol (DTT);AC=PRIDE:0000608	NT=Chloroacetamide (ClAA);AC=PRIDE:0000600	NT=Carbamidomethyl;AC=UNIMOD:4;TA=C;MT=Fixed	NT=Oxidation;AC=UNIMOD:35;TA=M;MT=Variable	NT=asymmetric track lossless time-of-flight analyzer;AC=MS:1003379	MOMI GBGD	2025-04-03	380m/z-980m/z	150m/z-2000m/z	not available	not available	4
MOMI_QC_GBGD_P123_H12	Homo sapiens	blood plasma	not applicable	1	pooled	not available	not available	not available	not available	pooled	20250403_OA3_Evo07_ViAl_SA_FAIMS40_IO44_A556_MOMI_GBGD_P123_H12_R01	proteomic profiling by mass spectrometry	1	20250403_OA3_Evo07_ViAl_SA_FAIMS40_IO44_A556_MOMI_GBGD_P123_H12_R01.raw	v1.1.0	NT=ms-proteomics;VV=v1.1.0	NT=human;VV=v1.1.0	NT=dia-acquisition;VV=v1.1.0	NT=sdrf-skills;VV=v0.2.0	Data-independent acquisition	NT=Orbitrap Astral;AC=MS:1003378	NT=Trypsin;AC=MS:1001251	NT=Lys-C;AC=MS:1001309	label free sample	1	NT=HCD;AC=MS:1000422	25% NCE	10 ppm	10 ppm	NT=Dithiothreitol (DTT);AC=PRIDE:0000608	NT=Chloroacetamide (ClAA);AC=PRIDE:0000600	NT=Carbamidomethyl;AC=UNIMOD:4;TA=C;MT=Fixed	NT=Oxidation;AC=UNIMOD:35;TA=M;MT=Variable	NT=asymmetric track lossless time-of-flight analyzer;AC=MS:1003379	MOMI GBGD	2025-04-03	380m/z-980m/z	150m/z-2000m/z	not available	not available	4
MOMI_QC_GBGD_P124_E12	Homo sapiens	blood plasma	not applicable	1	pooled	not available	not available	not available	not available	pooled	20250403_OA3_Evo07_ViAl_SA_FAIMS40_IO44_A556_MOMI_GBGD_P124_E12_R01	proteomic profiling by mass spectrometry	1	20250403_OA3_Evo07_ViAl_SA_FAIMS40_IO44_A556_MOMI_GBGD_P124_E12_R01.raw	v1.1.0	NT=ms-proteomics;VV=v1.1.0	NT=human;VV=v1.1.0	NT=dia-acquisition;VV=v1.1.0	NT=sdrf-skills;VV=v0.2.0	Data-independent acquisition	NT=Orbitrap Astral;AC=MS:1003378	NT=Trypsin;AC=MS:1001251	NT=Lys-C;AC=MS:1001309	label free sample	1	NT=HCD;AC=MS:1000422	25% NCE	10 ppm	10 ppm	NT=Dithiothreitol (DTT);AC=PRIDE:0000608	NT=Chloroacetamide (ClAA);AC=PRIDE:0000600	NT=Carbamidomethyl;AC=UNIMOD:4;TA=C;MT=Fixed	NT=Oxidation;AC=UNIMOD:35;TA=M;MT=Variable	NT=asymmetric track lossless time-of-flight analyzer;AC=MS:1003379	MOMI GBGD	2025-04-03	380m/z-980m/z	150m/z-2000m/z	not available	not available	4
MOMI_QC_GBGD_P124_F12	Homo sapiens	blood plasma	not applicable	1	pooled	not available	not available	not available	not available	pooled	20250403_OA3_Evo07_ViAl_SA_FAIMS40_IO44_A556_MOMI_GBGD_P124_F12_R01	proteomic profiling by mass spectrometry	1	20250403_OA3_Evo07_ViAl_SA_FAIMS40_IO44_A556_MOMI_GBGD_P124_F12_R01.raw	v1.1.0	NT=ms-proteomics;VV=v1.1.0	NT=human;VV=v1.1.0	NT=dia-acquisition;VV=v1.1.0	NT=sdrf-skills;VV=v0.2.0	Data-independent acquisition	NT=Orbitrap Astral;AC=MS:1003378	NT=Trypsin;AC=MS:1001251	NT=Lys-C;AC=MS:1001309	label free sample	1	NT=HCD;AC=MS:1000422	25% NCE	10 ppm	10 ppm	NT=Dithiothreitol (DTT);AC=PRIDE:0000608	NT=Chloroacetamide (ClAA);AC=PRIDE:0000600	NT=Carbamidomethyl;AC=UNIMOD:4;TA=C;MT=Fixed	NT=Oxidation;AC=UNIMOD:35;TA=M;MT=Variable	NT=asymmetric track lossless time-of-flight analyzer;AC=MS:1003379	MOMI GBGD	2025-04-03	380m/z-980m/z	150m/z-2000m/z	not available	not available	4
MOMI_QC_GBGD_P124_G12	Homo sapiens	blood plasma	not applicable	1	pooled	not available	not available	not available	not available	pooled	20250403_OA3_Evo07_ViAl_SA_FAIMS40_IO44_A556_MOMI_GBGD_P124_G12_R01	proteomic profiling by mass spectrometry	1	20250403_OA3_Evo07_ViAl_SA_FAIMS40_IO44_A556_MOMI_GBGD_P124_G12_R01.raw	v1.1.0	NT=ms-proteomics;VV=v1.1.0	NT=human;VV=v1.1.0	NT=dia-acquisition;VV=v1.1.0	NT=sdrf-skills;VV=v0.2.0	Data-independent acquisition	NT=Orbitrap Astral;AC=MS:1003378	NT=Trypsin;AC=MS:1001251	NT=Lys-C;AC=MS:1001309	label free sample	1	NT=HCD;AC=MS:1000422	25% NCE	10 ppm	10 ppm	NT=Dithiothreitol (DTT);AC=PRIDE:0000608	NT=Chloroacetamide (ClAA);AC=PRIDE:0000600	NT=Carbamidomethyl;AC=UNIMOD:4;TA=C;MT=Fixed	NT=Oxidation;AC=UNIMOD:35;TA=M;MT=Variable	NT=asymmetric track lossless time-of-flight analyzer;AC=MS:1003379	MOMI GBGD	2025-04-03	380m/z-980m/z	150m/z-2000m/z	not available	not available	4
MOMI_QC_GBGD_P124_H12	Homo sapiens	blood plasma	not applicable	1	pooled	not available	not available	not available	not available	pooled	20250403_OA3_Evo07_ViAl_SA_FAIMS40_IO44_A556_MOMI_GBGD_P124_H12_R01	proteomic profiling by mass spectrometry	1	20250403_OA3_Evo07_ViAl_SA_FAIMS40_IO44_A556_MOMI_GBGD_P124_H12_R01.raw	v1.1.0	NT=ms-proteomics;VV=v1.1.0	NT=human;VV=v1.1.0	NT=dia-acquisition;VV=v1.1.0	NT=sdrf-skills;VV=v0.2.0	Data-independent acquisition	NT=Orbitrap Astral;AC=MS:1003378	NT=Trypsin;AC=MS:1001251	NT=Lys-C;AC=MS:1001309	label free sample	1	NT=HCD;AC=MS:1000422	25% NCE	10 ppm	10 ppm	NT=Dithiothreitol (DTT);AC=PRIDE:0000608	NT=Chloroacetamide (ClAA);AC=PRIDE:0000600	NT=Carbamidomethyl;AC=UNIMOD:4;TA=C;MT=Fixed	NT=Oxidation;AC=UNIMOD:35;TA=M;MT=Variable	NT=asymmetric track lossless time-of-flight analyzer;AC=MS:1003379	MOMI GBGD	2025-04-03	380m/z-980m/z	150m/z-2000m/z	not available	not available	4
MOMI_QC_GBGD_P125_E12	Homo sapiens	blood plasma	not applicable	1	pooled	not available	not available	not available	not available	pooled	20250418_OA3_Evo07_ViAl_SA_FAIMS40_IO44_A556_MOMI_GBGD_P125_E12_R01	proteomic profiling by mass spectrometry	1	20250418_OA3_Evo07_ViAl_SA_FAIMS40_IO44_A556_MOMI_GBGD_P125_E12_R01.raw	v1.1.0	NT=ms-proteomics;VV=v1.1.0	NT=human;VV=v1.1.0	NT=dia-acquisition;VV=v1.1.0	NT=sdrf-skills;VV=v0.2.0	Data-independent acquisition	NT=Orbitrap Astral;AC=MS:1003378	NT=Trypsin;AC=MS:1001251	NT=Lys-C;AC=MS:1001309	label free sample	1	NT=HCD;AC=MS:1000422	25% NCE	10 ppm	10 ppm	NT=Dithiothreitol (DTT);AC=PRIDE:0000608	NT=Chloroacetamide (ClAA);AC=PRIDE:0000600	NT=Carbamidomethyl;AC=UNIMOD:4;TA=C;MT=Fixed	NT=Oxidation;AC=UNIMOD:35;TA=M;MT=Variable	NT=asymmetric track lossless time-of-flight analyzer;AC=MS:1003379	MOMI GBGD	2025-04-18	380m/z-980m/z	150m/z-2000m/z	not available	not available	4
MOMI_QC_GBGD_P125_F12	Homo sapiens	blood plasma	not applicable	1	pooled	not available	not available	not available	not available	pooled	20250418_OA3_Evo07_ViAl_SA_FAIMS40_IO44_A556_MOMI_GBGD_P125_F12_R01	proteomic profiling by mass spectrometry	1	20250418_OA3_Evo07_ViAl_SA_FAIMS40_IO44_A556_MOMI_GBGD_P125_F12_R01.raw	v1.1.0	NT=ms-proteomics;VV=v1.1.0	NT=human;VV=v1.1.0	NT=dia-acquisition;VV=v1.1.0	NT=sdrf-skills;VV=v0.2.0	Data-independent acquisition	NT=Orbitrap Astral;AC=MS:1003378	NT=Trypsin;AC=MS:1001251	NT=Lys-C;AC=MS:1001309	label free sample	1	NT=HCD;AC=MS:1000422	25% NCE	10 ppm	10 ppm	NT=Dithiothreitol (DTT);AC=PRIDE:0000608	NT=Chloroacetamide (ClAA);AC=PRIDE:0000600	NT=Carbamidomethyl;AC=UNIMOD:4;TA=C;MT=Fixed	NT=Oxidation;AC=UNIMOD:35;TA=M;MT=Variable	NT=asymmetric track lossless time-of-flight analyzer;AC=MS:1003379	MOMI GBGD	2025-04-18	380m/z-980m/z	150m/z-2000m/z	not available	not available	4
MOMI_QC_GBGD_P125_G12	Homo sapiens	blood plasma	not applicable	1	pooled	not available	not available	not available	not available	pooled	20250418_OA3_Evo07_ViAl_SA_FAIMS40_IO44_A556_MOMI_GBGD_P125_G12_R01	proteomic profiling by mass spectrometry	1	20250418_OA3_Evo07_ViAl_SA_FAIMS40_IO44_A556_MOMI_GBGD_P125_G12_R01.raw	v1.1.0	NT=ms-proteomics;VV=v1.1.0	NT=human;VV=v1.1.0	NT=dia-acquisition;VV=v1.1.0	NT=sdrf-skills;VV=v0.2.0	Data-independent acquisition	NT=Orbitrap Astral;AC=MS:1003378	NT=Trypsin;AC=MS:1001251	NT=Lys-C;AC=MS:1001309	label free sample	1	NT=HCD;AC=MS:1000422	25% NCE	10 ppm	10 ppm	NT=Dithiothreitol (DTT);AC=PRIDE:0000608	NT=Chloroacetamide (ClAA);AC=PRIDE:0000600	NT=Carbamidomethyl;AC=UNIMOD:4;TA=C;MT=Fixed	NT=Oxidation;AC=UNIMOD:35;TA=M;MT=Variable	NT=asymmetric track lossless time-of-flight analyzer;AC=MS:1003379	MOMI GBGD	2025-04-18	380m/z-980m/z	150m/z-2000m/z	not available	not available	4
MOMI_QC_GBGD_P125_H12	Homo sapiens	blood plasma	not applicable	1	pooled	not available	not available	not available	not available	pooled	20250418_OA3_Evo07_ViAl_SA_FAIMS40_IO44_A556_MOMI_GBGD_P125_H12_R01	proteomic profiling by mass spectrometry	1	20250418_OA3_Evo07_ViAl_SA_FAIMS40_IO44_A556_MOMI_GBGD_P125_H12_R01.raw	v1.1.0	NT=ms-proteomics;VV=v1.1.0	NT=human;VV=v1.1.0	NT=dia-acquisition;VV=v1.1.0	NT=sdrf-skills;VV=v0.2.0	Data-independent acquisition	NT=Orbitrap Astral;AC=MS:1003378	NT=Trypsin;AC=MS:1001251	NT=Lys-C;AC=MS:1001309	label free sample	1	NT=HCD;AC=MS:1000422	25% NCE	10 ppm	10 ppm	NT=Dithiothreitol (DTT);AC=PRIDE:0000608	NT=Chloroacetamide (ClAA);AC=PRIDE:0000600	NT=Carbamidomethyl;AC=UNIMOD:4;TA=C;MT=Fixed	NT=Oxidation;AC=UNIMOD:35;TA=M;MT=Variable	NT=asymmetric track lossless time-of-flight analyzer;AC=MS:1003379	MOMI GBGD	2025-04-18	380m/z-980m/z	150m/z-2000m/z	not available	not available	4
MOMI_QC_GBGD_P126_E12	Homo sapiens	blood plasma	not applicable	1	pooled	not available	not available	not available	not available	pooled	20250418_OA3_Evo07_ViAl_SA_FAIMS40_IO44_A556_MOMI_GBGD_P126_E12_R01	proteomic profiling by mass spectrometry	1	20250418_OA3_Evo07_ViAl_SA_FAIMS40_IO44_A556_MOMI_GBGD_P126_E12_R01.raw	v1.1.0	NT=ms-proteomics;VV=v1.1.0	NT=human;VV=v1.1.0	NT=dia-acquisition;VV=v1.1.0	NT=sdrf-skills;VV=v0.2.0	Data-independent acquisition	NT=Orbitrap Astral;AC=MS:1003378	NT=Trypsin;AC=MS:1001251	NT=Lys-C;AC=MS:1001309	label free sample	1	NT=HCD;AC=MS:1000422	25% NCE	10 ppm	10 ppm	NT=Dithiothreitol (DTT);AC=PRIDE:0000608	NT=Chloroacetamide (ClAA);AC=PRIDE:0000600	NT=Carbamidomethyl;AC=UNIMOD:4;TA=C;MT=Fixed	NT=Oxidation;AC=UNIMOD:35;TA=M;MT=Variable	NT=asymmetric track lossless time-of-flight analyzer;AC=MS:1003379	MOMI GBGD	2025-04-18	380m/z-980m/z	150m/z-2000m/z	not available	not available	4
MOMI_QC_GBGD_P126_F12	Homo sapiens	blood plasma	not applicable	1	pooled	not available	not available	not available	not available	pooled	20250418_OA3_Evo07_ViAl_SA_FAIMS40_IO44_A556_MOMI_GBGD_P126_F12_R01	proteomic profiling by mass spectrometry	1	20250418_OA3_Evo07_ViAl_SA_FAIMS40_IO44_A556_MOMI_GBGD_P126_F12_R01.raw	v1.1.0	NT=ms-proteomics;VV=v1.1.0	NT=human;VV=v1.1.0	NT=dia-acquisition;VV=v1.1.0	NT=sdrf-skills;VV=v0.2.0	Data-independent acquisition	NT=Orbitrap Astral;AC=MS:1003378	NT=Trypsin;AC=MS:1001251	NT=Lys-C;AC=MS:1001309	label free sample	1	NT=HCD;AC=MS:1000422	25% NCE	10 ppm	10 ppm	NT=Dithiothreitol (DTT);AC=PRIDE:0000608	NT=Chloroacetamide (ClAA);AC=PRIDE:0000600	NT=Carbamidomethyl;AC=UNIMOD:4;TA=C;MT=Fixed	NT=Oxidation;AC=UNIMOD:35;TA=M;MT=Variable	NT=asymmetric track lossless time-of-flight analyzer;AC=MS:1003379	MOMI GBGD	2025-04-18	380m/z-980m/z	150m/z-2000m/z	not available	not available	4
MOMI_QC_GBGD_P126_G12	Homo sapiens	blood plasma	not applicable	1	pooled	not available	not available	not available	not available	pooled	20250418_OA3_Evo07_ViAl_SA_FAIMS40_IO44_A556_MOMI_GBGD_P126_G12_R01	proteomic profiling by mass spectrometry	1	20250418_OA3_Evo07_ViAl_SA_FAIMS40_IO44_A556_MOMI_GBGD_P126_G12_R01.raw	v1.1.0	NT=ms-proteomics;VV=v1.1.0	NT=human;VV=v1.1.0	NT=dia-acquisition;VV=v1.1.0	NT=sdrf-skills;VV=v0.2.0	Data-independent acquisition	NT=Orbitrap Astral;AC=MS:1003378	NT=Trypsin;AC=MS:1001251	NT=Lys-C;AC=MS:1001309	label free sample	1	NT=HCD;AC=MS:1000422	25% NCE	10 ppm	10 ppm	NT=Dithiothreitol (DTT);AC=PRIDE:0000608	NT=Chloroacetamide (ClAA);AC=PRIDE:0000600	NT=Carbamidomethyl;AC=UNIMOD:4;TA=C;MT=Fixed	NT=Oxidation;AC=UNIMOD:35;TA=M;MT=Variable	NT=asymmetric track lossless time-of-flight analyzer;AC=MS:1003379	MOMI GBGD	2025-04-18	380m/z-980m/z	150m/z-2000m/z	not available	not available	4
MOMI_QC_GBGD_P126_H12	Homo sapiens	blood plasma	not applicable	1	pooled	not available	not available	not available	not available	pooled	20250418_OA3_Evo07_ViAl_SA_FAIMS40_IO44_A556_MOMI_GBGD_P126_H12_R01	proteomic profiling by mass spectrometry	1	20250418_OA3_Evo07_ViAl_SA_FAIMS40_IO44_A556_MOMI_GBGD_P126_H12_R01.raw	v1.1.0	NT=ms-proteomics;VV=v1.1.0	NT=human;VV=v1.1.0	NT=dia-acquisition;VV=v1.1.0	NT=sdrf-skills;VV=v0.2.0	Data-independent acquisition	NT=Orbitrap Astral;AC=MS:1003378	NT=Trypsin;AC=MS:1001251	NT=Lys-C;AC=MS:1001309	label free sample	1	NT=HCD;AC=MS:1000422	25% NCE	10 ppm	10 ppm	NT=Dithiothreitol (DTT);AC=PRIDE:0000608	NT=Chloroacetamide (ClAA);AC=PRIDE:0000600	NT=Carbamidomethyl;AC=UNIMOD:4;TA=C;MT=Fixed	NT=Oxidation;AC=UNIMOD:35;TA=M;MT=Variable	NT=asymmetric track lossless time-of-flight analyzer;AC=MS:1003379	MOMI GBGD	2025-04-18	380m/z-980m/z	150m/z-2000m/z	not available	not available	4
MOMI_QC_GBGD_P127_E12	Homo sapiens	blood plasma	not applicable	1	pooled	not available	not available	not available	not available	pooled	20250418_OA3_Evo07_ViAl_SA_FAIMS40_IO44_A556_MOMI_GBGD_P127_E12_R01	proteomic profiling by mass spectrometry	1	20250418_OA3_Evo07_ViAl_SA_FAIMS40_IO44_A556_MOMI_GBGD_P127_E12_R01.raw	v1.1.0	NT=ms-proteomics;VV=v1.1.0	NT=human;VV=v1.1.0	NT=dia-acquisition;VV=v1.1.0	NT=sdrf-skills;VV=v0.2.0	Data-independent acquisition	NT=Orbitrap Astral;AC=MS:1003378	NT=Trypsin;AC=MS:1001251	NT=Lys-C;AC=MS:1001309	label free sample	1	NT=HCD;AC=MS:1000422	25% NCE	10 ppm	10 ppm	NT=Dithiothreitol (DTT);AC=PRIDE:0000608	NT=Chloroacetamide (ClAA);AC=PRIDE:0000600	NT=Carbamidomethyl;AC=UNIMOD:4;TA=C;MT=Fixed	NT=Oxidation;AC=UNIMOD:35;TA=M;MT=Variable	NT=asymmetric track lossless time-of-flight analyzer;AC=MS:1003379	MOMI GBGD	2025-04-18	380m/z-980m/z	150m/z-2000m/z	not available	not available	4
MOMI_QC_GBGD_P127_F12	Homo sapiens	blood plasma	not applicable	1	pooled	not available	not available	not available	not available	pooled	20250418_OA3_Evo07_ViAl_SA_FAIMS40_IO44_A556_MOMI_GBGD_P127_F12_R01	proteomic profiling by mass spectrometry	1	20250418_OA3_Evo07_ViAl_SA_FAIMS40_IO44_A556_MOMI_GBGD_P127_F12_R01.raw	v1.1.0	NT=ms-proteomics;VV=v1.1.0	NT=human;VV=v1.1.0	NT=dia-acquisition;VV=v1.1.0	NT=sdrf-skills;VV=v0.2.0	Data-independent acquisition	NT=Orbitrap Astral;AC=MS:1003378	NT=Trypsin;AC=MS:1001251	NT=Lys-C;AC=MS:1001309	label free sample	1	NT=HCD;AC=MS:1000422	25% NCE	10 ppm	10 ppm	NT=Dithiothreitol (DTT);AC=PRIDE:0000608	NT=Chloroacetamide (ClAA);AC=PRIDE:0000600	NT=Carbamidomethyl;AC=UNIMOD:4;TA=C;MT=Fixed	NT=Oxidation;AC=UNIMOD:35;TA=M;MT=Variable	NT=asymmetric track lossless time-of-flight analyzer;AC=MS:1003379	MOMI GBGD	2025-04-18	380m/z-980m/z	150m/z-2000m/z	not available	not available	4
MOMI_QC_GBGD_P127_G12	Homo sapiens	blood plasma	not applicable	1	pooled	not available	not available	not available	not available	pooled	20250418_OA3_Evo07_ViAl_SA_FAIMS40_IO44_A556_MOMI_GBGD_P127_G12_R01	proteomic profiling by mass spectrometry	1	20250418_OA3_Evo07_ViAl_SA_FAIMS40_IO44_A556_MOMI_GBGD_P127_G12_R01.raw	v1.1.0	NT=ms-proteomics;VV=v1.1.0	NT=human;VV=v1.1.0	NT=dia-acquisition;VV=v1.1.0	NT=sdrf-skills;VV=v0.2.0	Data-independent acquisition	NT=Orbitrap Astral;AC=MS:1003378	NT=Trypsin;AC=MS:1001251	NT=Lys-C;AC=MS:1001309	label free sample	1	NT=HCD;AC=MS:1000422	25% NCE	10 ppm	10 ppm	NT=Dithiothreitol (DTT);AC=PRIDE:0000608	NT=Chloroacetamide (ClAA);AC=PRIDE:0000600	NT=Carbamidomethyl;AC=UNIMOD:4;TA=C;MT=Fixed	NT=Oxidation;AC=UNIMOD:35;TA=M;MT=Variable	NT=asymmetric track lossless time-of-flight analyzer;AC=MS:1003379	MOMI GBGD	2025-04-18	380m/z-980m/z	150m/z-2000m/z	not available	not available	4
MOMI_QC_GBGD_P127_H12	Homo sapiens	blood plasma	not applicable	1	pooled	not available	not available	not available	not available	pooled	20250418_OA3_Evo07_ViAl_SA_FAIMS40_IO44_A556_MOMI_GBGD_P127_H12_R01	proteomic profiling by mass spectrometry	1	20250418_OA3_Evo07_ViAl_SA_FAIMS40_IO44_A556_MOMI_GBGD_P127_H12_R01.raw	v1.1.0	NT=ms-proteomics;VV=v1.1.0	NT=human;VV=v1.1.0	NT=dia-acquisition;VV=v1.1.0	NT=sdrf-skills;VV=v0.2.0	Data-independent acquisition	NT=Orbitrap Astral;AC=MS:1003378	NT=Trypsin;AC=MS:1001251	NT=Lys-C;AC=MS:1001309	label free sample	1	NT=HCD;AC=MS:1000422	25% NCE	10 ppm	10 ppm	NT=Dithiothreitol (DTT);AC=PRIDE:0000608	NT=Chloroacetamide (ClAA);AC=PRIDE:0000600	NT=Carbamidomethyl;AC=UNIMOD:4;TA=C;MT=Fixed	NT=Oxidation;AC=UNIMOD:35;TA=M;MT=Variable	NT=asymmetric track lossless time-of-flight analyzer;AC=MS:1003379	MOMI GBGD	2025-04-18	380m/z-980m/z	150m/z-2000m/z	not available	not available	4
MOMI_QC_GBGD_P128_E12	Homo sapiens	blood plasma	not applicable	1	pooled	not available	not available	not available	not available	pooled	20250418_OA3_Evo07_ViAl_SA_FAIMS40_IO44_A556_MOMI_GBGD_P128_E12_R01	proteomic profiling by mass spectrometry	1	20250418_OA3_Evo07_ViAl_SA_FAIMS40_IO44_A556_MOMI_GBGD_P128_E12_R01.raw	v1.1.0	NT=ms-proteomics;VV=v1.1.0	NT=human;VV=v1.1.0	NT=dia-acquisition;VV=v1.1.0	NT=sdrf-skills;VV=v0.2.0	Data-independent acquisition	NT=Orbitrap Astral;AC=MS:1003378	NT=Trypsin;AC=MS:1001251	NT=Lys-C;AC=MS:1001309	label free sample	1	NT=HCD;AC=MS:1000422	25% NCE	10 ppm	10 ppm	NT=Dithiothreitol (DTT);AC=PRIDE:0000608	NT=Chloroacetamide (ClAA);AC=PRIDE:0000600	NT=Carbamidomethyl;AC=UNIMOD:4;TA=C;MT=Fixed	NT=Oxidation;AC=UNIMOD:35;TA=M;MT=Variable	NT=asymmetric track lossless time-of-flight analyzer;AC=MS:1003379	MOMI GBGD	2025-04-18	380m/z-980m/z	150m/z-2000m/z	not available	not available	4
MOMI_QC_GBGD_P128_F12	Homo sapiens	blood plasma	not applicable	1	pooled	not available	not available	not available	not available	pooled	20250418_OA3_Evo07_ViAl_SA_FAIMS40_IO44_A556_MOMI_GBGD_P128_F12_R01	proteomic profiling by mass spectrometry	1	20250418_OA3_Evo07_ViAl_SA_FAIMS40_IO44_A556_MOMI_GBGD_P128_F12_R01.raw	v1.1.0	NT=ms-proteomics;VV=v1.1.0	NT=human;VV=v1.1.0	NT=dia-acquisition;VV=v1.1.0	NT=sdrf-skills;VV=v0.2.0	Data-independent acquisition	NT=Orbitrap Astral;AC=MS:1003378	NT=Trypsin;AC=MS:1001251	NT=Lys-C;AC=MS:1001309	label free sample	1	NT=HCD;AC=MS:1000422	25% NCE	10 ppm	10 ppm	NT=Dithiothreitol (DTT);AC=PRIDE:0000608	NT=Chloroacetamide (ClAA);AC=PRIDE:0000600	NT=Carbamidomethyl;AC=UNIMOD:4;TA=C;MT=Fixed	NT=Oxidation;AC=UNIMOD:35;TA=M;MT=Variable	NT=asymmetric track lossless time-of-flight analyzer;AC=MS:1003379	MOMI GBGD	2025-04-18	380m/z-980m/z	150m/z-2000m/z	not available	not available	4
MOMI_QC_GBGD_P128_G12	Homo sapiens	blood plasma	not applicable	1	pooled	not available	not available	not available	not available	pooled	20250418_OA3_Evo07_ViAl_SA_FAIMS40_IO44_A556_MOMI_GBGD_P128_G12_R01	proteomic profiling by mass spectrometry	1	20250418_OA3_Evo07_ViAl_SA_FAIMS40_IO44_A556_MOMI_GBGD_P128_G12_R01.raw	v1.1.0	NT=ms-proteomics;VV=v1.1.0	NT=human;VV=v1.1.0	NT=dia-acquisition;VV=v1.1.0	NT=sdrf-skills;VV=v0.2.0	Data-independent acquisition	NT=Orbitrap Astral;AC=MS:1003378	NT=Trypsin;AC=MS:1001251	NT=Lys-C;AC=MS:1001309	label free sample	1	NT=HCD;AC=MS:1000422	25% NCE	10 ppm	10 ppm	NT=Dithiothreitol (DTT);AC=PRIDE:0000608	NT=Chloroacetamide (ClAA);AC=PRIDE:0000600	NT=Carbamidomethyl;AC=UNIMOD:4;TA=C;MT=Fixed	NT=Oxidation;AC=UNIMOD:35;TA=M;MT=Variable	NT=asymmetric track lossless time-of-flight analyzer;AC=MS:1003379	MOMI GBGD	2025-04-18	380m/z-980m/z	150m/z-2000m/z	not available	not available	4
MOMI_QC_GBGD_P128_H12	Homo sapiens	blood plasma	not applicable	1	pooled	not available	not available	not available	not available	pooled	20250418_OA3_Evo07_ViAl_SA_FAIMS40_IO44_A556_MOMI_GBGD_P128_H12_R01	proteomic profiling by mass spectrometry	1	20250418_OA3_Evo07_ViAl_SA_FAIMS40_IO44_A556_MOMI_GBGD_P128_H12_R01.raw	v1.1.0	NT=ms-proteomics;VV=v1.1.0	NT=human;VV=v1.1.0	NT=dia-acquisition;VV=v1.1.0	NT=sdrf-skills;VV=v0.2.0	Data-independent acquisition	NT=Orbitrap Astral;AC=MS:1003378	NT=Trypsin;AC=MS:1001251	NT=Lys-C;AC=MS:1001309	label free sample	1	NT=HCD;AC=MS:1000422	25% NCE	10 ppm	10 ppm	NT=Dithiothreitol (DTT);AC=PRIDE:0000608	NT=Chloroacetamide (ClAA);AC=PRIDE:0000600	NT=Carbamidomethyl;AC=UNIMOD:4;TA=C;MT=Fixed	NT=Oxidation;AC=UNIMOD:35;TA=M;MT=Variable	NT=asymmetric track lossless time-of-flight analyzer;AC=MS:1003379	MOMI GBGD	2025-04-18	380m/z-980m/z	150m/z-2000m/z	not available	not available	4
MOMI_QC_GBGD_P129_E12	Homo sapiens	blood plasma	not applicable	1	pooled	not available	not available	not available	not available	pooled	20250418_OA3_Evo07_ViAl_SA_FAIMS40_IO44_A556_MOMI_GBGD_P129_E12_R01	proteomic profiling by mass spectrometry	1	20250418_OA3_Evo07_ViAl_SA_FAIMS40_IO44_A556_MOMI_GBGD_P129_E12_R01.raw	v1.1.0	NT=ms-proteomics;VV=v1.1.0	NT=human;VV=v1.1.0	NT=dia-acquisition;VV=v1.1.0	NT=sdrf-skills;VV=v0.2.0	Data-independent acquisition	NT=Orbitrap Astral;AC=MS:1003378	NT=Trypsin;AC=MS:1001251	NT=Lys-C;AC=MS:1001309	label free sample	1	NT=HCD;AC=MS:1000422	25% NCE	10 ppm	10 ppm	NT=Dithiothreitol (DTT);AC=PRIDE:0000608	NT=Chloroacetamide (ClAA);AC=PRIDE:0000600	NT=Carbamidomethyl;AC=UNIMOD:4;TA=C;MT=Fixed	NT=Oxidation;AC=UNIMOD:35;TA=M;MT=Variable	NT=asymmetric track lossless time-of-flight analyzer;AC=MS:1003379	MOMI GBGD	2025-04-18	380m/z-980m/z	150m/z-2000m/z	not available	not available	4
MOMI_QC_GBGD_P129_F12	Homo sapiens	blood plasma	not applicable	1	pooled	not available	not available	not available	not available	pooled	20250418_OA3_Evo07_ViAl_SA_FAIMS40_IO44_A556_MOMI_GBGD_P129_F12_R01	proteomic profiling by mass spectrometry	1	20250418_OA3_Evo07_ViAl_SA_FAIMS40_IO44_A556_MOMI_GBGD_P129_F12_R01.raw	v1.1.0	NT=ms-proteomics;VV=v1.1.0	NT=human;VV=v1.1.0	NT=dia-acquisition;VV=v1.1.0	NT=sdrf-skills;VV=v0.2.0	Data-independent acquisition	NT=Orbitrap Astral;AC=MS:1003378	NT=Trypsin;AC=MS:1001251	NT=Lys-C;AC=MS:1001309	label free sample	1	NT=HCD;AC=MS:1000422	25% NCE	10 ppm	10 ppm	NT=Dithiothreitol (DTT);AC=PRIDE:0000608	NT=Chloroacetamide (ClAA);AC=PRIDE:0000600	NT=Carbamidomethyl;AC=UNIMOD:4;TA=C;MT=Fixed	NT=Oxidation;AC=UNIMOD:35;TA=M;MT=Variable	NT=asymmetric track lossless time-of-flight analyzer;AC=MS:1003379	MOMI GBGD	2025-04-18	380m/z-980m/z	150m/z-2000m/z	not available	not available	4
MOMI_QC_GBGD_P129_G12	Homo sapiens	blood plasma	not applicable	1	pooled	not available	not available	not available	not available	pooled	20250418_OA3_Evo07_ViAl_SA_FAIMS40_IO44_A556_MOMI_GBGD_P129_G12_R01	proteomic profiling by mass spectrometry	1	20250418_OA3_Evo07_ViAl_SA_FAIMS40_IO44_A556_MOMI_GBGD_P129_G12_R01.raw	v1.1.0	NT=ms-proteomics;VV=v1.1.0	NT=human;VV=v1.1.0	NT=dia-acquisition;VV=v1.1.0	NT=sdrf-skills;VV=v0.2.0	Data-independent acquisition	NT=Orbitrap Astral;AC=MS:1003378	NT=Trypsin;AC=MS:1001251	NT=Lys-C;AC=MS:1001309	label free sample	1	NT=HCD;AC=MS:1000422	25% NCE	10 ppm	10 ppm	NT=Dithiothreitol (DTT);AC=PRIDE:0000608	NT=Chloroacetamide (ClAA);AC=PRIDE:0000600	NT=Carbamidomethyl;AC=UNIMOD:4;TA=C;MT=Fixed	NT=Oxidation;AC=UNIMOD:35;TA=M;MT=Variable	NT=asymmetric track lossless time-of-flight analyzer;AC=MS:1003379	MOMI GBGD	2025-04-18	380m/z-980m/z	150m/z-2000m/z	not available	not available	4
MOMI_QC_GBGD_P129_H12	Homo sapiens	blood plasma	not applicable	1	pooled	not available	not available	not available	not available	pooled	20250418_OA3_Evo07_ViAl_SA_FAIMS40_IO44_A556_MOMI_GBGD_P129_H12_R01	proteomic profiling by mass spectrometry	1	20250418_OA3_Evo07_ViAl_SA_FAIMS40_IO44_A556_MOMI_GBGD_P129_H12_R01.raw	v1.1.0	NT=ms-proteomics;VV=v1.1.0	NT=human;VV=v1.1.0	NT=dia-acquisition;VV=v1.1.0	NT=sdrf-skills;VV=v0.2.0	Data-independent acquisition	NT=Orbitrap Astral;AC=MS:1003378	NT=Trypsin;AC=MS:1001251	NT=Lys-C;AC=MS:1001309	label free sample	1	NT=HCD;AC=MS:1000422	25% NCE	10 ppm	10 ppm	NT=Dithiothreitol (DTT);AC=PRIDE:0000608	NT=Chloroacetamide (ClAA);AC=PRIDE:0000600	NT=Carbamidomethyl;AC=UNIMOD:4;TA=C;MT=Fixed	NT=Oxidation;AC=UNIMOD:35;TA=M;MT=Variable	NT=asymmetric track lossless time-of-flight analyzer;AC=MS:1003379	MOMI GBGD	2025-04-18	380m/z-980m/z	150m/z-2000m/z	not available	not available	4
MOMI_QC_GBGD_P130_E12	Homo sapiens	blood plasma	not applicable	1	pooled	not available	not available	not available	not available	pooled	20250418_OA3_Evo07_ViAl_SA_FAIMS40_IO44_A556_MOMI_GBGD_P130_E12_R01	proteomic profiling by mass spectrometry	1	20250418_OA3_Evo07_ViAl_SA_FAIMS40_IO44_A556_MOMI_GBGD_P130_E12_R01.raw	v1.1.0	NT=ms-proteomics;VV=v1.1.0	NT=human;VV=v1.1.0	NT=dia-acquisition;VV=v1.1.0	NT=sdrf-skills;VV=v0.2.0	Data-independent acquisition	NT=Orbitrap Astral;AC=MS:1003378	NT=Trypsin;AC=MS:1001251	NT=Lys-C;AC=MS:1001309	label free sample	1	NT=HCD;AC=MS:1000422	25% NCE	10 ppm	10 ppm	NT=Dithiothreitol (DTT);AC=PRIDE:0000608	NT=Chloroacetamide (ClAA);AC=PRIDE:0000600	NT=Carbamidomethyl;AC=UNIMOD:4;TA=C;MT=Fixed	NT=Oxidation;AC=UNIMOD:35;TA=M;MT=Variable	NT=asymmetric track lossless time-of-flight analyzer;AC=MS:1003379	MOMI GBGD	2025-04-18	380m/z-980m/z	150m/z-2000m/z	not available	not available	4
MOMI_QC_GBGD_P130_F12	Homo sapiens	blood plasma	not applicable	1	pooled	not available	not available	not available	not available	pooled	20250418_OA3_Evo07_ViAl_SA_FAIMS40_IO44_A556_MOMI_GBGD_P130_F12_R01	proteomic profiling by mass spectrometry	1	20250418_OA3_Evo07_ViAl_SA_FAIMS40_IO44_A556_MOMI_GBGD_P130_F12_R01.raw	v1.1.0	NT=ms-proteomics;VV=v1.1.0	NT=human;VV=v1.1.0	NT=dia-acquisition;VV=v1.1.0	NT=sdrf-skills;VV=v0.2.0	Data-independent acquisition	NT=Orbitrap Astral;AC=MS:1003378	NT=Trypsin;AC=MS:1001251	NT=Lys-C;AC=MS:1001309	label free sample	1	NT=HCD;AC=MS:1000422	25% NCE	10 ppm	10 ppm	NT=Dithiothreitol (DTT);AC=PRIDE:0000608	NT=Chloroacetamide (ClAA);AC=PRIDE:0000600	NT=Carbamidomethyl;AC=UNIMOD:4;TA=C;MT=Fixed	NT=Oxidation;AC=UNIMOD:35;TA=M;MT=Variable	NT=asymmetric track lossless time-of-flight analyzer;AC=MS:1003379	MOMI GBGD	2025-04-18	380m/z-980m/z	150m/z-2000m/z	not available	not available	4
MOMI_QC_GBGD_P130_G12	Homo sapiens	blood plasma	not applicable	1	pooled	not available	not available	not available	not available	pooled	20250418_OA3_Evo07_ViAl_SA_FAIMS40_IO44_A556_MOMI_GBGD_P130_G12_R01	proteomic profiling by mass spectrometry	1	20250418_OA3_Evo07_ViAl_SA_FAIMS40_IO44_A556_MOMI_GBGD_P130_G12_R01.raw	v1.1.0	NT=ms-proteomics;VV=v1.1.0	NT=human;VV=v1.1.0	NT=dia-acquisition;VV=v1.1.0	NT=sdrf-skills;VV=v0.2.0	Data-independent acquisition	NT=Orbitrap Astral;AC=MS:1003378	NT=Trypsin;AC=MS:1001251	NT=Lys-C;AC=MS:1001309	label free sample	1	NT=HCD;AC=MS:1000422	25% NCE	10 ppm	10 ppm	NT=Dithiothreitol (DTT);AC=PRIDE:0000608	NT=Chloroacetamide (ClAA);AC=PRIDE:0000600	NT=Carbamidomethyl;AC=UNIMOD:4;TA=C;MT=Fixed	NT=Oxidation;AC=UNIMOD:35;TA=M;MT=Variable	NT=asymmetric track lossless time-of-flight analyzer;AC=MS:1003379	MOMI GBGD	2025-04-18	380m/z-980m/z	150m/z-2000m/z	not available	not available	4
MOMI_QC_GBGD_P130_H12	Homo sapiens	blood plasma	not applicable	1	pooled	not available	not available	not available	not available	pooled	20250418_OA3_Evo07_ViAl_SA_FAIMS40_IO44_A556_MOMI_GBGD_P130_H12_R01	proteomic profiling by mass spectrometry	1	20250418_OA3_Evo07_ViAl_SA_FAIMS40_IO44_A556_MOMI_GBGD_P130_H12_R01.raw	v1.1.0	NT=ms-proteomics;VV=v1.1.0	NT=human;VV=v1.1.0	NT=dia-acquisition;VV=v1.1.0	NT=sdrf-skills;VV=v0.2.0	Data-independent acquisition	NT=Orbitrap Astral;AC=MS:1003378	NT=Trypsin;AC=MS:1001251	NT=Lys-C;AC=MS:1001309	label free sample	1	NT=HCD;AC=MS:1000422	25% NCE	10 ppm	10 ppm	NT=Dithiothreitol (DTT);AC=PRIDE:0000608	NT=Chloroacetamide (ClAA);AC=PRIDE:0000600	NT=Carbamidomethyl;AC=UNIMOD:4;TA=C;MT=Fixed	NT=Oxidation;AC=UNIMOD:35;TA=M;MT=Variable	NT=asymmetric track lossless time-of-flight analyzer;AC=MS:1003379	MOMI GBGD	2025-04-18	380m/z-980m/z	150m/z-2000m/z	not available	not available	4
MOMI_QC_GBGD_P131_E12	Homo sapiens	blood plasma	not applicable	1	pooled	not available	not available	not available	not available	pooled	20250418_OA3_Evo07_ViAl_SA_FAIMS40_IO44_A556_MOMI_GBGD_P131_E12_R01	proteomic profiling by mass spectrometry	1	20250418_OA3_Evo07_ViAl_SA_FAIMS40_IO44_A556_MOMI_GBGD_P131_E12_R01.raw	v1.1.0	NT=ms-proteomics;VV=v1.1.0	NT=human;VV=v1.1.0	NT=dia-acquisition;VV=v1.1.0	NT=sdrf-skills;VV=v0.2.0	Data-independent acquisition	NT=Orbitrap Astral;AC=MS:1003378	NT=Trypsin;AC=MS:1001251	NT=Lys-C;AC=MS:1001309	label free sample	1	NT=HCD;AC=MS:1000422	25% NCE	10 ppm	10 ppm	NT=Dithiothreitol (DTT);AC=PRIDE:0000608	NT=Chloroacetamide (ClAA);AC=PRIDE:0000600	NT=Carbamidomethyl;AC=UNIMOD:4;TA=C;MT=Fixed	NT=Oxidation;AC=UNIMOD:35;TA=M;MT=Variable	NT=asymmetric track lossless time-of-flight analyzer;AC=MS:1003379	MOMI GBGD	2025-04-18	380m/z-980m/z	150m/z-2000m/z	not available	not available	4
MOMI_QC_GBGD_P131_F12	Homo sapiens	blood plasma	not applicable	1	pooled	not available	not available	not available	not available	pooled	20250418_OA3_Evo07_ViAl_SA_FAIMS40_IO44_A556_MOMI_GBGD_P131_F12_R01	proteomic profiling by mass spectrometry	1	20250418_OA3_Evo07_ViAl_SA_FAIMS40_IO44_A556_MOMI_GBGD_P131_F12_R01.raw	v1.1.0	NT=ms-proteomics;VV=v1.1.0	NT=human;VV=v1.1.0	NT=dia-acquisition;VV=v1.1.0	NT=sdrf-skills;VV=v0.2.0	Data-independent acquisition	NT=Orbitrap Astral;AC=MS:1003378	NT=Trypsin;AC=MS:1001251	NT=Lys-C;AC=MS:1001309	label free sample	1	NT=HCD;AC=MS:1000422	25% NCE	10 ppm	10 ppm	NT=Dithiothreitol (DTT);AC=PRIDE:0000608	NT=Chloroacetamide (ClAA);AC=PRIDE:0000600	NT=Carbamidomethyl;AC=UNIMOD:4;TA=C;MT=Fixed	NT=Oxidation;AC=UNIMOD:35;TA=M;MT=Variable	NT=asymmetric track lossless time-of-flight analyzer;AC=MS:1003379	MOMI GBGD	2025-04-18	380m/z-980m/z	150m/z-2000m/z	not available	not available	4
MOMI_QC_GBGD_P131_G12	Homo sapiens	blood plasma	not applicable	1	pooled	not available	not available	not available	not available	pooled	20250418_OA3_Evo07_ViAl_SA_FAIMS40_IO44_A556_MOMI_GBGD_P131_G12_R01	proteomic profiling by mass spectrometry	1	20250418_OA3_Evo07_ViAl_SA_FAIMS40_IO44_A556_MOMI_GBGD_P131_G12_R01.raw	v1.1.0	NT=ms-proteomics;VV=v1.1.0	NT=human;VV=v1.1.0	NT=dia-acquisition;VV=v1.1.0	NT=sdrf-skills;VV=v0.2.0	Data-independent acquisition	NT=Orbitrap Astral;AC=MS:1003378	NT=Trypsin;AC=MS:1001251	NT=Lys-C;AC=MS:1001309	label free sample	1	NT=HCD;AC=MS:1000422	25% NCE	10 ppm	10 ppm	NT=Dithiothreitol (DTT);AC=PRIDE:0000608	NT=Chloroacetamide (ClAA);AC=PRIDE:0000600	NT=Carbamidomethyl;AC=UNIMOD:4;TA=C;MT=Fixed	NT=Oxidation;AC=UNIMOD:35;TA=M;MT=Variable	NT=asymmetric track lossless time-of-flight analyzer;AC=MS:1003379	MOMI GBGD	2025-04-18	380m/z-980m/z	150m/z-2000m/z	not available	not available	4
MOMI_QC_GBGD_P131_H12	Homo sapiens	blood plasma	not applicable	1	pooled	not available	not available	not available	not available	pooled	20250418_OA3_Evo07_ViAl_SA_FAIMS40_IO44_A556_MOMI_GBGD_P131_H12_R01	proteomic profiling by mass spectrometry	1	20250418_OA3_Evo07_ViAl_SA_FAIMS40_IO44_A556_MOMI_GBGD_P131_H12_R01.raw	v1.1.0	NT=ms-proteomics;VV=v1.1.0	NT=human;VV=v1.1.0	NT=dia-acquisition;VV=v1.1.0	NT=sdrf-skills;VV=v0.2.0	Data-independent acquisition	NT=Orbitrap Astral;AC=MS:1003378	NT=Trypsin;AC=MS:1001251	NT=Lys-C;AC=MS:1001309	label free sample	1	NT=HCD;AC=MS:1000422	25% NCE	10 ppm	10 ppm	NT=Dithiothreitol (DTT);AC=PRIDE:0000608	NT=Chloroacetamide (ClAA);AC=PRIDE:0000600	NT=Carbamidomethyl;AC=UNIMOD:4;TA=C;MT=Fixed	NT=Oxidation;AC=UNIMOD:35;TA=M;MT=Variable	NT=asymmetric track lossless time-of-flight analyzer;AC=MS:1003379	MOMI GBGD	2025-04-18	380m/z-980m/z	150m/z-2000m/z	not available	not available	4
MOMI_QC_GBGD_P25_E12	Homo sapiens	blood plasma	not applicable	1	pooled	not available	not available	not available	not available	pooled	20250429_OA3_Evo03_ViAl_SA_FAIMS40_IO46_A556_MOMI_GBGD_P25_E12_R02	proteomic profiling by mass spectrometry	1	20250429_OA3_Evo03_ViAl_SA_FAIMS40_IO46_A556_MOMI_GBGD_P25_E12_R02.raw	v1.1.0	NT=ms-proteomics;VV=v1.1.0	NT=human;VV=v1.1.0	NT=dia-acquisition;VV=v1.1.0	NT=sdrf-skills;VV=v0.2.0	Data-independent acquisition	NT=Orbitrap Astral;AC=MS:1003378	NT=Trypsin;AC=MS:1001251	NT=Lys-C;AC=MS:1001309	label free sample	1	NT=HCD;AC=MS:1000422	25% NCE	10 ppm	10 ppm	NT=Dithiothreitol (DTT);AC=PRIDE:0000608	NT=Chloroacetamide (ClAA);AC=PRIDE:0000600	NT=Carbamidomethyl;AC=UNIMOD:4;TA=C;MT=Fixed	NT=Oxidation;AC=UNIMOD:35;TA=M;MT=Variable	NT=asymmetric track lossless time-of-flight analyzer;AC=MS:1003379	MOMI GBGD	2025-04-29	380m/z-980m/z	150m/z-2000m/z	not available	not available	4
MOMI_QC_GBGD_P25_F12	Homo sapiens	blood plasma	not applicable	1	pooled	not available	not available	not available	not available	pooled	20250429_OA3_Evo03_ViAl_SA_FAIMS40_IO46_A556_MOMI_GBGD_P25_F12_R02	proteomic profiling by mass spectrometry	1	20250429_OA3_Evo03_ViAl_SA_FAIMS40_IO46_A556_MOMI_GBGD_P25_F12_R02.raw	v1.1.0	NT=ms-proteomics;VV=v1.1.0	NT=human;VV=v1.1.0	NT=dia-acquisition;VV=v1.1.0	NT=sdrf-skills;VV=v0.2.0	Data-independent acquisition	NT=Orbitrap Astral;AC=MS:1003378	NT=Trypsin;AC=MS:1001251	NT=Lys-C;AC=MS:1001309	label free sample	1	NT=HCD;AC=MS:1000422	25% NCE	10 ppm	10 ppm	NT=Dithiothreitol (DTT);AC=PRIDE:0000608	NT=Chloroacetamide (ClAA);AC=PRIDE:0000600	NT=Carbamidomethyl;AC=UNIMOD:4;TA=C;MT=Fixed	NT=Oxidation;AC=UNIMOD:35;TA=M;MT=Variable	NT=asymmetric track lossless time-of-flight analyzer;AC=MS:1003379	MOMI GBGD	2025-04-29	380m/z-980m/z	150m/z-2000m/z	not available	not available	4
MOMI_QC_GBGD_P25_G12	Homo sapiens	blood plasma	not applicable	1	pooled	not available	not available	not available	not available	pooled	20250429_OA3_Evo03_ViAl_SA_FAIMS40_IO46_A556_MOMI_GBGD_P25_G12_R02	proteomic profiling by mass spectrometry	1	20250429_OA3_Evo03_ViAl_SA_FAIMS40_IO46_A556_MOMI_GBGD_P25_G12_R02.raw	v1.1.0	NT=ms-proteomics;VV=v1.1.0	NT=human;VV=v1.1.0	NT=dia-acquisition;VV=v1.1.0	NT=sdrf-skills;VV=v0.2.0	Data-independent acquisition	NT=Orbitrap Astral;AC=MS:1003378	NT=Trypsin;AC=MS:1001251	NT=Lys-C;AC=MS:1001309	label free sample	1	NT=HCD;AC=MS:1000422	25% NCE	10 ppm	10 ppm	NT=Dithiothreitol (DTT);AC=PRIDE:0000608	NT=Chloroacetamide (ClAA);AC=PRIDE:0000600	NT=Carbamidomethyl;AC=UNIMOD:4;TA=C;MT=Fixed	NT=Oxidation;AC=UNIMOD:35;TA=M;MT=Variable	NT=asymmetric track lossless time-of-flight analyzer;AC=MS:1003379	MOMI GBGD	2025-04-29	380m/z-980m/z	150m/z-2000m/z	not available	not available	4
MOMI_QC_GBGD_P25_H12	Homo sapiens	blood plasma	not applicable	1	pooled	not available	not available	not available	not available	pooled	20250429_OA3_Evo03_ViAl_SA_FAIMS40_IO46_A556_MOMI_GBGD_P25_H12_R02	proteomic profiling by mass spectrometry	1	20250429_OA3_Evo03_ViAl_SA_FAIMS40_IO46_A556_MOMI_GBGD_P25_H12_R02.raw	v1.1.0	NT=ms-proteomics;VV=v1.1.0	NT=human;VV=v1.1.0	NT=dia-acquisition;VV=v1.1.0	NT=sdrf-skills;VV=v0.2.0	Data-independent acquisition	NT=Orbitrap Astral;AC=MS:1003378	NT=Trypsin;AC=MS:1001251	NT=Lys-C;AC=MS:1001309	label free sample	1	NT=HCD;AC=MS:1000422	25% NCE	10 ppm	10 ppm	NT=Dithiothreitol (DTT);AC=PRIDE:0000608	NT=Chloroacetamide (ClAA);AC=PRIDE:0000600	NT=Carbamidomethyl;AC=UNIMOD:4;TA=C;MT=Fixed	NT=Oxidation;AC=UNIMOD:35;TA=M;MT=Variable	NT=asymmetric track lossless time-of-flight analyzer;AC=MS:1003379	MOMI GBGD	2025-04-29	380m/z-980m/z	150m/z-2000m/z	not available	not available	4
MOMI_QC_GBGD_P76_E12	Homo sapiens	blood plasma	not applicable	1	pooled	not available	not available	not available	not available	pooled	20250429_OA3_Evo03_ViAl_SA_FAIMS40_IO46_A556_MOMI_GBGD_P76_E12_R02	proteomic profiling by mass spectrometry	1	20250429_OA3_Evo03_ViAl_SA_FAIMS40_IO46_A556_MOMI_GBGD_P76_E12_R02.raw	v1.1.0	NT=ms-proteomics;VV=v1.1.0	NT=human;VV=v1.1.0	NT=dia-acquisition;VV=v1.1.0	NT=sdrf-skills;VV=v0.2.0	Data-independent acquisition	NT=Orbitrap Astral;AC=MS:1003378	NT=Trypsin;AC=MS:1001251	NT=Lys-C;AC=MS:1001309	label free sample	1	NT=HCD;AC=MS:1000422	25% NCE	10 ppm	10 ppm	NT=Dithiothreitol (DTT);AC=PRIDE:0000608	NT=Chloroacetamide (ClAA);AC=PRIDE:0000600	NT=Carbamidomethyl;AC=UNIMOD:4;TA=C;MT=Fixed	NT=Oxidation;AC=UNIMOD:35;TA=M;MT=Variable	NT=asymmetric track lossless time-of-flight analyzer;AC=MS:1003379	MOMI GBGD	2025-04-29	380m/z-980m/z	150m/z-2000m/z	not available	not available	4
MOMI_QC_GBGD_P76_F12	Homo sapiens	blood plasma	not applicable	1	pooled	not available	not available	not available	not available	pooled	20250429_OA3_Evo03_ViAl_SA_FAIMS40_IO46_A556_MOMI_GBGD_P76_F12_R02	proteomic profiling by mass spectrometry	1	20250429_OA3_Evo03_ViAl_SA_FAIMS40_IO46_A556_MOMI_GBGD_P76_F12_R02.raw	v1.1.0	NT=ms-proteomics;VV=v1.1.0	NT=human;VV=v1.1.0	NT=dia-acquisition;VV=v1.1.0	NT=sdrf-skills;VV=v0.2.0	Data-independent acquisition	NT=Orbitrap Astral;AC=MS:1003378	NT=Trypsin;AC=MS:1001251	NT=Lys-C;AC=MS:1001309	label free sample	1	NT=HCD;AC=MS:1000422	25% NCE	10 ppm	10 ppm	NT=Dithiothreitol (DTT);AC=PRIDE:0000608	NT=Chloroacetamide (ClAA);AC=PRIDE:0000600	NT=Carbamidomethyl;AC=UNIMOD:4;TA=C;MT=Fixed	NT=Oxidation;AC=UNIMOD:35;TA=M;MT=Variable	NT=asymmetric track lossless time-of-flight analyzer;AC=MS:1003379	MOMI GBGD	2025-04-29	380m/z-980m/z	150m/z-2000m/z	not available	not available	4
MOMI_QC_GBGD_P76_G12	Homo sapiens	blood plasma	not applicable	1	pooled	not available	not available	not available	not available	pooled	20250429_OA3_Evo03_ViAl_SA_FAIMS40_IO46_A556_MOMI_GBGD_P76_G12_R02	proteomic profiling by mass spectrometry	1	20250429_OA3_Evo03_ViAl_SA_FAIMS40_IO46_A556_MOMI_GBGD_P76_G12_R02.raw	v1.1.0	NT=ms-proteomics;VV=v1.1.0	NT=human;VV=v1.1.0	NT=dia-acquisition;VV=v1.1.0	NT=sdrf-skills;VV=v0.2.0	Data-independent acquisition	NT=Orbitrap Astral;AC=MS:1003378	NT=Trypsin;AC=MS:1001251	NT=Lys-C;AC=MS:1001309	label free sample	1	NT=HCD;AC=MS:1000422	25% NCE	10 ppm	10 ppm	NT=Dithiothreitol (DTT);AC=PRIDE:0000608	NT=Chloroacetamide (ClAA);AC=PRIDE:0000600	NT=Carbamidomethyl;AC=UNIMOD:4;TA=C;MT=Fixed	NT=Oxidation;AC=UNIMOD:35;TA=M;MT=Variable	NT=asymmetric track lossless time-of-flight analyzer;AC=MS:1003379	MOMI GBGD	2025-04-29	380m/z-980m/z	150m/z-2000m/z	not available	not available	4
MOMI_QC_GBGD_P76_H12	Homo sapiens	blood plasma	not applicable	1	pooled	not available	not available	not available	not available	pooled	20250429_OA3_Evo03_ViAl_SA_FAIMS40_IO46_A556_MOMI_GBGD_P76_H12_R02	proteomic profiling by mass spectrometry	1	20250429_OA3_Evo03_ViAl_SA_FAIMS40_IO46_A556_MOMI_GBGD_P76_H12_R02.raw	v1.1.0	NT=ms-proteomics;VV=v1.1.0	NT=human;VV=v1.1.0	NT=dia-acquisition;VV=v1.1.0	NT=sdrf-skills;VV=v0.2.0	Data-independent acquisition	NT=Orbitrap Astral;AC=MS:1003378	NT=Trypsin;AC=MS:1001251	NT=Lys-C;AC=MS:1001309	label free sample	1	NT=HCD;AC=MS:1000422	25% NCE	10 ppm	10 ppm	NT=Dithiothreitol (DTT);AC=PRIDE:0000608	NT=Chloroacetamide (ClAA);AC=PRIDE:0000600	NT=Carbamidomethyl;AC=UNIMOD:4;TA=C;MT=Fixed	NT=Oxidation;AC=UNIMOD:35;TA=M;MT=Variable	NT=asymmetric track lossless time-of-flight analyzer;AC=MS:1003379	MOMI GBGD	2025-04-29	380m/z-980m/z	150m/z-2000m/z	not available	not available	4
MOMI_QC_GBGD_P77_E12	Homo sapiens	blood plasma	not applicable	1	pooled	not available	not available	not available	not available	pooled	20250429_OA3_Evo03_ViAl_SA_FAIMS40_IO46_A556_MOMI_GBGD_P77_E12_R02	proteomic profiling by mass spectrometry	1	20250429_OA3_Evo03_ViAl_SA_FAIMS40_IO46_A556_MOMI_GBGD_P77_E12_R02.raw	v1.1.0	NT=ms-proteomics;VV=v1.1.0	NT=human;VV=v1.1.0	NT=dia-acquisition;VV=v1.1.0	NT=sdrf-skills;VV=v0.2.0	Data-independent acquisition	NT=Orbitrap Astral;AC=MS:1003378	NT=Trypsin;AC=MS:1001251	NT=Lys-C;AC=MS:1001309	label free sample	1	NT=HCD;AC=MS:1000422	25% NCE	10 ppm	10 ppm	NT=Dithiothreitol (DTT);AC=PRIDE:0000608	NT=Chloroacetamide (ClAA);AC=PRIDE:0000600	NT=Carbamidomethyl;AC=UNIMOD:4;TA=C;MT=Fixed	NT=Oxidation;AC=UNIMOD:35;TA=M;MT=Variable	NT=asymmetric track lossless time-of-flight analyzer;AC=MS:1003379	MOMI GBGD	2025-04-29	380m/z-980m/z	150m/z-2000m/z	not available	not available	4
MOMI_QC_GBGD_P77_F12	Homo sapiens	blood plasma	not applicable	1	pooled	not available	not available	not available	not available	pooled	20250429_OA3_Evo03_ViAl_SA_FAIMS40_IO46_A556_MOMI_GBGD_P77_F12_R02	proteomic profiling by mass spectrometry	1	20250429_OA3_Evo03_ViAl_SA_FAIMS40_IO46_A556_MOMI_GBGD_P77_F12_R02.raw	v1.1.0	NT=ms-proteomics;VV=v1.1.0	NT=human;VV=v1.1.0	NT=dia-acquisition;VV=v1.1.0	NT=sdrf-skills;VV=v0.2.0	Data-independent acquisition	NT=Orbitrap Astral;AC=MS:1003378	NT=Trypsin;AC=MS:1001251	NT=Lys-C;AC=MS:1001309	label free sample	1	NT=HCD;AC=MS:1000422	25% NCE	10 ppm	10 ppm	NT=Dithiothreitol (DTT);AC=PRIDE:0000608	NT=Chloroacetamide (ClAA);AC=PRIDE:0000600	NT=Carbamidomethyl;AC=UNIMOD:4;TA=C;MT=Fixed	NT=Oxidation;AC=UNIMOD:35;TA=M;MT=Variable	NT=asymmetric track lossless time-of-flight analyzer;AC=MS:1003379	MOMI GBGD	2025-04-29	380m/z-980m/z	150m/z-2000m/z	not available	not available	4
MOMI_QC_GBGD_P77_G12	Homo sapiens	blood plasma	not applicable	1	pooled	not available	not available	not available	not available	pooled	20250429_OA3_Evo03_ViAl_SA_FAIMS40_IO46_A556_MOMI_GBGD_P77_G12_R02	proteomic profiling by mass spectrometry	1	20250429_OA3_Evo03_ViAl_SA_FAIMS40_IO46_A556_MOMI_GBGD_P77_G12_R02.raw	v1.1.0	NT=ms-proteomics;VV=v1.1.0	NT=human;VV=v1.1.0	NT=dia-acquisition;VV=v1.1.0	NT=sdrf-skills;VV=v0.2.0	Data-independent acquisition	NT=Orbitrap Astral;AC=MS:1003378	NT=Trypsin;AC=MS:1001251	NT=Lys-C;AC=MS:1001309	label free sample	1	NT=HCD;AC=MS:1000422	25% NCE	10 ppm	10 ppm	NT=Dithiothreitol (DTT);AC=PRIDE:0000608	NT=Chloroacetamide (ClAA);AC=PRIDE:0000600	NT=Carbamidomethyl;AC=UNIMOD:4;TA=C;MT=Fixed	NT=Oxidation;AC=UNIMOD:35;TA=M;MT=Variable	NT=asymmetric track lossless time-of-flight analyzer;AC=MS:1003379	MOMI GBGD	2025-04-29	380m/z-980m/z	150m/z-2000m/z	not available	not available	4
MOMI_QC_GBGD_P77_H12	Homo sapiens	blood plasma	not applicable	1	pooled	not available	not available	not available	not available	pooled	20250429_OA3_Evo03_ViAl_SA_FAIMS40_IO46_A556_MOMI_GBGD_P77_H12_R02	proteomic profiling by mass spectrometry	1	20250429_OA3_Evo03_ViAl_SA_FAIMS40_IO46_A556_MOMI_GBGD_P77_H12_R02.raw	v1.1.0	NT=ms-proteomics;VV=v1.1.0	NT=human;VV=v1.1.0	NT=dia-acquisition;VV=v1.1.0	NT=sdrf-skills;VV=v0.2.0	Data-independent acquisition	NT=Orbitrap Astral;AC=MS:1003378	NT=Trypsin;AC=MS:1001251	NT=Lys-C;AC=MS:1001309	label free sample	1	NT=HCD;AC=MS:1000422	25% NCE	10 ppm	10 ppm	NT=Dithiothreitol (DTT);AC=PRIDE:0000608	NT=Chloroacetamide (ClAA);AC=PRIDE:0000600	NT=Carbamidomethyl;AC=UNIMOD:4;TA=C;MT=Fixed	NT=Oxidation;AC=UNIMOD:35;TA=M;MT=Variable	NT=asymmetric track lossless time-of-flight analyzer;AC=MS:1003379	MOMI GBGD	2025-04-29	380m/z-980m/z	150m/z-2000m/z	not available	not available	4
