source name	characteristics[organism]	characteristics[organism part]	characteristics[tissue supergroup]	characteristics[cell type]	characteristics[disease]	characteristics[developmental stage]	characteristics[strain or breed]	characteristics[sex]	characteristics[material type]	characteristics[sample type]	characteristics[pooled sample]	characteristics[sampling time]	characteristics[enrichment process]	characteristics[depletion]	characteristics[biological replicate]	assay name	technology type	comment[proteomics data acquisition method]	comment[instrument]	comment[label]	comment[cleavage agent details]	comment[cleavage agent details]	comment[modification parameters]	comment[modification parameters]	comment[modification parameters]	comment[reduction reagent]	comment[alkylation reagent]	comment[dissociation method]	comment[collision energy]	comment[ms2 mass analyzer]	comment[ms1 scan range]	comment[ms2 scan range]	comment[precursor mass tolerance]	comment[fragment mass tolerance]	comment[fractionation method]	comment[fraction identifier]	comment[technical replicate]	comment[acquisition date]	comment[data file]	comment[sdrf version]	comment[sdrf template]	comment[sdrf template]	comment[sdrf annotation tool]	factor value[organism part]	factor value[cell type]	factor value[sampling time]
PXD001250-Sample-1	Mus musculus	brain	central nervous system	microglial cell	normal	neonate	not available	not available	cell	study sample	pooled	not applicable	not applicable	no depletion	1	run 1	proteomic profiling by mass spectrometry	NT=Data-dependent acquisition;AC=PRIDE:0000627	NT=Q Exactive;AC=MS:1001911	AC=MS:1002038;NT=label free sample	NT=Trypsin;AC=MS:1001251	NT=Lys-C;AC=MS:1001309	NT=Carbamidomethyl;AC=UNIMOD:4;TA=C;MT=Fixed	NT=Oxidation;AC=UNIMOD:35;TA=M;MT=Variable	NT=Acetyl;AC=UNIMOD:1;PP=Protein N-term;MT=Variable	NT=Dithiothreitol (DTT);AC=PRIDE:0000608	not available	NT=HCD;AC=MS:1000422	25 NCE	NT=orbitrap;AC=MS:1000484	300m/z-1700m/z	not available	not available	20 ppm	NT=Strong anion-exchange chromatography (SAX);AC=PRIDE:0000558	1	1	2012-08-22	20120821_EXQ5_KiSh_SA_Collab_neuroA_insol_3.raw	v1.1.0	NT=ms-proteomics;VV=v1.1.0	NT=vertebrates;VV=v1.1.0	NT=sdrf-skills;VV=v0.2.0	brain	microglial cell	not applicable
PXD001250-Sample-1	Mus musculus	brain	central nervous system	microglial cell	normal	neonate	not available	not available	cell	study sample	pooled	not applicable	not applicable	no depletion	1	run 2	proteomic profiling by mass spectrometry	NT=Data-dependent acquisition;AC=PRIDE:0000627	NT=Q Exactive;AC=MS:1001911	AC=MS:1002038;NT=label free sample	NT=Trypsin;AC=MS:1001251	NT=Lys-C;AC=MS:1001309	NT=Carbamidomethyl;AC=UNIMOD:4;TA=C;MT=Fixed	NT=Oxidation;AC=UNIMOD:35;TA=M;MT=Variable	NT=Acetyl;AC=UNIMOD:1;PP=Protein N-term;MT=Variable	NT=Dithiothreitol (DTT);AC=PRIDE:0000608	not available	NT=HCD;AC=MS:1000422	25 NCE	NT=orbitrap;AC=MS:1000484	300m/z-1700m/z	not available	not available	20 ppm	NT=Strong anion-exchange chromatography (SAX);AC=PRIDE:0000558	2	1	2012-08-22	20120821_EXQ5_KiSh_SA_Collab_neuroA_insol_4.raw	v1.1.0	NT=ms-proteomics;VV=v1.1.0	NT=vertebrates;VV=v1.1.0	NT=sdrf-skills;VV=v0.2.0	brain	microglial cell	not applicable
PXD001250-Sample-1	Mus musculus	brain	central nervous system	microglial cell	normal	neonate	not available	not available	cell	study sample	pooled	not applicable	not applicable	no depletion	1	run 3	proteomic profiling by mass spectrometry	NT=Data-dependent acquisition;AC=PRIDE:0000627	NT=Q Exactive;AC=MS:1001911	AC=MS:1002038;NT=label free sample	NT=Trypsin;AC=MS:1001251	NT=Lys-C;AC=MS:1001309	NT=Carbamidomethyl;AC=UNIMOD:4;TA=C;MT=Fixed	NT=Oxidation;AC=UNIMOD:35;TA=M;MT=Variable	NT=Acetyl;AC=UNIMOD:1;PP=Protein N-term;MT=Variable	NT=Dithiothreitol (DTT);AC=PRIDE:0000608	not available	NT=HCD;AC=MS:1000422	25 NCE	NT=orbitrap;AC=MS:1000484	300m/z-1700m/z	not available	not available	20 ppm	NT=Strong anion-exchange chromatography (SAX);AC=PRIDE:0000558	3	1	2012-08-22	20120821_EXQ5_KiSh_SA_Collab_neuroA_insol_5.raw	v1.1.0	NT=ms-proteomics;VV=v1.1.0	NT=vertebrates;VV=v1.1.0	NT=sdrf-skills;VV=v0.2.0	brain	microglial cell	not applicable
PXD001250-Sample-1	Mus musculus	brain	central nervous system	microglial cell	normal	neonate	not available	not available	cell	study sample	pooled	not applicable	not applicable	no depletion	1	run 4	proteomic profiling by mass spectrometry	NT=Data-dependent acquisition;AC=PRIDE:0000627	NT=Q Exactive;AC=MS:1001911	AC=MS:1002038;NT=label free sample	NT=Trypsin;AC=MS:1001251	NT=Lys-C;AC=MS:1001309	NT=Carbamidomethyl;AC=UNIMOD:4;TA=C;MT=Fixed	NT=Oxidation;AC=UNIMOD:35;TA=M;MT=Variable	NT=Acetyl;AC=UNIMOD:1;PP=Protein N-term;MT=Variable	NT=Dithiothreitol (DTT);AC=PRIDE:0000608	not available	NT=HCD;AC=MS:1000422	25 NCE	NT=orbitrap;AC=MS:1000484	300m/z-1700m/z	not available	not available	20 ppm	NT=Strong anion-exchange chromatography (SAX);AC=PRIDE:0000558	4	1	2012-08-22	20120821_EXQ5_KiSh_SA_Collab_neuroA_insol_6.raw	v1.1.0	NT=ms-proteomics;VV=v1.1.0	NT=vertebrates;VV=v1.1.0	NT=sdrf-skills;VV=v0.2.0	brain	microglial cell	not applicable
PXD001250-Sample-1	Mus musculus	brain	central nervous system	microglial cell	normal	neonate	not available	not available	cell	study sample	pooled	not applicable	not applicable	no depletion	1	run 5	proteomic profiling by mass spectrometry	NT=Data-dependent acquisition;AC=PRIDE:0000627	NT=Q Exactive;AC=MS:1001911	AC=MS:1002038;NT=label free sample	NT=Trypsin;AC=MS:1001251	NT=Lys-C;AC=MS:1001309	NT=Carbamidomethyl;AC=UNIMOD:4;TA=C;MT=Fixed	NT=Oxidation;AC=UNIMOD:35;TA=M;MT=Variable	NT=Acetyl;AC=UNIMOD:1;PP=Protein N-term;MT=Variable	NT=Dithiothreitol (DTT);AC=PRIDE:0000608	not available	NT=HCD;AC=MS:1000422	25 NCE	NT=orbitrap;AC=MS:1000484	300m/z-1700m/z	not available	not available	20 ppm	NT=Strong anion-exchange chromatography (SAX);AC=PRIDE:0000558	5	1	2012-08-22	20120821_EXQ5_KiSh_SA_Collab_neuroA_insol_8.raw	v1.1.0	NT=ms-proteomics;VV=v1.1.0	NT=vertebrates;VV=v1.1.0	NT=sdrf-skills;VV=v0.2.0	brain	microglial cell	not applicable
PXD001250-Sample-1	Mus musculus	brain	central nervous system	microglial cell	normal	neonate	not available	not available	cell	study sample	pooled	not applicable	not applicable	no depletion	1	run 6	proteomic profiling by mass spectrometry	NT=Data-dependent acquisition;AC=PRIDE:0000627	NT=Q Exactive;AC=MS:1001911	AC=MS:1002038;NT=label free sample	NT=Trypsin;AC=MS:1001251	NT=Lys-C;AC=MS:1001309	NT=Carbamidomethyl;AC=UNIMOD:4;TA=C;MT=Fixed	NT=Oxidation;AC=UNIMOD:35;TA=M;MT=Variable	NT=Acetyl;AC=UNIMOD:1;PP=Protein N-term;MT=Variable	NT=Dithiothreitol (DTT);AC=PRIDE:0000608	not available	NT=HCD;AC=MS:1000422	25 NCE	NT=orbitrap;AC=MS:1000484	300m/z-1700m/z	not available	not available	20 ppm	NT=Strong anion-exchange chromatography (SAX);AC=PRIDE:0000558	6	1	2012-08-22	20120821_EXQ5_KiSh_SA_Collab_neuroA_insol_11.raw	v1.1.0	NT=ms-proteomics;VV=v1.1.0	NT=vertebrates;VV=v1.1.0	NT=sdrf-skills;VV=v0.2.0	brain	microglial cell	not applicable
PXD001250-Sample-2	Mus musculus	brain	central nervous system	microglial cell	normal	neonate	not available	not available	cell	study sample	pooled	not applicable	not applicable	no depletion	2	run 7	proteomic profiling by mass spectrometry	NT=Data-dependent acquisition;AC=PRIDE:0000627	NT=Q Exactive;AC=MS:1001911	AC=MS:1002038;NT=label free sample	NT=Trypsin;AC=MS:1001251	NT=Lys-C;AC=MS:1001309	NT=Carbamidomethyl;AC=UNIMOD:4;TA=C;MT=Fixed	NT=Oxidation;AC=UNIMOD:35;TA=M;MT=Variable	NT=Acetyl;AC=UNIMOD:1;PP=Protein N-term;MT=Variable	NT=Dithiothreitol (DTT);AC=PRIDE:0000608	not available	NT=HCD;AC=MS:1000422	25 NCE	NT=orbitrap;AC=MS:1000484	300m/z-1700m/z	not available	not available	20 ppm	NT=Strong anion-exchange chromatography (SAX);AC=PRIDE:0000558	1	1	2012-08-23	20120821_EXQ5_KiSh_SA_Collab_neuroB_insol_3.raw	v1.1.0	NT=ms-proteomics;VV=v1.1.0	NT=vertebrates;VV=v1.1.0	NT=sdrf-skills;VV=v0.2.0	brain	microglial cell	not applicable
PXD001250-Sample-2	Mus musculus	brain	central nervous system	microglial cell	normal	neonate	not available	not available	cell	study sample	pooled	not applicable	not applicable	no depletion	2	run 8	proteomic profiling by mass spectrometry	NT=Data-dependent acquisition;AC=PRIDE:0000627	NT=Q Exactive;AC=MS:1001911	AC=MS:1002038;NT=label free sample	NT=Trypsin;AC=MS:1001251	NT=Lys-C;AC=MS:1001309	NT=Carbamidomethyl;AC=UNIMOD:4;TA=C;MT=Fixed	NT=Oxidation;AC=UNIMOD:35;TA=M;MT=Variable	NT=Acetyl;AC=UNIMOD:1;PP=Protein N-term;MT=Variable	NT=Dithiothreitol (DTT);AC=PRIDE:0000608	not available	NT=HCD;AC=MS:1000422	25 NCE	NT=orbitrap;AC=MS:1000484	300m/z-1700m/z	not available	not available	20 ppm	NT=Strong anion-exchange chromatography (SAX);AC=PRIDE:0000558	2	1	2012-08-23	20120821_EXQ5_KiSh_SA_Collab_neuroB_insol_4.raw	v1.1.0	NT=ms-proteomics;VV=v1.1.0	NT=vertebrates;VV=v1.1.0	NT=sdrf-skills;VV=v0.2.0	brain	microglial cell	not applicable
PXD001250-Sample-2	Mus musculus	brain	central nervous system	microglial cell	normal	neonate	not available	not available	cell	study sample	pooled	not applicable	not applicable	no depletion	2	run 9	proteomic profiling by mass spectrometry	NT=Data-dependent acquisition;AC=PRIDE:0000627	NT=Q Exactive;AC=MS:1001911	AC=MS:1002038;NT=label free sample	NT=Trypsin;AC=MS:1001251	NT=Lys-C;AC=MS:1001309	NT=Carbamidomethyl;AC=UNIMOD:4;TA=C;MT=Fixed	NT=Oxidation;AC=UNIMOD:35;TA=M;MT=Variable	NT=Acetyl;AC=UNIMOD:1;PP=Protein N-term;MT=Variable	NT=Dithiothreitol (DTT);AC=PRIDE:0000608	not available	NT=HCD;AC=MS:1000422	25 NCE	NT=orbitrap;AC=MS:1000484	300m/z-1700m/z	not available	not available	20 ppm	NT=Strong anion-exchange chromatography (SAX);AC=PRIDE:0000558	3	1	2012-08-23	20120821_EXQ5_KiSh_SA_Collab_neuroB_insol_5.raw	v1.1.0	NT=ms-proteomics;VV=v1.1.0	NT=vertebrates;VV=v1.1.0	NT=sdrf-skills;VV=v0.2.0	brain	microglial cell	not applicable
PXD001250-Sample-2	Mus musculus	brain	central nervous system	microglial cell	normal	neonate	not available	not available	cell	study sample	pooled	not applicable	not applicable	no depletion	2	run 10	proteomic profiling by mass spectrometry	NT=Data-dependent acquisition;AC=PRIDE:0000627	NT=Q Exactive;AC=MS:1001911	AC=MS:1002038;NT=label free sample	NT=Trypsin;AC=MS:1001251	NT=Lys-C;AC=MS:1001309	NT=Carbamidomethyl;AC=UNIMOD:4;TA=C;MT=Fixed	NT=Oxidation;AC=UNIMOD:35;TA=M;MT=Variable	NT=Acetyl;AC=UNIMOD:1;PP=Protein N-term;MT=Variable	NT=Dithiothreitol (DTT);AC=PRIDE:0000608	not available	NT=HCD;AC=MS:1000422	25 NCE	NT=orbitrap;AC=MS:1000484	300m/z-1700m/z	not available	not available	20 ppm	NT=Strong anion-exchange chromatography (SAX);AC=PRIDE:0000558	4	1	2012-08-23	20120821_EXQ5_KiSh_SA_Collab_neuroB_insol_6.raw	v1.1.0	NT=ms-proteomics;VV=v1.1.0	NT=vertebrates;VV=v1.1.0	NT=sdrf-skills;VV=v0.2.0	brain	microglial cell	not applicable
PXD001250-Sample-2	Mus musculus	brain	central nervous system	microglial cell	normal	neonate	not available	not available	cell	study sample	pooled	not applicable	not applicable	no depletion	2	run 11	proteomic profiling by mass spectrometry	NT=Data-dependent acquisition;AC=PRIDE:0000627	NT=Q Exactive;AC=MS:1001911	AC=MS:1002038;NT=label free sample	NT=Trypsin;AC=MS:1001251	NT=Lys-C;AC=MS:1001309	NT=Carbamidomethyl;AC=UNIMOD:4;TA=C;MT=Fixed	NT=Oxidation;AC=UNIMOD:35;TA=M;MT=Variable	NT=Acetyl;AC=UNIMOD:1;PP=Protein N-term;MT=Variable	NT=Dithiothreitol (DTT);AC=PRIDE:0000608	not available	NT=HCD;AC=MS:1000422	25 NCE	NT=orbitrap;AC=MS:1000484	300m/z-1700m/z	not available	not available	20 ppm	NT=Strong anion-exchange chromatography (SAX);AC=PRIDE:0000558	5	1	2012-08-23	20120821_EXQ5_KiSh_SA_Collab_neuroB_insol_8.raw	v1.1.0	NT=ms-proteomics;VV=v1.1.0	NT=vertebrates;VV=v1.1.0	NT=sdrf-skills;VV=v0.2.0	brain	microglial cell	not applicable
PXD001250-Sample-2	Mus musculus	brain	central nervous system	microglial cell	normal	neonate	not available	not available	cell	study sample	pooled	not applicable	not applicable	no depletion	2	run 12	proteomic profiling by mass spectrometry	NT=Data-dependent acquisition;AC=PRIDE:0000627	NT=Q Exactive;AC=MS:1001911	AC=MS:1002038;NT=label free sample	NT=Trypsin;AC=MS:1001251	NT=Lys-C;AC=MS:1001309	NT=Carbamidomethyl;AC=UNIMOD:4;TA=C;MT=Fixed	NT=Oxidation;AC=UNIMOD:35;TA=M;MT=Variable	NT=Acetyl;AC=UNIMOD:1;PP=Protein N-term;MT=Variable	NT=Dithiothreitol (DTT);AC=PRIDE:0000608	not available	NT=HCD;AC=MS:1000422	25 NCE	NT=orbitrap;AC=MS:1000484	300m/z-1700m/z	not available	not available	20 ppm	NT=Strong anion-exchange chromatography (SAX);AC=PRIDE:0000558	6	1	2012-08-24	20120821_EXQ5_KiSh_SA_Collab_neuroB_insol_11.raw	v1.1.0	NT=ms-proteomics;VV=v1.1.0	NT=vertebrates;VV=v1.1.0	NT=sdrf-skills;VV=v0.2.0	brain	microglial cell	not applicable
PXD001250-Sample-3	Mus musculus	brain	central nervous system	microglial cell	normal	neonate	not available	not available	cell	study sample	pooled	not applicable	not applicable	no depletion	3	run 13	proteomic profiling by mass spectrometry	NT=Data-dependent acquisition;AC=PRIDE:0000627	NT=Q Exactive;AC=MS:1001911	AC=MS:1002038;NT=label free sample	NT=Trypsin;AC=MS:1001251	NT=Lys-C;AC=MS:1001309	NT=Carbamidomethyl;AC=UNIMOD:4;TA=C;MT=Fixed	NT=Oxidation;AC=UNIMOD:35;TA=M;MT=Variable	NT=Acetyl;AC=UNIMOD:1;PP=Protein N-term;MT=Variable	NT=Dithiothreitol (DTT);AC=PRIDE:0000608	not available	NT=HCD;AC=MS:1000422	25 NCE	NT=orbitrap;AC=MS:1000484	300m/z-1700m/z	not available	not available	20 ppm	NT=Strong anion-exchange chromatography (SAX);AC=PRIDE:0000558	1	1	2012-08-24	20120824_EXQ5_KiSh_SA_Collab_neuroC_insol_3.raw	v1.1.0	NT=ms-proteomics;VV=v1.1.0	NT=vertebrates;VV=v1.1.0	NT=sdrf-skills;VV=v0.2.0	brain	microglial cell	not applicable
PXD001250-Sample-3	Mus musculus	brain	central nervous system	microglial cell	normal	neonate	not available	not available	cell	study sample	pooled	not applicable	not applicable	no depletion	3	run 14	proteomic profiling by mass spectrometry	NT=Data-dependent acquisition;AC=PRIDE:0000627	NT=Q Exactive;AC=MS:1001911	AC=MS:1002038;NT=label free sample	NT=Trypsin;AC=MS:1001251	NT=Lys-C;AC=MS:1001309	NT=Carbamidomethyl;AC=UNIMOD:4;TA=C;MT=Fixed	NT=Oxidation;AC=UNIMOD:35;TA=M;MT=Variable	NT=Acetyl;AC=UNIMOD:1;PP=Protein N-term;MT=Variable	NT=Dithiothreitol (DTT);AC=PRIDE:0000608	not available	NT=HCD;AC=MS:1000422	25 NCE	NT=orbitrap;AC=MS:1000484	300m/z-1700m/z	not available	not available	20 ppm	NT=Strong anion-exchange chromatography (SAX);AC=PRIDE:0000558	2	1	2012-08-24	20120824_EXQ5_KiSh_SA_Collab_neuroC_insol_4.raw	v1.1.0	NT=ms-proteomics;VV=v1.1.0	NT=vertebrates;VV=v1.1.0	NT=sdrf-skills;VV=v0.2.0	brain	microglial cell	not applicable
PXD001250-Sample-3	Mus musculus	brain	central nervous system	microglial cell	normal	neonate	not available	not available	cell	study sample	pooled	not applicable	not applicable	no depletion	3	run 15	proteomic profiling by mass spectrometry	NT=Data-dependent acquisition;AC=PRIDE:0000627	NT=Q Exactive;AC=MS:1001911	AC=MS:1002038;NT=label free sample	NT=Trypsin;AC=MS:1001251	NT=Lys-C;AC=MS:1001309	NT=Carbamidomethyl;AC=UNIMOD:4;TA=C;MT=Fixed	NT=Oxidation;AC=UNIMOD:35;TA=M;MT=Variable	NT=Acetyl;AC=UNIMOD:1;PP=Protein N-term;MT=Variable	NT=Dithiothreitol (DTT);AC=PRIDE:0000608	not available	NT=HCD;AC=MS:1000422	25 NCE	NT=orbitrap;AC=MS:1000484	300m/z-1700m/z	not available	not available	20 ppm	NT=Strong anion-exchange chromatography (SAX);AC=PRIDE:0000558	3	1	2012-08-24	20120824_EXQ5_KiSh_SA_Collab_neuroC_insol_5.raw	v1.1.0	NT=ms-proteomics;VV=v1.1.0	NT=vertebrates;VV=v1.1.0	NT=sdrf-skills;VV=v0.2.0	brain	microglial cell	not applicable
PXD001250-Sample-3	Mus musculus	brain	central nervous system	microglial cell	normal	neonate	not available	not available	cell	study sample	pooled	not applicable	not applicable	no depletion	3	run 16	proteomic profiling by mass spectrometry	NT=Data-dependent acquisition;AC=PRIDE:0000627	NT=Q Exactive;AC=MS:1001911	AC=MS:1002038;NT=label free sample	NT=Trypsin;AC=MS:1001251	NT=Lys-C;AC=MS:1001309	NT=Carbamidomethyl;AC=UNIMOD:4;TA=C;MT=Fixed	NT=Oxidation;AC=UNIMOD:35;TA=M;MT=Variable	NT=Acetyl;AC=UNIMOD:1;PP=Protein N-term;MT=Variable	NT=Dithiothreitol (DTT);AC=PRIDE:0000608	not available	NT=HCD;AC=MS:1000422	25 NCE	NT=orbitrap;AC=MS:1000484	300m/z-1700m/z	not available	not available	20 ppm	NT=Strong anion-exchange chromatography (SAX);AC=PRIDE:0000558	4	1	2012-08-24	20120824_EXQ5_KiSh_SA_Collab_neuroC_insol_6.raw	v1.1.0	NT=ms-proteomics;VV=v1.1.0	NT=vertebrates;VV=v1.1.0	NT=sdrf-skills;VV=v0.2.0	brain	microglial cell	not applicable
PXD001250-Sample-3	Mus musculus	brain	central nervous system	microglial cell	normal	neonate	not available	not available	cell	study sample	pooled	not applicable	not applicable	no depletion	3	run 17	proteomic profiling by mass spectrometry	NT=Data-dependent acquisition;AC=PRIDE:0000627	NT=Q Exactive;AC=MS:1001911	AC=MS:1002038;NT=label free sample	NT=Trypsin;AC=MS:1001251	NT=Lys-C;AC=MS:1001309	NT=Carbamidomethyl;AC=UNIMOD:4;TA=C;MT=Fixed	NT=Oxidation;AC=UNIMOD:35;TA=M;MT=Variable	NT=Acetyl;AC=UNIMOD:1;PP=Protein N-term;MT=Variable	NT=Dithiothreitol (DTT);AC=PRIDE:0000608	not available	NT=HCD;AC=MS:1000422	25 NCE	NT=orbitrap;AC=MS:1000484	300m/z-1700m/z	not available	not available	20 ppm	NT=Strong anion-exchange chromatography (SAX);AC=PRIDE:0000558	5	1	2012-08-25	20120824_EXQ5_KiSh_SA_Collab_neuroC_insol_8.raw	v1.1.0	NT=ms-proteomics;VV=v1.1.0	NT=vertebrates;VV=v1.1.0	NT=sdrf-skills;VV=v0.2.0	brain	microglial cell	not applicable
PXD001250-Sample-3	Mus musculus	brain	central nervous system	microglial cell	normal	neonate	not available	not available	cell	study sample	pooled	not applicable	not applicable	no depletion	3	run 18	proteomic profiling by mass spectrometry	NT=Data-dependent acquisition;AC=PRIDE:0000627	NT=Q Exactive;AC=MS:1001911	AC=MS:1002038;NT=label free sample	NT=Trypsin;AC=MS:1001251	NT=Lys-C;AC=MS:1001309	NT=Carbamidomethyl;AC=UNIMOD:4;TA=C;MT=Fixed	NT=Oxidation;AC=UNIMOD:35;TA=M;MT=Variable	NT=Acetyl;AC=UNIMOD:1;PP=Protein N-term;MT=Variable	NT=Dithiothreitol (DTT);AC=PRIDE:0000608	not available	NT=HCD;AC=MS:1000422	25 NCE	NT=orbitrap;AC=MS:1000484	300m/z-1700m/z	not available	not available	20 ppm	NT=Strong anion-exchange chromatography (SAX);AC=PRIDE:0000558	6	1	2012-08-25	20120824_EXQ5_KiSh_SA_Collab_neuroC_insol_11.raw	v1.1.0	NT=ms-proteomics;VV=v1.1.0	NT=vertebrates;VV=v1.1.0	NT=sdrf-skills;VV=v0.2.0	brain	microglial cell	not applicable
PXD001250-Sample-4	Mus musculus	brain	central nervous system	astrocyte	normal	neonate	not available	not available	cell	study sample	pooled	not applicable	not applicable	no depletion	1	run 19	proteomic profiling by mass spectrometry	NT=Data-dependent acquisition;AC=PRIDE:0000627	NT=Q Exactive;AC=MS:1001911	AC=MS:1002038;NT=label free sample	NT=Trypsin;AC=MS:1001251	NT=Lys-C;AC=MS:1001309	NT=Carbamidomethyl;AC=UNIMOD:4;TA=C;MT=Fixed	NT=Oxidation;AC=UNIMOD:35;TA=M;MT=Variable	NT=Acetyl;AC=UNIMOD:1;PP=Protein N-term;MT=Variable	NT=Dithiothreitol (DTT);AC=PRIDE:0000608	not available	NT=HCD;AC=MS:1000422	25 NCE	NT=orbitrap;AC=MS:1000484	300m/z-1700m/z	not available	not available	20 ppm	NT=Strong anion-exchange chromatography (SAX);AC=PRIDE:0000558	1	1	2012-08-26	20120825_EXQ5_KiSh_SA_Collab_neuroD_insol_3.raw	v1.1.0	NT=ms-proteomics;VV=v1.1.0	NT=vertebrates;VV=v1.1.0	NT=sdrf-skills;VV=v0.2.0	brain	astrocyte	not applicable
PXD001250-Sample-4	Mus musculus	brain	central nervous system	astrocyte	normal	neonate	not available	not available	cell	study sample	pooled	not applicable	not applicable	no depletion	1	run 20	proteomic profiling by mass spectrometry	NT=Data-dependent acquisition;AC=PRIDE:0000627	NT=Q Exactive;AC=MS:1001911	AC=MS:1002038;NT=label free sample	NT=Trypsin;AC=MS:1001251	NT=Lys-C;AC=MS:1001309	NT=Carbamidomethyl;AC=UNIMOD:4;TA=C;MT=Fixed	NT=Oxidation;AC=UNIMOD:35;TA=M;MT=Variable	NT=Acetyl;AC=UNIMOD:1;PP=Protein N-term;MT=Variable	NT=Dithiothreitol (DTT);AC=PRIDE:0000608	not available	NT=HCD;AC=MS:1000422	25 NCE	NT=orbitrap;AC=MS:1000484	300m/z-1700m/z	not available	not available	20 ppm	NT=Strong anion-exchange chromatography (SAX);AC=PRIDE:0000558	2	1	2012-08-26	20120825_EXQ5_KiSh_SA_Collab_neuroD_insol_4.raw	v1.1.0	NT=ms-proteomics;VV=v1.1.0	NT=vertebrates;VV=v1.1.0	NT=sdrf-skills;VV=v0.2.0	brain	astrocyte	not applicable
PXD001250-Sample-4	Mus musculus	brain	central nervous system	astrocyte	normal	neonate	not available	not available	cell	study sample	pooled	not applicable	not applicable	no depletion	1	run 21	proteomic profiling by mass spectrometry	NT=Data-dependent acquisition;AC=PRIDE:0000627	NT=Q Exactive;AC=MS:1001911	AC=MS:1002038;NT=label free sample	NT=Trypsin;AC=MS:1001251	NT=Lys-C;AC=MS:1001309	NT=Carbamidomethyl;AC=UNIMOD:4;TA=C;MT=Fixed	NT=Oxidation;AC=UNIMOD:35;TA=M;MT=Variable	NT=Acetyl;AC=UNIMOD:1;PP=Protein N-term;MT=Variable	NT=Dithiothreitol (DTT);AC=PRIDE:0000608	not available	NT=HCD;AC=MS:1000422	25 NCE	NT=orbitrap;AC=MS:1000484	300m/z-1700m/z	not available	not available	20 ppm	NT=Strong anion-exchange chromatography (SAX);AC=PRIDE:0000558	3	1	2012-08-26	20120825_EXQ5_KiSh_SA_Collab_neuroD_insol_5.raw	v1.1.0	NT=ms-proteomics;VV=v1.1.0	NT=vertebrates;VV=v1.1.0	NT=sdrf-skills;VV=v0.2.0	brain	astrocyte	not applicable
PXD001250-Sample-4	Mus musculus	brain	central nervous system	astrocyte	normal	neonate	not available	not available	cell	study sample	pooled	not applicable	not applicable	no depletion	1	run 22	proteomic profiling by mass spectrometry	NT=Data-dependent acquisition;AC=PRIDE:0000627	NT=Q Exactive;AC=MS:1001911	AC=MS:1002038;NT=label free sample	NT=Trypsin;AC=MS:1001251	NT=Lys-C;AC=MS:1001309	NT=Carbamidomethyl;AC=UNIMOD:4;TA=C;MT=Fixed	NT=Oxidation;AC=UNIMOD:35;TA=M;MT=Variable	NT=Acetyl;AC=UNIMOD:1;PP=Protein N-term;MT=Variable	NT=Dithiothreitol (DTT);AC=PRIDE:0000608	not available	NT=HCD;AC=MS:1000422	25 NCE	NT=orbitrap;AC=MS:1000484	300m/z-1700m/z	not available	not available	20 ppm	NT=Strong anion-exchange chromatography (SAX);AC=PRIDE:0000558	4	1	2012-08-25	20120825_EXQ5_KiSh_SA_Collab_neuroD_insol_6.raw	v1.1.0	NT=ms-proteomics;VV=v1.1.0	NT=vertebrates;VV=v1.1.0	NT=sdrf-skills;VV=v0.2.0	brain	astrocyte	not applicable
PXD001250-Sample-4	Mus musculus	brain	central nervous system	astrocyte	normal	neonate	not available	not available	cell	study sample	pooled	not applicable	not applicable	no depletion	1	run 23	proteomic profiling by mass spectrometry	NT=Data-dependent acquisition;AC=PRIDE:0000627	NT=Q Exactive;AC=MS:1001911	AC=MS:1002038;NT=label free sample	NT=Trypsin;AC=MS:1001251	NT=Lys-C;AC=MS:1001309	NT=Carbamidomethyl;AC=UNIMOD:4;TA=C;MT=Fixed	NT=Oxidation;AC=UNIMOD:35;TA=M;MT=Variable	NT=Acetyl;AC=UNIMOD:1;PP=Protein N-term;MT=Variable	NT=Dithiothreitol (DTT);AC=PRIDE:0000608	not available	NT=HCD;AC=MS:1000422	25 NCE	NT=orbitrap;AC=MS:1000484	300m/z-1700m/z	not available	not available	20 ppm	NT=Strong anion-exchange chromatography (SAX);AC=PRIDE:0000558	5	1	2012-08-25	20120825_EXQ5_KiSh_SA_Collab_neuroD_insol_8.raw	v1.1.0	NT=ms-proteomics;VV=v1.1.0	NT=vertebrates;VV=v1.1.0	NT=sdrf-skills;VV=v0.2.0	brain	astrocyte	not applicable
PXD001250-Sample-4	Mus musculus	brain	central nervous system	astrocyte	normal	neonate	not available	not available	cell	study sample	pooled	not applicable	not applicable	no depletion	1	run 24	proteomic profiling by mass spectrometry	NT=Data-dependent acquisition;AC=PRIDE:0000627	NT=Q Exactive;AC=MS:1001911	AC=MS:1002038;NT=label free sample	NT=Trypsin;AC=MS:1001251	NT=Lys-C;AC=MS:1001309	NT=Carbamidomethyl;AC=UNIMOD:4;TA=C;MT=Fixed	NT=Oxidation;AC=UNIMOD:35;TA=M;MT=Variable	NT=Acetyl;AC=UNIMOD:1;PP=Protein N-term;MT=Variable	NT=Dithiothreitol (DTT);AC=PRIDE:0000608	not available	NT=HCD;AC=MS:1000422	25 NCE	NT=orbitrap;AC=MS:1000484	300m/z-1700m/z	not available	not available	20 ppm	NT=Strong anion-exchange chromatography (SAX);AC=PRIDE:0000558	6	1	2012-08-25	20120825_EXQ5_KiSh_SA_Collab_neuroD_insol_11.raw	v1.1.0	NT=ms-proteomics;VV=v1.1.0	NT=vertebrates;VV=v1.1.0	NT=sdrf-skills;VV=v0.2.0	brain	astrocyte	not applicable
PXD001250-Sample-5	Mus musculus	brain	central nervous system	astrocyte	normal	neonate	not available	not available	cell	study sample	pooled	not applicable	not applicable	no depletion	2	run 25	proteomic profiling by mass spectrometry	NT=Data-dependent acquisition;AC=PRIDE:0000627	NT=Q Exactive;AC=MS:1001911	AC=MS:1002038;NT=label free sample	NT=Trypsin;AC=MS:1001251	NT=Lys-C;AC=MS:1001309	NT=Carbamidomethyl;AC=UNIMOD:4;TA=C;MT=Fixed	NT=Oxidation;AC=UNIMOD:35;TA=M;MT=Variable	NT=Acetyl;AC=UNIMOD:1;PP=Protein N-term;MT=Variable	NT=Dithiothreitol (DTT);AC=PRIDE:0000608	not available	NT=HCD;AC=MS:1000422	25 NCE	NT=orbitrap;AC=MS:1000484	300m/z-1700m/z	not available	not available	20 ppm	NT=Strong anion-exchange chromatography (SAX);AC=PRIDE:0000558	1	1	2012-08-26	20120826_EXQ5_KiSh_SA_Collab_neuroE_insol_3.raw	v1.1.0	NT=ms-proteomics;VV=v1.1.0	NT=vertebrates;VV=v1.1.0	NT=sdrf-skills;VV=v0.2.0	brain	astrocyte	not applicable
PXD001250-Sample-5	Mus musculus	brain	central nervous system	astrocyte	normal	neonate	not available	not available	cell	study sample	pooled	not applicable	not applicable	no depletion	2	run 26	proteomic profiling by mass spectrometry	NT=Data-dependent acquisition;AC=PRIDE:0000627	NT=Q Exactive;AC=MS:1001911	AC=MS:1002038;NT=label free sample	NT=Trypsin;AC=MS:1001251	NT=Lys-C;AC=MS:1001309	NT=Carbamidomethyl;AC=UNIMOD:4;TA=C;MT=Fixed	NT=Oxidation;AC=UNIMOD:35;TA=M;MT=Variable	NT=Acetyl;AC=UNIMOD:1;PP=Protein N-term;MT=Variable	NT=Dithiothreitol (DTT);AC=PRIDE:0000608	not available	NT=HCD;AC=MS:1000422	25 NCE	NT=orbitrap;AC=MS:1000484	300m/z-1700m/z	not available	not available	20 ppm	NT=Strong anion-exchange chromatography (SAX);AC=PRIDE:0000558	2	1	2012-08-26	20120826_EXQ5_KiSh_SA_Collab_neuroE_insol_4.raw	v1.1.0	NT=ms-proteomics;VV=v1.1.0	NT=vertebrates;VV=v1.1.0	NT=sdrf-skills;VV=v0.2.0	brain	astrocyte	not applicable
PXD001250-Sample-5	Mus musculus	brain	central nervous system	astrocyte	normal	neonate	not available	not available	cell	study sample	pooled	not applicable	not applicable	no depletion	2	run 27	proteomic profiling by mass spectrometry	NT=Data-dependent acquisition;AC=PRIDE:0000627	NT=Q Exactive;AC=MS:1001911	AC=MS:1002038;NT=label free sample	NT=Trypsin;AC=MS:1001251	NT=Lys-C;AC=MS:1001309	NT=Carbamidomethyl;AC=UNIMOD:4;TA=C;MT=Fixed	NT=Oxidation;AC=UNIMOD:35;TA=M;MT=Variable	NT=Acetyl;AC=UNIMOD:1;PP=Protein N-term;MT=Variable	NT=Dithiothreitol (DTT);AC=PRIDE:0000608	not available	NT=HCD;AC=MS:1000422	25 NCE	NT=orbitrap;AC=MS:1000484	300m/z-1700m/z	not available	not available	20 ppm	NT=Strong anion-exchange chromatography (SAX);AC=PRIDE:0000558	3	1	2012-08-27	20120826_EXQ5_KiSh_SA_Collab_neuroE_insol_5.raw	v1.1.0	NT=ms-proteomics;VV=v1.1.0	NT=vertebrates;VV=v1.1.0	NT=sdrf-skills;VV=v0.2.0	brain	astrocyte	not applicable
PXD001250-Sample-5	Mus musculus	brain	central nervous system	astrocyte	normal	neonate	not available	not available	cell	study sample	pooled	not applicable	not applicable	no depletion	2	run 28	proteomic profiling by mass spectrometry	NT=Data-dependent acquisition;AC=PRIDE:0000627	NT=Q Exactive;AC=MS:1001911	AC=MS:1002038;NT=label free sample	NT=Trypsin;AC=MS:1001251	NT=Lys-C;AC=MS:1001309	NT=Carbamidomethyl;AC=UNIMOD:4;TA=C;MT=Fixed	NT=Oxidation;AC=UNIMOD:35;TA=M;MT=Variable	NT=Acetyl;AC=UNIMOD:1;PP=Protein N-term;MT=Variable	NT=Dithiothreitol (DTT);AC=PRIDE:0000608	not available	NT=HCD;AC=MS:1000422	25 NCE	NT=orbitrap;AC=MS:1000484	300m/z-1700m/z	not available	not available	20 ppm	NT=Strong anion-exchange chromatography (SAX);AC=PRIDE:0000558	4	1	2012-08-27	20120826_EXQ5_KiSh_SA_Collab_neuroE_insol_6.raw	v1.1.0	NT=ms-proteomics;VV=v1.1.0	NT=vertebrates;VV=v1.1.0	NT=sdrf-skills;VV=v0.2.0	brain	astrocyte	not applicable
PXD001250-Sample-5	Mus musculus	brain	central nervous system	astrocyte	normal	neonate	not available	not available	cell	study sample	pooled	not applicable	not applicable	no depletion	2	run 29	proteomic profiling by mass spectrometry	NT=Data-dependent acquisition;AC=PRIDE:0000627	NT=Q Exactive;AC=MS:1001911	AC=MS:1002038;NT=label free sample	NT=Trypsin;AC=MS:1001251	NT=Lys-C;AC=MS:1001309	NT=Carbamidomethyl;AC=UNIMOD:4;TA=C;MT=Fixed	NT=Oxidation;AC=UNIMOD:35;TA=M;MT=Variable	NT=Acetyl;AC=UNIMOD:1;PP=Protein N-term;MT=Variable	NT=Dithiothreitol (DTT);AC=PRIDE:0000608	not available	NT=HCD;AC=MS:1000422	25 NCE	NT=orbitrap;AC=MS:1000484	300m/z-1700m/z	not available	not available	20 ppm	NT=Strong anion-exchange chromatography (SAX);AC=PRIDE:0000558	5	1	2012-08-27	20120826_EXQ5_KiSh_SA_Collab_neuroE_insol_8.raw	v1.1.0	NT=ms-proteomics;VV=v1.1.0	NT=vertebrates;VV=v1.1.0	NT=sdrf-skills;VV=v0.2.0	brain	astrocyte	not applicable
PXD001250-Sample-5	Mus musculus	brain	central nervous system	astrocyte	normal	neonate	not available	not available	cell	study sample	pooled	not applicable	not applicable	no depletion	2	run 30	proteomic profiling by mass spectrometry	NT=Data-dependent acquisition;AC=PRIDE:0000627	NT=Q Exactive;AC=MS:1001911	AC=MS:1002038;NT=label free sample	NT=Trypsin;AC=MS:1001251	NT=Lys-C;AC=MS:1001309	NT=Carbamidomethyl;AC=UNIMOD:4;TA=C;MT=Fixed	NT=Oxidation;AC=UNIMOD:35;TA=M;MT=Variable	NT=Acetyl;AC=UNIMOD:1;PP=Protein N-term;MT=Variable	NT=Dithiothreitol (DTT);AC=PRIDE:0000608	not available	NT=HCD;AC=MS:1000422	25 NCE	NT=orbitrap;AC=MS:1000484	300m/z-1700m/z	not available	not available	20 ppm	NT=Strong anion-exchange chromatography (SAX);AC=PRIDE:0000558	6	1	2012-08-27	20120826_EXQ5_KiSh_SA_Collab_neuroE_insol_11.raw	v1.1.0	NT=ms-proteomics;VV=v1.1.0	NT=vertebrates;VV=v1.1.0	NT=sdrf-skills;VV=v0.2.0	brain	astrocyte	not applicable
PXD001250-Sample-6	Mus musculus	brain	central nervous system	astrocyte	normal	neonate	not available	not available	cell	study sample	pooled	not applicable	not applicable	no depletion	3	run 31	proteomic profiling by mass spectrometry	NT=Data-dependent acquisition;AC=PRIDE:0000627	NT=Q Exactive;AC=MS:1001911	AC=MS:1002038;NT=label free sample	NT=Trypsin;AC=MS:1001251	NT=Lys-C;AC=MS:1001309	NT=Carbamidomethyl;AC=UNIMOD:4;TA=C;MT=Fixed	NT=Oxidation;AC=UNIMOD:35;TA=M;MT=Variable	NT=Acetyl;AC=UNIMOD:1;PP=Protein N-term;MT=Variable	NT=Dithiothreitol (DTT);AC=PRIDE:0000608	not available	NT=HCD;AC=MS:1000422	25 NCE	NT=orbitrap;AC=MS:1000484	300m/z-1700m/z	not available	not available	20 ppm	NT=Strong anion-exchange chromatography (SAX);AC=PRIDE:0000558	1	1	2012-08-28	20120828_EXQ5_KiSh_SA_Collab_neuroF_insol_3.raw	v1.1.0	NT=ms-proteomics;VV=v1.1.0	NT=vertebrates;VV=v1.1.0	NT=sdrf-skills;VV=v0.2.0	brain	astrocyte	not applicable
PXD001250-Sample-6	Mus musculus	brain	central nervous system	astrocyte	normal	neonate	not available	not available	cell	study sample	pooled	not applicable	not applicable	no depletion	3	run 32	proteomic profiling by mass spectrometry	NT=Data-dependent acquisition;AC=PRIDE:0000627	NT=Q Exactive;AC=MS:1001911	AC=MS:1002038;NT=label free sample	NT=Trypsin;AC=MS:1001251	NT=Lys-C;AC=MS:1001309	NT=Carbamidomethyl;AC=UNIMOD:4;TA=C;MT=Fixed	NT=Oxidation;AC=UNIMOD:35;TA=M;MT=Variable	NT=Acetyl;AC=UNIMOD:1;PP=Protein N-term;MT=Variable	NT=Dithiothreitol (DTT);AC=PRIDE:0000608	not available	NT=HCD;AC=MS:1000422	25 NCE	NT=orbitrap;AC=MS:1000484	300m/z-1700m/z	not available	not available	20 ppm	NT=Strong anion-exchange chromatography (SAX);AC=PRIDE:0000558	2	1	2012-08-28	20120828_EXQ5_KiSh_SA_Collab_neuroF_insol_4.raw	v1.1.0	NT=ms-proteomics;VV=v1.1.0	NT=vertebrates;VV=v1.1.0	NT=sdrf-skills;VV=v0.2.0	brain	astrocyte	not applicable
PXD001250-Sample-6	Mus musculus	brain	central nervous system	astrocyte	normal	neonate	not available	not available	cell	study sample	pooled	not applicable	not applicable	no depletion	3	run 33	proteomic profiling by mass spectrometry	NT=Data-dependent acquisition;AC=PRIDE:0000627	NT=Q Exactive;AC=MS:1001911	AC=MS:1002038;NT=label free sample	NT=Trypsin;AC=MS:1001251	NT=Lys-C;AC=MS:1001309	NT=Carbamidomethyl;AC=UNIMOD:4;TA=C;MT=Fixed	NT=Oxidation;AC=UNIMOD:35;TA=M;MT=Variable	NT=Acetyl;AC=UNIMOD:1;PP=Protein N-term;MT=Variable	NT=Dithiothreitol (DTT);AC=PRIDE:0000608	not available	NT=HCD;AC=MS:1000422	25 NCE	NT=orbitrap;AC=MS:1000484	300m/z-1700m/z	not available	not available	20 ppm	NT=Strong anion-exchange chromatography (SAX);AC=PRIDE:0000558	3	1	2012-08-29	20120828_EXQ5_KiSh_SA_Collab_neuroF_insol_5.raw	v1.1.0	NT=ms-proteomics;VV=v1.1.0	NT=vertebrates;VV=v1.1.0	NT=sdrf-skills;VV=v0.2.0	brain	astrocyte	not applicable
PXD001250-Sample-6	Mus musculus	brain	central nervous system	astrocyte	normal	neonate	not available	not available	cell	study sample	pooled	not applicable	not applicable	no depletion	3	run 34	proteomic profiling by mass spectrometry	NT=Data-dependent acquisition;AC=PRIDE:0000627	NT=Q Exactive;AC=MS:1001911	AC=MS:1002038;NT=label free sample	NT=Trypsin;AC=MS:1001251	NT=Lys-C;AC=MS:1001309	NT=Carbamidomethyl;AC=UNIMOD:4;TA=C;MT=Fixed	NT=Oxidation;AC=UNIMOD:35;TA=M;MT=Variable	NT=Acetyl;AC=UNIMOD:1;PP=Protein N-term;MT=Variable	NT=Dithiothreitol (DTT);AC=PRIDE:0000608	not available	NT=HCD;AC=MS:1000422	25 NCE	NT=orbitrap;AC=MS:1000484	300m/z-1700m/z	not available	not available	20 ppm	NT=Strong anion-exchange chromatography (SAX);AC=PRIDE:0000558	4	1	2012-08-29	20120828_EXQ5_KiSh_SA_Collab_neuroF_insol_6.raw	v1.1.0	NT=ms-proteomics;VV=v1.1.0	NT=vertebrates;VV=v1.1.0	NT=sdrf-skills;VV=v0.2.0	brain	astrocyte	not applicable
PXD001250-Sample-6	Mus musculus	brain	central nervous system	astrocyte	normal	neonate	not available	not available	cell	study sample	pooled	not applicable	not applicable	no depletion	3	run 35	proteomic profiling by mass spectrometry	NT=Data-dependent acquisition;AC=PRIDE:0000627	NT=Q Exactive;AC=MS:1001911	AC=MS:1002038;NT=label free sample	NT=Trypsin;AC=MS:1001251	NT=Lys-C;AC=MS:1001309	NT=Carbamidomethyl;AC=UNIMOD:4;TA=C;MT=Fixed	NT=Oxidation;AC=UNIMOD:35;TA=M;MT=Variable	NT=Acetyl;AC=UNIMOD:1;PP=Protein N-term;MT=Variable	NT=Dithiothreitol (DTT);AC=PRIDE:0000608	not available	NT=HCD;AC=MS:1000422	25 NCE	NT=orbitrap;AC=MS:1000484	300m/z-1700m/z	not available	not available	20 ppm	NT=Strong anion-exchange chromatography (SAX);AC=PRIDE:0000558	5	1	2012-08-29	20120828_EXQ5_KiSh_SA_Collab_neuroF_insol_8.raw	v1.1.0	NT=ms-proteomics;VV=v1.1.0	NT=vertebrates;VV=v1.1.0	NT=sdrf-skills;VV=v0.2.0	brain	astrocyte	not applicable
PXD001250-Sample-6	Mus musculus	brain	central nervous system	astrocyte	normal	neonate	not available	not available	cell	study sample	pooled	not applicable	not applicable	no depletion	3	run 36	proteomic profiling by mass spectrometry	NT=Data-dependent acquisition;AC=PRIDE:0000627	NT=Q Exactive;AC=MS:1001911	AC=MS:1002038;NT=label free sample	NT=Trypsin;AC=MS:1001251	NT=Lys-C;AC=MS:1001309	NT=Carbamidomethyl;AC=UNIMOD:4;TA=C;MT=Fixed	NT=Oxidation;AC=UNIMOD:35;TA=M;MT=Variable	NT=Acetyl;AC=UNIMOD:1;PP=Protein N-term;MT=Variable	NT=Dithiothreitol (DTT);AC=PRIDE:0000608	not available	NT=HCD;AC=MS:1000422	25 NCE	NT=orbitrap;AC=MS:1000484	300m/z-1700m/z	not available	not available	20 ppm	NT=Strong anion-exchange chromatography (SAX);AC=PRIDE:0000558	6	1	2012-08-29	20120828_EXQ5_KiSh_SA_Collab_neuroF_insol_11.raw	v1.1.0	NT=ms-proteomics;VV=v1.1.0	NT=vertebrates;VV=v1.1.0	NT=sdrf-skills;VV=v0.2.0	brain	astrocyte	not applicable
PXD001250-Sample-7	Mus musculus	brain	central nervous system	oligodendrocyte	normal	neonate	not available	not available	cell	study sample	pooled	1 day	not applicable	no depletion	1	run 37	proteomic profiling by mass spectrometry	NT=Data-dependent acquisition;AC=PRIDE:0000627	NT=Q Exactive;AC=MS:1001911	AC=MS:1002038;NT=label free sample	NT=Trypsin;AC=MS:1001251	NT=Lys-C;AC=MS:1001309	NT=Carbamidomethyl;AC=UNIMOD:4;TA=C;MT=Fixed	NT=Oxidation;AC=UNIMOD:35;TA=M;MT=Variable	NT=Acetyl;AC=UNIMOD:1;PP=Protein N-term;MT=Variable	NT=Dithiothreitol (DTT);AC=PRIDE:0000608	not available	NT=HCD;AC=MS:1000422	25 NCE	NT=orbitrap;AC=MS:1000484	300m/z-1700m/z	not available	not available	20 ppm	NT=Strong anion-exchange chromatography (SAX);AC=PRIDE:0000558	1	1	2012-08-29	20120829_EXQ5_KiSh_SA_Collab_neuroF_insol_3.raw	v1.1.0	NT=ms-proteomics;VV=v1.1.0	NT=vertebrates;VV=v1.1.0	NT=sdrf-skills;VV=v0.2.0	brain	oligodendrocyte	1 day
PXD001250-Sample-7	Mus musculus	brain	central nervous system	oligodendrocyte	normal	neonate	not available	not available	cell	study sample	pooled	1 day	not applicable	no depletion	1	run 38	proteomic profiling by mass spectrometry	NT=Data-dependent acquisition;AC=PRIDE:0000627	NT=Q Exactive;AC=MS:1001911	AC=MS:1002038;NT=label free sample	NT=Trypsin;AC=MS:1001251	NT=Lys-C;AC=MS:1001309	NT=Carbamidomethyl;AC=UNIMOD:4;TA=C;MT=Fixed	NT=Oxidation;AC=UNIMOD:35;TA=M;MT=Variable	NT=Acetyl;AC=UNIMOD:1;PP=Protein N-term;MT=Variable	NT=Dithiothreitol (DTT);AC=PRIDE:0000608	not available	NT=HCD;AC=MS:1000422	25 NCE	NT=orbitrap;AC=MS:1000484	300m/z-1700m/z	not available	not available	20 ppm	NT=Strong anion-exchange chromatography (SAX);AC=PRIDE:0000558	2	1	2012-08-30	20120829_EXQ5_KiSh_SA_Collab_neuroF_insol_4.raw	v1.1.0	NT=ms-proteomics;VV=v1.1.0	NT=vertebrates;VV=v1.1.0	NT=sdrf-skills;VV=v0.2.0	brain	oligodendrocyte	1 day
PXD001250-Sample-7	Mus musculus	brain	central nervous system	oligodendrocyte	normal	neonate	not available	not available	cell	study sample	pooled	1 day	not applicable	no depletion	1	run 39	proteomic profiling by mass spectrometry	NT=Data-dependent acquisition;AC=PRIDE:0000627	NT=Q Exactive;AC=MS:1001911	AC=MS:1002038;NT=label free sample	NT=Trypsin;AC=MS:1001251	NT=Lys-C;AC=MS:1001309	NT=Carbamidomethyl;AC=UNIMOD:4;TA=C;MT=Fixed	NT=Oxidation;AC=UNIMOD:35;TA=M;MT=Variable	NT=Acetyl;AC=UNIMOD:1;PP=Protein N-term;MT=Variable	NT=Dithiothreitol (DTT);AC=PRIDE:0000608	not available	NT=HCD;AC=MS:1000422	25 NCE	NT=orbitrap;AC=MS:1000484	300m/z-1700m/z	not available	not available	20 ppm	NT=Strong anion-exchange chromatography (SAX);AC=PRIDE:0000558	3	1	2012-08-30	20120829_EXQ5_KiSh_SA_Collab_neuroF_insol_5.raw	v1.1.0	NT=ms-proteomics;VV=v1.1.0	NT=vertebrates;VV=v1.1.0	NT=sdrf-skills;VV=v0.2.0	brain	oligodendrocyte	1 day
PXD001250-Sample-7	Mus musculus	brain	central nervous system	oligodendrocyte	normal	neonate	not available	not available	cell	study sample	pooled	1 day	not applicable	no depletion	1	run 40	proteomic profiling by mass spectrometry	NT=Data-dependent acquisition;AC=PRIDE:0000627	NT=Q Exactive;AC=MS:1001911	AC=MS:1002038;NT=label free sample	NT=Trypsin;AC=MS:1001251	NT=Lys-C;AC=MS:1001309	NT=Carbamidomethyl;AC=UNIMOD:4;TA=C;MT=Fixed	NT=Oxidation;AC=UNIMOD:35;TA=M;MT=Variable	NT=Acetyl;AC=UNIMOD:1;PP=Protein N-term;MT=Variable	NT=Dithiothreitol (DTT);AC=PRIDE:0000608	not available	NT=HCD;AC=MS:1000422	25 NCE	NT=orbitrap;AC=MS:1000484	300m/z-1700m/z	not available	not available	20 ppm	NT=Strong anion-exchange chromatography (SAX);AC=PRIDE:0000558	4	1	2012-08-30	20120829_EXQ5_KiSh_SA_Collab_neuroF_insol_6.raw	v1.1.0	NT=ms-proteomics;VV=v1.1.0	NT=vertebrates;VV=v1.1.0	NT=sdrf-skills;VV=v0.2.0	brain	oligodendrocyte	1 day
PXD001250-Sample-7	Mus musculus	brain	central nervous system	oligodendrocyte	normal	neonate	not available	not available	cell	study sample	pooled	1 day	not applicable	no depletion	1	run 41	proteomic profiling by mass spectrometry	NT=Data-dependent acquisition;AC=PRIDE:0000627	NT=Q Exactive;AC=MS:1001911	AC=MS:1002038;NT=label free sample	NT=Trypsin;AC=MS:1001251	NT=Lys-C;AC=MS:1001309	NT=Carbamidomethyl;AC=UNIMOD:4;TA=C;MT=Fixed	NT=Oxidation;AC=UNIMOD:35;TA=M;MT=Variable	NT=Acetyl;AC=UNIMOD:1;PP=Protein N-term;MT=Variable	NT=Dithiothreitol (DTT);AC=PRIDE:0000608	not available	NT=HCD;AC=MS:1000422	25 NCE	NT=orbitrap;AC=MS:1000484	300m/z-1700m/z	not available	not available	20 ppm	NT=Strong anion-exchange chromatography (SAX);AC=PRIDE:0000558	5	1	2012-08-30	20120829_EXQ5_KiSh_SA_Collab_neuroF_insol_8.raw	v1.1.0	NT=ms-proteomics;VV=v1.1.0	NT=vertebrates;VV=v1.1.0	NT=sdrf-skills;VV=v0.2.0	brain	oligodendrocyte	1 day
PXD001250-Sample-7	Mus musculus	brain	central nervous system	oligodendrocyte	normal	neonate	not available	not available	cell	study sample	pooled	1 day	not applicable	no depletion	1	run 42	proteomic profiling by mass spectrometry	NT=Data-dependent acquisition;AC=PRIDE:0000627	NT=Q Exactive;AC=MS:1001911	AC=MS:1002038;NT=label free sample	NT=Trypsin;AC=MS:1001251	NT=Lys-C;AC=MS:1001309	NT=Carbamidomethyl;AC=UNIMOD:4;TA=C;MT=Fixed	NT=Oxidation;AC=UNIMOD:35;TA=M;MT=Variable	NT=Acetyl;AC=UNIMOD:1;PP=Protein N-term;MT=Variable	NT=Dithiothreitol (DTT);AC=PRIDE:0000608	not available	NT=HCD;AC=MS:1000422	25 NCE	NT=orbitrap;AC=MS:1000484	300m/z-1700m/z	not available	not available	20 ppm	NT=Strong anion-exchange chromatography (SAX);AC=PRIDE:0000558	6	1	2012-08-30	20120829_EXQ5_KiSh_SA_Collab_neuroF_insol_11.raw	v1.1.0	NT=ms-proteomics;VV=v1.1.0	NT=vertebrates;VV=v1.1.0	NT=sdrf-skills;VV=v0.2.0	brain	oligodendrocyte	1 day
PXD001250-Sample-8	Mus musculus	brain	central nervous system	oligodendrocyte	normal	neonate	not available	not available	cell	study sample	pooled	1 day	not applicable	no depletion	2	run 43	proteomic profiling by mass spectrometry	NT=Data-dependent acquisition;AC=PRIDE:0000627	NT=Q Exactive;AC=MS:1001911	AC=MS:1002038;NT=label free sample	NT=Trypsin;AC=MS:1001251	NT=Lys-C;AC=MS:1001309	NT=Carbamidomethyl;AC=UNIMOD:4;TA=C;MT=Fixed	NT=Oxidation;AC=UNIMOD:35;TA=M;MT=Variable	NT=Acetyl;AC=UNIMOD:1;PP=Protein N-term;MT=Variable	NT=Dithiothreitol (DTT);AC=PRIDE:0000608	not available	NT=HCD;AC=MS:1000422	25 NCE	NT=orbitrap;AC=MS:1000484	300m/z-1700m/z	not available	not available	20 ppm	NT=Strong anion-exchange chromatography (SAX);AC=PRIDE:0000558	1	1	2012-08-31	20120830_EXQ5_KiSh_SA_Collab_neuroH_insol_3.raw	v1.1.0	NT=ms-proteomics;VV=v1.1.0	NT=vertebrates;VV=v1.1.0	NT=sdrf-skills;VV=v0.2.0	brain	oligodendrocyte	1 day
PXD001250-Sample-8	Mus musculus	brain	central nervous system	oligodendrocyte	normal	neonate	not available	not available	cell	study sample	pooled	1 day	not applicable	no depletion	2	run 44	proteomic profiling by mass spectrometry	NT=Data-dependent acquisition;AC=PRIDE:0000627	NT=Q Exactive;AC=MS:1001911	AC=MS:1002038;NT=label free sample	NT=Trypsin;AC=MS:1001251	NT=Lys-C;AC=MS:1001309	NT=Carbamidomethyl;AC=UNIMOD:4;TA=C;MT=Fixed	NT=Oxidation;AC=UNIMOD:35;TA=M;MT=Variable	NT=Acetyl;AC=UNIMOD:1;PP=Protein N-term;MT=Variable	NT=Dithiothreitol (DTT);AC=PRIDE:0000608	not available	NT=HCD;AC=MS:1000422	25 NCE	NT=orbitrap;AC=MS:1000484	300m/z-1700m/z	not available	not available	20 ppm	NT=Strong anion-exchange chromatography (SAX);AC=PRIDE:0000558	2	1	2012-08-31	20120830_EXQ5_KiSh_SA_Collab_neuroH_insol_4.raw	v1.1.0	NT=ms-proteomics;VV=v1.1.0	NT=vertebrates;VV=v1.1.0	NT=sdrf-skills;VV=v0.2.0	brain	oligodendrocyte	1 day
PXD001250-Sample-8	Mus musculus	brain	central nervous system	oligodendrocyte	normal	neonate	not available	not available	cell	study sample	pooled	1 day	not applicable	no depletion	2	run 45	proteomic profiling by mass spectrometry	NT=Data-dependent acquisition;AC=PRIDE:0000627	NT=Q Exactive;AC=MS:1001911	AC=MS:1002038;NT=label free sample	NT=Trypsin;AC=MS:1001251	NT=Lys-C;AC=MS:1001309	NT=Carbamidomethyl;AC=UNIMOD:4;TA=C;MT=Fixed	NT=Oxidation;AC=UNIMOD:35;TA=M;MT=Variable	NT=Acetyl;AC=UNIMOD:1;PP=Protein N-term;MT=Variable	NT=Dithiothreitol (DTT);AC=PRIDE:0000608	not available	NT=HCD;AC=MS:1000422	25 NCE	NT=orbitrap;AC=MS:1000484	300m/z-1700m/z	not available	not available	20 ppm	NT=Strong anion-exchange chromatography (SAX);AC=PRIDE:0000558	3	1	2012-08-31	20120830_EXQ5_KiSh_SA_Collab_neuroH_insol_5.raw	v1.1.0	NT=ms-proteomics;VV=v1.1.0	NT=vertebrates;VV=v1.1.0	NT=sdrf-skills;VV=v0.2.0	brain	oligodendrocyte	1 day
PXD001250-Sample-8	Mus musculus	brain	central nervous system	oligodendrocyte	normal	neonate	not available	not available	cell	study sample	pooled	1 day	not applicable	no depletion	2	run 46	proteomic profiling by mass spectrometry	NT=Data-dependent acquisition;AC=PRIDE:0000627	NT=Q Exactive;AC=MS:1001911	AC=MS:1002038;NT=label free sample	NT=Trypsin;AC=MS:1001251	NT=Lys-C;AC=MS:1001309	NT=Carbamidomethyl;AC=UNIMOD:4;TA=C;MT=Fixed	NT=Oxidation;AC=UNIMOD:35;TA=M;MT=Variable	NT=Acetyl;AC=UNIMOD:1;PP=Protein N-term;MT=Variable	NT=Dithiothreitol (DTT);AC=PRIDE:0000608	not available	NT=HCD;AC=MS:1000422	25 NCE	NT=orbitrap;AC=MS:1000484	300m/z-1700m/z	not available	not available	20 ppm	NT=Strong anion-exchange chromatography (SAX);AC=PRIDE:0000558	4	1	2012-08-31	20120830_EXQ5_KiSh_SA_Collab_neuroH_insol_6.raw	v1.1.0	NT=ms-proteomics;VV=v1.1.0	NT=vertebrates;VV=v1.1.0	NT=sdrf-skills;VV=v0.2.0	brain	oligodendrocyte	1 day
PXD001250-Sample-8	Mus musculus	brain	central nervous system	oligodendrocyte	normal	neonate	not available	not available	cell	study sample	pooled	1 day	not applicable	no depletion	2	run 47	proteomic profiling by mass spectrometry	NT=Data-dependent acquisition;AC=PRIDE:0000627	NT=Q Exactive;AC=MS:1001911	AC=MS:1002038;NT=label free sample	NT=Trypsin;AC=MS:1001251	NT=Lys-C;AC=MS:1001309	NT=Carbamidomethyl;AC=UNIMOD:4;TA=C;MT=Fixed	NT=Oxidation;AC=UNIMOD:35;TA=M;MT=Variable	NT=Acetyl;AC=UNIMOD:1;PP=Protein N-term;MT=Variable	NT=Dithiothreitol (DTT);AC=PRIDE:0000608	not available	NT=HCD;AC=MS:1000422	25 NCE	NT=orbitrap;AC=MS:1000484	300m/z-1700m/z	not available	not available	20 ppm	NT=Strong anion-exchange chromatography (SAX);AC=PRIDE:0000558	5	1	2012-08-31	20120830_EXQ5_KiSh_SA_Collab_neuroH_insol_8.raw	v1.1.0	NT=ms-proteomics;VV=v1.1.0	NT=vertebrates;VV=v1.1.0	NT=sdrf-skills;VV=v0.2.0	brain	oligodendrocyte	1 day
PXD001250-Sample-8	Mus musculus	brain	central nervous system	oligodendrocyte	normal	neonate	not available	not available	cell	study sample	pooled	1 day	not applicable	no depletion	2	run 48	proteomic profiling by mass spectrometry	NT=Data-dependent acquisition;AC=PRIDE:0000627	NT=Q Exactive;AC=MS:1001911	AC=MS:1002038;NT=label free sample	NT=Trypsin;AC=MS:1001251	NT=Lys-C;AC=MS:1001309	NT=Carbamidomethyl;AC=UNIMOD:4;TA=C;MT=Fixed	NT=Oxidation;AC=UNIMOD:35;TA=M;MT=Variable	NT=Acetyl;AC=UNIMOD:1;PP=Protein N-term;MT=Variable	NT=Dithiothreitol (DTT);AC=PRIDE:0000608	not available	NT=HCD;AC=MS:1000422	25 NCE	NT=orbitrap;AC=MS:1000484	300m/z-1700m/z	not available	not available	20 ppm	NT=Strong anion-exchange chromatography (SAX);AC=PRIDE:0000558	6	1	2012-08-31	20120830_EXQ5_KiSh_SA_Collab_neuroH_insol_11.raw	v1.1.0	NT=ms-proteomics;VV=v1.1.0	NT=vertebrates;VV=v1.1.0	NT=sdrf-skills;VV=v0.2.0	brain	oligodendrocyte	1 day
PXD001250-Sample-9	Mus musculus	brain	central nervous system	oligodendrocyte	normal	neonate	not available	not available	cell	study sample	pooled	1 day	not applicable	no depletion	3	run 49	proteomic profiling by mass spectrometry	NT=Data-dependent acquisition;AC=PRIDE:0000627	NT=Q Exactive;AC=MS:1001911	AC=MS:1002038;NT=label free sample	NT=Trypsin;AC=MS:1001251	NT=Lys-C;AC=MS:1001309	NT=Carbamidomethyl;AC=UNIMOD:4;TA=C;MT=Fixed	NT=Oxidation;AC=UNIMOD:35;TA=M;MT=Variable	NT=Acetyl;AC=UNIMOD:1;PP=Protein N-term;MT=Variable	NT=Dithiothreitol (DTT);AC=PRIDE:0000608	not available	NT=HCD;AC=MS:1000422	25 NCE	NT=orbitrap;AC=MS:1000484	300m/z-1700m/z	not available	not available	20 ppm	NT=Strong anion-exchange chromatography (SAX);AC=PRIDE:0000558	1	1	2012-09-01	20120831_EXQ5_KiSh_SA_Collab_neuroI_insol_3.raw	v1.1.0	NT=ms-proteomics;VV=v1.1.0	NT=vertebrates;VV=v1.1.0	NT=sdrf-skills;VV=v0.2.0	brain	oligodendrocyte	1 day
PXD001250-Sample-9	Mus musculus	brain	central nervous system	oligodendrocyte	normal	neonate	not available	not available	cell	study sample	pooled	1 day	not applicable	no depletion	3	run 50	proteomic profiling by mass spectrometry	NT=Data-dependent acquisition;AC=PRIDE:0000627	NT=Q Exactive;AC=MS:1001911	AC=MS:1002038;NT=label free sample	NT=Trypsin;AC=MS:1001251	NT=Lys-C;AC=MS:1001309	NT=Carbamidomethyl;AC=UNIMOD:4;TA=C;MT=Fixed	NT=Oxidation;AC=UNIMOD:35;TA=M;MT=Variable	NT=Acetyl;AC=UNIMOD:1;PP=Protein N-term;MT=Variable	NT=Dithiothreitol (DTT);AC=PRIDE:0000608	not available	NT=HCD;AC=MS:1000422	25 NCE	NT=orbitrap;AC=MS:1000484	300m/z-1700m/z	not available	not available	20 ppm	NT=Strong anion-exchange chromatography (SAX);AC=PRIDE:0000558	2	1	2012-09-01	20120831_EXQ5_KiSh_SA_Collab_neuroI_insol_4.raw	v1.1.0	NT=ms-proteomics;VV=v1.1.0	NT=vertebrates;VV=v1.1.0	NT=sdrf-skills;VV=v0.2.0	brain	oligodendrocyte	1 day
PXD001250-Sample-9	Mus musculus	brain	central nervous system	oligodendrocyte	normal	neonate	not available	not available	cell	study sample	pooled	1 day	not applicable	no depletion	3	run 51	proteomic profiling by mass spectrometry	NT=Data-dependent acquisition;AC=PRIDE:0000627	NT=Q Exactive;AC=MS:1001911	AC=MS:1002038;NT=label free sample	NT=Trypsin;AC=MS:1001251	NT=Lys-C;AC=MS:1001309	NT=Carbamidomethyl;AC=UNIMOD:4;TA=C;MT=Fixed	NT=Oxidation;AC=UNIMOD:35;TA=M;MT=Variable	NT=Acetyl;AC=UNIMOD:1;PP=Protein N-term;MT=Variable	NT=Dithiothreitol (DTT);AC=PRIDE:0000608	not available	NT=HCD;AC=MS:1000422	25 NCE	NT=orbitrap;AC=MS:1000484	300m/z-1700m/z	not available	not available	20 ppm	NT=Strong anion-exchange chromatography (SAX);AC=PRIDE:0000558	3	1	2012-09-01	20120831_EXQ5_KiSh_SA_Collab_neuroI_insol_5.raw	v1.1.0	NT=ms-proteomics;VV=v1.1.0	NT=vertebrates;VV=v1.1.0	NT=sdrf-skills;VV=v0.2.0	brain	oligodendrocyte	1 day
PXD001250-Sample-9	Mus musculus	brain	central nervous system	oligodendrocyte	normal	neonate	not available	not available	cell	study sample	pooled	1 day	not applicable	no depletion	3	run 52	proteomic profiling by mass spectrometry	NT=Data-dependent acquisition;AC=PRIDE:0000627	NT=Q Exactive;AC=MS:1001911	AC=MS:1002038;NT=label free sample	NT=Trypsin;AC=MS:1001251	NT=Lys-C;AC=MS:1001309	NT=Carbamidomethyl;AC=UNIMOD:4;TA=C;MT=Fixed	NT=Oxidation;AC=UNIMOD:35;TA=M;MT=Variable	NT=Acetyl;AC=UNIMOD:1;PP=Protein N-term;MT=Variable	NT=Dithiothreitol (DTT);AC=PRIDE:0000608	not available	NT=HCD;AC=MS:1000422	25 NCE	NT=orbitrap;AC=MS:1000484	300m/z-1700m/z	not available	not available	20 ppm	NT=Strong anion-exchange chromatography (SAX);AC=PRIDE:0000558	4	1	2012-09-01	20120831_EXQ5_KiSh_SA_Collab_neuroI_insol_6.raw	v1.1.0	NT=ms-proteomics;VV=v1.1.0	NT=vertebrates;VV=v1.1.0	NT=sdrf-skills;VV=v0.2.0	brain	oligodendrocyte	1 day
PXD001250-Sample-9	Mus musculus	brain	central nervous system	oligodendrocyte	normal	neonate	not available	not available	cell	study sample	pooled	1 day	not applicable	no depletion	3	run 53	proteomic profiling by mass spectrometry	NT=Data-dependent acquisition;AC=PRIDE:0000627	NT=Q Exactive;AC=MS:1001911	AC=MS:1002038;NT=label free sample	NT=Trypsin;AC=MS:1001251	NT=Lys-C;AC=MS:1001309	NT=Carbamidomethyl;AC=UNIMOD:4;TA=C;MT=Fixed	NT=Oxidation;AC=UNIMOD:35;TA=M;MT=Variable	NT=Acetyl;AC=UNIMOD:1;PP=Protein N-term;MT=Variable	NT=Dithiothreitol (DTT);AC=PRIDE:0000608	not available	NT=HCD;AC=MS:1000422	25 NCE	NT=orbitrap;AC=MS:1000484	300m/z-1700m/z	not available	not available	20 ppm	NT=Strong anion-exchange chromatography (SAX);AC=PRIDE:0000558	5	1	2012-09-01	20120831_EXQ5_KiSh_SA_Collab_neuroI_insol_8.raw	v1.1.0	NT=ms-proteomics;VV=v1.1.0	NT=vertebrates;VV=v1.1.0	NT=sdrf-skills;VV=v0.2.0	brain	oligodendrocyte	1 day
PXD001250-Sample-9	Mus musculus	brain	central nervous system	oligodendrocyte	normal	neonate	not available	not available	cell	study sample	pooled	1 day	not applicable	no depletion	3	run 54	proteomic profiling by mass spectrometry	NT=Data-dependent acquisition;AC=PRIDE:0000627	NT=Q Exactive;AC=MS:1001911	AC=MS:1002038;NT=label free sample	NT=Trypsin;AC=MS:1001251	NT=Lys-C;AC=MS:1001309	NT=Carbamidomethyl;AC=UNIMOD:4;TA=C;MT=Fixed	NT=Oxidation;AC=UNIMOD:35;TA=M;MT=Variable	NT=Acetyl;AC=UNIMOD:1;PP=Protein N-term;MT=Variable	NT=Dithiothreitol (DTT);AC=PRIDE:0000608	not available	NT=HCD;AC=MS:1000422	25 NCE	NT=orbitrap;AC=MS:1000484	300m/z-1700m/z	not available	not available	20 ppm	NT=Strong anion-exchange chromatography (SAX);AC=PRIDE:0000558	6	1	2012-09-02	20120833_EXQ5_KiSh_SA_Collab_neuroI_insol_11.raw	v1.1.0	NT=ms-proteomics;VV=v1.1.0	NT=vertebrates;VV=v1.1.0	NT=sdrf-skills;VV=v0.2.0	brain	oligodendrocyte	1 day
PXD001250-Sample-10	Mus musculus	brain	central nervous system	oligodendrocyte	normal	neonate	not available	not available	cell	study sample	pooled	2.5 day	not applicable	no depletion	1	run 55	proteomic profiling by mass spectrometry	NT=Data-dependent acquisition;AC=PRIDE:0000627	NT=Q Exactive;AC=MS:1001911	AC=MS:1002038;NT=label free sample	NT=Trypsin;AC=MS:1001251	NT=Lys-C;AC=MS:1001309	NT=Carbamidomethyl;AC=UNIMOD:4;TA=C;MT=Fixed	NT=Oxidation;AC=UNIMOD:35;TA=M;MT=Variable	NT=Acetyl;AC=UNIMOD:1;PP=Protein N-term;MT=Variable	NT=Dithiothreitol (DTT);AC=PRIDE:0000608	not available	NT=HCD;AC=MS:1000422	25 NCE	NT=orbitrap;AC=MS:1000484	300m/z-1700m/z	not available	not available	20 ppm	NT=Strong anion-exchange chromatography (SAX);AC=PRIDE:0000558	1	1	2013-02-09	20130208_EXQ5_KiSh_SA_neuro_intermediate_oligodend_rep1_3.raw	v1.1.0	NT=ms-proteomics;VV=v1.1.0	NT=vertebrates;VV=v1.1.0	NT=sdrf-skills;VV=v0.2.0	brain	oligodendrocyte	2.5 day
PXD001250-Sample-10	Mus musculus	brain	central nervous system	oligodendrocyte	normal	neonate	not available	not available	cell	study sample	pooled	2.5 day	not applicable	no depletion	1	run 56	proteomic profiling by mass spectrometry	NT=Data-dependent acquisition;AC=PRIDE:0000627	NT=Q Exactive;AC=MS:1001911	AC=MS:1002038;NT=label free sample	NT=Trypsin;AC=MS:1001251	NT=Lys-C;AC=MS:1001309	NT=Carbamidomethyl;AC=UNIMOD:4;TA=C;MT=Fixed	NT=Oxidation;AC=UNIMOD:35;TA=M;MT=Variable	NT=Acetyl;AC=UNIMOD:1;PP=Protein N-term;MT=Variable	NT=Dithiothreitol (DTT);AC=PRIDE:0000608	not available	NT=HCD;AC=MS:1000422	25 NCE	NT=orbitrap;AC=MS:1000484	300m/z-1700m/z	not available	not available	20 ppm	NT=Strong anion-exchange chromatography (SAX);AC=PRIDE:0000558	2	1	2013-02-09	20130208_EXQ5_KiSh_SA_neuro_intermediate_oligodend_rep1_4.raw	v1.1.0	NT=ms-proteomics;VV=v1.1.0	NT=vertebrates;VV=v1.1.0	NT=sdrf-skills;VV=v0.2.0	brain	oligodendrocyte	2.5 day
PXD001250-Sample-10	Mus musculus	brain	central nervous system	oligodendrocyte	normal	neonate	not available	not available	cell	study sample	pooled	2.5 day	not applicable	no depletion	1	run 57	proteomic profiling by mass spectrometry	NT=Data-dependent acquisition;AC=PRIDE:0000627	NT=Q Exactive;AC=MS:1001911	AC=MS:1002038;NT=label free sample	NT=Trypsin;AC=MS:1001251	NT=Lys-C;AC=MS:1001309	NT=Carbamidomethyl;AC=UNIMOD:4;TA=C;MT=Fixed	NT=Oxidation;AC=UNIMOD:35;TA=M;MT=Variable	NT=Acetyl;AC=UNIMOD:1;PP=Protein N-term;MT=Variable	NT=Dithiothreitol (DTT);AC=PRIDE:0000608	not available	NT=HCD;AC=MS:1000422	25 NCE	NT=orbitrap;AC=MS:1000484	300m/z-1700m/z	not available	not available	20 ppm	NT=Strong anion-exchange chromatography (SAX);AC=PRIDE:0000558	3	1	2013-02-09	20130208_EXQ5_KiSh_SA_neuro_intermediate_oligodend_rep1_5.raw	v1.1.0	NT=ms-proteomics;VV=v1.1.0	NT=vertebrates;VV=v1.1.0	NT=sdrf-skills;VV=v0.2.0	brain	oligodendrocyte	2.5 day
PXD001250-Sample-10	Mus musculus	brain	central nervous system	oligodendrocyte	normal	neonate	not available	not available	cell	study sample	pooled	2.5 day	not applicable	no depletion	1	run 58	proteomic profiling by mass spectrometry	NT=Data-dependent acquisition;AC=PRIDE:0000627	NT=Q Exactive;AC=MS:1001911	AC=MS:1002038;NT=label free sample	NT=Trypsin;AC=MS:1001251	NT=Lys-C;AC=MS:1001309	NT=Carbamidomethyl;AC=UNIMOD:4;TA=C;MT=Fixed	NT=Oxidation;AC=UNIMOD:35;TA=M;MT=Variable	NT=Acetyl;AC=UNIMOD:1;PP=Protein N-term;MT=Variable	NT=Dithiothreitol (DTT);AC=PRIDE:0000608	not available	NT=HCD;AC=MS:1000422	25 NCE	NT=orbitrap;AC=MS:1000484	300m/z-1700m/z	not available	not available	20 ppm	NT=Strong anion-exchange chromatography (SAX);AC=PRIDE:0000558	4	1	2013-02-09	20130208_EXQ5_KiSh_SA_neuro_intermediate_oligodend_rep1_6.raw	v1.1.0	NT=ms-proteomics;VV=v1.1.0	NT=vertebrates;VV=v1.1.0	NT=sdrf-skills;VV=v0.2.0	brain	oligodendrocyte	2.5 day
PXD001250-Sample-10	Mus musculus	brain	central nervous system	oligodendrocyte	normal	neonate	not available	not available	cell	study sample	pooled	2.5 day	not applicable	no depletion	1	run 59	proteomic profiling by mass spectrometry	NT=Data-dependent acquisition;AC=PRIDE:0000627	NT=Q Exactive;AC=MS:1001911	AC=MS:1002038;NT=label free sample	NT=Trypsin;AC=MS:1001251	NT=Lys-C;AC=MS:1001309	NT=Carbamidomethyl;AC=UNIMOD:4;TA=C;MT=Fixed	NT=Oxidation;AC=UNIMOD:35;TA=M;MT=Variable	NT=Acetyl;AC=UNIMOD:1;PP=Protein N-term;MT=Variable	NT=Dithiothreitol (DTT);AC=PRIDE:0000608	not available	NT=HCD;AC=MS:1000422	25 NCE	NT=orbitrap;AC=MS:1000484	300m/z-1700m/z	not available	not available	20 ppm	NT=Strong anion-exchange chromatography (SAX);AC=PRIDE:0000558	5	1	2013-02-08	20130208_EXQ5_KiSh_SA_neuro_intermediate_oligodend_rep1_8.raw	v1.1.0	NT=ms-proteomics;VV=v1.1.0	NT=vertebrates;VV=v1.1.0	NT=sdrf-skills;VV=v0.2.0	brain	oligodendrocyte	2.5 day
PXD001250-Sample-10	Mus musculus	brain	central nervous system	oligodendrocyte	normal	neonate	not available	not available	cell	study sample	pooled	2.5 day	not applicable	no depletion	1	run 60	proteomic profiling by mass spectrometry	NT=Data-dependent acquisition;AC=PRIDE:0000627	NT=Q Exactive;AC=MS:1001911	AC=MS:1002038;NT=label free sample	NT=Trypsin;AC=MS:1001251	NT=Lys-C;AC=MS:1001309	NT=Carbamidomethyl;AC=UNIMOD:4;TA=C;MT=Fixed	NT=Oxidation;AC=UNIMOD:35;TA=M;MT=Variable	NT=Acetyl;AC=UNIMOD:1;PP=Protein N-term;MT=Variable	NT=Dithiothreitol (DTT);AC=PRIDE:0000608	not available	NT=HCD;AC=MS:1000422	25 NCE	NT=orbitrap;AC=MS:1000484	300m/z-1700m/z	not available	not available	20 ppm	NT=Strong anion-exchange chromatography (SAX);AC=PRIDE:0000558	6	1	2013-02-08	20130208_EXQ5_KiSh_SA_neuro_intermediate_oligodend_rep1_11.raw	v1.1.0	NT=ms-proteomics;VV=v1.1.0	NT=vertebrates;VV=v1.1.0	NT=sdrf-skills;VV=v0.2.0	brain	oligodendrocyte	2.5 day
PXD001250-Sample-11	Mus musculus	brain	central nervous system	oligodendrocyte	normal	neonate	not available	not available	cell	study sample	pooled	2.5 day	not applicable	no depletion	2	run 61	proteomic profiling by mass spectrometry	NT=Data-dependent acquisition;AC=PRIDE:0000627	NT=Q Exactive;AC=MS:1001911	AC=MS:1002038;NT=label free sample	NT=Trypsin;AC=MS:1001251	NT=Lys-C;AC=MS:1001309	NT=Carbamidomethyl;AC=UNIMOD:4;TA=C;MT=Fixed	NT=Oxidation;AC=UNIMOD:35;TA=M;MT=Variable	NT=Acetyl;AC=UNIMOD:1;PP=Protein N-term;MT=Variable	NT=Dithiothreitol (DTT);AC=PRIDE:0000608	not available	NT=HCD;AC=MS:1000422	25 NCE	NT=orbitrap;AC=MS:1000484	300m/z-1700m/z	not available	not available	20 ppm	NT=Strong anion-exchange chromatography (SAX);AC=PRIDE:0000558	1	1	2013-02-10	20130208_EXQ5_KiSh_SA_neuro_intermediate_oligodend_rep2_3.raw	v1.1.0	NT=ms-proteomics;VV=v1.1.0	NT=vertebrates;VV=v1.1.0	NT=sdrf-skills;VV=v0.2.0	brain	oligodendrocyte	2.5 day
PXD001250-Sample-11	Mus musculus	brain	central nervous system	oligodendrocyte	normal	neonate	not available	not available	cell	study sample	pooled	2.5 day	not applicable	no depletion	2	run 62	proteomic profiling by mass spectrometry	NT=Data-dependent acquisition;AC=PRIDE:0000627	NT=Q Exactive;AC=MS:1001911	AC=MS:1002038;NT=label free sample	NT=Trypsin;AC=MS:1001251	NT=Lys-C;AC=MS:1001309	NT=Carbamidomethyl;AC=UNIMOD:4;TA=C;MT=Fixed	NT=Oxidation;AC=UNIMOD:35;TA=M;MT=Variable	NT=Acetyl;AC=UNIMOD:1;PP=Protein N-term;MT=Variable	NT=Dithiothreitol (DTT);AC=PRIDE:0000608	not available	NT=HCD;AC=MS:1000422	25 NCE	NT=orbitrap;AC=MS:1000484	300m/z-1700m/z	not available	not available	20 ppm	NT=Strong anion-exchange chromatography (SAX);AC=PRIDE:0000558	2	1	2013-02-10	20130208_EXQ5_KiSh_SA_neuro_intermediate_oligodend_rep2_4.raw	v1.1.0	NT=ms-proteomics;VV=v1.1.0	NT=vertebrates;VV=v1.1.0	NT=sdrf-skills;VV=v0.2.0	brain	oligodendrocyte	2.5 day
PXD001250-Sample-11	Mus musculus	brain	central nervous system	oligodendrocyte	normal	neonate	not available	not available	cell	study sample	pooled	2.5 day	not applicable	no depletion	2	run 63	proteomic profiling by mass spectrometry	NT=Data-dependent acquisition;AC=PRIDE:0000627	NT=Q Exactive;AC=MS:1001911	AC=MS:1002038;NT=label free sample	NT=Trypsin;AC=MS:1001251	NT=Lys-C;AC=MS:1001309	NT=Carbamidomethyl;AC=UNIMOD:4;TA=C;MT=Fixed	NT=Oxidation;AC=UNIMOD:35;TA=M;MT=Variable	NT=Acetyl;AC=UNIMOD:1;PP=Protein N-term;MT=Variable	NT=Dithiothreitol (DTT);AC=PRIDE:0000608	not available	NT=HCD;AC=MS:1000422	25 NCE	NT=orbitrap;AC=MS:1000484	300m/z-1700m/z	not available	not available	20 ppm	NT=Strong anion-exchange chromatography (SAX);AC=PRIDE:0000558	3	1	2013-02-10	20130208_EXQ5_KiSh_SA_neuro_intermediate_oligodend_rep2_5.raw	v1.1.0	NT=ms-proteomics;VV=v1.1.0	NT=vertebrates;VV=v1.1.0	NT=sdrf-skills;VV=v0.2.0	brain	oligodendrocyte	2.5 day
PXD001250-Sample-11	Mus musculus	brain	central nervous system	oligodendrocyte	normal	neonate	not available	not available	cell	study sample	pooled	2.5 day	not applicable	no depletion	2	run 64	proteomic profiling by mass spectrometry	NT=Data-dependent acquisition;AC=PRIDE:0000627	NT=Q Exactive;AC=MS:1001911	AC=MS:1002038;NT=label free sample	NT=Trypsin;AC=MS:1001251	NT=Lys-C;AC=MS:1001309	NT=Carbamidomethyl;AC=UNIMOD:4;TA=C;MT=Fixed	NT=Oxidation;AC=UNIMOD:35;TA=M;MT=Variable	NT=Acetyl;AC=UNIMOD:1;PP=Protein N-term;MT=Variable	NT=Dithiothreitol (DTT);AC=PRIDE:0000608	not available	NT=HCD;AC=MS:1000422	25 NCE	NT=orbitrap;AC=MS:1000484	300m/z-1700m/z	not available	not available	20 ppm	NT=Strong anion-exchange chromatography (SAX);AC=PRIDE:0000558	4	1	2013-02-10	20130208_EXQ5_KiSh_SA_neuro_intermediate_oligodend_rep2_6.raw	v1.1.0	NT=ms-proteomics;VV=v1.1.0	NT=vertebrates;VV=v1.1.0	NT=sdrf-skills;VV=v0.2.0	brain	oligodendrocyte	2.5 day
PXD001250-Sample-11	Mus musculus	brain	central nervous system	oligodendrocyte	normal	neonate	not available	not available	cell	study sample	pooled	2.5 day	not applicable	no depletion	2	run 65	proteomic profiling by mass spectrometry	NT=Data-dependent acquisition;AC=PRIDE:0000627	NT=Q Exactive;AC=MS:1001911	AC=MS:1002038;NT=label free sample	NT=Trypsin;AC=MS:1001251	NT=Lys-C;AC=MS:1001309	NT=Carbamidomethyl;AC=UNIMOD:4;TA=C;MT=Fixed	NT=Oxidation;AC=UNIMOD:35;TA=M;MT=Variable	NT=Acetyl;AC=UNIMOD:1;PP=Protein N-term;MT=Variable	NT=Dithiothreitol (DTT);AC=PRIDE:0000608	not available	NT=HCD;AC=MS:1000422	25 NCE	NT=orbitrap;AC=MS:1000484	300m/z-1700m/z	not available	not available	20 ppm	NT=Strong anion-exchange chromatography (SAX);AC=PRIDE:0000558	5	1	2013-02-10	20130208_EXQ5_KiSh_SA_neuro_intermediate_oligodend_rep2_8.raw	v1.1.0	NT=ms-proteomics;VV=v1.1.0	NT=vertebrates;VV=v1.1.0	NT=sdrf-skills;VV=v0.2.0	brain	oligodendrocyte	2.5 day
PXD001250-Sample-11	Mus musculus	brain	central nervous system	oligodendrocyte	normal	neonate	not available	not available	cell	study sample	pooled	2.5 day	not applicable	no depletion	2	run 66	proteomic profiling by mass spectrometry	NT=Data-dependent acquisition;AC=PRIDE:0000627	NT=Q Exactive;AC=MS:1001911	AC=MS:1002038;NT=label free sample	NT=Trypsin;AC=MS:1001251	NT=Lys-C;AC=MS:1001309	NT=Carbamidomethyl;AC=UNIMOD:4;TA=C;MT=Fixed	NT=Oxidation;AC=UNIMOD:35;TA=M;MT=Variable	NT=Acetyl;AC=UNIMOD:1;PP=Protein N-term;MT=Variable	NT=Dithiothreitol (DTT);AC=PRIDE:0000608	not available	NT=HCD;AC=MS:1000422	25 NCE	NT=orbitrap;AC=MS:1000484	300m/z-1700m/z	not available	not available	20 ppm	NT=Strong anion-exchange chromatography (SAX);AC=PRIDE:0000558	6	1	2013-02-09	20130208_EXQ5_KiSh_SA_neuro_intermediate_oligodend_rep2_11.raw	v1.1.0	NT=ms-proteomics;VV=v1.1.0	NT=vertebrates;VV=v1.1.0	NT=sdrf-skills;VV=v0.2.0	brain	oligodendrocyte	2.5 day
PXD001250-Sample-12	Mus musculus	brain	central nervous system	oligodendrocyte	normal	neonate	not available	not available	cell	study sample	pooled	2.5 day	not applicable	no depletion	3	run 67	proteomic profiling by mass spectrometry	NT=Data-dependent acquisition;AC=PRIDE:0000627	NT=Q Exactive;AC=MS:1001911	AC=MS:1002038;NT=label free sample	NT=Trypsin;AC=MS:1001251	NT=Lys-C;AC=MS:1001309	NT=Carbamidomethyl;AC=UNIMOD:4;TA=C;MT=Fixed	NT=Oxidation;AC=UNIMOD:35;TA=M;MT=Variable	NT=Acetyl;AC=UNIMOD:1;PP=Protein N-term;MT=Variable	NT=Dithiothreitol (DTT);AC=PRIDE:0000608	not available	NT=HCD;AC=MS:1000422	25 NCE	NT=orbitrap;AC=MS:1000484	300m/z-1700m/z	not available	not available	20 ppm	NT=Strong anion-exchange chromatography (SAX);AC=PRIDE:0000558	1	1	2013-02-12	20130208_EXQ5_KiSh_SA_neuro_intermediate_oligodend_rep3_3.raw	v1.1.0	NT=ms-proteomics;VV=v1.1.0	NT=vertebrates;VV=v1.1.0	NT=sdrf-skills;VV=v0.2.0	brain	oligodendrocyte	2.5 day
PXD001250-Sample-12	Mus musculus	brain	central nervous system	oligodendrocyte	normal	neonate	not available	not available	cell	study sample	pooled	2.5 day	not applicable	no depletion	3	run 68	proteomic profiling by mass spectrometry	NT=Data-dependent acquisition;AC=PRIDE:0000627	NT=Q Exactive;AC=MS:1001911	AC=MS:1002038;NT=label free sample	NT=Trypsin;AC=MS:1001251	NT=Lys-C;AC=MS:1001309	NT=Carbamidomethyl;AC=UNIMOD:4;TA=C;MT=Fixed	NT=Oxidation;AC=UNIMOD:35;TA=M;MT=Variable	NT=Acetyl;AC=UNIMOD:1;PP=Protein N-term;MT=Variable	NT=Dithiothreitol (DTT);AC=PRIDE:0000608	not available	NT=HCD;AC=MS:1000422	25 NCE	NT=orbitrap;AC=MS:1000484	300m/z-1700m/z	not available	not available	20 ppm	NT=Strong anion-exchange chromatography (SAX);AC=PRIDE:0000558	2	1	2013-02-11	20130208_EXQ5_KiSh_SA_neuro_intermediate_oligodend_rep3_4.raw	v1.1.0	NT=ms-proteomics;VV=v1.1.0	NT=vertebrates;VV=v1.1.0	NT=sdrf-skills;VV=v0.2.0	brain	oligodendrocyte	2.5 day
PXD001250-Sample-12	Mus musculus	brain	central nervous system	oligodendrocyte	normal	neonate	not available	not available	cell	study sample	pooled	2.5 day	not applicable	no depletion	3	run 69	proteomic profiling by mass spectrometry	NT=Data-dependent acquisition;AC=PRIDE:0000627	NT=Q Exactive;AC=MS:1001911	AC=MS:1002038;NT=label free sample	NT=Trypsin;AC=MS:1001251	NT=Lys-C;AC=MS:1001309	NT=Carbamidomethyl;AC=UNIMOD:4;TA=C;MT=Fixed	NT=Oxidation;AC=UNIMOD:35;TA=M;MT=Variable	NT=Acetyl;AC=UNIMOD:1;PP=Protein N-term;MT=Variable	NT=Dithiothreitol (DTT);AC=PRIDE:0000608	not available	NT=HCD;AC=MS:1000422	25 NCE	NT=orbitrap;AC=MS:1000484	300m/z-1700m/z	not available	not available	20 ppm	NT=Strong anion-exchange chromatography (SAX);AC=PRIDE:0000558	3	1	2013-02-11	20130208_EXQ5_KiSh_SA_neuro_intermediate_oligodend_rep3_5.raw	v1.1.0	NT=ms-proteomics;VV=v1.1.0	NT=vertebrates;VV=v1.1.0	NT=sdrf-skills;VV=v0.2.0	brain	oligodendrocyte	2.5 day
PXD001250-Sample-12	Mus musculus	brain	central nervous system	oligodendrocyte	normal	neonate	not available	not available	cell	study sample	pooled	2.5 day	not applicable	no depletion	3	run 70	proteomic profiling by mass spectrometry	NT=Data-dependent acquisition;AC=PRIDE:0000627	NT=Q Exactive;AC=MS:1001911	AC=MS:1002038;NT=label free sample	NT=Trypsin;AC=MS:1001251	NT=Lys-C;AC=MS:1001309	NT=Carbamidomethyl;AC=UNIMOD:4;TA=C;MT=Fixed	NT=Oxidation;AC=UNIMOD:35;TA=M;MT=Variable	NT=Acetyl;AC=UNIMOD:1;PP=Protein N-term;MT=Variable	NT=Dithiothreitol (DTT);AC=PRIDE:0000608	not available	NT=HCD;AC=MS:1000422	25 NCE	NT=orbitrap;AC=MS:1000484	300m/z-1700m/z	not available	not available	20 ppm	NT=Strong anion-exchange chromatography (SAX);AC=PRIDE:0000558	4	1	2013-02-11	20130208_EXQ5_KiSh_SA_neuro_intermediate_oligodend_rep3_6.raw	v1.1.0	NT=ms-proteomics;VV=v1.1.0	NT=vertebrates;VV=v1.1.0	NT=sdrf-skills;VV=v0.2.0	brain	oligodendrocyte	2.5 day
PXD001250-Sample-12	Mus musculus	brain	central nervous system	oligodendrocyte	normal	neonate	not available	not available	cell	study sample	pooled	2.5 day	not applicable	no depletion	3	run 71	proteomic profiling by mass spectrometry	NT=Data-dependent acquisition;AC=PRIDE:0000627	NT=Q Exactive;AC=MS:1001911	AC=MS:1002038;NT=label free sample	NT=Trypsin;AC=MS:1001251	NT=Lys-C;AC=MS:1001309	NT=Carbamidomethyl;AC=UNIMOD:4;TA=C;MT=Fixed	NT=Oxidation;AC=UNIMOD:35;TA=M;MT=Variable	NT=Acetyl;AC=UNIMOD:1;PP=Protein N-term;MT=Variable	NT=Dithiothreitol (DTT);AC=PRIDE:0000608	not available	NT=HCD;AC=MS:1000422	25 NCE	NT=orbitrap;AC=MS:1000484	300m/z-1700m/z	not available	not available	20 ppm	NT=Strong anion-exchange chromatography (SAX);AC=PRIDE:0000558	5	1	2013-02-11	20130208_EXQ5_KiSh_SA_neuro_intermediate_oligodend_rep3_8.raw	v1.1.0	NT=ms-proteomics;VV=v1.1.0	NT=vertebrates;VV=v1.1.0	NT=sdrf-skills;VV=v0.2.0	brain	oligodendrocyte	2.5 day
PXD001250-Sample-12	Mus musculus	brain	central nervous system	oligodendrocyte	normal	neonate	not available	not available	cell	study sample	pooled	2.5 day	not applicable	no depletion	3	run 72	proteomic profiling by mass spectrometry	NT=Data-dependent acquisition;AC=PRIDE:0000627	NT=Q Exactive;AC=MS:1001911	AC=MS:1002038;NT=label free sample	NT=Trypsin;AC=MS:1001251	NT=Lys-C;AC=MS:1001309	NT=Carbamidomethyl;AC=UNIMOD:4;TA=C;MT=Fixed	NT=Oxidation;AC=UNIMOD:35;TA=M;MT=Variable	NT=Acetyl;AC=UNIMOD:1;PP=Protein N-term;MT=Variable	NT=Dithiothreitol (DTT);AC=PRIDE:0000608	not available	NT=HCD;AC=MS:1000422	25 NCE	NT=orbitrap;AC=MS:1000484	300m/z-1700m/z	not available	not available	20 ppm	NT=Strong anion-exchange chromatography (SAX);AC=PRIDE:0000558	6	1	2013-02-11	20130208_EXQ5_KiSh_SA_neuro_intermediate_oligodend_rep3_11.raw	v1.1.0	NT=ms-proteomics;VV=v1.1.0	NT=vertebrates;VV=v1.1.0	NT=sdrf-skills;VV=v0.2.0	brain	oligodendrocyte	2.5 day
PXD001250-Sample-13	Mus musculus	brain	central nervous system	oligodendrocyte	normal	neonate	not available	not available	cell	study sample	pooled	4 day	not applicable	no depletion	1	run 73	proteomic profiling by mass spectrometry	NT=Data-dependent acquisition;AC=PRIDE:0000627	NT=Q Exactive;AC=MS:1001911	AC=MS:1002038;NT=label free sample	NT=Trypsin;AC=MS:1001251	NT=Lys-C;AC=MS:1001309	NT=Carbamidomethyl;AC=UNIMOD:4;TA=C;MT=Fixed	NT=Oxidation;AC=UNIMOD:35;TA=M;MT=Variable	NT=Acetyl;AC=UNIMOD:1;PP=Protein N-term;MT=Variable	NT=Dithiothreitol (DTT);AC=PRIDE:0000608	not available	NT=HCD;AC=MS:1000422	25 NCE	NT=orbitrap;AC=MS:1000484	300m/z-1700m/z	not available	not available	20 ppm	NT=Strong anion-exchange chromatography (SAX);AC=PRIDE:0000558	1	1	2012-09-03	20120901_EXQ5_KiSh_SA_Collab_neuroJ_insol_3.raw	v1.1.0	NT=ms-proteomics;VV=v1.1.0	NT=vertebrates;VV=v1.1.0	NT=sdrf-skills;VV=v0.2.0	brain	oligodendrocyte	4 day
PXD001250-Sample-13	Mus musculus	brain	central nervous system	oligodendrocyte	normal	neonate	not available	not available	cell	study sample	pooled	4 day	not applicable	no depletion	1	run 74	proteomic profiling by mass spectrometry	NT=Data-dependent acquisition;AC=PRIDE:0000627	NT=Q Exactive;AC=MS:1001911	AC=MS:1002038;NT=label free sample	NT=Trypsin;AC=MS:1001251	NT=Lys-C;AC=MS:1001309	NT=Carbamidomethyl;AC=UNIMOD:4;TA=C;MT=Fixed	NT=Oxidation;AC=UNIMOD:35;TA=M;MT=Variable	NT=Acetyl;AC=UNIMOD:1;PP=Protein N-term;MT=Variable	NT=Dithiothreitol (DTT);AC=PRIDE:0000608	not available	NT=HCD;AC=MS:1000422	25 NCE	NT=orbitrap;AC=MS:1000484	300m/z-1700m/z	not available	not available	20 ppm	NT=Strong anion-exchange chromatography (SAX);AC=PRIDE:0000558	2	1	2012-09-03	20120901_EXQ5_KiSh_SA_Collab_neuroJ_insol_4.raw	v1.1.0	NT=ms-proteomics;VV=v1.1.0	NT=vertebrates;VV=v1.1.0	NT=sdrf-skills;VV=v0.2.0	brain	oligodendrocyte	4 day
PXD001250-Sample-13	Mus musculus	brain	central nervous system	oligodendrocyte	normal	neonate	not available	not available	cell	study sample	pooled	4 day	not applicable	no depletion	1	run 75	proteomic profiling by mass spectrometry	NT=Data-dependent acquisition;AC=PRIDE:0000627	NT=Q Exactive;AC=MS:1001911	AC=MS:1002038;NT=label free sample	NT=Trypsin;AC=MS:1001251	NT=Lys-C;AC=MS:1001309	NT=Carbamidomethyl;AC=UNIMOD:4;TA=C;MT=Fixed	NT=Oxidation;AC=UNIMOD:35;TA=M;MT=Variable	NT=Acetyl;AC=UNIMOD:1;PP=Protein N-term;MT=Variable	NT=Dithiothreitol (DTT);AC=PRIDE:0000608	not available	NT=HCD;AC=MS:1000422	25 NCE	NT=orbitrap;AC=MS:1000484	300m/z-1700m/z	not available	not available	20 ppm	NT=Strong anion-exchange chromatography (SAX);AC=PRIDE:0000558	3	1	2012-09-02	20120901_EXQ5_KiSh_SA_Collab_neuroJ_insol_5.raw	v1.1.0	NT=ms-proteomics;VV=v1.1.0	NT=vertebrates;VV=v1.1.0	NT=sdrf-skills;VV=v0.2.0	brain	oligodendrocyte	4 day
PXD001250-Sample-13	Mus musculus	brain	central nervous system	oligodendrocyte	normal	neonate	not available	not available	cell	study sample	pooled	4 day	not applicable	no depletion	1	run 76	proteomic profiling by mass spectrometry	NT=Data-dependent acquisition;AC=PRIDE:0000627	NT=Q Exactive;AC=MS:1001911	AC=MS:1002038;NT=label free sample	NT=Trypsin;AC=MS:1001251	NT=Lys-C;AC=MS:1001309	NT=Carbamidomethyl;AC=UNIMOD:4;TA=C;MT=Fixed	NT=Oxidation;AC=UNIMOD:35;TA=M;MT=Variable	NT=Acetyl;AC=UNIMOD:1;PP=Protein N-term;MT=Variable	NT=Dithiothreitol (DTT);AC=PRIDE:0000608	not available	NT=HCD;AC=MS:1000422	25 NCE	NT=orbitrap;AC=MS:1000484	300m/z-1700m/z	not available	not available	20 ppm	NT=Strong anion-exchange chromatography (SAX);AC=PRIDE:0000558	4	1	2012-09-02	20120901_EXQ5_KiSh_SA_Collab_neuroJ_insol_6.raw	v1.1.0	NT=ms-proteomics;VV=v1.1.0	NT=vertebrates;VV=v1.1.0	NT=sdrf-skills;VV=v0.2.0	brain	oligodendrocyte	4 day
PXD001250-Sample-13	Mus musculus	brain	central nervous system	oligodendrocyte	normal	neonate	not available	not available	cell	study sample	pooled	4 day	not applicable	no depletion	1	run 77	proteomic profiling by mass spectrometry	NT=Data-dependent acquisition;AC=PRIDE:0000627	NT=Q Exactive;AC=MS:1001911	AC=MS:1002038;NT=label free sample	NT=Trypsin;AC=MS:1001251	NT=Lys-C;AC=MS:1001309	NT=Carbamidomethyl;AC=UNIMOD:4;TA=C;MT=Fixed	NT=Oxidation;AC=UNIMOD:35;TA=M;MT=Variable	NT=Acetyl;AC=UNIMOD:1;PP=Protein N-term;MT=Variable	NT=Dithiothreitol (DTT);AC=PRIDE:0000608	not available	NT=HCD;AC=MS:1000422	25 NCE	NT=orbitrap;AC=MS:1000484	300m/z-1700m/z	not available	not available	20 ppm	NT=Strong anion-exchange chromatography (SAX);AC=PRIDE:0000558	5	1	2012-09-02	20120901_EXQ5_KiSh_SA_Collab_neuroJ_insol_8.raw	v1.1.0	NT=ms-proteomics;VV=v1.1.0	NT=vertebrates;VV=v1.1.0	NT=sdrf-skills;VV=v0.2.0	brain	oligodendrocyte	4 day
PXD001250-Sample-13	Mus musculus	brain	central nervous system	oligodendrocyte	normal	neonate	not available	not available	cell	study sample	pooled	4 day	not applicable	no depletion	1	run 78	proteomic profiling by mass spectrometry	NT=Data-dependent acquisition;AC=PRIDE:0000627	NT=Q Exactive;AC=MS:1001911	AC=MS:1002038;NT=label free sample	NT=Trypsin;AC=MS:1001251	NT=Lys-C;AC=MS:1001309	NT=Carbamidomethyl;AC=UNIMOD:4;TA=C;MT=Fixed	NT=Oxidation;AC=UNIMOD:35;TA=M;MT=Variable	NT=Acetyl;AC=UNIMOD:1;PP=Protein N-term;MT=Variable	NT=Dithiothreitol (DTT);AC=PRIDE:0000608	not available	NT=HCD;AC=MS:1000422	25 NCE	NT=orbitrap;AC=MS:1000484	300m/z-1700m/z	not available	not available	20 ppm	NT=Strong anion-exchange chromatography (SAX);AC=PRIDE:0000558	6	1	2012-09-02	20120901_EXQ5_KiSh_SA_Collab_neuroJ_insol_11.raw	v1.1.0	NT=ms-proteomics;VV=v1.1.0	NT=vertebrates;VV=v1.1.0	NT=sdrf-skills;VV=v0.2.0	brain	oligodendrocyte	4 day
PXD001250-Sample-14	Mus musculus	brain	central nervous system	oligodendrocyte	normal	neonate	not available	not available	cell	study sample	pooled	4 day	not applicable	no depletion	2	run 79	proteomic profiling by mass spectrometry	NT=Data-dependent acquisition;AC=PRIDE:0000627	NT=Q Exactive;AC=MS:1001911	AC=MS:1002038;NT=label free sample	NT=Trypsin;AC=MS:1001251	NT=Lys-C;AC=MS:1001309	NT=Carbamidomethyl;AC=UNIMOD:4;TA=C;MT=Fixed	NT=Oxidation;AC=UNIMOD:35;TA=M;MT=Variable	NT=Acetyl;AC=UNIMOD:1;PP=Protein N-term;MT=Variable	NT=Dithiothreitol (DTT);AC=PRIDE:0000608	not available	NT=HCD;AC=MS:1000422	25 NCE	NT=orbitrap;AC=MS:1000484	300m/z-1700m/z	not available	not available	20 ppm	NT=Strong anion-exchange chromatography (SAX);AC=PRIDE:0000558	1	1	2012-09-03	20120902_EXQ5_KiSh_SA_Collab_neuroK_insol_3.raw	v1.1.0	NT=ms-proteomics;VV=v1.1.0	NT=vertebrates;VV=v1.1.0	NT=sdrf-skills;VV=v0.2.0	brain	oligodendrocyte	4 day
PXD001250-Sample-14	Mus musculus	brain	central nervous system	oligodendrocyte	normal	neonate	not available	not available	cell	study sample	pooled	4 day	not applicable	no depletion	2	run 80	proteomic profiling by mass spectrometry	NT=Data-dependent acquisition;AC=PRIDE:0000627	NT=Q Exactive;AC=MS:1001911	AC=MS:1002038;NT=label free sample	NT=Trypsin;AC=MS:1001251	NT=Lys-C;AC=MS:1001309	NT=Carbamidomethyl;AC=UNIMOD:4;TA=C;MT=Fixed	NT=Oxidation;AC=UNIMOD:35;TA=M;MT=Variable	NT=Acetyl;AC=UNIMOD:1;PP=Protein N-term;MT=Variable	NT=Dithiothreitol (DTT);AC=PRIDE:0000608	not available	NT=HCD;AC=MS:1000422	25 NCE	NT=orbitrap;AC=MS:1000484	300m/z-1700m/z	not available	not available	20 ppm	NT=Strong anion-exchange chromatography (SAX);AC=PRIDE:0000558	2	1	2012-09-03	20120902_EXQ5_KiSh_SA_Collab_neuroK_insol_4.raw	v1.1.0	NT=ms-proteomics;VV=v1.1.0	NT=vertebrates;VV=v1.1.0	NT=sdrf-skills;VV=v0.2.0	brain	oligodendrocyte	4 day
PXD001250-Sample-14	Mus musculus	brain	central nervous system	oligodendrocyte	normal	neonate	not available	not available	cell	study sample	pooled	4 day	not applicable	no depletion	2	run 81	proteomic profiling by mass spectrometry	NT=Data-dependent acquisition;AC=PRIDE:0000627	NT=Q Exactive;AC=MS:1001911	AC=MS:1002038;NT=label free sample	NT=Trypsin;AC=MS:1001251	NT=Lys-C;AC=MS:1001309	NT=Carbamidomethyl;AC=UNIMOD:4;TA=C;MT=Fixed	NT=Oxidation;AC=UNIMOD:35;TA=M;MT=Variable	NT=Acetyl;AC=UNIMOD:1;PP=Protein N-term;MT=Variable	NT=Dithiothreitol (DTT);AC=PRIDE:0000608	not available	NT=HCD;AC=MS:1000422	25 NCE	NT=orbitrap;AC=MS:1000484	300m/z-1700m/z	not available	not available	20 ppm	NT=Strong anion-exchange chromatography (SAX);AC=PRIDE:0000558	3	1	2012-09-03	20120902_EXQ5_KiSh_SA_Collab_neuroK_insol_5.raw	v1.1.0	NT=ms-proteomics;VV=v1.1.0	NT=vertebrates;VV=v1.1.0	NT=sdrf-skills;VV=v0.2.0	brain	oligodendrocyte	4 day
PXD001250-Sample-14	Mus musculus	brain	central nervous system	oligodendrocyte	normal	neonate	not available	not available	cell	study sample	pooled	4 day	not applicable	no depletion	2	run 82	proteomic profiling by mass spectrometry	NT=Data-dependent acquisition;AC=PRIDE:0000627	NT=Q Exactive;AC=MS:1001911	AC=MS:1002038;NT=label free sample	NT=Trypsin;AC=MS:1001251	NT=Lys-C;AC=MS:1001309	NT=Carbamidomethyl;AC=UNIMOD:4;TA=C;MT=Fixed	NT=Oxidation;AC=UNIMOD:35;TA=M;MT=Variable	NT=Acetyl;AC=UNIMOD:1;PP=Protein N-term;MT=Variable	NT=Dithiothreitol (DTT);AC=PRIDE:0000608	not available	NT=HCD;AC=MS:1000422	25 NCE	NT=orbitrap;AC=MS:1000484	300m/z-1700m/z	not available	not available	20 ppm	NT=Strong anion-exchange chromatography (SAX);AC=PRIDE:0000558	4	1	2012-09-04	20120902_EXQ5_KiSh_SA_Collab_neuroK_insol_6.raw	v1.1.0	NT=ms-proteomics;VV=v1.1.0	NT=vertebrates;VV=v1.1.0	NT=sdrf-skills;VV=v0.2.0	brain	oligodendrocyte	4 day
PXD001250-Sample-14	Mus musculus	brain	central nervous system	oligodendrocyte	normal	neonate	not available	not available	cell	study sample	pooled	4 day	not applicable	no depletion	2	run 83	proteomic profiling by mass spectrometry	NT=Data-dependent acquisition;AC=PRIDE:0000627	NT=Q Exactive;AC=MS:1001911	AC=MS:1002038;NT=label free sample	NT=Trypsin;AC=MS:1001251	NT=Lys-C;AC=MS:1001309	NT=Carbamidomethyl;AC=UNIMOD:4;TA=C;MT=Fixed	NT=Oxidation;AC=UNIMOD:35;TA=M;MT=Variable	NT=Acetyl;AC=UNIMOD:1;PP=Protein N-term;MT=Variable	NT=Dithiothreitol (DTT);AC=PRIDE:0000608	not available	NT=HCD;AC=MS:1000422	25 NCE	NT=orbitrap;AC=MS:1000484	300m/z-1700m/z	not available	not available	20 ppm	NT=Strong anion-exchange chromatography (SAX);AC=PRIDE:0000558	5	1	2012-09-04	20120902_EXQ5_KiSh_SA_Collab_neuroK_insol_8.raw	v1.1.0	NT=ms-proteomics;VV=v1.1.0	NT=vertebrates;VV=v1.1.0	NT=sdrf-skills;VV=v0.2.0	brain	oligodendrocyte	4 day
PXD001250-Sample-14	Mus musculus	brain	central nervous system	oligodendrocyte	normal	neonate	not available	not available	cell	study sample	pooled	4 day	not applicable	no depletion	2	run 84	proteomic profiling by mass spectrometry	NT=Data-dependent acquisition;AC=PRIDE:0000627	NT=Q Exactive;AC=MS:1001911	AC=MS:1002038;NT=label free sample	NT=Trypsin;AC=MS:1001251	NT=Lys-C;AC=MS:1001309	NT=Carbamidomethyl;AC=UNIMOD:4;TA=C;MT=Fixed	NT=Oxidation;AC=UNIMOD:35;TA=M;MT=Variable	NT=Acetyl;AC=UNIMOD:1;PP=Protein N-term;MT=Variable	NT=Dithiothreitol (DTT);AC=PRIDE:0000608	not available	NT=HCD;AC=MS:1000422	25 NCE	NT=orbitrap;AC=MS:1000484	300m/z-1700m/z	not available	not available	20 ppm	NT=Strong anion-exchange chromatography (SAX);AC=PRIDE:0000558	6	1	2012-09-04	20120902_EXQ5_KiSh_SA_Collab_neuroK_insol_11.raw	v1.1.0	NT=ms-proteomics;VV=v1.1.0	NT=vertebrates;VV=v1.1.0	NT=sdrf-skills;VV=v0.2.0	brain	oligodendrocyte	4 day
PXD001250-Sample-15	Mus musculus	brain	central nervous system	oligodendrocyte	normal	neonate	not available	not available	cell	study sample	pooled	4 day	not applicable	no depletion	3	run 85	proteomic profiling by mass spectrometry	NT=Data-dependent acquisition;AC=PRIDE:0000627	NT=Q Exactive;AC=MS:1001911	AC=MS:1002038;NT=label free sample	NT=Trypsin;AC=MS:1001251	NT=Lys-C;AC=MS:1001309	NT=Carbamidomethyl;AC=UNIMOD:4;TA=C;MT=Fixed	NT=Oxidation;AC=UNIMOD:35;TA=M;MT=Variable	NT=Acetyl;AC=UNIMOD:1;PP=Protein N-term;MT=Variable	NT=Dithiothreitol (DTT);AC=PRIDE:0000608	not available	NT=HCD;AC=MS:1000422	25 NCE	NT=orbitrap;AC=MS:1000484	300m/z-1700m/z	not available	not available	20 ppm	NT=Strong anion-exchange chromatography (SAX);AC=PRIDE:0000558	1	1	2012-09-06	20120905_EXQ5_KiSh_SA_Collab_neuroL_insol_3.raw	v1.1.0	NT=ms-proteomics;VV=v1.1.0	NT=vertebrates;VV=v1.1.0	NT=sdrf-skills;VV=v0.2.0	brain	oligodendrocyte	4 day
PXD001250-Sample-15	Mus musculus	brain	central nervous system	oligodendrocyte	normal	neonate	not available	not available	cell	study sample	pooled	4 day	not applicable	no depletion	3	run 86	proteomic profiling by mass spectrometry	NT=Data-dependent acquisition;AC=PRIDE:0000627	NT=Q Exactive;AC=MS:1001911	AC=MS:1002038;NT=label free sample	NT=Trypsin;AC=MS:1001251	NT=Lys-C;AC=MS:1001309	NT=Carbamidomethyl;AC=UNIMOD:4;TA=C;MT=Fixed	NT=Oxidation;AC=UNIMOD:35;TA=M;MT=Variable	NT=Acetyl;AC=UNIMOD:1;PP=Protein N-term;MT=Variable	NT=Dithiothreitol (DTT);AC=PRIDE:0000608	not available	NT=HCD;AC=MS:1000422	25 NCE	NT=orbitrap;AC=MS:1000484	300m/z-1700m/z	not available	not available	20 ppm	NT=Strong anion-exchange chromatography (SAX);AC=PRIDE:0000558	2	1	2012-09-06	20120905_EXQ5_KiSh_SA_Collab_neuroL_insol_4.raw	v1.1.0	NT=ms-proteomics;VV=v1.1.0	NT=vertebrates;VV=v1.1.0	NT=sdrf-skills;VV=v0.2.0	brain	oligodendrocyte	4 day
PXD001250-Sample-15	Mus musculus	brain	central nervous system	oligodendrocyte	normal	neonate	not available	not available	cell	study sample	pooled	4 day	not applicable	no depletion	3	run 87	proteomic profiling by mass spectrometry	NT=Data-dependent acquisition;AC=PRIDE:0000627	NT=Q Exactive;AC=MS:1001911	AC=MS:1002038;NT=label free sample	NT=Trypsin;AC=MS:1001251	NT=Lys-C;AC=MS:1001309	NT=Carbamidomethyl;AC=UNIMOD:4;TA=C;MT=Fixed	NT=Oxidation;AC=UNIMOD:35;TA=M;MT=Variable	NT=Acetyl;AC=UNIMOD:1;PP=Protein N-term;MT=Variable	NT=Dithiothreitol (DTT);AC=PRIDE:0000608	not available	NT=HCD;AC=MS:1000422	25 NCE	NT=orbitrap;AC=MS:1000484	300m/z-1700m/z	not available	not available	20 ppm	NT=Strong anion-exchange chromatography (SAX);AC=PRIDE:0000558	3	1	2012-09-06	20120905_EXQ5_KiSh_SA_Collab_neuroL_insol_5.raw	v1.1.0	NT=ms-proteomics;VV=v1.1.0	NT=vertebrates;VV=v1.1.0	NT=sdrf-skills;VV=v0.2.0	brain	oligodendrocyte	4 day
PXD001250-Sample-15	Mus musculus	brain	central nervous system	oligodendrocyte	normal	neonate	not available	not available	cell	study sample	pooled	4 day	not applicable	no depletion	3	run 88	proteomic profiling by mass spectrometry	NT=Data-dependent acquisition;AC=PRIDE:0000627	NT=Q Exactive;AC=MS:1001911	AC=MS:1002038;NT=label free sample	NT=Trypsin;AC=MS:1001251	NT=Lys-C;AC=MS:1001309	NT=Carbamidomethyl;AC=UNIMOD:4;TA=C;MT=Fixed	NT=Oxidation;AC=UNIMOD:35;TA=M;MT=Variable	NT=Acetyl;AC=UNIMOD:1;PP=Protein N-term;MT=Variable	NT=Dithiothreitol (DTT);AC=PRIDE:0000608	not available	NT=HCD;AC=MS:1000422	25 NCE	NT=orbitrap;AC=MS:1000484	300m/z-1700m/z	not available	not available	20 ppm	NT=Strong anion-exchange chromatography (SAX);AC=PRIDE:0000558	4	1	2012-09-05	20120905_EXQ5_KiSh_SA_Collab_neuroL_insol_6.raw	v1.1.0	NT=ms-proteomics;VV=v1.1.0	NT=vertebrates;VV=v1.1.0	NT=sdrf-skills;VV=v0.2.0	brain	oligodendrocyte	4 day
PXD001250-Sample-15	Mus musculus	brain	central nervous system	oligodendrocyte	normal	neonate	not available	not available	cell	study sample	pooled	4 day	not applicable	no depletion	3	run 89	proteomic profiling by mass spectrometry	NT=Data-dependent acquisition;AC=PRIDE:0000627	NT=Q Exactive;AC=MS:1001911	AC=MS:1002038;NT=label free sample	NT=Trypsin;AC=MS:1001251	NT=Lys-C;AC=MS:1001309	NT=Carbamidomethyl;AC=UNIMOD:4;TA=C;MT=Fixed	NT=Oxidation;AC=UNIMOD:35;TA=M;MT=Variable	NT=Acetyl;AC=UNIMOD:1;PP=Protein N-term;MT=Variable	NT=Dithiothreitol (DTT);AC=PRIDE:0000608	not available	NT=HCD;AC=MS:1000422	25 NCE	NT=orbitrap;AC=MS:1000484	300m/z-1700m/z	not available	not available	20 ppm	NT=Strong anion-exchange chromatography (SAX);AC=PRIDE:0000558	5	1	2012-09-05	20120905_EXQ5_KiSh_SA_Collab_neuroL_insol_8.raw	v1.1.0	NT=ms-proteomics;VV=v1.1.0	NT=vertebrates;VV=v1.1.0	NT=sdrf-skills;VV=v0.2.0	brain	oligodendrocyte	4 day
PXD001250-Sample-15	Mus musculus	brain	central nervous system	oligodendrocyte	normal	neonate	not available	not available	cell	study sample	pooled	4 day	not applicable	no depletion	3	run 90	proteomic profiling by mass spectrometry	NT=Data-dependent acquisition;AC=PRIDE:0000627	NT=Q Exactive;AC=MS:1001911	AC=MS:1002038;NT=label free sample	NT=Trypsin;AC=MS:1001251	NT=Lys-C;AC=MS:1001309	NT=Carbamidomethyl;AC=UNIMOD:4;TA=C;MT=Fixed	NT=Oxidation;AC=UNIMOD:35;TA=M;MT=Variable	NT=Acetyl;AC=UNIMOD:1;PP=Protein N-term;MT=Variable	NT=Dithiothreitol (DTT);AC=PRIDE:0000608	not available	NT=HCD;AC=MS:1000422	25 NCE	NT=orbitrap;AC=MS:1000484	300m/z-1700m/z	not available	not available	20 ppm	NT=Strong anion-exchange chromatography (SAX);AC=PRIDE:0000558	6	1	2012-09-05	20120905_EXQ5_KiSh_SA_Collab_neuroL_insol_11.raw	v1.1.0	NT=ms-proteomics;VV=v1.1.0	NT=vertebrates;VV=v1.1.0	NT=sdrf-skills;VV=v0.2.0	brain	oligodendrocyte	4 day
PXD001250-Sample-16	Mus musculus	brain	central nervous system	microglial cell	normal	adult	not available	not available	cell	study sample	not available	not applicable	not applicable	no depletion	1	run 91	proteomic profiling by mass spectrometry	NT=Data-dependent acquisition;AC=PRIDE:0000627	NT=Q Exactive;AC=MS:1001911	AC=MS:1002038;NT=label free sample	NT=Trypsin;AC=MS:1001251	NT=Lys-C;AC=MS:1001309	NT=Carbamidomethyl;AC=UNIMOD:4;TA=C;MT=Fixed	NT=Oxidation;AC=UNIMOD:35;TA=M;MT=Variable	NT=Acetyl;AC=UNIMOD:1;PP=Protein N-term;MT=Variable	NT=Dithiothreitol (DTT);AC=PRIDE:0000608	not available	NT=HCD;AC=MS:1000422	25 NCE	NT=orbitrap;AC=MS:1000484	300m/z-1700m/z	not available	not available	20 ppm	NT=Strong anion-exchange chromatography (SAX);AC=PRIDE:0000558	1	1	2013-02-03	20130202_EXQ5_KiSh_SA_neuro_adultmicroglia_rep1_3.raw	v1.1.0	NT=ms-proteomics;VV=v1.1.0	NT=vertebrates;VV=v1.1.0	NT=sdrf-skills;VV=v0.2.0	brain	microglial cell	not applicable
PXD001250-Sample-16	Mus musculus	brain	central nervous system	microglial cell	normal	adult	not available	not available	cell	study sample	not available	not applicable	not applicable	no depletion	1	run 92	proteomic profiling by mass spectrometry	NT=Data-dependent acquisition;AC=PRIDE:0000627	NT=Q Exactive;AC=MS:1001911	AC=MS:1002038;NT=label free sample	NT=Trypsin;AC=MS:1001251	NT=Lys-C;AC=MS:1001309	NT=Carbamidomethyl;AC=UNIMOD:4;TA=C;MT=Fixed	NT=Oxidation;AC=UNIMOD:35;TA=M;MT=Variable	NT=Acetyl;AC=UNIMOD:1;PP=Protein N-term;MT=Variable	NT=Dithiothreitol (DTT);AC=PRIDE:0000608	not available	NT=HCD;AC=MS:1000422	25 NCE	NT=orbitrap;AC=MS:1000484	300m/z-1700m/z	not available	not available	20 ppm	NT=Strong anion-exchange chromatography (SAX);AC=PRIDE:0000558	2	1	2013-02-03	20130202_EXQ5_KiSh_SA_neuro_adultmicroglia_rep1_4.raw	v1.1.0	NT=ms-proteomics;VV=v1.1.0	NT=vertebrates;VV=v1.1.0	NT=sdrf-skills;VV=v0.2.0	brain	microglial cell	not applicable
PXD001250-Sample-16	Mus musculus	brain	central nervous system	microglial cell	normal	adult	not available	not available	cell	study sample	not available	not applicable	not applicable	no depletion	1	run 93	proteomic profiling by mass spectrometry	NT=Data-dependent acquisition;AC=PRIDE:0000627	NT=Q Exactive;AC=MS:1001911	AC=MS:1002038;NT=label free sample	NT=Trypsin;AC=MS:1001251	NT=Lys-C;AC=MS:1001309	NT=Carbamidomethyl;AC=UNIMOD:4;TA=C;MT=Fixed	NT=Oxidation;AC=UNIMOD:35;TA=M;MT=Variable	NT=Acetyl;AC=UNIMOD:1;PP=Protein N-term;MT=Variable	NT=Dithiothreitol (DTT);AC=PRIDE:0000608	not available	NT=HCD;AC=MS:1000422	25 NCE	NT=orbitrap;AC=MS:1000484	300m/z-1700m/z	not available	not available	20 ppm	NT=Strong anion-exchange chromatography (SAX);AC=PRIDE:0000558	3	1	2013-02-03	20130202_EXQ5_KiSh_SA_neuro_adultmicroglia_rep1_5.raw	v1.1.0	NT=ms-proteomics;VV=v1.1.0	NT=vertebrates;VV=v1.1.0	NT=sdrf-skills;VV=v0.2.0	brain	microglial cell	not applicable
PXD001250-Sample-16	Mus musculus	brain	central nervous system	microglial cell	normal	adult	not available	not available	cell	study sample	not available	not applicable	not applicable	no depletion	1	run 94	proteomic profiling by mass spectrometry	NT=Data-dependent acquisition;AC=PRIDE:0000627	NT=Q Exactive;AC=MS:1001911	AC=MS:1002038;NT=label free sample	NT=Trypsin;AC=MS:1001251	NT=Lys-C;AC=MS:1001309	NT=Carbamidomethyl;AC=UNIMOD:4;TA=C;MT=Fixed	NT=Oxidation;AC=UNIMOD:35;TA=M;MT=Variable	NT=Acetyl;AC=UNIMOD:1;PP=Protein N-term;MT=Variable	NT=Dithiothreitol (DTT);AC=PRIDE:0000608	not available	NT=HCD;AC=MS:1000422	25 NCE	NT=orbitrap;AC=MS:1000484	300m/z-1700m/z	not available	not available	20 ppm	NT=Strong anion-exchange chromatography (SAX);AC=PRIDE:0000558	4	1	2013-02-03	20130202_EXQ5_KiSh_SA_neuro_adultmicroglia_rep1_6.raw	v1.1.0	NT=ms-proteomics;VV=v1.1.0	NT=vertebrates;VV=v1.1.0	NT=sdrf-skills;VV=v0.2.0	brain	microglial cell	not applicable
PXD001250-Sample-16	Mus musculus	brain	central nervous system	microglial cell	normal	adult	not available	not available	cell	study sample	not available	not applicable	not applicable	no depletion	1	run 95	proteomic profiling by mass spectrometry	NT=Data-dependent acquisition;AC=PRIDE:0000627	NT=Q Exactive;AC=MS:1001911	AC=MS:1002038;NT=label free sample	NT=Trypsin;AC=MS:1001251	NT=Lys-C;AC=MS:1001309	NT=Carbamidomethyl;AC=UNIMOD:4;TA=C;MT=Fixed	NT=Oxidation;AC=UNIMOD:35;TA=M;MT=Variable	NT=Acetyl;AC=UNIMOD:1;PP=Protein N-term;MT=Variable	NT=Dithiothreitol (DTT);AC=PRIDE:0000608	not available	NT=HCD;AC=MS:1000422	25 NCE	NT=orbitrap;AC=MS:1000484	300m/z-1700m/z	not available	not available	20 ppm	NT=Strong anion-exchange chromatography (SAX);AC=PRIDE:0000558	5	1	2013-02-03	20130202_EXQ5_KiSh_SA_neuro_adultmicroglia_rep1_8.raw	v1.1.0	NT=ms-proteomics;VV=v1.1.0	NT=vertebrates;VV=v1.1.0	NT=sdrf-skills;VV=v0.2.0	brain	microglial cell	not applicable
PXD001250-Sample-16	Mus musculus	brain	central nervous system	microglial cell	normal	adult	not available	not available	cell	study sample	not available	not applicable	not applicable	no depletion	1	run 96	proteomic profiling by mass spectrometry	NT=Data-dependent acquisition;AC=PRIDE:0000627	NT=Q Exactive;AC=MS:1001911	AC=MS:1002038;NT=label free sample	NT=Trypsin;AC=MS:1001251	NT=Lys-C;AC=MS:1001309	NT=Carbamidomethyl;AC=UNIMOD:4;TA=C;MT=Fixed	NT=Oxidation;AC=UNIMOD:35;TA=M;MT=Variable	NT=Acetyl;AC=UNIMOD:1;PP=Protein N-term;MT=Variable	NT=Dithiothreitol (DTT);AC=PRIDE:0000608	not available	NT=HCD;AC=MS:1000422	25 NCE	NT=orbitrap;AC=MS:1000484	300m/z-1700m/z	not available	not available	20 ppm	NT=Strong anion-exchange chromatography (SAX);AC=PRIDE:0000558	6	1	2013-02-02	20130202_EXQ5_KiSh_SA_neuro_adultmicroglia_rep1_11.raw	v1.1.0	NT=ms-proteomics;VV=v1.1.0	NT=vertebrates;VV=v1.1.0	NT=sdrf-skills;VV=v0.2.0	brain	microglial cell	not applicable
PXD001250-Sample-17	Mus musculus	brain	central nervous system	microglial cell	normal	adult	not available	not available	cell	study sample	not available	not applicable	not applicable	no depletion	2	run 97	proteomic profiling by mass spectrometry	NT=Data-dependent acquisition;AC=PRIDE:0000627	NT=Q Exactive;AC=MS:1001911	AC=MS:1002038;NT=label free sample	NT=Trypsin;AC=MS:1001251	NT=Lys-C;AC=MS:1001309	NT=Carbamidomethyl;AC=UNIMOD:4;TA=C;MT=Fixed	NT=Oxidation;AC=UNIMOD:35;TA=M;MT=Variable	NT=Acetyl;AC=UNIMOD:1;PP=Protein N-term;MT=Variable	NT=Dithiothreitol (DTT);AC=PRIDE:0000608	not available	NT=HCD;AC=MS:1000422	25 NCE	NT=orbitrap;AC=MS:1000484	300m/z-1700m/z	not available	not available	20 ppm	NT=Strong anion-exchange chromatography (SAX);AC=PRIDE:0000558	1	1	2013-02-07	20130202_EXQ5_KiSh_SA_neuro_adultmicroglia_rep2_3.raw	v1.1.0	NT=ms-proteomics;VV=v1.1.0	NT=vertebrates;VV=v1.1.0	NT=sdrf-skills;VV=v0.2.0	brain	microglial cell	not applicable
PXD001250-Sample-17	Mus musculus	brain	central nervous system	microglial cell	normal	adult	not available	not available	cell	study sample	not available	not applicable	not applicable	no depletion	2	run 98	proteomic profiling by mass spectrometry	NT=Data-dependent acquisition;AC=PRIDE:0000627	NT=Q Exactive;AC=MS:1001911	AC=MS:1002038;NT=label free sample	NT=Trypsin;AC=MS:1001251	NT=Lys-C;AC=MS:1001309	NT=Carbamidomethyl;AC=UNIMOD:4;TA=C;MT=Fixed	NT=Oxidation;AC=UNIMOD:35;TA=M;MT=Variable	NT=Acetyl;AC=UNIMOD:1;PP=Protein N-term;MT=Variable	NT=Dithiothreitol (DTT);AC=PRIDE:0000608	not available	NT=HCD;AC=MS:1000422	25 NCE	NT=orbitrap;AC=MS:1000484	300m/z-1700m/z	not available	not available	20 ppm	NT=Strong anion-exchange chromatography (SAX);AC=PRIDE:0000558	2	1	2013-02-06	20130202_EXQ5_KiSh_SA_neuro_adultmicroglia_rep2_4.raw	v1.1.0	NT=ms-proteomics;VV=v1.1.0	NT=vertebrates;VV=v1.1.0	NT=sdrf-skills;VV=v0.2.0	brain	microglial cell	not applicable
PXD001250-Sample-17	Mus musculus	brain	central nervous system	microglial cell	normal	adult	not available	not available	cell	study sample	not available	not applicable	not applicable	no depletion	2	run 99	proteomic profiling by mass spectrometry	NT=Data-dependent acquisition;AC=PRIDE:0000627	NT=Q Exactive;AC=MS:1001911	AC=MS:1002038;NT=label free sample	NT=Trypsin;AC=MS:1001251	NT=Lys-C;AC=MS:1001309	NT=Carbamidomethyl;AC=UNIMOD:4;TA=C;MT=Fixed	NT=Oxidation;AC=UNIMOD:35;TA=M;MT=Variable	NT=Acetyl;AC=UNIMOD:1;PP=Protein N-term;MT=Variable	NT=Dithiothreitol (DTT);AC=PRIDE:0000608	not available	NT=HCD;AC=MS:1000422	25 NCE	NT=orbitrap;AC=MS:1000484	300m/z-1700m/z	not available	not available	20 ppm	NT=Strong anion-exchange chromatography (SAX);AC=PRIDE:0000558	3	1	2013-02-06	20130202_EXQ5_KiSh_SA_neuro_adultmicroglia_rep2_5.raw	v1.1.0	NT=ms-proteomics;VV=v1.1.0	NT=vertebrates;VV=v1.1.0	NT=sdrf-skills;VV=v0.2.0	brain	microglial cell	not applicable
PXD001250-Sample-17	Mus musculus	brain	central nervous system	microglial cell	normal	adult	not available	not available	cell	study sample	not available	not applicable	not applicable	no depletion	2	run 100	proteomic profiling by mass spectrometry	NT=Data-dependent acquisition;AC=PRIDE:0000627	NT=Q Exactive;AC=MS:1001911	AC=MS:1002038;NT=label free sample	NT=Trypsin;AC=MS:1001251	NT=Lys-C;AC=MS:1001309	NT=Carbamidomethyl;AC=UNIMOD:4;TA=C;MT=Fixed	NT=Oxidation;AC=UNIMOD:35;TA=M;MT=Variable	NT=Acetyl;AC=UNIMOD:1;PP=Protein N-term;MT=Variable	NT=Dithiothreitol (DTT);AC=PRIDE:0000608	not available	NT=HCD;AC=MS:1000422	25 NCE	NT=orbitrap;AC=MS:1000484	300m/z-1700m/z	not available	not available	20 ppm	NT=Strong anion-exchange chromatography (SAX);AC=PRIDE:0000558	4	1	2013-02-06	20130202_EXQ5_KiSh_SA_neuro_adultmicroglia_rep2_6.raw	v1.1.0	NT=ms-proteomics;VV=v1.1.0	NT=vertebrates;VV=v1.1.0	NT=sdrf-skills;VV=v0.2.0	brain	microglial cell	not applicable
PXD001250-Sample-17	Mus musculus	brain	central nervous system	microglial cell	normal	adult	not available	not available	cell	study sample	not available	not applicable	not applicable	no depletion	2	run 101	proteomic profiling by mass spectrometry	NT=Data-dependent acquisition;AC=PRIDE:0000627	NT=Q Exactive;AC=MS:1001911	AC=MS:1002038;NT=label free sample	NT=Trypsin;AC=MS:1001251	NT=Lys-C;AC=MS:1001309	NT=Carbamidomethyl;AC=UNIMOD:4;TA=C;MT=Fixed	NT=Oxidation;AC=UNIMOD:35;TA=M;MT=Variable	NT=Acetyl;AC=UNIMOD:1;PP=Protein N-term;MT=Variable	NT=Dithiothreitol (DTT);AC=PRIDE:0000608	not available	NT=HCD;AC=MS:1000422	25 NCE	NT=orbitrap;AC=MS:1000484	300m/z-1700m/z	not available	not available	20 ppm	NT=Strong anion-exchange chromatography (SAX);AC=PRIDE:0000558	5	1	2013-02-06	20130202_EXQ5_KiSh_SA_neuro_adultmicroglia_rep2_8.raw	v1.1.0	NT=ms-proteomics;VV=v1.1.0	NT=vertebrates;VV=v1.1.0	NT=sdrf-skills;VV=v0.2.0	brain	microglial cell	not applicable
PXD001250-Sample-17	Mus musculus	brain	central nervous system	microglial cell	normal	adult	not available	not available	cell	study sample	not available	not applicable	not applicable	no depletion	2	run 102	proteomic profiling by mass spectrometry	NT=Data-dependent acquisition;AC=PRIDE:0000627	NT=Q Exactive;AC=MS:1001911	AC=MS:1002038;NT=label free sample	NT=Trypsin;AC=MS:1001251	NT=Lys-C;AC=MS:1001309	NT=Carbamidomethyl;AC=UNIMOD:4;TA=C;MT=Fixed	NT=Oxidation;AC=UNIMOD:35;TA=M;MT=Variable	NT=Acetyl;AC=UNIMOD:1;PP=Protein N-term;MT=Variable	NT=Dithiothreitol (DTT);AC=PRIDE:0000608	not available	NT=HCD;AC=MS:1000422	25 NCE	NT=orbitrap;AC=MS:1000484	300m/z-1700m/z	not available	not available	20 ppm	NT=Strong anion-exchange chromatography (SAX);AC=PRIDE:0000558	6	1	2013-02-06	20130202_EXQ5_KiSh_SA_neuro_adultmicroglia_rep2_11.raw	v1.1.0	NT=ms-proteomics;VV=v1.1.0	NT=vertebrates;VV=v1.1.0	NT=sdrf-skills;VV=v0.2.0	brain	microglial cell	not applicable
PXD001250-Sample-18	Mus musculus	brain	central nervous system	microglial cell	normal	adult	not available	not available	cell	study sample	not available	not applicable	not applicable	no depletion	3	run 103	proteomic profiling by mass spectrometry	NT=Data-dependent acquisition;AC=PRIDE:0000627	NT=Q Exactive;AC=MS:1001911	AC=MS:1002038;NT=label free sample	NT=Trypsin;AC=MS:1001251	NT=Lys-C;AC=MS:1001309	NT=Carbamidomethyl;AC=UNIMOD:4;TA=C;MT=Fixed	NT=Oxidation;AC=UNIMOD:35;TA=M;MT=Variable	NT=Acetyl;AC=UNIMOD:1;PP=Protein N-term;MT=Variable	NT=Dithiothreitol (DTT);AC=PRIDE:0000608	not available	NT=HCD;AC=MS:1000422	25 NCE	NT=orbitrap;AC=MS:1000484	300m/z-1700m/z	not available	not available	20 ppm	NT=Strong anion-exchange chromatography (SAX);AC=PRIDE:0000558	1	1	2013-02-08	20130202_EXQ5_KiSh_SA_neuro_adultmicroglia_rep3_3.raw	v1.1.0	NT=ms-proteomics;VV=v1.1.0	NT=vertebrates;VV=v1.1.0	NT=sdrf-skills;VV=v0.2.0	brain	microglial cell	not applicable
PXD001250-Sample-18	Mus musculus	brain	central nervous system	microglial cell	normal	adult	not available	not available	cell	study sample	not available	not applicable	not applicable	no depletion	3	run 104	proteomic profiling by mass spectrometry	NT=Data-dependent acquisition;AC=PRIDE:0000627	NT=Q Exactive;AC=MS:1001911	AC=MS:1002038;NT=label free sample	NT=Trypsin;AC=MS:1001251	NT=Lys-C;AC=MS:1001309	NT=Carbamidomethyl;AC=UNIMOD:4;TA=C;MT=Fixed	NT=Oxidation;AC=UNIMOD:35;TA=M;MT=Variable	NT=Acetyl;AC=UNIMOD:1;PP=Protein N-term;MT=Variable	NT=Dithiothreitol (DTT);AC=PRIDE:0000608	not available	NT=HCD;AC=MS:1000422	25 NCE	NT=orbitrap;AC=MS:1000484	300m/z-1700m/z	not available	not available	20 ppm	NT=Strong anion-exchange chromatography (SAX);AC=PRIDE:0000558	2	1	2013-02-08	20130202_EXQ5_KiSh_SA_neuro_adultmicroglia_rep3_4.raw	v1.1.0	NT=ms-proteomics;VV=v1.1.0	NT=vertebrates;VV=v1.1.0	NT=sdrf-skills;VV=v0.2.0	brain	microglial cell	not applicable
PXD001250-Sample-18	Mus musculus	brain	central nervous system	microglial cell	normal	adult	not available	not available	cell	study sample	not available	not applicable	not applicable	no depletion	3	run 105	proteomic profiling by mass spectrometry	NT=Data-dependent acquisition;AC=PRIDE:0000627	NT=Q Exactive;AC=MS:1001911	AC=MS:1002038;NT=label free sample	NT=Trypsin;AC=MS:1001251	NT=Lys-C;AC=MS:1001309	NT=Carbamidomethyl;AC=UNIMOD:4;TA=C;MT=Fixed	NT=Oxidation;AC=UNIMOD:35;TA=M;MT=Variable	NT=Acetyl;AC=UNIMOD:1;PP=Protein N-term;MT=Variable	NT=Dithiothreitol (DTT);AC=PRIDE:0000608	not available	NT=HCD;AC=MS:1000422	25 NCE	NT=orbitrap;AC=MS:1000484	300m/z-1700m/z	not available	not available	20 ppm	NT=Strong anion-exchange chromatography (SAX);AC=PRIDE:0000558	3	1	2013-02-08	20130202_EXQ5_KiSh_SA_neuro_adultmicroglia_rep3_5.raw	v1.1.0	NT=ms-proteomics;VV=v1.1.0	NT=vertebrates;VV=v1.1.0	NT=sdrf-skills;VV=v0.2.0	brain	microglial cell	not applicable
PXD001250-Sample-18	Mus musculus	brain	central nervous system	microglial cell	normal	adult	not available	not available	cell	study sample	not available	not applicable	not applicable	no depletion	3	run 106	proteomic profiling by mass spectrometry	NT=Data-dependent acquisition;AC=PRIDE:0000627	NT=Q Exactive;AC=MS:1001911	AC=MS:1002038;NT=label free sample	NT=Trypsin;AC=MS:1001251	NT=Lys-C;AC=MS:1001309	NT=Carbamidomethyl;AC=UNIMOD:4;TA=C;MT=Fixed	NT=Oxidation;AC=UNIMOD:35;TA=M;MT=Variable	NT=Acetyl;AC=UNIMOD:1;PP=Protein N-term;MT=Variable	NT=Dithiothreitol (DTT);AC=PRIDE:0000608	not available	NT=HCD;AC=MS:1000422	25 NCE	NT=orbitrap;AC=MS:1000484	300m/z-1700m/z	not available	not available	20 ppm	NT=Strong anion-exchange chromatography (SAX);AC=PRIDE:0000558	4	1	2013-02-07	20130202_EXQ5_KiSh_SA_neuro_adultmicroglia_rep3_6.raw	v1.1.0	NT=ms-proteomics;VV=v1.1.0	NT=vertebrates;VV=v1.1.0	NT=sdrf-skills;VV=v0.2.0	brain	microglial cell	not applicable
PXD001250-Sample-18	Mus musculus	brain	central nervous system	microglial cell	normal	adult	not available	not available	cell	study sample	not available	not applicable	not applicable	no depletion	3	run 107	proteomic profiling by mass spectrometry	NT=Data-dependent acquisition;AC=PRIDE:0000627	NT=Q Exactive;AC=MS:1001911	AC=MS:1002038;NT=label free sample	NT=Trypsin;AC=MS:1001251	NT=Lys-C;AC=MS:1001309	NT=Carbamidomethyl;AC=UNIMOD:4;TA=C;MT=Fixed	NT=Oxidation;AC=UNIMOD:35;TA=M;MT=Variable	NT=Acetyl;AC=UNIMOD:1;PP=Protein N-term;MT=Variable	NT=Dithiothreitol (DTT);AC=PRIDE:0000608	not available	NT=HCD;AC=MS:1000422	25 NCE	NT=orbitrap;AC=MS:1000484	300m/z-1700m/z	not available	not available	20 ppm	NT=Strong anion-exchange chromatography (SAX);AC=PRIDE:0000558	5	1	2013-02-07	20130202_EXQ5_KiSh_SA_neuro_adultmicroglia_rep3_8.raw	v1.1.0	NT=ms-proteomics;VV=v1.1.0	NT=vertebrates;VV=v1.1.0	NT=sdrf-skills;VV=v0.2.0	brain	microglial cell	not applicable
PXD001250-Sample-18	Mus musculus	brain	central nervous system	microglial cell	normal	adult	not available	not available	cell	study sample	not available	not applicable	not applicable	no depletion	3	run 108	proteomic profiling by mass spectrometry	NT=Data-dependent acquisition;AC=PRIDE:0000627	NT=Q Exactive;AC=MS:1001911	AC=MS:1002038;NT=label free sample	NT=Trypsin;AC=MS:1001251	NT=Lys-C;AC=MS:1001309	NT=Carbamidomethyl;AC=UNIMOD:4;TA=C;MT=Fixed	NT=Oxidation;AC=UNIMOD:35;TA=M;MT=Variable	NT=Acetyl;AC=UNIMOD:1;PP=Protein N-term;MT=Variable	NT=Dithiothreitol (DTT);AC=PRIDE:0000608	not available	NT=HCD;AC=MS:1000422	25 NCE	NT=orbitrap;AC=MS:1000484	300m/z-1700m/z	not available	not available	20 ppm	NT=Strong anion-exchange chromatography (SAX);AC=PRIDE:0000558	6	1	2013-02-07	20130202_EXQ5_KiSh_SA_neuro_adultmicroglia_rep3_11.raw	v1.1.0	NT=ms-proteomics;VV=v1.1.0	NT=vertebrates;VV=v1.1.0	NT=sdrf-skills;VV=v0.2.0	brain	microglial cell	not applicable
PXD001250-Sample-19	Mus musculus	cerebral cortex	central nervous system	cerebral cortex neuron	normal	embryo	not available	not available	cell	study sample	pooled	5 day	not applicable	no depletion	1	run 109	proteomic profiling by mass spectrometry	NT=Data-dependent acquisition;AC=PRIDE:0000627	NT=Q Exactive;AC=MS:1001911	AC=MS:1002038;NT=label free sample	NT=Trypsin;AC=MS:1001251	NT=Lys-C;AC=MS:1001309	NT=Carbamidomethyl;AC=UNIMOD:4;TA=C;MT=Fixed	NT=Oxidation;AC=UNIMOD:35;TA=M;MT=Variable	NT=Acetyl;AC=UNIMOD:1;PP=Protein N-term;MT=Variable	NT=Dithiothreitol (DTT);AC=PRIDE:0000608	not available	NT=HCD;AC=MS:1000422	25 NCE	NT=orbitrap;AC=MS:1000484	300m/z-1700m/z	not available	not available	20 ppm	NT=Strong anion-exchange chromatography (SAX);AC=PRIDE:0000558	1	1	2013-02-14	20130213_EXQ5_KiSh_SA_neuro_cortical_neur_div05_rep1_3.raw	v1.1.0	NT=ms-proteomics;VV=v1.1.0	NT=vertebrates;VV=v1.1.0	NT=sdrf-skills;VV=v0.2.0	cerebral cortex	cerebral cortex neuron	5 day
PXD001250-Sample-19	Mus musculus	cerebral cortex	central nervous system	cerebral cortex neuron	normal	embryo	not available	not available	cell	study sample	pooled	5 day	not applicable	no depletion	1	run 110	proteomic profiling by mass spectrometry	NT=Data-dependent acquisition;AC=PRIDE:0000627	NT=Q Exactive;AC=MS:1001911	AC=MS:1002038;NT=label free sample	NT=Trypsin;AC=MS:1001251	NT=Lys-C;AC=MS:1001309	NT=Carbamidomethyl;AC=UNIMOD:4;TA=C;MT=Fixed	NT=Oxidation;AC=UNIMOD:35;TA=M;MT=Variable	NT=Acetyl;AC=UNIMOD:1;PP=Protein N-term;MT=Variable	NT=Dithiothreitol (DTT);AC=PRIDE:0000608	not available	NT=HCD;AC=MS:1000422	25 NCE	NT=orbitrap;AC=MS:1000484	300m/z-1700m/z	not available	not available	20 ppm	NT=Strong anion-exchange chromatography (SAX);AC=PRIDE:0000558	2	1	2013-02-14	20130213_EXQ5_KiSh_SA_neuro_cortical_neur_div05_rep1_4.raw	v1.1.0	NT=ms-proteomics;VV=v1.1.0	NT=vertebrates;VV=v1.1.0	NT=sdrf-skills;VV=v0.2.0	cerebral cortex	cerebral cortex neuron	5 day
PXD001250-Sample-19	Mus musculus	cerebral cortex	central nervous system	cerebral cortex neuron	normal	embryo	not available	not available	cell	study sample	pooled	5 day	not applicable	no depletion	1	run 111	proteomic profiling by mass spectrometry	NT=Data-dependent acquisition;AC=PRIDE:0000627	NT=Q Exactive;AC=MS:1001911	AC=MS:1002038;NT=label free sample	NT=Trypsin;AC=MS:1001251	NT=Lys-C;AC=MS:1001309	NT=Carbamidomethyl;AC=UNIMOD:4;TA=C;MT=Fixed	NT=Oxidation;AC=UNIMOD:35;TA=M;MT=Variable	NT=Acetyl;AC=UNIMOD:1;PP=Protein N-term;MT=Variable	NT=Dithiothreitol (DTT);AC=PRIDE:0000608	not available	NT=HCD;AC=MS:1000422	25 NCE	NT=orbitrap;AC=MS:1000484	300m/z-1700m/z	not available	not available	20 ppm	NT=Strong anion-exchange chromatography (SAX);AC=PRIDE:0000558	3	1	2013-02-14	20130213_EXQ5_KiSh_SA_neuro_cortical_neur_div05_rep1_5.raw	v1.1.0	NT=ms-proteomics;VV=v1.1.0	NT=vertebrates;VV=v1.1.0	NT=sdrf-skills;VV=v0.2.0	cerebral cortex	cerebral cortex neuron	5 day
PXD001250-Sample-19	Mus musculus	cerebral cortex	central nervous system	cerebral cortex neuron	normal	embryo	not available	not available	cell	study sample	pooled	5 day	not applicable	no depletion	1	run 112	proteomic profiling by mass spectrometry	NT=Data-dependent acquisition;AC=PRIDE:0000627	NT=Q Exactive;AC=MS:1001911	AC=MS:1002038;NT=label free sample	NT=Trypsin;AC=MS:1001251	NT=Lys-C;AC=MS:1001309	NT=Carbamidomethyl;AC=UNIMOD:4;TA=C;MT=Fixed	NT=Oxidation;AC=UNIMOD:35;TA=M;MT=Variable	NT=Acetyl;AC=UNIMOD:1;PP=Protein N-term;MT=Variable	NT=Dithiothreitol (DTT);AC=PRIDE:0000608	not available	NT=HCD;AC=MS:1000422	25 NCE	NT=orbitrap;AC=MS:1000484	300m/z-1700m/z	not available	not available	20 ppm	NT=Strong anion-exchange chromatography (SAX);AC=PRIDE:0000558	4	1	2013-02-14	20130213_EXQ5_KiSh_SA_neuro_cortical_neur_div05_rep1_6.raw	v1.1.0	NT=ms-proteomics;VV=v1.1.0	NT=vertebrates;VV=v1.1.0	NT=sdrf-skills;VV=v0.2.0	cerebral cortex	cerebral cortex neuron	5 day
PXD001250-Sample-19	Mus musculus	cerebral cortex	central nervous system	cerebral cortex neuron	normal	embryo	not available	not available	cell	study sample	pooled	5 day	not applicable	no depletion	1	run 113	proteomic profiling by mass spectrometry	NT=Data-dependent acquisition;AC=PRIDE:0000627	NT=Q Exactive;AC=MS:1001911	AC=MS:1002038;NT=label free sample	NT=Trypsin;AC=MS:1001251	NT=Lys-C;AC=MS:1001309	NT=Carbamidomethyl;AC=UNIMOD:4;TA=C;MT=Fixed	NT=Oxidation;AC=UNIMOD:35;TA=M;MT=Variable	NT=Acetyl;AC=UNIMOD:1;PP=Protein N-term;MT=Variable	NT=Dithiothreitol (DTT);AC=PRIDE:0000608	not available	NT=HCD;AC=MS:1000422	25 NCE	NT=orbitrap;AC=MS:1000484	300m/z-1700m/z	not available	not available	20 ppm	NT=Strong anion-exchange chromatography (SAX);AC=PRIDE:0000558	5	1	2013-02-13	20130213_EXQ5_KiSh_SA_neuro_cortical_neur_div05_rep1_8.raw	v1.1.0	NT=ms-proteomics;VV=v1.1.0	NT=vertebrates;VV=v1.1.0	NT=sdrf-skills;VV=v0.2.0	cerebral cortex	cerebral cortex neuron	5 day
PXD001250-Sample-19	Mus musculus	cerebral cortex	central nervous system	cerebral cortex neuron	normal	embryo	not available	not available	cell	study sample	pooled	5 day	not applicable	no depletion	1	run 114	proteomic profiling by mass spectrometry	NT=Data-dependent acquisition;AC=PRIDE:0000627	NT=Q Exactive;AC=MS:1001911	AC=MS:1002038;NT=label free sample	NT=Trypsin;AC=MS:1001251	NT=Lys-C;AC=MS:1001309	NT=Carbamidomethyl;AC=UNIMOD:4;TA=C;MT=Fixed	NT=Oxidation;AC=UNIMOD:35;TA=M;MT=Variable	NT=Acetyl;AC=UNIMOD:1;PP=Protein N-term;MT=Variable	NT=Dithiothreitol (DTT);AC=PRIDE:0000608	not available	NT=HCD;AC=MS:1000422	25 NCE	NT=orbitrap;AC=MS:1000484	300m/z-1700m/z	not available	not available	20 ppm	NT=Strong anion-exchange chromatography (SAX);AC=PRIDE:0000558	6	1	2013-02-13	20130213_EXQ5_KiSh_SA_neuro_cortical_neur_div05_rep1_11.raw	v1.1.0	NT=ms-proteomics;VV=v1.1.0	NT=vertebrates;VV=v1.1.0	NT=sdrf-skills;VV=v0.2.0	cerebral cortex	cerebral cortex neuron	5 day
PXD001250-Sample-20	Mus musculus	cerebral cortex	central nervous system	cerebral cortex neuron	normal	embryo	not available	not available	cell	study sample	pooled	5 day	not applicable	no depletion	2	run 115	proteomic profiling by mass spectrometry	NT=Data-dependent acquisition;AC=PRIDE:0000627	NT=Q Exactive;AC=MS:1001911	AC=MS:1002038;NT=label free sample	NT=Trypsin;AC=MS:1001251	NT=Lys-C;AC=MS:1001309	NT=Carbamidomethyl;AC=UNIMOD:4;TA=C;MT=Fixed	NT=Oxidation;AC=UNIMOD:35;TA=M;MT=Variable	NT=Acetyl;AC=UNIMOD:1;PP=Protein N-term;MT=Variable	NT=Dithiothreitol (DTT);AC=PRIDE:0000608	not available	NT=HCD;AC=MS:1000422	25 NCE	NT=orbitrap;AC=MS:1000484	300m/z-1700m/z	not available	not available	20 ppm	NT=Strong anion-exchange chromatography (SAX);AC=PRIDE:0000558	1	1	2013-02-15	20130213_EXQ5_KiSh_SA_neuro_cortical_neur_div05_rep2_3.raw	v1.1.0	NT=ms-proteomics;VV=v1.1.0	NT=vertebrates;VV=v1.1.0	NT=sdrf-skills;VV=v0.2.0	cerebral cortex	cerebral cortex neuron	5 day
PXD001250-Sample-20	Mus musculus	cerebral cortex	central nervous system	cerebral cortex neuron	normal	embryo	not available	not available	cell	study sample	pooled	5 day	not applicable	no depletion	2	run 116	proteomic profiling by mass spectrometry	NT=Data-dependent acquisition;AC=PRIDE:0000627	NT=Q Exactive;AC=MS:1001911	AC=MS:1002038;NT=label free sample	NT=Trypsin;AC=MS:1001251	NT=Lys-C;AC=MS:1001309	NT=Carbamidomethyl;AC=UNIMOD:4;TA=C;MT=Fixed	NT=Oxidation;AC=UNIMOD:35;TA=M;MT=Variable	NT=Acetyl;AC=UNIMOD:1;PP=Protein N-term;MT=Variable	NT=Dithiothreitol (DTT);AC=PRIDE:0000608	not available	NT=HCD;AC=MS:1000422	25 NCE	NT=orbitrap;AC=MS:1000484	300m/z-1700m/z	not available	not available	20 ppm	NT=Strong anion-exchange chromatography (SAX);AC=PRIDE:0000558	2	1	2013-02-15	20130213_EXQ5_KiSh_SA_neuro_cortical_neur_div05_rep2_4.raw	v1.1.0	NT=ms-proteomics;VV=v1.1.0	NT=vertebrates;VV=v1.1.0	NT=sdrf-skills;VV=v0.2.0	cerebral cortex	cerebral cortex neuron	5 day
PXD001250-Sample-20	Mus musculus	cerebral cortex	central nervous system	cerebral cortex neuron	normal	embryo	not available	not available	cell	study sample	pooled	5 day	not applicable	no depletion	2	run 117	proteomic profiling by mass spectrometry	NT=Data-dependent acquisition;AC=PRIDE:0000627	NT=Q Exactive;AC=MS:1001911	AC=MS:1002038;NT=label free sample	NT=Trypsin;AC=MS:1001251	NT=Lys-C;AC=MS:1001309	NT=Carbamidomethyl;AC=UNIMOD:4;TA=C;MT=Fixed	NT=Oxidation;AC=UNIMOD:35;TA=M;MT=Variable	NT=Acetyl;AC=UNIMOD:1;PP=Protein N-term;MT=Variable	NT=Dithiothreitol (DTT);AC=PRIDE:0000608	not available	NT=HCD;AC=MS:1000422	25 NCE	NT=orbitrap;AC=MS:1000484	300m/z-1700m/z	not available	not available	20 ppm	NT=Strong anion-exchange chromatography (SAX);AC=PRIDE:0000558	3	1	2013-02-15	20130213_EXQ5_KiSh_SA_neuro_cortical_neur_div05_rep2_5.raw	v1.1.0	NT=ms-proteomics;VV=v1.1.0	NT=vertebrates;VV=v1.1.0	NT=sdrf-skills;VV=v0.2.0	cerebral cortex	cerebral cortex neuron	5 day
PXD001250-Sample-20	Mus musculus	cerebral cortex	central nervous system	cerebral cortex neuron	normal	embryo	not available	not available	cell	study sample	pooled	5 day	not applicable	no depletion	2	run 118	proteomic profiling by mass spectrometry	NT=Data-dependent acquisition;AC=PRIDE:0000627	NT=Q Exactive;AC=MS:1001911	AC=MS:1002038;NT=label free sample	NT=Trypsin;AC=MS:1001251	NT=Lys-C;AC=MS:1001309	NT=Carbamidomethyl;AC=UNIMOD:4;TA=C;MT=Fixed	NT=Oxidation;AC=UNIMOD:35;TA=M;MT=Variable	NT=Acetyl;AC=UNIMOD:1;PP=Protein N-term;MT=Variable	NT=Dithiothreitol (DTT);AC=PRIDE:0000608	not available	NT=HCD;AC=MS:1000422	25 NCE	NT=orbitrap;AC=MS:1000484	300m/z-1700m/z	not available	not available	20 ppm	NT=Strong anion-exchange chromatography (SAX);AC=PRIDE:0000558	4	1	2013-02-15	20130213_EXQ5_KiSh_SA_neuro_cortical_neur_div05_rep2_6.raw	v1.1.0	NT=ms-proteomics;VV=v1.1.0	NT=vertebrates;VV=v1.1.0	NT=sdrf-skills;VV=v0.2.0	cerebral cortex	cerebral cortex neuron	5 day
PXD001250-Sample-20	Mus musculus	cerebral cortex	central nervous system	cerebral cortex neuron	normal	embryo	not available	not available	cell	study sample	pooled	5 day	not applicable	no depletion	2	run 119	proteomic profiling by mass spectrometry	NT=Data-dependent acquisition;AC=PRIDE:0000627	NT=Q Exactive;AC=MS:1001911	AC=MS:1002038;NT=label free sample	NT=Trypsin;AC=MS:1001251	NT=Lys-C;AC=MS:1001309	NT=Carbamidomethyl;AC=UNIMOD:4;TA=C;MT=Fixed	NT=Oxidation;AC=UNIMOD:35;TA=M;MT=Variable	NT=Acetyl;AC=UNIMOD:1;PP=Protein N-term;MT=Variable	NT=Dithiothreitol (DTT);AC=PRIDE:0000608	not available	NT=HCD;AC=MS:1000422	25 NCE	NT=orbitrap;AC=MS:1000484	300m/z-1700m/z	not available	not available	20 ppm	NT=Strong anion-exchange chromatography (SAX);AC=PRIDE:0000558	5	1	2013-02-15	20130213_EXQ5_KiSh_SA_neuro_cortical_neur_div05_rep2_8.raw	v1.1.0	NT=ms-proteomics;VV=v1.1.0	NT=vertebrates;VV=v1.1.0	NT=sdrf-skills;VV=v0.2.0	cerebral cortex	cerebral cortex neuron	5 day
PXD001250-Sample-20	Mus musculus	cerebral cortex	central nervous system	cerebral cortex neuron	normal	embryo	not available	not available	cell	study sample	pooled	5 day	not applicable	no depletion	2	run 120	proteomic profiling by mass spectrometry	NT=Data-dependent acquisition;AC=PRIDE:0000627	NT=Q Exactive;AC=MS:1001911	AC=MS:1002038;NT=label free sample	NT=Trypsin;AC=MS:1001251	NT=Lys-C;AC=MS:1001309	NT=Carbamidomethyl;AC=UNIMOD:4;TA=C;MT=Fixed	NT=Oxidation;AC=UNIMOD:35;TA=M;MT=Variable	NT=Acetyl;AC=UNIMOD:1;PP=Protein N-term;MT=Variable	NT=Dithiothreitol (DTT);AC=PRIDE:0000608	not available	NT=HCD;AC=MS:1000422	25 NCE	NT=orbitrap;AC=MS:1000484	300m/z-1700m/z	not available	not available	20 ppm	NT=Strong anion-exchange chromatography (SAX);AC=PRIDE:0000558	6	1	2013-02-14	20130213_EXQ5_KiSh_SA_neuro_cortical_neur_div05_rep2_11.raw	v1.1.0	NT=ms-proteomics;VV=v1.1.0	NT=vertebrates;VV=v1.1.0	NT=sdrf-skills;VV=v0.2.0	cerebral cortex	cerebral cortex neuron	5 day
PXD001250-Sample-21	Mus musculus	cerebral cortex	central nervous system	cerebral cortex neuron	normal	embryo	not available	not available	cell	study sample	pooled	5 day	not applicable	no depletion	3	run 121	proteomic profiling by mass spectrometry	NT=Data-dependent acquisition;AC=PRIDE:0000627	NT=Q Exactive;AC=MS:1001911	AC=MS:1002038;NT=label free sample	NT=Trypsin;AC=MS:1001251	NT=Lys-C;AC=MS:1001309	NT=Carbamidomethyl;AC=UNIMOD:4;TA=C;MT=Fixed	NT=Oxidation;AC=UNIMOD:35;TA=M;MT=Variable	NT=Acetyl;AC=UNIMOD:1;PP=Protein N-term;MT=Variable	NT=Dithiothreitol (DTT);AC=PRIDE:0000608	not available	NT=HCD;AC=MS:1000422	25 NCE	NT=orbitrap;AC=MS:1000484	300m/z-1700m/z	not available	not available	20 ppm	NT=Strong anion-exchange chromatography (SAX);AC=PRIDE:0000558	1	1	2013-02-17	20130213_EXQ5_KiSh_SA_neuro_cortical_neur_div05_rep3_3.raw	v1.1.0	NT=ms-proteomics;VV=v1.1.0	NT=vertebrates;VV=v1.1.0	NT=sdrf-skills;VV=v0.2.0	cerebral cortex	cerebral cortex neuron	5 day
PXD001250-Sample-21	Mus musculus	cerebral cortex	central nervous system	cerebral cortex neuron	normal	embryo	not available	not available	cell	study sample	pooled	5 day	not applicable	no depletion	3	run 122	proteomic profiling by mass spectrometry	NT=Data-dependent acquisition;AC=PRIDE:0000627	NT=Q Exactive;AC=MS:1001911	AC=MS:1002038;NT=label free sample	NT=Trypsin;AC=MS:1001251	NT=Lys-C;AC=MS:1001309	NT=Carbamidomethyl;AC=UNIMOD:4;TA=C;MT=Fixed	NT=Oxidation;AC=UNIMOD:35;TA=M;MT=Variable	NT=Acetyl;AC=UNIMOD:1;PP=Protein N-term;MT=Variable	NT=Dithiothreitol (DTT);AC=PRIDE:0000608	not available	NT=HCD;AC=MS:1000422	25 NCE	NT=orbitrap;AC=MS:1000484	300m/z-1700m/z	not available	not available	20 ppm	NT=Strong anion-exchange chromatography (SAX);AC=PRIDE:0000558	2	1	2013-02-16	20130213_EXQ5_KiSh_SA_neuro_cortical_neur_div05_rep3_4.raw	v1.1.0	NT=ms-proteomics;VV=v1.1.0	NT=vertebrates;VV=v1.1.0	NT=sdrf-skills;VV=v0.2.0	cerebral cortex	cerebral cortex neuron	5 day
PXD001250-Sample-21	Mus musculus	cerebral cortex	central nervous system	cerebral cortex neuron	normal	embryo	not available	not available	cell	study sample	pooled	5 day	not applicable	no depletion	3	run 123	proteomic profiling by mass spectrometry	NT=Data-dependent acquisition;AC=PRIDE:0000627	NT=Q Exactive;AC=MS:1001911	AC=MS:1002038;NT=label free sample	NT=Trypsin;AC=MS:1001251	NT=Lys-C;AC=MS:1001309	NT=Carbamidomethyl;AC=UNIMOD:4;TA=C;MT=Fixed	NT=Oxidation;AC=UNIMOD:35;TA=M;MT=Variable	NT=Acetyl;AC=UNIMOD:1;PP=Protein N-term;MT=Variable	NT=Dithiothreitol (DTT);AC=PRIDE:0000608	not available	NT=HCD;AC=MS:1000422	25 NCE	NT=orbitrap;AC=MS:1000484	300m/z-1700m/z	not available	not available	20 ppm	NT=Strong anion-exchange chromatography (SAX);AC=PRIDE:0000558	3	1	2013-02-16	20130213_EXQ5_KiSh_SA_neuro_cortical_neur_div05_rep3_5.raw	v1.1.0	NT=ms-proteomics;VV=v1.1.0	NT=vertebrates;VV=v1.1.0	NT=sdrf-skills;VV=v0.2.0	cerebral cortex	cerebral cortex neuron	5 day
PXD001250-Sample-21	Mus musculus	cerebral cortex	central nervous system	cerebral cortex neuron	normal	embryo	not available	not available	cell	study sample	pooled	5 day	not applicable	no depletion	3	run 124	proteomic profiling by mass spectrometry	NT=Data-dependent acquisition;AC=PRIDE:0000627	NT=Q Exactive;AC=MS:1001911	AC=MS:1002038;NT=label free sample	NT=Trypsin;AC=MS:1001251	NT=Lys-C;AC=MS:1001309	NT=Carbamidomethyl;AC=UNIMOD:4;TA=C;MT=Fixed	NT=Oxidation;AC=UNIMOD:35;TA=M;MT=Variable	NT=Acetyl;AC=UNIMOD:1;PP=Protein N-term;MT=Variable	NT=Dithiothreitol (DTT);AC=PRIDE:0000608	not available	NT=HCD;AC=MS:1000422	25 NCE	NT=orbitrap;AC=MS:1000484	300m/z-1700m/z	not available	not available	20 ppm	NT=Strong anion-exchange chromatography (SAX);AC=PRIDE:0000558	4	1	2013-02-16	20130213_EXQ5_KiSh_SA_neuro_cortical_neur_div05_rep3_6.raw	v1.1.0	NT=ms-proteomics;VV=v1.1.0	NT=vertebrates;VV=v1.1.0	NT=sdrf-skills;VV=v0.2.0	cerebral cortex	cerebral cortex neuron	5 day
PXD001250-Sample-21	Mus musculus	cerebral cortex	central nervous system	cerebral cortex neuron	normal	embryo	not available	not available	cell	study sample	pooled	5 day	not applicable	no depletion	3	run 125	proteomic profiling by mass spectrometry	NT=Data-dependent acquisition;AC=PRIDE:0000627	NT=Q Exactive;AC=MS:1001911	AC=MS:1002038;NT=label free sample	NT=Trypsin;AC=MS:1001251	NT=Lys-C;AC=MS:1001309	NT=Carbamidomethyl;AC=UNIMOD:4;TA=C;MT=Fixed	NT=Oxidation;AC=UNIMOD:35;TA=M;MT=Variable	NT=Acetyl;AC=UNIMOD:1;PP=Protein N-term;MT=Variable	NT=Dithiothreitol (DTT);AC=PRIDE:0000608	not available	NT=HCD;AC=MS:1000422	25 NCE	NT=orbitrap;AC=MS:1000484	300m/z-1700m/z	not available	not available	20 ppm	NT=Strong anion-exchange chromatography (SAX);AC=PRIDE:0000558	5	1	2013-02-16	20130213_EXQ5_KiSh_SA_neuro_cortical_neur_div05_rep3_8.raw	v1.1.0	NT=ms-proteomics;VV=v1.1.0	NT=vertebrates;VV=v1.1.0	NT=sdrf-skills;VV=v0.2.0	cerebral cortex	cerebral cortex neuron	5 day
PXD001250-Sample-21	Mus musculus	cerebral cortex	central nervous system	cerebral cortex neuron	normal	embryo	not available	not available	cell	study sample	pooled	5 day	not applicable	no depletion	3	run 126	proteomic profiling by mass spectrometry	NT=Data-dependent acquisition;AC=PRIDE:0000627	NT=Q Exactive;AC=MS:1001911	AC=MS:1002038;NT=label free sample	NT=Trypsin;AC=MS:1001251	NT=Lys-C;AC=MS:1001309	NT=Carbamidomethyl;AC=UNIMOD:4;TA=C;MT=Fixed	NT=Oxidation;AC=UNIMOD:35;TA=M;MT=Variable	NT=Acetyl;AC=UNIMOD:1;PP=Protein N-term;MT=Variable	NT=Dithiothreitol (DTT);AC=PRIDE:0000608	not available	NT=HCD;AC=MS:1000422	25 NCE	NT=orbitrap;AC=MS:1000484	300m/z-1700m/z	not available	not available	20 ppm	NT=Strong anion-exchange chromatography (SAX);AC=PRIDE:0000558	6	1	2013-02-16	20130213_EXQ5_KiSh_SA_neuro_cortical_neur_div05_rep3_11.raw	v1.1.0	NT=ms-proteomics;VV=v1.1.0	NT=vertebrates;VV=v1.1.0	NT=sdrf-skills;VV=v0.2.0	cerebral cortex	cerebral cortex neuron	5 day
PXD001250-Sample-22	Mus musculus	cerebral cortex	central nervous system	cerebral cortex neuron	normal	embryo	not available	not available	cell	study sample	pooled	10 day	not applicable	no depletion	1	run 127	proteomic profiling by mass spectrometry	NT=Data-dependent acquisition;AC=PRIDE:0000627	NT=Q Exactive;AC=MS:1001911	AC=MS:1002038;NT=label free sample	NT=Trypsin;AC=MS:1001251	NT=Lys-C;AC=MS:1001309	NT=Carbamidomethyl;AC=UNIMOD:4;TA=C;MT=Fixed	NT=Oxidation;AC=UNIMOD:35;TA=M;MT=Variable	NT=Acetyl;AC=UNIMOD:1;PP=Protein N-term;MT=Variable	NT=Dithiothreitol (DTT);AC=PRIDE:0000608	not available	NT=HCD;AC=MS:1000422	25 NCE	NT=orbitrap;AC=MS:1000484	300m/z-1700m/z	not available	not available	20 ppm	NT=Strong anion-exchange chromatography (SAX);AC=PRIDE:0000558	1	1	2013-02-18	20130217_EXQ5_KiSh_SA_neuro_cortical_neur_div10_rep1_3.raw	v1.1.0	NT=ms-proteomics;VV=v1.1.0	NT=vertebrates;VV=v1.1.0	NT=sdrf-skills;VV=v0.2.0	cerebral cortex	cerebral cortex neuron	10 day
PXD001250-Sample-22	Mus musculus	cerebral cortex	central nervous system	cerebral cortex neuron	normal	embryo	not available	not available	cell	study sample	pooled	10 day	not applicable	no depletion	1	run 128	proteomic profiling by mass spectrometry	NT=Data-dependent acquisition;AC=PRIDE:0000627	NT=Q Exactive;AC=MS:1001911	AC=MS:1002038;NT=label free sample	NT=Trypsin;AC=MS:1001251	NT=Lys-C;AC=MS:1001309	NT=Carbamidomethyl;AC=UNIMOD:4;TA=C;MT=Fixed	NT=Oxidation;AC=UNIMOD:35;TA=M;MT=Variable	NT=Acetyl;AC=UNIMOD:1;PP=Protein N-term;MT=Variable	NT=Dithiothreitol (DTT);AC=PRIDE:0000608	not available	NT=HCD;AC=MS:1000422	25 NCE	NT=orbitrap;AC=MS:1000484	300m/z-1700m/z	not available	not available	20 ppm	NT=Strong anion-exchange chromatography (SAX);AC=PRIDE:0000558	2	1	2013-02-18	20130217_EXQ5_KiSh_SA_neuro_cortical_neur_div10_rep1_4.raw	v1.1.0	NT=ms-proteomics;VV=v1.1.0	NT=vertebrates;VV=v1.1.0	NT=sdrf-skills;VV=v0.2.0	cerebral cortex	cerebral cortex neuron	10 day
PXD001250-Sample-22	Mus musculus	cerebral cortex	central nervous system	cerebral cortex neuron	normal	embryo	not available	not available	cell	study sample	pooled	10 day	not applicable	no depletion	1	run 129	proteomic profiling by mass spectrometry	NT=Data-dependent acquisition;AC=PRIDE:0000627	NT=Q Exactive;AC=MS:1001911	AC=MS:1002038;NT=label free sample	NT=Trypsin;AC=MS:1001251	NT=Lys-C;AC=MS:1001309	NT=Carbamidomethyl;AC=UNIMOD:4;TA=C;MT=Fixed	NT=Oxidation;AC=UNIMOD:35;TA=M;MT=Variable	NT=Acetyl;AC=UNIMOD:1;PP=Protein N-term;MT=Variable	NT=Dithiothreitol (DTT);AC=PRIDE:0000608	not available	NT=HCD;AC=MS:1000422	25 NCE	NT=orbitrap;AC=MS:1000484	300m/z-1700m/z	not available	not available	20 ppm	NT=Strong anion-exchange chromatography (SAX);AC=PRIDE:0000558	3	1	2013-02-18	20130217_EXQ5_KiSh_SA_neuro_cortical_neur_div10_rep1_5.raw	v1.1.0	NT=ms-proteomics;VV=v1.1.0	NT=vertebrates;VV=v1.1.0	NT=sdrf-skills;VV=v0.2.0	cerebral cortex	cerebral cortex neuron	10 day
PXD001250-Sample-22	Mus musculus	cerebral cortex	central nervous system	cerebral cortex neuron	normal	embryo	not available	not available	cell	study sample	pooled	10 day	not applicable	no depletion	1	run 130	proteomic profiling by mass spectrometry	NT=Data-dependent acquisition;AC=PRIDE:0000627	NT=Q Exactive;AC=MS:1001911	AC=MS:1002038;NT=label free sample	NT=Trypsin;AC=MS:1001251	NT=Lys-C;AC=MS:1001309	NT=Carbamidomethyl;AC=UNIMOD:4;TA=C;MT=Fixed	NT=Oxidation;AC=UNIMOD:35;TA=M;MT=Variable	NT=Acetyl;AC=UNIMOD:1;PP=Protein N-term;MT=Variable	NT=Dithiothreitol (DTT);AC=PRIDE:0000608	not available	NT=HCD;AC=MS:1000422	25 NCE	NT=orbitrap;AC=MS:1000484	300m/z-1700m/z	not available	not available	20 ppm	NT=Strong anion-exchange chromatography (SAX);AC=PRIDE:0000558	4	1	2013-02-18	20130217_EXQ5_KiSh_SA_neuro_cortical_neur_div10_rep1_6.raw	v1.1.0	NT=ms-proteomics;VV=v1.1.0	NT=vertebrates;VV=v1.1.0	NT=sdrf-skills;VV=v0.2.0	cerebral cortex	cerebral cortex neuron	10 day
PXD001250-Sample-22	Mus musculus	cerebral cortex	central nervous system	cerebral cortex neuron	normal	embryo	not available	not available	cell	study sample	pooled	10 day	not applicable	no depletion	1	run 131	proteomic profiling by mass spectrometry	NT=Data-dependent acquisition;AC=PRIDE:0000627	NT=Q Exactive;AC=MS:1001911	AC=MS:1002038;NT=label free sample	NT=Trypsin;AC=MS:1001251	NT=Lys-C;AC=MS:1001309	NT=Carbamidomethyl;AC=UNIMOD:4;TA=C;MT=Fixed	NT=Oxidation;AC=UNIMOD:35;TA=M;MT=Variable	NT=Acetyl;AC=UNIMOD:1;PP=Protein N-term;MT=Variable	NT=Dithiothreitol (DTT);AC=PRIDE:0000608	not available	NT=HCD;AC=MS:1000422	25 NCE	NT=orbitrap;AC=MS:1000484	300m/z-1700m/z	not available	not available	20 ppm	NT=Strong anion-exchange chromatography (SAX);AC=PRIDE:0000558	5	1	2013-02-17	20130217_EXQ5_KiSh_SA_neuro_cortical_neur_div10_rep1_8.raw	v1.1.0	NT=ms-proteomics;VV=v1.1.0	NT=vertebrates;VV=v1.1.0	NT=sdrf-skills;VV=v0.2.0	cerebral cortex	cerebral cortex neuron	10 day
PXD001250-Sample-22	Mus musculus	cerebral cortex	central nervous system	cerebral cortex neuron	normal	embryo	not available	not available	cell	study sample	pooled	10 day	not applicable	no depletion	1	run 132	proteomic profiling by mass spectrometry	NT=Data-dependent acquisition;AC=PRIDE:0000627	NT=Q Exactive;AC=MS:1001911	AC=MS:1002038;NT=label free sample	NT=Trypsin;AC=MS:1001251	NT=Lys-C;AC=MS:1001309	NT=Carbamidomethyl;AC=UNIMOD:4;TA=C;MT=Fixed	NT=Oxidation;AC=UNIMOD:35;TA=M;MT=Variable	NT=Acetyl;AC=UNIMOD:1;PP=Protein N-term;MT=Variable	NT=Dithiothreitol (DTT);AC=PRIDE:0000608	not available	NT=HCD;AC=MS:1000422	25 NCE	NT=orbitrap;AC=MS:1000484	300m/z-1700m/z	not available	not available	20 ppm	NT=Strong anion-exchange chromatography (SAX);AC=PRIDE:0000558	6	1	2013-02-17	20130217_EXQ5_KiSh_SA_neuro_cortical_neur_div10_rep1_11.raw	v1.1.0	NT=ms-proteomics;VV=v1.1.0	NT=vertebrates;VV=v1.1.0	NT=sdrf-skills;VV=v0.2.0	cerebral cortex	cerebral cortex neuron	10 day
PXD001250-Sample-23	Mus musculus	cerebral cortex	central nervous system	cerebral cortex neuron	normal	embryo	not available	not available	cell	study sample	pooled	10 day	not applicable	no depletion	2	run 133	proteomic profiling by mass spectrometry	NT=Data-dependent acquisition;AC=PRIDE:0000627	NT=Q Exactive;AC=MS:1001911	AC=MS:1002038;NT=label free sample	NT=Trypsin;AC=MS:1001251	NT=Lys-C;AC=MS:1001309	NT=Carbamidomethyl;AC=UNIMOD:4;TA=C;MT=Fixed	NT=Oxidation;AC=UNIMOD:35;TA=M;MT=Variable	NT=Acetyl;AC=UNIMOD:1;PP=Protein N-term;MT=Variable	NT=Dithiothreitol (DTT);AC=PRIDE:0000608	not available	NT=HCD;AC=MS:1000422	25 NCE	NT=orbitrap;AC=MS:1000484	300m/z-1700m/z	not available	not available	20 ppm	NT=Strong anion-exchange chromatography (SAX);AC=PRIDE:0000558	1	1	2013-02-23	20130222_EXQ5_KiSh_SA_neuro_cortical_neur_div10_rep2_3.raw	v1.1.0	NT=ms-proteomics;VV=v1.1.0	NT=vertebrates;VV=v1.1.0	NT=sdrf-skills;VV=v0.2.0	cerebral cortex	cerebral cortex neuron	10 day
PXD001250-Sample-23	Mus musculus	cerebral cortex	central nervous system	cerebral cortex neuron	normal	embryo	not available	not available	cell	study sample	pooled	10 day	not applicable	no depletion	2	run 134	proteomic profiling by mass spectrometry	NT=Data-dependent acquisition;AC=PRIDE:0000627	NT=Q Exactive;AC=MS:1001911	AC=MS:1002038;NT=label free sample	NT=Trypsin;AC=MS:1001251	NT=Lys-C;AC=MS:1001309	NT=Carbamidomethyl;AC=UNIMOD:4;TA=C;MT=Fixed	NT=Oxidation;AC=UNIMOD:35;TA=M;MT=Variable	NT=Acetyl;AC=UNIMOD:1;PP=Protein N-term;MT=Variable	NT=Dithiothreitol (DTT);AC=PRIDE:0000608	not available	NT=HCD;AC=MS:1000422	25 NCE	NT=orbitrap;AC=MS:1000484	300m/z-1700m/z	not available	not available	20 ppm	NT=Strong anion-exchange chromatography (SAX);AC=PRIDE:0000558	2	1	2013-02-23	20130222_EXQ5_KiSh_SA_neuro_cortical_neur_div10_rep2_4.raw	v1.1.0	NT=ms-proteomics;VV=v1.1.0	NT=vertebrates;VV=v1.1.0	NT=sdrf-skills;VV=v0.2.0	cerebral cortex	cerebral cortex neuron	10 day
PXD001250-Sample-23	Mus musculus	cerebral cortex	central nervous system	cerebral cortex neuron	normal	embryo	not available	not available	cell	study sample	pooled	10 day	not applicable	no depletion	2	run 135	proteomic profiling by mass spectrometry	NT=Data-dependent acquisition;AC=PRIDE:0000627	NT=Q Exactive;AC=MS:1001911	AC=MS:1002038;NT=label free sample	NT=Trypsin;AC=MS:1001251	NT=Lys-C;AC=MS:1001309	NT=Carbamidomethyl;AC=UNIMOD:4;TA=C;MT=Fixed	NT=Oxidation;AC=UNIMOD:35;TA=M;MT=Variable	NT=Acetyl;AC=UNIMOD:1;PP=Protein N-term;MT=Variable	NT=Dithiothreitol (DTT);AC=PRIDE:0000608	not available	NT=HCD;AC=MS:1000422	25 NCE	NT=orbitrap;AC=MS:1000484	300m/z-1700m/z	not available	not available	20 ppm	NT=Strong anion-exchange chromatography (SAX);AC=PRIDE:0000558	3	1	2013-02-22	20130222_EXQ5_KiSh_SA_neuro_cortical_neur_div10_rep2_5.raw	v1.1.0	NT=ms-proteomics;VV=v1.1.0	NT=vertebrates;VV=v1.1.0	NT=sdrf-skills;VV=v0.2.0	cerebral cortex	cerebral cortex neuron	10 day
PXD001250-Sample-23	Mus musculus	cerebral cortex	central nervous system	cerebral cortex neuron	normal	embryo	not available	not available	cell	study sample	pooled	10 day	not applicable	no depletion	2	run 136	proteomic profiling by mass spectrometry	NT=Data-dependent acquisition;AC=PRIDE:0000627	NT=Q Exactive;AC=MS:1001911	AC=MS:1002038;NT=label free sample	NT=Trypsin;AC=MS:1001251	NT=Lys-C;AC=MS:1001309	NT=Carbamidomethyl;AC=UNIMOD:4;TA=C;MT=Fixed	NT=Oxidation;AC=UNIMOD:35;TA=M;MT=Variable	NT=Acetyl;AC=UNIMOD:1;PP=Protein N-term;MT=Variable	NT=Dithiothreitol (DTT);AC=PRIDE:0000608	not available	NT=HCD;AC=MS:1000422	25 NCE	NT=orbitrap;AC=MS:1000484	300m/z-1700m/z	not available	not available	20 ppm	NT=Strong anion-exchange chromatography (SAX);AC=PRIDE:0000558	4	1	2013-02-22	20130222_EXQ5_KiSh_SA_neuro_cortical_neur_div10_rep2_6.raw	v1.1.0	NT=ms-proteomics;VV=v1.1.0	NT=vertebrates;VV=v1.1.0	NT=sdrf-skills;VV=v0.2.0	cerebral cortex	cerebral cortex neuron	10 day
PXD001250-Sample-23	Mus musculus	cerebral cortex	central nervous system	cerebral cortex neuron	normal	embryo	not available	not available	cell	study sample	pooled	10 day	not applicable	no depletion	2	run 137	proteomic profiling by mass spectrometry	NT=Data-dependent acquisition;AC=PRIDE:0000627	NT=Q Exactive;AC=MS:1001911	AC=MS:1002038;NT=label free sample	NT=Trypsin;AC=MS:1001251	NT=Lys-C;AC=MS:1001309	NT=Carbamidomethyl;AC=UNIMOD:4;TA=C;MT=Fixed	NT=Oxidation;AC=UNIMOD:35;TA=M;MT=Variable	NT=Acetyl;AC=UNIMOD:1;PP=Protein N-term;MT=Variable	NT=Dithiothreitol (DTT);AC=PRIDE:0000608	not available	NT=HCD;AC=MS:1000422	25 NCE	NT=orbitrap;AC=MS:1000484	300m/z-1700m/z	not available	not available	20 ppm	NT=Strong anion-exchange chromatography (SAX);AC=PRIDE:0000558	5	1	2013-02-22	20130222_EXQ5_KiSh_SA_neuro_cortical_neur_div10_rep2_8.raw	v1.1.0	NT=ms-proteomics;VV=v1.1.0	NT=vertebrates;VV=v1.1.0	NT=sdrf-skills;VV=v0.2.0	cerebral cortex	cerebral cortex neuron	10 day
PXD001250-Sample-23	Mus musculus	cerebral cortex	central nervous system	cerebral cortex neuron	normal	embryo	not available	not available	cell	study sample	pooled	10 day	not applicable	no depletion	2	run 138	proteomic profiling by mass spectrometry	NT=Data-dependent acquisition;AC=PRIDE:0000627	NT=Q Exactive;AC=MS:1001911	AC=MS:1002038;NT=label free sample	NT=Trypsin;AC=MS:1001251	NT=Lys-C;AC=MS:1001309	NT=Carbamidomethyl;AC=UNIMOD:4;TA=C;MT=Fixed	NT=Oxidation;AC=UNIMOD:35;TA=M;MT=Variable	NT=Acetyl;AC=UNIMOD:1;PP=Protein N-term;MT=Variable	NT=Dithiothreitol (DTT);AC=PRIDE:0000608	not available	NT=HCD;AC=MS:1000422	25 NCE	NT=orbitrap;AC=MS:1000484	300m/z-1700m/z	not available	not available	20 ppm	NT=Strong anion-exchange chromatography (SAX);AC=PRIDE:0000558	6	1	2013-02-22	20130222_EXQ5_KiSh_SA_neuro_cortical_neur_div10_rep2_11.raw	v1.1.0	NT=ms-proteomics;VV=v1.1.0	NT=vertebrates;VV=v1.1.0	NT=sdrf-skills;VV=v0.2.0	cerebral cortex	cerebral cortex neuron	10 day
PXD001250-Sample-24	Mus musculus	cerebral cortex	central nervous system	cerebral cortex neuron	normal	embryo	not available	not available	cell	study sample	pooled	10 day	not applicable	no depletion	3	run 139	proteomic profiling by mass spectrometry	NT=Data-dependent acquisition;AC=PRIDE:0000627	NT=Q Exactive;AC=MS:1001911	AC=MS:1002038;NT=label free sample	NT=Trypsin;AC=MS:1001251	NT=Lys-C;AC=MS:1001309	NT=Carbamidomethyl;AC=UNIMOD:4;TA=C;MT=Fixed	NT=Oxidation;AC=UNIMOD:35;TA=M;MT=Variable	NT=Acetyl;AC=UNIMOD:1;PP=Protein N-term;MT=Variable	NT=Dithiothreitol (DTT);AC=PRIDE:0000608	not available	NT=HCD;AC=MS:1000422	25 NCE	NT=orbitrap;AC=MS:1000484	300m/z-1700m/z	not available	not available	20 ppm	NT=Strong anion-exchange chromatography (SAX);AC=PRIDE:0000558	1	1	2013-02-24	20130222_EXQ5_KiSh_SA_neuro_cortical_neur_div10_rep3_3.raw	v1.1.0	NT=ms-proteomics;VV=v1.1.0	NT=vertebrates;VV=v1.1.0	NT=sdrf-skills;VV=v0.2.0	cerebral cortex	cerebral cortex neuron	10 day
PXD001250-Sample-24	Mus musculus	cerebral cortex	central nervous system	cerebral cortex neuron	normal	embryo	not available	not available	cell	study sample	pooled	10 day	not applicable	no depletion	3	run 140	proteomic profiling by mass spectrometry	NT=Data-dependent acquisition;AC=PRIDE:0000627	NT=Q Exactive;AC=MS:1001911	AC=MS:1002038;NT=label free sample	NT=Trypsin;AC=MS:1001251	NT=Lys-C;AC=MS:1001309	NT=Carbamidomethyl;AC=UNIMOD:4;TA=C;MT=Fixed	NT=Oxidation;AC=UNIMOD:35;TA=M;MT=Variable	NT=Acetyl;AC=UNIMOD:1;PP=Protein N-term;MT=Variable	NT=Dithiothreitol (DTT);AC=PRIDE:0000608	not available	NT=HCD;AC=MS:1000422	25 NCE	NT=orbitrap;AC=MS:1000484	300m/z-1700m/z	not available	not available	20 ppm	NT=Strong anion-exchange chromatography (SAX);AC=PRIDE:0000558	2	1	2013-02-24	20130222_EXQ5_KiSh_SA_neuro_cortical_neur_div10_rep3_4.raw	v1.1.0	NT=ms-proteomics;VV=v1.1.0	NT=vertebrates;VV=v1.1.0	NT=sdrf-skills;VV=v0.2.0	cerebral cortex	cerebral cortex neuron	10 day
PXD001250-Sample-24	Mus musculus	cerebral cortex	central nervous system	cerebral cortex neuron	normal	embryo	not available	not available	cell	study sample	pooled	10 day	not applicable	no depletion	3	run 141	proteomic profiling by mass spectrometry	NT=Data-dependent acquisition;AC=PRIDE:0000627	NT=Q Exactive;AC=MS:1001911	AC=MS:1002038;NT=label free sample	NT=Trypsin;AC=MS:1001251	NT=Lys-C;AC=MS:1001309	NT=Carbamidomethyl;AC=UNIMOD:4;TA=C;MT=Fixed	NT=Oxidation;AC=UNIMOD:35;TA=M;MT=Variable	NT=Acetyl;AC=UNIMOD:1;PP=Protein N-term;MT=Variable	NT=Dithiothreitol (DTT);AC=PRIDE:0000608	not available	NT=HCD;AC=MS:1000422	25 NCE	NT=orbitrap;AC=MS:1000484	300m/z-1700m/z	not available	not available	20 ppm	NT=Strong anion-exchange chromatography (SAX);AC=PRIDE:0000558	3	1	2013-02-24	20130222_EXQ5_KiSh_SA_neuro_cortical_neur_div10_rep3_5.raw	v1.1.0	NT=ms-proteomics;VV=v1.1.0	NT=vertebrates;VV=v1.1.0	NT=sdrf-skills;VV=v0.2.0	cerebral cortex	cerebral cortex neuron	10 day
PXD001250-Sample-24	Mus musculus	cerebral cortex	central nervous system	cerebral cortex neuron	normal	embryo	not available	not available	cell	study sample	pooled	10 day	not applicable	no depletion	3	run 142	proteomic profiling by mass spectrometry	NT=Data-dependent acquisition;AC=PRIDE:0000627	NT=Q Exactive;AC=MS:1001911	AC=MS:1002038;NT=label free sample	NT=Trypsin;AC=MS:1001251	NT=Lys-C;AC=MS:1001309	NT=Carbamidomethyl;AC=UNIMOD:4;TA=C;MT=Fixed	NT=Oxidation;AC=UNIMOD:35;TA=M;MT=Variable	NT=Acetyl;AC=UNIMOD:1;PP=Protein N-term;MT=Variable	NT=Dithiothreitol (DTT);AC=PRIDE:0000608	not available	NT=HCD;AC=MS:1000422	25 NCE	NT=orbitrap;AC=MS:1000484	300m/z-1700m/z	not available	not available	20 ppm	NT=Strong anion-exchange chromatography (SAX);AC=PRIDE:0000558	4	1	2013-02-23	20130222_EXQ5_KiSh_SA_neuro_cortical_neur_div10_rep3_6.raw	v1.1.0	NT=ms-proteomics;VV=v1.1.0	NT=vertebrates;VV=v1.1.0	NT=sdrf-skills;VV=v0.2.0	cerebral cortex	cerebral cortex neuron	10 day
PXD001250-Sample-24	Mus musculus	cerebral cortex	central nervous system	cerebral cortex neuron	normal	embryo	not available	not available	cell	study sample	pooled	10 day	not applicable	no depletion	3	run 143	proteomic profiling by mass spectrometry	NT=Data-dependent acquisition;AC=PRIDE:0000627	NT=Q Exactive;AC=MS:1001911	AC=MS:1002038;NT=label free sample	NT=Trypsin;AC=MS:1001251	NT=Lys-C;AC=MS:1001309	NT=Carbamidomethyl;AC=UNIMOD:4;TA=C;MT=Fixed	NT=Oxidation;AC=UNIMOD:35;TA=M;MT=Variable	NT=Acetyl;AC=UNIMOD:1;PP=Protein N-term;MT=Variable	NT=Dithiothreitol (DTT);AC=PRIDE:0000608	not available	NT=HCD;AC=MS:1000422	25 NCE	NT=orbitrap;AC=MS:1000484	300m/z-1700m/z	not available	not available	20 ppm	NT=Strong anion-exchange chromatography (SAX);AC=PRIDE:0000558	5	1	2013-02-23	20130222_EXQ5_KiSh_SA_neuro_cortical_neur_div10_rep3_8.raw	v1.1.0	NT=ms-proteomics;VV=v1.1.0	NT=vertebrates;VV=v1.1.0	NT=sdrf-skills;VV=v0.2.0	cerebral cortex	cerebral cortex neuron	10 day
PXD001250-Sample-24	Mus musculus	cerebral cortex	central nervous system	cerebral cortex neuron	normal	embryo	not available	not available	cell	study sample	pooled	10 day	not applicable	no depletion	3	run 144	proteomic profiling by mass spectrometry	NT=Data-dependent acquisition;AC=PRIDE:0000627	NT=Q Exactive;AC=MS:1001911	AC=MS:1002038;NT=label free sample	NT=Trypsin;AC=MS:1001251	NT=Lys-C;AC=MS:1001309	NT=Carbamidomethyl;AC=UNIMOD:4;TA=C;MT=Fixed	NT=Oxidation;AC=UNIMOD:35;TA=M;MT=Variable	NT=Acetyl;AC=UNIMOD:1;PP=Protein N-term;MT=Variable	NT=Dithiothreitol (DTT);AC=PRIDE:0000608	not available	NT=HCD;AC=MS:1000422	25 NCE	NT=orbitrap;AC=MS:1000484	300m/z-1700m/z	not available	not available	20 ppm	NT=Strong anion-exchange chromatography (SAX);AC=PRIDE:0000558	6	1	2013-02-23	20130222_EXQ5_KiSh_SA_neuro_cortical_neur_div10_rep3_11.raw	v1.1.0	NT=ms-proteomics;VV=v1.1.0	NT=vertebrates;VV=v1.1.0	NT=sdrf-skills;VV=v0.2.0	cerebral cortex	cerebral cortex neuron	10 day
PXD001250-Sample-25	Mus musculus	cerebral cortex	central nervous system	cerebral cortex neuron	normal	embryo	not available	not available	cell	study sample	pooled	15 day	not applicable	no depletion	1	run 145	proteomic profiling by mass spectrometry	NT=Data-dependent acquisition;AC=PRIDE:0000627	NT=Q Exactive;AC=MS:1001911	AC=MS:1002038;NT=label free sample	NT=Trypsin;AC=MS:1001251	NT=Lys-C;AC=MS:1001309	NT=Carbamidomethyl;AC=UNIMOD:4;TA=C;MT=Fixed	NT=Oxidation;AC=UNIMOD:35;TA=M;MT=Variable	NT=Acetyl;AC=UNIMOD:1;PP=Protein N-term;MT=Variable	NT=Dithiothreitol (DTT);AC=PRIDE:0000608	not available	NT=HCD;AC=MS:1000422	25 NCE	NT=orbitrap;AC=MS:1000484	300m/z-1700m/z	not available	not available	20 ppm	NT=Strong anion-exchange chromatography (SAX);AC=PRIDE:0000558	1	1	2013-02-25	20130224_EXQ5_KiSh_SA_neuro_cortical_neur_div15_rep1_3.raw	v1.1.0	NT=ms-proteomics;VV=v1.1.0	NT=vertebrates;VV=v1.1.0	NT=sdrf-skills;VV=v0.2.0	cerebral cortex	cerebral cortex neuron	15 day
PXD001250-Sample-25	Mus musculus	cerebral cortex	central nervous system	cerebral cortex neuron	normal	embryo	not available	not available	cell	study sample	pooled	15 day	not applicable	no depletion	1	run 146	proteomic profiling by mass spectrometry	NT=Data-dependent acquisition;AC=PRIDE:0000627	NT=Q Exactive;AC=MS:1001911	AC=MS:1002038;NT=label free sample	NT=Trypsin;AC=MS:1001251	NT=Lys-C;AC=MS:1001309	NT=Carbamidomethyl;AC=UNIMOD:4;TA=C;MT=Fixed	NT=Oxidation;AC=UNIMOD:35;TA=M;MT=Variable	NT=Acetyl;AC=UNIMOD:1;PP=Protein N-term;MT=Variable	NT=Dithiothreitol (DTT);AC=PRIDE:0000608	not available	NT=HCD;AC=MS:1000422	25 NCE	NT=orbitrap;AC=MS:1000484	300m/z-1700m/z	not available	not available	20 ppm	NT=Strong anion-exchange chromatography (SAX);AC=PRIDE:0000558	2	1	2013-02-25	20130224_EXQ5_KiSh_SA_neuro_cortical_neur_div15_rep1_4.raw	v1.1.0	NT=ms-proteomics;VV=v1.1.0	NT=vertebrates;VV=v1.1.0	NT=sdrf-skills;VV=v0.2.0	cerebral cortex	cerebral cortex neuron	15 day
PXD001250-Sample-25	Mus musculus	cerebral cortex	central nervous system	cerebral cortex neuron	normal	embryo	not available	not available	cell	study sample	pooled	15 day	not applicable	no depletion	1	run 147	proteomic profiling by mass spectrometry	NT=Data-dependent acquisition;AC=PRIDE:0000627	NT=Q Exactive;AC=MS:1001911	AC=MS:1002038;NT=label free sample	NT=Trypsin;AC=MS:1001251	NT=Lys-C;AC=MS:1001309	NT=Carbamidomethyl;AC=UNIMOD:4;TA=C;MT=Fixed	NT=Oxidation;AC=UNIMOD:35;TA=M;MT=Variable	NT=Acetyl;AC=UNIMOD:1;PP=Protein N-term;MT=Variable	NT=Dithiothreitol (DTT);AC=PRIDE:0000608	not available	NT=HCD;AC=MS:1000422	25 NCE	NT=orbitrap;AC=MS:1000484	300m/z-1700m/z	not available	not available	20 ppm	NT=Strong anion-exchange chromatography (SAX);AC=PRIDE:0000558	3	1	2013-02-25	20130224_EXQ5_KiSh_SA_neuro_cortical_neur_div15_rep1_5.raw	v1.1.0	NT=ms-proteomics;VV=v1.1.0	NT=vertebrates;VV=v1.1.0	NT=sdrf-skills;VV=v0.2.0	cerebral cortex	cerebral cortex neuron	15 day
PXD001250-Sample-25	Mus musculus	cerebral cortex	central nervous system	cerebral cortex neuron	normal	embryo	not available	not available	cell	study sample	pooled	15 day	not applicable	no depletion	1	run 148	proteomic profiling by mass spectrometry	NT=Data-dependent acquisition;AC=PRIDE:0000627	NT=Q Exactive;AC=MS:1001911	AC=MS:1002038;NT=label free sample	NT=Trypsin;AC=MS:1001251	NT=Lys-C;AC=MS:1001309	NT=Carbamidomethyl;AC=UNIMOD:4;TA=C;MT=Fixed	NT=Oxidation;AC=UNIMOD:35;TA=M;MT=Variable	NT=Acetyl;AC=UNIMOD:1;PP=Protein N-term;MT=Variable	NT=Dithiothreitol (DTT);AC=PRIDE:0000608	not available	NT=HCD;AC=MS:1000422	25 NCE	NT=orbitrap;AC=MS:1000484	300m/z-1700m/z	not available	not available	20 ppm	NT=Strong anion-exchange chromatography (SAX);AC=PRIDE:0000558	4	1	2013-02-25	20130224_EXQ5_KiSh_SA_neuro_cortical_neur_div15_rep1_6.raw	v1.1.0	NT=ms-proteomics;VV=v1.1.0	NT=vertebrates;VV=v1.1.0	NT=sdrf-skills;VV=v0.2.0	cerebral cortex	cerebral cortex neuron	15 day
PXD001250-Sample-25	Mus musculus	cerebral cortex	central nervous system	cerebral cortex neuron	normal	embryo	not available	not available	cell	study sample	pooled	15 day	not applicable	no depletion	1	run 149	proteomic profiling by mass spectrometry	NT=Data-dependent acquisition;AC=PRIDE:0000627	NT=Q Exactive;AC=MS:1001911	AC=MS:1002038;NT=label free sample	NT=Trypsin;AC=MS:1001251	NT=Lys-C;AC=MS:1001309	NT=Carbamidomethyl;AC=UNIMOD:4;TA=C;MT=Fixed	NT=Oxidation;AC=UNIMOD:35;TA=M;MT=Variable	NT=Acetyl;AC=UNIMOD:1;PP=Protein N-term;MT=Variable	NT=Dithiothreitol (DTT);AC=PRIDE:0000608	not available	NT=HCD;AC=MS:1000422	25 NCE	NT=orbitrap;AC=MS:1000484	300m/z-1700m/z	not available	not available	20 ppm	NT=Strong anion-exchange chromatography (SAX);AC=PRIDE:0000558	5	1	2013-02-24	20130224_EXQ5_KiSh_SA_neuro_cortical_neur_div15_rep1_8.raw	v1.1.0	NT=ms-proteomics;VV=v1.1.0	NT=vertebrates;VV=v1.1.0	NT=sdrf-skills;VV=v0.2.0	cerebral cortex	cerebral cortex neuron	15 day
PXD001250-Sample-25	Mus musculus	cerebral cortex	central nervous system	cerebral cortex neuron	normal	embryo	not available	not available	cell	study sample	pooled	15 day	not applicable	no depletion	1	run 150	proteomic profiling by mass spectrometry	NT=Data-dependent acquisition;AC=PRIDE:0000627	NT=Q Exactive;AC=MS:1001911	AC=MS:1002038;NT=label free sample	NT=Trypsin;AC=MS:1001251	NT=Lys-C;AC=MS:1001309	NT=Carbamidomethyl;AC=UNIMOD:4;TA=C;MT=Fixed	NT=Oxidation;AC=UNIMOD:35;TA=M;MT=Variable	NT=Acetyl;AC=UNIMOD:1;PP=Protein N-term;MT=Variable	NT=Dithiothreitol (DTT);AC=PRIDE:0000608	not available	NT=HCD;AC=MS:1000422	25 NCE	NT=orbitrap;AC=MS:1000484	300m/z-1700m/z	not available	not available	20 ppm	NT=Strong anion-exchange chromatography (SAX);AC=PRIDE:0000558	6	1	2013-02-24	20130224_EXQ5_KiSh_SA_neuro_cortical_neur_div15_rep1_11.raw	v1.1.0	NT=ms-proteomics;VV=v1.1.0	NT=vertebrates;VV=v1.1.0	NT=sdrf-skills;VV=v0.2.0	cerebral cortex	cerebral cortex neuron	15 day
PXD001250-Sample-26	Mus musculus	cerebral cortex	central nervous system	cerebral cortex neuron	normal	embryo	not available	not available	cell	study sample	pooled	15 day	not applicable	no depletion	2	run 151	proteomic profiling by mass spectrometry	NT=Data-dependent acquisition;AC=PRIDE:0000627	NT=Q Exactive;AC=MS:1001911	AC=MS:1002038;NT=label free sample	NT=Trypsin;AC=MS:1001251	NT=Lys-C;AC=MS:1001309	NT=Carbamidomethyl;AC=UNIMOD:4;TA=C;MT=Fixed	NT=Oxidation;AC=UNIMOD:35;TA=M;MT=Variable	NT=Acetyl;AC=UNIMOD:1;PP=Protein N-term;MT=Variable	NT=Dithiothreitol (DTT);AC=PRIDE:0000608	not available	NT=HCD;AC=MS:1000422	25 NCE	NT=orbitrap;AC=MS:1000484	300m/z-1700m/z	not available	not available	20 ppm	NT=Strong anion-exchange chromatography (SAX);AC=PRIDE:0000558	1	1	2013-02-26	20130225_EXQ5_KiSh_SA_neuro_cortical_neur_div15_rep2_3.raw	v1.1.0	NT=ms-proteomics;VV=v1.1.0	NT=vertebrates;VV=v1.1.0	NT=sdrf-skills;VV=v0.2.0	cerebral cortex	cerebral cortex neuron	15 day
PXD001250-Sample-26	Mus musculus	cerebral cortex	central nervous system	cerebral cortex neuron	normal	embryo	not available	not available	cell	study sample	pooled	15 day	not applicable	no depletion	2	run 152	proteomic profiling by mass spectrometry	NT=Data-dependent acquisition;AC=PRIDE:0000627	NT=Q Exactive;AC=MS:1001911	AC=MS:1002038;NT=label free sample	NT=Trypsin;AC=MS:1001251	NT=Lys-C;AC=MS:1001309	NT=Carbamidomethyl;AC=UNIMOD:4;TA=C;MT=Fixed	NT=Oxidation;AC=UNIMOD:35;TA=M;MT=Variable	NT=Acetyl;AC=UNIMOD:1;PP=Protein N-term;MT=Variable	NT=Dithiothreitol (DTT);AC=PRIDE:0000608	not available	NT=HCD;AC=MS:1000422	25 NCE	NT=orbitrap;AC=MS:1000484	300m/z-1700m/z	not available	not available	20 ppm	NT=Strong anion-exchange chromatography (SAX);AC=PRIDE:0000558	2	1	2013-02-26	20130225_EXQ5_KiSh_SA_neuro_cortical_neur_div15_rep2_4.raw	v1.1.0	NT=ms-proteomics;VV=v1.1.0	NT=vertebrates;VV=v1.1.0	NT=sdrf-skills;VV=v0.2.0	cerebral cortex	cerebral cortex neuron	15 day
PXD001250-Sample-26	Mus musculus	cerebral cortex	central nervous system	cerebral cortex neuron	normal	embryo	not available	not available	cell	study sample	pooled	15 day	not applicable	no depletion	2	run 153	proteomic profiling by mass spectrometry	NT=Data-dependent acquisition;AC=PRIDE:0000627	NT=Q Exactive;AC=MS:1001911	AC=MS:1002038;NT=label free sample	NT=Trypsin;AC=MS:1001251	NT=Lys-C;AC=MS:1001309	NT=Carbamidomethyl;AC=UNIMOD:4;TA=C;MT=Fixed	NT=Oxidation;AC=UNIMOD:35;TA=M;MT=Variable	NT=Acetyl;AC=UNIMOD:1;PP=Protein N-term;MT=Variable	NT=Dithiothreitol (DTT);AC=PRIDE:0000608	not available	NT=HCD;AC=MS:1000422	25 NCE	NT=orbitrap;AC=MS:1000484	300m/z-1700m/z	not available	not available	20 ppm	NT=Strong anion-exchange chromatography (SAX);AC=PRIDE:0000558	3	1	2013-02-26	20130225_EXQ5_KiSh_SA_neuro_cortical_neur_div15_rep2_5.raw	v1.1.0	NT=ms-proteomics;VV=v1.1.0	NT=vertebrates;VV=v1.1.0	NT=sdrf-skills;VV=v0.2.0	cerebral cortex	cerebral cortex neuron	15 day
PXD001250-Sample-26	Mus musculus	cerebral cortex	central nervous system	cerebral cortex neuron	normal	embryo	not available	not available	cell	study sample	pooled	15 day	not applicable	no depletion	2	run 154	proteomic profiling by mass spectrometry	NT=Data-dependent acquisition;AC=PRIDE:0000627	NT=Q Exactive;AC=MS:1001911	AC=MS:1002038;NT=label free sample	NT=Trypsin;AC=MS:1001251	NT=Lys-C;AC=MS:1001309	NT=Carbamidomethyl;AC=UNIMOD:4;TA=C;MT=Fixed	NT=Oxidation;AC=UNIMOD:35;TA=M;MT=Variable	NT=Acetyl;AC=UNIMOD:1;PP=Protein N-term;MT=Variable	NT=Dithiothreitol (DTT);AC=PRIDE:0000608	not available	NT=HCD;AC=MS:1000422	25 NCE	NT=orbitrap;AC=MS:1000484	300m/z-1700m/z	not available	not available	20 ppm	NT=Strong anion-exchange chromatography (SAX);AC=PRIDE:0000558	4	1	2013-02-26	20130225_EXQ5_KiSh_SA_neuro_cortical_neur_div15_rep2_6.raw	v1.1.0	NT=ms-proteomics;VV=v1.1.0	NT=vertebrates;VV=v1.1.0	NT=sdrf-skills;VV=v0.2.0	cerebral cortex	cerebral cortex neuron	15 day
PXD001250-Sample-26	Mus musculus	cerebral cortex	central nervous system	cerebral cortex neuron	normal	embryo	not available	not available	cell	study sample	pooled	15 day	not applicable	no depletion	2	run 155	proteomic profiling by mass spectrometry	NT=Data-dependent acquisition;AC=PRIDE:0000627	NT=Q Exactive;AC=MS:1001911	AC=MS:1002038;NT=label free sample	NT=Trypsin;AC=MS:1001251	NT=Lys-C;AC=MS:1001309	NT=Carbamidomethyl;AC=UNIMOD:4;TA=C;MT=Fixed	NT=Oxidation;AC=UNIMOD:35;TA=M;MT=Variable	NT=Acetyl;AC=UNIMOD:1;PP=Protein N-term;MT=Variable	NT=Dithiothreitol (DTT);AC=PRIDE:0000608	not available	NT=HCD;AC=MS:1000422	25 NCE	NT=orbitrap;AC=MS:1000484	300m/z-1700m/z	not available	not available	20 ppm	NT=Strong anion-exchange chromatography (SAX);AC=PRIDE:0000558	5	1	2013-02-26	20130225_EXQ5_KiSh_SA_neuro_cortical_neur_div15_rep2_8.raw	v1.1.0	NT=ms-proteomics;VV=v1.1.0	NT=vertebrates;VV=v1.1.0	NT=sdrf-skills;VV=v0.2.0	cerebral cortex	cerebral cortex neuron	15 day
PXD001250-Sample-26	Mus musculus	cerebral cortex	central nervous system	cerebral cortex neuron	normal	embryo	not available	not available	cell	study sample	pooled	15 day	not applicable	no depletion	2	run 156	proteomic profiling by mass spectrometry	NT=Data-dependent acquisition;AC=PRIDE:0000627	NT=Q Exactive;AC=MS:1001911	AC=MS:1002038;NT=label free sample	NT=Trypsin;AC=MS:1001251	NT=Lys-C;AC=MS:1001309	NT=Carbamidomethyl;AC=UNIMOD:4;TA=C;MT=Fixed	NT=Oxidation;AC=UNIMOD:35;TA=M;MT=Variable	NT=Acetyl;AC=UNIMOD:1;PP=Protein N-term;MT=Variable	NT=Dithiothreitol (DTT);AC=PRIDE:0000608	not available	NT=HCD;AC=MS:1000422	25 NCE	NT=orbitrap;AC=MS:1000484	300m/z-1700m/z	not available	not available	20 ppm	NT=Strong anion-exchange chromatography (SAX);AC=PRIDE:0000558	6	1	2013-02-25	20130225_EXQ5_KiSh_SA_neuro_cortical_neur_div15_rep2_11.raw	v1.1.0	NT=ms-proteomics;VV=v1.1.0	NT=vertebrates;VV=v1.1.0	NT=sdrf-skills;VV=v0.2.0	cerebral cortex	cerebral cortex neuron	15 day
PXD001250-Sample-27	Mus musculus	cerebral cortex	central nervous system	cerebral cortex neuron	normal	embryo	not available	not available	cell	study sample	pooled	15 day	not applicable	no depletion	3	run 157	proteomic profiling by mass spectrometry	NT=Data-dependent acquisition;AC=PRIDE:0000627	NT=Q Exactive;AC=MS:1001911	AC=MS:1002038;NT=label free sample	NT=Trypsin;AC=MS:1001251	NT=Lys-C;AC=MS:1001309	NT=Carbamidomethyl;AC=UNIMOD:4;TA=C;MT=Fixed	NT=Oxidation;AC=UNIMOD:35;TA=M;MT=Variable	NT=Acetyl;AC=UNIMOD:1;PP=Protein N-term;MT=Variable	NT=Dithiothreitol (DTT);AC=PRIDE:0000608	not available	NT=HCD;AC=MS:1000422	25 NCE	NT=orbitrap;AC=MS:1000484	300m/z-1700m/z	not available	not available	20 ppm	NT=Strong anion-exchange chromatography (SAX);AC=PRIDE:0000558	1	1	2013-02-28	20130226_EXQ5_KiSh_SA_neuro_cortical_neur_div15_rep3_3.raw	v1.1.0	NT=ms-proteomics;VV=v1.1.0	NT=vertebrates;VV=v1.1.0	NT=sdrf-skills;VV=v0.2.0	cerebral cortex	cerebral cortex neuron	15 day
PXD001250-Sample-27	Mus musculus	cerebral cortex	central nervous system	cerebral cortex neuron	normal	embryo	not available	not available	cell	study sample	pooled	15 day	not applicable	no depletion	3	run 158	proteomic profiling by mass spectrometry	NT=Data-dependent acquisition;AC=PRIDE:0000627	NT=Q Exactive;AC=MS:1001911	AC=MS:1002038;NT=label free sample	NT=Trypsin;AC=MS:1001251	NT=Lys-C;AC=MS:1001309	NT=Carbamidomethyl;AC=UNIMOD:4;TA=C;MT=Fixed	NT=Oxidation;AC=UNIMOD:35;TA=M;MT=Variable	NT=Acetyl;AC=UNIMOD:1;PP=Protein N-term;MT=Variable	NT=Dithiothreitol (DTT);AC=PRIDE:0000608	not available	NT=HCD;AC=MS:1000422	25 NCE	NT=orbitrap;AC=MS:1000484	300m/z-1700m/z	not available	not available	20 ppm	NT=Strong anion-exchange chromatography (SAX);AC=PRIDE:0000558	2	1	2013-02-27	20130226_EXQ5_KiSh_SA_neuro_cortical_neur_div15_rep3_4.raw	v1.1.0	NT=ms-proteomics;VV=v1.1.0	NT=vertebrates;VV=v1.1.0	NT=sdrf-skills;VV=v0.2.0	cerebral cortex	cerebral cortex neuron	15 day
PXD001250-Sample-27	Mus musculus	cerebral cortex	central nervous system	cerebral cortex neuron	normal	embryo	not available	not available	cell	study sample	pooled	15 day	not applicable	no depletion	3	run 159	proteomic profiling by mass spectrometry	NT=Data-dependent acquisition;AC=PRIDE:0000627	NT=Q Exactive;AC=MS:1001911	AC=MS:1002038;NT=label free sample	NT=Trypsin;AC=MS:1001251	NT=Lys-C;AC=MS:1001309	NT=Carbamidomethyl;AC=UNIMOD:4;TA=C;MT=Fixed	NT=Oxidation;AC=UNIMOD:35;TA=M;MT=Variable	NT=Acetyl;AC=UNIMOD:1;PP=Protein N-term;MT=Variable	NT=Dithiothreitol (DTT);AC=PRIDE:0000608	not available	NT=HCD;AC=MS:1000422	25 NCE	NT=orbitrap;AC=MS:1000484	300m/z-1700m/z	not available	not available	20 ppm	NT=Strong anion-exchange chromatography (SAX);AC=PRIDE:0000558	3	1	2013-02-27	20130226_EXQ5_KiSh_SA_neuro_cortical_neur_div15_rep3_5.raw	v1.1.0	NT=ms-proteomics;VV=v1.1.0	NT=vertebrates;VV=v1.1.0	NT=sdrf-skills;VV=v0.2.0	cerebral cortex	cerebral cortex neuron	15 day
PXD001250-Sample-27	Mus musculus	cerebral cortex	central nervous system	cerebral cortex neuron	normal	embryo	not available	not available	cell	study sample	pooled	15 day	not applicable	no depletion	3	run 160	proteomic profiling by mass spectrometry	NT=Data-dependent acquisition;AC=PRIDE:0000627	NT=Q Exactive;AC=MS:1001911	AC=MS:1002038;NT=label free sample	NT=Trypsin;AC=MS:1001251	NT=Lys-C;AC=MS:1001309	NT=Carbamidomethyl;AC=UNIMOD:4;TA=C;MT=Fixed	NT=Oxidation;AC=UNIMOD:35;TA=M;MT=Variable	NT=Acetyl;AC=UNIMOD:1;PP=Protein N-term;MT=Variable	NT=Dithiothreitol (DTT);AC=PRIDE:0000608	not available	NT=HCD;AC=MS:1000422	25 NCE	NT=orbitrap;AC=MS:1000484	300m/z-1700m/z	not available	not available	20 ppm	NT=Strong anion-exchange chromatography (SAX);AC=PRIDE:0000558	4	1	2013-02-27	20130226_EXQ5_KiSh_SA_neuro_cortical_neur_div15_rep3_6.raw	v1.1.0	NT=ms-proteomics;VV=v1.1.0	NT=vertebrates;VV=v1.1.0	NT=sdrf-skills;VV=v0.2.0	cerebral cortex	cerebral cortex neuron	15 day
PXD001250-Sample-27	Mus musculus	cerebral cortex	central nervous system	cerebral cortex neuron	normal	embryo	not available	not available	cell	study sample	pooled	15 day	not applicable	no depletion	3	run 161	proteomic profiling by mass spectrometry	NT=Data-dependent acquisition;AC=PRIDE:0000627	NT=Q Exactive;AC=MS:1001911	AC=MS:1002038;NT=label free sample	NT=Trypsin;AC=MS:1001251	NT=Lys-C;AC=MS:1001309	NT=Carbamidomethyl;AC=UNIMOD:4;TA=C;MT=Fixed	NT=Oxidation;AC=UNIMOD:35;TA=M;MT=Variable	NT=Acetyl;AC=UNIMOD:1;PP=Protein N-term;MT=Variable	NT=Dithiothreitol (DTT);AC=PRIDE:0000608	not available	NT=HCD;AC=MS:1000422	25 NCE	NT=orbitrap;AC=MS:1000484	300m/z-1700m/z	not available	not available	20 ppm	NT=Strong anion-exchange chromatography (SAX);AC=PRIDE:0000558	5	1	2013-02-27	20130226_EXQ5_KiSh_SA_neuro_cortical_neur_div15_rep3_8.raw	v1.1.0	NT=ms-proteomics;VV=v1.1.0	NT=vertebrates;VV=v1.1.0	NT=sdrf-skills;VV=v0.2.0	cerebral cortex	cerebral cortex neuron	15 day
PXD001250-Sample-27	Mus musculus	cerebral cortex	central nervous system	cerebral cortex neuron	normal	embryo	not available	not available	cell	study sample	pooled	15 day	not applicable	no depletion	3	run 162	proteomic profiling by mass spectrometry	NT=Data-dependent acquisition;AC=PRIDE:0000627	NT=Q Exactive;AC=MS:1001911	AC=MS:1002038;NT=label free sample	NT=Trypsin;AC=MS:1001251	NT=Lys-C;AC=MS:1001309	NT=Carbamidomethyl;AC=UNIMOD:4;TA=C;MT=Fixed	NT=Oxidation;AC=UNIMOD:35;TA=M;MT=Variable	NT=Acetyl;AC=UNIMOD:1;PP=Protein N-term;MT=Variable	NT=Dithiothreitol (DTT);AC=PRIDE:0000608	not available	NT=HCD;AC=MS:1000422	25 NCE	NT=orbitrap;AC=MS:1000484	300m/z-1700m/z	not available	not available	20 ppm	NT=Strong anion-exchange chromatography (SAX);AC=PRIDE:0000558	6	1	2013-02-27	20130226_EXQ5_KiSh_SA_neuro_cortical_neur_div15_rep3_11.raw	v1.1.0	NT=ms-proteomics;VV=v1.1.0	NT=vertebrates;VV=v1.1.0	NT=sdrf-skills;VV=v0.2.0	cerebral cortex	cerebral cortex neuron	15 day
PXD001250-Sample-28	Mus musculus	cerebellum	central nervous system	cerebellar granule cell	normal	not available	not available	not available	cell	study sample	not available	not applicable	not applicable	no depletion	1	run 163	proteomic profiling by mass spectrometry	NT=Data-dependent acquisition;AC=PRIDE:0000627	NT=Q Exactive HF;AC=MS:1002523	AC=MS:1002038;NT=label free sample	NT=Trypsin;AC=MS:1001251	NT=Lys-C;AC=MS:1001309	NT=Carbamidomethyl;AC=UNIMOD:4;TA=C;MT=Fixed	NT=Oxidation;AC=UNIMOD:35;TA=M;MT=Variable	NT=Acetyl;AC=UNIMOD:1;PP=Protein N-term;MT=Variable	NT=Dithiothreitol (DTT);AC=PRIDE:0000608	not available	NT=HCD;AC=MS:1000422	27 NCE	NT=orbitrap;AC=MS:1000484	300m/z-1700m/z	200m/z-2000m/z	not available	20 ppm	NT=Strong anion-exchange chromatography (SAX);AC=PRIDE:0000558	1	1	2014-11-12	20141110_QEp8_KiSh_SA_CGNeurons_pH3_1.raw	v1.1.0	NT=ms-proteomics;VV=v1.1.0	NT=vertebrates;VV=v1.1.0	NT=sdrf-skills;VV=v0.2.0	cerebellum	cerebellar granule cell	not applicable
PXD001250-Sample-28	Mus musculus	cerebellum	central nervous system	cerebellar granule cell	normal	not available	not available	not available	cell	study sample	not available	not applicable	not applicable	no depletion	1	run 164	proteomic profiling by mass spectrometry	NT=Data-dependent acquisition;AC=PRIDE:0000627	NT=Q Exactive HF;AC=MS:1002523	AC=MS:1002038;NT=label free sample	NT=Trypsin;AC=MS:1001251	NT=Lys-C;AC=MS:1001309	NT=Carbamidomethyl;AC=UNIMOD:4;TA=C;MT=Fixed	NT=Oxidation;AC=UNIMOD:35;TA=M;MT=Variable	NT=Acetyl;AC=UNIMOD:1;PP=Protein N-term;MT=Variable	NT=Dithiothreitol (DTT);AC=PRIDE:0000608	not available	NT=HCD;AC=MS:1000422	27 NCE	NT=orbitrap;AC=MS:1000484	300m/z-1700m/z	200m/z-2000m/z	not available	20 ppm	NT=Strong anion-exchange chromatography (SAX);AC=PRIDE:0000558	2	1	2014-11-12	20141110_QEp8_KiSh_SA_CGNeurons_pH4_1.raw	v1.1.0	NT=ms-proteomics;VV=v1.1.0	NT=vertebrates;VV=v1.1.0	NT=sdrf-skills;VV=v0.2.0	cerebellum	cerebellar granule cell	not applicable
PXD001250-Sample-28	Mus musculus	cerebellum	central nervous system	cerebellar granule cell	normal	not available	not available	not available	cell	study sample	not available	not applicable	not applicable	no depletion	1	run 165	proteomic profiling by mass spectrometry	NT=Data-dependent acquisition;AC=PRIDE:0000627	NT=Q Exactive HF;AC=MS:1002523	AC=MS:1002038;NT=label free sample	NT=Trypsin;AC=MS:1001251	NT=Lys-C;AC=MS:1001309	NT=Carbamidomethyl;AC=UNIMOD:4;TA=C;MT=Fixed	NT=Oxidation;AC=UNIMOD:35;TA=M;MT=Variable	NT=Acetyl;AC=UNIMOD:1;PP=Protein N-term;MT=Variable	NT=Dithiothreitol (DTT);AC=PRIDE:0000608	not available	NT=HCD;AC=MS:1000422	27 NCE	NT=orbitrap;AC=MS:1000484	300m/z-1700m/z	200m/z-2000m/z	not available	20 ppm	NT=Strong anion-exchange chromatography (SAX);AC=PRIDE:0000558	3	1	2014-11-12	20141110_QEp8_KiSh_SA_CGNeurons_pH5_1.raw	v1.1.0	NT=ms-proteomics;VV=v1.1.0	NT=vertebrates;VV=v1.1.0	NT=sdrf-skills;VV=v0.2.0	cerebellum	cerebellar granule cell	not applicable
PXD001250-Sample-28	Mus musculus	cerebellum	central nervous system	cerebellar granule cell	normal	not available	not available	not available	cell	study sample	not available	not applicable	not applicable	no depletion	1	run 166	proteomic profiling by mass spectrometry	NT=Data-dependent acquisition;AC=PRIDE:0000627	NT=Q Exactive HF;AC=MS:1002523	AC=MS:1002038;NT=label free sample	NT=Trypsin;AC=MS:1001251	NT=Lys-C;AC=MS:1001309	NT=Carbamidomethyl;AC=UNIMOD:4;TA=C;MT=Fixed	NT=Oxidation;AC=UNIMOD:35;TA=M;MT=Variable	NT=Acetyl;AC=UNIMOD:1;PP=Protein N-term;MT=Variable	NT=Dithiothreitol (DTT);AC=PRIDE:0000608	not available	NT=HCD;AC=MS:1000422	27 NCE	NT=orbitrap;AC=MS:1000484	300m/z-1700m/z	200m/z-2000m/z	not available	20 ppm	NT=Strong anion-exchange chromatography (SAX);AC=PRIDE:0000558	4	1	2014-11-11	20141110_QEp8_KiSh_SA_CGNeurons_pH6_1.raw	v1.1.0	NT=ms-proteomics;VV=v1.1.0	NT=vertebrates;VV=v1.1.0	NT=sdrf-skills;VV=v0.2.0	cerebellum	cerebellar granule cell	not applicable
PXD001250-Sample-28	Mus musculus	cerebellum	central nervous system	cerebellar granule cell	normal	not available	not available	not available	cell	study sample	not available	not applicable	not applicable	no depletion	1	run 167	proteomic profiling by mass spectrometry	NT=Data-dependent acquisition;AC=PRIDE:0000627	NT=Q Exactive HF;AC=MS:1002523	AC=MS:1002038;NT=label free sample	NT=Trypsin;AC=MS:1001251	NT=Lys-C;AC=MS:1001309	NT=Carbamidomethyl;AC=UNIMOD:4;TA=C;MT=Fixed	NT=Oxidation;AC=UNIMOD:35;TA=M;MT=Variable	NT=Acetyl;AC=UNIMOD:1;PP=Protein N-term;MT=Variable	NT=Dithiothreitol (DTT);AC=PRIDE:0000608	not available	NT=HCD;AC=MS:1000422	27 NCE	NT=orbitrap;AC=MS:1000484	300m/z-1700m/z	200m/z-2000m/z	not available	20 ppm	NT=Strong anion-exchange chromatography (SAX);AC=PRIDE:0000558	5	1	2014-11-11	20141110_QEp8_KiSh_SA_CGNeurons_pH8_1.raw	v1.1.0	NT=ms-proteomics;VV=v1.1.0	NT=vertebrates;VV=v1.1.0	NT=sdrf-skills;VV=v0.2.0	cerebellum	cerebellar granule cell	not applicable
PXD001250-Sample-28	Mus musculus	cerebellum	central nervous system	cerebellar granule cell	normal	not available	not available	not available	cell	study sample	not available	not applicable	not applicable	no depletion	1	run 168	proteomic profiling by mass spectrometry	NT=Data-dependent acquisition;AC=PRIDE:0000627	NT=Q Exactive HF;AC=MS:1002523	AC=MS:1002038;NT=label free sample	NT=Trypsin;AC=MS:1001251	NT=Lys-C;AC=MS:1001309	NT=Carbamidomethyl;AC=UNIMOD:4;TA=C;MT=Fixed	NT=Oxidation;AC=UNIMOD:35;TA=M;MT=Variable	NT=Acetyl;AC=UNIMOD:1;PP=Protein N-term;MT=Variable	NT=Dithiothreitol (DTT);AC=PRIDE:0000608	not available	NT=HCD;AC=MS:1000422	27 NCE	NT=orbitrap;AC=MS:1000484	300m/z-1700m/z	200m/z-2000m/z	not available	20 ppm	NT=Strong anion-exchange chromatography (SAX);AC=PRIDE:0000558	6	1	2014-11-11	20141110_QEp8_KiSh_SA_CGNeurons_pH11_1.raw	v1.1.0	NT=ms-proteomics;VV=v1.1.0	NT=vertebrates;VV=v1.1.0	NT=sdrf-skills;VV=v0.2.0	cerebellum	cerebellar granule cell	not applicable
PXD001250-Sample-29	Mus musculus	cerebellum	central nervous system	cerebellar granule cell	normal	not available	not available	not available	cell	study sample	not available	not applicable	not applicable	no depletion	2	run 169	proteomic profiling by mass spectrometry	NT=Data-dependent acquisition;AC=PRIDE:0000627	NT=Q Exactive HF;AC=MS:1002523	AC=MS:1002038;NT=label free sample	NT=Trypsin;AC=MS:1001251	NT=Lys-C;AC=MS:1001309	NT=Carbamidomethyl;AC=UNIMOD:4;TA=C;MT=Fixed	NT=Oxidation;AC=UNIMOD:35;TA=M;MT=Variable	NT=Acetyl;AC=UNIMOD:1;PP=Protein N-term;MT=Variable	NT=Dithiothreitol (DTT);AC=PRIDE:0000608	not available	NT=HCD;AC=MS:1000422	27 NCE	NT=orbitrap;AC=MS:1000484	300m/z-1700m/z	200m/z-2000m/z	not available	20 ppm	NT=Strong anion-exchange chromatography (SAX);AC=PRIDE:0000558	1	1	2014-11-13	20141110_QEp8_KiSh_SA_CGNeurons_pH3_2.raw	v1.1.0	NT=ms-proteomics;VV=v1.1.0	NT=vertebrates;VV=v1.1.0	NT=sdrf-skills;VV=v0.2.0	cerebellum	cerebellar granule cell	not applicable
PXD001250-Sample-29	Mus musculus	cerebellum	central nervous system	cerebellar granule cell	normal	not available	not available	not available	cell	study sample	not available	not applicable	not applicable	no depletion	2	run 170	proteomic profiling by mass spectrometry	NT=Data-dependent acquisition;AC=PRIDE:0000627	NT=Q Exactive HF;AC=MS:1002523	AC=MS:1002038;NT=label free sample	NT=Trypsin;AC=MS:1001251	NT=Lys-C;AC=MS:1001309	NT=Carbamidomethyl;AC=UNIMOD:4;TA=C;MT=Fixed	NT=Oxidation;AC=UNIMOD:35;TA=M;MT=Variable	NT=Acetyl;AC=UNIMOD:1;PP=Protein N-term;MT=Variable	NT=Dithiothreitol (DTT);AC=PRIDE:0000608	not available	NT=HCD;AC=MS:1000422	27 NCE	NT=orbitrap;AC=MS:1000484	300m/z-1700m/z	200m/z-2000m/z	not available	20 ppm	NT=Strong anion-exchange chromatography (SAX);AC=PRIDE:0000558	2	1	2014-11-13	20141110_QEp8_KiSh_SA_CGNeurons_pH4_2.raw	v1.1.0	NT=ms-proteomics;VV=v1.1.0	NT=vertebrates;VV=v1.1.0	NT=sdrf-skills;VV=v0.2.0	cerebellum	cerebellar granule cell	not applicable
PXD001250-Sample-29	Mus musculus	cerebellum	central nervous system	cerebellar granule cell	normal	not available	not available	not available	cell	study sample	not available	not applicable	not applicable	no depletion	2	run 171	proteomic profiling by mass spectrometry	NT=Data-dependent acquisition;AC=PRIDE:0000627	NT=Q Exactive HF;AC=MS:1002523	AC=MS:1002038;NT=label free sample	NT=Trypsin;AC=MS:1001251	NT=Lys-C;AC=MS:1001309	NT=Carbamidomethyl;AC=UNIMOD:4;TA=C;MT=Fixed	NT=Oxidation;AC=UNIMOD:35;TA=M;MT=Variable	NT=Acetyl;AC=UNIMOD:1;PP=Protein N-term;MT=Variable	NT=Dithiothreitol (DTT);AC=PRIDE:0000608	not available	NT=HCD;AC=MS:1000422	27 NCE	NT=orbitrap;AC=MS:1000484	300m/z-1700m/z	200m/z-2000m/z	not available	20 ppm	NT=Strong anion-exchange chromatography (SAX);AC=PRIDE:0000558	3	1	2014-11-13	20141110_QEp8_KiSh_SA_CGNeurons_pH5_2.raw	v1.1.0	NT=ms-proteomics;VV=v1.1.0	NT=vertebrates;VV=v1.1.0	NT=sdrf-skills;VV=v0.2.0	cerebellum	cerebellar granule cell	not applicable
PXD001250-Sample-29	Mus musculus	cerebellum	central nervous system	cerebellar granule cell	normal	not available	not available	not available	cell	study sample	not available	not applicable	not applicable	no depletion	2	run 172	proteomic profiling by mass spectrometry	NT=Data-dependent acquisition;AC=PRIDE:0000627	NT=Q Exactive HF;AC=MS:1002523	AC=MS:1002038;NT=label free sample	NT=Trypsin;AC=MS:1001251	NT=Lys-C;AC=MS:1001309	NT=Carbamidomethyl;AC=UNIMOD:4;TA=C;MT=Fixed	NT=Oxidation;AC=UNIMOD:35;TA=M;MT=Variable	NT=Acetyl;AC=UNIMOD:1;PP=Protein N-term;MT=Variable	NT=Dithiothreitol (DTT);AC=PRIDE:0000608	not available	NT=HCD;AC=MS:1000422	27 NCE	NT=orbitrap;AC=MS:1000484	300m/z-1700m/z	200m/z-2000m/z	not available	20 ppm	NT=Strong anion-exchange chromatography (SAX);AC=PRIDE:0000558	4	1	2014-11-13	20141110_QEp8_KiSh_SA_CGNeurons_pH6_2.raw	v1.1.0	NT=ms-proteomics;VV=v1.1.0	NT=vertebrates;VV=v1.1.0	NT=sdrf-skills;VV=v0.2.0	cerebellum	cerebellar granule cell	not applicable
PXD001250-Sample-29	Mus musculus	cerebellum	central nervous system	cerebellar granule cell	normal	not available	not available	not available	cell	study sample	not available	not applicable	not applicable	no depletion	2	run 173	proteomic profiling by mass spectrometry	NT=Data-dependent acquisition;AC=PRIDE:0000627	NT=Q Exactive HF;AC=MS:1002523	AC=MS:1002038;NT=label free sample	NT=Trypsin;AC=MS:1001251	NT=Lys-C;AC=MS:1001309	NT=Carbamidomethyl;AC=UNIMOD:4;TA=C;MT=Fixed	NT=Oxidation;AC=UNIMOD:35;TA=M;MT=Variable	NT=Acetyl;AC=UNIMOD:1;PP=Protein N-term;MT=Variable	NT=Dithiothreitol (DTT);AC=PRIDE:0000608	not available	NT=HCD;AC=MS:1000422	27 NCE	NT=orbitrap;AC=MS:1000484	300m/z-1700m/z	200m/z-2000m/z	not available	20 ppm	NT=Strong anion-exchange chromatography (SAX);AC=PRIDE:0000558	5	1	2014-11-12	20141110_QEp8_KiSh_SA_CGNeurons_pH8_2.raw	v1.1.0	NT=ms-proteomics;VV=v1.1.0	NT=vertebrates;VV=v1.1.0	NT=sdrf-skills;VV=v0.2.0	cerebellum	cerebellar granule cell	not applicable
PXD001250-Sample-29	Mus musculus	cerebellum	central nervous system	cerebellar granule cell	normal	not available	not available	not available	cell	study sample	not available	not applicable	not applicable	no depletion	2	run 174	proteomic profiling by mass spectrometry	NT=Data-dependent acquisition;AC=PRIDE:0000627	NT=Q Exactive HF;AC=MS:1002523	AC=MS:1002038;NT=label free sample	NT=Trypsin;AC=MS:1001251	NT=Lys-C;AC=MS:1001309	NT=Carbamidomethyl;AC=UNIMOD:4;TA=C;MT=Fixed	NT=Oxidation;AC=UNIMOD:35;TA=M;MT=Variable	NT=Acetyl;AC=UNIMOD:1;PP=Protein N-term;MT=Variable	NT=Dithiothreitol (DTT);AC=PRIDE:0000608	not available	NT=HCD;AC=MS:1000422	27 NCE	NT=orbitrap;AC=MS:1000484	300m/z-1700m/z	200m/z-2000m/z	not available	20 ppm	NT=Strong anion-exchange chromatography (SAX);AC=PRIDE:0000558	6	1	2014-11-12	20141110_QEp8_KiSh_SA_CGNeurons_pH11_2.raw	v1.1.0	NT=ms-proteomics;VV=v1.1.0	NT=vertebrates;VV=v1.1.0	NT=sdrf-skills;VV=v0.2.0	cerebellum	cerebellar granule cell	not applicable
PXD001250-Sample-30	Mus musculus	cerebellum	central nervous system	cerebellar granule cell	normal	not available	not available	not available	cell	study sample	not available	not applicable	not applicable	no depletion	3	run 175	proteomic profiling by mass spectrometry	NT=Data-dependent acquisition;AC=PRIDE:0000627	NT=Q Exactive HF;AC=MS:1002523	AC=MS:1002038;NT=label free sample	NT=Trypsin;AC=MS:1001251	NT=Lys-C;AC=MS:1001309	NT=Carbamidomethyl;AC=UNIMOD:4;TA=C;MT=Fixed	NT=Oxidation;AC=UNIMOD:35;TA=M;MT=Variable	NT=Acetyl;AC=UNIMOD:1;PP=Protein N-term;MT=Variable	NT=Dithiothreitol (DTT);AC=PRIDE:0000608	not available	NT=HCD;AC=MS:1000422	27 NCE	NT=orbitrap;AC=MS:1000484	300m/z-1700m/z	200m/z-2000m/z	not available	20 ppm	NT=Strong anion-exchange chromatography (SAX);AC=PRIDE:0000558	1	1	2014-11-14	20141110_QEp8_KiSh_SA_CGNeurons_pH3_3.raw	v1.1.0	NT=ms-proteomics;VV=v1.1.0	NT=vertebrates;VV=v1.1.0	NT=sdrf-skills;VV=v0.2.0	cerebellum	cerebellar granule cell	not applicable
PXD001250-Sample-30	Mus musculus	cerebellum	central nervous system	cerebellar granule cell	normal	not available	not available	not available	cell	study sample	not available	not applicable	not applicable	no depletion	3	run 176	proteomic profiling by mass spectrometry	NT=Data-dependent acquisition;AC=PRIDE:0000627	NT=Q Exactive HF;AC=MS:1002523	AC=MS:1002038;NT=label free sample	NT=Trypsin;AC=MS:1001251	NT=Lys-C;AC=MS:1001309	NT=Carbamidomethyl;AC=UNIMOD:4;TA=C;MT=Fixed	NT=Oxidation;AC=UNIMOD:35;TA=M;MT=Variable	NT=Acetyl;AC=UNIMOD:1;PP=Protein N-term;MT=Variable	NT=Dithiothreitol (DTT);AC=PRIDE:0000608	not available	NT=HCD;AC=MS:1000422	27 NCE	NT=orbitrap;AC=MS:1000484	300m/z-1700m/z	200m/z-2000m/z	not available	20 ppm	NT=Strong anion-exchange chromatography (SAX);AC=PRIDE:0000558	2	1	2014-11-14	20141110_QEp8_KiSh_SA_CGNeurons_pH4_3.raw	v1.1.0	NT=ms-proteomics;VV=v1.1.0	NT=vertebrates;VV=v1.1.0	NT=sdrf-skills;VV=v0.2.0	cerebellum	cerebellar granule cell	not applicable
PXD001250-Sample-30	Mus musculus	cerebellum	central nervous system	cerebellar granule cell	normal	not available	not available	not available	cell	study sample	not available	not applicable	not applicable	no depletion	3	run 177	proteomic profiling by mass spectrometry	NT=Data-dependent acquisition;AC=PRIDE:0000627	NT=Q Exactive HF;AC=MS:1002523	AC=MS:1002038;NT=label free sample	NT=Trypsin;AC=MS:1001251	NT=Lys-C;AC=MS:1001309	NT=Carbamidomethyl;AC=UNIMOD:4;TA=C;MT=Fixed	NT=Oxidation;AC=UNIMOD:35;TA=M;MT=Variable	NT=Acetyl;AC=UNIMOD:1;PP=Protein N-term;MT=Variable	NT=Dithiothreitol (DTT);AC=PRIDE:0000608	not available	NT=HCD;AC=MS:1000422	27 NCE	NT=orbitrap;AC=MS:1000484	300m/z-1700m/z	200m/z-2000m/z	not available	20 ppm	NT=Strong anion-exchange chromatography (SAX);AC=PRIDE:0000558	3	1	2014-11-14	20141110_QEp8_KiSh_SA_CGNeurons_pH5_3.raw	v1.1.0	NT=ms-proteomics;VV=v1.1.0	NT=vertebrates;VV=v1.1.0	NT=sdrf-skills;VV=v0.2.0	cerebellum	cerebellar granule cell	not applicable
PXD001250-Sample-30	Mus musculus	cerebellum	central nervous system	cerebellar granule cell	normal	not available	not available	not available	cell	study sample	not available	not applicable	not applicable	no depletion	3	run 178	proteomic profiling by mass spectrometry	NT=Data-dependent acquisition;AC=PRIDE:0000627	NT=Q Exactive HF;AC=MS:1002523	AC=MS:1002038;NT=label free sample	NT=Trypsin;AC=MS:1001251	NT=Lys-C;AC=MS:1001309	NT=Carbamidomethyl;AC=UNIMOD:4;TA=C;MT=Fixed	NT=Oxidation;AC=UNIMOD:35;TA=M;MT=Variable	NT=Acetyl;AC=UNIMOD:1;PP=Protein N-term;MT=Variable	NT=Dithiothreitol (DTT);AC=PRIDE:0000608	not available	NT=HCD;AC=MS:1000422	27 NCE	NT=orbitrap;AC=MS:1000484	300m/z-1700m/z	200m/z-2000m/z	not available	20 ppm	NT=Strong anion-exchange chromatography (SAX);AC=PRIDE:0000558	4	1	2014-11-14	20141110_QEp8_KiSh_SA_CGNeurons_pH6_3.raw	v1.1.0	NT=ms-proteomics;VV=v1.1.0	NT=vertebrates;VV=v1.1.0	NT=sdrf-skills;VV=v0.2.0	cerebellum	cerebellar granule cell	not applicable
PXD001250-Sample-30	Mus musculus	cerebellum	central nervous system	cerebellar granule cell	normal	not available	not available	not available	cell	study sample	not available	not applicable	not applicable	no depletion	3	run 179	proteomic profiling by mass spectrometry	NT=Data-dependent acquisition;AC=PRIDE:0000627	NT=Q Exactive HF;AC=MS:1002523	AC=MS:1002038;NT=label free sample	NT=Trypsin;AC=MS:1001251	NT=Lys-C;AC=MS:1001309	NT=Carbamidomethyl;AC=UNIMOD:4;TA=C;MT=Fixed	NT=Oxidation;AC=UNIMOD:35;TA=M;MT=Variable	NT=Acetyl;AC=UNIMOD:1;PP=Protein N-term;MT=Variable	NT=Dithiothreitol (DTT);AC=PRIDE:0000608	not available	NT=HCD;AC=MS:1000422	27 NCE	NT=orbitrap;AC=MS:1000484	300m/z-1700m/z	200m/z-2000m/z	not available	20 ppm	NT=Strong anion-exchange chromatography (SAX);AC=PRIDE:0000558	5	1	2014-11-14	20141110_QEp8_KiSh_SA_CGNeurons_pH8_3.raw	v1.1.0	NT=ms-proteomics;VV=v1.1.0	NT=vertebrates;VV=v1.1.0	NT=sdrf-skills;VV=v0.2.0	cerebellum	cerebellar granule cell	not applicable
PXD001250-Sample-30	Mus musculus	cerebellum	central nervous system	cerebellar granule cell	normal	not available	not available	not available	cell	study sample	not available	not applicable	not applicable	no depletion	3	run 180	proteomic profiling by mass spectrometry	NT=Data-dependent acquisition;AC=PRIDE:0000627	NT=Q Exactive HF;AC=MS:1002523	AC=MS:1002038;NT=label free sample	NT=Trypsin;AC=MS:1001251	NT=Lys-C;AC=MS:1001309	NT=Carbamidomethyl;AC=UNIMOD:4;TA=C;MT=Fixed	NT=Oxidation;AC=UNIMOD:35;TA=M;MT=Variable	NT=Acetyl;AC=UNIMOD:1;PP=Protein N-term;MT=Variable	NT=Dithiothreitol (DTT);AC=PRIDE:0000608	not available	NT=HCD;AC=MS:1000422	27 NCE	NT=orbitrap;AC=MS:1000484	300m/z-1700m/z	200m/z-2000m/z	not available	20 ppm	NT=Strong anion-exchange chromatography (SAX);AC=PRIDE:0000558	6	1	2014-11-13	20141110_QEp8_KiSh_SA_CGNeurons_pH11_3.raw	v1.1.0	NT=ms-proteomics;VV=v1.1.0	NT=vertebrates;VV=v1.1.0	NT=sdrf-skills;VV=v0.2.0	cerebellum	cerebellar granule cell	not applicable
PXD001250-Sample-31	Mus musculus	brain	central nervous system	not applicable	normal	adult	not available	not available	tissue	study sample	not available	not applicable	not applicable	no depletion	1	run 181	proteomic profiling by mass spectrometry	NT=Data-dependent acquisition;AC=PRIDE:0000627	NT=Q Exactive HF;AC=MS:1002523	AC=MS:1002038;NT=label free sample	NT=Trypsin;AC=MS:1001251	NT=Lys-C;AC=MS:1001309	NT=Carbamidomethyl;AC=UNIMOD:4;TA=C;MT=Fixed	NT=Oxidation;AC=UNIMOD:35;TA=M;MT=Variable	NT=Acetyl;AC=UNIMOD:1;PP=Protein N-term;MT=Variable	NT=Dithiothreitol (DTT);AC=PRIDE:0000608	not available	NT=HCD;AC=MS:1000422	27 NCE	NT=orbitrap;AC=MS:1000484	300m/z-1700m/z	200m/z-2000m/z	not available	20 ppm	NT=Strong anion-exchange chromatography (SAX);AC=PRIDE:0000558	1	1	2014-07-17	20140712_EXQ00_KiSh_SA_Brain_pH3_1.raw	v1.1.0	NT=ms-proteomics;VV=v1.1.0	NT=vertebrates;VV=v1.1.0	NT=sdrf-skills;VV=v0.2.0	brain	not applicable	not applicable
PXD001250-Sample-31	Mus musculus	brain	central nervous system	not applicable	normal	adult	not available	not available	tissue	study sample	not available	not applicable	not applicable	no depletion	1	run 182	proteomic profiling by mass spectrometry	NT=Data-dependent acquisition;AC=PRIDE:0000627	NT=Q Exactive HF;AC=MS:1002523	AC=MS:1002038;NT=label free sample	NT=Trypsin;AC=MS:1001251	NT=Lys-C;AC=MS:1001309	NT=Carbamidomethyl;AC=UNIMOD:4;TA=C;MT=Fixed	NT=Oxidation;AC=UNIMOD:35;TA=M;MT=Variable	NT=Acetyl;AC=UNIMOD:1;PP=Protein N-term;MT=Variable	NT=Dithiothreitol (DTT);AC=PRIDE:0000608	not available	NT=HCD;AC=MS:1000422	27 NCE	NT=orbitrap;AC=MS:1000484	300m/z-1700m/z	200m/z-2000m/z	not available	20 ppm	NT=Strong anion-exchange chromatography (SAX);AC=PRIDE:0000558	2	1	2014-07-16	20140712_EXQ00_KiSh_SA_Brain_pH4_1.raw	v1.1.0	NT=ms-proteomics;VV=v1.1.0	NT=vertebrates;VV=v1.1.0	NT=sdrf-skills;VV=v0.2.0	brain	not applicable	not applicable
PXD001250-Sample-31	Mus musculus	brain	central nervous system	not applicable	normal	adult	not available	not available	tissue	study sample	not available	not applicable	not applicable	no depletion	1	run 183	proteomic profiling by mass spectrometry	NT=Data-dependent acquisition;AC=PRIDE:0000627	NT=Q Exactive HF;AC=MS:1002523	AC=MS:1002038;NT=label free sample	NT=Trypsin;AC=MS:1001251	NT=Lys-C;AC=MS:1001309	NT=Carbamidomethyl;AC=UNIMOD:4;TA=C;MT=Fixed	NT=Oxidation;AC=UNIMOD:35;TA=M;MT=Variable	NT=Acetyl;AC=UNIMOD:1;PP=Protein N-term;MT=Variable	NT=Dithiothreitol (DTT);AC=PRIDE:0000608	not available	NT=HCD;AC=MS:1000422	27 NCE	NT=orbitrap;AC=MS:1000484	300m/z-1700m/z	200m/z-2000m/z	not available	20 ppm	NT=Strong anion-exchange chromatography (SAX);AC=PRIDE:0000558	3	1	2014-07-15	20140712_EXQ00_KiSh_SA_Brain_pH5_1.raw	v1.1.0	NT=ms-proteomics;VV=v1.1.0	NT=vertebrates;VV=v1.1.0	NT=sdrf-skills;VV=v0.2.0	brain	not applicable	not applicable
PXD001250-Sample-31	Mus musculus	brain	central nervous system	not applicable	normal	adult	not available	not available	tissue	study sample	not available	not applicable	not applicable	no depletion	1	run 184	proteomic profiling by mass spectrometry	NT=Data-dependent acquisition;AC=PRIDE:0000627	NT=Q Exactive HF;AC=MS:1002523	AC=MS:1002038;NT=label free sample	NT=Trypsin;AC=MS:1001251	NT=Lys-C;AC=MS:1001309	NT=Carbamidomethyl;AC=UNIMOD:4;TA=C;MT=Fixed	NT=Oxidation;AC=UNIMOD:35;TA=M;MT=Variable	NT=Acetyl;AC=UNIMOD:1;PP=Protein N-term;MT=Variable	NT=Dithiothreitol (DTT);AC=PRIDE:0000608	not available	NT=HCD;AC=MS:1000422	27 NCE	NT=orbitrap;AC=MS:1000484	300m/z-1700m/z	200m/z-2000m/z	not available	20 ppm	NT=Strong anion-exchange chromatography (SAX);AC=PRIDE:0000558	4	1	2014-07-14	20140712_EXQ00_KiSh_SA_Brain_pH6_1.raw	v1.1.0	NT=ms-proteomics;VV=v1.1.0	NT=vertebrates;VV=v1.1.0	NT=sdrf-skills;VV=v0.2.0	brain	not applicable	not applicable
PXD001250-Sample-31	Mus musculus	brain	central nervous system	not applicable	normal	adult	not available	not available	tissue	study sample	not available	not applicable	not applicable	no depletion	1	run 185	proteomic profiling by mass spectrometry	NT=Data-dependent acquisition;AC=PRIDE:0000627	NT=Q Exactive HF;AC=MS:1002523	AC=MS:1002038;NT=label free sample	NT=Trypsin;AC=MS:1001251	NT=Lys-C;AC=MS:1001309	NT=Carbamidomethyl;AC=UNIMOD:4;TA=C;MT=Fixed	NT=Oxidation;AC=UNIMOD:35;TA=M;MT=Variable	NT=Acetyl;AC=UNIMOD:1;PP=Protein N-term;MT=Variable	NT=Dithiothreitol (DTT);AC=PRIDE:0000608	not available	NT=HCD;AC=MS:1000422	27 NCE	NT=orbitrap;AC=MS:1000484	300m/z-1700m/z	200m/z-2000m/z	not available	20 ppm	NT=Strong anion-exchange chromatography (SAX);AC=PRIDE:0000558	5	1	2014-07-13	20140712_EXQ00_KiSh_SA_Brain_pH8_1.raw	v1.1.0	NT=ms-proteomics;VV=v1.1.0	NT=vertebrates;VV=v1.1.0	NT=sdrf-skills;VV=v0.2.0	brain	not applicable	not applicable
PXD001250-Sample-31	Mus musculus	brain	central nervous system	not applicable	normal	adult	not available	not available	tissue	study sample	not available	not applicable	not applicable	no depletion	1	run 186	proteomic profiling by mass spectrometry	NT=Data-dependent acquisition;AC=PRIDE:0000627	NT=Q Exactive HF;AC=MS:1002523	AC=MS:1002038;NT=label free sample	NT=Trypsin;AC=MS:1001251	NT=Lys-C;AC=MS:1001309	NT=Carbamidomethyl;AC=UNIMOD:4;TA=C;MT=Fixed	NT=Oxidation;AC=UNIMOD:35;TA=M;MT=Variable	NT=Acetyl;AC=UNIMOD:1;PP=Protein N-term;MT=Variable	NT=Dithiothreitol (DTT);AC=PRIDE:0000608	not available	NT=HCD;AC=MS:1000422	27 NCE	NT=orbitrap;AC=MS:1000484	300m/z-1700m/z	200m/z-2000m/z	not available	20 ppm	NT=Strong anion-exchange chromatography (SAX);AC=PRIDE:0000558	6	1	2014-07-12	20140712_EXQ00_KiSh_SA_Brain_pH11_1.raw	v1.1.0	NT=ms-proteomics;VV=v1.1.0	NT=vertebrates;VV=v1.1.0	NT=sdrf-skills;VV=v0.2.0	brain	not applicable	not applicable
PXD001250-Sample-32	Mus musculus	brain	central nervous system	not applicable	normal	adult	not available	not available	tissue	study sample	not available	not applicable	not applicable	no depletion	2	run 187	proteomic profiling by mass spectrometry	NT=Data-dependent acquisition;AC=PRIDE:0000627	NT=Q Exactive HF;AC=MS:1002523	AC=MS:1002038;NT=label free sample	NT=Trypsin;AC=MS:1001251	NT=Lys-C;AC=MS:1001309	NT=Carbamidomethyl;AC=UNIMOD:4;TA=C;MT=Fixed	NT=Oxidation;AC=UNIMOD:35;TA=M;MT=Variable	NT=Acetyl;AC=UNIMOD:1;PP=Protein N-term;MT=Variable	NT=Dithiothreitol (DTT);AC=PRIDE:0000608	not available	NT=HCD;AC=MS:1000422	27 NCE	NT=orbitrap;AC=MS:1000484	300m/z-1700m/z	200m/z-2000m/z	not available	20 ppm	NT=Strong anion-exchange chromatography (SAX);AC=PRIDE:0000558	1	1	2014-07-17	20140712_EXQ00_KiSh_SA_Brain_pH3_2.raw	v1.1.0	NT=ms-proteomics;VV=v1.1.0	NT=vertebrates;VV=v1.1.0	NT=sdrf-skills;VV=v0.2.0	brain	not applicable	not applicable
PXD001250-Sample-32	Mus musculus	brain	central nervous system	not applicable	normal	adult	not available	not available	tissue	study sample	not available	not applicable	not applicable	no depletion	2	run 188	proteomic profiling by mass spectrometry	NT=Data-dependent acquisition;AC=PRIDE:0000627	NT=Q Exactive HF;AC=MS:1002523	AC=MS:1002038;NT=label free sample	NT=Trypsin;AC=MS:1001251	NT=Lys-C;AC=MS:1001309	NT=Carbamidomethyl;AC=UNIMOD:4;TA=C;MT=Fixed	NT=Oxidation;AC=UNIMOD:35;TA=M;MT=Variable	NT=Acetyl;AC=UNIMOD:1;PP=Protein N-term;MT=Variable	NT=Dithiothreitol (DTT);AC=PRIDE:0000608	not available	NT=HCD;AC=MS:1000422	27 NCE	NT=orbitrap;AC=MS:1000484	300m/z-1700m/z	200m/z-2000m/z	not available	20 ppm	NT=Strong anion-exchange chromatography (SAX);AC=PRIDE:0000558	2	1	2014-07-16	20140712_EXQ00_KiSh_SA_Brain_pH4_2.raw	v1.1.0	NT=ms-proteomics;VV=v1.1.0	NT=vertebrates;VV=v1.1.0	NT=sdrf-skills;VV=v0.2.0	brain	not applicable	not applicable
PXD001250-Sample-32	Mus musculus	brain	central nervous system	not applicable	normal	adult	not available	not available	tissue	study sample	not available	not applicable	not applicable	no depletion	2	run 189	proteomic profiling by mass spectrometry	NT=Data-dependent acquisition;AC=PRIDE:0000627	NT=Q Exactive HF;AC=MS:1002523	AC=MS:1002038;NT=label free sample	NT=Trypsin;AC=MS:1001251	NT=Lys-C;AC=MS:1001309	NT=Carbamidomethyl;AC=UNIMOD:4;TA=C;MT=Fixed	NT=Oxidation;AC=UNIMOD:35;TA=M;MT=Variable	NT=Acetyl;AC=UNIMOD:1;PP=Protein N-term;MT=Variable	NT=Dithiothreitol (DTT);AC=PRIDE:0000608	not available	NT=HCD;AC=MS:1000422	27 NCE	NT=orbitrap;AC=MS:1000484	300m/z-1700m/z	200m/z-2000m/z	not available	20 ppm	NT=Strong anion-exchange chromatography (SAX);AC=PRIDE:0000558	3	1	2014-07-15	20140712_EXQ00_KiSh_SA_Brain_pH5_2.raw	v1.1.0	NT=ms-proteomics;VV=v1.1.0	NT=vertebrates;VV=v1.1.0	NT=sdrf-skills;VV=v0.2.0	brain	not applicable	not applicable
PXD001250-Sample-32	Mus musculus	brain	central nervous system	not applicable	normal	adult	not available	not available	tissue	study sample	not available	not applicable	not applicable	no depletion	2	run 190	proteomic profiling by mass spectrometry	NT=Data-dependent acquisition;AC=PRIDE:0000627	NT=Q Exactive HF;AC=MS:1002523	AC=MS:1002038;NT=label free sample	NT=Trypsin;AC=MS:1001251	NT=Lys-C;AC=MS:1001309	NT=Carbamidomethyl;AC=UNIMOD:4;TA=C;MT=Fixed	NT=Oxidation;AC=UNIMOD:35;TA=M;MT=Variable	NT=Acetyl;AC=UNIMOD:1;PP=Protein N-term;MT=Variable	NT=Dithiothreitol (DTT);AC=PRIDE:0000608	not available	NT=HCD;AC=MS:1000422	27 NCE	NT=orbitrap;AC=MS:1000484	300m/z-1700m/z	200m/z-2000m/z	not available	20 ppm	NT=Strong anion-exchange chromatography (SAX);AC=PRIDE:0000558	4	1	2014-07-14	20140712_EXQ00_KiSh_SA_Brain_pH6_2.raw	v1.1.0	NT=ms-proteomics;VV=v1.1.0	NT=vertebrates;VV=v1.1.0	NT=sdrf-skills;VV=v0.2.0	brain	not applicable	not applicable
PXD001250-Sample-32	Mus musculus	brain	central nervous system	not applicable	normal	adult	not available	not available	tissue	study sample	not available	not applicable	not applicable	no depletion	2	run 191	proteomic profiling by mass spectrometry	NT=Data-dependent acquisition;AC=PRIDE:0000627	NT=Q Exactive HF;AC=MS:1002523	AC=MS:1002038;NT=label free sample	NT=Trypsin;AC=MS:1001251	NT=Lys-C;AC=MS:1001309	NT=Carbamidomethyl;AC=UNIMOD:4;TA=C;MT=Fixed	NT=Oxidation;AC=UNIMOD:35;TA=M;MT=Variable	NT=Acetyl;AC=UNIMOD:1;PP=Protein N-term;MT=Variable	NT=Dithiothreitol (DTT);AC=PRIDE:0000608	not available	NT=HCD;AC=MS:1000422	27 NCE	NT=orbitrap;AC=MS:1000484	300m/z-1700m/z	200m/z-2000m/z	not available	20 ppm	NT=Strong anion-exchange chromatography (SAX);AC=PRIDE:0000558	5	1	2014-07-13	20140712_EXQ00_KiSh_SA_Brain_pH8_2.raw	v1.1.0	NT=ms-proteomics;VV=v1.1.0	NT=vertebrates;VV=v1.1.0	NT=sdrf-skills;VV=v0.2.0	brain	not applicable	not applicable
PXD001250-Sample-32	Mus musculus	brain	central nervous system	not applicable	normal	adult	not available	not available	tissue	study sample	not available	not applicable	not applicable	no depletion	2	run 192	proteomic profiling by mass spectrometry	NT=Data-dependent acquisition;AC=PRIDE:0000627	NT=Q Exactive HF;AC=MS:1002523	AC=MS:1002038;NT=label free sample	NT=Trypsin;AC=MS:1001251	NT=Lys-C;AC=MS:1001309	NT=Carbamidomethyl;AC=UNIMOD:4;TA=C;MT=Fixed	NT=Oxidation;AC=UNIMOD:35;TA=M;MT=Variable	NT=Acetyl;AC=UNIMOD:1;PP=Protein N-term;MT=Variable	NT=Dithiothreitol (DTT);AC=PRIDE:0000608	not available	NT=HCD;AC=MS:1000422	27 NCE	NT=orbitrap;AC=MS:1000484	300m/z-1700m/z	200m/z-2000m/z	not available	20 ppm	NT=Strong anion-exchange chromatography (SAX);AC=PRIDE:0000558	6	1	2014-07-12	20140712_EXQ00_KiSh_SA_Brain_pH11_2.raw	v1.1.0	NT=ms-proteomics;VV=v1.1.0	NT=vertebrates;VV=v1.1.0	NT=sdrf-skills;VV=v0.2.0	brain	not applicable	not applicable
PXD001250-Sample-33	Mus musculus	brain	central nervous system	not applicable	normal	adult	not available	not available	tissue	study sample	not available	not applicable	not applicable	no depletion	3	run 193	proteomic profiling by mass spectrometry	NT=Data-dependent acquisition;AC=PRIDE:0000627	NT=Q Exactive HF;AC=MS:1002523	AC=MS:1002038;NT=label free sample	NT=Trypsin;AC=MS:1001251	NT=Lys-C;AC=MS:1001309	NT=Carbamidomethyl;AC=UNIMOD:4;TA=C;MT=Fixed	NT=Oxidation;AC=UNIMOD:35;TA=M;MT=Variable	NT=Acetyl;AC=UNIMOD:1;PP=Protein N-term;MT=Variable	NT=Dithiothreitol (DTT);AC=PRIDE:0000608	not available	NT=HCD;AC=MS:1000422	27 NCE	NT=orbitrap;AC=MS:1000484	300m/z-1700m/z	200m/z-2000m/z	not available	20 ppm	NT=Strong anion-exchange chromatography (SAX);AC=PRIDE:0000558	1	1	2014-07-17	20140712_EXQ00_KiSh_SA_Brain_pH3_3.raw	v1.1.0	NT=ms-proteomics;VV=v1.1.0	NT=vertebrates;VV=v1.1.0	NT=sdrf-skills;VV=v0.2.0	brain	not applicable	not applicable
PXD001250-Sample-33	Mus musculus	brain	central nervous system	not applicable	normal	adult	not available	not available	tissue	study sample	not available	not applicable	not applicable	no depletion	3	run 194	proteomic profiling by mass spectrometry	NT=Data-dependent acquisition;AC=PRIDE:0000627	NT=Q Exactive HF;AC=MS:1002523	AC=MS:1002038;NT=label free sample	NT=Trypsin;AC=MS:1001251	NT=Lys-C;AC=MS:1001309	NT=Carbamidomethyl;AC=UNIMOD:4;TA=C;MT=Fixed	NT=Oxidation;AC=UNIMOD:35;TA=M;MT=Variable	NT=Acetyl;AC=UNIMOD:1;PP=Protein N-term;MT=Variable	NT=Dithiothreitol (DTT);AC=PRIDE:0000608	not available	NT=HCD;AC=MS:1000422	27 NCE	NT=orbitrap;AC=MS:1000484	300m/z-1700m/z	200m/z-2000m/z	not available	20 ppm	NT=Strong anion-exchange chromatography (SAX);AC=PRIDE:0000558	2	1	2014-07-16	20140712_EXQ00_KiSh_SA_Brain_pH4_3.raw	v1.1.0	NT=ms-proteomics;VV=v1.1.0	NT=vertebrates;VV=v1.1.0	NT=sdrf-skills;VV=v0.2.0	brain	not applicable	not applicable
PXD001250-Sample-33	Mus musculus	brain	central nervous system	not applicable	normal	adult	not available	not available	tissue	study sample	not available	not applicable	not applicable	no depletion	3	run 195	proteomic profiling by mass spectrometry	NT=Data-dependent acquisition;AC=PRIDE:0000627	NT=Q Exactive HF;AC=MS:1002523	AC=MS:1002038;NT=label free sample	NT=Trypsin;AC=MS:1001251	NT=Lys-C;AC=MS:1001309	NT=Carbamidomethyl;AC=UNIMOD:4;TA=C;MT=Fixed	NT=Oxidation;AC=UNIMOD:35;TA=M;MT=Variable	NT=Acetyl;AC=UNIMOD:1;PP=Protein N-term;MT=Variable	NT=Dithiothreitol (DTT);AC=PRIDE:0000608	not available	NT=HCD;AC=MS:1000422	27 NCE	NT=orbitrap;AC=MS:1000484	300m/z-1700m/z	200m/z-2000m/z	not available	20 ppm	NT=Strong anion-exchange chromatography (SAX);AC=PRIDE:0000558	3	1	2014-07-15	20140712_EXQ00_KiSh_SA_Brain_pH5_3.raw	v1.1.0	NT=ms-proteomics;VV=v1.1.0	NT=vertebrates;VV=v1.1.0	NT=sdrf-skills;VV=v0.2.0	brain	not applicable	not applicable
PXD001250-Sample-33	Mus musculus	brain	central nervous system	not applicable	normal	adult	not available	not available	tissue	study sample	not available	not applicable	not applicable	no depletion	3	run 196	proteomic profiling by mass spectrometry	NT=Data-dependent acquisition;AC=PRIDE:0000627	NT=Q Exactive HF;AC=MS:1002523	AC=MS:1002038;NT=label free sample	NT=Trypsin;AC=MS:1001251	NT=Lys-C;AC=MS:1001309	NT=Carbamidomethyl;AC=UNIMOD:4;TA=C;MT=Fixed	NT=Oxidation;AC=UNIMOD:35;TA=M;MT=Variable	NT=Acetyl;AC=UNIMOD:1;PP=Protein N-term;MT=Variable	NT=Dithiothreitol (DTT);AC=PRIDE:0000608	not available	NT=HCD;AC=MS:1000422	27 NCE	NT=orbitrap;AC=MS:1000484	300m/z-1700m/z	200m/z-2000m/z	not available	20 ppm	NT=Strong anion-exchange chromatography (SAX);AC=PRIDE:0000558	4	1	2014-07-14	20140712_EXQ00_KiSh_SA_Brain_pH6_3.raw	v1.1.0	NT=ms-proteomics;VV=v1.1.0	NT=vertebrates;VV=v1.1.0	NT=sdrf-skills;VV=v0.2.0	brain	not applicable	not applicable
PXD001250-Sample-33	Mus musculus	brain	central nervous system	not applicable	normal	adult	not available	not available	tissue	study sample	not available	not applicable	not applicable	no depletion	3	run 197	proteomic profiling by mass spectrometry	NT=Data-dependent acquisition;AC=PRIDE:0000627	NT=Q Exactive HF;AC=MS:1002523	AC=MS:1002038;NT=label free sample	NT=Trypsin;AC=MS:1001251	NT=Lys-C;AC=MS:1001309	NT=Carbamidomethyl;AC=UNIMOD:4;TA=C;MT=Fixed	NT=Oxidation;AC=UNIMOD:35;TA=M;MT=Variable	NT=Acetyl;AC=UNIMOD:1;PP=Protein N-term;MT=Variable	NT=Dithiothreitol (DTT);AC=PRIDE:0000608	not available	NT=HCD;AC=MS:1000422	27 NCE	NT=orbitrap;AC=MS:1000484	300m/z-1700m/z	200m/z-2000m/z	not available	20 ppm	NT=Strong anion-exchange chromatography (SAX);AC=PRIDE:0000558	5	1	2014-07-14	20140712_EXQ00_KiSh_SA_Brain_pH8_3.raw	v1.1.0	NT=ms-proteomics;VV=v1.1.0	NT=vertebrates;VV=v1.1.0	NT=sdrf-skills;VV=v0.2.0	brain	not applicable	not applicable
PXD001250-Sample-33	Mus musculus	brain	central nervous system	not applicable	normal	adult	not available	not available	tissue	study sample	not available	not applicable	not applicable	no depletion	3	run 198	proteomic profiling by mass spectrometry	NT=Data-dependent acquisition;AC=PRIDE:0000627	NT=Q Exactive HF;AC=MS:1002523	AC=MS:1002038;NT=label free sample	NT=Trypsin;AC=MS:1001251	NT=Lys-C;AC=MS:1001309	NT=Carbamidomethyl;AC=UNIMOD:4;TA=C;MT=Fixed	NT=Oxidation;AC=UNIMOD:35;TA=M;MT=Variable	NT=Acetyl;AC=UNIMOD:1;PP=Protein N-term;MT=Variable	NT=Dithiothreitol (DTT);AC=PRIDE:0000608	not available	NT=HCD;AC=MS:1000422	27 NCE	NT=orbitrap;AC=MS:1000484	300m/z-1700m/z	200m/z-2000m/z	not available	20 ppm	NT=Strong anion-exchange chromatography (SAX);AC=PRIDE:0000558	6	1	2014-07-13	20140712_EXQ00_KiSh_SA_Brain_pH11_3.raw	v1.1.0	NT=ms-proteomics;VV=v1.1.0	NT=vertebrates;VV=v1.1.0	NT=sdrf-skills;VV=v0.2.0	brain	not applicable	not applicable
PXD001250-Sample-34	Mus musculus	brain	central nervous system	not applicable	normal	adult	not available	not available	tissue	study sample	not available	not applicable	not applicable	no depletion	4	run 199	proteomic profiling by mass spectrometry	NT=Data-dependent acquisition;AC=PRIDE:0000627	NT=Q Exactive HF;AC=MS:1002523	AC=MS:1002038;NT=label free sample	NT=Trypsin;AC=MS:1001251	NT=Lys-C;AC=MS:1001309	NT=Carbamidomethyl;AC=UNIMOD:4;TA=C;MT=Fixed	NT=Oxidation;AC=UNIMOD:35;TA=M;MT=Variable	NT=Acetyl;AC=UNIMOD:1;PP=Protein N-term;MT=Variable	NT=Dithiothreitol (DTT);AC=PRIDE:0000608	not available	NT=HCD;AC=MS:1000422	27 NCE	NT=orbitrap;AC=MS:1000484	300m/z-1700m/z	200m/z-2000m/z	not available	20 ppm	NT=Strong anion-exchange chromatography (SAX);AC=PRIDE:0000558	1	1	2014-07-17	20140712_EXQ00_KiSh_SA_Brain_pH3_4.raw	v1.1.0	NT=ms-proteomics;VV=v1.1.0	NT=vertebrates;VV=v1.1.0	NT=sdrf-skills;VV=v0.2.0	brain	not applicable	not applicable
PXD001250-Sample-34	Mus musculus	brain	central nervous system	not applicable	normal	adult	not available	not available	tissue	study sample	not available	not applicable	not applicable	no depletion	4	run 200	proteomic profiling by mass spectrometry	NT=Data-dependent acquisition;AC=PRIDE:0000627	NT=Q Exactive HF;AC=MS:1002523	AC=MS:1002038;NT=label free sample	NT=Trypsin;AC=MS:1001251	NT=Lys-C;AC=MS:1001309	NT=Carbamidomethyl;AC=UNIMOD:4;TA=C;MT=Fixed	NT=Oxidation;AC=UNIMOD:35;TA=M;MT=Variable	NT=Acetyl;AC=UNIMOD:1;PP=Protein N-term;MT=Variable	NT=Dithiothreitol (DTT);AC=PRIDE:0000608	not available	NT=HCD;AC=MS:1000422	27 NCE	NT=orbitrap;AC=MS:1000484	300m/z-1700m/z	200m/z-2000m/z	not available	20 ppm	NT=Strong anion-exchange chromatography (SAX);AC=PRIDE:0000558	2	1	2014-07-16	20140712_EXQ00_KiSh_SA_Brain_pH4_4.raw	v1.1.0	NT=ms-proteomics;VV=v1.1.0	NT=vertebrates;VV=v1.1.0	NT=sdrf-skills;VV=v0.2.0	brain	not applicable	not applicable
PXD001250-Sample-34	Mus musculus	brain	central nervous system	not applicable	normal	adult	not available	not available	tissue	study sample	not available	not applicable	not applicable	no depletion	4	run 201	proteomic profiling by mass spectrometry	NT=Data-dependent acquisition;AC=PRIDE:0000627	NT=Q Exactive HF;AC=MS:1002523	AC=MS:1002038;NT=label free sample	NT=Trypsin;AC=MS:1001251	NT=Lys-C;AC=MS:1001309	NT=Carbamidomethyl;AC=UNIMOD:4;TA=C;MT=Fixed	NT=Oxidation;AC=UNIMOD:35;TA=M;MT=Variable	NT=Acetyl;AC=UNIMOD:1;PP=Protein N-term;MT=Variable	NT=Dithiothreitol (DTT);AC=PRIDE:0000608	not available	NT=HCD;AC=MS:1000422	27 NCE	NT=orbitrap;AC=MS:1000484	300m/z-1700m/z	200m/z-2000m/z	not available	20 ppm	NT=Strong anion-exchange chromatography (SAX);AC=PRIDE:0000558	3	1	2014-07-15	20140712_EXQ00_KiSh_SA_Brain_pH5_4.raw	v1.1.0	NT=ms-proteomics;VV=v1.1.0	NT=vertebrates;VV=v1.1.0	NT=sdrf-skills;VV=v0.2.0	brain	not applicable	not applicable
PXD001250-Sample-34	Mus musculus	brain	central nervous system	not applicable	normal	adult	not available	not available	tissue	study sample	not available	not applicable	not applicable	no depletion	4	run 202	proteomic profiling by mass spectrometry	NT=Data-dependent acquisition;AC=PRIDE:0000627	NT=Q Exactive HF;AC=MS:1002523	AC=MS:1002038;NT=label free sample	NT=Trypsin;AC=MS:1001251	NT=Lys-C;AC=MS:1001309	NT=Carbamidomethyl;AC=UNIMOD:4;TA=C;MT=Fixed	NT=Oxidation;AC=UNIMOD:35;TA=M;MT=Variable	NT=Acetyl;AC=UNIMOD:1;PP=Protein N-term;MT=Variable	NT=Dithiothreitol (DTT);AC=PRIDE:0000608	not available	NT=HCD;AC=MS:1000422	27 NCE	NT=orbitrap;AC=MS:1000484	300m/z-1700m/z	200m/z-2000m/z	not available	20 ppm	NT=Strong anion-exchange chromatography (SAX);AC=PRIDE:0000558	4	1	2014-07-15	20140712_EXQ00_KiSh_SA_Brain_pH6_4.raw	v1.1.0	NT=ms-proteomics;VV=v1.1.0	NT=vertebrates;VV=v1.1.0	NT=sdrf-skills;VV=v0.2.0	brain	not applicable	not applicable
PXD001250-Sample-34	Mus musculus	brain	central nervous system	not applicable	normal	adult	not available	not available	tissue	study sample	not available	not applicable	not applicable	no depletion	4	run 203	proteomic profiling by mass spectrometry	NT=Data-dependent acquisition;AC=PRIDE:0000627	NT=Q Exactive HF;AC=MS:1002523	AC=MS:1002038;NT=label free sample	NT=Trypsin;AC=MS:1001251	NT=Lys-C;AC=MS:1001309	NT=Carbamidomethyl;AC=UNIMOD:4;TA=C;MT=Fixed	NT=Oxidation;AC=UNIMOD:35;TA=M;MT=Variable	NT=Acetyl;AC=UNIMOD:1;PP=Protein N-term;MT=Variable	NT=Dithiothreitol (DTT);AC=PRIDE:0000608	not available	NT=HCD;AC=MS:1000422	27 NCE	NT=orbitrap;AC=MS:1000484	300m/z-1700m/z	200m/z-2000m/z	not available	20 ppm	NT=Strong anion-exchange chromatography (SAX);AC=PRIDE:0000558	5	1	2014-07-14	20140712_EXQ00_KiSh_SA_Brain_pH8_4.raw	v1.1.0	NT=ms-proteomics;VV=v1.1.0	NT=vertebrates;VV=v1.1.0	NT=sdrf-skills;VV=v0.2.0	brain	not applicable	not applicable
PXD001250-Sample-34	Mus musculus	brain	central nervous system	not applicable	normal	adult	not available	not available	tissue	study sample	not available	not applicable	not applicable	no depletion	4	run 204	proteomic profiling by mass spectrometry	NT=Data-dependent acquisition;AC=PRIDE:0000627	NT=Q Exactive HF;AC=MS:1002523	AC=MS:1002038;NT=label free sample	NT=Trypsin;AC=MS:1001251	NT=Lys-C;AC=MS:1001309	NT=Carbamidomethyl;AC=UNIMOD:4;TA=C;MT=Fixed	NT=Oxidation;AC=UNIMOD:35;TA=M;MT=Variable	NT=Acetyl;AC=UNIMOD:1;PP=Protein N-term;MT=Variable	NT=Dithiothreitol (DTT);AC=PRIDE:0000608	not available	NT=HCD;AC=MS:1000422	27 NCE	NT=orbitrap;AC=MS:1000484	300m/z-1700m/z	200m/z-2000m/z	not available	20 ppm	NT=Strong anion-exchange chromatography (SAX);AC=PRIDE:0000558	6	1	2014-07-13	20140712_EXQ00_KiSh_SA_Brain_pH11_4.raw	v1.1.0	NT=ms-proteomics;VV=v1.1.0	NT=vertebrates;VV=v1.1.0	NT=sdrf-skills;VV=v0.2.0	brain	not applicable	not applicable
PXD001250-Sample-35	Mus musculus	brain	central nervous system	not applicable	normal	adult	not available	not available	tissue	study sample	not available	not applicable	not applicable	no depletion	1	run 205	proteomic profiling by mass spectrometry	NT=Data-dependent acquisition;AC=PRIDE:0000627	NT=Q Exactive HF;AC=MS:1002523	AC=MS:1002038;NT=label free sample	NT=Trypsin;AC=MS:1001251	NT=Lys-C;AC=MS:1001309	NT=Carbamidomethyl;AC=UNIMOD:4;TA=C;MT=Fixed	NT=Oxidation;AC=UNIMOD:35;TA=M;MT=Variable	NT=Acetyl;AC=UNIMOD:1;PP=Protein N-term;MT=Variable	NT=Dithiothreitol (DTT);AC=PRIDE:0000608	not available	NT=HCD;AC=MS:1000422	27 NCE	NT=orbitrap;AC=MS:1000484	300m/z-1700m/z	200m/z-2000m/z	not available	20 ppm	not applicable	1	1	2014-07-11	20140711_EXQ00_KiSh_SA_Brain_1.raw	v1.1.0	NT=ms-proteomics;VV=v1.1.0	NT=vertebrates;VV=v1.1.0	NT=sdrf-skills;VV=v0.2.0	brain	not applicable	not applicable
PXD001250-Sample-36	Mus musculus	brain	central nervous system	not applicable	normal	adult	not available	not available	tissue	study sample	not available	not applicable	not applicable	no depletion	2	run 206	proteomic profiling by mass spectrometry	NT=Data-dependent acquisition;AC=PRIDE:0000627	NT=Q Exactive HF;AC=MS:1002523	AC=MS:1002038;NT=label free sample	NT=Trypsin;AC=MS:1001251	NT=Lys-C;AC=MS:1001309	NT=Carbamidomethyl;AC=UNIMOD:4;TA=C;MT=Fixed	NT=Oxidation;AC=UNIMOD:35;TA=M;MT=Variable	NT=Acetyl;AC=UNIMOD:1;PP=Protein N-term;MT=Variable	NT=Dithiothreitol (DTT);AC=PRIDE:0000608	not available	NT=HCD;AC=MS:1000422	27 NCE	NT=orbitrap;AC=MS:1000484	300m/z-1700m/z	200m/z-2000m/z	not available	20 ppm	not applicable	1	1	2014-07-11	20140711_EXQ00_KiSh_SA_Brain_2.raw	v1.1.0	NT=ms-proteomics;VV=v1.1.0	NT=vertebrates;VV=v1.1.0	NT=sdrf-skills;VV=v0.2.0	brain	not applicable	not applicable
PXD001250-Sample-37	Mus musculus	brain	central nervous system	not applicable	normal	adult	not available	not available	tissue	study sample	not available	not applicable	not applicable	no depletion	3	run 207	proteomic profiling by mass spectrometry	NT=Data-dependent acquisition;AC=PRIDE:0000627	NT=Q Exactive HF;AC=MS:1002523	AC=MS:1002038;NT=label free sample	NT=Trypsin;AC=MS:1001251	NT=Lys-C;AC=MS:1001309	NT=Carbamidomethyl;AC=UNIMOD:4;TA=C;MT=Fixed	NT=Oxidation;AC=UNIMOD:35;TA=M;MT=Variable	NT=Acetyl;AC=UNIMOD:1;PP=Protein N-term;MT=Variable	NT=Dithiothreitol (DTT);AC=PRIDE:0000608	not available	NT=HCD;AC=MS:1000422	27 NCE	NT=orbitrap;AC=MS:1000484	300m/z-1700m/z	200m/z-2000m/z	not available	20 ppm	not applicable	1	1	2014-07-12	20140711_EXQ00_KiSh_SA_Brain_3.raw	v1.1.0	NT=ms-proteomics;VV=v1.1.0	NT=vertebrates;VV=v1.1.0	NT=sdrf-skills;VV=v0.2.0	brain	not applicable	not applicable
PXD001250-Sample-38	Mus musculus	brain	central nervous system	not applicable	normal	adult	not available	not available	tissue	study sample	not available	not applicable	not applicable	no depletion	4	run 208	proteomic profiling by mass spectrometry	NT=Data-dependent acquisition;AC=PRIDE:0000627	NT=Q Exactive HF;AC=MS:1002523	AC=MS:1002038;NT=label free sample	NT=Trypsin;AC=MS:1001251	NT=Lys-C;AC=MS:1001309	NT=Carbamidomethyl;AC=UNIMOD:4;TA=C;MT=Fixed	NT=Oxidation;AC=UNIMOD:35;TA=M;MT=Variable	NT=Acetyl;AC=UNIMOD:1;PP=Protein N-term;MT=Variable	NT=Dithiothreitol (DTT);AC=PRIDE:0000608	not available	NT=HCD;AC=MS:1000422	27 NCE	NT=orbitrap;AC=MS:1000484	300m/z-1700m/z	200m/z-2000m/z	not available	20 ppm	not applicable	1	1	2014-07-12	20140711_EXQ00_KiSh_SA_Brain_4.raw	v1.1.0	NT=ms-proteomics;VV=v1.1.0	NT=vertebrates;VV=v1.1.0	NT=sdrf-skills;VV=v0.2.0	brain	not applicable	not applicable
PXD001250-Sample-39	Mus musculus	brain	central nervous system	not applicable	normal	adult	not available	not available	tissue	study sample	not available	not applicable	not applicable	no depletion	1	run 209	proteomic profiling by mass spectrometry	NT=Data-dependent acquisition;AC=PRIDE:0000627	NT=Q Exactive;AC=MS:1001911	AC=MS:1002038;NT=label free sample	NT=Trypsin;AC=MS:1001251	NT=Lys-C;AC=MS:1001309	NT=Carbamidomethyl;AC=UNIMOD:4;TA=C;MT=Fixed	NT=Oxidation;AC=UNIMOD:35;TA=M;MT=Variable	NT=Acetyl;AC=UNIMOD:1;PP=Protein N-term;MT=Variable	NT=Dithiothreitol (DTT);AC=PRIDE:0000608	not available	NT=HCD;AC=MS:1000422	25 NCE	NT=orbitrap;AC=MS:1000484	300m/z-1700m/z	200m/z-2000m/z	not available	20 ppm	not applicable	1	1	2014-07-10	20141007_EXQ8_KiSh_SA_Collab_CNS_1.raw	v1.1.0	NT=ms-proteomics;VV=v1.1.0	NT=vertebrates;VV=v1.1.0	NT=sdrf-skills;VV=v0.2.0	brain	not applicable	not applicable
PXD001250-Sample-40	Mus musculus	brain	central nervous system	not applicable	normal	adult	not available	not available	tissue	study sample	not available	not applicable	not applicable	no depletion	2	run 210	proteomic profiling by mass spectrometry	NT=Data-dependent acquisition;AC=PRIDE:0000627	NT=Q Exactive;AC=MS:1001911	AC=MS:1002038;NT=label free sample	NT=Trypsin;AC=MS:1001251	NT=Lys-C;AC=MS:1001309	NT=Carbamidomethyl;AC=UNIMOD:4;TA=C;MT=Fixed	NT=Oxidation;AC=UNIMOD:35;TA=M;MT=Variable	NT=Acetyl;AC=UNIMOD:1;PP=Protein N-term;MT=Variable	NT=Dithiothreitol (DTT);AC=PRIDE:0000608	not available	NT=HCD;AC=MS:1000422	25 NCE	NT=orbitrap;AC=MS:1000484	300m/z-1700m/z	200m/z-2000m/z	not available	20 ppm	not applicable	1	1	2014-07-10	20141007_EXQ8_KiSh_SA_Collab_CNS_2.raw	v1.1.0	NT=ms-proteomics;VV=v1.1.0	NT=vertebrates;VV=v1.1.0	NT=sdrf-skills;VV=v0.2.0	brain	not applicable	not applicable
PXD001250-Sample-41	Mus musculus	brain	central nervous system	not applicable	normal	adult	not available	not available	tissue	study sample	not available	not applicable	not applicable	no depletion	3	run 211	proteomic profiling by mass spectrometry	NT=Data-dependent acquisition;AC=PRIDE:0000627	NT=Q Exactive;AC=MS:1001911	AC=MS:1002038;NT=label free sample	NT=Trypsin;AC=MS:1001251	NT=Lys-C;AC=MS:1001309	NT=Carbamidomethyl;AC=UNIMOD:4;TA=C;MT=Fixed	NT=Oxidation;AC=UNIMOD:35;TA=M;MT=Variable	NT=Acetyl;AC=UNIMOD:1;PP=Protein N-term;MT=Variable	NT=Dithiothreitol (DTT);AC=PRIDE:0000608	not available	NT=HCD;AC=MS:1000422	25 NCE	NT=orbitrap;AC=MS:1000484	300m/z-1700m/z	200m/z-2000m/z	not available	20 ppm	not applicable	1	1	2014-07-10	20141007_EXQ8_KiSh_SA_Collab_CNS_3.raw	v1.1.0	NT=ms-proteomics;VV=v1.1.0	NT=vertebrates;VV=v1.1.0	NT=sdrf-skills;VV=v0.2.0	brain	not applicable	not applicable
PXD001250-Sample-42	Mus musculus	brain	central nervous system	not applicable	normal	adult	not available	not available	tissue	study sample	not available	not applicable	not applicable	no depletion	4	run 212	proteomic profiling by mass spectrometry	NT=Data-dependent acquisition;AC=PRIDE:0000627	NT=Q Exactive;AC=MS:1001911	AC=MS:1002038;NT=label free sample	NT=Trypsin;AC=MS:1001251	NT=Lys-C;AC=MS:1001309	NT=Carbamidomethyl;AC=UNIMOD:4;TA=C;MT=Fixed	NT=Oxidation;AC=UNIMOD:35;TA=M;MT=Variable	NT=Acetyl;AC=UNIMOD:1;PP=Protein N-term;MT=Variable	NT=Dithiothreitol (DTT);AC=PRIDE:0000608	not available	NT=HCD;AC=MS:1000422	25 NCE	NT=orbitrap;AC=MS:1000484	300m/z-1700m/z	200m/z-2000m/z	not available	20 ppm	not applicable	1	1	2014-07-11	20141007_EXQ8_KiSh_SA_Collab_CNS_4.raw	v1.1.0	NT=ms-proteomics;VV=v1.1.0	NT=vertebrates;VV=v1.1.0	NT=sdrf-skills;VV=v0.2.0	brain	not applicable	not applicable
PXD001250-Sample-43	Mus musculus	cerebellum	central nervous system	not applicable	normal	neonate	not available	not available	tissue	study sample	not available	5 day	not applicable	no depletion	1	run 213	proteomic profiling by mass spectrometry	NT=Data-dependent acquisition;AC=PRIDE:0000627	NT=Q Exactive HF;AC=MS:1002523	AC=MS:1002038;NT=label free sample	NT=Trypsin;AC=MS:1001251	NT=Lys-C;AC=MS:1001309	NT=Carbamidomethyl;AC=UNIMOD:4;TA=C;MT=Fixed	NT=Oxidation;AC=UNIMOD:35;TA=M;MT=Variable	NT=Acetyl;AC=UNIMOD:1;PP=Protein N-term;MT=Variable	NT=Dithiothreitol (DTT);AC=PRIDE:0000608	not available	NT=HCD;AC=MS:1000422	27 NCE	NT=orbitrap;AC=MS:1000484	300m/z-1700m/z	200m/z-2000m/z	not available	20 ppm	not applicable	1	1	2014-12-05	20141202_QEp8_KiSh_SA_Cerebellum_P05_Singleshot1.raw	v1.1.0	NT=ms-proteomics;VV=v1.1.0	NT=vertebrates;VV=v1.1.0	NT=sdrf-skills;VV=v0.2.0	cerebellum	not applicable	5 day
PXD001250-Sample-44	Mus musculus	cerebellum	central nervous system	not applicable	normal	neonate	not available	not available	tissue	study sample	not available	5 day	not applicable	no depletion	2	run 214	proteomic profiling by mass spectrometry	NT=Data-dependent acquisition;AC=PRIDE:0000627	NT=Q Exactive HF;AC=MS:1002523	AC=MS:1002038;NT=label free sample	NT=Trypsin;AC=MS:1001251	NT=Lys-C;AC=MS:1001309	NT=Carbamidomethyl;AC=UNIMOD:4;TA=C;MT=Fixed	NT=Oxidation;AC=UNIMOD:35;TA=M;MT=Variable	NT=Acetyl;AC=UNIMOD:1;PP=Protein N-term;MT=Variable	NT=Dithiothreitol (DTT);AC=PRIDE:0000608	not available	NT=HCD;AC=MS:1000422	27 NCE	NT=orbitrap;AC=MS:1000484	300m/z-1700m/z	200m/z-2000m/z	not available	20 ppm	not applicable	1	1	2014-12-04	20141202_QEp8_KiSh_SA_Cerebellum_P05_Singleshot2.raw	v1.1.0	NT=ms-proteomics;VV=v1.1.0	NT=vertebrates;VV=v1.1.0	NT=sdrf-skills;VV=v0.2.0	cerebellum	not applicable	5 day
PXD001250-Sample-45	Mus musculus	cerebellum	central nervous system	not applicable	normal	neonate	not available	not available	tissue	study sample	not available	5 day	not applicable	no depletion	3	run 215	proteomic profiling by mass spectrometry	NT=Data-dependent acquisition;AC=PRIDE:0000627	NT=Q Exactive HF;AC=MS:1002523	AC=MS:1002038;NT=label free sample	NT=Trypsin;AC=MS:1001251	NT=Lys-C;AC=MS:1001309	NT=Carbamidomethyl;AC=UNIMOD:4;TA=C;MT=Fixed	NT=Oxidation;AC=UNIMOD:35;TA=M;MT=Variable	NT=Acetyl;AC=UNIMOD:1;PP=Protein N-term;MT=Variable	NT=Dithiothreitol (DTT);AC=PRIDE:0000608	not available	NT=HCD;AC=MS:1000422	27 NCE	NT=orbitrap;AC=MS:1000484	300m/z-1700m/z	200m/z-2000m/z	not available	20 ppm	not applicable	1	1	2014-12-05	20141202_QEp8_KiSh_SA_Cerebellum_P05_Singleshot3.raw	v1.1.0	NT=ms-proteomics;VV=v1.1.0	NT=vertebrates;VV=v1.1.0	NT=sdrf-skills;VV=v0.2.0	cerebellum	not applicable	5 day
PXD001250-Sample-46	Mus musculus	cerebellum	central nervous system	not applicable	normal	neonate	not available	not available	tissue	study sample	not available	5 day	not applicable	no depletion	4	run 216	proteomic profiling by mass spectrometry	NT=Data-dependent acquisition;AC=PRIDE:0000627	NT=Q Exactive HF;AC=MS:1002523	AC=MS:1002038;NT=label free sample	NT=Trypsin;AC=MS:1001251	NT=Lys-C;AC=MS:1001309	NT=Carbamidomethyl;AC=UNIMOD:4;TA=C;MT=Fixed	NT=Oxidation;AC=UNIMOD:35;TA=M;MT=Variable	NT=Acetyl;AC=UNIMOD:1;PP=Protein N-term;MT=Variable	NT=Dithiothreitol (DTT);AC=PRIDE:0000608	not available	NT=HCD;AC=MS:1000422	27 NCE	NT=orbitrap;AC=MS:1000484	300m/z-1700m/z	200m/z-2000m/z	not available	20 ppm	not applicable	1	1	2014-12-05	20141202_QEp8_KiSh_SA_Cerebellum_P05_Singleshot4.raw	v1.1.0	NT=ms-proteomics;VV=v1.1.0	NT=vertebrates;VV=v1.1.0	NT=sdrf-skills;VV=v0.2.0	cerebellum	not applicable	5 day
PXD001250-Sample-47	Mus musculus	cerebellum	central nervous system	not applicable	normal	postnatal	not available	not available	tissue	study sample	not available	14 day	not applicable	no depletion	1	run 217	proteomic profiling by mass spectrometry	NT=Data-dependent acquisition;AC=PRIDE:0000627	NT=Q Exactive HF;AC=MS:1002523	AC=MS:1002038;NT=label free sample	NT=Trypsin;AC=MS:1001251	NT=Lys-C;AC=MS:1001309	NT=Carbamidomethyl;AC=UNIMOD:4;TA=C;MT=Fixed	NT=Oxidation;AC=UNIMOD:35;TA=M;MT=Variable	NT=Acetyl;AC=UNIMOD:1;PP=Protein N-term;MT=Variable	NT=Dithiothreitol (DTT);AC=PRIDE:0000608	not available	NT=HCD;AC=MS:1000422	27 NCE	NT=orbitrap;AC=MS:1000484	300m/z-1700m/z	200m/z-2000m/z	not available	20 ppm	not applicable	1	1	2014-12-03	20141202_QEp8_KiSh_SA_Cerebellum_P14_Singleshot1.raw	v1.1.0	NT=ms-proteomics;VV=v1.1.0	NT=vertebrates;VV=v1.1.0	NT=sdrf-skills;VV=v0.2.0	cerebellum	not applicable	14 day
PXD001250-Sample-48	Mus musculus	cerebellum	central nervous system	not applicable	normal	postnatal	not available	not available	tissue	study sample	not available	14 day	not applicable	no depletion	2	run 218	proteomic profiling by mass spectrometry	NT=Data-dependent acquisition;AC=PRIDE:0000627	NT=Q Exactive HF;AC=MS:1002523	AC=MS:1002038;NT=label free sample	NT=Trypsin;AC=MS:1001251	NT=Lys-C;AC=MS:1001309	NT=Carbamidomethyl;AC=UNIMOD:4;TA=C;MT=Fixed	NT=Oxidation;AC=UNIMOD:35;TA=M;MT=Variable	NT=Acetyl;AC=UNIMOD:1;PP=Protein N-term;MT=Variable	NT=Dithiothreitol (DTT);AC=PRIDE:0000608	not available	NT=HCD;AC=MS:1000422	27 NCE	NT=orbitrap;AC=MS:1000484	300m/z-1700m/z	200m/z-2000m/z	not available	20 ppm	not applicable	1	1	2014-12-04	20141202_QEp8_KiSh_SA_Cerebellum_P14_Singleshot2.raw	v1.1.0	NT=ms-proteomics;VV=v1.1.0	NT=vertebrates;VV=v1.1.0	NT=sdrf-skills;VV=v0.2.0	cerebellum	not applicable	14 day
PXD001250-Sample-49	Mus musculus	cerebellum	central nervous system	not applicable	normal	postnatal	not available	not available	tissue	study sample	not available	14 day	not applicable	no depletion	3	run 219	proteomic profiling by mass spectrometry	NT=Data-dependent acquisition;AC=PRIDE:0000627	NT=Q Exactive HF;AC=MS:1002523	AC=MS:1002038;NT=label free sample	NT=Trypsin;AC=MS:1001251	NT=Lys-C;AC=MS:1001309	NT=Carbamidomethyl;AC=UNIMOD:4;TA=C;MT=Fixed	NT=Oxidation;AC=UNIMOD:35;TA=M;MT=Variable	NT=Acetyl;AC=UNIMOD:1;PP=Protein N-term;MT=Variable	NT=Dithiothreitol (DTT);AC=PRIDE:0000608	not available	NT=HCD;AC=MS:1000422	27 NCE	NT=orbitrap;AC=MS:1000484	300m/z-1700m/z	200m/z-2000m/z	not available	20 ppm	not applicable	1	1	2014-12-04	20141202_QEp8_KiSh_SA_Cerebellum_P14_Singleshot3.raw	v1.1.0	NT=ms-proteomics;VV=v1.1.0	NT=vertebrates;VV=v1.1.0	NT=sdrf-skills;VV=v0.2.0	cerebellum	not applicable	14 day
PXD001250-Sample-50	Mus musculus	cerebellum	central nervous system	not applicable	normal	postnatal	not available	not available	tissue	study sample	not available	14 day	not applicable	no depletion	4	run 220	proteomic profiling by mass spectrometry	NT=Data-dependent acquisition;AC=PRIDE:0000627	NT=Q Exactive HF;AC=MS:1002523	AC=MS:1002038;NT=label free sample	NT=Trypsin;AC=MS:1001251	NT=Lys-C;AC=MS:1001309	NT=Carbamidomethyl;AC=UNIMOD:4;TA=C;MT=Fixed	NT=Oxidation;AC=UNIMOD:35;TA=M;MT=Variable	NT=Acetyl;AC=UNIMOD:1;PP=Protein N-term;MT=Variable	NT=Dithiothreitol (DTT);AC=PRIDE:0000608	not available	NT=HCD;AC=MS:1000422	27 NCE	NT=orbitrap;AC=MS:1000484	300m/z-1700m/z	200m/z-2000m/z	not available	20 ppm	not applicable	1	1	2014-12-04	20141202_QEp8_KiSh_SA_Cerebellum_P14_Singleshot4.raw	v1.1.0	NT=ms-proteomics;VV=v1.1.0	NT=vertebrates;VV=v1.1.0	NT=sdrf-skills;VV=v0.2.0	cerebellum	not applicable	14 day
PXD001250-Sample-51	Mus musculus	cerebellum	central nervous system	not applicable	normal	postnatal	not available	not available	tissue	study sample	not available	24 day	not applicable	no depletion	1	run 221	proteomic profiling by mass spectrometry	NT=Data-dependent acquisition;AC=PRIDE:0000627	NT=Q Exactive HF;AC=MS:1002523	AC=MS:1002038;NT=label free sample	NT=Trypsin;AC=MS:1001251	NT=Lys-C;AC=MS:1001309	NT=Carbamidomethyl;AC=UNIMOD:4;TA=C;MT=Fixed	NT=Oxidation;AC=UNIMOD:35;TA=M;MT=Variable	NT=Acetyl;AC=UNIMOD:1;PP=Protein N-term;MT=Variable	NT=Dithiothreitol (DTT);AC=PRIDE:0000608	not available	NT=HCD;AC=MS:1000422	27 NCE	NT=orbitrap;AC=MS:1000484	300m/z-1700m/z	200m/z-2000m/z	not available	20 ppm	not applicable	1	1	2014-12-02	20141202_QEp8_KiSh_SA_Cerebellum_P24_Singleshot1.raw	v1.1.0	NT=ms-proteomics;VV=v1.1.0	NT=vertebrates;VV=v1.1.0	NT=sdrf-skills;VV=v0.2.0	cerebellum	not applicable	24 day
PXD001250-Sample-52	Mus musculus	cerebellum	central nervous system	not applicable	normal	postnatal	not available	not available	tissue	study sample	not available	24 day	not applicable	no depletion	2	run 222	proteomic profiling by mass spectrometry	NT=Data-dependent acquisition;AC=PRIDE:0000627	NT=Q Exactive HF;AC=MS:1002523	AC=MS:1002038;NT=label free sample	NT=Trypsin;AC=MS:1001251	NT=Lys-C;AC=MS:1001309	NT=Carbamidomethyl;AC=UNIMOD:4;TA=C;MT=Fixed	NT=Oxidation;AC=UNIMOD:35;TA=M;MT=Variable	NT=Acetyl;AC=UNIMOD:1;PP=Protein N-term;MT=Variable	NT=Dithiothreitol (DTT);AC=PRIDE:0000608	not available	NT=HCD;AC=MS:1000422	27 NCE	NT=orbitrap;AC=MS:1000484	300m/z-1700m/z	200m/z-2000m/z	not available	20 ppm	not applicable	1	1	2014-12-03	20141202_QEp8_KiSh_SA_Cerebellum_P24_Singleshot2.raw	v1.1.0	NT=ms-proteomics;VV=v1.1.0	NT=vertebrates;VV=v1.1.0	NT=sdrf-skills;VV=v0.2.0	cerebellum	not applicable	24 day
PXD001250-Sample-53	Mus musculus	cerebellum	central nervous system	not applicable	normal	postnatal	not available	not available	tissue	study sample	not available	24 day	not applicable	no depletion	3	run 223	proteomic profiling by mass spectrometry	NT=Data-dependent acquisition;AC=PRIDE:0000627	NT=Q Exactive HF;AC=MS:1002523	AC=MS:1002038;NT=label free sample	NT=Trypsin;AC=MS:1001251	NT=Lys-C;AC=MS:1001309	NT=Carbamidomethyl;AC=UNIMOD:4;TA=C;MT=Fixed	NT=Oxidation;AC=UNIMOD:35;TA=M;MT=Variable	NT=Acetyl;AC=UNIMOD:1;PP=Protein N-term;MT=Variable	NT=Dithiothreitol (DTT);AC=PRIDE:0000608	not available	NT=HCD;AC=MS:1000422	27 NCE	NT=orbitrap;AC=MS:1000484	300m/z-1700m/z	200m/z-2000m/z	not available	20 ppm	not applicable	1	1	2014-12-03	20141202_QEp8_KiSh_SA_Cerebellum_P24_Singleshot3.raw	v1.1.0	NT=ms-proteomics;VV=v1.1.0	NT=vertebrates;VV=v1.1.0	NT=sdrf-skills;VV=v0.2.0	cerebellum	not applicable	24 day
PXD001250-Sample-54	Mus musculus	cerebellum	central nervous system	not applicable	normal	postnatal	not available	not available	tissue	study sample	not available	24 day	not applicable	no depletion	4	run 224	proteomic profiling by mass spectrometry	NT=Data-dependent acquisition;AC=PRIDE:0000627	NT=Q Exactive HF;AC=MS:1002523	AC=MS:1002038;NT=label free sample	NT=Trypsin;AC=MS:1001251	NT=Lys-C;AC=MS:1001309	NT=Carbamidomethyl;AC=UNIMOD:4;TA=C;MT=Fixed	NT=Oxidation;AC=UNIMOD:35;TA=M;MT=Variable	NT=Acetyl;AC=UNIMOD:1;PP=Protein N-term;MT=Variable	NT=Dithiothreitol (DTT);AC=PRIDE:0000608	not available	NT=HCD;AC=MS:1000422	27 NCE	NT=orbitrap;AC=MS:1000484	300m/z-1700m/z	200m/z-2000m/z	not available	20 ppm	not applicable	1	1	2014-12-03	20141202_QEp8_KiSh_SA_Cerebellum_P24_Singleshot4.raw	v1.1.0	NT=ms-proteomics;VV=v1.1.0	NT=vertebrates;VV=v1.1.0	NT=sdrf-skills;VV=v0.2.0	cerebellum	not applicable	24 day
PXD001250-Sample-55	Mus musculus	primary motor cortex	central nervous system	not applicable	normal	adult	C57BL/6	male	tissue	study sample	not available	not applicable	not applicable	no depletion	1	run 225	proteomic profiling by mass spectrometry	NT=Data-dependent acquisition;AC=PRIDE:0000627	NT=Q Exactive HF;AC=MS:1002523	AC=MS:1002038;NT=label free sample	NT=Trypsin;AC=MS:1001251	NT=Lys-C;AC=MS:1001309	NT=Carbamidomethyl;AC=UNIMOD:4;TA=C;MT=Fixed	NT=Oxidation;AC=UNIMOD:35;TA=M;MT=Variable	NT=Acetyl;AC=UNIMOD:1;PP=Protein N-term;MT=Variable	NT=Dithiothreitol (DTT);AC=PRIDE:0000608	not available	NT=HCD;AC=MS:1000422	27 NCE	NT=orbitrap;AC=MS:1000484	300m/z-1700m/z	200m/z-2000m/z	not available	20 ppm	not applicable	1	1	2015-04-19	20150403_Qep7_KiSh_SA_Neuro_MotorCortex_1.raw	v1.1.0	NT=ms-proteomics;VV=v1.1.0	NT=vertebrates;VV=v1.1.0	NT=sdrf-skills;VV=v0.2.0	primary motor cortex	not applicable	not applicable
PXD001250-Sample-56	Mus musculus	primary motor cortex	central nervous system	not applicable	normal	adult	C57BL/6	male	tissue	study sample	not available	not applicable	not applicable	no depletion	2	run 226	proteomic profiling by mass spectrometry	NT=Data-dependent acquisition;AC=PRIDE:0000627	NT=Q Exactive HF;AC=MS:1002523	AC=MS:1002038;NT=label free sample	NT=Trypsin;AC=MS:1001251	NT=Lys-C;AC=MS:1001309	NT=Carbamidomethyl;AC=UNIMOD:4;TA=C;MT=Fixed	NT=Oxidation;AC=UNIMOD:35;TA=M;MT=Variable	NT=Acetyl;AC=UNIMOD:1;PP=Protein N-term;MT=Variable	NT=Dithiothreitol (DTT);AC=PRIDE:0000608	not available	NT=HCD;AC=MS:1000422	27 NCE	NT=orbitrap;AC=MS:1000484	300m/z-1700m/z	200m/z-2000m/z	not available	20 ppm	not applicable	1	1	2015-04-23	20150403_Qep7_KiSh_SA_Neuro_MotorCortex_2C.raw	v1.1.0	NT=ms-proteomics;VV=v1.1.0	NT=vertebrates;VV=v1.1.0	NT=sdrf-skills;VV=v0.2.0	primary motor cortex	not applicable	not applicable
PXD001250-Sample-57	Mus musculus	primary motor cortex	central nervous system	not applicable	normal	adult	C57BL/6	male	tissue	study sample	not available	not applicable	not applicable	no depletion	3	run 227	proteomic profiling by mass spectrometry	NT=Data-dependent acquisition;AC=PRIDE:0000627	NT=Q Exactive HF;AC=MS:1002523	AC=MS:1002038;NT=label free sample	NT=Trypsin;AC=MS:1001251	NT=Lys-C;AC=MS:1001309	NT=Carbamidomethyl;AC=UNIMOD:4;TA=C;MT=Fixed	NT=Oxidation;AC=UNIMOD:35;TA=M;MT=Variable	NT=Acetyl;AC=UNIMOD:1;PP=Protein N-term;MT=Variable	NT=Dithiothreitol (DTT);AC=PRIDE:0000608	not available	NT=HCD;AC=MS:1000422	27 NCE	NT=orbitrap;AC=MS:1000484	300m/z-1700m/z	200m/z-2000m/z	not available	20 ppm	not applicable	1	1	2015-04-18	20150403_Qep7_KiSh_SA_Neuro_MotorCortex_3.raw	v1.1.0	NT=ms-proteomics;VV=v1.1.0	NT=vertebrates;VV=v1.1.0	NT=sdrf-skills;VV=v0.2.0	primary motor cortex	not applicable	not applicable
PXD001250-Sample-58	Mus musculus	primary motor cortex	central nervous system	not applicable	normal	adult	C57BL/6	male	tissue	study sample	not available	not applicable	not applicable	no depletion	4	run 228	proteomic profiling by mass spectrometry	NT=Data-dependent acquisition;AC=PRIDE:0000627	NT=Q Exactive HF;AC=MS:1002523	AC=MS:1002038;NT=label free sample	NT=Trypsin;AC=MS:1001251	NT=Lys-C;AC=MS:1001309	NT=Carbamidomethyl;AC=UNIMOD:4;TA=C;MT=Fixed	NT=Oxidation;AC=UNIMOD:35;TA=M;MT=Variable	NT=Acetyl;AC=UNIMOD:1;PP=Protein N-term;MT=Variable	NT=Dithiothreitol (DTT);AC=PRIDE:0000608	not available	NT=HCD;AC=MS:1000422	27 NCE	NT=orbitrap;AC=MS:1000484	300m/z-1700m/z	200m/z-2000m/z	not available	20 ppm	not applicable	1	1	2015-04-20	20150403_Qep7_KiSh_SA_Neuro_MotorCortex_4.raw	v1.1.0	NT=ms-proteomics;VV=v1.1.0	NT=vertebrates;VV=v1.1.0	NT=sdrf-skills;VV=v0.2.0	primary motor cortex	not applicable	not applicable
PXD001250-Sample-59	Mus musculus	olfactory bulb	central nervous system	not applicable	normal	adult	C57BL/6	male	tissue	study sample	not available	not applicable	not applicable	no depletion	1	run 229	proteomic profiling by mass spectrometry	NT=Data-dependent acquisition;AC=PRIDE:0000627	NT=Q Exactive HF;AC=MS:1002523	AC=MS:1002038;NT=label free sample	NT=Trypsin;AC=MS:1001251	NT=Lys-C;AC=MS:1001309	NT=Carbamidomethyl;AC=UNIMOD:4;TA=C;MT=Fixed	NT=Oxidation;AC=UNIMOD:35;TA=M;MT=Variable	NT=Acetyl;AC=UNIMOD:1;PP=Protein N-term;MT=Variable	NT=Dithiothreitol (DTT);AC=PRIDE:0000608	not available	NT=HCD;AC=MS:1000422	27 NCE	NT=orbitrap;AC=MS:1000484	300m/z-1700m/z	200m/z-2000m/z	not available	20 ppm	not applicable	1	1	2015-04-16	20150403_Qep7_KiSh_SA_Neuro_OlfactoryBulb_1.raw	v1.1.0	NT=ms-proteomics;VV=v1.1.0	NT=vertebrates;VV=v1.1.0	NT=sdrf-skills;VV=v0.2.0	olfactory bulb	not applicable	not applicable
PXD001250-Sample-60	Mus musculus	olfactory bulb	central nervous system	not applicable	normal	adult	C57BL/6	male	tissue	study sample	not available	not applicable	not applicable	no depletion	2	run 230	proteomic profiling by mass spectrometry	NT=Data-dependent acquisition;AC=PRIDE:0000627	NT=Q Exactive HF;AC=MS:1002523	AC=MS:1002038;NT=label free sample	NT=Trypsin;AC=MS:1001251	NT=Lys-C;AC=MS:1001309	NT=Carbamidomethyl;AC=UNIMOD:4;TA=C;MT=Fixed	NT=Oxidation;AC=UNIMOD:35;TA=M;MT=Variable	NT=Acetyl;AC=UNIMOD:1;PP=Protein N-term;MT=Variable	NT=Dithiothreitol (DTT);AC=PRIDE:0000608	not available	NT=HCD;AC=MS:1000422	27 NCE	NT=orbitrap;AC=MS:1000484	300m/z-1700m/z	200m/z-2000m/z	not available	20 ppm	not applicable	1	1	2015-04-17	20150403_Qep7_KiSh_SA_Neuro_OlfactoryBulb_2.raw	v1.1.0	NT=ms-proteomics;VV=v1.1.0	NT=vertebrates;VV=v1.1.0	NT=sdrf-skills;VV=v0.2.0	olfactory bulb	not applicable	not applicable
PXD001250-Sample-61	Mus musculus	olfactory bulb	central nervous system	not applicable	normal	adult	C57BL/6	male	tissue	study sample	not available	not applicable	not applicable	no depletion	3	run 231	proteomic profiling by mass spectrometry	NT=Data-dependent acquisition;AC=PRIDE:0000627	NT=Q Exactive HF;AC=MS:1002523	AC=MS:1002038;NT=label free sample	NT=Trypsin;AC=MS:1001251	NT=Lys-C;AC=MS:1001309	NT=Carbamidomethyl;AC=UNIMOD:4;TA=C;MT=Fixed	NT=Oxidation;AC=UNIMOD:35;TA=M;MT=Variable	NT=Acetyl;AC=UNIMOD:1;PP=Protein N-term;MT=Variable	NT=Dithiothreitol (DTT);AC=PRIDE:0000608	not available	NT=HCD;AC=MS:1000422	27 NCE	NT=orbitrap;AC=MS:1000484	300m/z-1700m/z	200m/z-2000m/z	not available	20 ppm	not applicable	1	1	2015-04-17	20150403_Qep7_KiSh_SA_Neuro_OlfactoryBulb_3.raw	v1.1.0	NT=ms-proteomics;VV=v1.1.0	NT=vertebrates;VV=v1.1.0	NT=sdrf-skills;VV=v0.2.0	olfactory bulb	not applicable	not applicable
PXD001250-Sample-62	Mus musculus	olfactory bulb	central nervous system	not applicable	normal	adult	C57BL/6	male	tissue	study sample	not available	not applicable	not applicable	no depletion	4	run 232	proteomic profiling by mass spectrometry	NT=Data-dependent acquisition;AC=PRIDE:0000627	NT=Q Exactive HF;AC=MS:1002523	AC=MS:1002038;NT=label free sample	NT=Trypsin;AC=MS:1001251	NT=Lys-C;AC=MS:1001309	NT=Carbamidomethyl;AC=UNIMOD:4;TA=C;MT=Fixed	NT=Oxidation;AC=UNIMOD:35;TA=M;MT=Variable	NT=Acetyl;AC=UNIMOD:1;PP=Protein N-term;MT=Variable	NT=Dithiothreitol (DTT);AC=PRIDE:0000608	not available	NT=HCD;AC=MS:1000422	27 NCE	NT=orbitrap;AC=MS:1000484	300m/z-1700m/z	200m/z-2000m/z	not available	20 ppm	not applicable	1	1	2015-04-17	20150403_Qep7_KiSh_SA_Neuro_OlfactoryBulb_4.raw	v1.1.0	NT=ms-proteomics;VV=v1.1.0	NT=vertebrates;VV=v1.1.0	NT=sdrf-skills;VV=v0.2.0	olfactory bulb	not applicable	not applicable
PXD001250-Sample-63	Mus musculus	prefrontal cortex	central nervous system	not applicable	normal	adult	C57BL/6	male	tissue	study sample	not available	not applicable	not applicable	no depletion	1	run 233	proteomic profiling by mass spectrometry	NT=Data-dependent acquisition;AC=PRIDE:0000627	NT=Q Exactive HF;AC=MS:1002523	AC=MS:1002038;NT=label free sample	NT=Trypsin;AC=MS:1001251	NT=Lys-C;AC=MS:1001309	NT=Carbamidomethyl;AC=UNIMOD:4;TA=C;MT=Fixed	NT=Oxidation;AC=UNIMOD:35;TA=M;MT=Variable	NT=Acetyl;AC=UNIMOD:1;PP=Protein N-term;MT=Variable	NT=Dithiothreitol (DTT);AC=PRIDE:0000608	not available	NT=HCD;AC=MS:1000422	27 NCE	NT=orbitrap;AC=MS:1000484	300m/z-1700m/z	200m/z-2000m/z	not available	20 ppm	not applicable	1	1	2015-04-20	20150403_Qep7_KiSh_SA_Neuro_PrefrontalCortex_1.raw	v1.1.0	NT=ms-proteomics;VV=v1.1.0	NT=vertebrates;VV=v1.1.0	NT=sdrf-skills;VV=v0.2.0	prefrontal cortex	not applicable	not applicable
PXD001250-Sample-64	Mus musculus	prefrontal cortex	central nervous system	not applicable	normal	adult	C57BL/6	male	tissue	study sample	not available	not applicable	not applicable	no depletion	2	run 234	proteomic profiling by mass spectrometry	NT=Data-dependent acquisition;AC=PRIDE:0000627	NT=Q Exactive HF;AC=MS:1002523	AC=MS:1002038;NT=label free sample	NT=Trypsin;AC=MS:1001251	NT=Lys-C;AC=MS:1001309	NT=Carbamidomethyl;AC=UNIMOD:4;TA=C;MT=Fixed	NT=Oxidation;AC=UNIMOD:35;TA=M;MT=Variable	NT=Acetyl;AC=UNIMOD:1;PP=Protein N-term;MT=Variable	NT=Dithiothreitol (DTT);AC=PRIDE:0000608	not available	NT=HCD;AC=MS:1000422	27 NCE	NT=orbitrap;AC=MS:1000484	300m/z-1700m/z	200m/z-2000m/z	not available	20 ppm	not applicable	1	1	2015-04-22	20150403_Qep7_KiSh_SA_Neuro_PrefrontalCortex_2.raw	v1.1.0	NT=ms-proteomics;VV=v1.1.0	NT=vertebrates;VV=v1.1.0	NT=sdrf-skills;VV=v0.2.0	prefrontal cortex	not applicable	not applicable
PXD001250-Sample-65	Mus musculus	prefrontal cortex	central nervous system	not applicable	normal	adult	C57BL/6	male	tissue	study sample	not available	not applicable	not applicable	no depletion	3	run 235	proteomic profiling by mass spectrometry	NT=Data-dependent acquisition;AC=PRIDE:0000627	NT=Q Exactive HF;AC=MS:1002523	AC=MS:1002038;NT=label free sample	NT=Trypsin;AC=MS:1001251	NT=Lys-C;AC=MS:1001309	NT=Carbamidomethyl;AC=UNIMOD:4;TA=C;MT=Fixed	NT=Oxidation;AC=UNIMOD:35;TA=M;MT=Variable	NT=Acetyl;AC=UNIMOD:1;PP=Protein N-term;MT=Variable	NT=Dithiothreitol (DTT);AC=PRIDE:0000608	not available	NT=HCD;AC=MS:1000422	27 NCE	NT=orbitrap;AC=MS:1000484	300m/z-1700m/z	200m/z-2000m/z	not available	20 ppm	not applicable	1	1	2015-04-22	20150403_Qep7_KiSh_SA_Neuro_PrefrontalCortex_3.raw	v1.1.0	NT=ms-proteomics;VV=v1.1.0	NT=vertebrates;VV=v1.1.0	NT=sdrf-skills;VV=v0.2.0	prefrontal cortex	not applicable	not applicable
PXD001250-Sample-66	Mus musculus	prefrontal cortex	central nervous system	not applicable	normal	adult	C57BL/6	male	tissue	study sample	not available	not applicable	not applicable	no depletion	4	run 236	proteomic profiling by mass spectrometry	NT=Data-dependent acquisition;AC=PRIDE:0000627	NT=Q Exactive HF;AC=MS:1002523	AC=MS:1002038;NT=label free sample	NT=Trypsin;AC=MS:1001251	NT=Lys-C;AC=MS:1001309	NT=Carbamidomethyl;AC=UNIMOD:4;TA=C;MT=Fixed	NT=Oxidation;AC=UNIMOD:35;TA=M;MT=Variable	NT=Acetyl;AC=UNIMOD:1;PP=Protein N-term;MT=Variable	NT=Dithiothreitol (DTT);AC=PRIDE:0000608	not available	NT=HCD;AC=MS:1000422	27 NCE	NT=orbitrap;AC=MS:1000484	300m/z-1700m/z	200m/z-2000m/z	not available	20 ppm	not applicable	1	1	2015-04-22	20150403_Qep7_KiSh_SA_Neuro_PrefrontalCortex_4.raw	v1.1.0	NT=ms-proteomics;VV=v1.1.0	NT=vertebrates;VV=v1.1.0	NT=sdrf-skills;VV=v0.2.0	prefrontal cortex	not applicable	not applicable
PXD001250-Sample-67	Mus musculus	striatum	central nervous system	not applicable	normal	adult	C57BL/6	male	tissue	study sample	not available	not applicable	not applicable	no depletion	1	run 237	proteomic profiling by mass spectrometry	NT=Data-dependent acquisition;AC=PRIDE:0000627	NT=Q Exactive HF;AC=MS:1002523	AC=MS:1002038;NT=label free sample	NT=Trypsin;AC=MS:1001251	NT=Lys-C;AC=MS:1001309	NT=Carbamidomethyl;AC=UNIMOD:4;TA=C;MT=Fixed	NT=Oxidation;AC=UNIMOD:35;TA=M;MT=Variable	NT=Acetyl;AC=UNIMOD:1;PP=Protein N-term;MT=Variable	NT=Dithiothreitol (DTT);AC=PRIDE:0000608	not available	NT=HCD;AC=MS:1000422	27 NCE	NT=orbitrap;AC=MS:1000484	300m/z-1700m/z	200m/z-2000m/z	not available	20 ppm	not applicable	1	1	2015-04-14	20150403_Qep7_KiSh_SA_Neuro_Striatum_1A.raw	v1.1.0	NT=ms-proteomics;VV=v1.1.0	NT=vertebrates;VV=v1.1.0	NT=sdrf-skills;VV=v0.2.0	striatum	not applicable	not applicable
PXD001250-Sample-68	Mus musculus	striatum	central nervous system	not applicable	normal	adult	C57BL/6	male	tissue	study sample	not available	not applicable	not applicable	no depletion	2	run 238	proteomic profiling by mass spectrometry	NT=Data-dependent acquisition;AC=PRIDE:0000627	NT=Q Exactive HF;AC=MS:1002523	AC=MS:1002038;NT=label free sample	NT=Trypsin;AC=MS:1001251	NT=Lys-C;AC=MS:1001309	NT=Carbamidomethyl;AC=UNIMOD:4;TA=C;MT=Fixed	NT=Oxidation;AC=UNIMOD:35;TA=M;MT=Variable	NT=Acetyl;AC=UNIMOD:1;PP=Protein N-term;MT=Variable	NT=Dithiothreitol (DTT);AC=PRIDE:0000608	not available	NT=HCD;AC=MS:1000422	27 NCE	NT=orbitrap;AC=MS:1000484	300m/z-1700m/z	200m/z-2000m/z	not available	20 ppm	not applicable	1	1	2015-04-13	20150403_Qep7_KiSh_SA_Neuro_Striatum_2.raw	v1.1.0	NT=ms-proteomics;VV=v1.1.0	NT=vertebrates;VV=v1.1.0	NT=sdrf-skills;VV=v0.2.0	striatum	not applicable	not applicable
PXD001250-Sample-69	Mus musculus	striatum	central nervous system	not applicable	normal	adult	C57BL/6	male	tissue	study sample	not available	not applicable	not applicable	no depletion	3	run 239	proteomic profiling by mass spectrometry	NT=Data-dependent acquisition;AC=PRIDE:0000627	NT=Q Exactive HF;AC=MS:1002523	AC=MS:1002038;NT=label free sample	NT=Trypsin;AC=MS:1001251	NT=Lys-C;AC=MS:1001309	NT=Carbamidomethyl;AC=UNIMOD:4;TA=C;MT=Fixed	NT=Oxidation;AC=UNIMOD:35;TA=M;MT=Variable	NT=Acetyl;AC=UNIMOD:1;PP=Protein N-term;MT=Variable	NT=Dithiothreitol (DTT);AC=PRIDE:0000608	not available	NT=HCD;AC=MS:1000422	27 NCE	NT=orbitrap;AC=MS:1000484	300m/z-1700m/z	200m/z-2000m/z	not available	20 ppm	not applicable	1	1	2015-04-14	20150403_Qep7_KiSh_SA_Neuro_Striatum_3.raw	v1.1.0	NT=ms-proteomics;VV=v1.1.0	NT=vertebrates;VV=v1.1.0	NT=sdrf-skills;VV=v0.2.0	striatum	not applicable	not applicable
PXD001250-Sample-70	Mus musculus	striatum	central nervous system	not applicable	normal	adult	C57BL/6	male	tissue	study sample	not available	not applicable	not applicable	no depletion	4	run 240	proteomic profiling by mass spectrometry	NT=Data-dependent acquisition;AC=PRIDE:0000627	NT=Q Exactive HF;AC=MS:1002523	AC=MS:1002038;NT=label free sample	NT=Trypsin;AC=MS:1001251	NT=Lys-C;AC=MS:1001309	NT=Carbamidomethyl;AC=UNIMOD:4;TA=C;MT=Fixed	NT=Oxidation;AC=UNIMOD:35;TA=M;MT=Variable	NT=Acetyl;AC=UNIMOD:1;PP=Protein N-term;MT=Variable	NT=Dithiothreitol (DTT);AC=PRIDE:0000608	not available	NT=HCD;AC=MS:1000422	27 NCE	NT=orbitrap;AC=MS:1000484	300m/z-1700m/z	200m/z-2000m/z	not available	20 ppm	not applicable	1	1	2015-04-14	20150403_Qep7_KiSh_SA_Neuro_Striatum_4.raw	v1.1.0	NT=ms-proteomics;VV=v1.1.0	NT=vertebrates;VV=v1.1.0	NT=sdrf-skills;VV=v0.2.0	striatum	not applicable	not applicable
PXD001250-Sample-71	Mus musculus	hippocampal formation	central nervous system	not applicable	normal	adult	C57BL/6	male	tissue	study sample	not available	not applicable	not applicable	no depletion	1	run 241	proteomic profiling by mass spectrometry	NT=Data-dependent acquisition;AC=PRIDE:0000627	NT=Q Exactive HF;AC=MS:1002523	AC=MS:1002038;NT=label free sample	NT=Trypsin;AC=MS:1001251	NT=Lys-C;AC=MS:1001309	NT=Carbamidomethyl;AC=UNIMOD:4;TA=C;MT=Fixed	NT=Oxidation;AC=UNIMOD:35;TA=M;MT=Variable	NT=Acetyl;AC=UNIMOD:1;PP=Protein N-term;MT=Variable	NT=Dithiothreitol (DTT);AC=PRIDE:0000608	not available	NT=HCD;AC=MS:1000422	27 NCE	NT=orbitrap;AC=MS:1000484	300m/z-1700m/z	200m/z-2000m/z	not available	20 ppm	not applicable	1	1	2015-04-15	20150403_Qep7_KiSh_SA_Neuro_VenHippocampus_1.raw	v1.1.0	NT=ms-proteomics;VV=v1.1.0	NT=vertebrates;VV=v1.1.0	NT=sdrf-skills;VV=v0.2.0	hippocampal formation	not applicable	not applicable
PXD001250-Sample-72	Mus musculus	hippocampal formation	central nervous system	not applicable	normal	adult	C57BL/6	male	tissue	study sample	not available	not applicable	not applicable	no depletion	2	run 242	proteomic profiling by mass spectrometry	NT=Data-dependent acquisition;AC=PRIDE:0000627	NT=Q Exactive HF;AC=MS:1002523	AC=MS:1002038;NT=label free sample	NT=Trypsin;AC=MS:1001251	NT=Lys-C;AC=MS:1001309	NT=Carbamidomethyl;AC=UNIMOD:4;TA=C;MT=Fixed	NT=Oxidation;AC=UNIMOD:35;TA=M;MT=Variable	NT=Acetyl;AC=UNIMOD:1;PP=Protein N-term;MT=Variable	NT=Dithiothreitol (DTT);AC=PRIDE:0000608	not available	NT=HCD;AC=MS:1000422	27 NCE	NT=orbitrap;AC=MS:1000484	300m/z-1700m/z	200m/z-2000m/z	not available	20 ppm	not applicable	1	1	2015-04-23	20150403_Qep7_KiSh_SA_Neuro_VenHippocampus_2A.raw	v1.1.0	NT=ms-proteomics;VV=v1.1.0	NT=vertebrates;VV=v1.1.0	NT=sdrf-skills;VV=v0.2.0	hippocampal formation	not applicable	not applicable
PXD001250-Sample-73	Mus musculus	hippocampal formation	central nervous system	not applicable	normal	adult	C57BL/6	male	tissue	study sample	not available	not applicable	not applicable	no depletion	3	run 243	proteomic profiling by mass spectrometry	NT=Data-dependent acquisition;AC=PRIDE:0000627	NT=Q Exactive HF;AC=MS:1002523	AC=MS:1002038;NT=label free sample	NT=Trypsin;AC=MS:1001251	NT=Lys-C;AC=MS:1001309	NT=Carbamidomethyl;AC=UNIMOD:4;TA=C;MT=Fixed	NT=Oxidation;AC=UNIMOD:35;TA=M;MT=Variable	NT=Acetyl;AC=UNIMOD:1;PP=Protein N-term;MT=Variable	NT=Dithiothreitol (DTT);AC=PRIDE:0000608	not available	NT=HCD;AC=MS:1000422	27 NCE	NT=orbitrap;AC=MS:1000484	300m/z-1700m/z	200m/z-2000m/z	not available	20 ppm	not applicable	1	1	2015-04-16	20150403_Qep7_KiSh_SA_Neuro_VenHippocampus_3.raw	v1.1.0	NT=ms-proteomics;VV=v1.1.0	NT=vertebrates;VV=v1.1.0	NT=sdrf-skills;VV=v0.2.0	hippocampal formation	not applicable	not applicable
PXD001250-Sample-74	Mus musculus	hippocampal formation	central nervous system	not applicable	normal	adult	C57BL/6	male	tissue	study sample	not available	not applicable	not applicable	no depletion	4	run 244	proteomic profiling by mass spectrometry	NT=Data-dependent acquisition;AC=PRIDE:0000627	NT=Q Exactive HF;AC=MS:1002523	AC=MS:1002038;NT=label free sample	NT=Trypsin;AC=MS:1001251	NT=Lys-C;AC=MS:1001309	NT=Carbamidomethyl;AC=UNIMOD:4;TA=C;MT=Fixed	NT=Oxidation;AC=UNIMOD:35;TA=M;MT=Variable	NT=Acetyl;AC=UNIMOD:1;PP=Protein N-term;MT=Variable	NT=Dithiothreitol (DTT);AC=PRIDE:0000608	not available	NT=HCD;AC=MS:1000422	27 NCE	NT=orbitrap;AC=MS:1000484	300m/z-1700m/z	200m/z-2000m/z	not available	20 ppm	not applicable	1	1	2015-04-16	20150403_Qep7_KiSh_SA_Neuro_VenHippocampus_4.raw	v1.1.0	NT=ms-proteomics;VV=v1.1.0	NT=vertebrates;VV=v1.1.0	NT=sdrf-skills;VV=v0.2.0	hippocampal formation	not applicable	not applicable
PXD001250-Sample-75	Mus musculus	brainstem	central nervous system	not applicable	normal	adult	C57BL/6	male	tissue	study sample	not available	not applicable	not applicable	no depletion	1	run 245	proteomic profiling by mass spectrometry	NT=Data-dependent acquisition;AC=PRIDE:0000627	NT=Q Exactive HF;AC=MS:1002523	AC=MS:1002038;NT=label free sample	NT=Trypsin;AC=MS:1001251	NT=Lys-C;AC=MS:1001309	NT=Carbamidomethyl;AC=UNIMOD:4;TA=C;MT=Fixed	NT=Oxidation;AC=UNIMOD:35;TA=M;MT=Variable	NT=Acetyl;AC=UNIMOD:1;PP=Protein N-term;MT=Variable	NT=Dithiothreitol (DTT);AC=PRIDE:0000608	not available	NT=HCD;AC=MS:1000422	27 NCE	NT=orbitrap;AC=MS:1000484	300m/z-1700m/z	200m/z-2000m/z	not available	20 ppm	not applicable	1	1	2015-04-09	20150409_Qep7_KiSh_SA_Neuro_BrainStem_1A.raw	v1.1.0	NT=ms-proteomics;VV=v1.1.0	NT=vertebrates;VV=v1.1.0	NT=sdrf-skills;VV=v0.2.0	brainstem	not applicable	not applicable
PXD001250-Sample-76	Mus musculus	brainstem	central nervous system	not applicable	normal	adult	C57BL/6	male	tissue	study sample	not available	not applicable	not applicable	no depletion	2	run 246	proteomic profiling by mass spectrometry	NT=Data-dependent acquisition;AC=PRIDE:0000627	NT=Q Exactive HF;AC=MS:1002523	AC=MS:1002038;NT=label free sample	NT=Trypsin;AC=MS:1001251	NT=Lys-C;AC=MS:1001309	NT=Carbamidomethyl;AC=UNIMOD:4;TA=C;MT=Fixed	NT=Oxidation;AC=UNIMOD:35;TA=M;MT=Variable	NT=Acetyl;AC=UNIMOD:1;PP=Protein N-term;MT=Variable	NT=Dithiothreitol (DTT);AC=PRIDE:0000608	not available	NT=HCD;AC=MS:1000422	27 NCE	NT=orbitrap;AC=MS:1000484	300m/z-1700m/z	200m/z-2000m/z	not available	20 ppm	not applicable	1	1	2015-04-09	20150409_Qep7_KiSh_SA_Neuro_BrainStem_2A.raw	v1.1.0	NT=ms-proteomics;VV=v1.1.0	NT=vertebrates;VV=v1.1.0	NT=sdrf-skills;VV=v0.2.0	brainstem	not applicable	not applicable
PXD001250-Sample-77	Mus musculus	brainstem	central nervous system	not applicable	normal	adult	C57BL/6	male	tissue	study sample	not available	not applicable	not applicable	no depletion	3	run 247	proteomic profiling by mass spectrometry	NT=Data-dependent acquisition;AC=PRIDE:0000627	NT=Q Exactive HF;AC=MS:1002523	AC=MS:1002038;NT=label free sample	NT=Trypsin;AC=MS:1001251	NT=Lys-C;AC=MS:1001309	NT=Carbamidomethyl;AC=UNIMOD:4;TA=C;MT=Fixed	NT=Oxidation;AC=UNIMOD:35;TA=M;MT=Variable	NT=Acetyl;AC=UNIMOD:1;PP=Protein N-term;MT=Variable	NT=Dithiothreitol (DTT);AC=PRIDE:0000608	not available	NT=HCD;AC=MS:1000422	27 NCE	NT=orbitrap;AC=MS:1000484	300m/z-1700m/z	200m/z-2000m/z	not available	20 ppm	not applicable	1	1	2015-04-10	20150409_Qep7_KiSh_SA_Neuro_BrainStem_3A.raw	v1.1.0	NT=ms-proteomics;VV=v1.1.0	NT=vertebrates;VV=v1.1.0	NT=sdrf-skills;VV=v0.2.0	brainstem	not applicable	not applicable
PXD001250-Sample-78	Mus musculus	brainstem	central nervous system	not applicable	normal	adult	C57BL/6	male	tissue	study sample	not available	not applicable	not applicable	no depletion	4	run 248	proteomic profiling by mass spectrometry	NT=Data-dependent acquisition;AC=PRIDE:0000627	NT=Q Exactive HF;AC=MS:1002523	AC=MS:1002038;NT=label free sample	NT=Trypsin;AC=MS:1001251	NT=Lys-C;AC=MS:1001309	NT=Carbamidomethyl;AC=UNIMOD:4;TA=C;MT=Fixed	NT=Oxidation;AC=UNIMOD:35;TA=M;MT=Variable	NT=Acetyl;AC=UNIMOD:1;PP=Protein N-term;MT=Variable	NT=Dithiothreitol (DTT);AC=PRIDE:0000608	not available	NT=HCD;AC=MS:1000422	27 NCE	NT=orbitrap;AC=MS:1000484	300m/z-1700m/z	200m/z-2000m/z	not available	20 ppm	not applicable	1	1	2015-04-15	20150409_Qep7_KiSh_SA_Neuro_BrainStem_4B.raw	v1.1.0	NT=ms-proteomics;VV=v1.1.0	NT=vertebrates;VV=v1.1.0	NT=sdrf-skills;VV=v0.2.0	brainstem	not applicable	not applicable
PXD001250-Sample-79	Mus musculus	thalamus	central nervous system	not applicable	normal	adult	C57BL/6	male	tissue	study sample	not available	not applicable	not applicable	no depletion	1	run 249	proteomic profiling by mass spectrometry	NT=Data-dependent acquisition;AC=PRIDE:0000627	NT=Q Exactive HF;AC=MS:1002523	AC=MS:1002038;NT=label free sample	NT=Trypsin;AC=MS:1001251	NT=Lys-C;AC=MS:1001309	NT=Carbamidomethyl;AC=UNIMOD:4;TA=C;MT=Fixed	NT=Oxidation;AC=UNIMOD:35;TA=M;MT=Variable	NT=Acetyl;AC=UNIMOD:1;PP=Protein N-term;MT=Variable	NT=Dithiothreitol (DTT);AC=PRIDE:0000608	not available	NT=HCD;AC=MS:1000422	27 NCE	NT=orbitrap;AC=MS:1000484	300m/z-1700m/z	200m/z-2000m/z	not available	20 ppm	not applicable	1	1	2015-04-10	20150409_Qep7_KiSh_SA_Neuro_Thalamus_1A.raw	v1.1.0	NT=ms-proteomics;VV=v1.1.0	NT=vertebrates;VV=v1.1.0	NT=sdrf-skills;VV=v0.2.0	thalamus	not applicable	not applicable
PXD001250-Sample-80	Mus musculus	thalamus	central nervous system	not applicable	normal	adult	C57BL/6	male	tissue	study sample	not available	not applicable	not applicable	no depletion	2	run 250	proteomic profiling by mass spectrometry	NT=Data-dependent acquisition;AC=PRIDE:0000627	NT=Q Exactive HF;AC=MS:1002523	AC=MS:1002038;NT=label free sample	NT=Trypsin;AC=MS:1001251	NT=Lys-C;AC=MS:1001309	NT=Carbamidomethyl;AC=UNIMOD:4;TA=C;MT=Fixed	NT=Oxidation;AC=UNIMOD:35;TA=M;MT=Variable	NT=Acetyl;AC=UNIMOD:1;PP=Protein N-term;MT=Variable	NT=Dithiothreitol (DTT);AC=PRIDE:0000608	not available	NT=HCD;AC=MS:1000422	27 NCE	NT=orbitrap;AC=MS:1000484	300m/z-1700m/z	200m/z-2000m/z	not available	20 ppm	not applicable	1	1	2015-04-10	20150409_Qep7_KiSh_SA_Neuro_Thalamus_2A.raw	v1.1.0	NT=ms-proteomics;VV=v1.1.0	NT=vertebrates;VV=v1.1.0	NT=sdrf-skills;VV=v0.2.0	thalamus	not applicable	not applicable
PXD001250-Sample-81	Mus musculus	thalamus	central nervous system	not applicable	normal	adult	C57BL/6	male	tissue	study sample	not available	not applicable	not applicable	no depletion	3	run 251	proteomic profiling by mass spectrometry	NT=Data-dependent acquisition;AC=PRIDE:0000627	NT=Q Exactive HF;AC=MS:1002523	AC=MS:1002038;NT=label free sample	NT=Trypsin;AC=MS:1001251	NT=Lys-C;AC=MS:1001309	NT=Carbamidomethyl;AC=UNIMOD:4;TA=C;MT=Fixed	NT=Oxidation;AC=UNIMOD:35;TA=M;MT=Variable	NT=Acetyl;AC=UNIMOD:1;PP=Protein N-term;MT=Variable	NT=Dithiothreitol (DTT);AC=PRIDE:0000608	not available	NT=HCD;AC=MS:1000422	27 NCE	NT=orbitrap;AC=MS:1000484	300m/z-1700m/z	200m/z-2000m/z	not available	20 ppm	not applicable	1	1	2015-04-14	20150409_Qep7_KiSh_SA_Neuro_Thalamus_3B.raw	v1.1.0	NT=ms-proteomics;VV=v1.1.0	NT=vertebrates;VV=v1.1.0	NT=sdrf-skills;VV=v0.2.0	thalamus	not applicable	not applicable
PXD001250-Sample-82	Mus musculus	thalamus	central nervous system	not applicable	normal	adult	C57BL/6	male	tissue	study sample	not available	not applicable	not applicable	no depletion	4	run 252	proteomic profiling by mass spectrometry	NT=Data-dependent acquisition;AC=PRIDE:0000627	NT=Q Exactive HF;AC=MS:1002523	AC=MS:1002038;NT=label free sample	NT=Trypsin;AC=MS:1001251	NT=Lys-C;AC=MS:1001309	NT=Carbamidomethyl;AC=UNIMOD:4;TA=C;MT=Fixed	NT=Oxidation;AC=UNIMOD:35;TA=M;MT=Variable	NT=Acetyl;AC=UNIMOD:1;PP=Protein N-term;MT=Variable	NT=Dithiothreitol (DTT);AC=PRIDE:0000608	not available	NT=HCD;AC=MS:1000422	27 NCE	NT=orbitrap;AC=MS:1000484	300m/z-1700m/z	200m/z-2000m/z	not available	20 ppm	not applicable	1	1	2015-04-11	20150409_Qep7_KiSh_SA_Neuro_Thalamus_4A.raw	v1.1.0	NT=ms-proteomics;VV=v1.1.0	NT=vertebrates;VV=v1.1.0	NT=sdrf-skills;VV=v0.2.0	thalamus	not applicable	not applicable
PXD001250-Sample-83	Mus musculus	corpus callosum	central nervous system	not applicable	normal	adult	C57BL/6	male	tissue	study sample	not available	not applicable	not applicable	no depletion	1	run 253	proteomic profiling by mass spectrometry	NT=Data-dependent acquisition;AC=PRIDE:0000627	NT=Q Exactive HF;AC=MS:1002523	AC=MS:1002038;NT=label free sample	NT=Trypsin;AC=MS:1001251	NT=Lys-C;AC=MS:1001309	NT=Carbamidomethyl;AC=UNIMOD:4;TA=C;MT=Fixed	NT=Oxidation;AC=UNIMOD:35;TA=M;MT=Variable	NT=Acetyl;AC=UNIMOD:1;PP=Protein N-term;MT=Variable	NT=Dithiothreitol (DTT);AC=PRIDE:0000608	not available	NT=HCD;AC=MS:1000422	27 NCE	NT=orbitrap;AC=MS:1000484	300m/z-1700m/z	200m/z-2000m/z	not available	20 ppm	not applicable	1	1	2015-04-30	20150423_Qep7_KiSh_SA_Neuro_CorpusCallosum_P60_1.raw	v1.1.0	NT=ms-proteomics;VV=v1.1.0	NT=vertebrates;VV=v1.1.0	NT=sdrf-skills;VV=v0.2.0	corpus callosum	not applicable	not applicable
PXD001250-Sample-84	Mus musculus	corpus callosum	central nervous system	not applicable	normal	adult	C57BL/6	male	tissue	study sample	not available	not applicable	not applicable	no depletion	2	run 254	proteomic profiling by mass spectrometry	NT=Data-dependent acquisition;AC=PRIDE:0000627	NT=Q Exactive HF;AC=MS:1002523	AC=MS:1002038;NT=label free sample	NT=Trypsin;AC=MS:1001251	NT=Lys-C;AC=MS:1001309	NT=Carbamidomethyl;AC=UNIMOD:4;TA=C;MT=Fixed	NT=Oxidation;AC=UNIMOD:35;TA=M;MT=Variable	NT=Acetyl;AC=UNIMOD:1;PP=Protein N-term;MT=Variable	NT=Dithiothreitol (DTT);AC=PRIDE:0000608	not available	NT=HCD;AC=MS:1000422	27 NCE	NT=orbitrap;AC=MS:1000484	300m/z-1700m/z	200m/z-2000m/z	not available	20 ppm	not applicable	1	1	2015-04-30	20150423_Qep7_KiSh_SA_Neuro_CorpusCallosum_P60_2.raw	v1.1.0	NT=ms-proteomics;VV=v1.1.0	NT=vertebrates;VV=v1.1.0	NT=sdrf-skills;VV=v0.2.0	corpus callosum	not applicable	not applicable
PXD001250-Sample-85	Mus musculus	corpus callosum	central nervous system	not applicable	normal	adult	C57BL/6	male	tissue	study sample	not available	not applicable	not applicable	no depletion	3	run 255	proteomic profiling by mass spectrometry	NT=Data-dependent acquisition;AC=PRIDE:0000627	NT=Q Exactive HF;AC=MS:1002523	AC=MS:1002038;NT=label free sample	NT=Trypsin;AC=MS:1001251	NT=Lys-C;AC=MS:1001309	NT=Carbamidomethyl;AC=UNIMOD:4;TA=C;MT=Fixed	NT=Oxidation;AC=UNIMOD:35;TA=M;MT=Variable	NT=Acetyl;AC=UNIMOD:1;PP=Protein N-term;MT=Variable	NT=Dithiothreitol (DTT);AC=PRIDE:0000608	not available	NT=HCD;AC=MS:1000422	27 NCE	NT=orbitrap;AC=MS:1000484	300m/z-1700m/z	200m/z-2000m/z	not available	20 ppm	not applicable	1	1	2015-05-02	20150423_Qep7_KiSh_SA_Neuro_CorpusCallosum_P60_3.raw	v1.1.0	NT=ms-proteomics;VV=v1.1.0	NT=vertebrates;VV=v1.1.0	NT=sdrf-skills;VV=v0.2.0	corpus callosum	not applicable	not applicable
PXD001250-Sample-86	Mus musculus	optic nerve	central nervous system	not applicable	normal	postnatal	C57BL/6	male	tissue	study sample	not available	not applicable	not applicable	no depletion	1	run 256	proteomic profiling by mass spectrometry	NT=Data-dependent acquisition;AC=PRIDE:0000627	NT=Q Exactive HF;AC=MS:1002523	AC=MS:1002038;NT=label free sample	NT=Trypsin;AC=MS:1001251	NT=Lys-C;AC=MS:1001309	NT=Carbamidomethyl;AC=UNIMOD:4;TA=C;MT=Fixed	NT=Oxidation;AC=UNIMOD:35;TA=M;MT=Variable	NT=Acetyl;AC=UNIMOD:1;PP=Protein N-term;MT=Variable	NT=Dithiothreitol (DTT);AC=PRIDE:0000608	not available	NT=HCD;AC=MS:1000422	27 NCE	NT=orbitrap;AC=MS:1000484	300m/z-1700m/z	200m/z-2000m/z	not available	20 ppm	not applicable	1	1	2015-05-06	20150423_Qep7_KiSh_SA_Neuro_OpticNerve_P28_1.raw	v1.1.0	NT=ms-proteomics;VV=v1.1.0	NT=vertebrates;VV=v1.1.0	NT=sdrf-skills;VV=v0.2.0	optic nerve	not applicable	not applicable
PXD001250-Sample-87	Mus musculus	optic nerve	central nervous system	not applicable	normal	postnatal	C57BL/6	male	tissue	study sample	not available	not applicable	not applicable	no depletion	2	run 257	proteomic profiling by mass spectrometry	NT=Data-dependent acquisition;AC=PRIDE:0000627	NT=Q Exactive HF;AC=MS:1002523	AC=MS:1002038;NT=label free sample	NT=Trypsin;AC=MS:1001251	NT=Lys-C;AC=MS:1001309	NT=Carbamidomethyl;AC=UNIMOD:4;TA=C;MT=Fixed	NT=Oxidation;AC=UNIMOD:35;TA=M;MT=Variable	NT=Acetyl;AC=UNIMOD:1;PP=Protein N-term;MT=Variable	NT=Dithiothreitol (DTT);AC=PRIDE:0000608	not available	NT=HCD;AC=MS:1000422	27 NCE	NT=orbitrap;AC=MS:1000484	300m/z-1700m/z	200m/z-2000m/z	not available	20 ppm	not applicable	1	1	2015-05-06	20150423_Qep7_KiSh_SA_Neuro_OpticNerve_P28_2.raw	v1.1.0	NT=ms-proteomics;VV=v1.1.0	NT=vertebrates;VV=v1.1.0	NT=sdrf-skills;VV=v0.2.0	optic nerve	not applicable	not applicable
PXD001250-Sample-88	Mus musculus	optic nerve	central nervous system	not applicable	normal	postnatal	C57BL/6	male	tissue	study sample	not available	not applicable	not applicable	no depletion	3	run 258	proteomic profiling by mass spectrometry	NT=Data-dependent acquisition;AC=PRIDE:0000627	NT=Q Exactive HF;AC=MS:1002523	AC=MS:1002038;NT=label free sample	NT=Trypsin;AC=MS:1001251	NT=Lys-C;AC=MS:1001309	NT=Carbamidomethyl;AC=UNIMOD:4;TA=C;MT=Fixed	NT=Oxidation;AC=UNIMOD:35;TA=M;MT=Variable	NT=Acetyl;AC=UNIMOD:1;PP=Protein N-term;MT=Variable	NT=Dithiothreitol (DTT);AC=PRIDE:0000608	not available	NT=HCD;AC=MS:1000422	27 NCE	NT=orbitrap;AC=MS:1000484	300m/z-1700m/z	200m/z-2000m/z	not available	20 ppm	not applicable	1	1	2015-05-06	20150423_Qep7_KiSh_SA_Neuro_OpticNerve_P28_3.raw	v1.1.0	NT=ms-proteomics;VV=v1.1.0	NT=vertebrates;VV=v1.1.0	NT=sdrf-skills;VV=v0.2.0	optic nerve	not applicable	not applicable
PXD001250-Sample-89	Mus musculus	brain	central nervous system	astrocyte	normal	postnatal	not available	not available	cell	study sample	not available	not applicable	magnetic affinity cell sorting	no depletion	1	run 259	proteomic profiling by mass spectrometry	NT=Data-dependent acquisition;AC=PRIDE:0000627	NT=Q Exactive HF;AC=MS:1002523	AC=MS:1002038;NT=label free sample	NT=Trypsin;AC=MS:1001251	NT=Lys-C;AC=MS:1001309	NT=Carbamidomethyl;AC=UNIMOD:4;TA=C;MT=Fixed	NT=Oxidation;AC=UNIMOD:35;TA=M;MT=Variable	NT=Acetyl;AC=UNIMOD:1;PP=Protein N-term;MT=Variable	NT=Dithiothreitol (DTT);AC=PRIDE:0000608	not available	NT=HCD;AC=MS:1000422	27 NCE	NT=orbitrap;AC=MS:1000484	300m/z-1700m/z	200m/z-2000m/z	not available	20 ppm	not applicable	1	1	2015-04-24	20150423_Qep7_KiSh_SA_Neuro_Brain_Astrocytes_1.raw	v1.1.0	NT=ms-proteomics;VV=v1.1.0	NT=vertebrates;VV=v1.1.0	NT=sdrf-skills;VV=v0.2.0	brain	astrocyte	not applicable
PXD001250-Sample-90	Mus musculus	brain	central nervous system	astrocyte	normal	postnatal	not available	not available	cell	study sample	not available	not applicable	magnetic affinity cell sorting	no depletion	2	run 260	proteomic profiling by mass spectrometry	NT=Data-dependent acquisition;AC=PRIDE:0000627	NT=Q Exactive HF;AC=MS:1002523	AC=MS:1002038;NT=label free sample	NT=Trypsin;AC=MS:1001251	NT=Lys-C;AC=MS:1001309	NT=Carbamidomethyl;AC=UNIMOD:4;TA=C;MT=Fixed	NT=Oxidation;AC=UNIMOD:35;TA=M;MT=Variable	NT=Acetyl;AC=UNIMOD:1;PP=Protein N-term;MT=Variable	NT=Dithiothreitol (DTT);AC=PRIDE:0000608	not available	NT=HCD;AC=MS:1000422	27 NCE	NT=orbitrap;AC=MS:1000484	300m/z-1700m/z	200m/z-2000m/z	not available	20 ppm	not applicable	1	1	2015-04-24	20150423_Qep7_KiSh_SA_Neuro_Brain_Astrocytes_2.raw	v1.1.0	NT=ms-proteomics;VV=v1.1.0	NT=vertebrates;VV=v1.1.0	NT=sdrf-skills;VV=v0.2.0	brain	astrocyte	not applicable
PXD001250-Sample-91	Mus musculus	brain	central nervous system	astrocyte	normal	postnatal	not available	not available	cell	study sample	not available	not applicable	magnetic affinity cell sorting	no depletion	3	run 261	proteomic profiling by mass spectrometry	NT=Data-dependent acquisition;AC=PRIDE:0000627	NT=Q Exactive HF;AC=MS:1002523	AC=MS:1002038;NT=label free sample	NT=Trypsin;AC=MS:1001251	NT=Lys-C;AC=MS:1001309	NT=Carbamidomethyl;AC=UNIMOD:4;TA=C;MT=Fixed	NT=Oxidation;AC=UNIMOD:35;TA=M;MT=Variable	NT=Acetyl;AC=UNIMOD:1;PP=Protein N-term;MT=Variable	NT=Dithiothreitol (DTT);AC=PRIDE:0000608	not available	NT=HCD;AC=MS:1000422	27 NCE	NT=orbitrap;AC=MS:1000484	300m/z-1700m/z	200m/z-2000m/z	not available	20 ppm	not applicable	1	1	2015-04-25	20150423_Qep7_KiSh_SA_Neuro_Brain_Astrocytes_3.raw	v1.1.0	NT=ms-proteomics;VV=v1.1.0	NT=vertebrates;VV=v1.1.0	NT=sdrf-skills;VV=v0.2.0	brain	astrocyte	not applicable
PXD001250-Sample-92	Mus musculus	brain	central nervous system	microglial cell	normal	postnatal	not available	not available	cell	study sample	not available	not applicable	magnetic affinity cell sorting	no depletion	1	run 262	proteomic profiling by mass spectrometry	NT=Data-dependent acquisition;AC=PRIDE:0000627	NT=Q Exactive HF;AC=MS:1002523	AC=MS:1002038;NT=label free sample	NT=Trypsin;AC=MS:1001251	NT=Lys-C;AC=MS:1001309	NT=Carbamidomethyl;AC=UNIMOD:4;TA=C;MT=Fixed	NT=Oxidation;AC=UNIMOD:35;TA=M;MT=Variable	NT=Acetyl;AC=UNIMOD:1;PP=Protein N-term;MT=Variable	NT=Dithiothreitol (DTT);AC=PRIDE:0000608	not available	NT=HCD;AC=MS:1000422	27 NCE	NT=orbitrap;AC=MS:1000484	300m/z-1700m/z	200m/z-2000m/z	not available	20 ppm	not applicable	1	1	2015-04-26	20150423_Qep7_KiSh_SA_Neuro_Brain_Microglia_1.raw	v1.1.0	NT=ms-proteomics;VV=v1.1.0	NT=vertebrates;VV=v1.1.0	NT=sdrf-skills;VV=v0.2.0	brain	microglial cell	not applicable
PXD001250-Sample-93	Mus musculus	brain	central nervous system	microglial cell	normal	postnatal	not available	not available	cell	study sample	not available	not applicable	magnetic affinity cell sorting	no depletion	2	run 263	proteomic profiling by mass spectrometry	NT=Data-dependent acquisition;AC=PRIDE:0000627	NT=Q Exactive HF;AC=MS:1002523	AC=MS:1002038;NT=label free sample	NT=Trypsin;AC=MS:1001251	NT=Lys-C;AC=MS:1001309	NT=Carbamidomethyl;AC=UNIMOD:4;TA=C;MT=Fixed	NT=Oxidation;AC=UNIMOD:35;TA=M;MT=Variable	NT=Acetyl;AC=UNIMOD:1;PP=Protein N-term;MT=Variable	NT=Dithiothreitol (DTT);AC=PRIDE:0000608	not available	NT=HCD;AC=MS:1000422	27 NCE	NT=orbitrap;AC=MS:1000484	300m/z-1700m/z	200m/z-2000m/z	not available	20 ppm	not applicable	1	1	2015-04-29	20150423_Qep7_KiSh_SA_Neuro_Brain_Microglia_2A.raw	v1.1.0	NT=ms-proteomics;VV=v1.1.0	NT=vertebrates;VV=v1.1.0	NT=sdrf-skills;VV=v0.2.0	brain	microglial cell	not applicable
PXD001250-Sample-94	Mus musculus	brain	central nervous system	microglial cell	normal	postnatal	not available	not available	cell	study sample	not available	not applicable	magnetic affinity cell sorting	no depletion	3	run 264	proteomic profiling by mass spectrometry	NT=Data-dependent acquisition;AC=PRIDE:0000627	NT=Q Exactive HF;AC=MS:1002523	AC=MS:1002038;NT=label free sample	NT=Trypsin;AC=MS:1001251	NT=Lys-C;AC=MS:1001309	NT=Carbamidomethyl;AC=UNIMOD:4;TA=C;MT=Fixed	NT=Oxidation;AC=UNIMOD:35;TA=M;MT=Variable	NT=Acetyl;AC=UNIMOD:1;PP=Protein N-term;MT=Variable	NT=Dithiothreitol (DTT);AC=PRIDE:0000608	not available	NT=HCD;AC=MS:1000422	27 NCE	NT=orbitrap;AC=MS:1000484	300m/z-1700m/z	200m/z-2000m/z	not available	20 ppm	not applicable	1	1	2015-04-28	20150423_Qep7_KiSh_SA_Neuro_Brain_Microglia_3.raw	v1.1.0	NT=ms-proteomics;VV=v1.1.0	NT=vertebrates;VV=v1.1.0	NT=sdrf-skills;VV=v0.2.0	brain	microglial cell	not applicable
PXD001250-Sample-95	Mus musculus	brain	central nervous system	neural progenitor cell	normal	postnatal	not available	not available	cell	study sample	not available	not applicable	magnetic affinity cell sorting	no depletion	1	run 265	proteomic profiling by mass spectrometry	NT=Data-dependent acquisition;AC=PRIDE:0000627	NT=Q Exactive HF;AC=MS:1002523	AC=MS:1002038;NT=label free sample	NT=Trypsin;AC=MS:1001251	NT=Lys-C;AC=MS:1001309	NT=Carbamidomethyl;AC=UNIMOD:4;TA=C;MT=Fixed	NT=Oxidation;AC=UNIMOD:35;TA=M;MT=Variable	NT=Acetyl;AC=UNIMOD:1;PP=Protein N-term;MT=Variable	NT=Dithiothreitol (DTT);AC=PRIDE:0000608	not available	NT=HCD;AC=MS:1000422	27 NCE	NT=orbitrap;AC=MS:1000484	300m/z-1700m/z	200m/z-2000m/z	not available	20 ppm	not applicable	1	1	2015-04-26	20150423_Qep7_KiSh_SA_Neuro_Brain_Neurons_1.raw	v1.1.0	NT=ms-proteomics;VV=v1.1.0	NT=vertebrates;VV=v1.1.0	NT=sdrf-skills;VV=v0.2.0	brain	neural progenitor cell	not applicable
PXD001250-Sample-96	Mus musculus	brain	central nervous system	neural progenitor cell	normal	postnatal	not available	not available	cell	study sample	not available	not applicable	magnetic affinity cell sorting	no depletion	2	run 266	proteomic profiling by mass spectrometry	NT=Data-dependent acquisition;AC=PRIDE:0000627	NT=Q Exactive HF;AC=MS:1002523	AC=MS:1002038;NT=label free sample	NT=Trypsin;AC=MS:1001251	NT=Lys-C;AC=MS:1001309	NT=Carbamidomethyl;AC=UNIMOD:4;TA=C;MT=Fixed	NT=Oxidation;AC=UNIMOD:35;TA=M;MT=Variable	NT=Acetyl;AC=UNIMOD:1;PP=Protein N-term;MT=Variable	NT=Dithiothreitol (DTT);AC=PRIDE:0000608	not available	NT=HCD;AC=MS:1000422	27 NCE	NT=orbitrap;AC=MS:1000484	300m/z-1700m/z	200m/z-2000m/z	not available	20 ppm	not applicable	1	1	2015-04-27	20150423_Qep7_KiSh_SA_Neuro_Brain_Neurons_2.raw	v1.1.0	NT=ms-proteomics;VV=v1.1.0	NT=vertebrates;VV=v1.1.0	NT=sdrf-skills;VV=v0.2.0	brain	neural progenitor cell	not applicable
PXD001250-Sample-97	Mus musculus	brain	central nervous system	neural progenitor cell	normal	postnatal	not available	not available	cell	study sample	not available	not applicable	magnetic affinity cell sorting	no depletion	3	run 267	proteomic profiling by mass spectrometry	NT=Data-dependent acquisition;AC=PRIDE:0000627	NT=Q Exactive HF;AC=MS:1002523	AC=MS:1002038;NT=label free sample	NT=Trypsin;AC=MS:1001251	NT=Lys-C;AC=MS:1001309	NT=Carbamidomethyl;AC=UNIMOD:4;TA=C;MT=Fixed	NT=Oxidation;AC=UNIMOD:35;TA=M;MT=Variable	NT=Acetyl;AC=UNIMOD:1;PP=Protein N-term;MT=Variable	NT=Dithiothreitol (DTT);AC=PRIDE:0000608	not available	NT=HCD;AC=MS:1000422	27 NCE	NT=orbitrap;AC=MS:1000484	300m/z-1700m/z	200m/z-2000m/z	not available	20 ppm	not applicable	1	1	2015-04-26	20150423_Qep7_KiSh_SA_Neuro_Brain_Neurons_3.raw	v1.1.0	NT=ms-proteomics;VV=v1.1.0	NT=vertebrates;VV=v1.1.0	NT=sdrf-skills;VV=v0.2.0	brain	neural progenitor cell	not applicable
PXD001250-Sample-98	Mus musculus	brain	central nervous system	oligodendrocyte	normal	postnatal	not available	not available	cell	study sample	not available	not applicable	magnetic affinity cell sorting	no depletion	1	run 268	proteomic profiling by mass spectrometry	NT=Data-dependent acquisition;AC=PRIDE:0000627	NT=Q Exactive HF;AC=MS:1002523	AC=MS:1002038;NT=label free sample	NT=Trypsin;AC=MS:1001251	NT=Lys-C;AC=MS:1001309	NT=Carbamidomethyl;AC=UNIMOD:4;TA=C;MT=Fixed	NT=Oxidation;AC=UNIMOD:35;TA=M;MT=Variable	NT=Acetyl;AC=UNIMOD:1;PP=Protein N-term;MT=Variable	NT=Dithiothreitol (DTT);AC=PRIDE:0000608	not available	NT=HCD;AC=MS:1000422	27 NCE	NT=orbitrap;AC=MS:1000484	300m/z-1700m/z	200m/z-2000m/z	not available	20 ppm	not applicable	1	1	2015-04-23	20150423_Qep7_KiSh_SA_Neuro_Brain_Oligodendrocytes_1.raw	v1.1.0	NT=ms-proteomics;VV=v1.1.0	NT=vertebrates;VV=v1.1.0	NT=sdrf-skills;VV=v0.2.0	brain	oligodendrocyte	not applicable
PXD001250-Sample-99	Mus musculus	brain	central nervous system	oligodendrocyte	normal	postnatal	not available	not available	cell	study sample	not available	not applicable	magnetic affinity cell sorting	no depletion	2	run 269	proteomic profiling by mass spectrometry	NT=Data-dependent acquisition;AC=PRIDE:0000627	NT=Q Exactive HF;AC=MS:1002523	AC=MS:1002038;NT=label free sample	NT=Trypsin;AC=MS:1001251	NT=Lys-C;AC=MS:1001309	NT=Carbamidomethyl;AC=UNIMOD:4;TA=C;MT=Fixed	NT=Oxidation;AC=UNIMOD:35;TA=M;MT=Variable	NT=Acetyl;AC=UNIMOD:1;PP=Protein N-term;MT=Variable	NT=Dithiothreitol (DTT);AC=PRIDE:0000608	not available	NT=HCD;AC=MS:1000422	27 NCE	NT=orbitrap;AC=MS:1000484	300m/z-1700m/z	200m/z-2000m/z	not available	20 ppm	not applicable	1	1	2015-04-24	20150423_Qep7_KiSh_SA_Neuro_Brain_Oligodendrocytes_2.raw	v1.1.0	NT=ms-proteomics;VV=v1.1.0	NT=vertebrates;VV=v1.1.0	NT=sdrf-skills;VV=v0.2.0	brain	oligodendrocyte	not applicable
PXD001250-Sample-100	Mus musculus	brain	central nervous system	oligodendrocyte	normal	postnatal	not available	not available	cell	study sample	not available	not applicable	magnetic affinity cell sorting	no depletion	3	run 270	proteomic profiling by mass spectrometry	NT=Data-dependent acquisition;AC=PRIDE:0000627	NT=Q Exactive HF;AC=MS:1002523	AC=MS:1002038;NT=label free sample	NT=Trypsin;AC=MS:1001251	NT=Lys-C;AC=MS:1001309	NT=Carbamidomethyl;AC=UNIMOD:4;TA=C;MT=Fixed	NT=Oxidation;AC=UNIMOD:35;TA=M;MT=Variable	NT=Acetyl;AC=UNIMOD:1;PP=Protein N-term;MT=Variable	NT=Dithiothreitol (DTT);AC=PRIDE:0000608	not available	NT=HCD;AC=MS:1000422	27 NCE	NT=orbitrap;AC=MS:1000484	300m/z-1700m/z	200m/z-2000m/z	not available	20 ppm	not applicable	1	1	2015-04-24	20150423_Qep7_KiSh_SA_Neuro_Brain_Oligodendrocytes_3.raw	v1.1.0	NT=ms-proteomics;VV=v1.1.0	NT=vertebrates;VV=v1.1.0	NT=sdrf-skills;VV=v0.2.0	brain	oligodendrocyte	not applicable
