source name	characteristics[organism]	characteristics[organism part]	characteristics[cell type]	characteristics[disease]	characteristics[material type]	characteristics[developmental stage]	characteristics[age]	characteristics[sex]	characteristics[ancestry category]	characteristics[individual]	characteristics[treatment]	characteristics[sampling time]	characteristics[biological replicate]	assay name	technology type	comment[instrument]	comment[label]	comment[proteomics data acquisition method]	comment[dissociation method]	comment[collision energy]	comment[ms1 scan range]	comment[ms2 mass analyzer]	comment[cleavage agent details]	comment[cleavage agent details]	comment[reduction reagent]	comment[alkylation reagent]	comment[modification parameters]	comment[modification parameters]	comment[modification parameters]	comment[modification parameters]	comment[precursor mass tolerance]	comment[fragment mass tolerance]	comment[fractionation method]	comment[elution conditions]	comment[fraction identifier]	comment[technical replicate]	comment[data file]	comment[sdrf version]	comment[sdrf template]	comment[sdrf template]	comment[sdrf annotation tool]	factor value[cell type]	factor value[treatment]
B.cell.bulk_steady-state_cellular_01	Homo sapiens	blood	B cell	normal	cell	adult	not available	not available	not available	not available	untreated	not applicable	1	Library_single.shot_93steady-state	proteomic profiling by mass spectrometry	NT=Q Exactive HF;AC=MS:1002523	label free sample	NT=Data-dependent acquisition;AC=PRIDE:0000627	NT=HCD;AC=MS:1000422	26 NCE	300m/z-1650m/z	NT=orbitrap;AC=MS:1000484	NT=Trypsin;AC=MS:1001251	NT=Lys-C;AC=MS:1001309	NT=Dithiothreitol (DTT);AC=PRIDE:0000608	NT=Iodoacetamide (IAA);AC=PRIDE:0000599	NT=Carbamidomethyl;AC=UNIMOD:4;TA=C;MT=Fixed	NT=Oxidation;AC=UNIMOD:35;TA=M;MT=Variable	NT=Acetyl;AC=UNIMOD:1;PP=Protein N-term;MT=Variable	NT=Deamidated;AC=UNIMOD:7;TA=N,Q;MT=Variable	7 ppm	20 ppm	not applicable	nonlinear 5-60% buffer B (80% acetonitrile, 0.5% formic acid) over 180 min at 250 nl/min	1	1	Library_single.shot_93steady-state.raw	v1.1.0	NT=ms-proteomics;VV=v1.1.0	NT=human;VV=v1.1.0	NT=sdrf-skills;VV=v0.2.0	B cell	untreated
B.cell.bulk_steady-state_cellular_02	Homo sapiens	blood	B cell	normal	cell	adult	not available	not available	not available	not available	untreated	not applicable	2	Library_single.shot_17steady-state	proteomic profiling by mass spectrometry	NT=Q Exactive HF;AC=MS:1002523	label free sample	NT=Data-dependent acquisition;AC=PRIDE:0000627	NT=HCD;AC=MS:1000422	26 NCE	300m/z-1650m/z	NT=orbitrap;AC=MS:1000484	NT=Trypsin;AC=MS:1001251	NT=Lys-C;AC=MS:1001309	NT=Dithiothreitol (DTT);AC=PRIDE:0000608	NT=Iodoacetamide (IAA);AC=PRIDE:0000599	NT=Carbamidomethyl;AC=UNIMOD:4;TA=C;MT=Fixed	NT=Oxidation;AC=UNIMOD:35;TA=M;MT=Variable	NT=Acetyl;AC=UNIMOD:1;PP=Protein N-term;MT=Variable	NT=Deamidated;AC=UNIMOD:7;TA=N,Q;MT=Variable	7 ppm	20 ppm	not applicable	nonlinear 5-60% buffer B (80% acetonitrile, 0.5% formic acid) over 180 min at 250 nl/min	1	1	Library_single.shot_17steady-state.raw	v1.1.0	NT=ms-proteomics;VV=v1.1.0	NT=human;VV=v1.1.0	NT=sdrf-skills;VV=v0.2.0	B cell	untreated
B.memory_BCR.CpG.CD40_cellular_01	Homo sapiens	blood	memory B cell	normal	cell	adult	not available	not available	not available	not available	anti-immunoglobulin, CpG oligodeoxynucleotide and anti-CD40 antibody cocktail	96 hour	1	B.memory_01activated	proteomic profiling by mass spectrometry	NT=Q Exactive HF;AC=MS:1002523	label free sample	NT=Data-dependent acquisition;AC=PRIDE:0000627	NT=HCD;AC=MS:1000422	26 NCE	300m/z-1650m/z	NT=orbitrap;AC=MS:1000484	NT=Trypsin;AC=MS:1001251	NT=Lys-C;AC=MS:1001309	NT=Dithiothreitol (DTT);AC=PRIDE:0000608	NT=Iodoacetamide (IAA);AC=PRIDE:0000599	NT=Carbamidomethyl;AC=UNIMOD:4;TA=C;MT=Fixed	NT=Oxidation;AC=UNIMOD:35;TA=M;MT=Variable	NT=Acetyl;AC=UNIMOD:1;PP=Protein N-term;MT=Variable	NT=Deamidated;AC=UNIMOD:7;TA=N,Q;MT=Variable	7 ppm	20 ppm	not applicable	nonlinear 5-60% buffer B (80% acetonitrile, 0.5% formic acid) over 180 min at 250 nl/min	1	1	B.memory_01activated.raw	v1.1.0	NT=ms-proteomics;VV=v1.1.0	NT=human;VV=v1.1.0	NT=sdrf-skills;VV=v0.2.0	memory B cell	anti-immunoglobulin, CpG oligodeoxynucleotide and anti-CD40 antibody cocktail
B.memory_BCR.CpG.CD40_cellular_02	Homo sapiens	blood	memory B cell	normal	cell	adult	not available	not available	not available	not available	anti-immunoglobulin, CpG oligodeoxynucleotide and anti-CD40 antibody cocktail	96 hour	2	B.memory_02activated	proteomic profiling by mass spectrometry	NT=Q Exactive HF;AC=MS:1002523	label free sample	NT=Data-dependent acquisition;AC=PRIDE:0000627	NT=HCD;AC=MS:1000422	26 NCE	300m/z-1650m/z	NT=orbitrap;AC=MS:1000484	NT=Trypsin;AC=MS:1001251	NT=Lys-C;AC=MS:1001309	NT=Dithiothreitol (DTT);AC=PRIDE:0000608	NT=Iodoacetamide (IAA);AC=PRIDE:0000599	NT=Carbamidomethyl;AC=UNIMOD:4;TA=C;MT=Fixed	NT=Oxidation;AC=UNIMOD:35;TA=M;MT=Variable	NT=Acetyl;AC=UNIMOD:1;PP=Protein N-term;MT=Variable	NT=Deamidated;AC=UNIMOD:7;TA=N,Q;MT=Variable	7 ppm	20 ppm	not applicable	nonlinear 5-60% buffer B (80% acetonitrile, 0.5% formic acid) over 180 min at 250 nl/min	1	1	B.memory_02activated.raw	v1.1.0	NT=ms-proteomics;VV=v1.1.0	NT=human;VV=v1.1.0	NT=sdrf-skills;VV=v0.2.0	memory B cell	anti-immunoglobulin, CpG oligodeoxynucleotide and anti-CD40 antibody cocktail
B.memory_BCR.CpG.CD40_cellular_03	Homo sapiens	blood	memory B cell	normal	cell	adult	not available	not available	not available	not available	anti-immunoglobulin, CpG oligodeoxynucleotide and anti-CD40 antibody cocktail	96 hour	3	B.memory_03activated	proteomic profiling by mass spectrometry	NT=Q Exactive HF;AC=MS:1002523	label free sample	NT=Data-dependent acquisition;AC=PRIDE:0000627	NT=HCD;AC=MS:1000422	26 NCE	300m/z-1650m/z	NT=orbitrap;AC=MS:1000484	NT=Trypsin;AC=MS:1001251	NT=Lys-C;AC=MS:1001309	NT=Dithiothreitol (DTT);AC=PRIDE:0000608	NT=Iodoacetamide (IAA);AC=PRIDE:0000599	NT=Carbamidomethyl;AC=UNIMOD:4;TA=C;MT=Fixed	NT=Oxidation;AC=UNIMOD:35;TA=M;MT=Variable	NT=Acetyl;AC=UNIMOD:1;PP=Protein N-term;MT=Variable	NT=Deamidated;AC=UNIMOD:7;TA=N,Q;MT=Variable	7 ppm	20 ppm	not applicable	nonlinear 5-60% buffer B (80% acetonitrile, 0.5% formic acid) over 180 min at 250 nl/min	1	1	B.memory_03activated.raw	v1.1.0	NT=ms-proteomics;VV=v1.1.0	NT=human;VV=v1.1.0	NT=sdrf-skills;VV=v0.2.0	memory B cell	anti-immunoglobulin, CpG oligodeoxynucleotide and anti-CD40 antibody cocktail
B.memory_BCR.CpG.CD40_cellular_04	Homo sapiens	blood	memory B cell	normal	cell	adult	not available	not available	not available	not available	anti-immunoglobulin, CpG oligodeoxynucleotide and anti-CD40 antibody cocktail	96 hour	4	B.memory_04activated	proteomic profiling by mass spectrometry	NT=Q Exactive HF;AC=MS:1002523	label free sample	NT=Data-dependent acquisition;AC=PRIDE:0000627	NT=HCD;AC=MS:1000422	26 NCE	300m/z-1650m/z	NT=orbitrap;AC=MS:1000484	NT=Trypsin;AC=MS:1001251	NT=Lys-C;AC=MS:1001309	NT=Dithiothreitol (DTT);AC=PRIDE:0000608	NT=Iodoacetamide (IAA);AC=PRIDE:0000599	NT=Carbamidomethyl;AC=UNIMOD:4;TA=C;MT=Fixed	NT=Oxidation;AC=UNIMOD:35;TA=M;MT=Variable	NT=Acetyl;AC=UNIMOD:1;PP=Protein N-term;MT=Variable	NT=Deamidated;AC=UNIMOD:7;TA=N,Q;MT=Variable	7 ppm	20 ppm	not applicable	nonlinear 5-60% buffer B (80% acetonitrile, 0.5% formic acid) over 180 min at 250 nl/min	1	1	B.memory_04activated.raw	v1.1.0	NT=ms-proteomics;VV=v1.1.0	NT=human;VV=v1.1.0	NT=sdrf-skills;VV=v0.2.0	memory B cell	anti-immunoglobulin, CpG oligodeoxynucleotide and anti-CD40 antibody cocktail
B.memory_BCR.CpG.CD40_cellular_05	Homo sapiens	blood	memory B cell	normal	cell	adult	not available	not available	not available	not available	anti-immunoglobulin, CpG oligodeoxynucleotide and anti-CD40 antibody cocktail	96 hour	5	Library_single.shot_26activated	proteomic profiling by mass spectrometry	NT=Q Exactive HF;AC=MS:1002523	label free sample	NT=Data-dependent acquisition;AC=PRIDE:0000627	NT=HCD;AC=MS:1000422	26 NCE	300m/z-1650m/z	NT=orbitrap;AC=MS:1000484	NT=Trypsin;AC=MS:1001251	NT=Lys-C;AC=MS:1001309	NT=Dithiothreitol (DTT);AC=PRIDE:0000608	NT=Iodoacetamide (IAA);AC=PRIDE:0000599	NT=Carbamidomethyl;AC=UNIMOD:4;TA=C;MT=Fixed	NT=Oxidation;AC=UNIMOD:35;TA=M;MT=Variable	NT=Acetyl;AC=UNIMOD:1;PP=Protein N-term;MT=Variable	NT=Deamidated;AC=UNIMOD:7;TA=N,Q;MT=Variable	7 ppm	20 ppm	not applicable	nonlinear 5-60% buffer B (80% acetonitrile, 0.5% formic acid) over 180 min at 250 nl/min	1	1	Library_single.shot_26activated.raw	v1.1.0	NT=ms-proteomics;VV=v1.1.0	NT=human;VV=v1.1.0	NT=sdrf-skills;VV=v0.2.0	memory B cell	anti-immunoglobulin, CpG oligodeoxynucleotide and anti-CD40 antibody cocktail
B.memory_BCR.CpG.CD40_cellular_06	Homo sapiens	blood	memory B cell	normal	cell	adult	not available	not available	not available	not available	anti-immunoglobulin, CpG oligodeoxynucleotide and anti-CD40 antibody cocktail	96 hour	6	Library_single.shot_24activated	proteomic profiling by mass spectrometry	NT=Q Exactive HF;AC=MS:1002523	label free sample	NT=Data-dependent acquisition;AC=PRIDE:0000627	NT=HCD;AC=MS:1000422	26 NCE	300m/z-1650m/z	NT=orbitrap;AC=MS:1000484	NT=Trypsin;AC=MS:1001251	NT=Lys-C;AC=MS:1001309	NT=Dithiothreitol (DTT);AC=PRIDE:0000608	NT=Iodoacetamide (IAA);AC=PRIDE:0000599	NT=Carbamidomethyl;AC=UNIMOD:4;TA=C;MT=Fixed	NT=Oxidation;AC=UNIMOD:35;TA=M;MT=Variable	NT=Acetyl;AC=UNIMOD:1;PP=Protein N-term;MT=Variable	NT=Deamidated;AC=UNIMOD:7;TA=N,Q;MT=Variable	7 ppm	20 ppm	not applicable	nonlinear 5-60% buffer B (80% acetonitrile, 0.5% formic acid) over 180 min at 250 nl/min	1	1	Library_single.shot_24activated.raw	v1.1.0	NT=ms-proteomics;VV=v1.1.0	NT=human;VV=v1.1.0	NT=sdrf-skills;VV=v0.2.0	memory B cell	anti-immunoglobulin, CpG oligodeoxynucleotide and anti-CD40 antibody cocktail
B.memory_steady-state_cellular_01	Homo sapiens	blood	memory B cell	normal	cell	adult	not available	not available	not available	not available	untreated	not applicable	1	B.memory_01steady-state	proteomic profiling by mass spectrometry	NT=Q Exactive HF;AC=MS:1002523	label free sample	NT=Data-dependent acquisition;AC=PRIDE:0000627	NT=HCD;AC=MS:1000422	26 NCE	300m/z-1650m/z	NT=orbitrap;AC=MS:1000484	NT=Trypsin;AC=MS:1001251	NT=Lys-C;AC=MS:1001309	NT=Dithiothreitol (DTT);AC=PRIDE:0000608	NT=Iodoacetamide (IAA);AC=PRIDE:0000599	NT=Carbamidomethyl;AC=UNIMOD:4;TA=C;MT=Fixed	NT=Oxidation;AC=UNIMOD:35;TA=M;MT=Variable	NT=Acetyl;AC=UNIMOD:1;PP=Protein N-term;MT=Variable	NT=Deamidated;AC=UNIMOD:7;TA=N,Q;MT=Variable	7 ppm	20 ppm	not applicable	nonlinear 5-60% buffer B (80% acetonitrile, 0.5% formic acid) over 180 min at 250 nl/min	1	1	B.memory_01steady-state.raw	v1.1.0	NT=ms-proteomics;VV=v1.1.0	NT=human;VV=v1.1.0	NT=sdrf-skills;VV=v0.2.0	memory B cell	untreated
B.memory_steady-state_cellular_02	Homo sapiens	blood	memory B cell	normal	cell	adult	not available	not available	not available	not available	untreated	not applicable	2	B.memory_02steady-state	proteomic profiling by mass spectrometry	NT=Q Exactive HF;AC=MS:1002523	label free sample	NT=Data-dependent acquisition;AC=PRIDE:0000627	NT=HCD;AC=MS:1000422	26 NCE	300m/z-1650m/z	NT=orbitrap;AC=MS:1000484	NT=Trypsin;AC=MS:1001251	NT=Lys-C;AC=MS:1001309	NT=Dithiothreitol (DTT);AC=PRIDE:0000608	NT=Iodoacetamide (IAA);AC=PRIDE:0000599	NT=Carbamidomethyl;AC=UNIMOD:4;TA=C;MT=Fixed	NT=Oxidation;AC=UNIMOD:35;TA=M;MT=Variable	NT=Acetyl;AC=UNIMOD:1;PP=Protein N-term;MT=Variable	NT=Deamidated;AC=UNIMOD:7;TA=N,Q;MT=Variable	7 ppm	20 ppm	not applicable	nonlinear 5-60% buffer B (80% acetonitrile, 0.5% formic acid) over 180 min at 250 nl/min	1	1	B.memory_02steady-state.raw	v1.1.0	NT=ms-proteomics;VV=v1.1.0	NT=human;VV=v1.1.0	NT=sdrf-skills;VV=v0.2.0	memory B cell	untreated
B.memory_steady-state_cellular_03	Homo sapiens	blood	memory B cell	normal	cell	adult	not available	not available	not available	not available	untreated	not applicable	3	B.memory_03steady-state	proteomic profiling by mass spectrometry	NT=Q Exactive HF;AC=MS:1002523	label free sample	NT=Data-dependent acquisition;AC=PRIDE:0000627	NT=HCD;AC=MS:1000422	26 NCE	300m/z-1650m/z	NT=orbitrap;AC=MS:1000484	NT=Trypsin;AC=MS:1001251	NT=Lys-C;AC=MS:1001309	NT=Dithiothreitol (DTT);AC=PRIDE:0000608	NT=Iodoacetamide (IAA);AC=PRIDE:0000599	NT=Carbamidomethyl;AC=UNIMOD:4;TA=C;MT=Fixed	NT=Oxidation;AC=UNIMOD:35;TA=M;MT=Variable	NT=Acetyl;AC=UNIMOD:1;PP=Protein N-term;MT=Variable	NT=Deamidated;AC=UNIMOD:7;TA=N,Q;MT=Variable	7 ppm	20 ppm	not applicable	nonlinear 5-60% buffer B (80% acetonitrile, 0.5% formic acid) over 180 min at 250 nl/min	1	1	B.memory_03steady-state.raw	v1.1.0	NT=ms-proteomics;VV=v1.1.0	NT=human;VV=v1.1.0	NT=sdrf-skills;VV=v0.2.0	memory B cell	untreated
B.memory_steady-state_cellular_04	Homo sapiens	blood	memory B cell	normal	cell	adult	not available	not available	not available	not available	untreated	not applicable	4	B.memory_04steady-state	proteomic profiling by mass spectrometry	NT=Q Exactive HF;AC=MS:1002523	label free sample	NT=Data-dependent acquisition;AC=PRIDE:0000627	NT=HCD;AC=MS:1000422	26 NCE	300m/z-1650m/z	NT=orbitrap;AC=MS:1000484	NT=Trypsin;AC=MS:1001251	NT=Lys-C;AC=MS:1001309	NT=Dithiothreitol (DTT);AC=PRIDE:0000608	NT=Iodoacetamide (IAA);AC=PRIDE:0000599	NT=Carbamidomethyl;AC=UNIMOD:4;TA=C;MT=Fixed	NT=Oxidation;AC=UNIMOD:35;TA=M;MT=Variable	NT=Acetyl;AC=UNIMOD:1;PP=Protein N-term;MT=Variable	NT=Deamidated;AC=UNIMOD:7;TA=N,Q;MT=Variable	7 ppm	20 ppm	not applicable	nonlinear 5-60% buffer B (80% acetonitrile, 0.5% formic acid) over 180 min at 250 nl/min	1	1	B.memory_04steady-state.raw	v1.1.0	NT=ms-proteomics;VV=v1.1.0	NT=human;VV=v1.1.0	NT=sdrf-skills;VV=v0.2.0	memory B cell	untreated
B.memory_steady-state_cellular_05	Homo sapiens	blood	memory B cell	normal	cell	adult	not available	not available	not available	not available	untreated	not applicable	5	Library_single.shot_73steady-state	proteomic profiling by mass spectrometry	NT=Q Exactive HF;AC=MS:1002523	label free sample	NT=Data-dependent acquisition;AC=PRIDE:0000627	NT=HCD;AC=MS:1000422	26 NCE	300m/z-1650m/z	NT=orbitrap;AC=MS:1000484	NT=Trypsin;AC=MS:1001251	NT=Lys-C;AC=MS:1001309	NT=Dithiothreitol (DTT);AC=PRIDE:0000608	NT=Iodoacetamide (IAA);AC=PRIDE:0000599	NT=Carbamidomethyl;AC=UNIMOD:4;TA=C;MT=Fixed	NT=Oxidation;AC=UNIMOD:35;TA=M;MT=Variable	NT=Acetyl;AC=UNIMOD:1;PP=Protein N-term;MT=Variable	NT=Deamidated;AC=UNIMOD:7;TA=N,Q;MT=Variable	7 ppm	20 ppm	not applicable	nonlinear 5-60% buffer B (80% acetonitrile, 0.5% formic acid) over 180 min at 250 nl/min	1	1	Library_single.shot_73steady-state.raw	v1.1.0	NT=ms-proteomics;VV=v1.1.0	NT=human;VV=v1.1.0	NT=sdrf-skills;VV=v0.2.0	memory B cell	untreated
B.memory_steady-state_cellular_06	Homo sapiens	blood	memory B cell	normal	cell	adult	not available	not available	not available	not available	untreated	not applicable	6	Library_single.shot_72steady-state	proteomic profiling by mass spectrometry	NT=Q Exactive HF;AC=MS:1002523	label free sample	NT=Data-dependent acquisition;AC=PRIDE:0000627	NT=HCD;AC=MS:1000422	26 NCE	300m/z-1650m/z	NT=orbitrap;AC=MS:1000484	NT=Trypsin;AC=MS:1001251	NT=Lys-C;AC=MS:1001309	NT=Dithiothreitol (DTT);AC=PRIDE:0000608	NT=Iodoacetamide (IAA);AC=PRIDE:0000599	NT=Carbamidomethyl;AC=UNIMOD:4;TA=C;MT=Fixed	NT=Oxidation;AC=UNIMOD:35;TA=M;MT=Variable	NT=Acetyl;AC=UNIMOD:1;PP=Protein N-term;MT=Variable	NT=Deamidated;AC=UNIMOD:7;TA=N,Q;MT=Variable	7 ppm	20 ppm	not applicable	nonlinear 5-60% buffer B (80% acetonitrile, 0.5% formic acid) over 180 min at 250 nl/min	1	1	Library_single.shot_72steady-state.raw	v1.1.0	NT=ms-proteomics;VV=v1.1.0	NT=human;VV=v1.1.0	NT=sdrf-skills;VV=v0.2.0	memory B cell	untreated
B.memory_steady-state_cellular_07	Homo sapiens	blood	memory B cell	normal	cell	adult	not available	not available	not available	not available	untreated	not applicable	7	Library_single.shot_57steady-state	proteomic profiling by mass spectrometry	NT=Q Exactive HF;AC=MS:1002523	label free sample	NT=Data-dependent acquisition;AC=PRIDE:0000627	NT=HCD;AC=MS:1000422	26 NCE	300m/z-1650m/z	NT=orbitrap;AC=MS:1000484	NT=Trypsin;AC=MS:1001251	NT=Lys-C;AC=MS:1001309	NT=Dithiothreitol (DTT);AC=PRIDE:0000608	NT=Iodoacetamide (IAA);AC=PRIDE:0000599	NT=Carbamidomethyl;AC=UNIMOD:4;TA=C;MT=Fixed	NT=Oxidation;AC=UNIMOD:35;TA=M;MT=Variable	NT=Acetyl;AC=UNIMOD:1;PP=Protein N-term;MT=Variable	NT=Deamidated;AC=UNIMOD:7;TA=N,Q;MT=Variable	7 ppm	20 ppm	not applicable	nonlinear 5-60% buffer B (80% acetonitrile, 0.5% formic acid) over 180 min at 250 nl/min	1	1	Library_single.shot_57steady-state.raw	v1.1.0	NT=ms-proteomics;VV=v1.1.0	NT=human;VV=v1.1.0	NT=sdrf-skills;VV=v0.2.0	memory B cell	untreated
B.memory_steady-state_cellular_08	Homo sapiens	blood	memory B cell	normal	cell	adult	not available	not available	not available	not available	untreated	not applicable	8	Library_single.shot_54steady-state	proteomic profiling by mass spectrometry	NT=Q Exactive HF;AC=MS:1002523	label free sample	NT=Data-dependent acquisition;AC=PRIDE:0000627	NT=HCD;AC=MS:1000422	26 NCE	300m/z-1650m/z	NT=orbitrap;AC=MS:1000484	NT=Trypsin;AC=MS:1001251	NT=Lys-C;AC=MS:1001309	NT=Dithiothreitol (DTT);AC=PRIDE:0000608	NT=Iodoacetamide (IAA);AC=PRIDE:0000599	NT=Carbamidomethyl;AC=UNIMOD:4;TA=C;MT=Fixed	NT=Oxidation;AC=UNIMOD:35;TA=M;MT=Variable	NT=Acetyl;AC=UNIMOD:1;PP=Protein N-term;MT=Variable	NT=Deamidated;AC=UNIMOD:7;TA=N,Q;MT=Variable	7 ppm	20 ppm	not applicable	nonlinear 5-60% buffer B (80% acetonitrile, 0.5% formic acid) over 180 min at 250 nl/min	1	1	Library_single.shot_54steady-state.raw	v1.1.0	NT=ms-proteomics;VV=v1.1.0	NT=human;VV=v1.1.0	NT=sdrf-skills;VV=v0.2.0	memory B cell	untreated
B.naive_BCR.CpG.CD40_cellular_01	Homo sapiens	blood	naive B cell	normal	cell	adult	not available	not available	not available	not available	anti-immunoglobulin, CpG oligodeoxynucleotide and anti-CD40 antibody cocktail	96 hour	1	B.naive_01activated	proteomic profiling by mass spectrometry	NT=Q Exactive HF;AC=MS:1002523	label free sample	NT=Data-dependent acquisition;AC=PRIDE:0000627	NT=HCD;AC=MS:1000422	26 NCE	300m/z-1650m/z	NT=orbitrap;AC=MS:1000484	NT=Trypsin;AC=MS:1001251	NT=Lys-C;AC=MS:1001309	NT=Dithiothreitol (DTT);AC=PRIDE:0000608	NT=Iodoacetamide (IAA);AC=PRIDE:0000599	NT=Carbamidomethyl;AC=UNIMOD:4;TA=C;MT=Fixed	NT=Oxidation;AC=UNIMOD:35;TA=M;MT=Variable	NT=Acetyl;AC=UNIMOD:1;PP=Protein N-term;MT=Variable	NT=Deamidated;AC=UNIMOD:7;TA=N,Q;MT=Variable	7 ppm	20 ppm	not applicable	nonlinear 5-60% buffer B (80% acetonitrile, 0.5% formic acid) over 180 min at 250 nl/min	1	1	B.naive_01activated.raw	v1.1.0	NT=ms-proteomics;VV=v1.1.0	NT=human;VV=v1.1.0	NT=sdrf-skills;VV=v0.2.0	naive B cell	anti-immunoglobulin, CpG oligodeoxynucleotide and anti-CD40 antibody cocktail
B.naive_BCR.CpG.CD40_cellular_02	Homo sapiens	blood	naive B cell	normal	cell	adult	not available	not available	not available	not available	anti-immunoglobulin, CpG oligodeoxynucleotide and anti-CD40 antibody cocktail	96 hour	2	B.naive_02activated	proteomic profiling by mass spectrometry	NT=Q Exactive HF;AC=MS:1002523	label free sample	NT=Data-dependent acquisition;AC=PRIDE:0000627	NT=HCD;AC=MS:1000422	26 NCE	300m/z-1650m/z	NT=orbitrap;AC=MS:1000484	NT=Trypsin;AC=MS:1001251	NT=Lys-C;AC=MS:1001309	NT=Dithiothreitol (DTT);AC=PRIDE:0000608	NT=Iodoacetamide (IAA);AC=PRIDE:0000599	NT=Carbamidomethyl;AC=UNIMOD:4;TA=C;MT=Fixed	NT=Oxidation;AC=UNIMOD:35;TA=M;MT=Variable	NT=Acetyl;AC=UNIMOD:1;PP=Protein N-term;MT=Variable	NT=Deamidated;AC=UNIMOD:7;TA=N,Q;MT=Variable	7 ppm	20 ppm	not applicable	nonlinear 5-60% buffer B (80% acetonitrile, 0.5% formic acid) over 180 min at 250 nl/min	1	1	B.naive_02activated.raw	v1.1.0	NT=ms-proteomics;VV=v1.1.0	NT=human;VV=v1.1.0	NT=sdrf-skills;VV=v0.2.0	naive B cell	anti-immunoglobulin, CpG oligodeoxynucleotide and anti-CD40 antibody cocktail
B.naive_BCR.CpG.CD40_cellular_03	Homo sapiens	blood	naive B cell	normal	cell	adult	not available	not available	not available	not available	anti-immunoglobulin, CpG oligodeoxynucleotide and anti-CD40 antibody cocktail	96 hour	3	B.naive_03activated	proteomic profiling by mass spectrometry	NT=Q Exactive HF;AC=MS:1002523	label free sample	NT=Data-dependent acquisition;AC=PRIDE:0000627	NT=HCD;AC=MS:1000422	26 NCE	300m/z-1650m/z	NT=orbitrap;AC=MS:1000484	NT=Trypsin;AC=MS:1001251	NT=Lys-C;AC=MS:1001309	NT=Dithiothreitol (DTT);AC=PRIDE:0000608	NT=Iodoacetamide (IAA);AC=PRIDE:0000599	NT=Carbamidomethyl;AC=UNIMOD:4;TA=C;MT=Fixed	NT=Oxidation;AC=UNIMOD:35;TA=M;MT=Variable	NT=Acetyl;AC=UNIMOD:1;PP=Protein N-term;MT=Variable	NT=Deamidated;AC=UNIMOD:7;TA=N,Q;MT=Variable	7 ppm	20 ppm	not applicable	nonlinear 5-60% buffer B (80% acetonitrile, 0.5% formic acid) over 180 min at 250 nl/min	1	1	B.naive_03activated.raw	v1.1.0	NT=ms-proteomics;VV=v1.1.0	NT=human;VV=v1.1.0	NT=sdrf-skills;VV=v0.2.0	naive B cell	anti-immunoglobulin, CpG oligodeoxynucleotide and anti-CD40 antibody cocktail
B.naive_BCR.CpG.CD40_cellular_04	Homo sapiens	blood	naive B cell	normal	cell	adult	not available	not available	not available	not available	anti-immunoglobulin, CpG oligodeoxynucleotide and anti-CD40 antibody cocktail	96 hour	4	B.naive_04activated	proteomic profiling by mass spectrometry	NT=Q Exactive HF;AC=MS:1002523	label free sample	NT=Data-dependent acquisition;AC=PRIDE:0000627	NT=HCD;AC=MS:1000422	26 NCE	300m/z-1650m/z	NT=orbitrap;AC=MS:1000484	NT=Trypsin;AC=MS:1001251	NT=Lys-C;AC=MS:1001309	NT=Dithiothreitol (DTT);AC=PRIDE:0000608	NT=Iodoacetamide (IAA);AC=PRIDE:0000599	NT=Carbamidomethyl;AC=UNIMOD:4;TA=C;MT=Fixed	NT=Oxidation;AC=UNIMOD:35;TA=M;MT=Variable	NT=Acetyl;AC=UNIMOD:1;PP=Protein N-term;MT=Variable	NT=Deamidated;AC=UNIMOD:7;TA=N,Q;MT=Variable	7 ppm	20 ppm	not applicable	nonlinear 5-60% buffer B (80% acetonitrile, 0.5% formic acid) over 180 min at 250 nl/min	1	1	B.naive_04activated.raw	v1.1.0	NT=ms-proteomics;VV=v1.1.0	NT=human;VV=v1.1.0	NT=sdrf-skills;VV=v0.2.0	naive B cell	anti-immunoglobulin, CpG oligodeoxynucleotide and anti-CD40 antibody cocktail
B.naive_BCR.CpG.CD40_cellular_05	Homo sapiens	blood	naive B cell	normal	cell	adult	not available	not available	not available	not available	anti-immunoglobulin, CpG oligodeoxynucleotide and anti-CD40 antibody cocktail	96 hour	5	Library_single.shot_27activated	proteomic profiling by mass spectrometry	NT=Q Exactive HF;AC=MS:1002523	label free sample	NT=Data-dependent acquisition;AC=PRIDE:0000627	NT=HCD;AC=MS:1000422	26 NCE	300m/z-1650m/z	NT=orbitrap;AC=MS:1000484	NT=Trypsin;AC=MS:1001251	NT=Lys-C;AC=MS:1001309	NT=Dithiothreitol (DTT);AC=PRIDE:0000608	NT=Iodoacetamide (IAA);AC=PRIDE:0000599	NT=Carbamidomethyl;AC=UNIMOD:4;TA=C;MT=Fixed	NT=Oxidation;AC=UNIMOD:35;TA=M;MT=Variable	NT=Acetyl;AC=UNIMOD:1;PP=Protein N-term;MT=Variable	NT=Deamidated;AC=UNIMOD:7;TA=N,Q;MT=Variable	7 ppm	20 ppm	not applicable	nonlinear 5-60% buffer B (80% acetonitrile, 0.5% formic acid) over 180 min at 250 nl/min	1	1	Library_single.shot_27activated.raw	v1.1.0	NT=ms-proteomics;VV=v1.1.0	NT=human;VV=v1.1.0	NT=sdrf-skills;VV=v0.2.0	naive B cell	anti-immunoglobulin, CpG oligodeoxynucleotide and anti-CD40 antibody cocktail
B.naive_BCR.CpG.CD40_cellular_06	Homo sapiens	blood	naive B cell	normal	cell	adult	not available	not available	not available	not available	anti-immunoglobulin, CpG oligodeoxynucleotide and anti-CD40 antibody cocktail	96 hour	6	Library_single.shot_25activated	proteomic profiling by mass spectrometry	NT=Q Exactive HF;AC=MS:1002523	label free sample	NT=Data-dependent acquisition;AC=PRIDE:0000627	NT=HCD;AC=MS:1000422	26 NCE	300m/z-1650m/z	NT=orbitrap;AC=MS:1000484	NT=Trypsin;AC=MS:1001251	NT=Lys-C;AC=MS:1001309	NT=Dithiothreitol (DTT);AC=PRIDE:0000608	NT=Iodoacetamide (IAA);AC=PRIDE:0000599	NT=Carbamidomethyl;AC=UNIMOD:4;TA=C;MT=Fixed	NT=Oxidation;AC=UNIMOD:35;TA=M;MT=Variable	NT=Acetyl;AC=UNIMOD:1;PP=Protein N-term;MT=Variable	NT=Deamidated;AC=UNIMOD:7;TA=N,Q;MT=Variable	7 ppm	20 ppm	not applicable	nonlinear 5-60% buffer B (80% acetonitrile, 0.5% formic acid) over 180 min at 250 nl/min	1	1	Library_single.shot_25activated.raw	v1.1.0	NT=ms-proteomics;VV=v1.1.0	NT=human;VV=v1.1.0	NT=sdrf-skills;VV=v0.2.0	naive B cell	anti-immunoglobulin, CpG oligodeoxynucleotide and anti-CD40 antibody cocktail
B.naive_steady-state_cellular_01	Homo sapiens	blood	naive B cell	normal	cell	adult	not available	not available	not available	not available	untreated	not applicable	1	B.naive_01steady-state	proteomic profiling by mass spectrometry	NT=Q Exactive HF;AC=MS:1002523	label free sample	NT=Data-dependent acquisition;AC=PRIDE:0000627	NT=HCD;AC=MS:1000422	26 NCE	300m/z-1650m/z	NT=orbitrap;AC=MS:1000484	NT=Trypsin;AC=MS:1001251	NT=Lys-C;AC=MS:1001309	NT=Dithiothreitol (DTT);AC=PRIDE:0000608	NT=Iodoacetamide (IAA);AC=PRIDE:0000599	NT=Carbamidomethyl;AC=UNIMOD:4;TA=C;MT=Fixed	NT=Oxidation;AC=UNIMOD:35;TA=M;MT=Variable	NT=Acetyl;AC=UNIMOD:1;PP=Protein N-term;MT=Variable	NT=Deamidated;AC=UNIMOD:7;TA=N,Q;MT=Variable	7 ppm	20 ppm	not applicable	nonlinear 5-60% buffer B (80% acetonitrile, 0.5% formic acid) over 180 min at 250 nl/min	1	1	B.naive_01steady-state.raw	v1.1.0	NT=ms-proteomics;VV=v1.1.0	NT=human;VV=v1.1.0	NT=sdrf-skills;VV=v0.2.0	naive B cell	untreated
B.naive_steady-state_cellular_02	Homo sapiens	blood	naive B cell	normal	cell	adult	not available	not available	not available	not available	untreated	not applicable	2	B.naive_02steady-state	proteomic profiling by mass spectrometry	NT=Q Exactive HF;AC=MS:1002523	label free sample	NT=Data-dependent acquisition;AC=PRIDE:0000627	NT=HCD;AC=MS:1000422	26 NCE	300m/z-1650m/z	NT=orbitrap;AC=MS:1000484	NT=Trypsin;AC=MS:1001251	NT=Lys-C;AC=MS:1001309	NT=Dithiothreitol (DTT);AC=PRIDE:0000608	NT=Iodoacetamide (IAA);AC=PRIDE:0000599	NT=Carbamidomethyl;AC=UNIMOD:4;TA=C;MT=Fixed	NT=Oxidation;AC=UNIMOD:35;TA=M;MT=Variable	NT=Acetyl;AC=UNIMOD:1;PP=Protein N-term;MT=Variable	NT=Deamidated;AC=UNIMOD:7;TA=N,Q;MT=Variable	7 ppm	20 ppm	not applicable	nonlinear 5-60% buffer B (80% acetonitrile, 0.5% formic acid) over 180 min at 250 nl/min	1	1	B.naive_02steady-state.raw	v1.1.0	NT=ms-proteomics;VV=v1.1.0	NT=human;VV=v1.1.0	NT=sdrf-skills;VV=v0.2.0	naive B cell	untreated
B.naive_steady-state_cellular_03	Homo sapiens	blood	naive B cell	normal	cell	adult	not available	not available	not available	not available	untreated	not applicable	3	B.naive_03steady-state	proteomic profiling by mass spectrometry	NT=Q Exactive HF;AC=MS:1002523	label free sample	NT=Data-dependent acquisition;AC=PRIDE:0000627	NT=HCD;AC=MS:1000422	26 NCE	300m/z-1650m/z	NT=orbitrap;AC=MS:1000484	NT=Trypsin;AC=MS:1001251	NT=Lys-C;AC=MS:1001309	NT=Dithiothreitol (DTT);AC=PRIDE:0000608	NT=Iodoacetamide (IAA);AC=PRIDE:0000599	NT=Carbamidomethyl;AC=UNIMOD:4;TA=C;MT=Fixed	NT=Oxidation;AC=UNIMOD:35;TA=M;MT=Variable	NT=Acetyl;AC=UNIMOD:1;PP=Protein N-term;MT=Variable	NT=Deamidated;AC=UNIMOD:7;TA=N,Q;MT=Variable	7 ppm	20 ppm	not applicable	nonlinear 5-60% buffer B (80% acetonitrile, 0.5% formic acid) over 180 min at 250 nl/min	1	1	B.naive_03steady-state.raw	v1.1.0	NT=ms-proteomics;VV=v1.1.0	NT=human;VV=v1.1.0	NT=sdrf-skills;VV=v0.2.0	naive B cell	untreated
B.naive_steady-state_cellular_04	Homo sapiens	blood	naive B cell	normal	cell	adult	not available	not available	not available	not available	untreated	not applicable	4	B.naive_04steady-state	proteomic profiling by mass spectrometry	NT=Q Exactive HF;AC=MS:1002523	label free sample	NT=Data-dependent acquisition;AC=PRIDE:0000627	NT=HCD;AC=MS:1000422	26 NCE	300m/z-1650m/z	NT=orbitrap;AC=MS:1000484	NT=Trypsin;AC=MS:1001251	NT=Lys-C;AC=MS:1001309	NT=Dithiothreitol (DTT);AC=PRIDE:0000608	NT=Iodoacetamide (IAA);AC=PRIDE:0000599	NT=Carbamidomethyl;AC=UNIMOD:4;TA=C;MT=Fixed	NT=Oxidation;AC=UNIMOD:35;TA=M;MT=Variable	NT=Acetyl;AC=UNIMOD:1;PP=Protein N-term;MT=Variable	NT=Deamidated;AC=UNIMOD:7;TA=N,Q;MT=Variable	7 ppm	20 ppm	not applicable	nonlinear 5-60% buffer B (80% acetonitrile, 0.5% formic acid) over 180 min at 250 nl/min	1	1	B.naive_04steady-state.raw	v1.1.0	NT=ms-proteomics;VV=v1.1.0	NT=human;VV=v1.1.0	NT=sdrf-skills;VV=v0.2.0	naive B cell	untreated
B.plasma_steady-state_cellular_01	Homo sapiens	blood	plasmablast	normal	cell	adult	not available	not available	not available	not available	untreated	not applicable	1	B.plasma_01steady-state	proteomic profiling by mass spectrometry	NT=Q Exactive HF;AC=MS:1002523	label free sample	NT=Data-dependent acquisition;AC=PRIDE:0000627	NT=HCD;AC=MS:1000422	26 NCE	300m/z-1650m/z	NT=orbitrap;AC=MS:1000484	NT=Trypsin;AC=MS:1001251	NT=Lys-C;AC=MS:1001309	NT=Dithiothreitol (DTT);AC=PRIDE:0000608	NT=Iodoacetamide (IAA);AC=PRIDE:0000599	NT=Carbamidomethyl;AC=UNIMOD:4;TA=C;MT=Fixed	NT=Oxidation;AC=UNIMOD:35;TA=M;MT=Variable	NT=Acetyl;AC=UNIMOD:1;PP=Protein N-term;MT=Variable	NT=Deamidated;AC=UNIMOD:7;TA=N,Q;MT=Variable	7 ppm	20 ppm	not applicable	nonlinear 5-60% buffer B (80% acetonitrile, 0.5% formic acid) over 180 min at 250 nl/min	1	1	B.plasma_01steady-state.raw	v1.1.0	NT=ms-proteomics;VV=v1.1.0	NT=human;VV=v1.1.0	NT=sdrf-skills;VV=v0.2.0	plasmablast	untreated
B.plasma_steady-state_cellular_02	Homo sapiens	blood	plasmablast	normal	cell	adult	not available	not available	not available	not available	untreated	not applicable	2	B.plasma_02steady-state	proteomic profiling by mass spectrometry	NT=Q Exactive HF;AC=MS:1002523	label free sample	NT=Data-dependent acquisition;AC=PRIDE:0000627	NT=HCD;AC=MS:1000422	26 NCE	300m/z-1650m/z	NT=orbitrap;AC=MS:1000484	NT=Trypsin;AC=MS:1001251	NT=Lys-C;AC=MS:1001309	NT=Dithiothreitol (DTT);AC=PRIDE:0000608	NT=Iodoacetamide (IAA);AC=PRIDE:0000599	NT=Carbamidomethyl;AC=UNIMOD:4;TA=C;MT=Fixed	NT=Oxidation;AC=UNIMOD:35;TA=M;MT=Variable	NT=Acetyl;AC=UNIMOD:1;PP=Protein N-term;MT=Variable	NT=Deamidated;AC=UNIMOD:7;TA=N,Q;MT=Variable	7 ppm	20 ppm	not applicable	nonlinear 5-60% buffer B (80% acetonitrile, 0.5% formic acid) over 180 min at 250 nl/min	1	1	B.plasma_02steady-state.raw	v1.1.0	NT=ms-proteomics;VV=v1.1.0	NT=human;VV=v1.1.0	NT=sdrf-skills;VV=v0.2.0	plasmablast	untreated
B.plasma_steady-state_cellular_03	Homo sapiens	blood	plasmablast	normal	cell	adult	not available	not available	not available	not available	untreated	not applicable	3	B.plasma_03steady-state	proteomic profiling by mass spectrometry	NT=Q Exactive HF;AC=MS:1002523	label free sample	NT=Data-dependent acquisition;AC=PRIDE:0000627	NT=HCD;AC=MS:1000422	26 NCE	300m/z-1650m/z	NT=orbitrap;AC=MS:1000484	NT=Trypsin;AC=MS:1001251	NT=Lys-C;AC=MS:1001309	NT=Dithiothreitol (DTT);AC=PRIDE:0000608	NT=Iodoacetamide (IAA);AC=PRIDE:0000599	NT=Carbamidomethyl;AC=UNIMOD:4;TA=C;MT=Fixed	NT=Oxidation;AC=UNIMOD:35;TA=M;MT=Variable	NT=Acetyl;AC=UNIMOD:1;PP=Protein N-term;MT=Variable	NT=Deamidated;AC=UNIMOD:7;TA=N,Q;MT=Variable	7 ppm	20 ppm	not applicable	nonlinear 5-60% buffer B (80% acetonitrile, 0.5% formic acid) over 180 min at 250 nl/min	1	1	B.plasma_03steady-state.raw	v1.1.0	NT=ms-proteomics;VV=v1.1.0	NT=human;VV=v1.1.0	NT=sdrf-skills;VV=v0.2.0	plasmablast	untreated
B.plasma_steady-state_cellular_04	Homo sapiens	blood	plasmablast	normal	cell	adult	not available	not available	not available	not available	untreated	not applicable	4	B.plasma_04steady-state	proteomic profiling by mass spectrometry	NT=Q Exactive HF;AC=MS:1002523	label free sample	NT=Data-dependent acquisition;AC=PRIDE:0000627	NT=HCD;AC=MS:1000422	26 NCE	300m/z-1650m/z	NT=orbitrap;AC=MS:1000484	NT=Trypsin;AC=MS:1001251	NT=Lys-C;AC=MS:1001309	NT=Dithiothreitol (DTT);AC=PRIDE:0000608	NT=Iodoacetamide (IAA);AC=PRIDE:0000599	NT=Carbamidomethyl;AC=UNIMOD:4;TA=C;MT=Fixed	NT=Oxidation;AC=UNIMOD:35;TA=M;MT=Variable	NT=Acetyl;AC=UNIMOD:1;PP=Protein N-term;MT=Variable	NT=Deamidated;AC=UNIMOD:7;TA=N,Q;MT=Variable	7 ppm	20 ppm	not applicable	nonlinear 5-60% buffer B (80% acetonitrile, 0.5% formic acid) over 180 min at 250 nl/min	1	1	B.plasma_04steady-state.raw	v1.1.0	NT=ms-proteomics;VV=v1.1.0	NT=human;VV=v1.1.0	NT=sdrf-skills;VV=v0.2.0	plasmablast	untreated
B.plasma_steady-state_cellular_05	Homo sapiens	blood	plasmablast	normal	cell	adult	not available	not available	not available	not available	untreated	not applicable	5	Library_single.shot_14steady-state	proteomic profiling by mass spectrometry	NT=Q Exactive HF;AC=MS:1002523	label free sample	NT=Data-dependent acquisition;AC=PRIDE:0000627	NT=HCD;AC=MS:1000422	26 NCE	300m/z-1650m/z	NT=orbitrap;AC=MS:1000484	NT=Trypsin;AC=MS:1001251	NT=Lys-C;AC=MS:1001309	NT=Dithiothreitol (DTT);AC=PRIDE:0000608	NT=Iodoacetamide (IAA);AC=PRIDE:0000599	NT=Carbamidomethyl;AC=UNIMOD:4;TA=C;MT=Fixed	NT=Oxidation;AC=UNIMOD:35;TA=M;MT=Variable	NT=Acetyl;AC=UNIMOD:1;PP=Protein N-term;MT=Variable	NT=Deamidated;AC=UNIMOD:7;TA=N,Q;MT=Variable	7 ppm	20 ppm	not applicable	nonlinear 5-60% buffer B (80% acetonitrile, 0.5% formic acid) over 180 min at 250 nl/min	1	1	Library_single.shot_14steady-state.raw	v1.1.0	NT=ms-proteomics;VV=v1.1.0	NT=human;VV=v1.1.0	NT=sdrf-skills;VV=v0.2.0	plasmablast	untreated
B.plasma_steady-state_cellular_06	Homo sapiens	blood	plasmablast	normal	cell	adult	not available	not available	not available	not available	untreated	not applicable	6	Library_single.shot_13steady-state	proteomic profiling by mass spectrometry	NT=Q Exactive HF;AC=MS:1002523	label free sample	NT=Data-dependent acquisition;AC=PRIDE:0000627	NT=HCD;AC=MS:1000422	26 NCE	300m/z-1650m/z	NT=orbitrap;AC=MS:1000484	NT=Trypsin;AC=MS:1001251	NT=Lys-C;AC=MS:1001309	NT=Dithiothreitol (DTT);AC=PRIDE:0000608	NT=Iodoacetamide (IAA);AC=PRIDE:0000599	NT=Carbamidomethyl;AC=UNIMOD:4;TA=C;MT=Fixed	NT=Oxidation;AC=UNIMOD:35;TA=M;MT=Variable	NT=Acetyl;AC=UNIMOD:1;PP=Protein N-term;MT=Variable	NT=Deamidated;AC=UNIMOD:7;TA=N,Q;MT=Variable	7 ppm	20 ppm	not applicable	nonlinear 5-60% buffer B (80% acetonitrile, 0.5% formic acid) over 180 min at 250 nl/min	1	1	Library_single.shot_13steady-state.raw	v1.1.0	NT=ms-proteomics;VV=v1.1.0	NT=human;VV=v1.1.0	NT=sdrf-skills;VV=v0.2.0	plasmablast	untreated
B.plasma_steady-state_cellular_07	Homo sapiens	blood	plasmablast	normal	cell	adult	not available	not available	not available	not available	untreated	not applicable	7	Library_single.shot_7steady-state	proteomic profiling by mass spectrometry	NT=Q Exactive HF;AC=MS:1002523	label free sample	NT=Data-dependent acquisition;AC=PRIDE:0000627	NT=HCD;AC=MS:1000422	26 NCE	300m/z-1650m/z	NT=orbitrap;AC=MS:1000484	NT=Trypsin;AC=MS:1001251	NT=Lys-C;AC=MS:1001309	NT=Dithiothreitol (DTT);AC=PRIDE:0000608	NT=Iodoacetamide (IAA);AC=PRIDE:0000599	NT=Carbamidomethyl;AC=UNIMOD:4;TA=C;MT=Fixed	NT=Oxidation;AC=UNIMOD:35;TA=M;MT=Variable	NT=Acetyl;AC=UNIMOD:1;PP=Protein N-term;MT=Variable	NT=Deamidated;AC=UNIMOD:7;TA=N,Q;MT=Variable	7 ppm	20 ppm	not applicable	nonlinear 5-60% buffer B (80% acetonitrile, 0.5% formic acid) over 180 min at 250 nl/min	1	1	Library_single.shot_7steady-state.raw	v1.1.0	NT=ms-proteomics;VV=v1.1.0	NT=human;VV=v1.1.0	NT=sdrf-skills;VV=v0.2.0	plasmablast	untreated
B.plasma_steady-state_cellular_08	Homo sapiens	blood	plasmablast	normal	cell	adult	not available	not available	not available	not available	untreated	not applicable	8	Library_single.shot_6steady-state	proteomic profiling by mass spectrometry	NT=Q Exactive HF;AC=MS:1002523	label free sample	NT=Data-dependent acquisition;AC=PRIDE:0000627	NT=HCD;AC=MS:1000422	26 NCE	300m/z-1650m/z	NT=orbitrap;AC=MS:1000484	NT=Trypsin;AC=MS:1001251	NT=Lys-C;AC=MS:1001309	NT=Dithiothreitol (DTT);AC=PRIDE:0000608	NT=Iodoacetamide (IAA);AC=PRIDE:0000599	NT=Carbamidomethyl;AC=UNIMOD:4;TA=C;MT=Fixed	NT=Oxidation;AC=UNIMOD:35;TA=M;MT=Variable	NT=Acetyl;AC=UNIMOD:1;PP=Protein N-term;MT=Variable	NT=Deamidated;AC=UNIMOD:7;TA=N,Q;MT=Variable	7 ppm	20 ppm	not applicable	nonlinear 5-60% buffer B (80% acetonitrile, 0.5% formic acid) over 180 min at 250 nl/min	1	1	Library_single.shot_6steady-state.raw	v1.1.0	NT=ms-proteomics;VV=v1.1.0	NT=human;VV=v1.1.0	NT=sdrf-skills;VV=v0.2.0	plasmablast	untreated
Basophil_steady-state_cellular_01	Homo sapiens	blood	basophil	normal	cell	adult	not available	not available	not available	not available	untreated	not applicable	1	Basophil_01steady-state	proteomic profiling by mass spectrometry	NT=Q Exactive HF;AC=MS:1002523	label free sample	NT=Data-dependent acquisition;AC=PRIDE:0000627	NT=HCD;AC=MS:1000422	26 NCE	300m/z-1650m/z	NT=orbitrap;AC=MS:1000484	NT=Trypsin;AC=MS:1001251	NT=Lys-C;AC=MS:1001309	NT=Dithiothreitol (DTT);AC=PRIDE:0000608	NT=Iodoacetamide (IAA);AC=PRIDE:0000599	NT=Carbamidomethyl;AC=UNIMOD:4;TA=C;MT=Fixed	NT=Oxidation;AC=UNIMOD:35;TA=M;MT=Variable	NT=Acetyl;AC=UNIMOD:1;PP=Protein N-term;MT=Variable	NT=Deamidated;AC=UNIMOD:7;TA=N,Q;MT=Variable	7 ppm	20 ppm	not applicable	nonlinear 5-60% buffer B (80% acetonitrile, 0.5% formic acid) over 180 min at 250 nl/min	1	1	Basophil_01steady-state.raw	v1.1.0	NT=ms-proteomics;VV=v1.1.0	NT=human;VV=v1.1.0	NT=sdrf-skills;VV=v0.2.0	basophil	untreated
Basophil_steady-state_cellular_02	Homo sapiens	blood	basophil	normal	cell	adult	not available	not available	not available	not available	untreated	not applicable	2	Basophil_02steady-state	proteomic profiling by mass spectrometry	NT=Q Exactive HF;AC=MS:1002523	label free sample	NT=Data-dependent acquisition;AC=PRIDE:0000627	NT=HCD;AC=MS:1000422	26 NCE	300m/z-1650m/z	NT=orbitrap;AC=MS:1000484	NT=Trypsin;AC=MS:1001251	NT=Lys-C;AC=MS:1001309	NT=Dithiothreitol (DTT);AC=PRIDE:0000608	NT=Iodoacetamide (IAA);AC=PRIDE:0000599	NT=Carbamidomethyl;AC=UNIMOD:4;TA=C;MT=Fixed	NT=Oxidation;AC=UNIMOD:35;TA=M;MT=Variable	NT=Acetyl;AC=UNIMOD:1;PP=Protein N-term;MT=Variable	NT=Deamidated;AC=UNIMOD:7;TA=N,Q;MT=Variable	7 ppm	20 ppm	not applicable	nonlinear 5-60% buffer B (80% acetonitrile, 0.5% formic acid) over 180 min at 250 nl/min	1	1	Basophil_02steady-state.raw	v1.1.0	NT=ms-proteomics;VV=v1.1.0	NT=human;VV=v1.1.0	NT=sdrf-skills;VV=v0.2.0	basophil	untreated
Basophil_steady-state_cellular_03	Homo sapiens	blood	basophil	normal	cell	adult	not available	not available	not available	not available	untreated	not applicable	3	Basophil_03steady-state	proteomic profiling by mass spectrometry	NT=Q Exactive HF;AC=MS:1002523	label free sample	NT=Data-dependent acquisition;AC=PRIDE:0000627	NT=HCD;AC=MS:1000422	26 NCE	300m/z-1650m/z	NT=orbitrap;AC=MS:1000484	NT=Trypsin;AC=MS:1001251	NT=Lys-C;AC=MS:1001309	NT=Dithiothreitol (DTT);AC=PRIDE:0000608	NT=Iodoacetamide (IAA);AC=PRIDE:0000599	NT=Carbamidomethyl;AC=UNIMOD:4;TA=C;MT=Fixed	NT=Oxidation;AC=UNIMOD:35;TA=M;MT=Variable	NT=Acetyl;AC=UNIMOD:1;PP=Protein N-term;MT=Variable	NT=Deamidated;AC=UNIMOD:7;TA=N,Q;MT=Variable	7 ppm	20 ppm	not applicable	nonlinear 5-60% buffer B (80% acetonitrile, 0.5% formic acid) over 180 min at 250 nl/min	1	1	Basophil_03steady-state.raw	v1.1.0	NT=ms-proteomics;VV=v1.1.0	NT=human;VV=v1.1.0	NT=sdrf-skills;VV=v0.2.0	basophil	untreated
Basophil_steady-state_cellular_04	Homo sapiens	blood	basophil	normal	cell	adult	not available	not available	not available	not available	untreated	not applicable	4	Basophil_04steady-state	proteomic profiling by mass spectrometry	NT=Q Exactive HF;AC=MS:1002523	label free sample	NT=Data-dependent acquisition;AC=PRIDE:0000627	NT=HCD;AC=MS:1000422	26 NCE	300m/z-1650m/z	NT=orbitrap;AC=MS:1000484	NT=Trypsin;AC=MS:1001251	NT=Lys-C;AC=MS:1001309	NT=Dithiothreitol (DTT);AC=PRIDE:0000608	NT=Iodoacetamide (IAA);AC=PRIDE:0000599	NT=Carbamidomethyl;AC=UNIMOD:4;TA=C;MT=Fixed	NT=Oxidation;AC=UNIMOD:35;TA=M;MT=Variable	NT=Acetyl;AC=UNIMOD:1;PP=Protein N-term;MT=Variable	NT=Deamidated;AC=UNIMOD:7;TA=N,Q;MT=Variable	7 ppm	20 ppm	not applicable	nonlinear 5-60% buffer B (80% acetonitrile, 0.5% formic acid) over 180 min at 250 nl/min	1	1	Basophil_04steady-state.raw	v1.1.0	NT=ms-proteomics;VV=v1.1.0	NT=human;VV=v1.1.0	NT=sdrf-skills;VV=v0.2.0	basophil	untreated
Basophil_steady-state_cellular_05	Homo sapiens	blood	basophil	normal	cell	adult	not available	not available	not available	not available	untreated	not applicable	5	Library_single.shot_82steady-state	proteomic profiling by mass spectrometry	NT=Q Exactive HF;AC=MS:1002523	label free sample	NT=Data-dependent acquisition;AC=PRIDE:0000627	NT=HCD;AC=MS:1000422	26 NCE	300m/z-1650m/z	NT=orbitrap;AC=MS:1000484	NT=Trypsin;AC=MS:1001251	NT=Lys-C;AC=MS:1001309	NT=Dithiothreitol (DTT);AC=PRIDE:0000608	NT=Iodoacetamide (IAA);AC=PRIDE:0000599	NT=Carbamidomethyl;AC=UNIMOD:4;TA=C;MT=Fixed	NT=Oxidation;AC=UNIMOD:35;TA=M;MT=Variable	NT=Acetyl;AC=UNIMOD:1;PP=Protein N-term;MT=Variable	NT=Deamidated;AC=UNIMOD:7;TA=N,Q;MT=Variable	7 ppm	20 ppm	not applicable	nonlinear 5-60% buffer B (80% acetonitrile, 0.5% formic acid) over 180 min at 250 nl/min	1	1	Library_single.shot_82steady-state.raw	v1.1.0	NT=ms-proteomics;VV=v1.1.0	NT=human;VV=v1.1.0	NT=sdrf-skills;VV=v0.2.0	basophil	untreated
CD4.Tcell.bulk_steady-state_cellular_01	Homo sapiens	blood	CD4-positive, alpha-beta T cell	normal	cell	adult	not available	not available	not available	not available	untreated	not applicable	1	Library_single.shot_16steady-state	proteomic profiling by mass spectrometry	NT=Q Exactive HF;AC=MS:1002523	label free sample	NT=Data-dependent acquisition;AC=PRIDE:0000627	NT=HCD;AC=MS:1000422	26 NCE	300m/z-1650m/z	NT=orbitrap;AC=MS:1000484	NT=Trypsin;AC=MS:1001251	NT=Lys-C;AC=MS:1001309	NT=Dithiothreitol (DTT);AC=PRIDE:0000608	NT=Iodoacetamide (IAA);AC=PRIDE:0000599	NT=Carbamidomethyl;AC=UNIMOD:4;TA=C;MT=Fixed	NT=Oxidation;AC=UNIMOD:35;TA=M;MT=Variable	NT=Acetyl;AC=UNIMOD:1;PP=Protein N-term;MT=Variable	NT=Deamidated;AC=UNIMOD:7;TA=N,Q;MT=Variable	7 ppm	20 ppm	not applicable	nonlinear 5-60% buffer B (80% acetonitrile, 0.5% formic acid) over 180 min at 250 nl/min	1	1	Library_single.shot_16steady-state.raw	v1.1.0	NT=ms-proteomics;VV=v1.1.0	NT=human;VV=v1.1.0	NT=sdrf-skills;VV=v0.2.0	CD4-positive, alpha-beta T cell	untreated
CD4.Tcell.bulk_steady-state_cellular_01	Homo sapiens	blood	CD4-positive, alpha-beta T cell	normal	cell	adult	not available	not available	not available	not available	untreated	not applicable	1	Library_single.shot_87steady-state	proteomic profiling by mass spectrometry	NT=Q Exactive HF;AC=MS:1002523	label free sample	NT=Data-dependent acquisition;AC=PRIDE:0000627	NT=HCD;AC=MS:1000422	26 NCE	300m/z-1650m/z	NT=orbitrap;AC=MS:1000484	NT=Trypsin;AC=MS:1001251	NT=Lys-C;AC=MS:1001309	NT=Dithiothreitol (DTT);AC=PRIDE:0000608	NT=Iodoacetamide (IAA);AC=PRIDE:0000599	NT=Carbamidomethyl;AC=UNIMOD:4;TA=C;MT=Fixed	NT=Oxidation;AC=UNIMOD:35;TA=M;MT=Variable	NT=Acetyl;AC=UNIMOD:1;PP=Protein N-term;MT=Variable	NT=Deamidated;AC=UNIMOD:7;TA=N,Q;MT=Variable	7 ppm	20 ppm	not applicable	nonlinear 5-60% buffer B (80% acetonitrile, 0.5% formic acid) over 180 min at 250 nl/min	1	2	Library_single.shot_87steady-state.raw	v1.1.0	NT=ms-proteomics;VV=v1.1.0	NT=human;VV=v1.1.0	NT=sdrf-skills;VV=v0.2.0	CD4-positive, alpha-beta T cell	untreated
CD4.Tcell.bulk_steady-state_cellular_02	Homo sapiens	blood	CD4-positive, alpha-beta T cell	normal	cell	adult	not available	not available	not available	not available	untreated	not applicable	2	Library_single.shot_86steady-state	proteomic profiling by mass spectrometry	NT=Q Exactive HF;AC=MS:1002523	label free sample	NT=Data-dependent acquisition;AC=PRIDE:0000627	NT=HCD;AC=MS:1000422	26 NCE	300m/z-1650m/z	NT=orbitrap;AC=MS:1000484	NT=Trypsin;AC=MS:1001251	NT=Lys-C;AC=MS:1001309	NT=Dithiothreitol (DTT);AC=PRIDE:0000608	NT=Iodoacetamide (IAA);AC=PRIDE:0000599	NT=Carbamidomethyl;AC=UNIMOD:4;TA=C;MT=Fixed	NT=Oxidation;AC=UNIMOD:35;TA=M;MT=Variable	NT=Acetyl;AC=UNIMOD:1;PP=Protein N-term;MT=Variable	NT=Deamidated;AC=UNIMOD:7;TA=N,Q;MT=Variable	7 ppm	20 ppm	not applicable	nonlinear 5-60% buffer B (80% acetonitrile, 0.5% formic acid) over 180 min at 250 nl/min	1	1	Library_single.shot_86steady-state.raw	v1.1.0	NT=ms-proteomics;VV=v1.1.0	NT=human;VV=v1.1.0	NT=sdrf-skills;VV=v0.2.0	CD4-positive, alpha-beta T cell	untreated
CD8.Tcell.bulk_steady-state_cellular_01	Homo sapiens	blood	CD8-positive, alpha-beta T cell	normal	cell	adult	not available	not available	not available	not available	untreated	not applicable	1	Library_single.shot_18steady-state	proteomic profiling by mass spectrometry	NT=Q Exactive HF;AC=MS:1002523	label free sample	NT=Data-dependent acquisition;AC=PRIDE:0000627	NT=HCD;AC=MS:1000422	26 NCE	300m/z-1650m/z	NT=orbitrap;AC=MS:1000484	NT=Trypsin;AC=MS:1001251	NT=Lys-C;AC=MS:1001309	NT=Dithiothreitol (DTT);AC=PRIDE:0000608	NT=Iodoacetamide (IAA);AC=PRIDE:0000599	NT=Carbamidomethyl;AC=UNIMOD:4;TA=C;MT=Fixed	NT=Oxidation;AC=UNIMOD:35;TA=M;MT=Variable	NT=Acetyl;AC=UNIMOD:1;PP=Protein N-term;MT=Variable	NT=Deamidated;AC=UNIMOD:7;TA=N,Q;MT=Variable	7 ppm	20 ppm	not applicable	nonlinear 5-60% buffer B (80% acetonitrile, 0.5% formic acid) over 180 min at 250 nl/min	1	1	Library_single.shot_18steady-state.raw	v1.1.0	NT=ms-proteomics;VV=v1.1.0	NT=human;VV=v1.1.0	NT=sdrf-skills;VV=v0.2.0	CD8-positive, alpha-beta T cell	untreated
CD8.Tcell.bulk_steady-state_cellular_01	Homo sapiens	blood	CD8-positive, alpha-beta T cell	normal	cell	adult	not available	not available	not available	not available	untreated	not applicable	1	Library_single.shot_88steady-state	proteomic profiling by mass spectrometry	NT=Q Exactive HF;AC=MS:1002523	label free sample	NT=Data-dependent acquisition;AC=PRIDE:0000627	NT=HCD;AC=MS:1000422	26 NCE	300m/z-1650m/z	NT=orbitrap;AC=MS:1000484	NT=Trypsin;AC=MS:1001251	NT=Lys-C;AC=MS:1001309	NT=Dithiothreitol (DTT);AC=PRIDE:0000608	NT=Iodoacetamide (IAA);AC=PRIDE:0000599	NT=Carbamidomethyl;AC=UNIMOD:4;TA=C;MT=Fixed	NT=Oxidation;AC=UNIMOD:35;TA=M;MT=Variable	NT=Acetyl;AC=UNIMOD:1;PP=Protein N-term;MT=Variable	NT=Deamidated;AC=UNIMOD:7;TA=N,Q;MT=Variable	7 ppm	20 ppm	not applicable	nonlinear 5-60% buffer B (80% acetonitrile, 0.5% formic acid) over 180 min at 250 nl/min	1	2	Library_single.shot_88steady-state.raw	v1.1.0	NT=ms-proteomics;VV=v1.1.0	NT=human;VV=v1.1.0	NT=sdrf-skills;VV=v0.2.0	CD8-positive, alpha-beta T cell	untreated
DC.bulk_steady-state_cellular_01	Homo sapiens	blood	dendritic cell	normal	cell	adult	not available	not available	not available	not available	untreated	not applicable	1	Library_single.shot_89steady-state	proteomic profiling by mass spectrometry	NT=Q Exactive HF;AC=MS:1002523	label free sample	NT=Data-dependent acquisition;AC=PRIDE:0000627	NT=HCD;AC=MS:1000422	26 NCE	300m/z-1650m/z	NT=orbitrap;AC=MS:1000484	NT=Trypsin;AC=MS:1001251	NT=Lys-C;AC=MS:1001309	NT=Dithiothreitol (DTT);AC=PRIDE:0000608	NT=Iodoacetamide (IAA);AC=PRIDE:0000599	NT=Carbamidomethyl;AC=UNIMOD:4;TA=C;MT=Fixed	NT=Oxidation;AC=UNIMOD:35;TA=M;MT=Variable	NT=Acetyl;AC=UNIMOD:1;PP=Protein N-term;MT=Variable	NT=Deamidated;AC=UNIMOD:7;TA=N,Q;MT=Variable	7 ppm	20 ppm	not applicable	nonlinear 5-60% buffer B (80% acetonitrile, 0.5% formic acid) over 180 min at 250 nl/min	1	1	Library_single.shot_89steady-state.raw	v1.1.0	NT=ms-proteomics;VV=v1.1.0	NT=human;VV=v1.1.0	NT=sdrf-skills;VV=v0.2.0	dendritic cell	untreated
DC.bulk_steady-state_cellular_02	Homo sapiens	blood	dendritic cell	normal	cell	adult	not available	not available	not available	not available	untreated	not applicable	2	Library_single.shot_21steady-state	proteomic profiling by mass spectrometry	NT=Q Exactive HF;AC=MS:1002523	label free sample	NT=Data-dependent acquisition;AC=PRIDE:0000627	NT=HCD;AC=MS:1000422	26 NCE	300m/z-1650m/z	NT=orbitrap;AC=MS:1000484	NT=Trypsin;AC=MS:1001251	NT=Lys-C;AC=MS:1001309	NT=Dithiothreitol (DTT);AC=PRIDE:0000608	NT=Iodoacetamide (IAA);AC=PRIDE:0000599	NT=Carbamidomethyl;AC=UNIMOD:4;TA=C;MT=Fixed	NT=Oxidation;AC=UNIMOD:35;TA=M;MT=Variable	NT=Acetyl;AC=UNIMOD:1;PP=Protein N-term;MT=Variable	NT=Deamidated;AC=UNIMOD:7;TA=N,Q;MT=Variable	7 ppm	20 ppm	not applicable	nonlinear 5-60% buffer B (80% acetonitrile, 0.5% formic acid) over 180 min at 250 nl/min	1	1	Library_single.shot_21steady-state.raw	v1.1.0	NT=ms-proteomics;VV=v1.1.0	NT=human;VV=v1.1.0	NT=sdrf-skills;VV=v0.2.0	dendritic cell	untreated
Eosinophil_steady-state_cellular_01	Homo sapiens	blood	eosinophil	normal	cell	adult	not available	not available	not available	not available	untreated	not applicable	1	Eosinophil_01steady-state	proteomic profiling by mass spectrometry	NT=Q Exactive HF;AC=MS:1002523	label free sample	NT=Data-dependent acquisition;AC=PRIDE:0000627	NT=HCD;AC=MS:1000422	26 NCE	300m/z-1650m/z	NT=orbitrap;AC=MS:1000484	NT=Trypsin;AC=MS:1001251	NT=Lys-C;AC=MS:1001309	NT=Dithiothreitol (DTT);AC=PRIDE:0000608	NT=Iodoacetamide (IAA);AC=PRIDE:0000599	NT=Carbamidomethyl;AC=UNIMOD:4;TA=C;MT=Fixed	NT=Oxidation;AC=UNIMOD:35;TA=M;MT=Variable	NT=Acetyl;AC=UNIMOD:1;PP=Protein N-term;MT=Variable	NT=Deamidated;AC=UNIMOD:7;TA=N,Q;MT=Variable	7 ppm	20 ppm	not applicable	nonlinear 5-60% buffer B (80% acetonitrile, 0.5% formic acid) over 180 min at 250 nl/min	1	1	Eosinophil_01steady-state.raw	v1.1.0	NT=ms-proteomics;VV=v1.1.0	NT=human;VV=v1.1.0	NT=sdrf-skills;VV=v0.2.0	eosinophil	untreated
Eosinophil_steady-state_cellular_02	Homo sapiens	blood	eosinophil	normal	cell	adult	not available	not available	not available	not available	untreated	not applicable	2	Eosinophil_02steady-state	proteomic profiling by mass spectrometry	NT=Q Exactive HF;AC=MS:1002523	label free sample	NT=Data-dependent acquisition;AC=PRIDE:0000627	NT=HCD;AC=MS:1000422	26 NCE	300m/z-1650m/z	NT=orbitrap;AC=MS:1000484	NT=Trypsin;AC=MS:1001251	NT=Lys-C;AC=MS:1001309	NT=Dithiothreitol (DTT);AC=PRIDE:0000608	NT=Iodoacetamide (IAA);AC=PRIDE:0000599	NT=Carbamidomethyl;AC=UNIMOD:4;TA=C;MT=Fixed	NT=Oxidation;AC=UNIMOD:35;TA=M;MT=Variable	NT=Acetyl;AC=UNIMOD:1;PP=Protein N-term;MT=Variable	NT=Deamidated;AC=UNIMOD:7;TA=N,Q;MT=Variable	7 ppm	20 ppm	not applicable	nonlinear 5-60% buffer B (80% acetonitrile, 0.5% formic acid) over 180 min at 250 nl/min	1	1	Eosinophil_02steady-state.raw	v1.1.0	NT=ms-proteomics;VV=v1.1.0	NT=human;VV=v1.1.0	NT=sdrf-skills;VV=v0.2.0	eosinophil	untreated
Eosinophil_steady-state_cellular_03	Homo sapiens	blood	eosinophil	normal	cell	adult	not available	not available	not available	not available	untreated	not applicable	3	Eosinophil_03steady-state	proteomic profiling by mass spectrometry	NT=Q Exactive HF;AC=MS:1002523	label free sample	NT=Data-dependent acquisition;AC=PRIDE:0000627	NT=HCD;AC=MS:1000422	26 NCE	300m/z-1650m/z	NT=orbitrap;AC=MS:1000484	NT=Trypsin;AC=MS:1001251	NT=Lys-C;AC=MS:1001309	NT=Dithiothreitol (DTT);AC=PRIDE:0000608	NT=Iodoacetamide (IAA);AC=PRIDE:0000599	NT=Carbamidomethyl;AC=UNIMOD:4;TA=C;MT=Fixed	NT=Oxidation;AC=UNIMOD:35;TA=M;MT=Variable	NT=Acetyl;AC=UNIMOD:1;PP=Protein N-term;MT=Variable	NT=Deamidated;AC=UNIMOD:7;TA=N,Q;MT=Variable	7 ppm	20 ppm	not applicable	nonlinear 5-60% buffer B (80% acetonitrile, 0.5% formic acid) over 180 min at 250 nl/min	1	1	Eosinophil_03steady-state.raw	v1.1.0	NT=ms-proteomics;VV=v1.1.0	NT=human;VV=v1.1.0	NT=sdrf-skills;VV=v0.2.0	eosinophil	untreated
Eosinophil_steady-state_cellular_04	Homo sapiens	blood	eosinophil	normal	cell	adult	not available	not available	not available	not available	untreated	not applicable	4	Eosinophil_04steady-state	proteomic profiling by mass spectrometry	NT=Q Exactive HF;AC=MS:1002523	label free sample	NT=Data-dependent acquisition;AC=PRIDE:0000627	NT=HCD;AC=MS:1000422	26 NCE	300m/z-1650m/z	NT=orbitrap;AC=MS:1000484	NT=Trypsin;AC=MS:1001251	NT=Lys-C;AC=MS:1001309	NT=Dithiothreitol (DTT);AC=PRIDE:0000608	NT=Iodoacetamide (IAA);AC=PRIDE:0000599	NT=Carbamidomethyl;AC=UNIMOD:4;TA=C;MT=Fixed	NT=Oxidation;AC=UNIMOD:35;TA=M;MT=Variable	NT=Acetyl;AC=UNIMOD:1;PP=Protein N-term;MT=Variable	NT=Deamidated;AC=UNIMOD:7;TA=N,Q;MT=Variable	7 ppm	20 ppm	not applicable	nonlinear 5-60% buffer B (80% acetonitrile, 0.5% formic acid) over 180 min at 250 nl/min	1	1	Eosinophil_04steady-state.raw	v1.1.0	NT=ms-proteomics;VV=v1.1.0	NT=human;VV=v1.1.0	NT=sdrf-skills;VV=v0.2.0	eosinophil	untreated
Erythrocyte_steady-state_cellular_01	Homo sapiens	blood	erythrocyte	normal	cell	adult	not available	not available	not available	not available	untreated	not applicable	1	Erythrocyte_01steady-state	proteomic profiling by mass spectrometry	NT=Q Exactive HF;AC=MS:1002523	label free sample	NT=Data-dependent acquisition;AC=PRIDE:0000627	NT=HCD;AC=MS:1000422	26 NCE	300m/z-1650m/z	NT=orbitrap;AC=MS:1000484	NT=Trypsin;AC=MS:1001251	NT=Lys-C;AC=MS:1001309	NT=Dithiothreitol (DTT);AC=PRIDE:0000608	NT=Iodoacetamide (IAA);AC=PRIDE:0000599	NT=Carbamidomethyl;AC=UNIMOD:4;TA=C;MT=Fixed	NT=Oxidation;AC=UNIMOD:35;TA=M;MT=Variable	NT=Acetyl;AC=UNIMOD:1;PP=Protein N-term;MT=Variable	NT=Deamidated;AC=UNIMOD:7;TA=N,Q;MT=Variable	7 ppm	20 ppm	not applicable	nonlinear 5-60% buffer B (80% acetonitrile, 0.5% formic acid) over 180 min at 250 nl/min	1	1	Erythrocyte_01steady-state.raw	v1.1.0	NT=ms-proteomics;VV=v1.1.0	NT=human;VV=v1.1.0	NT=sdrf-skills;VV=v0.2.0	erythrocyte	untreated
Erythrocyte_steady-state_cellular_02	Homo sapiens	blood	erythrocyte	normal	cell	adult	not available	not available	not available	not available	untreated	not applicable	2	Erythrocyte_02steady-state	proteomic profiling by mass spectrometry	NT=Q Exactive HF;AC=MS:1002523	label free sample	NT=Data-dependent acquisition;AC=PRIDE:0000627	NT=HCD;AC=MS:1000422	26 NCE	300m/z-1650m/z	NT=orbitrap;AC=MS:1000484	NT=Trypsin;AC=MS:1001251	NT=Lys-C;AC=MS:1001309	NT=Dithiothreitol (DTT);AC=PRIDE:0000608	NT=Iodoacetamide (IAA);AC=PRIDE:0000599	NT=Carbamidomethyl;AC=UNIMOD:4;TA=C;MT=Fixed	NT=Oxidation;AC=UNIMOD:35;TA=M;MT=Variable	NT=Acetyl;AC=UNIMOD:1;PP=Protein N-term;MT=Variable	NT=Deamidated;AC=UNIMOD:7;TA=N,Q;MT=Variable	7 ppm	20 ppm	not applicable	nonlinear 5-60% buffer B (80% acetonitrile, 0.5% formic acid) over 180 min at 250 nl/min	1	1	Erythrocyte_02steady-state.raw	v1.1.0	NT=ms-proteomics;VV=v1.1.0	NT=human;VV=v1.1.0	NT=sdrf-skills;VV=v0.2.0	erythrocyte	untreated
Erythrocyte_steady-state_cellular_03	Homo sapiens	blood	erythrocyte	normal	cell	adult	not available	not available	not available	not available	untreated	not applicable	3	Erythrocyte_03steady-state	proteomic profiling by mass spectrometry	NT=Q Exactive HF;AC=MS:1002523	label free sample	NT=Data-dependent acquisition;AC=PRIDE:0000627	NT=HCD;AC=MS:1000422	26 NCE	300m/z-1650m/z	NT=orbitrap;AC=MS:1000484	NT=Trypsin;AC=MS:1001251	NT=Lys-C;AC=MS:1001309	NT=Dithiothreitol (DTT);AC=PRIDE:0000608	NT=Iodoacetamide (IAA);AC=PRIDE:0000599	NT=Carbamidomethyl;AC=UNIMOD:4;TA=C;MT=Fixed	NT=Oxidation;AC=UNIMOD:35;TA=M;MT=Variable	NT=Acetyl;AC=UNIMOD:1;PP=Protein N-term;MT=Variable	NT=Deamidated;AC=UNIMOD:7;TA=N,Q;MT=Variable	7 ppm	20 ppm	not applicable	nonlinear 5-60% buffer B (80% acetonitrile, 0.5% formic acid) over 180 min at 250 nl/min	1	1	Erythrocyte_03steady-state.raw	v1.1.0	NT=ms-proteomics;VV=v1.1.0	NT=human;VV=v1.1.0	NT=sdrf-skills;VV=v0.2.0	erythrocyte	untreated
Erythrocyte_steady-state_cellular_04	Homo sapiens	blood	erythrocyte	normal	cell	adult	not available	not available	not available	not available	untreated	not applicable	4	Erythrocyte_04steady-state	proteomic profiling by mass spectrometry	NT=Q Exactive HF;AC=MS:1002523	label free sample	NT=Data-dependent acquisition;AC=PRIDE:0000627	NT=HCD;AC=MS:1000422	26 NCE	300m/z-1650m/z	NT=orbitrap;AC=MS:1000484	NT=Trypsin;AC=MS:1001251	NT=Lys-C;AC=MS:1001309	NT=Dithiothreitol (DTT);AC=PRIDE:0000608	NT=Iodoacetamide (IAA);AC=PRIDE:0000599	NT=Carbamidomethyl;AC=UNIMOD:4;TA=C;MT=Fixed	NT=Oxidation;AC=UNIMOD:35;TA=M;MT=Variable	NT=Acetyl;AC=UNIMOD:1;PP=Protein N-term;MT=Variable	NT=Deamidated;AC=UNIMOD:7;TA=N,Q;MT=Variable	7 ppm	20 ppm	not applicable	nonlinear 5-60% buffer B (80% acetonitrile, 0.5% formic acid) over 180 min at 250 nl/min	1	1	Erythrocyte_04steady-state.raw	v1.1.0	NT=ms-proteomics;VV=v1.1.0	NT=human;VV=v1.1.0	NT=sdrf-skills;VV=v0.2.0	erythrocyte	untreated
Granulocyte.bulk_steady-state_cellular_01	Homo sapiens	blood	granulocyte	normal	cell	adult	not available	not available	not available	not available	untreated	not applicable	1	Library_single.shot_90steady-state	proteomic profiling by mass spectrometry	NT=Q Exactive HF;AC=MS:1002523	label free sample	NT=Data-dependent acquisition;AC=PRIDE:0000627	NT=HCD;AC=MS:1000422	26 NCE	300m/z-1650m/z	NT=orbitrap;AC=MS:1000484	NT=Trypsin;AC=MS:1001251	NT=Lys-C;AC=MS:1001309	NT=Dithiothreitol (DTT);AC=PRIDE:0000608	NT=Iodoacetamide (IAA);AC=PRIDE:0000599	NT=Carbamidomethyl;AC=UNIMOD:4;TA=C;MT=Fixed	NT=Oxidation;AC=UNIMOD:35;TA=M;MT=Variable	NT=Acetyl;AC=UNIMOD:1;PP=Protein N-term;MT=Variable	NT=Deamidated;AC=UNIMOD:7;TA=N,Q;MT=Variable	7 ppm	20 ppm	not applicable	nonlinear 5-60% buffer B (80% acetonitrile, 0.5% formic acid) over 180 min at 250 nl/min	1	1	Library_single.shot_90steady-state.raw	v1.1.0	NT=ms-proteomics;VV=v1.1.0	NT=human;VV=v1.1.0	NT=sdrf-skills;VV=v0.2.0	granulocyte	untreated
Granulocyte.bulk_steady-state_cellular_02	Homo sapiens	blood	granulocyte	normal	cell	adult	not available	not available	not available	not available	untreated	not applicable	2	Library_single.shot_19steady-state	proteomic profiling by mass spectrometry	NT=Q Exactive HF;AC=MS:1002523	label free sample	NT=Data-dependent acquisition;AC=PRIDE:0000627	NT=HCD;AC=MS:1000422	26 NCE	300m/z-1650m/z	NT=orbitrap;AC=MS:1000484	NT=Trypsin;AC=MS:1001251	NT=Lys-C;AC=MS:1001309	NT=Dithiothreitol (DTT);AC=PRIDE:0000608	NT=Iodoacetamide (IAA);AC=PRIDE:0000599	NT=Carbamidomethyl;AC=UNIMOD:4;TA=C;MT=Fixed	NT=Oxidation;AC=UNIMOD:35;TA=M;MT=Variable	NT=Acetyl;AC=UNIMOD:1;PP=Protein N-term;MT=Variable	NT=Deamidated;AC=UNIMOD:7;TA=N,Q;MT=Variable	7 ppm	20 ppm	not applicable	nonlinear 5-60% buffer B (80% acetonitrile, 0.5% formic acid) over 180 min at 250 nl/min	1	1	Library_single.shot_19steady-state.raw	v1.1.0	NT=ms-proteomics;VV=v1.1.0	NT=human;VV=v1.1.0	NT=sdrf-skills;VV=v0.2.0	granulocyte	untreated
Granulocyte.bulk_steady-state_cellular_02	Homo sapiens	blood	granulocyte	normal	cell	adult	not available	not available	not available	not available	untreated	not applicable	2	Library_single.shot_20steady-state	proteomic profiling by mass spectrometry	NT=Q Exactive HF;AC=MS:1002523	label free sample	NT=Data-dependent acquisition;AC=PRIDE:0000627	NT=HCD;AC=MS:1000422	26 NCE	300m/z-1650m/z	NT=orbitrap;AC=MS:1000484	NT=Trypsin;AC=MS:1001251	NT=Lys-C;AC=MS:1001309	NT=Dithiothreitol (DTT);AC=PRIDE:0000608	NT=Iodoacetamide (IAA);AC=PRIDE:0000599	NT=Carbamidomethyl;AC=UNIMOD:4;TA=C;MT=Fixed	NT=Oxidation;AC=UNIMOD:35;TA=M;MT=Variable	NT=Acetyl;AC=UNIMOD:1;PP=Protein N-term;MT=Variable	NT=Deamidated;AC=UNIMOD:7;TA=N,Q;MT=Variable	7 ppm	20 ppm	not applicable	nonlinear 5-60% buffer B (80% acetonitrile, 0.5% formic acid) over 180 min at 250 nl/min	1	2	Library_single.shot_20steady-state.raw	v1.1.0	NT=ms-proteomics;VV=v1.1.0	NT=human;VV=v1.1.0	NT=sdrf-skills;VV=v0.2.0	granulocyte	untreated
MO.bulk_steady-state_cellular_01	Homo sapiens	blood	monocyte	normal	cell	adult	not available	not available	not available	not available	untreated	not applicable	1	Library_single.shot_22steady-state	proteomic profiling by mass spectrometry	NT=Q Exactive HF;AC=MS:1002523	label free sample	NT=Data-dependent acquisition;AC=PRIDE:0000627	NT=HCD;AC=MS:1000422	26 NCE	300m/z-1650m/z	NT=orbitrap;AC=MS:1000484	NT=Trypsin;AC=MS:1001251	NT=Lys-C;AC=MS:1001309	NT=Dithiothreitol (DTT);AC=PRIDE:0000608	NT=Iodoacetamide (IAA);AC=PRIDE:0000599	NT=Carbamidomethyl;AC=UNIMOD:4;TA=C;MT=Fixed	NT=Oxidation;AC=UNIMOD:35;TA=M;MT=Variable	NT=Acetyl;AC=UNIMOD:1;PP=Protein N-term;MT=Variable	NT=Deamidated;AC=UNIMOD:7;TA=N,Q;MT=Variable	7 ppm	20 ppm	not applicable	nonlinear 5-60% buffer B (80% acetonitrile, 0.5% formic acid) over 180 min at 250 nl/min	1	1	Library_single.shot_22steady-state.raw	v1.1.0	NT=ms-proteomics;VV=v1.1.0	NT=human;VV=v1.1.0	NT=sdrf-skills;VV=v0.2.0	monocyte	untreated
MO.bulk_steady-state_cellular_01	Homo sapiens	blood	monocyte	normal	cell	adult	not available	not available	not available	not available	untreated	not applicable	1	Library_single.shot_91steady-state	proteomic profiling by mass spectrometry	NT=Q Exactive HF;AC=MS:1002523	label free sample	NT=Data-dependent acquisition;AC=PRIDE:0000627	NT=HCD;AC=MS:1000422	26 NCE	300m/z-1650m/z	NT=orbitrap;AC=MS:1000484	NT=Trypsin;AC=MS:1001251	NT=Lys-C;AC=MS:1001309	NT=Dithiothreitol (DTT);AC=PRIDE:0000608	NT=Iodoacetamide (IAA);AC=PRIDE:0000599	NT=Carbamidomethyl;AC=UNIMOD:4;TA=C;MT=Fixed	NT=Oxidation;AC=UNIMOD:35;TA=M;MT=Variable	NT=Acetyl;AC=UNIMOD:1;PP=Protein N-term;MT=Variable	NT=Deamidated;AC=UNIMOD:7;TA=N,Q;MT=Variable	7 ppm	20 ppm	not applicable	nonlinear 5-60% buffer B (80% acetonitrile, 0.5% formic acid) over 180 min at 250 nl/min	1	2	Library_single.shot_91steady-state.raw	v1.1.0	NT=ms-proteomics;VV=v1.1.0	NT=human;VV=v1.1.0	NT=sdrf-skills;VV=v0.2.0	monocyte	untreated
MO.classical_LPS_secretome_01	Homo sapiens	blood	CD14-positive, CD16-negative classical monocyte	normal	not applicable	adult	not available	not available	not available	not available	Lipopolysaccharide	12 hour	1	20150817_QEp8_JaRi_SA_Sups_MOclassical_LPS_01	proteomic profiling by mass spectrometry	NT=Q Exactive HF;AC=MS:1002523	label free sample	NT=Data-dependent acquisition;AC=PRIDE:0000627	NT=HCD;AC=MS:1000422	27 NCE	300m/z-1650m/z	NT=orbitrap;AC=MS:1000484	NT=Trypsin;AC=MS:1001251	NT=Lys-C;AC=MS:1001309	NT=Dithiothreitol (DTT);AC=PRIDE:0000608	NT=Iodoacetamide (IAA);AC=PRIDE:0000599	NT=Carbamidomethyl;AC=UNIMOD:4;TA=C;MT=Fixed	NT=Oxidation;AC=UNIMOD:35;TA=M;MT=Variable	NT=Acetyl;AC=UNIMOD:1;PP=Protein N-term;MT=Variable	NT=Deamidated;AC=UNIMOD:7;TA=N,Q;MT=Variable	7 ppm	20 ppm	not applicable	120 min gradient	1	1	20150817_QEp8_JaRi_SA_Sups_MOclassical_LPS_01.raw	v1.1.0	NT=ms-proteomics;VV=v1.1.0	NT=human;VV=v1.1.0	NT=sdrf-skills;VV=v0.2.0	CD14-positive, CD16-negative classical monocyte	Lipopolysaccharide
MO.classical_LPS_secretome_01	Homo sapiens	blood	CD14-positive, CD16-negative classical monocyte	normal	not applicable	adult	not available	not available	not available	not available	Lipopolysaccharide	12 hour	1	20150817_QEp8_JaRi_SA_Sups_MOclassical_LPS_01_150823025656	proteomic profiling by mass spectrometry	NT=Q Exactive HF;AC=MS:1002523	label free sample	NT=Data-dependent acquisition;AC=PRIDE:0000627	NT=HCD;AC=MS:1000422	27 NCE	300m/z-1650m/z	NT=orbitrap;AC=MS:1000484	NT=Trypsin;AC=MS:1001251	NT=Lys-C;AC=MS:1001309	NT=Dithiothreitol (DTT);AC=PRIDE:0000608	NT=Iodoacetamide (IAA);AC=PRIDE:0000599	NT=Carbamidomethyl;AC=UNIMOD:4;TA=C;MT=Fixed	NT=Oxidation;AC=UNIMOD:35;TA=M;MT=Variable	NT=Acetyl;AC=UNIMOD:1;PP=Protein N-term;MT=Variable	NT=Deamidated;AC=UNIMOD:7;TA=N,Q;MT=Variable	7 ppm	20 ppm	not applicable	120 min gradient	1	2	20150817_QEp8_JaRi_SA_Sups_MOclassical_LPS_01_150823025656.raw	v1.1.0	NT=ms-proteomics;VV=v1.1.0	NT=human;VV=v1.1.0	NT=sdrf-skills;VV=v0.2.0	CD14-positive, CD16-negative classical monocyte	Lipopolysaccharide
MO.classical_LPS_secretome_02	Homo sapiens	blood	CD14-positive, CD16-negative classical monocyte	normal	not applicable	adult	not available	not available	not available	not available	Lipopolysaccharide	12 hour	2	20150817_QEp8_JaRi_SA_Sups_MOclassical_LPS_02	proteomic profiling by mass spectrometry	NT=Q Exactive HF;AC=MS:1002523	label free sample	NT=Data-dependent acquisition;AC=PRIDE:0000627	NT=HCD;AC=MS:1000422	27 NCE	300m/z-1650m/z	NT=orbitrap;AC=MS:1000484	NT=Trypsin;AC=MS:1001251	NT=Lys-C;AC=MS:1001309	NT=Dithiothreitol (DTT);AC=PRIDE:0000608	NT=Iodoacetamide (IAA);AC=PRIDE:0000599	NT=Carbamidomethyl;AC=UNIMOD:4;TA=C;MT=Fixed	NT=Oxidation;AC=UNIMOD:35;TA=M;MT=Variable	NT=Acetyl;AC=UNIMOD:1;PP=Protein N-term;MT=Variable	NT=Deamidated;AC=UNIMOD:7;TA=N,Q;MT=Variable	7 ppm	20 ppm	not applicable	120 min gradient	1	1	20150817_QEp8_JaRi_SA_Sups_MOclassical_LPS_02.raw	v1.1.0	NT=ms-proteomics;VV=v1.1.0	NT=human;VV=v1.1.0	NT=sdrf-skills;VV=v0.2.0	CD14-positive, CD16-negative classical monocyte	Lipopolysaccharide
MO.classical_LPS_secretome_02	Homo sapiens	blood	CD14-positive, CD16-negative classical monocyte	normal	not applicable	adult	not available	not available	not available	not available	Lipopolysaccharide	12 hour	2	20150817_QEp8_JaRi_SA_Sups_MOclassical_LPS_02_150823052820	proteomic profiling by mass spectrometry	NT=Q Exactive HF;AC=MS:1002523	label free sample	NT=Data-dependent acquisition;AC=PRIDE:0000627	NT=HCD;AC=MS:1000422	27 NCE	300m/z-1650m/z	NT=orbitrap;AC=MS:1000484	NT=Trypsin;AC=MS:1001251	NT=Lys-C;AC=MS:1001309	NT=Dithiothreitol (DTT);AC=PRIDE:0000608	NT=Iodoacetamide (IAA);AC=PRIDE:0000599	NT=Carbamidomethyl;AC=UNIMOD:4;TA=C;MT=Fixed	NT=Oxidation;AC=UNIMOD:35;TA=M;MT=Variable	NT=Acetyl;AC=UNIMOD:1;PP=Protein N-term;MT=Variable	NT=Deamidated;AC=UNIMOD:7;TA=N,Q;MT=Variable	7 ppm	20 ppm	not applicable	120 min gradient	1	2	20150817_QEp8_JaRi_SA_Sups_MOclassical_LPS_02_150823052820.raw	v1.1.0	NT=ms-proteomics;VV=v1.1.0	NT=human;VV=v1.1.0	NT=sdrf-skills;VV=v0.2.0	CD14-positive, CD16-negative classical monocyte	Lipopolysaccharide
MO.classical_LPS_secretome_03	Homo sapiens	blood	CD14-positive, CD16-negative classical monocyte	normal	not applicable	adult	not available	not available	not available	not available	Lipopolysaccharide	12 hour	3	20150817_QEp8_JaRi_SA_Sups_MOclassical_LPS_03	proteomic profiling by mass spectrometry	NT=Q Exactive HF;AC=MS:1002523	label free sample	NT=Data-dependent acquisition;AC=PRIDE:0000627	NT=HCD;AC=MS:1000422	27 NCE	300m/z-1650m/z	NT=orbitrap;AC=MS:1000484	NT=Trypsin;AC=MS:1001251	NT=Lys-C;AC=MS:1001309	NT=Dithiothreitol (DTT);AC=PRIDE:0000608	NT=Iodoacetamide (IAA);AC=PRIDE:0000599	NT=Carbamidomethyl;AC=UNIMOD:4;TA=C;MT=Fixed	NT=Oxidation;AC=UNIMOD:35;TA=M;MT=Variable	NT=Acetyl;AC=UNIMOD:1;PP=Protein N-term;MT=Variable	NT=Deamidated;AC=UNIMOD:7;TA=N,Q;MT=Variable	7 ppm	20 ppm	not applicable	120 min gradient	1	1	20150817_QEp8_JaRi_SA_Sups_MOclassical_LPS_03.raw	v1.1.0	NT=ms-proteomics;VV=v1.1.0	NT=human;VV=v1.1.0	NT=sdrf-skills;VV=v0.2.0	CD14-positive, CD16-negative classical monocyte	Lipopolysaccharide
MO.classical_LPS_secretome_03	Homo sapiens	blood	CD14-positive, CD16-negative classical monocyte	normal	not applicable	adult	not available	not available	not available	not available	Lipopolysaccharide	12 hour	3	20150817_QEp8_JaRi_SA_Sups_MOclassical_LPS_03_150823080036	proteomic profiling by mass spectrometry	NT=Q Exactive HF;AC=MS:1002523	label free sample	NT=Data-dependent acquisition;AC=PRIDE:0000627	NT=HCD;AC=MS:1000422	27 NCE	300m/z-1650m/z	NT=orbitrap;AC=MS:1000484	NT=Trypsin;AC=MS:1001251	NT=Lys-C;AC=MS:1001309	NT=Dithiothreitol (DTT);AC=PRIDE:0000608	NT=Iodoacetamide (IAA);AC=PRIDE:0000599	NT=Carbamidomethyl;AC=UNIMOD:4;TA=C;MT=Fixed	NT=Oxidation;AC=UNIMOD:35;TA=M;MT=Variable	NT=Acetyl;AC=UNIMOD:1;PP=Protein N-term;MT=Variable	NT=Deamidated;AC=UNIMOD:7;TA=N,Q;MT=Variable	7 ppm	20 ppm	not applicable	120 min gradient	1	2	20150817_QEp8_JaRi_SA_Sups_MOclassical_LPS_03_150823080036.raw	v1.1.0	NT=ms-proteomics;VV=v1.1.0	NT=human;VV=v1.1.0	NT=sdrf-skills;VV=v0.2.0	CD14-positive, CD16-negative classical monocyte	Lipopolysaccharide
MO.classical_LPS_secretome_04	Homo sapiens	blood	CD14-positive, CD16-negative classical monocyte	normal	not applicable	adult	not available	not available	not available	not available	Lipopolysaccharide	12 hour	4	20150817_QEp8_JaRi_SA_Sups_MOclassical_LPS_04	proteomic profiling by mass spectrometry	NT=Q Exactive HF;AC=MS:1002523	label free sample	NT=Data-dependent acquisition;AC=PRIDE:0000627	NT=HCD;AC=MS:1000422	27 NCE	300m/z-1650m/z	NT=orbitrap;AC=MS:1000484	NT=Trypsin;AC=MS:1001251	NT=Lys-C;AC=MS:1001309	NT=Dithiothreitol (DTT);AC=PRIDE:0000608	NT=Iodoacetamide (IAA);AC=PRIDE:0000599	NT=Carbamidomethyl;AC=UNIMOD:4;TA=C;MT=Fixed	NT=Oxidation;AC=UNIMOD:35;TA=M;MT=Variable	NT=Acetyl;AC=UNIMOD:1;PP=Protein N-term;MT=Variable	NT=Deamidated;AC=UNIMOD:7;TA=N,Q;MT=Variable	7 ppm	20 ppm	not applicable	120 min gradient	1	1	20150817_QEp8_JaRi_SA_Sups_MOclassical_LPS_04.raw	v1.1.0	NT=ms-proteomics;VV=v1.1.0	NT=human;VV=v1.1.0	NT=sdrf-skills;VV=v0.2.0	CD14-positive, CD16-negative classical monocyte	Lipopolysaccharide
MO.classical_LPS_secretome_04	Homo sapiens	blood	CD14-positive, CD16-negative classical monocyte	normal	not applicable	adult	not available	not available	not available	not available	Lipopolysaccharide	12 hour	4	20150817_QEp8_JaRi_SA_Sups_MOclassical_LPS_04_150823103256	proteomic profiling by mass spectrometry	NT=Q Exactive HF;AC=MS:1002523	label free sample	NT=Data-dependent acquisition;AC=PRIDE:0000627	NT=HCD;AC=MS:1000422	27 NCE	300m/z-1650m/z	NT=orbitrap;AC=MS:1000484	NT=Trypsin;AC=MS:1001251	NT=Lys-C;AC=MS:1001309	NT=Dithiothreitol (DTT);AC=PRIDE:0000608	NT=Iodoacetamide (IAA);AC=PRIDE:0000599	NT=Carbamidomethyl;AC=UNIMOD:4;TA=C;MT=Fixed	NT=Oxidation;AC=UNIMOD:35;TA=M;MT=Variable	NT=Acetyl;AC=UNIMOD:1;PP=Protein N-term;MT=Variable	NT=Deamidated;AC=UNIMOD:7;TA=N,Q;MT=Variable	7 ppm	20 ppm	not applicable	120 min gradient	1	2	20150817_QEp8_JaRi_SA_Sups_MOclassical_LPS_04_150823103256.raw	v1.1.0	NT=ms-proteomics;VV=v1.1.0	NT=human;VV=v1.1.0	NT=sdrf-skills;VV=v0.2.0	CD14-positive, CD16-negative classical monocyte	Lipopolysaccharide
MO.classical_LPS_secretome_05	Homo sapiens	blood	CD14-positive, CD16-negative classical monocyte	normal	not applicable	adult	not available	not available	not available	not available	Lipopolysaccharide	12 hour	5	20150817_QEp8_JaRi_SA_Sups_MOclassical_LPS_05	proteomic profiling by mass spectrometry	NT=Q Exactive HF;AC=MS:1002523	label free sample	NT=Data-dependent acquisition;AC=PRIDE:0000627	NT=HCD;AC=MS:1000422	27 NCE	300m/z-1650m/z	NT=orbitrap;AC=MS:1000484	NT=Trypsin;AC=MS:1001251	NT=Lys-C;AC=MS:1001309	NT=Dithiothreitol (DTT);AC=PRIDE:0000608	NT=Iodoacetamide (IAA);AC=PRIDE:0000599	NT=Carbamidomethyl;AC=UNIMOD:4;TA=C;MT=Fixed	NT=Oxidation;AC=UNIMOD:35;TA=M;MT=Variable	NT=Acetyl;AC=UNIMOD:1;PP=Protein N-term;MT=Variable	NT=Deamidated;AC=UNIMOD:7;TA=N,Q;MT=Variable	7 ppm	20 ppm	not applicable	120 min gradient	1	1	20150817_QEp8_JaRi_SA_Sups_MOclassical_LPS_05.raw	v1.1.0	NT=ms-proteomics;VV=v1.1.0	NT=human;VV=v1.1.0	NT=sdrf-skills;VV=v0.2.0	CD14-positive, CD16-negative classical monocyte	Lipopolysaccharide
MO.classical_LPS_secretome_05	Homo sapiens	blood	CD14-positive, CD16-negative classical monocyte	normal	not applicable	adult	not available	not available	not available	not available	Lipopolysaccharide	12 hour	5	20150817_QEp8_JaRi_SA_Sups_MOclassical_LPS_05_150823130511	proteomic profiling by mass spectrometry	NT=Q Exactive HF;AC=MS:1002523	label free sample	NT=Data-dependent acquisition;AC=PRIDE:0000627	NT=HCD;AC=MS:1000422	27 NCE	300m/z-1650m/z	NT=orbitrap;AC=MS:1000484	NT=Trypsin;AC=MS:1001251	NT=Lys-C;AC=MS:1001309	NT=Dithiothreitol (DTT);AC=PRIDE:0000608	NT=Iodoacetamide (IAA);AC=PRIDE:0000599	NT=Carbamidomethyl;AC=UNIMOD:4;TA=C;MT=Fixed	NT=Oxidation;AC=UNIMOD:35;TA=M;MT=Variable	NT=Acetyl;AC=UNIMOD:1;PP=Protein N-term;MT=Variable	NT=Deamidated;AC=UNIMOD:7;TA=N,Q;MT=Variable	7 ppm	20 ppm	not applicable	120 min gradient	1	2	20150817_QEp8_JaRi_SA_Sups_MOclassical_LPS_05_150823130511.raw	v1.1.0	NT=ms-proteomics;VV=v1.1.0	NT=human;VV=v1.1.0	NT=sdrf-skills;VV=v0.2.0	CD14-positive, CD16-negative classical monocyte	Lipopolysaccharide
MO.classical_LTA_secretome_01	Homo sapiens	blood	CD14-positive, CD16-negative classical monocyte	normal	not applicable	adult	not available	not available	not available	not available	Lipoteichoic Acid	12 hour	1	20150817_QEp8_JaRi_SA_Sups_MOclassical_LTA_01	proteomic profiling by mass spectrometry	NT=Q Exactive HF;AC=MS:1002523	label free sample	NT=Data-dependent acquisition;AC=PRIDE:0000627	NT=HCD;AC=MS:1000422	27 NCE	300m/z-1650m/z	NT=orbitrap;AC=MS:1000484	NT=Trypsin;AC=MS:1001251	NT=Lys-C;AC=MS:1001309	NT=Dithiothreitol (DTT);AC=PRIDE:0000608	NT=Iodoacetamide (IAA);AC=PRIDE:0000599	NT=Carbamidomethyl;AC=UNIMOD:4;TA=C;MT=Fixed	NT=Oxidation;AC=UNIMOD:35;TA=M;MT=Variable	NT=Acetyl;AC=UNIMOD:1;PP=Protein N-term;MT=Variable	NT=Deamidated;AC=UNIMOD:7;TA=N,Q;MT=Variable	7 ppm	20 ppm	not applicable	120 min gradient	1	1	20150817_QEp8_JaRi_SA_Sups_MOclassical_LTA_01.raw	v1.1.0	NT=ms-proteomics;VV=v1.1.0	NT=human;VV=v1.1.0	NT=sdrf-skills;VV=v0.2.0	CD14-positive, CD16-negative classical monocyte	Lipoteichoic Acid
MO.classical_LTA_secretome_02	Homo sapiens	blood	CD14-positive, CD16-negative classical monocyte	normal	not applicable	adult	not available	not available	not available	not available	Lipoteichoic Acid	12 hour	2	20150817_QEp8_JaRi_SA_Sups_MOclassical_LTA_02	proteomic profiling by mass spectrometry	NT=Q Exactive HF;AC=MS:1002523	label free sample	NT=Data-dependent acquisition;AC=PRIDE:0000627	NT=HCD;AC=MS:1000422	27 NCE	300m/z-1650m/z	NT=orbitrap;AC=MS:1000484	NT=Trypsin;AC=MS:1001251	NT=Lys-C;AC=MS:1001309	NT=Dithiothreitol (DTT);AC=PRIDE:0000608	NT=Iodoacetamide (IAA);AC=PRIDE:0000599	NT=Carbamidomethyl;AC=UNIMOD:4;TA=C;MT=Fixed	NT=Oxidation;AC=UNIMOD:35;TA=M;MT=Variable	NT=Acetyl;AC=UNIMOD:1;PP=Protein N-term;MT=Variable	NT=Deamidated;AC=UNIMOD:7;TA=N,Q;MT=Variable	7 ppm	20 ppm	not applicable	120 min gradient	1	1	20150817_QEp8_JaRi_SA_Sups_MOclassical_LTA_02.raw	v1.1.0	NT=ms-proteomics;VV=v1.1.0	NT=human;VV=v1.1.0	NT=sdrf-skills;VV=v0.2.0	CD14-positive, CD16-negative classical monocyte	Lipoteichoic Acid
MO.classical_LTA_secretome_03	Homo sapiens	blood	CD14-positive, CD16-negative classical monocyte	normal	not applicable	adult	not available	not available	not available	not available	Lipoteichoic Acid	12 hour	3	20150817_QEp8_JaRi_SA_Sups_MOclassical_LTA_03	proteomic profiling by mass spectrometry	NT=Q Exactive HF;AC=MS:1002523	label free sample	NT=Data-dependent acquisition;AC=PRIDE:0000627	NT=HCD;AC=MS:1000422	27 NCE	300m/z-1650m/z	NT=orbitrap;AC=MS:1000484	NT=Trypsin;AC=MS:1001251	NT=Lys-C;AC=MS:1001309	NT=Dithiothreitol (DTT);AC=PRIDE:0000608	NT=Iodoacetamide (IAA);AC=PRIDE:0000599	NT=Carbamidomethyl;AC=UNIMOD:4;TA=C;MT=Fixed	NT=Oxidation;AC=UNIMOD:35;TA=M;MT=Variable	NT=Acetyl;AC=UNIMOD:1;PP=Protein N-term;MT=Variable	NT=Deamidated;AC=UNIMOD:7;TA=N,Q;MT=Variable	7 ppm	20 ppm	not applicable	120 min gradient	1	1	20150817_QEp8_JaRi_SA_Sups_MOclassical_LTA_03.raw	v1.1.0	NT=ms-proteomics;VV=v1.1.0	NT=human;VV=v1.1.0	NT=sdrf-skills;VV=v0.2.0	CD14-positive, CD16-negative classical monocyte	Lipoteichoic Acid
MO.classical_LTA_secretome_04	Homo sapiens	blood	CD14-positive, CD16-negative classical monocyte	normal	not applicable	adult	not available	not available	not available	not available	Lipoteichoic Acid	12 hour	4	20150817_QEp8_JaRi_SA_Sups_MOclassical_LTA_04	proteomic profiling by mass spectrometry	NT=Q Exactive HF;AC=MS:1002523	label free sample	NT=Data-dependent acquisition;AC=PRIDE:0000627	NT=HCD;AC=MS:1000422	27 NCE	300m/z-1650m/z	NT=orbitrap;AC=MS:1000484	NT=Trypsin;AC=MS:1001251	NT=Lys-C;AC=MS:1001309	NT=Dithiothreitol (DTT);AC=PRIDE:0000608	NT=Iodoacetamide (IAA);AC=PRIDE:0000599	NT=Carbamidomethyl;AC=UNIMOD:4;TA=C;MT=Fixed	NT=Oxidation;AC=UNIMOD:35;TA=M;MT=Variable	NT=Acetyl;AC=UNIMOD:1;PP=Protein N-term;MT=Variable	NT=Deamidated;AC=UNIMOD:7;TA=N,Q;MT=Variable	7 ppm	20 ppm	not applicable	120 min gradient	1	1	20150817_QEp8_JaRi_SA_Sups_MOclassical_LTA_04.raw	v1.1.0	NT=ms-proteomics;VV=v1.1.0	NT=human;VV=v1.1.0	NT=sdrf-skills;VV=v0.2.0	CD14-positive, CD16-negative classical monocyte	Lipoteichoic Acid
MO.classical_LTA_secretome_05	Homo sapiens	blood	CD14-positive, CD16-negative classical monocyte	normal	not applicable	adult	not available	not available	not available	not available	Lipoteichoic Acid	12 hour	5	20150817_QEp8_JaRi_SA_Sups_MOclassical_LTA_05	proteomic profiling by mass spectrometry	NT=Q Exactive HF;AC=MS:1002523	label free sample	NT=Data-dependent acquisition;AC=PRIDE:0000627	NT=HCD;AC=MS:1000422	27 NCE	300m/z-1650m/z	NT=orbitrap;AC=MS:1000484	NT=Trypsin;AC=MS:1001251	NT=Lys-C;AC=MS:1001309	NT=Dithiothreitol (DTT);AC=PRIDE:0000608	NT=Iodoacetamide (IAA);AC=PRIDE:0000599	NT=Carbamidomethyl;AC=UNIMOD:4;TA=C;MT=Fixed	NT=Oxidation;AC=UNIMOD:35;TA=M;MT=Variable	NT=Acetyl;AC=UNIMOD:1;PP=Protein N-term;MT=Variable	NT=Deamidated;AC=UNIMOD:7;TA=N,Q;MT=Variable	7 ppm	20 ppm	not applicable	120 min gradient	1	1	20150817_QEp8_JaRi_SA_Sups_MOclassical_LTA_05.raw	v1.1.0	NT=ms-proteomics;VV=v1.1.0	NT=human;VV=v1.1.0	NT=sdrf-skills;VV=v0.2.0	CD14-positive, CD16-negative classical monocyte	Lipoteichoic Acid
MO.classical_PIC_secretome_01	Homo sapiens	blood	CD14-positive, CD16-negative classical monocyte	normal	not applicable	adult	not available	not available	not available	not available	Poly IC	12 hour	1	20150817_QEp8_JaRi_SA_Sups_MOclassical_PIC_01	proteomic profiling by mass spectrometry	NT=Q Exactive HF;AC=MS:1002523	label free sample	NT=Data-dependent acquisition;AC=PRIDE:0000627	NT=HCD;AC=MS:1000422	27 NCE	300m/z-1650m/z	NT=orbitrap;AC=MS:1000484	NT=Trypsin;AC=MS:1001251	NT=Lys-C;AC=MS:1001309	NT=Dithiothreitol (DTT);AC=PRIDE:0000608	NT=Iodoacetamide (IAA);AC=PRIDE:0000599	NT=Carbamidomethyl;AC=UNIMOD:4;TA=C;MT=Fixed	NT=Oxidation;AC=UNIMOD:35;TA=M;MT=Variable	NT=Acetyl;AC=UNIMOD:1;PP=Protein N-term;MT=Variable	NT=Deamidated;AC=UNIMOD:7;TA=N,Q;MT=Variable	7 ppm	20 ppm	not applicable	120 min gradient	1	1	20150817_QEp8_JaRi_SA_Sups_MOclassical_PIC_01.raw	v1.1.0	NT=ms-proteomics;VV=v1.1.0	NT=human;VV=v1.1.0	NT=sdrf-skills;VV=v0.2.0	CD14-positive, CD16-negative classical monocyte	Poly IC
MO.classical_PIC_secretome_02	Homo sapiens	blood	CD14-positive, CD16-negative classical monocyte	normal	not applicable	adult	not available	not available	not available	not available	Poly IC	12 hour	2	20150817_QEp8_JaRi_SA_Sups_MOclassical_PIC_02	proteomic profiling by mass spectrometry	NT=Q Exactive HF;AC=MS:1002523	label free sample	NT=Data-dependent acquisition;AC=PRIDE:0000627	NT=HCD;AC=MS:1000422	27 NCE	300m/z-1650m/z	NT=orbitrap;AC=MS:1000484	NT=Trypsin;AC=MS:1001251	NT=Lys-C;AC=MS:1001309	NT=Dithiothreitol (DTT);AC=PRIDE:0000608	NT=Iodoacetamide (IAA);AC=PRIDE:0000599	NT=Carbamidomethyl;AC=UNIMOD:4;TA=C;MT=Fixed	NT=Oxidation;AC=UNIMOD:35;TA=M;MT=Variable	NT=Acetyl;AC=UNIMOD:1;PP=Protein N-term;MT=Variable	NT=Deamidated;AC=UNIMOD:7;TA=N,Q;MT=Variable	7 ppm	20 ppm	not applicable	120 min gradient	1	1	20150817_QEp8_JaRi_SA_Sups_MOclassical_PIC_02.raw	v1.1.0	NT=ms-proteomics;VV=v1.1.0	NT=human;VV=v1.1.0	NT=sdrf-skills;VV=v0.2.0	CD14-positive, CD16-negative classical monocyte	Poly IC
MO.classical_PIC_secretome_03	Homo sapiens	blood	CD14-positive, CD16-negative classical monocyte	normal	not applicable	adult	not available	not available	not available	not available	Poly IC	12 hour	3	20150817_QEp8_JaRi_SA_Sups_MOclassical_PIC_03	proteomic profiling by mass spectrometry	NT=Q Exactive HF;AC=MS:1002523	label free sample	NT=Data-dependent acquisition;AC=PRIDE:0000627	NT=HCD;AC=MS:1000422	27 NCE	300m/z-1650m/z	NT=orbitrap;AC=MS:1000484	NT=Trypsin;AC=MS:1001251	NT=Lys-C;AC=MS:1001309	NT=Dithiothreitol (DTT);AC=PRIDE:0000608	NT=Iodoacetamide (IAA);AC=PRIDE:0000599	NT=Carbamidomethyl;AC=UNIMOD:4;TA=C;MT=Fixed	NT=Oxidation;AC=UNIMOD:35;TA=M;MT=Variable	NT=Acetyl;AC=UNIMOD:1;PP=Protein N-term;MT=Variable	NT=Deamidated;AC=UNIMOD:7;TA=N,Q;MT=Variable	7 ppm	20 ppm	not applicable	120 min gradient	1	1	20150817_QEp8_JaRi_SA_Sups_MOclassical_PIC_03.raw	v1.1.0	NT=ms-proteomics;VV=v1.1.0	NT=human;VV=v1.1.0	NT=sdrf-skills;VV=v0.2.0	CD14-positive, CD16-negative classical monocyte	Poly IC
MO.classical_PIC_secretome_04	Homo sapiens	blood	CD14-positive, CD16-negative classical monocyte	normal	not applicable	adult	not available	not available	not available	not available	Poly IC	12 hour	4	20150817_QEp8_JaRi_SA_Sups_MOclassical_PIC_04	proteomic profiling by mass spectrometry	NT=Q Exactive HF;AC=MS:1002523	label free sample	NT=Data-dependent acquisition;AC=PRIDE:0000627	NT=HCD;AC=MS:1000422	27 NCE	300m/z-1650m/z	NT=orbitrap;AC=MS:1000484	NT=Trypsin;AC=MS:1001251	NT=Lys-C;AC=MS:1001309	NT=Dithiothreitol (DTT);AC=PRIDE:0000608	NT=Iodoacetamide (IAA);AC=PRIDE:0000599	NT=Carbamidomethyl;AC=UNIMOD:4;TA=C;MT=Fixed	NT=Oxidation;AC=UNIMOD:35;TA=M;MT=Variable	NT=Acetyl;AC=UNIMOD:1;PP=Protein N-term;MT=Variable	NT=Deamidated;AC=UNIMOD:7;TA=N,Q;MT=Variable	7 ppm	20 ppm	not applicable	120 min gradient	1	1	20150817_QEp8_JaRi_SA_Sups_MOclassical_PIC_04.raw	v1.1.0	NT=ms-proteomics;VV=v1.1.0	NT=human;VV=v1.1.0	NT=sdrf-skills;VV=v0.2.0	CD14-positive, CD16-negative classical monocyte	Poly IC
MO.classical_PIC_secretome_04	Homo sapiens	blood	CD14-positive, CD16-negative classical monocyte	normal	not applicable	adult	not available	not available	not available	not available	Poly IC	12 hour	4	20150817_QEp8_JaRi_SA_Sups_MOclassical_PIC_04_150824192822	proteomic profiling by mass spectrometry	NT=Q Exactive HF;AC=MS:1002523	label free sample	NT=Data-dependent acquisition;AC=PRIDE:0000627	NT=HCD;AC=MS:1000422	27 NCE	300m/z-1650m/z	NT=orbitrap;AC=MS:1000484	NT=Trypsin;AC=MS:1001251	NT=Lys-C;AC=MS:1001309	NT=Dithiothreitol (DTT);AC=PRIDE:0000608	NT=Iodoacetamide (IAA);AC=PRIDE:0000599	NT=Carbamidomethyl;AC=UNIMOD:4;TA=C;MT=Fixed	NT=Oxidation;AC=UNIMOD:35;TA=M;MT=Variable	NT=Acetyl;AC=UNIMOD:1;PP=Protein N-term;MT=Variable	NT=Deamidated;AC=UNIMOD:7;TA=N,Q;MT=Variable	7 ppm	20 ppm	not applicable	120 min gradient	1	2	20150817_QEp8_JaRi_SA_Sups_MOclassical_PIC_04_150824192822.raw	v1.1.0	NT=ms-proteomics;VV=v1.1.0	NT=human;VV=v1.1.0	NT=sdrf-skills;VV=v0.2.0	CD14-positive, CD16-negative classical monocyte	Poly IC
MO.classical_PIC_secretome_05	Homo sapiens	blood	CD14-positive, CD16-negative classical monocyte	normal	not applicable	adult	not available	not available	not available	not available	Poly IC	12 hour	5	20150817_QEp8_JaRi_SA_Sups_MOclassical_PIC_05	proteomic profiling by mass spectrometry	NT=Q Exactive HF;AC=MS:1002523	label free sample	NT=Data-dependent acquisition;AC=PRIDE:0000627	NT=HCD;AC=MS:1000422	27 NCE	300m/z-1650m/z	NT=orbitrap;AC=MS:1000484	NT=Trypsin;AC=MS:1001251	NT=Lys-C;AC=MS:1001309	NT=Dithiothreitol (DTT);AC=PRIDE:0000608	NT=Iodoacetamide (IAA);AC=PRIDE:0000599	NT=Carbamidomethyl;AC=UNIMOD:4;TA=C;MT=Fixed	NT=Oxidation;AC=UNIMOD:35;TA=M;MT=Variable	NT=Acetyl;AC=UNIMOD:1;PP=Protein N-term;MT=Variable	NT=Deamidated;AC=UNIMOD:7;TA=N,Q;MT=Variable	7 ppm	20 ppm	not applicable	120 min gradient	1	1	20150817_QEp8_JaRi_SA_Sups_MOclassical_PIC_05.raw	v1.1.0	NT=ms-proteomics;VV=v1.1.0	NT=human;VV=v1.1.0	NT=sdrf-skills;VV=v0.2.0	CD14-positive, CD16-negative classical monocyte	Poly IC
MO.classical_PIC_secretome_05	Homo sapiens	blood	CD14-positive, CD16-negative classical monocyte	normal	not applicable	adult	not available	not available	not available	not available	Poly IC	12 hour	5	20150817_QEp8_JaRi_SA_Sups_MOclassical_PIC_05_150824220006	proteomic profiling by mass spectrometry	NT=Q Exactive HF;AC=MS:1002523	label free sample	NT=Data-dependent acquisition;AC=PRIDE:0000627	NT=HCD;AC=MS:1000422	27 NCE	300m/z-1650m/z	NT=orbitrap;AC=MS:1000484	NT=Trypsin;AC=MS:1001251	NT=Lys-C;AC=MS:1001309	NT=Dithiothreitol (DTT);AC=PRIDE:0000608	NT=Iodoacetamide (IAA);AC=PRIDE:0000599	NT=Carbamidomethyl;AC=UNIMOD:4;TA=C;MT=Fixed	NT=Oxidation;AC=UNIMOD:35;TA=M;MT=Variable	NT=Acetyl;AC=UNIMOD:1;PP=Protein N-term;MT=Variable	NT=Deamidated;AC=UNIMOD:7;TA=N,Q;MT=Variable	7 ppm	20 ppm	not applicable	120 min gradient	1	2	20150817_QEp8_JaRi_SA_Sups_MOclassical_PIC_05_150824220006.raw	v1.1.0	NT=ms-proteomics;VV=v1.1.0	NT=human;VV=v1.1.0	NT=sdrf-skills;VV=v0.2.0	CD14-positive, CD16-negative classical monocyte	Poly IC
MO.classical_PIC_secretome_06	Homo sapiens	blood	CD14-positive, CD16-negative classical monocyte	normal	not applicable	adult	not available	not available	not available	not available	Poly IC	12 hour	6	20150817_QEp8_JaRi_SA_Sups_MOclassical_PIC_06	proteomic profiling by mass spectrometry	NT=Q Exactive HF;AC=MS:1002523	label free sample	NT=Data-dependent acquisition;AC=PRIDE:0000627	NT=HCD;AC=MS:1000422	27 NCE	300m/z-1650m/z	NT=orbitrap;AC=MS:1000484	NT=Trypsin;AC=MS:1001251	NT=Lys-C;AC=MS:1001309	NT=Dithiothreitol (DTT);AC=PRIDE:0000608	NT=Iodoacetamide (IAA);AC=PRIDE:0000599	NT=Carbamidomethyl;AC=UNIMOD:4;TA=C;MT=Fixed	NT=Oxidation;AC=UNIMOD:35;TA=M;MT=Variable	NT=Acetyl;AC=UNIMOD:1;PP=Protein N-term;MT=Variable	NT=Deamidated;AC=UNIMOD:7;TA=N,Q;MT=Variable	7 ppm	20 ppm	not applicable	120 min gradient	1	1	20150817_QEp8_JaRi_SA_Sups_MOclassical_PIC_06.raw	v1.1.0	NT=ms-proteomics;VV=v1.1.0	NT=human;VV=v1.1.0	NT=sdrf-skills;VV=v0.2.0	CD14-positive, CD16-negative classical monocyte	Poly IC
MO.classical_PIC_secretome_07	Homo sapiens	blood	CD14-positive, CD16-negative classical monocyte	normal	not applicable	adult	not available	not available	not available	not available	Poly IC	12 hour	7	20150817_QEp8_JaRi_SA_Sups_MOclassical_PIC_07	proteomic profiling by mass spectrometry	NT=Q Exactive HF;AC=MS:1002523	label free sample	NT=Data-dependent acquisition;AC=PRIDE:0000627	NT=HCD;AC=MS:1000422	27 NCE	300m/z-1650m/z	NT=orbitrap;AC=MS:1000484	NT=Trypsin;AC=MS:1001251	NT=Lys-C;AC=MS:1001309	NT=Dithiothreitol (DTT);AC=PRIDE:0000608	NT=Iodoacetamide (IAA);AC=PRIDE:0000599	NT=Carbamidomethyl;AC=UNIMOD:4;TA=C;MT=Fixed	NT=Oxidation;AC=UNIMOD:35;TA=M;MT=Variable	NT=Acetyl;AC=UNIMOD:1;PP=Protein N-term;MT=Variable	NT=Deamidated;AC=UNIMOD:7;TA=N,Q;MT=Variable	7 ppm	20 ppm	not applicable	120 min gradient	1	1	20150817_QEp8_JaRi_SA_Sups_MOclassical_PIC_07.raw	v1.1.0	NT=ms-proteomics;VV=v1.1.0	NT=human;VV=v1.1.0	NT=sdrf-skills;VV=v0.2.0	CD14-positive, CD16-negative classical monocyte	Poly IC
MO.classical_R848_secretome_01	Homo sapiens	blood	CD14-positive, CD16-negative classical monocyte	normal	not applicable	adult	not available	not available	not available	not available	Resiquimod	12 hour	1	20150817_QEp8_JaRi_SA_Sups_MOclassical_R848_01	proteomic profiling by mass spectrometry	NT=Q Exactive HF;AC=MS:1002523	label free sample	NT=Data-dependent acquisition;AC=PRIDE:0000627	NT=HCD;AC=MS:1000422	27 NCE	300m/z-1650m/z	NT=orbitrap;AC=MS:1000484	NT=Trypsin;AC=MS:1001251	NT=Lys-C;AC=MS:1001309	NT=Dithiothreitol (DTT);AC=PRIDE:0000608	NT=Iodoacetamide (IAA);AC=PRIDE:0000599	NT=Carbamidomethyl;AC=UNIMOD:4;TA=C;MT=Fixed	NT=Oxidation;AC=UNIMOD:35;TA=M;MT=Variable	NT=Acetyl;AC=UNIMOD:1;PP=Protein N-term;MT=Variable	NT=Deamidated;AC=UNIMOD:7;TA=N,Q;MT=Variable	7 ppm	20 ppm	not applicable	120 min gradient	1	1	20150817_QEp8_JaRi_SA_Sups_MOclassical_R848_01.raw	v1.1.0	NT=ms-proteomics;VV=v1.1.0	NT=human;VV=v1.1.0	NT=sdrf-skills;VV=v0.2.0	CD14-positive, CD16-negative classical monocyte	Resiquimod
MO.classical_R848_secretome_02	Homo sapiens	blood	CD14-positive, CD16-negative classical monocyte	normal	not applicable	adult	not available	not available	not available	not available	Resiquimod	12 hour	2	20150817_QEp8_JaRi_SA_Sups_MOclassical_R848_02	proteomic profiling by mass spectrometry	NT=Q Exactive HF;AC=MS:1002523	label free sample	NT=Data-dependent acquisition;AC=PRIDE:0000627	NT=HCD;AC=MS:1000422	27 NCE	300m/z-1650m/z	NT=orbitrap;AC=MS:1000484	NT=Trypsin;AC=MS:1001251	NT=Lys-C;AC=MS:1001309	NT=Dithiothreitol (DTT);AC=PRIDE:0000608	NT=Iodoacetamide (IAA);AC=PRIDE:0000599	NT=Carbamidomethyl;AC=UNIMOD:4;TA=C;MT=Fixed	NT=Oxidation;AC=UNIMOD:35;TA=M;MT=Variable	NT=Acetyl;AC=UNIMOD:1;PP=Protein N-term;MT=Variable	NT=Deamidated;AC=UNIMOD:7;TA=N,Q;MT=Variable	7 ppm	20 ppm	not applicable	120 min gradient	1	1	20150817_QEp8_JaRi_SA_Sups_MOclassical_R848_02.raw	v1.1.0	NT=ms-proteomics;VV=v1.1.0	NT=human;VV=v1.1.0	NT=sdrf-skills;VV=v0.2.0	CD14-positive, CD16-negative classical monocyte	Resiquimod
MO.classical_R848_secretome_03	Homo sapiens	blood	CD14-positive, CD16-negative classical monocyte	normal	not applicable	adult	not available	not available	not available	not available	Resiquimod	12 hour	3	20150817_QEp8_JaRi_SA_Sups_MOclassical_R848_03	proteomic profiling by mass spectrometry	NT=Q Exactive HF;AC=MS:1002523	label free sample	NT=Data-dependent acquisition;AC=PRIDE:0000627	NT=HCD;AC=MS:1000422	27 NCE	300m/z-1650m/z	NT=orbitrap;AC=MS:1000484	NT=Trypsin;AC=MS:1001251	NT=Lys-C;AC=MS:1001309	NT=Dithiothreitol (DTT);AC=PRIDE:0000608	NT=Iodoacetamide (IAA);AC=PRIDE:0000599	NT=Carbamidomethyl;AC=UNIMOD:4;TA=C;MT=Fixed	NT=Oxidation;AC=UNIMOD:35;TA=M;MT=Variable	NT=Acetyl;AC=UNIMOD:1;PP=Protein N-term;MT=Variable	NT=Deamidated;AC=UNIMOD:7;TA=N,Q;MT=Variable	7 ppm	20 ppm	not applicable	120 min gradient	1	1	20150817_QEp8_JaRi_SA_Sups_MOclassical_R848_03.raw	v1.1.0	NT=ms-proteomics;VV=v1.1.0	NT=human;VV=v1.1.0	NT=sdrf-skills;VV=v0.2.0	CD14-positive, CD16-negative classical monocyte	Resiquimod
MO.classical_R848_secretome_04	Homo sapiens	blood	CD14-positive, CD16-negative classical monocyte	normal	not applicable	adult	not available	not available	not available	not available	Resiquimod	12 hour	4	20150817_QEp8_JaRi_SA_Sups_MOclassical_R848_04	proteomic profiling by mass spectrometry	NT=Q Exactive HF;AC=MS:1002523	label free sample	NT=Data-dependent acquisition;AC=PRIDE:0000627	NT=HCD;AC=MS:1000422	27 NCE	300m/z-1650m/z	NT=orbitrap;AC=MS:1000484	NT=Trypsin;AC=MS:1001251	NT=Lys-C;AC=MS:1001309	NT=Dithiothreitol (DTT);AC=PRIDE:0000608	NT=Iodoacetamide (IAA);AC=PRIDE:0000599	NT=Carbamidomethyl;AC=UNIMOD:4;TA=C;MT=Fixed	NT=Oxidation;AC=UNIMOD:35;TA=M;MT=Variable	NT=Acetyl;AC=UNIMOD:1;PP=Protein N-term;MT=Variable	NT=Deamidated;AC=UNIMOD:7;TA=N,Q;MT=Variable	7 ppm	20 ppm	not applicable	120 min gradient	1	1	20150817_QEp8_JaRi_SA_Sups_MOclassical_R848_04.raw	v1.1.0	NT=ms-proteomics;VV=v1.1.0	NT=human;VV=v1.1.0	NT=sdrf-skills;VV=v0.2.0	CD14-positive, CD16-negative classical monocyte	Resiquimod
MO.classical_R848_secretome_05	Homo sapiens	blood	CD14-positive, CD16-negative classical monocyte	normal	not applicable	adult	not available	not available	not available	not available	Resiquimod	12 hour	5	20150817_QEp8_JaRi_SA_Sups_MOclassical_R848_05	proteomic profiling by mass spectrometry	NT=Q Exactive HF;AC=MS:1002523	label free sample	NT=Data-dependent acquisition;AC=PRIDE:0000627	NT=HCD;AC=MS:1000422	27 NCE	300m/z-1650m/z	NT=orbitrap;AC=MS:1000484	NT=Trypsin;AC=MS:1001251	NT=Lys-C;AC=MS:1001309	NT=Dithiothreitol (DTT);AC=PRIDE:0000608	NT=Iodoacetamide (IAA);AC=PRIDE:0000599	NT=Carbamidomethyl;AC=UNIMOD:4;TA=C;MT=Fixed	NT=Oxidation;AC=UNIMOD:35;TA=M;MT=Variable	NT=Acetyl;AC=UNIMOD:1;PP=Protein N-term;MT=Variable	NT=Deamidated;AC=UNIMOD:7;TA=N,Q;MT=Variable	7 ppm	20 ppm	not applicable	120 min gradient	1	1	20150817_QEp8_JaRi_SA_Sups_MOclassical_R848_05.raw	v1.1.0	NT=ms-proteomics;VV=v1.1.0	NT=human;VV=v1.1.0	NT=sdrf-skills;VV=v0.2.0	CD14-positive, CD16-negative classical monocyte	Resiquimod
MO.classical_ZYM_secretome_01	Homo sapiens	blood	CD14-positive, CD16-negative classical monocyte	normal	not applicable	adult	not available	not available	not available	not available	Zymosan	12 hour	1	20150817_QEp8_JaRi_SA_Sups_MOclassical_ZYM_01	proteomic profiling by mass spectrometry	NT=Q Exactive HF;AC=MS:1002523	label free sample	NT=Data-dependent acquisition;AC=PRIDE:0000627	NT=HCD;AC=MS:1000422	27 NCE	300m/z-1650m/z	NT=orbitrap;AC=MS:1000484	NT=Trypsin;AC=MS:1001251	NT=Lys-C;AC=MS:1001309	NT=Dithiothreitol (DTT);AC=PRIDE:0000608	NT=Iodoacetamide (IAA);AC=PRIDE:0000599	NT=Carbamidomethyl;AC=UNIMOD:4;TA=C;MT=Fixed	NT=Oxidation;AC=UNIMOD:35;TA=M;MT=Variable	NT=Acetyl;AC=UNIMOD:1;PP=Protein N-term;MT=Variable	NT=Deamidated;AC=UNIMOD:7;TA=N,Q;MT=Variable	7 ppm	20 ppm	not applicable	120 min gradient	1	1	20150817_QEp8_JaRi_SA_Sups_MOclassical_ZYM_01.raw	v1.1.0	NT=ms-proteomics;VV=v1.1.0	NT=human;VV=v1.1.0	NT=sdrf-skills;VV=v0.2.0	CD14-positive, CD16-negative classical monocyte	Zymosan
MO.classical_ZYM_secretome_02	Homo sapiens	blood	CD14-positive, CD16-negative classical monocyte	normal	not applicable	adult	not available	not available	not available	not available	Zymosan	12 hour	2	20150817_QEp8_JaRi_SA_Sups_MOclassical_ZYM_02	proteomic profiling by mass spectrometry	NT=Q Exactive HF;AC=MS:1002523	label free sample	NT=Data-dependent acquisition;AC=PRIDE:0000627	NT=HCD;AC=MS:1000422	27 NCE	300m/z-1650m/z	NT=orbitrap;AC=MS:1000484	NT=Trypsin;AC=MS:1001251	NT=Lys-C;AC=MS:1001309	NT=Dithiothreitol (DTT);AC=PRIDE:0000608	NT=Iodoacetamide (IAA);AC=PRIDE:0000599	NT=Carbamidomethyl;AC=UNIMOD:4;TA=C;MT=Fixed	NT=Oxidation;AC=UNIMOD:35;TA=M;MT=Variable	NT=Acetyl;AC=UNIMOD:1;PP=Protein N-term;MT=Variable	NT=Deamidated;AC=UNIMOD:7;TA=N,Q;MT=Variable	7 ppm	20 ppm	not applicable	120 min gradient	1	1	20150817_QEp8_JaRi_SA_Sups_MOclassical_ZYM_02.raw	v1.1.0	NT=ms-proteomics;VV=v1.1.0	NT=human;VV=v1.1.0	NT=sdrf-skills;VV=v0.2.0	CD14-positive, CD16-negative classical monocyte	Zymosan
MO.classical_ZYM_secretome_03	Homo sapiens	blood	CD14-positive, CD16-negative classical monocyte	normal	not applicable	adult	not available	not available	not available	not available	Zymosan	12 hour	3	20150817_QEp8_JaRi_SA_Sups_MOclassical_ZYM_03	proteomic profiling by mass spectrometry	NT=Q Exactive HF;AC=MS:1002523	label free sample	NT=Data-dependent acquisition;AC=PRIDE:0000627	NT=HCD;AC=MS:1000422	27 NCE	300m/z-1650m/z	NT=orbitrap;AC=MS:1000484	NT=Trypsin;AC=MS:1001251	NT=Lys-C;AC=MS:1001309	NT=Dithiothreitol (DTT);AC=PRIDE:0000608	NT=Iodoacetamide (IAA);AC=PRIDE:0000599	NT=Carbamidomethyl;AC=UNIMOD:4;TA=C;MT=Fixed	NT=Oxidation;AC=UNIMOD:35;TA=M;MT=Variable	NT=Acetyl;AC=UNIMOD:1;PP=Protein N-term;MT=Variable	NT=Deamidated;AC=UNIMOD:7;TA=N,Q;MT=Variable	7 ppm	20 ppm	not applicable	120 min gradient	1	1	20150817_QEp8_JaRi_SA_Sups_MOclassical_ZYM_03.raw	v1.1.0	NT=ms-proteomics;VV=v1.1.0	NT=human;VV=v1.1.0	NT=sdrf-skills;VV=v0.2.0	CD14-positive, CD16-negative classical monocyte	Zymosan
MO.classical_ZYM_secretome_04	Homo sapiens	blood	CD14-positive, CD16-negative classical monocyte	normal	not applicable	adult	not available	not available	not available	not available	Zymosan	12 hour	4	20150817_QEp8_JaRi_SA_Sups_MOclassical_ZYM_04	proteomic profiling by mass spectrometry	NT=Q Exactive HF;AC=MS:1002523	label free sample	NT=Data-dependent acquisition;AC=PRIDE:0000627	NT=HCD;AC=MS:1000422	27 NCE	300m/z-1650m/z	NT=orbitrap;AC=MS:1000484	NT=Trypsin;AC=MS:1001251	NT=Lys-C;AC=MS:1001309	NT=Dithiothreitol (DTT);AC=PRIDE:0000608	NT=Iodoacetamide (IAA);AC=PRIDE:0000599	NT=Carbamidomethyl;AC=UNIMOD:4;TA=C;MT=Fixed	NT=Oxidation;AC=UNIMOD:35;TA=M;MT=Variable	NT=Acetyl;AC=UNIMOD:1;PP=Protein N-term;MT=Variable	NT=Deamidated;AC=UNIMOD:7;TA=N,Q;MT=Variable	7 ppm	20 ppm	not applicable	120 min gradient	1	1	20150817_QEp8_JaRi_SA_Sups_MOclassical_ZYM_04.raw	v1.1.0	NT=ms-proteomics;VV=v1.1.0	NT=human;VV=v1.1.0	NT=sdrf-skills;VV=v0.2.0	CD14-positive, CD16-negative classical monocyte	Zymosan
MO.classical_ZYM_secretome_05	Homo sapiens	blood	CD14-positive, CD16-negative classical monocyte	normal	not applicable	adult	not available	not available	not available	not available	Zymosan	12 hour	5	20150817_QEp8_JaRi_SA_Sups_MOclassical_ZYM_05	proteomic profiling by mass spectrometry	NT=Q Exactive HF;AC=MS:1002523	label free sample	NT=Data-dependent acquisition;AC=PRIDE:0000627	NT=HCD;AC=MS:1000422	27 NCE	300m/z-1650m/z	NT=orbitrap;AC=MS:1000484	NT=Trypsin;AC=MS:1001251	NT=Lys-C;AC=MS:1001309	NT=Dithiothreitol (DTT);AC=PRIDE:0000608	NT=Iodoacetamide (IAA);AC=PRIDE:0000599	NT=Carbamidomethyl;AC=UNIMOD:4;TA=C;MT=Fixed	NT=Oxidation;AC=UNIMOD:35;TA=M;MT=Variable	NT=Acetyl;AC=UNIMOD:1;PP=Protein N-term;MT=Variable	NT=Deamidated;AC=UNIMOD:7;TA=N,Q;MT=Variable	7 ppm	20 ppm	not applicable	120 min gradient	1	1	20150817_QEp8_JaRi_SA_Sups_MOclassical_ZYM_05.raw	v1.1.0	NT=ms-proteomics;VV=v1.1.0	NT=human;VV=v1.1.0	NT=sdrf-skills;VV=v0.2.0	CD14-positive, CD16-negative classical monocyte	Zymosan
MO.classical_activated_cellular_01	Homo sapiens	blood	CD14-positive, CD16-negative classical monocyte	normal	cell	adult	not available	not available	not available	not available	lipopolysaccharide and resiquimod	12 hour	1	MO.classical_01activated	proteomic profiling by mass spectrometry	NT=Q Exactive HF;AC=MS:1002523	label free sample	NT=Data-dependent acquisition;AC=PRIDE:0000627	NT=HCD;AC=MS:1000422	26 NCE	300m/z-1650m/z	NT=orbitrap;AC=MS:1000484	NT=Trypsin;AC=MS:1001251	NT=Lys-C;AC=MS:1001309	NT=Dithiothreitol (DTT);AC=PRIDE:0000608	NT=Iodoacetamide (IAA);AC=PRIDE:0000599	NT=Carbamidomethyl;AC=UNIMOD:4;TA=C;MT=Fixed	NT=Oxidation;AC=UNIMOD:35;TA=M;MT=Variable	NT=Acetyl;AC=UNIMOD:1;PP=Protein N-term;MT=Variable	NT=Deamidated;AC=UNIMOD:7;TA=N,Q;MT=Variable	7 ppm	20 ppm	not applicable	nonlinear 5-60% buffer B (80% acetonitrile, 0.5% formic acid) over 180 min at 250 nl/min	1	1	MO.classical_01activated.raw	v1.1.0	NT=ms-proteomics;VV=v1.1.0	NT=human;VV=v1.1.0	NT=sdrf-skills;VV=v0.2.0	CD14-positive, CD16-negative classical monocyte	lipopolysaccharide and resiquimod
MO.classical_activated_cellular_02	Homo sapiens	blood	CD14-positive, CD16-negative classical monocyte	normal	cell	adult	not available	not available	not available	not available	lipopolysaccharide and resiquimod	12 hour	2	MO.classical_02activated	proteomic profiling by mass spectrometry	NT=Q Exactive HF;AC=MS:1002523	label free sample	NT=Data-dependent acquisition;AC=PRIDE:0000627	NT=HCD;AC=MS:1000422	26 NCE	300m/z-1650m/z	NT=orbitrap;AC=MS:1000484	NT=Trypsin;AC=MS:1001251	NT=Lys-C;AC=MS:1001309	NT=Dithiothreitol (DTT);AC=PRIDE:0000608	NT=Iodoacetamide (IAA);AC=PRIDE:0000599	NT=Carbamidomethyl;AC=UNIMOD:4;TA=C;MT=Fixed	NT=Oxidation;AC=UNIMOD:35;TA=M;MT=Variable	NT=Acetyl;AC=UNIMOD:1;PP=Protein N-term;MT=Variable	NT=Deamidated;AC=UNIMOD:7;TA=N,Q;MT=Variable	7 ppm	20 ppm	not applicable	nonlinear 5-60% buffer B (80% acetonitrile, 0.5% formic acid) over 180 min at 250 nl/min	1	1	MO.classical_02activated.raw	v1.1.0	NT=ms-proteomics;VV=v1.1.0	NT=human;VV=v1.1.0	NT=sdrf-skills;VV=v0.2.0	CD14-positive, CD16-negative classical monocyte	lipopolysaccharide and resiquimod
MO.classical_activated_cellular_03	Homo sapiens	blood	CD14-positive, CD16-negative classical monocyte	normal	cell	adult	not available	not available	not available	not available	lipopolysaccharide and resiquimod	12 hour	3	MO.classical_03activated	proteomic profiling by mass spectrometry	NT=Q Exactive HF;AC=MS:1002523	label free sample	NT=Data-dependent acquisition;AC=PRIDE:0000627	NT=HCD;AC=MS:1000422	26 NCE	300m/z-1650m/z	NT=orbitrap;AC=MS:1000484	NT=Trypsin;AC=MS:1001251	NT=Lys-C;AC=MS:1001309	NT=Dithiothreitol (DTT);AC=PRIDE:0000608	NT=Iodoacetamide (IAA);AC=PRIDE:0000599	NT=Carbamidomethyl;AC=UNIMOD:4;TA=C;MT=Fixed	NT=Oxidation;AC=UNIMOD:35;TA=M;MT=Variable	NT=Acetyl;AC=UNIMOD:1;PP=Protein N-term;MT=Variable	NT=Deamidated;AC=UNIMOD:7;TA=N,Q;MT=Variable	7 ppm	20 ppm	not applicable	nonlinear 5-60% buffer B (80% acetonitrile, 0.5% formic acid) over 180 min at 250 nl/min	1	1	MO.classical_03activated.raw	v1.1.0	NT=ms-proteomics;VV=v1.1.0	NT=human;VV=v1.1.0	NT=sdrf-skills;VV=v0.2.0	CD14-positive, CD16-negative classical monocyte	lipopolysaccharide and resiquimod
MO.classical_activated_cellular_04	Homo sapiens	blood	CD14-positive, CD16-negative classical monocyte	normal	cell	adult	not available	not available	not available	not available	lipopolysaccharide and resiquimod	12 hour	4	Library_single.shot_47activated	proteomic profiling by mass spectrometry	NT=Q Exactive HF;AC=MS:1002523	label free sample	NT=Data-dependent acquisition;AC=PRIDE:0000627	NT=HCD;AC=MS:1000422	26 NCE	300m/z-1650m/z	NT=orbitrap;AC=MS:1000484	NT=Trypsin;AC=MS:1001251	NT=Lys-C;AC=MS:1001309	NT=Dithiothreitol (DTT);AC=PRIDE:0000608	NT=Iodoacetamide (IAA);AC=PRIDE:0000599	NT=Carbamidomethyl;AC=UNIMOD:4;TA=C;MT=Fixed	NT=Oxidation;AC=UNIMOD:35;TA=M;MT=Variable	NT=Acetyl;AC=UNIMOD:1;PP=Protein N-term;MT=Variable	NT=Deamidated;AC=UNIMOD:7;TA=N,Q;MT=Variable	7 ppm	20 ppm	not applicable	nonlinear 5-60% buffer B (80% acetonitrile, 0.5% formic acid) over 180 min at 250 nl/min	1	1	Library_single.shot_47activated.raw	v1.1.0	NT=ms-proteomics;VV=v1.1.0	NT=human;VV=v1.1.0	NT=sdrf-skills;VV=v0.2.0	CD14-positive, CD16-negative classical monocyte	lipopolysaccharide and resiquimod
MO.classical_activated_cellular_05	Homo sapiens	blood	CD14-positive, CD16-negative classical monocyte	normal	cell	adult	not available	not available	not available	not available	lipopolysaccharide and resiquimod	12 hour	5	Library_single.shot_46activated	proteomic profiling by mass spectrometry	NT=Q Exactive HF;AC=MS:1002523	label free sample	NT=Data-dependent acquisition;AC=PRIDE:0000627	NT=HCD;AC=MS:1000422	26 NCE	300m/z-1650m/z	NT=orbitrap;AC=MS:1000484	NT=Trypsin;AC=MS:1001251	NT=Lys-C;AC=MS:1001309	NT=Dithiothreitol (DTT);AC=PRIDE:0000608	NT=Iodoacetamide (IAA);AC=PRIDE:0000599	NT=Carbamidomethyl;AC=UNIMOD:4;TA=C;MT=Fixed	NT=Oxidation;AC=UNIMOD:35;TA=M;MT=Variable	NT=Acetyl;AC=UNIMOD:1;PP=Protein N-term;MT=Variable	NT=Deamidated;AC=UNIMOD:7;TA=N,Q;MT=Variable	7 ppm	20 ppm	not applicable	nonlinear 5-60% buffer B (80% acetonitrile, 0.5% formic acid) over 180 min at 250 nl/min	1	1	Library_single.shot_46activated.raw	v1.1.0	NT=ms-proteomics;VV=v1.1.0	NT=human;VV=v1.1.0	NT=sdrf-skills;VV=v0.2.0	CD14-positive, CD16-negative classical monocyte	lipopolysaccharide and resiquimod
MO.classical_steady-state_cellular_01	Homo sapiens	blood	CD14-positive, CD16-negative classical monocyte	normal	cell	adult	not available	not available	not available	not available	untreated	not applicable	1	MO.classical_01steady-state	proteomic profiling by mass spectrometry	NT=Q Exactive HF;AC=MS:1002523	label free sample	NT=Data-dependent acquisition;AC=PRIDE:0000627	NT=HCD;AC=MS:1000422	26 NCE	300m/z-1650m/z	NT=orbitrap;AC=MS:1000484	NT=Trypsin;AC=MS:1001251	NT=Lys-C;AC=MS:1001309	NT=Dithiothreitol (DTT);AC=PRIDE:0000608	NT=Iodoacetamide (IAA);AC=PRIDE:0000599	NT=Carbamidomethyl;AC=UNIMOD:4;TA=C;MT=Fixed	NT=Oxidation;AC=UNIMOD:35;TA=M;MT=Variable	NT=Acetyl;AC=UNIMOD:1;PP=Protein N-term;MT=Variable	NT=Deamidated;AC=UNIMOD:7;TA=N,Q;MT=Variable	7 ppm	20 ppm	not applicable	nonlinear 5-60% buffer B (80% acetonitrile, 0.5% formic acid) over 180 min at 250 nl/min	1	1	MO.classical_01steady-state.raw	v1.1.0	NT=ms-proteomics;VV=v1.1.0	NT=human;VV=v1.1.0	NT=sdrf-skills;VV=v0.2.0	CD14-positive, CD16-negative classical monocyte	untreated
MO.classical_steady-state_cellular_01	Homo sapiens	blood	CD14-positive, CD16-negative classical monocyte	normal	cell	adult	not available	not available	not available	not available	untreated	not applicable	1	Library_single.shot_83steady-state	proteomic profiling by mass spectrometry	NT=Q Exactive HF;AC=MS:1002523	label free sample	NT=Data-dependent acquisition;AC=PRIDE:0000627	NT=HCD;AC=MS:1000422	26 NCE	300m/z-1650m/z	NT=orbitrap;AC=MS:1000484	NT=Trypsin;AC=MS:1001251	NT=Lys-C;AC=MS:1001309	NT=Dithiothreitol (DTT);AC=PRIDE:0000608	NT=Iodoacetamide (IAA);AC=PRIDE:0000599	NT=Carbamidomethyl;AC=UNIMOD:4;TA=C;MT=Fixed	NT=Oxidation;AC=UNIMOD:35;TA=M;MT=Variable	NT=Acetyl;AC=UNIMOD:1;PP=Protein N-term;MT=Variable	NT=Deamidated;AC=UNIMOD:7;TA=N,Q;MT=Variable	7 ppm	20 ppm	not applicable	nonlinear 5-60% buffer B (80% acetonitrile, 0.5% formic acid) over 180 min at 250 nl/min	1	2	Library_single.shot_83steady-state.raw	v1.1.0	NT=ms-proteomics;VV=v1.1.0	NT=human;VV=v1.1.0	NT=sdrf-skills;VV=v0.2.0	CD14-positive, CD16-negative classical monocyte	untreated
MO.classical_steady-state_cellular_02	Homo sapiens	blood	CD14-positive, CD16-negative classical monocyte	normal	cell	adult	not available	not available	not available	not available	untreated	not applicable	2	MO.classical_02steady-state	proteomic profiling by mass spectrometry	NT=Q Exactive HF;AC=MS:1002523	label free sample	NT=Data-dependent acquisition;AC=PRIDE:0000627	NT=HCD;AC=MS:1000422	26 NCE	300m/z-1650m/z	NT=orbitrap;AC=MS:1000484	NT=Trypsin;AC=MS:1001251	NT=Lys-C;AC=MS:1001309	NT=Dithiothreitol (DTT);AC=PRIDE:0000608	NT=Iodoacetamide (IAA);AC=PRIDE:0000599	NT=Carbamidomethyl;AC=UNIMOD:4;TA=C;MT=Fixed	NT=Oxidation;AC=UNIMOD:35;TA=M;MT=Variable	NT=Acetyl;AC=UNIMOD:1;PP=Protein N-term;MT=Variable	NT=Deamidated;AC=UNIMOD:7;TA=N,Q;MT=Variable	7 ppm	20 ppm	not applicable	nonlinear 5-60% buffer B (80% acetonitrile, 0.5% formic acid) over 180 min at 250 nl/min	1	1	MO.classical_02steady-state.raw	v1.1.0	NT=ms-proteomics;VV=v1.1.0	NT=human;VV=v1.1.0	NT=sdrf-skills;VV=v0.2.0	CD14-positive, CD16-negative classical monocyte	untreated
MO.classical_steady-state_cellular_03	Homo sapiens	blood	CD14-positive, CD16-negative classical monocyte	normal	cell	adult	not available	not available	not available	not available	untreated	not applicable	3	MO.classical_03steady-state	proteomic profiling by mass spectrometry	NT=Q Exactive HF;AC=MS:1002523	label free sample	NT=Data-dependent acquisition;AC=PRIDE:0000627	NT=HCD;AC=MS:1000422	26 NCE	300m/z-1650m/z	NT=orbitrap;AC=MS:1000484	NT=Trypsin;AC=MS:1001251	NT=Lys-C;AC=MS:1001309	NT=Dithiothreitol (DTT);AC=PRIDE:0000608	NT=Iodoacetamide (IAA);AC=PRIDE:0000599	NT=Carbamidomethyl;AC=UNIMOD:4;TA=C;MT=Fixed	NT=Oxidation;AC=UNIMOD:35;TA=M;MT=Variable	NT=Acetyl;AC=UNIMOD:1;PP=Protein N-term;MT=Variable	NT=Deamidated;AC=UNIMOD:7;TA=N,Q;MT=Variable	7 ppm	20 ppm	not applicable	nonlinear 5-60% buffer B (80% acetonitrile, 0.5% formic acid) over 180 min at 250 nl/min	1	1	MO.classical_03steady-state.raw	v1.1.0	NT=ms-proteomics;VV=v1.1.0	NT=human;VV=v1.1.0	NT=sdrf-skills;VV=v0.2.0	CD14-positive, CD16-negative classical monocyte	untreated
MO.classical_steady-state_cellular_03	Homo sapiens	blood	CD14-positive, CD16-negative classical monocyte	normal	cell	adult	not available	not available	not available	not available	untreated	not applicable	3	Library_single.shot_69steady-state	proteomic profiling by mass spectrometry	NT=Q Exactive HF;AC=MS:1002523	label free sample	NT=Data-dependent acquisition;AC=PRIDE:0000627	NT=HCD;AC=MS:1000422	26 NCE	300m/z-1650m/z	NT=orbitrap;AC=MS:1000484	NT=Trypsin;AC=MS:1001251	NT=Lys-C;AC=MS:1001309	NT=Dithiothreitol (DTT);AC=PRIDE:0000608	NT=Iodoacetamide (IAA);AC=PRIDE:0000599	NT=Carbamidomethyl;AC=UNIMOD:4;TA=C;MT=Fixed	NT=Oxidation;AC=UNIMOD:35;TA=M;MT=Variable	NT=Acetyl;AC=UNIMOD:1;PP=Protein N-term;MT=Variable	NT=Deamidated;AC=UNIMOD:7;TA=N,Q;MT=Variable	7 ppm	20 ppm	not applicable	nonlinear 5-60% buffer B (80% acetonitrile, 0.5% formic acid) over 180 min at 250 nl/min	1	2	Library_single.shot_69steady-state.raw	v1.1.0	NT=ms-proteomics;VV=v1.1.0	NT=human;VV=v1.1.0	NT=sdrf-skills;VV=v0.2.0	CD14-positive, CD16-negative classical monocyte	untreated
MO.classical_steady-state_cellular_04	Homo sapiens	blood	CD14-positive, CD16-negative classical monocyte	normal	cell	adult	not available	not available	not available	not available	untreated	not applicable	4	MO.classical_04steady-state	proteomic profiling by mass spectrometry	NT=Q Exactive HF;AC=MS:1002523	label free sample	NT=Data-dependent acquisition;AC=PRIDE:0000627	NT=HCD;AC=MS:1000422	26 NCE	300m/z-1650m/z	NT=orbitrap;AC=MS:1000484	NT=Trypsin;AC=MS:1001251	NT=Lys-C;AC=MS:1001309	NT=Dithiothreitol (DTT);AC=PRIDE:0000608	NT=Iodoacetamide (IAA);AC=PRIDE:0000599	NT=Carbamidomethyl;AC=UNIMOD:4;TA=C;MT=Fixed	NT=Oxidation;AC=UNIMOD:35;TA=M;MT=Variable	NT=Acetyl;AC=UNIMOD:1;PP=Protein N-term;MT=Variable	NT=Deamidated;AC=UNIMOD:7;TA=N,Q;MT=Variable	7 ppm	20 ppm	not applicable	nonlinear 5-60% buffer B (80% acetonitrile, 0.5% formic acid) over 180 min at 250 nl/min	1	1	MO.classical_04steady-state.raw	v1.1.0	NT=ms-proteomics;VV=v1.1.0	NT=human;VV=v1.1.0	NT=sdrf-skills;VV=v0.2.0	CD14-positive, CD16-negative classical monocyte	untreated
MO.classical_unstim_secretome_01	Homo sapiens	blood	CD14-positive, CD16-negative classical monocyte	normal	not applicable	adult	not available	not available	not available	not available	untreated	12 hour	1	20150817_QEp8_JaRi_SA_Sups_MOclassical_CTR_01	proteomic profiling by mass spectrometry	NT=Q Exactive HF;AC=MS:1002523	label free sample	NT=Data-dependent acquisition;AC=PRIDE:0000627	NT=HCD;AC=MS:1000422	27 NCE	300m/z-1650m/z	NT=orbitrap;AC=MS:1000484	NT=Trypsin;AC=MS:1001251	NT=Lys-C;AC=MS:1001309	NT=Dithiothreitol (DTT);AC=PRIDE:0000608	NT=Iodoacetamide (IAA);AC=PRIDE:0000599	NT=Carbamidomethyl;AC=UNIMOD:4;TA=C;MT=Fixed	NT=Oxidation;AC=UNIMOD:35;TA=M;MT=Variable	NT=Acetyl;AC=UNIMOD:1;PP=Protein N-term;MT=Variable	NT=Deamidated;AC=UNIMOD:7;TA=N,Q;MT=Variable	7 ppm	20 ppm	not applicable	120 min gradient	1	1	20150817_QEp8_JaRi_SA_Sups_MOclassical_CTR_01.raw	v1.1.0	NT=ms-proteomics;VV=v1.1.0	NT=human;VV=v1.1.0	NT=sdrf-skills;VV=v0.2.0	CD14-positive, CD16-negative classical monocyte	untreated
MO.classical_unstim_secretome_02	Homo sapiens	blood	CD14-positive, CD16-negative classical monocyte	normal	not applicable	adult	not available	not available	not available	not available	untreated	12 hour	2	20150817_QEp8_JaRi_SA_Sups_MOclassical_CTR_02	proteomic profiling by mass spectrometry	NT=Q Exactive HF;AC=MS:1002523	label free sample	NT=Data-dependent acquisition;AC=PRIDE:0000627	NT=HCD;AC=MS:1000422	27 NCE	300m/z-1650m/z	NT=orbitrap;AC=MS:1000484	NT=Trypsin;AC=MS:1001251	NT=Lys-C;AC=MS:1001309	NT=Dithiothreitol (DTT);AC=PRIDE:0000608	NT=Iodoacetamide (IAA);AC=PRIDE:0000599	NT=Carbamidomethyl;AC=UNIMOD:4;TA=C;MT=Fixed	NT=Oxidation;AC=UNIMOD:35;TA=M;MT=Variable	NT=Acetyl;AC=UNIMOD:1;PP=Protein N-term;MT=Variable	NT=Deamidated;AC=UNIMOD:7;TA=N,Q;MT=Variable	7 ppm	20 ppm	not applicable	120 min gradient	1	1	20150817_QEp8_JaRi_SA_Sups_MOclassical_CTR_02.raw	v1.1.0	NT=ms-proteomics;VV=v1.1.0	NT=human;VV=v1.1.0	NT=sdrf-skills;VV=v0.2.0	CD14-positive, CD16-negative classical monocyte	untreated
MO.classical_unstim_secretome_03	Homo sapiens	blood	CD14-positive, CD16-negative classical monocyte	normal	not applicable	adult	not available	not available	not available	not available	untreated	12 hour	3	20150817_QEp8_JaRi_SA_Sups_MOclassical_CTR_03	proteomic profiling by mass spectrometry	NT=Q Exactive HF;AC=MS:1002523	label free sample	NT=Data-dependent acquisition;AC=PRIDE:0000627	NT=HCD;AC=MS:1000422	27 NCE	300m/z-1650m/z	NT=orbitrap;AC=MS:1000484	NT=Trypsin;AC=MS:1001251	NT=Lys-C;AC=MS:1001309	NT=Dithiothreitol (DTT);AC=PRIDE:0000608	NT=Iodoacetamide (IAA);AC=PRIDE:0000599	NT=Carbamidomethyl;AC=UNIMOD:4;TA=C;MT=Fixed	NT=Oxidation;AC=UNIMOD:35;TA=M;MT=Variable	NT=Acetyl;AC=UNIMOD:1;PP=Protein N-term;MT=Variable	NT=Deamidated;AC=UNIMOD:7;TA=N,Q;MT=Variable	7 ppm	20 ppm	not applicable	120 min gradient	1	1	20150817_QEp8_JaRi_SA_Sups_MOclassical_CTR_03.raw	v1.1.0	NT=ms-proteomics;VV=v1.1.0	NT=human;VV=v1.1.0	NT=sdrf-skills;VV=v0.2.0	CD14-positive, CD16-negative classical monocyte	untreated
MO.classical_unstim_secretome_04	Homo sapiens	blood	CD14-positive, CD16-negative classical monocyte	normal	not applicable	adult	not available	not available	not available	not available	untreated	12 hour	4	20150817_QEp8_JaRi_SA_Sups_MOclassical_CTR_04	proteomic profiling by mass spectrometry	NT=Q Exactive HF;AC=MS:1002523	label free sample	NT=Data-dependent acquisition;AC=PRIDE:0000627	NT=HCD;AC=MS:1000422	27 NCE	300m/z-1650m/z	NT=orbitrap;AC=MS:1000484	NT=Trypsin;AC=MS:1001251	NT=Lys-C;AC=MS:1001309	NT=Dithiothreitol (DTT);AC=PRIDE:0000608	NT=Iodoacetamide (IAA);AC=PRIDE:0000599	NT=Carbamidomethyl;AC=UNIMOD:4;TA=C;MT=Fixed	NT=Oxidation;AC=UNIMOD:35;TA=M;MT=Variable	NT=Acetyl;AC=UNIMOD:1;PP=Protein N-term;MT=Variable	NT=Deamidated;AC=UNIMOD:7;TA=N,Q;MT=Variable	7 ppm	20 ppm	not applicable	120 min gradient	1	1	20150817_QEp8_JaRi_SA_Sups_MOclassical_CTR_04.raw	v1.1.0	NT=ms-proteomics;VV=v1.1.0	NT=human;VV=v1.1.0	NT=sdrf-skills;VV=v0.2.0	CD14-positive, CD16-negative classical monocyte	untreated
MO.classical_unstim_secretome_05	Homo sapiens	blood	CD14-positive, CD16-negative classical monocyte	normal	not applicable	adult	not available	not available	not available	not available	untreated	12 hour	5	20150817_QEp8_JaRi_SA_Sups_MOclassical_CTR_05	proteomic profiling by mass spectrometry	NT=Q Exactive HF;AC=MS:1002523	label free sample	NT=Data-dependent acquisition;AC=PRIDE:0000627	NT=HCD;AC=MS:1000422	27 NCE	300m/z-1650m/z	NT=orbitrap;AC=MS:1000484	NT=Trypsin;AC=MS:1001251	NT=Lys-C;AC=MS:1001309	NT=Dithiothreitol (DTT);AC=PRIDE:0000608	NT=Iodoacetamide (IAA);AC=PRIDE:0000599	NT=Carbamidomethyl;AC=UNIMOD:4;TA=C;MT=Fixed	NT=Oxidation;AC=UNIMOD:35;TA=M;MT=Variable	NT=Acetyl;AC=UNIMOD:1;PP=Protein N-term;MT=Variable	NT=Deamidated;AC=UNIMOD:7;TA=N,Q;MT=Variable	7 ppm	20 ppm	not applicable	120 min gradient	1	1	20150817_QEp8_JaRi_SA_Sups_MOclassical_CTR_05.raw	v1.1.0	NT=ms-proteomics;VV=v1.1.0	NT=human;VV=v1.1.0	NT=sdrf-skills;VV=v0.2.0	CD14-positive, CD16-negative classical monocyte	untreated
MO.classical_unstim_secretome_05	Homo sapiens	blood	CD14-positive, CD16-negative classical monocyte	normal	not applicable	adult	not available	not available	not available	not available	untreated	12 hour	5	20150817_QEp8_JaRi_SA_Sups_MOclassical_CTR_05_150822235658	proteomic profiling by mass spectrometry	NT=Q Exactive HF;AC=MS:1002523	label free sample	NT=Data-dependent acquisition;AC=PRIDE:0000627	NT=HCD;AC=MS:1000422	27 NCE	300m/z-1650m/z	NT=orbitrap;AC=MS:1000484	NT=Trypsin;AC=MS:1001251	NT=Lys-C;AC=MS:1001309	NT=Dithiothreitol (DTT);AC=PRIDE:0000608	NT=Iodoacetamide (IAA);AC=PRIDE:0000599	NT=Carbamidomethyl;AC=UNIMOD:4;TA=C;MT=Fixed	NT=Oxidation;AC=UNIMOD:35;TA=M;MT=Variable	NT=Acetyl;AC=UNIMOD:1;PP=Protein N-term;MT=Variable	NT=Deamidated;AC=UNIMOD:7;TA=N,Q;MT=Variable	7 ppm	20 ppm	not applicable	120 min gradient	1	2	20150817_QEp8_JaRi_SA_Sups_MOclassical_CTR_05_150822235658.raw	v1.1.0	NT=ms-proteomics;VV=v1.1.0	NT=human;VV=v1.1.0	NT=sdrf-skills;VV=v0.2.0	CD14-positive, CD16-negative classical monocyte	untreated
MO.intermediate_LPS_secretome_01	Homo sapiens	blood	CD14-positive, CD16-positive monocyte	normal	not applicable	adult	not available	not available	not available	not available	Lipopolysaccharide	12 hour	1	20150817_QEp8_JaRi_SA_Sups_MOintermediate_LPS_01	proteomic profiling by mass spectrometry	NT=Q Exactive HF;AC=MS:1002523	label free sample	NT=Data-dependent acquisition;AC=PRIDE:0000627	NT=HCD;AC=MS:1000422	27 NCE	300m/z-1650m/z	NT=orbitrap;AC=MS:1000484	NT=Trypsin;AC=MS:1001251	NT=Lys-C;AC=MS:1001309	NT=Dithiothreitol (DTT);AC=PRIDE:0000608	NT=Iodoacetamide (IAA);AC=PRIDE:0000599	NT=Carbamidomethyl;AC=UNIMOD:4;TA=C;MT=Fixed	NT=Oxidation;AC=UNIMOD:35;TA=M;MT=Variable	NT=Acetyl;AC=UNIMOD:1;PP=Protein N-term;MT=Variable	NT=Deamidated;AC=UNIMOD:7;TA=N,Q;MT=Variable	7 ppm	20 ppm	not applicable	120 min gradient	1	1	20150817_QEp8_JaRi_SA_Sups_MOintermediate_LPS_01.raw	v1.1.0	NT=ms-proteomics;VV=v1.1.0	NT=human;VV=v1.1.0	NT=sdrf-skills;VV=v0.2.0	CD14-positive, CD16-positive monocyte	Lipopolysaccharide
MO.intermediate_LPS_secretome_02	Homo sapiens	blood	CD14-positive, CD16-positive monocyte	normal	not applicable	adult	not available	not available	not available	not available	Lipopolysaccharide	12 hour	2	20150817_QEp8_JaRi_SA_Sups_MOintermediate_LPS_02	proteomic profiling by mass spectrometry	NT=Q Exactive HF;AC=MS:1002523	label free sample	NT=Data-dependent acquisition;AC=PRIDE:0000627	NT=HCD;AC=MS:1000422	27 NCE	300m/z-1650m/z	NT=orbitrap;AC=MS:1000484	NT=Trypsin;AC=MS:1001251	NT=Lys-C;AC=MS:1001309	NT=Dithiothreitol (DTT);AC=PRIDE:0000608	NT=Iodoacetamide (IAA);AC=PRIDE:0000599	NT=Carbamidomethyl;AC=UNIMOD:4;TA=C;MT=Fixed	NT=Oxidation;AC=UNIMOD:35;TA=M;MT=Variable	NT=Acetyl;AC=UNIMOD:1;PP=Protein N-term;MT=Variable	NT=Deamidated;AC=UNIMOD:7;TA=N,Q;MT=Variable	7 ppm	20 ppm	not applicable	120 min gradient	1	1	20150817_QEp8_JaRi_SA_Sups_MOintermediate_LPS_02.raw	v1.1.0	NT=ms-proteomics;VV=v1.1.0	NT=human;VV=v1.1.0	NT=sdrf-skills;VV=v0.2.0	CD14-positive, CD16-positive monocyte	Lipopolysaccharide
MO.intermediate_LPS_secretome_03	Homo sapiens	blood	CD14-positive, CD16-positive monocyte	normal	not applicable	adult	not available	not available	not available	not available	Lipopolysaccharide	12 hour	3	20150817_QEp8_JaRi_SA_Sups_MOintermediate_LPS_03	proteomic profiling by mass spectrometry	NT=Q Exactive HF;AC=MS:1002523	label free sample	NT=Data-dependent acquisition;AC=PRIDE:0000627	NT=HCD;AC=MS:1000422	27 NCE	300m/z-1650m/z	NT=orbitrap;AC=MS:1000484	NT=Trypsin;AC=MS:1001251	NT=Lys-C;AC=MS:1001309	NT=Dithiothreitol (DTT);AC=PRIDE:0000608	NT=Iodoacetamide (IAA);AC=PRIDE:0000599	NT=Carbamidomethyl;AC=UNIMOD:4;TA=C;MT=Fixed	NT=Oxidation;AC=UNIMOD:35;TA=M;MT=Variable	NT=Acetyl;AC=UNIMOD:1;PP=Protein N-term;MT=Variable	NT=Deamidated;AC=UNIMOD:7;TA=N,Q;MT=Variable	7 ppm	20 ppm	not applicable	120 min gradient	1	1	20150817_QEp8_JaRi_SA_Sups_MOintermediate_LPS_03.raw	v1.1.0	NT=ms-proteomics;VV=v1.1.0	NT=human;VV=v1.1.0	NT=sdrf-skills;VV=v0.2.0	CD14-positive, CD16-positive monocyte	Lipopolysaccharide
MO.intermediate_LPS_secretome_04	Homo sapiens	blood	CD14-positive, CD16-positive monocyte	normal	not applicable	adult	not available	not available	not available	not available	Lipopolysaccharide	12 hour	4	20150817_QEp8_JaRi_SA_Sups_MOintermediate_LPS_04	proteomic profiling by mass spectrometry	NT=Q Exactive HF;AC=MS:1002523	label free sample	NT=Data-dependent acquisition;AC=PRIDE:0000627	NT=HCD;AC=MS:1000422	27 NCE	300m/z-1650m/z	NT=orbitrap;AC=MS:1000484	NT=Trypsin;AC=MS:1001251	NT=Lys-C;AC=MS:1001309	NT=Dithiothreitol (DTT);AC=PRIDE:0000608	NT=Iodoacetamide (IAA);AC=PRIDE:0000599	NT=Carbamidomethyl;AC=UNIMOD:4;TA=C;MT=Fixed	NT=Oxidation;AC=UNIMOD:35;TA=M;MT=Variable	NT=Acetyl;AC=UNIMOD:1;PP=Protein N-term;MT=Variable	NT=Deamidated;AC=UNIMOD:7;TA=N,Q;MT=Variable	7 ppm	20 ppm	not applicable	120 min gradient	1	1	20150817_QEp8_JaRi_SA_Sups_MOintermediate_LPS_04.raw	v1.1.0	NT=ms-proteomics;VV=v1.1.0	NT=human;VV=v1.1.0	NT=sdrf-skills;VV=v0.2.0	CD14-positive, CD16-positive monocyte	Lipopolysaccharide
MO.intermediate_LPS_secretome_05	Homo sapiens	blood	CD14-positive, CD16-positive monocyte	normal	not applicable	adult	not available	not available	not available	not available	Lipopolysaccharide	12 hour	5	20150817_QEp8_JaRi_SA_Sups_MOintermediate_LPS_05	proteomic profiling by mass spectrometry	NT=Q Exactive HF;AC=MS:1002523	label free sample	NT=Data-dependent acquisition;AC=PRIDE:0000627	NT=HCD;AC=MS:1000422	27 NCE	300m/z-1650m/z	NT=orbitrap;AC=MS:1000484	NT=Trypsin;AC=MS:1001251	NT=Lys-C;AC=MS:1001309	NT=Dithiothreitol (DTT);AC=PRIDE:0000608	NT=Iodoacetamide (IAA);AC=PRIDE:0000599	NT=Carbamidomethyl;AC=UNIMOD:4;TA=C;MT=Fixed	NT=Oxidation;AC=UNIMOD:35;TA=M;MT=Variable	NT=Acetyl;AC=UNIMOD:1;PP=Protein N-term;MT=Variable	NT=Deamidated;AC=UNIMOD:7;TA=N,Q;MT=Variable	7 ppm	20 ppm	not applicable	120 min gradient	1	1	20150817_QEp8_JaRi_SA_Sups_MOintermediate_LPS_05.raw	v1.1.0	NT=ms-proteomics;VV=v1.1.0	NT=human;VV=v1.1.0	NT=sdrf-skills;VV=v0.2.0	CD14-positive, CD16-positive monocyte	Lipopolysaccharide
MO.intermediate_LTA_secretome_01	Homo sapiens	blood	CD14-positive, CD16-positive monocyte	normal	not applicable	adult	not available	not available	not available	not available	Lipoteichoic Acid	12 hour	1	20150817_QEp8_JaRi_SA_Sups_MOintermediate_LTA_01	proteomic profiling by mass spectrometry	NT=Q Exactive HF;AC=MS:1002523	label free sample	NT=Data-dependent acquisition;AC=PRIDE:0000627	NT=HCD;AC=MS:1000422	27 NCE	300m/z-1650m/z	NT=orbitrap;AC=MS:1000484	NT=Trypsin;AC=MS:1001251	NT=Lys-C;AC=MS:1001309	NT=Dithiothreitol (DTT);AC=PRIDE:0000608	NT=Iodoacetamide (IAA);AC=PRIDE:0000599	NT=Carbamidomethyl;AC=UNIMOD:4;TA=C;MT=Fixed	NT=Oxidation;AC=UNIMOD:35;TA=M;MT=Variable	NT=Acetyl;AC=UNIMOD:1;PP=Protein N-term;MT=Variable	NT=Deamidated;AC=UNIMOD:7;TA=N,Q;MT=Variable	7 ppm	20 ppm	not applicable	120 min gradient	1	1	20150817_QEp8_JaRi_SA_Sups_MOintermediate_LTA_01.raw	v1.1.0	NT=ms-proteomics;VV=v1.1.0	NT=human;VV=v1.1.0	NT=sdrf-skills;VV=v0.2.0	CD14-positive, CD16-positive monocyte	Lipoteichoic Acid
MO.intermediate_LTA_secretome_02	Homo sapiens	blood	CD14-positive, CD16-positive monocyte	normal	not applicable	adult	not available	not available	not available	not available	Lipoteichoic Acid	12 hour	2	20150817_QEp8_JaRi_SA_Sups_MOintermediate_LTA_02	proteomic profiling by mass spectrometry	NT=Q Exactive HF;AC=MS:1002523	label free sample	NT=Data-dependent acquisition;AC=PRIDE:0000627	NT=HCD;AC=MS:1000422	27 NCE	300m/z-1650m/z	NT=orbitrap;AC=MS:1000484	NT=Trypsin;AC=MS:1001251	NT=Lys-C;AC=MS:1001309	NT=Dithiothreitol (DTT);AC=PRIDE:0000608	NT=Iodoacetamide (IAA);AC=PRIDE:0000599	NT=Carbamidomethyl;AC=UNIMOD:4;TA=C;MT=Fixed	NT=Oxidation;AC=UNIMOD:35;TA=M;MT=Variable	NT=Acetyl;AC=UNIMOD:1;PP=Protein N-term;MT=Variable	NT=Deamidated;AC=UNIMOD:7;TA=N,Q;MT=Variable	7 ppm	20 ppm	not applicable	120 min gradient	1	1	20150817_QEp8_JaRi_SA_Sups_MOintermediate_LTA_02.raw	v1.1.0	NT=ms-proteomics;VV=v1.1.0	NT=human;VV=v1.1.0	NT=sdrf-skills;VV=v0.2.0	CD14-positive, CD16-positive monocyte	Lipoteichoic Acid
MO.intermediate_LTA_secretome_03	Homo sapiens	blood	CD14-positive, CD16-positive monocyte	normal	not applicable	adult	not available	not available	not available	not available	Lipoteichoic Acid	12 hour	3	20150817_QEp8_JaRi_SA_Sups_MOintermediate_LTA_03	proteomic profiling by mass spectrometry	NT=Q Exactive HF;AC=MS:1002523	label free sample	NT=Data-dependent acquisition;AC=PRIDE:0000627	NT=HCD;AC=MS:1000422	27 NCE	300m/z-1650m/z	NT=orbitrap;AC=MS:1000484	NT=Trypsin;AC=MS:1001251	NT=Lys-C;AC=MS:1001309	NT=Dithiothreitol (DTT);AC=PRIDE:0000608	NT=Iodoacetamide (IAA);AC=PRIDE:0000599	NT=Carbamidomethyl;AC=UNIMOD:4;TA=C;MT=Fixed	NT=Oxidation;AC=UNIMOD:35;TA=M;MT=Variable	NT=Acetyl;AC=UNIMOD:1;PP=Protein N-term;MT=Variable	NT=Deamidated;AC=UNIMOD:7;TA=N,Q;MT=Variable	7 ppm	20 ppm	not applicable	120 min gradient	1	1	20150817_QEp8_JaRi_SA_Sups_MOintermediate_LTA_03.raw	v1.1.0	NT=ms-proteomics;VV=v1.1.0	NT=human;VV=v1.1.0	NT=sdrf-skills;VV=v0.2.0	CD14-positive, CD16-positive monocyte	Lipoteichoic Acid
MO.intermediate_LTA_secretome_04	Homo sapiens	blood	CD14-positive, CD16-positive monocyte	normal	not applicable	adult	not available	not available	not available	not available	Lipoteichoic Acid	12 hour	4	20150817_QEp8_JaRi_SA_Sups_MOintermediate_LTA_04	proteomic profiling by mass spectrometry	NT=Q Exactive HF;AC=MS:1002523	label free sample	NT=Data-dependent acquisition;AC=PRIDE:0000627	NT=HCD;AC=MS:1000422	27 NCE	300m/z-1650m/z	NT=orbitrap;AC=MS:1000484	NT=Trypsin;AC=MS:1001251	NT=Lys-C;AC=MS:1001309	NT=Dithiothreitol (DTT);AC=PRIDE:0000608	NT=Iodoacetamide (IAA);AC=PRIDE:0000599	NT=Carbamidomethyl;AC=UNIMOD:4;TA=C;MT=Fixed	NT=Oxidation;AC=UNIMOD:35;TA=M;MT=Variable	NT=Acetyl;AC=UNIMOD:1;PP=Protein N-term;MT=Variable	NT=Deamidated;AC=UNIMOD:7;TA=N,Q;MT=Variable	7 ppm	20 ppm	not applicable	120 min gradient	1	1	20150817_QEp8_JaRi_SA_Sups_MOintermediate_LTA_04.raw	v1.1.0	NT=ms-proteomics;VV=v1.1.0	NT=human;VV=v1.1.0	NT=sdrf-skills;VV=v0.2.0	CD14-positive, CD16-positive monocyte	Lipoteichoic Acid
MO.intermediate_LTA_secretome_05	Homo sapiens	blood	CD14-positive, CD16-positive monocyte	normal	not applicable	adult	not available	not available	not available	not available	Lipoteichoic Acid	12 hour	5	20150817_QEp8_JaRi_SA_Sups_MOintermediate_LTA_05	proteomic profiling by mass spectrometry	NT=Q Exactive HF;AC=MS:1002523	label free sample	NT=Data-dependent acquisition;AC=PRIDE:0000627	NT=HCD;AC=MS:1000422	27 NCE	300m/z-1650m/z	NT=orbitrap;AC=MS:1000484	NT=Trypsin;AC=MS:1001251	NT=Lys-C;AC=MS:1001309	NT=Dithiothreitol (DTT);AC=PRIDE:0000608	NT=Iodoacetamide (IAA);AC=PRIDE:0000599	NT=Carbamidomethyl;AC=UNIMOD:4;TA=C;MT=Fixed	NT=Oxidation;AC=UNIMOD:35;TA=M;MT=Variable	NT=Acetyl;AC=UNIMOD:1;PP=Protein N-term;MT=Variable	NT=Deamidated;AC=UNIMOD:7;TA=N,Q;MT=Variable	7 ppm	20 ppm	not applicable	120 min gradient	1	1	20150817_QEp8_JaRi_SA_Sups_MOintermediate_LTA_05.raw	v1.1.0	NT=ms-proteomics;VV=v1.1.0	NT=human;VV=v1.1.0	NT=sdrf-skills;VV=v0.2.0	CD14-positive, CD16-positive monocyte	Lipoteichoic Acid
MO.intermediate_PIC_secretome_01	Homo sapiens	blood	CD14-positive, CD16-positive monocyte	normal	not applicable	adult	not available	not available	not available	not available	Poly IC	12 hour	1	20150817_QEp8_JaRi_SA_Sups_MOintermediate_PIC_01	proteomic profiling by mass spectrometry	NT=Q Exactive HF;AC=MS:1002523	label free sample	NT=Data-dependent acquisition;AC=PRIDE:0000627	NT=HCD;AC=MS:1000422	27 NCE	300m/z-1650m/z	NT=orbitrap;AC=MS:1000484	NT=Trypsin;AC=MS:1001251	NT=Lys-C;AC=MS:1001309	NT=Dithiothreitol (DTT);AC=PRIDE:0000608	NT=Iodoacetamide (IAA);AC=PRIDE:0000599	NT=Carbamidomethyl;AC=UNIMOD:4;TA=C;MT=Fixed	NT=Oxidation;AC=UNIMOD:35;TA=M;MT=Variable	NT=Acetyl;AC=UNIMOD:1;PP=Protein N-term;MT=Variable	NT=Deamidated;AC=UNIMOD:7;TA=N,Q;MT=Variable	7 ppm	20 ppm	not applicable	120 min gradient	1	1	20150817_QEp8_JaRi_SA_Sups_MOintermediate_PIC_01.raw	v1.1.0	NT=ms-proteomics;VV=v1.1.0	NT=human;VV=v1.1.0	NT=sdrf-skills;VV=v0.2.0	CD14-positive, CD16-positive monocyte	Poly IC
MO.intermediate_PIC_secretome_01	Homo sapiens	blood	CD14-positive, CD16-positive monocyte	normal	not applicable	adult	not available	not available	not available	not available	Poly IC	12 hour	1	20150817_QEp8_JaRi_SA_Sups_MOintermediate_PIC_01_150831192018	proteomic profiling by mass spectrometry	NT=Q Exactive HF;AC=MS:1002523	label free sample	NT=Data-dependent acquisition;AC=PRIDE:0000627	NT=HCD;AC=MS:1000422	27 NCE	300m/z-1650m/z	NT=orbitrap;AC=MS:1000484	NT=Trypsin;AC=MS:1001251	NT=Lys-C;AC=MS:1001309	NT=Dithiothreitol (DTT);AC=PRIDE:0000608	NT=Iodoacetamide (IAA);AC=PRIDE:0000599	NT=Carbamidomethyl;AC=UNIMOD:4;TA=C;MT=Fixed	NT=Oxidation;AC=UNIMOD:35;TA=M;MT=Variable	NT=Acetyl;AC=UNIMOD:1;PP=Protein N-term;MT=Variable	NT=Deamidated;AC=UNIMOD:7;TA=N,Q;MT=Variable	7 ppm	20 ppm	not applicable	120 min gradient	1	2	20150817_QEp8_JaRi_SA_Sups_MOintermediate_PIC_01_150831192018.raw	v1.1.0	NT=ms-proteomics;VV=v1.1.0	NT=human;VV=v1.1.0	NT=sdrf-skills;VV=v0.2.0	CD14-positive, CD16-positive monocyte	Poly IC
MO.intermediate_PIC_secretome_02	Homo sapiens	blood	CD14-positive, CD16-positive monocyte	normal	not applicable	adult	not available	not available	not available	not available	Poly IC	12 hour	2	20150817_QEp8_JaRi_SA_Sups_MOintermediate_PIC_02	proteomic profiling by mass spectrometry	NT=Q Exactive HF;AC=MS:1002523	label free sample	NT=Data-dependent acquisition;AC=PRIDE:0000627	NT=HCD;AC=MS:1000422	27 NCE	300m/z-1650m/z	NT=orbitrap;AC=MS:1000484	NT=Trypsin;AC=MS:1001251	NT=Lys-C;AC=MS:1001309	NT=Dithiothreitol (DTT);AC=PRIDE:0000608	NT=Iodoacetamide (IAA);AC=PRIDE:0000599	NT=Carbamidomethyl;AC=UNIMOD:4;TA=C;MT=Fixed	NT=Oxidation;AC=UNIMOD:35;TA=M;MT=Variable	NT=Acetyl;AC=UNIMOD:1;PP=Protein N-term;MT=Variable	NT=Deamidated;AC=UNIMOD:7;TA=N,Q;MT=Variable	7 ppm	20 ppm	not applicable	120 min gradient	1	1	20150817_QEp8_JaRi_SA_Sups_MOintermediate_PIC_02.raw	v1.1.0	NT=ms-proteomics;VV=v1.1.0	NT=human;VV=v1.1.0	NT=sdrf-skills;VV=v0.2.0	CD14-positive, CD16-positive monocyte	Poly IC
MO.intermediate_PIC_secretome_03	Homo sapiens	blood	CD14-positive, CD16-positive monocyte	normal	not applicable	adult	not available	not available	not available	not available	Poly IC	12 hour	3	20150817_QEp8_JaRi_SA_Sups_MOintermediate_PIC_03	proteomic profiling by mass spectrometry	NT=Q Exactive HF;AC=MS:1002523	label free sample	NT=Data-dependent acquisition;AC=PRIDE:0000627	NT=HCD;AC=MS:1000422	27 NCE	300m/z-1650m/z	NT=orbitrap;AC=MS:1000484	NT=Trypsin;AC=MS:1001251	NT=Lys-C;AC=MS:1001309	NT=Dithiothreitol (DTT);AC=PRIDE:0000608	NT=Iodoacetamide (IAA);AC=PRIDE:0000599	NT=Carbamidomethyl;AC=UNIMOD:4;TA=C;MT=Fixed	NT=Oxidation;AC=UNIMOD:35;TA=M;MT=Variable	NT=Acetyl;AC=UNIMOD:1;PP=Protein N-term;MT=Variable	NT=Deamidated;AC=UNIMOD:7;TA=N,Q;MT=Variable	7 ppm	20 ppm	not applicable	120 min gradient	1	1	20150817_QEp8_JaRi_SA_Sups_MOintermediate_PIC_03.raw	v1.1.0	NT=ms-proteomics;VV=v1.1.0	NT=human;VV=v1.1.0	NT=sdrf-skills;VV=v0.2.0	CD14-positive, CD16-positive monocyte	Poly IC
MO.intermediate_R848_secretome_01	Homo sapiens	blood	CD14-positive, CD16-positive monocyte	normal	not applicable	adult	not available	not available	not available	not available	Resiquimod	12 hour	1	20150817_QEp8_JaRi_SA_Sups_MOintermediate_R848_01	proteomic profiling by mass spectrometry	NT=Q Exactive HF;AC=MS:1002523	label free sample	NT=Data-dependent acquisition;AC=PRIDE:0000627	NT=HCD;AC=MS:1000422	27 NCE	300m/z-1650m/z	NT=orbitrap;AC=MS:1000484	NT=Trypsin;AC=MS:1001251	NT=Lys-C;AC=MS:1001309	NT=Dithiothreitol (DTT);AC=PRIDE:0000608	NT=Iodoacetamide (IAA);AC=PRIDE:0000599	NT=Carbamidomethyl;AC=UNIMOD:4;TA=C;MT=Fixed	NT=Oxidation;AC=UNIMOD:35;TA=M;MT=Variable	NT=Acetyl;AC=UNIMOD:1;PP=Protein N-term;MT=Variable	NT=Deamidated;AC=UNIMOD:7;TA=N,Q;MT=Variable	7 ppm	20 ppm	not applicable	120 min gradient	1	1	20150817_QEp8_JaRi_SA_Sups_MOintermediate_R848_01.raw	v1.1.0	NT=ms-proteomics;VV=v1.1.0	NT=human;VV=v1.1.0	NT=sdrf-skills;VV=v0.2.0	CD14-positive, CD16-positive monocyte	Resiquimod
MO.intermediate_R848_secretome_02	Homo sapiens	blood	CD14-positive, CD16-positive monocyte	normal	not applicable	adult	not available	not available	not available	not available	Resiquimod	12 hour	2	20150817_QEp8_JaRi_SA_Sups_MOintermediate_R848_02	proteomic profiling by mass spectrometry	NT=Q Exactive HF;AC=MS:1002523	label free sample	NT=Data-dependent acquisition;AC=PRIDE:0000627	NT=HCD;AC=MS:1000422	27 NCE	300m/z-1650m/z	NT=orbitrap;AC=MS:1000484	NT=Trypsin;AC=MS:1001251	NT=Lys-C;AC=MS:1001309	NT=Dithiothreitol (DTT);AC=PRIDE:0000608	NT=Iodoacetamide (IAA);AC=PRIDE:0000599	NT=Carbamidomethyl;AC=UNIMOD:4;TA=C;MT=Fixed	NT=Oxidation;AC=UNIMOD:35;TA=M;MT=Variable	NT=Acetyl;AC=UNIMOD:1;PP=Protein N-term;MT=Variable	NT=Deamidated;AC=UNIMOD:7;TA=N,Q;MT=Variable	7 ppm	20 ppm	not applicable	120 min gradient	1	1	20150817_QEp8_JaRi_SA_Sups_MOintermediate_R848_02.raw	v1.1.0	NT=ms-proteomics;VV=v1.1.0	NT=human;VV=v1.1.0	NT=sdrf-skills;VV=v0.2.0	CD14-positive, CD16-positive monocyte	Resiquimod
MO.intermediate_R848_secretome_03	Homo sapiens	blood	CD14-positive, CD16-positive monocyte	normal	not applicable	adult	not available	not available	not available	not available	Resiquimod	12 hour	3	20150817_QEp8_JaRi_SA_Sups_MOintermediate_R848_03	proteomic profiling by mass spectrometry	NT=Q Exactive HF;AC=MS:1002523	label free sample	NT=Data-dependent acquisition;AC=PRIDE:0000627	NT=HCD;AC=MS:1000422	27 NCE	300m/z-1650m/z	NT=orbitrap;AC=MS:1000484	NT=Trypsin;AC=MS:1001251	NT=Lys-C;AC=MS:1001309	NT=Dithiothreitol (DTT);AC=PRIDE:0000608	NT=Iodoacetamide (IAA);AC=PRIDE:0000599	NT=Carbamidomethyl;AC=UNIMOD:4;TA=C;MT=Fixed	NT=Oxidation;AC=UNIMOD:35;TA=M;MT=Variable	NT=Acetyl;AC=UNIMOD:1;PP=Protein N-term;MT=Variable	NT=Deamidated;AC=UNIMOD:7;TA=N,Q;MT=Variable	7 ppm	20 ppm	not applicable	120 min gradient	1	1	20150817_QEp8_JaRi_SA_Sups_MOintermediate_R848_03.raw	v1.1.0	NT=ms-proteomics;VV=v1.1.0	NT=human;VV=v1.1.0	NT=sdrf-skills;VV=v0.2.0	CD14-positive, CD16-positive monocyte	Resiquimod
MO.intermediate_ZYM_secretome_01	Homo sapiens	blood	CD14-positive, CD16-positive monocyte	normal	not applicable	adult	not available	not available	not available	not available	Zymosan	12 hour	1	20150817_QEp8_JaRi_SA_Sups_MOintermediate_ZYM_01	proteomic profiling by mass spectrometry	NT=Q Exactive HF;AC=MS:1002523	label free sample	NT=Data-dependent acquisition;AC=PRIDE:0000627	NT=HCD;AC=MS:1000422	27 NCE	300m/z-1650m/z	NT=orbitrap;AC=MS:1000484	NT=Trypsin;AC=MS:1001251	NT=Lys-C;AC=MS:1001309	NT=Dithiothreitol (DTT);AC=PRIDE:0000608	NT=Iodoacetamide (IAA);AC=PRIDE:0000599	NT=Carbamidomethyl;AC=UNIMOD:4;TA=C;MT=Fixed	NT=Oxidation;AC=UNIMOD:35;TA=M;MT=Variable	NT=Acetyl;AC=UNIMOD:1;PP=Protein N-term;MT=Variable	NT=Deamidated;AC=UNIMOD:7;TA=N,Q;MT=Variable	7 ppm	20 ppm	not applicable	120 min gradient	1	1	20150817_QEp8_JaRi_SA_Sups_MOintermediate_ZYM_01.raw	v1.1.0	NT=ms-proteomics;VV=v1.1.0	NT=human;VV=v1.1.0	NT=sdrf-skills;VV=v0.2.0	CD14-positive, CD16-positive monocyte	Zymosan
MO.intermediate_ZYM_secretome_02	Homo sapiens	blood	CD14-positive, CD16-positive monocyte	normal	not applicable	adult	not available	not available	not available	not available	Zymosan	12 hour	2	20150817_QEp8_JaRi_SA_Sups_MOintermediate_ZYM_02	proteomic profiling by mass spectrometry	NT=Q Exactive HF;AC=MS:1002523	label free sample	NT=Data-dependent acquisition;AC=PRIDE:0000627	NT=HCD;AC=MS:1000422	27 NCE	300m/z-1650m/z	NT=orbitrap;AC=MS:1000484	NT=Trypsin;AC=MS:1001251	NT=Lys-C;AC=MS:1001309	NT=Dithiothreitol (DTT);AC=PRIDE:0000608	NT=Iodoacetamide (IAA);AC=PRIDE:0000599	NT=Carbamidomethyl;AC=UNIMOD:4;TA=C;MT=Fixed	NT=Oxidation;AC=UNIMOD:35;TA=M;MT=Variable	NT=Acetyl;AC=UNIMOD:1;PP=Protein N-term;MT=Variable	NT=Deamidated;AC=UNIMOD:7;TA=N,Q;MT=Variable	7 ppm	20 ppm	not applicable	120 min gradient	1	1	20150817_QEp8_JaRi_SA_Sups_MOintermediate_ZYM_02.raw	v1.1.0	NT=ms-proteomics;VV=v1.1.0	NT=human;VV=v1.1.0	NT=sdrf-skills;VV=v0.2.0	CD14-positive, CD16-positive monocyte	Zymosan
MO.intermediate_ZYM_secretome_03	Homo sapiens	blood	CD14-positive, CD16-positive monocyte	normal	not applicable	adult	not available	not available	not available	not available	Zymosan	12 hour	3	20150817_QEp8_JaRi_SA_Sups_MOintermediate_ZYM_03	proteomic profiling by mass spectrometry	NT=Q Exactive HF;AC=MS:1002523	label free sample	NT=Data-dependent acquisition;AC=PRIDE:0000627	NT=HCD;AC=MS:1000422	27 NCE	300m/z-1650m/z	NT=orbitrap;AC=MS:1000484	NT=Trypsin;AC=MS:1001251	NT=Lys-C;AC=MS:1001309	NT=Dithiothreitol (DTT);AC=PRIDE:0000608	NT=Iodoacetamide (IAA);AC=PRIDE:0000599	NT=Carbamidomethyl;AC=UNIMOD:4;TA=C;MT=Fixed	NT=Oxidation;AC=UNIMOD:35;TA=M;MT=Variable	NT=Acetyl;AC=UNIMOD:1;PP=Protein N-term;MT=Variable	NT=Deamidated;AC=UNIMOD:7;TA=N,Q;MT=Variable	7 ppm	20 ppm	not applicable	120 min gradient	1	1	20150817_QEp8_JaRi_SA_Sups_MOintermediate_ZYM_03.raw	v1.1.0	NT=ms-proteomics;VV=v1.1.0	NT=human;VV=v1.1.0	NT=sdrf-skills;VV=v0.2.0	CD14-positive, CD16-positive monocyte	Zymosan
MO.intermediate_ZYM_secretome_04	Homo sapiens	blood	CD14-positive, CD16-positive monocyte	normal	not applicable	adult	not available	not available	not available	not available	Zymosan	12 hour	4	20150817_QEp8_JaRi_SA_Sups_MOintermediate_ZYM_04	proteomic profiling by mass spectrometry	NT=Q Exactive HF;AC=MS:1002523	label free sample	NT=Data-dependent acquisition;AC=PRIDE:0000627	NT=HCD;AC=MS:1000422	27 NCE	300m/z-1650m/z	NT=orbitrap;AC=MS:1000484	NT=Trypsin;AC=MS:1001251	NT=Lys-C;AC=MS:1001309	NT=Dithiothreitol (DTT);AC=PRIDE:0000608	NT=Iodoacetamide (IAA);AC=PRIDE:0000599	NT=Carbamidomethyl;AC=UNIMOD:4;TA=C;MT=Fixed	NT=Oxidation;AC=UNIMOD:35;TA=M;MT=Variable	NT=Acetyl;AC=UNIMOD:1;PP=Protein N-term;MT=Variable	NT=Deamidated;AC=UNIMOD:7;TA=N,Q;MT=Variable	7 ppm	20 ppm	not applicable	120 min gradient	1	1	20150817_QEp8_JaRi_SA_Sups_MOintermediate_ZYM_04.raw	v1.1.0	NT=ms-proteomics;VV=v1.1.0	NT=human;VV=v1.1.0	NT=sdrf-skills;VV=v0.2.0	CD14-positive, CD16-positive monocyte	Zymosan
MO.intermediate_ZYM_secretome_05	Homo sapiens	blood	CD14-positive, CD16-positive monocyte	normal	not applicable	adult	not available	not available	not available	not available	Zymosan	12 hour	5	20150817_QEp8_JaRi_SA_Sups_MOintermediate_ZYM_05	proteomic profiling by mass spectrometry	NT=Q Exactive HF;AC=MS:1002523	label free sample	NT=Data-dependent acquisition;AC=PRIDE:0000627	NT=HCD;AC=MS:1000422	27 NCE	300m/z-1650m/z	NT=orbitrap;AC=MS:1000484	NT=Trypsin;AC=MS:1001251	NT=Lys-C;AC=MS:1001309	NT=Dithiothreitol (DTT);AC=PRIDE:0000608	NT=Iodoacetamide (IAA);AC=PRIDE:0000599	NT=Carbamidomethyl;AC=UNIMOD:4;TA=C;MT=Fixed	NT=Oxidation;AC=UNIMOD:35;TA=M;MT=Variable	NT=Acetyl;AC=UNIMOD:1;PP=Protein N-term;MT=Variable	NT=Deamidated;AC=UNIMOD:7;TA=N,Q;MT=Variable	7 ppm	20 ppm	not applicable	120 min gradient	1	1	20150817_QEp8_JaRi_SA_Sups_MOintermediate_ZYM_05.raw	v1.1.0	NT=ms-proteomics;VV=v1.1.0	NT=human;VV=v1.1.0	NT=sdrf-skills;VV=v0.2.0	CD14-positive, CD16-positive monocyte	Zymosan
MO.intermediate_steady-state_cellular_01	Homo sapiens	blood	CD14-positive, CD16-positive monocyte	normal	cell	adult	not available	not available	not available	not available	untreated	not applicable	1	MO.intermediate_01steady-state	proteomic profiling by mass spectrometry	NT=Q Exactive HF;AC=MS:1002523	label free sample	NT=Data-dependent acquisition;AC=PRIDE:0000627	NT=HCD;AC=MS:1000422	26 NCE	300m/z-1650m/z	NT=orbitrap;AC=MS:1000484	NT=Trypsin;AC=MS:1001251	NT=Lys-C;AC=MS:1001309	NT=Dithiothreitol (DTT);AC=PRIDE:0000608	NT=Iodoacetamide (IAA);AC=PRIDE:0000599	NT=Carbamidomethyl;AC=UNIMOD:4;TA=C;MT=Fixed	NT=Oxidation;AC=UNIMOD:35;TA=M;MT=Variable	NT=Acetyl;AC=UNIMOD:1;PP=Protein N-term;MT=Variable	NT=Deamidated;AC=UNIMOD:7;TA=N,Q;MT=Variable	7 ppm	20 ppm	not applicable	nonlinear 5-60% buffer B (80% acetonitrile, 0.5% formic acid) over 180 min at 250 nl/min	1	1	MO.intermediate_01steady-state.raw	v1.1.0	NT=ms-proteomics;VV=v1.1.0	NT=human;VV=v1.1.0	NT=sdrf-skills;VV=v0.2.0	CD14-positive, CD16-positive monocyte	untreated
MO.intermediate_steady-state_cellular_02	Homo sapiens	blood	CD14-positive, CD16-positive monocyte	normal	cell	adult	not available	not available	not available	not available	untreated	not applicable	2	MO.intermediate_02steady-state	proteomic profiling by mass spectrometry	NT=Q Exactive HF;AC=MS:1002523	label free sample	NT=Data-dependent acquisition;AC=PRIDE:0000627	NT=HCD;AC=MS:1000422	26 NCE	300m/z-1650m/z	NT=orbitrap;AC=MS:1000484	NT=Trypsin;AC=MS:1001251	NT=Lys-C;AC=MS:1001309	NT=Dithiothreitol (DTT);AC=PRIDE:0000608	NT=Iodoacetamide (IAA);AC=PRIDE:0000599	NT=Carbamidomethyl;AC=UNIMOD:4;TA=C;MT=Fixed	NT=Oxidation;AC=UNIMOD:35;TA=M;MT=Variable	NT=Acetyl;AC=UNIMOD:1;PP=Protein N-term;MT=Variable	NT=Deamidated;AC=UNIMOD:7;TA=N,Q;MT=Variable	7 ppm	20 ppm	not applicable	nonlinear 5-60% buffer B (80% acetonitrile, 0.5% formic acid) over 180 min at 250 nl/min	1	1	MO.intermediate_02steady-state.raw	v1.1.0	NT=ms-proteomics;VV=v1.1.0	NT=human;VV=v1.1.0	NT=sdrf-skills;VV=v0.2.0	CD14-positive, CD16-positive monocyte	untreated
MO.intermediate_steady-state_cellular_03	Homo sapiens	blood	CD14-positive, CD16-positive monocyte	normal	cell	adult	not available	not available	not available	not available	untreated	not applicable	3	MO.intermediate_03steady-state	proteomic profiling by mass spectrometry	NT=Q Exactive HF;AC=MS:1002523	label free sample	NT=Data-dependent acquisition;AC=PRIDE:0000627	NT=HCD;AC=MS:1000422	26 NCE	300m/z-1650m/z	NT=orbitrap;AC=MS:1000484	NT=Trypsin;AC=MS:1001251	NT=Lys-C;AC=MS:1001309	NT=Dithiothreitol (DTT);AC=PRIDE:0000608	NT=Iodoacetamide (IAA);AC=PRIDE:0000599	NT=Carbamidomethyl;AC=UNIMOD:4;TA=C;MT=Fixed	NT=Oxidation;AC=UNIMOD:35;TA=M;MT=Variable	NT=Acetyl;AC=UNIMOD:1;PP=Protein N-term;MT=Variable	NT=Deamidated;AC=UNIMOD:7;TA=N,Q;MT=Variable	7 ppm	20 ppm	not applicable	nonlinear 5-60% buffer B (80% acetonitrile, 0.5% formic acid) over 180 min at 250 nl/min	1	1	MO.intermediate_03steady-state.raw	v1.1.0	NT=ms-proteomics;VV=v1.1.0	NT=human;VV=v1.1.0	NT=sdrf-skills;VV=v0.2.0	CD14-positive, CD16-positive monocyte	untreated
MO.intermediate_steady-state_cellular_04	Homo sapiens	blood	CD14-positive, CD16-positive monocyte	normal	cell	adult	not available	not available	not available	not available	untreated	not applicable	4	MO.intermediate_04steady-state	proteomic profiling by mass spectrometry	NT=Q Exactive HF;AC=MS:1002523	label free sample	NT=Data-dependent acquisition;AC=PRIDE:0000627	NT=HCD;AC=MS:1000422	26 NCE	300m/z-1650m/z	NT=orbitrap;AC=MS:1000484	NT=Trypsin;AC=MS:1001251	NT=Lys-C;AC=MS:1001309	NT=Dithiothreitol (DTT);AC=PRIDE:0000608	NT=Iodoacetamide (IAA);AC=PRIDE:0000599	NT=Carbamidomethyl;AC=UNIMOD:4;TA=C;MT=Fixed	NT=Oxidation;AC=UNIMOD:35;TA=M;MT=Variable	NT=Acetyl;AC=UNIMOD:1;PP=Protein N-term;MT=Variable	NT=Deamidated;AC=UNIMOD:7;TA=N,Q;MT=Variable	7 ppm	20 ppm	not applicable	nonlinear 5-60% buffer B (80% acetonitrile, 0.5% formic acid) over 180 min at 250 nl/min	1	1	MO.intermediate_04steady-state.raw	v1.1.0	NT=ms-proteomics;VV=v1.1.0	NT=human;VV=v1.1.0	NT=sdrf-skills;VV=v0.2.0	CD14-positive, CD16-positive monocyte	untreated
MO.intermediate_unstim_secretome_01	Homo sapiens	blood	CD14-positive, CD16-positive monocyte	normal	not applicable	adult	not available	not available	not available	not available	untreated	12 hour	1	20150817_QEp8_JaRi_SA_Sups_MOintermediate_CTR_01	proteomic profiling by mass spectrometry	NT=Q Exactive HF;AC=MS:1002523	label free sample	NT=Data-dependent acquisition;AC=PRIDE:0000627	NT=HCD;AC=MS:1000422	27 NCE	300m/z-1650m/z	NT=orbitrap;AC=MS:1000484	NT=Trypsin;AC=MS:1001251	NT=Lys-C;AC=MS:1001309	NT=Dithiothreitol (DTT);AC=PRIDE:0000608	NT=Iodoacetamide (IAA);AC=PRIDE:0000599	NT=Carbamidomethyl;AC=UNIMOD:4;TA=C;MT=Fixed	NT=Oxidation;AC=UNIMOD:35;TA=M;MT=Variable	NT=Acetyl;AC=UNIMOD:1;PP=Protein N-term;MT=Variable	NT=Deamidated;AC=UNIMOD:7;TA=N,Q;MT=Variable	7 ppm	20 ppm	not applicable	120 min gradient	1	1	20150817_QEp8_JaRi_SA_Sups_MOintermediate_CTR_01.raw	v1.1.0	NT=ms-proteomics;VV=v1.1.0	NT=human;VV=v1.1.0	NT=sdrf-skills;VV=v0.2.0	CD14-positive, CD16-positive monocyte	untreated
MO.intermediate_unstim_secretome_02	Homo sapiens	blood	CD14-positive, CD16-positive monocyte	normal	not applicable	adult	not available	not available	not available	not available	untreated	12 hour	2	20150817_QEp8_JaRi_SA_Sups_MOintermediate_CTR_02	proteomic profiling by mass spectrometry	NT=Q Exactive HF;AC=MS:1002523	label free sample	NT=Data-dependent acquisition;AC=PRIDE:0000627	NT=HCD;AC=MS:1000422	27 NCE	300m/z-1650m/z	NT=orbitrap;AC=MS:1000484	NT=Trypsin;AC=MS:1001251	NT=Lys-C;AC=MS:1001309	NT=Dithiothreitol (DTT);AC=PRIDE:0000608	NT=Iodoacetamide (IAA);AC=PRIDE:0000599	NT=Carbamidomethyl;AC=UNIMOD:4;TA=C;MT=Fixed	NT=Oxidation;AC=UNIMOD:35;TA=M;MT=Variable	NT=Acetyl;AC=UNIMOD:1;PP=Protein N-term;MT=Variable	NT=Deamidated;AC=UNIMOD:7;TA=N,Q;MT=Variable	7 ppm	20 ppm	not applicable	120 min gradient	1	1	20150817_QEp8_JaRi_SA_Sups_MOintermediate_CTR_02.raw	v1.1.0	NT=ms-proteomics;VV=v1.1.0	NT=human;VV=v1.1.0	NT=sdrf-skills;VV=v0.2.0	CD14-positive, CD16-positive monocyte	untreated
MO.intermediate_unstim_secretome_03	Homo sapiens	blood	CD14-positive, CD16-positive monocyte	normal	not applicable	adult	not available	not available	not available	not available	untreated	12 hour	3	20150817_QEp8_JaRi_SA_Sups_MOintermediate_CTR_03	proteomic profiling by mass spectrometry	NT=Q Exactive HF;AC=MS:1002523	label free sample	NT=Data-dependent acquisition;AC=PRIDE:0000627	NT=HCD;AC=MS:1000422	27 NCE	300m/z-1650m/z	NT=orbitrap;AC=MS:1000484	NT=Trypsin;AC=MS:1001251	NT=Lys-C;AC=MS:1001309	NT=Dithiothreitol (DTT);AC=PRIDE:0000608	NT=Iodoacetamide (IAA);AC=PRIDE:0000599	NT=Carbamidomethyl;AC=UNIMOD:4;TA=C;MT=Fixed	NT=Oxidation;AC=UNIMOD:35;TA=M;MT=Variable	NT=Acetyl;AC=UNIMOD:1;PP=Protein N-term;MT=Variable	NT=Deamidated;AC=UNIMOD:7;TA=N,Q;MT=Variable	7 ppm	20 ppm	not applicable	120 min gradient	1	1	20150817_QEp8_JaRi_SA_Sups_MOintermediate_CTR_03.raw	v1.1.0	NT=ms-proteomics;VV=v1.1.0	NT=human;VV=v1.1.0	NT=sdrf-skills;VV=v0.2.0	CD14-positive, CD16-positive monocyte	untreated
MO.intermediate_unstim_secretome_04	Homo sapiens	blood	CD14-positive, CD16-positive monocyte	normal	not applicable	adult	not available	not available	not available	not available	untreated	12 hour	4	20150817_QEp8_JaRi_SA_Sups_MOintermediate_CTR_04	proteomic profiling by mass spectrometry	NT=Q Exactive HF;AC=MS:1002523	label free sample	NT=Data-dependent acquisition;AC=PRIDE:0000627	NT=HCD;AC=MS:1000422	27 NCE	300m/z-1650m/z	NT=orbitrap;AC=MS:1000484	NT=Trypsin;AC=MS:1001251	NT=Lys-C;AC=MS:1001309	NT=Dithiothreitol (DTT);AC=PRIDE:0000608	NT=Iodoacetamide (IAA);AC=PRIDE:0000599	NT=Carbamidomethyl;AC=UNIMOD:4;TA=C;MT=Fixed	NT=Oxidation;AC=UNIMOD:35;TA=M;MT=Variable	NT=Acetyl;AC=UNIMOD:1;PP=Protein N-term;MT=Variable	NT=Deamidated;AC=UNIMOD:7;TA=N,Q;MT=Variable	7 ppm	20 ppm	not applicable	120 min gradient	1	1	20150817_QEp8_JaRi_SA_Sups_MOintermediate_CTR_04.raw	v1.1.0	NT=ms-proteomics;VV=v1.1.0	NT=human;VV=v1.1.0	NT=sdrf-skills;VV=v0.2.0	CD14-positive, CD16-positive monocyte	untreated
MO.intermediate_unstim_secretome_05	Homo sapiens	blood	CD14-positive, CD16-positive monocyte	normal	not applicable	adult	not available	not available	not available	not available	untreated	12 hour	5	20150817_QEp8_JaRi_SA_Sups_MOintermediate_CTR_05	proteomic profiling by mass spectrometry	NT=Q Exactive HF;AC=MS:1002523	label free sample	NT=Data-dependent acquisition;AC=PRIDE:0000627	NT=HCD;AC=MS:1000422	27 NCE	300m/z-1650m/z	NT=orbitrap;AC=MS:1000484	NT=Trypsin;AC=MS:1001251	NT=Lys-C;AC=MS:1001309	NT=Dithiothreitol (DTT);AC=PRIDE:0000608	NT=Iodoacetamide (IAA);AC=PRIDE:0000599	NT=Carbamidomethyl;AC=UNIMOD:4;TA=C;MT=Fixed	NT=Oxidation;AC=UNIMOD:35;TA=M;MT=Variable	NT=Acetyl;AC=UNIMOD:1;PP=Protein N-term;MT=Variable	NT=Deamidated;AC=UNIMOD:7;TA=N,Q;MT=Variable	7 ppm	20 ppm	not applicable	120 min gradient	1	1	20150817_QEp8_JaRi_SA_Sups_MOintermediate_CTR_05.raw	v1.1.0	NT=ms-proteomics;VV=v1.1.0	NT=human;VV=v1.1.0	NT=sdrf-skills;VV=v0.2.0	CD14-positive, CD16-positive monocyte	untreated
MO.nonclassical_LPS_secretome_01	Homo sapiens	blood	CD14-low, CD16-positive monocyte	normal	not applicable	adult	not available	not available	not available	not available	Lipopolysaccharide	12 hour	1	20150817_QEp8_JaRi_SA_Sups_MOnoneclassical_LPS_01	proteomic profiling by mass spectrometry	NT=Q Exactive HF;AC=MS:1002523	label free sample	NT=Data-dependent acquisition;AC=PRIDE:0000627	NT=HCD;AC=MS:1000422	27 NCE	300m/z-1650m/z	NT=orbitrap;AC=MS:1000484	NT=Trypsin;AC=MS:1001251	NT=Lys-C;AC=MS:1001309	NT=Dithiothreitol (DTT);AC=PRIDE:0000608	NT=Iodoacetamide (IAA);AC=PRIDE:0000599	NT=Carbamidomethyl;AC=UNIMOD:4;TA=C;MT=Fixed	NT=Oxidation;AC=UNIMOD:35;TA=M;MT=Variable	NT=Acetyl;AC=UNIMOD:1;PP=Protein N-term;MT=Variable	NT=Deamidated;AC=UNIMOD:7;TA=N,Q;MT=Variable	7 ppm	20 ppm	not applicable	120 min gradient	1	1	20150817_QEp8_JaRi_SA_Sups_MOnoneclassical_LPS_01.raw	v1.1.0	NT=ms-proteomics;VV=v1.1.0	NT=human;VV=v1.1.0	NT=sdrf-skills;VV=v0.2.0	CD14-low, CD16-positive monocyte	Lipopolysaccharide
MO.nonclassical_LPS_secretome_02	Homo sapiens	blood	CD14-low, CD16-positive monocyte	normal	not applicable	adult	not available	not available	not available	not available	Lipopolysaccharide	12 hour	2	20150817_QEp8_JaRi_SA_Sups_MOnoneclassical_LPS_02	proteomic profiling by mass spectrometry	NT=Q Exactive HF;AC=MS:1002523	label free sample	NT=Data-dependent acquisition;AC=PRIDE:0000627	NT=HCD;AC=MS:1000422	27 NCE	300m/z-1650m/z	NT=orbitrap;AC=MS:1000484	NT=Trypsin;AC=MS:1001251	NT=Lys-C;AC=MS:1001309	NT=Dithiothreitol (DTT);AC=PRIDE:0000608	NT=Iodoacetamide (IAA);AC=PRIDE:0000599	NT=Carbamidomethyl;AC=UNIMOD:4;TA=C;MT=Fixed	NT=Oxidation;AC=UNIMOD:35;TA=M;MT=Variable	NT=Acetyl;AC=UNIMOD:1;PP=Protein N-term;MT=Variable	NT=Deamidated;AC=UNIMOD:7;TA=N,Q;MT=Variable	7 ppm	20 ppm	not applicable	120 min gradient	1	1	20150817_QEp8_JaRi_SA_Sups_MOnoneclassical_LPS_02.raw	v1.1.0	NT=ms-proteomics;VV=v1.1.0	NT=human;VV=v1.1.0	NT=sdrf-skills;VV=v0.2.0	CD14-low, CD16-positive monocyte	Lipopolysaccharide
MO.nonclassical_LPS_secretome_03	Homo sapiens	blood	CD14-low, CD16-positive monocyte	normal	not applicable	adult	not available	not available	not available	not available	Lipopolysaccharide	12 hour	3	20150817_QEp8_JaRi_SA_Sups_MOnoneclassical_LPS_03	proteomic profiling by mass spectrometry	NT=Q Exactive HF;AC=MS:1002523	label free sample	NT=Data-dependent acquisition;AC=PRIDE:0000627	NT=HCD;AC=MS:1000422	27 NCE	300m/z-1650m/z	NT=orbitrap;AC=MS:1000484	NT=Trypsin;AC=MS:1001251	NT=Lys-C;AC=MS:1001309	NT=Dithiothreitol (DTT);AC=PRIDE:0000608	NT=Iodoacetamide (IAA);AC=PRIDE:0000599	NT=Carbamidomethyl;AC=UNIMOD:4;TA=C;MT=Fixed	NT=Oxidation;AC=UNIMOD:35;TA=M;MT=Variable	NT=Acetyl;AC=UNIMOD:1;PP=Protein N-term;MT=Variable	NT=Deamidated;AC=UNIMOD:7;TA=N,Q;MT=Variable	7 ppm	20 ppm	not applicable	120 min gradient	1	1	20150817_QEp8_JaRi_SA_Sups_MOnoneclassical_LPS_03.raw	v1.1.0	NT=ms-proteomics;VV=v1.1.0	NT=human;VV=v1.1.0	NT=sdrf-skills;VV=v0.2.0	CD14-low, CD16-positive monocyte	Lipopolysaccharide
MO.nonclassical_LPS_secretome_04	Homo sapiens	blood	CD14-low, CD16-positive monocyte	normal	not applicable	adult	not available	not available	not available	not available	Lipopolysaccharide	12 hour	4	20150817_QEp8_JaRi_SA_Sups_MOnoneclassical_LPS_04	proteomic profiling by mass spectrometry	NT=Q Exactive HF;AC=MS:1002523	label free sample	NT=Data-dependent acquisition;AC=PRIDE:0000627	NT=HCD;AC=MS:1000422	27 NCE	300m/z-1650m/z	NT=orbitrap;AC=MS:1000484	NT=Trypsin;AC=MS:1001251	NT=Lys-C;AC=MS:1001309	NT=Dithiothreitol (DTT);AC=PRIDE:0000608	NT=Iodoacetamide (IAA);AC=PRIDE:0000599	NT=Carbamidomethyl;AC=UNIMOD:4;TA=C;MT=Fixed	NT=Oxidation;AC=UNIMOD:35;TA=M;MT=Variable	NT=Acetyl;AC=UNIMOD:1;PP=Protein N-term;MT=Variable	NT=Deamidated;AC=UNIMOD:7;TA=N,Q;MT=Variable	7 ppm	20 ppm	not applicable	120 min gradient	1	1	20150817_QEp8_JaRi_SA_Sups_MOnoneclassical_LPS_04.raw	v1.1.0	NT=ms-proteomics;VV=v1.1.0	NT=human;VV=v1.1.0	NT=sdrf-skills;VV=v0.2.0	CD14-low, CD16-positive monocyte	Lipopolysaccharide
MO.nonclassical_LPS_secretome_05	Homo sapiens	blood	CD14-low, CD16-positive monocyte	normal	not applicable	adult	not available	not available	not available	not available	Lipopolysaccharide	12 hour	5	20150817_QEp8_JaRi_SA_Sups_MOnoneclassical_LPS_05	proteomic profiling by mass spectrometry	NT=Q Exactive HF;AC=MS:1002523	label free sample	NT=Data-dependent acquisition;AC=PRIDE:0000627	NT=HCD;AC=MS:1000422	27 NCE	300m/z-1650m/z	NT=orbitrap;AC=MS:1000484	NT=Trypsin;AC=MS:1001251	NT=Lys-C;AC=MS:1001309	NT=Dithiothreitol (DTT);AC=PRIDE:0000608	NT=Iodoacetamide (IAA);AC=PRIDE:0000599	NT=Carbamidomethyl;AC=UNIMOD:4;TA=C;MT=Fixed	NT=Oxidation;AC=UNIMOD:35;TA=M;MT=Variable	NT=Acetyl;AC=UNIMOD:1;PP=Protein N-term;MT=Variable	NT=Deamidated;AC=UNIMOD:7;TA=N,Q;MT=Variable	7 ppm	20 ppm	not applicable	120 min gradient	1	1	20150817_QEp8_JaRi_SA_Sups_MOnoneclassical_LPS_05.raw	v1.1.0	NT=ms-proteomics;VV=v1.1.0	NT=human;VV=v1.1.0	NT=sdrf-skills;VV=v0.2.0	CD14-low, CD16-positive monocyte	Lipopolysaccharide
MO.nonclassical_LTA_secretome_01	Homo sapiens	blood	CD14-low, CD16-positive monocyte	normal	not applicable	adult	not available	not available	not available	not available	Lipoteichoic Acid	12 hour	1	20150817_QEp8_JaRi_SA_Sups_MOnoneclassical_LTA_01	proteomic profiling by mass spectrometry	NT=Q Exactive HF;AC=MS:1002523	label free sample	NT=Data-dependent acquisition;AC=PRIDE:0000627	NT=HCD;AC=MS:1000422	27 NCE	300m/z-1650m/z	NT=orbitrap;AC=MS:1000484	NT=Trypsin;AC=MS:1001251	NT=Lys-C;AC=MS:1001309	NT=Dithiothreitol (DTT);AC=PRIDE:0000608	NT=Iodoacetamide (IAA);AC=PRIDE:0000599	NT=Carbamidomethyl;AC=UNIMOD:4;TA=C;MT=Fixed	NT=Oxidation;AC=UNIMOD:35;TA=M;MT=Variable	NT=Acetyl;AC=UNIMOD:1;PP=Protein N-term;MT=Variable	NT=Deamidated;AC=UNIMOD:7;TA=N,Q;MT=Variable	7 ppm	20 ppm	not applicable	120 min gradient	1	1	20150817_QEp8_JaRi_SA_Sups_MOnoneclassical_LTA_01.raw	v1.1.0	NT=ms-proteomics;VV=v1.1.0	NT=human;VV=v1.1.0	NT=sdrf-skills;VV=v0.2.0	CD14-low, CD16-positive monocyte	Lipoteichoic Acid
MO.nonclassical_LTA_secretome_01	Homo sapiens	blood	CD14-low, CD16-positive monocyte	normal	not applicable	adult	not available	not available	not available	not available	Lipoteichoic Acid	12 hour	1	20150817_QEp8_JaRi_SA_Sups_MOnoneclassical_LTA_01_150826180636	proteomic profiling by mass spectrometry	NT=Q Exactive HF;AC=MS:1002523	label free sample	NT=Data-dependent acquisition;AC=PRIDE:0000627	NT=HCD;AC=MS:1000422	27 NCE	300m/z-1650m/z	NT=orbitrap;AC=MS:1000484	NT=Trypsin;AC=MS:1001251	NT=Lys-C;AC=MS:1001309	NT=Dithiothreitol (DTT);AC=PRIDE:0000608	NT=Iodoacetamide (IAA);AC=PRIDE:0000599	NT=Carbamidomethyl;AC=UNIMOD:4;TA=C;MT=Fixed	NT=Oxidation;AC=UNIMOD:35;TA=M;MT=Variable	NT=Acetyl;AC=UNIMOD:1;PP=Protein N-term;MT=Variable	NT=Deamidated;AC=UNIMOD:7;TA=N,Q;MT=Variable	7 ppm	20 ppm	not applicable	120 min gradient	1	2	20150817_QEp8_JaRi_SA_Sups_MOnoneclassical_LTA_01_150826180636.raw	v1.1.0	NT=ms-proteomics;VV=v1.1.0	NT=human;VV=v1.1.0	NT=sdrf-skills;VV=v0.2.0	CD14-low, CD16-positive monocyte	Lipoteichoic Acid
MO.nonclassical_LTA_secretome_02	Homo sapiens	blood	CD14-low, CD16-positive monocyte	normal	not applicable	adult	not available	not available	not available	not available	Lipoteichoic Acid	12 hour	2	20150817_QEp8_JaRi_SA_Sups_MOnoneclassical_LTA_02	proteomic profiling by mass spectrometry	NT=Q Exactive HF;AC=MS:1002523	label free sample	NT=Data-dependent acquisition;AC=PRIDE:0000627	NT=HCD;AC=MS:1000422	27 NCE	300m/z-1650m/z	NT=orbitrap;AC=MS:1000484	NT=Trypsin;AC=MS:1001251	NT=Lys-C;AC=MS:1001309	NT=Dithiothreitol (DTT);AC=PRIDE:0000608	NT=Iodoacetamide (IAA);AC=PRIDE:0000599	NT=Carbamidomethyl;AC=UNIMOD:4;TA=C;MT=Fixed	NT=Oxidation;AC=UNIMOD:35;TA=M;MT=Variable	NT=Acetyl;AC=UNIMOD:1;PP=Protein N-term;MT=Variable	NT=Deamidated;AC=UNIMOD:7;TA=N,Q;MT=Variable	7 ppm	20 ppm	not applicable	120 min gradient	1	1	20150817_QEp8_JaRi_SA_Sups_MOnoneclassical_LTA_02.raw	v1.1.0	NT=ms-proteomics;VV=v1.1.0	NT=human;VV=v1.1.0	NT=sdrf-skills;VV=v0.2.0	CD14-low, CD16-positive monocyte	Lipoteichoic Acid
MO.nonclassical_LTA_secretome_02	Homo sapiens	blood	CD14-low, CD16-positive monocyte	normal	not applicable	adult	not available	not available	not available	not available	Lipoteichoic Acid	12 hour	2	20150817_QEp8_JaRi_SA_Sups_MOnoneclassical_LTA_02_150826203928	proteomic profiling by mass spectrometry	NT=Q Exactive HF;AC=MS:1002523	label free sample	NT=Data-dependent acquisition;AC=PRIDE:0000627	NT=HCD;AC=MS:1000422	27 NCE	300m/z-1650m/z	NT=orbitrap;AC=MS:1000484	NT=Trypsin;AC=MS:1001251	NT=Lys-C;AC=MS:1001309	NT=Dithiothreitol (DTT);AC=PRIDE:0000608	NT=Iodoacetamide (IAA);AC=PRIDE:0000599	NT=Carbamidomethyl;AC=UNIMOD:4;TA=C;MT=Fixed	NT=Oxidation;AC=UNIMOD:35;TA=M;MT=Variable	NT=Acetyl;AC=UNIMOD:1;PP=Protein N-term;MT=Variable	NT=Deamidated;AC=UNIMOD:7;TA=N,Q;MT=Variable	7 ppm	20 ppm	not applicable	120 min gradient	1	2	20150817_QEp8_JaRi_SA_Sups_MOnoneclassical_LTA_02_150826203928.raw	v1.1.0	NT=ms-proteomics;VV=v1.1.0	NT=human;VV=v1.1.0	NT=sdrf-skills;VV=v0.2.0	CD14-low, CD16-positive monocyte	Lipoteichoic Acid
MO.nonclassical_LTA_secretome_03	Homo sapiens	blood	CD14-low, CD16-positive monocyte	normal	not applicable	adult	not available	not available	not available	not available	Lipoteichoic Acid	12 hour	3	20150817_QEp8_JaRi_SA_Sups_MOnoneclassical_LTA_03	proteomic profiling by mass spectrometry	NT=Q Exactive HF;AC=MS:1002523	label free sample	NT=Data-dependent acquisition;AC=PRIDE:0000627	NT=HCD;AC=MS:1000422	27 NCE	300m/z-1650m/z	NT=orbitrap;AC=MS:1000484	NT=Trypsin;AC=MS:1001251	NT=Lys-C;AC=MS:1001309	NT=Dithiothreitol (DTT);AC=PRIDE:0000608	NT=Iodoacetamide (IAA);AC=PRIDE:0000599	NT=Carbamidomethyl;AC=UNIMOD:4;TA=C;MT=Fixed	NT=Oxidation;AC=UNIMOD:35;TA=M;MT=Variable	NT=Acetyl;AC=UNIMOD:1;PP=Protein N-term;MT=Variable	NT=Deamidated;AC=UNIMOD:7;TA=N,Q;MT=Variable	7 ppm	20 ppm	not applicable	120 min gradient	1	1	20150817_QEp8_JaRi_SA_Sups_MOnoneclassical_LTA_03.raw	v1.1.0	NT=ms-proteomics;VV=v1.1.0	NT=human;VV=v1.1.0	NT=sdrf-skills;VV=v0.2.0	CD14-low, CD16-positive monocyte	Lipoteichoic Acid
MO.nonclassical_LTA_secretome_03	Homo sapiens	blood	CD14-low, CD16-positive monocyte	normal	not applicable	adult	not available	not available	not available	not available	Lipoteichoic Acid	12 hour	3	20150817_QEp8_JaRi_SA_Sups_MOnoneclassical_LTA_03_150826231251	proteomic profiling by mass spectrometry	NT=Q Exactive HF;AC=MS:1002523	label free sample	NT=Data-dependent acquisition;AC=PRIDE:0000627	NT=HCD;AC=MS:1000422	27 NCE	300m/z-1650m/z	NT=orbitrap;AC=MS:1000484	NT=Trypsin;AC=MS:1001251	NT=Lys-C;AC=MS:1001309	NT=Dithiothreitol (DTT);AC=PRIDE:0000608	NT=Iodoacetamide (IAA);AC=PRIDE:0000599	NT=Carbamidomethyl;AC=UNIMOD:4;TA=C;MT=Fixed	NT=Oxidation;AC=UNIMOD:35;TA=M;MT=Variable	NT=Acetyl;AC=UNIMOD:1;PP=Protein N-term;MT=Variable	NT=Deamidated;AC=UNIMOD:7;TA=N,Q;MT=Variable	7 ppm	20 ppm	not applicable	120 min gradient	1	2	20150817_QEp8_JaRi_SA_Sups_MOnoneclassical_LTA_03_150826231251.raw	v1.1.0	NT=ms-proteomics;VV=v1.1.0	NT=human;VV=v1.1.0	NT=sdrf-skills;VV=v0.2.0	CD14-low, CD16-positive monocyte	Lipoteichoic Acid
MO.nonclassical_LTA_secretome_04	Homo sapiens	blood	CD14-low, CD16-positive monocyte	normal	not applicable	adult	not available	not available	not available	not available	Lipoteichoic Acid	12 hour	4	20150817_QEp8_JaRi_SA_Sups_MOnoneclassical_LTA_04	proteomic profiling by mass spectrometry	NT=Q Exactive HF;AC=MS:1002523	label free sample	NT=Data-dependent acquisition;AC=PRIDE:0000627	NT=HCD;AC=MS:1000422	27 NCE	300m/z-1650m/z	NT=orbitrap;AC=MS:1000484	NT=Trypsin;AC=MS:1001251	NT=Lys-C;AC=MS:1001309	NT=Dithiothreitol (DTT);AC=PRIDE:0000608	NT=Iodoacetamide (IAA);AC=PRIDE:0000599	NT=Carbamidomethyl;AC=UNIMOD:4;TA=C;MT=Fixed	NT=Oxidation;AC=UNIMOD:35;TA=M;MT=Variable	NT=Acetyl;AC=UNIMOD:1;PP=Protein N-term;MT=Variable	NT=Deamidated;AC=UNIMOD:7;TA=N,Q;MT=Variable	7 ppm	20 ppm	not applicable	120 min gradient	1	1	20150817_QEp8_JaRi_SA_Sups_MOnoneclassical_LTA_04.raw	v1.1.0	NT=ms-proteomics;VV=v1.1.0	NT=human;VV=v1.1.0	NT=sdrf-skills;VV=v0.2.0	CD14-low, CD16-positive monocyte	Lipoteichoic Acid
MO.nonclassical_LTA_secretome_05	Homo sapiens	blood	CD14-low, CD16-positive monocyte	normal	not applicable	adult	not available	not available	not available	not available	Lipoteichoic Acid	12 hour	5	20150817_QEp8_JaRi_SA_Sups_MOnoneclassical_LTA_05	proteomic profiling by mass spectrometry	NT=Q Exactive HF;AC=MS:1002523	label free sample	NT=Data-dependent acquisition;AC=PRIDE:0000627	NT=HCD;AC=MS:1000422	27 NCE	300m/z-1650m/z	NT=orbitrap;AC=MS:1000484	NT=Trypsin;AC=MS:1001251	NT=Lys-C;AC=MS:1001309	NT=Dithiothreitol (DTT);AC=PRIDE:0000608	NT=Iodoacetamide (IAA);AC=PRIDE:0000599	NT=Carbamidomethyl;AC=UNIMOD:4;TA=C;MT=Fixed	NT=Oxidation;AC=UNIMOD:35;TA=M;MT=Variable	NT=Acetyl;AC=UNIMOD:1;PP=Protein N-term;MT=Variable	NT=Deamidated;AC=UNIMOD:7;TA=N,Q;MT=Variable	7 ppm	20 ppm	not applicable	120 min gradient	1	1	20150817_QEp8_JaRi_SA_Sups_MOnoneclassical_LTA_05.raw	v1.1.0	NT=ms-proteomics;VV=v1.1.0	NT=human;VV=v1.1.0	NT=sdrf-skills;VV=v0.2.0	CD14-low, CD16-positive monocyte	Lipoteichoic Acid
MO.nonclassical_PIC_secretome_01	Homo sapiens	blood	CD14-low, CD16-positive monocyte	normal	not applicable	adult	not available	not available	not available	not available	Poly IC	12 hour	1	20150817_QEp8_JaRi_SA_Sups_MOnoneclassical_PIC_01	proteomic profiling by mass spectrometry	NT=Q Exactive HF;AC=MS:1002523	label free sample	NT=Data-dependent acquisition;AC=PRIDE:0000627	NT=HCD;AC=MS:1000422	27 NCE	300m/z-1650m/z	NT=orbitrap;AC=MS:1000484	NT=Trypsin;AC=MS:1001251	NT=Lys-C;AC=MS:1001309	NT=Dithiothreitol (DTT);AC=PRIDE:0000608	NT=Iodoacetamide (IAA);AC=PRIDE:0000599	NT=Carbamidomethyl;AC=UNIMOD:4;TA=C;MT=Fixed	NT=Oxidation;AC=UNIMOD:35;TA=M;MT=Variable	NT=Acetyl;AC=UNIMOD:1;PP=Protein N-term;MT=Variable	NT=Deamidated;AC=UNIMOD:7;TA=N,Q;MT=Variable	7 ppm	20 ppm	not applicable	120 min gradient	1	1	20150817_QEp8_JaRi_SA_Sups_MOnoneclassical_PIC_01.raw	v1.1.0	NT=ms-proteomics;VV=v1.1.0	NT=human;VV=v1.1.0	NT=sdrf-skills;VV=v0.2.0	CD14-low, CD16-positive monocyte	Poly IC
MO.nonclassical_PIC_secretome_02	Homo sapiens	blood	CD14-low, CD16-positive monocyte	normal	not applicable	adult	not available	not available	not available	not available	Poly IC	12 hour	2	20150817_QEp8_JaRi_SA_Sups_MOnoneclassical_PIC_02	proteomic profiling by mass spectrometry	NT=Q Exactive HF;AC=MS:1002523	label free sample	NT=Data-dependent acquisition;AC=PRIDE:0000627	NT=HCD;AC=MS:1000422	27 NCE	300m/z-1650m/z	NT=orbitrap;AC=MS:1000484	NT=Trypsin;AC=MS:1001251	NT=Lys-C;AC=MS:1001309	NT=Dithiothreitol (DTT);AC=PRIDE:0000608	NT=Iodoacetamide (IAA);AC=PRIDE:0000599	NT=Carbamidomethyl;AC=UNIMOD:4;TA=C;MT=Fixed	NT=Oxidation;AC=UNIMOD:35;TA=M;MT=Variable	NT=Acetyl;AC=UNIMOD:1;PP=Protein N-term;MT=Variable	NT=Deamidated;AC=UNIMOD:7;TA=N,Q;MT=Variable	7 ppm	20 ppm	not applicable	120 min gradient	1	1	20150817_QEp8_JaRi_SA_Sups_MOnoneclassical_PIC_02.raw	v1.1.0	NT=ms-proteomics;VV=v1.1.0	NT=human;VV=v1.1.0	NT=sdrf-skills;VV=v0.2.0	CD14-low, CD16-positive monocyte	Poly IC
MO.nonclassical_PIC_secretome_03	Homo sapiens	blood	CD14-low, CD16-positive monocyte	normal	not applicable	adult	not available	not available	not available	not available	Poly IC	12 hour	3	20150817_QEp8_JaRi_SA_Sups_MOnoneclassical_PIC_03	proteomic profiling by mass spectrometry	NT=Q Exactive HF;AC=MS:1002523	label free sample	NT=Data-dependent acquisition;AC=PRIDE:0000627	NT=HCD;AC=MS:1000422	27 NCE	300m/z-1650m/z	NT=orbitrap;AC=MS:1000484	NT=Trypsin;AC=MS:1001251	NT=Lys-C;AC=MS:1001309	NT=Dithiothreitol (DTT);AC=PRIDE:0000608	NT=Iodoacetamide (IAA);AC=PRIDE:0000599	NT=Carbamidomethyl;AC=UNIMOD:4;TA=C;MT=Fixed	NT=Oxidation;AC=UNIMOD:35;TA=M;MT=Variable	NT=Acetyl;AC=UNIMOD:1;PP=Protein N-term;MT=Variable	NT=Deamidated;AC=UNIMOD:7;TA=N,Q;MT=Variable	7 ppm	20 ppm	not applicable	120 min gradient	1	1	20150817_QEp8_JaRi_SA_Sups_MOnoneclassical_PIC_03.raw	v1.1.0	NT=ms-proteomics;VV=v1.1.0	NT=human;VV=v1.1.0	NT=sdrf-skills;VV=v0.2.0	CD14-low, CD16-positive monocyte	Poly IC
MO.nonclassical_PIC_secretome_04	Homo sapiens	blood	CD14-low, CD16-positive monocyte	normal	not applicable	adult	not available	not available	not available	not available	Poly IC	12 hour	4	20150817_QEp8_JaRi_SA_Sups_MOnoneclassical_PIC_04	proteomic profiling by mass spectrometry	NT=Q Exactive HF;AC=MS:1002523	label free sample	NT=Data-dependent acquisition;AC=PRIDE:0000627	NT=HCD;AC=MS:1000422	27 NCE	300m/z-1650m/z	NT=orbitrap;AC=MS:1000484	NT=Trypsin;AC=MS:1001251	NT=Lys-C;AC=MS:1001309	NT=Dithiothreitol (DTT);AC=PRIDE:0000608	NT=Iodoacetamide (IAA);AC=PRIDE:0000599	NT=Carbamidomethyl;AC=UNIMOD:4;TA=C;MT=Fixed	NT=Oxidation;AC=UNIMOD:35;TA=M;MT=Variable	NT=Acetyl;AC=UNIMOD:1;PP=Protein N-term;MT=Variable	NT=Deamidated;AC=UNIMOD:7;TA=N,Q;MT=Variable	7 ppm	20 ppm	not applicable	120 min gradient	1	1	20150817_QEp8_JaRi_SA_Sups_MOnoneclassical_PIC_04.raw	v1.1.0	NT=ms-proteomics;VV=v1.1.0	NT=human;VV=v1.1.0	NT=sdrf-skills;VV=v0.2.0	CD14-low, CD16-positive monocyte	Poly IC
MO.nonclassical_PIC_secretome_05	Homo sapiens	blood	CD14-low, CD16-positive monocyte	normal	not applicable	adult	not available	not available	not available	not available	Poly IC	12 hour	5	20150817_QEp8_JaRi_SA_Sups_MOnoneclassical_PIC_05	proteomic profiling by mass spectrometry	NT=Q Exactive HF;AC=MS:1002523	label free sample	NT=Data-dependent acquisition;AC=PRIDE:0000627	NT=HCD;AC=MS:1000422	27 NCE	300m/z-1650m/z	NT=orbitrap;AC=MS:1000484	NT=Trypsin;AC=MS:1001251	NT=Lys-C;AC=MS:1001309	NT=Dithiothreitol (DTT);AC=PRIDE:0000608	NT=Iodoacetamide (IAA);AC=PRIDE:0000599	NT=Carbamidomethyl;AC=UNIMOD:4;TA=C;MT=Fixed	NT=Oxidation;AC=UNIMOD:35;TA=M;MT=Variable	NT=Acetyl;AC=UNIMOD:1;PP=Protein N-term;MT=Variable	NT=Deamidated;AC=UNIMOD:7;TA=N,Q;MT=Variable	7 ppm	20 ppm	not applicable	120 min gradient	1	1	20150817_QEp8_JaRi_SA_Sups_MOnoneclassical_PIC_05.raw	v1.1.0	NT=ms-proteomics;VV=v1.1.0	NT=human;VV=v1.1.0	NT=sdrf-skills;VV=v0.2.0	CD14-low, CD16-positive monocyte	Poly IC
MO.nonclassical_R848_secretome_01	Homo sapiens	blood	CD14-low, CD16-positive monocyte	normal	not applicable	adult	not available	not available	not available	not available	Resiquimod	12 hour	1	20150817_QEp8_JaRi_SA_Sups_MOnoneclassical_R848_01	proteomic profiling by mass spectrometry	NT=Q Exactive HF;AC=MS:1002523	label free sample	NT=Data-dependent acquisition;AC=PRIDE:0000627	NT=HCD;AC=MS:1000422	27 NCE	300m/z-1650m/z	NT=orbitrap;AC=MS:1000484	NT=Trypsin;AC=MS:1001251	NT=Lys-C;AC=MS:1001309	NT=Dithiothreitol (DTT);AC=PRIDE:0000608	NT=Iodoacetamide (IAA);AC=PRIDE:0000599	NT=Carbamidomethyl;AC=UNIMOD:4;TA=C;MT=Fixed	NT=Oxidation;AC=UNIMOD:35;TA=M;MT=Variable	NT=Acetyl;AC=UNIMOD:1;PP=Protein N-term;MT=Variable	NT=Deamidated;AC=UNIMOD:7;TA=N,Q;MT=Variable	7 ppm	20 ppm	not applicable	120 min gradient	1	1	20150817_QEp8_JaRi_SA_Sups_MOnoneclassical_R848_01.raw	v1.1.0	NT=ms-proteomics;VV=v1.1.0	NT=human;VV=v1.1.0	NT=sdrf-skills;VV=v0.2.0	CD14-low, CD16-positive monocyte	Resiquimod
MO.nonclassical_R848_secretome_02	Homo sapiens	blood	CD14-low, CD16-positive monocyte	normal	not applicable	adult	not available	not available	not available	not available	Resiquimod	12 hour	2	20150817_QEp8_JaRi_SA_Sups_MOnoneclassical_R848_02	proteomic profiling by mass spectrometry	NT=Q Exactive HF;AC=MS:1002523	label free sample	NT=Data-dependent acquisition;AC=PRIDE:0000627	NT=HCD;AC=MS:1000422	27 NCE	300m/z-1650m/z	NT=orbitrap;AC=MS:1000484	NT=Trypsin;AC=MS:1001251	NT=Lys-C;AC=MS:1001309	NT=Dithiothreitol (DTT);AC=PRIDE:0000608	NT=Iodoacetamide (IAA);AC=PRIDE:0000599	NT=Carbamidomethyl;AC=UNIMOD:4;TA=C;MT=Fixed	NT=Oxidation;AC=UNIMOD:35;TA=M;MT=Variable	NT=Acetyl;AC=UNIMOD:1;PP=Protein N-term;MT=Variable	NT=Deamidated;AC=UNIMOD:7;TA=N,Q;MT=Variable	7 ppm	20 ppm	not applicable	120 min gradient	1	1	20150817_QEp8_JaRi_SA_Sups_MOnoneclassical_R848_02.raw	v1.1.0	NT=ms-proteomics;VV=v1.1.0	NT=human;VV=v1.1.0	NT=sdrf-skills;VV=v0.2.0	CD14-low, CD16-positive monocyte	Resiquimod
MO.nonclassical_R848_secretome_03	Homo sapiens	blood	CD14-low, CD16-positive monocyte	normal	not applicable	adult	not available	not available	not available	not available	Resiquimod	12 hour	3	20150817_QEp8_JaRi_SA_Sups_MOnoneclassical_R848_03	proteomic profiling by mass spectrometry	NT=Q Exactive HF;AC=MS:1002523	label free sample	NT=Data-dependent acquisition;AC=PRIDE:0000627	NT=HCD;AC=MS:1000422	27 NCE	300m/z-1650m/z	NT=orbitrap;AC=MS:1000484	NT=Trypsin;AC=MS:1001251	NT=Lys-C;AC=MS:1001309	NT=Dithiothreitol (DTT);AC=PRIDE:0000608	NT=Iodoacetamide (IAA);AC=PRIDE:0000599	NT=Carbamidomethyl;AC=UNIMOD:4;TA=C;MT=Fixed	NT=Oxidation;AC=UNIMOD:35;TA=M;MT=Variable	NT=Acetyl;AC=UNIMOD:1;PP=Protein N-term;MT=Variable	NT=Deamidated;AC=UNIMOD:7;TA=N,Q;MT=Variable	7 ppm	20 ppm	not applicable	120 min gradient	1	1	20150817_QEp8_JaRi_SA_Sups_MOnoneclassical_R848_03.raw	v1.1.0	NT=ms-proteomics;VV=v1.1.0	NT=human;VV=v1.1.0	NT=sdrf-skills;VV=v0.2.0	CD14-low, CD16-positive monocyte	Resiquimod
MO.nonclassical_R848_secretome_04	Homo sapiens	blood	CD14-low, CD16-positive monocyte	normal	not applicable	adult	not available	not available	not available	not available	Resiquimod	12 hour	4	20150817_QEp8_JaRi_SA_Sups_MOnoneclassical_R848_04	proteomic profiling by mass spectrometry	NT=Q Exactive HF;AC=MS:1002523	label free sample	NT=Data-dependent acquisition;AC=PRIDE:0000627	NT=HCD;AC=MS:1000422	27 NCE	300m/z-1650m/z	NT=orbitrap;AC=MS:1000484	NT=Trypsin;AC=MS:1001251	NT=Lys-C;AC=MS:1001309	NT=Dithiothreitol (DTT);AC=PRIDE:0000608	NT=Iodoacetamide (IAA);AC=PRIDE:0000599	NT=Carbamidomethyl;AC=UNIMOD:4;TA=C;MT=Fixed	NT=Oxidation;AC=UNIMOD:35;TA=M;MT=Variable	NT=Acetyl;AC=UNIMOD:1;PP=Protein N-term;MT=Variable	NT=Deamidated;AC=UNIMOD:7;TA=N,Q;MT=Variable	7 ppm	20 ppm	not applicable	120 min gradient	1	1	20150817_QEp8_JaRi_SA_Sups_MOnoneclassical_R848_04.raw	v1.1.0	NT=ms-proteomics;VV=v1.1.0	NT=human;VV=v1.1.0	NT=sdrf-skills;VV=v0.2.0	CD14-low, CD16-positive monocyte	Resiquimod
MO.nonclassical_R848_secretome_05	Homo sapiens	blood	CD14-low, CD16-positive monocyte	normal	not applicable	adult	not available	not available	not available	not available	Resiquimod	12 hour	5	20150817_QEp8_JaRi_SA_Sups_MOnoneclassical_R848_05	proteomic profiling by mass spectrometry	NT=Q Exactive HF;AC=MS:1002523	label free sample	NT=Data-dependent acquisition;AC=PRIDE:0000627	NT=HCD;AC=MS:1000422	27 NCE	300m/z-1650m/z	NT=orbitrap;AC=MS:1000484	NT=Trypsin;AC=MS:1001251	NT=Lys-C;AC=MS:1001309	NT=Dithiothreitol (DTT);AC=PRIDE:0000608	NT=Iodoacetamide (IAA);AC=PRIDE:0000599	NT=Carbamidomethyl;AC=UNIMOD:4;TA=C;MT=Fixed	NT=Oxidation;AC=UNIMOD:35;TA=M;MT=Variable	NT=Acetyl;AC=UNIMOD:1;PP=Protein N-term;MT=Variable	NT=Deamidated;AC=UNIMOD:7;TA=N,Q;MT=Variable	7 ppm	20 ppm	not applicable	120 min gradient	1	1	20150817_QEp8_JaRi_SA_Sups_MOnoneclassical_R848_05.raw	v1.1.0	NT=ms-proteomics;VV=v1.1.0	NT=human;VV=v1.1.0	NT=sdrf-skills;VV=v0.2.0	CD14-low, CD16-positive monocyte	Resiquimod
MO.nonclassical_R848_secretome_06	Homo sapiens	blood	CD14-low, CD16-positive monocyte	normal	not applicable	adult	not available	not available	not available	not available	Resiquimod	12 hour	6	20150817_QEp8_JaRi_SA_Sups_MOnoneclassical_R848_06	proteomic profiling by mass spectrometry	NT=Q Exactive HF;AC=MS:1002523	label free sample	NT=Data-dependent acquisition;AC=PRIDE:0000627	NT=HCD;AC=MS:1000422	27 NCE	300m/z-1650m/z	NT=orbitrap;AC=MS:1000484	NT=Trypsin;AC=MS:1001251	NT=Lys-C;AC=MS:1001309	NT=Dithiothreitol (DTT);AC=PRIDE:0000608	NT=Iodoacetamide (IAA);AC=PRIDE:0000599	NT=Carbamidomethyl;AC=UNIMOD:4;TA=C;MT=Fixed	NT=Oxidation;AC=UNIMOD:35;TA=M;MT=Variable	NT=Acetyl;AC=UNIMOD:1;PP=Protein N-term;MT=Variable	NT=Deamidated;AC=UNIMOD:7;TA=N,Q;MT=Variable	7 ppm	20 ppm	not applicable	120 min gradient	1	1	20150817_QEp8_JaRi_SA_Sups_MOnoneclassical_R848_06.raw	v1.1.0	NT=ms-proteomics;VV=v1.1.0	NT=human;VV=v1.1.0	NT=sdrf-skills;VV=v0.2.0	CD14-low, CD16-positive monocyte	Resiquimod
MO.nonclassical_ZYM_secretome_01	Homo sapiens	blood	CD14-low, CD16-positive monocyte	normal	not applicable	adult	not available	not available	not available	not available	Zymosan	12 hour	1	20150817_QEp8_JaRi_SA_Sups_MOnoneclassical_ZYM_01	proteomic profiling by mass spectrometry	NT=Q Exactive HF;AC=MS:1002523	label free sample	NT=Data-dependent acquisition;AC=PRIDE:0000627	NT=HCD;AC=MS:1000422	27 NCE	300m/z-1650m/z	NT=orbitrap;AC=MS:1000484	NT=Trypsin;AC=MS:1001251	NT=Lys-C;AC=MS:1001309	NT=Dithiothreitol (DTT);AC=PRIDE:0000608	NT=Iodoacetamide (IAA);AC=PRIDE:0000599	NT=Carbamidomethyl;AC=UNIMOD:4;TA=C;MT=Fixed	NT=Oxidation;AC=UNIMOD:35;TA=M;MT=Variable	NT=Acetyl;AC=UNIMOD:1;PP=Protein N-term;MT=Variable	NT=Deamidated;AC=UNIMOD:7;TA=N,Q;MT=Variable	7 ppm	20 ppm	not applicable	120 min gradient	1	1	20150817_QEp8_JaRi_SA_Sups_MOnoneclassical_ZYM_01.raw	v1.1.0	NT=ms-proteomics;VV=v1.1.0	NT=human;VV=v1.1.0	NT=sdrf-skills;VV=v0.2.0	CD14-low, CD16-positive monocyte	Zymosan
MO.nonclassical_ZYM_secretome_02	Homo sapiens	blood	CD14-low, CD16-positive monocyte	normal	not applicable	adult	not available	not available	not available	not available	Zymosan	12 hour	2	20150817_QEp8_JaRi_SA_Sups_MOnoneclassical_ZYM_02	proteomic profiling by mass spectrometry	NT=Q Exactive HF;AC=MS:1002523	label free sample	NT=Data-dependent acquisition;AC=PRIDE:0000627	NT=HCD;AC=MS:1000422	27 NCE	300m/z-1650m/z	NT=orbitrap;AC=MS:1000484	NT=Trypsin;AC=MS:1001251	NT=Lys-C;AC=MS:1001309	NT=Dithiothreitol (DTT);AC=PRIDE:0000608	NT=Iodoacetamide (IAA);AC=PRIDE:0000599	NT=Carbamidomethyl;AC=UNIMOD:4;TA=C;MT=Fixed	NT=Oxidation;AC=UNIMOD:35;TA=M;MT=Variable	NT=Acetyl;AC=UNIMOD:1;PP=Protein N-term;MT=Variable	NT=Deamidated;AC=UNIMOD:7;TA=N,Q;MT=Variable	7 ppm	20 ppm	not applicable	120 min gradient	1	1	20150817_QEp8_JaRi_SA_Sups_MOnoneclassical_ZYM_02.raw	v1.1.0	NT=ms-proteomics;VV=v1.1.0	NT=human;VV=v1.1.0	NT=sdrf-skills;VV=v0.2.0	CD14-low, CD16-positive monocyte	Zymosan
MO.nonclassical_ZYM_secretome_03	Homo sapiens	blood	CD14-low, CD16-positive monocyte	normal	not applicable	adult	not available	not available	not available	not available	Zymosan	12 hour	3	20150817_QEp8_JaRi_SA_Sups_MOnoneclassical_ZYM_03	proteomic profiling by mass spectrometry	NT=Q Exactive HF;AC=MS:1002523	label free sample	NT=Data-dependent acquisition;AC=PRIDE:0000627	NT=HCD;AC=MS:1000422	27 NCE	300m/z-1650m/z	NT=orbitrap;AC=MS:1000484	NT=Trypsin;AC=MS:1001251	NT=Lys-C;AC=MS:1001309	NT=Dithiothreitol (DTT);AC=PRIDE:0000608	NT=Iodoacetamide (IAA);AC=PRIDE:0000599	NT=Carbamidomethyl;AC=UNIMOD:4;TA=C;MT=Fixed	NT=Oxidation;AC=UNIMOD:35;TA=M;MT=Variable	NT=Acetyl;AC=UNIMOD:1;PP=Protein N-term;MT=Variable	NT=Deamidated;AC=UNIMOD:7;TA=N,Q;MT=Variable	7 ppm	20 ppm	not applicable	120 min gradient	1	1	20150817_QEp8_JaRi_SA_Sups_MOnoneclassical_ZYM_03.raw	v1.1.0	NT=ms-proteomics;VV=v1.1.0	NT=human;VV=v1.1.0	NT=sdrf-skills;VV=v0.2.0	CD14-low, CD16-positive monocyte	Zymosan
MO.nonclassical_ZYM_secretome_04	Homo sapiens	blood	CD14-low, CD16-positive monocyte	normal	not applicable	adult	not available	not available	not available	not available	Zymosan	12 hour	4	20150817_QEp8_JaRi_SA_Sups_MOnoneclassical_ZYM_04	proteomic profiling by mass spectrometry	NT=Q Exactive HF;AC=MS:1002523	label free sample	NT=Data-dependent acquisition;AC=PRIDE:0000627	NT=HCD;AC=MS:1000422	27 NCE	300m/z-1650m/z	NT=orbitrap;AC=MS:1000484	NT=Trypsin;AC=MS:1001251	NT=Lys-C;AC=MS:1001309	NT=Dithiothreitol (DTT);AC=PRIDE:0000608	NT=Iodoacetamide (IAA);AC=PRIDE:0000599	NT=Carbamidomethyl;AC=UNIMOD:4;TA=C;MT=Fixed	NT=Oxidation;AC=UNIMOD:35;TA=M;MT=Variable	NT=Acetyl;AC=UNIMOD:1;PP=Protein N-term;MT=Variable	NT=Deamidated;AC=UNIMOD:7;TA=N,Q;MT=Variable	7 ppm	20 ppm	not applicable	120 min gradient	1	1	20150817_QEp8_JaRi_SA_Sups_MOnoneclassical_ZYM_04.raw	v1.1.0	NT=ms-proteomics;VV=v1.1.0	NT=human;VV=v1.1.0	NT=sdrf-skills;VV=v0.2.0	CD14-low, CD16-positive monocyte	Zymosan
MO.nonclassical_ZYM_secretome_05	Homo sapiens	blood	CD14-low, CD16-positive monocyte	normal	not applicable	adult	not available	not available	not available	not available	Zymosan	12 hour	5	20150817_QEp8_JaRi_SA_Sups_MOnoneclassical_ZYM_05	proteomic profiling by mass spectrometry	NT=Q Exactive HF;AC=MS:1002523	label free sample	NT=Data-dependent acquisition;AC=PRIDE:0000627	NT=HCD;AC=MS:1000422	27 NCE	300m/z-1650m/z	NT=orbitrap;AC=MS:1000484	NT=Trypsin;AC=MS:1001251	NT=Lys-C;AC=MS:1001309	NT=Dithiothreitol (DTT);AC=PRIDE:0000608	NT=Iodoacetamide (IAA);AC=PRIDE:0000599	NT=Carbamidomethyl;AC=UNIMOD:4;TA=C;MT=Fixed	NT=Oxidation;AC=UNIMOD:35;TA=M;MT=Variable	NT=Acetyl;AC=UNIMOD:1;PP=Protein N-term;MT=Variable	NT=Deamidated;AC=UNIMOD:7;TA=N,Q;MT=Variable	7 ppm	20 ppm	not applicable	120 min gradient	1	1	20150817_QEp8_JaRi_SA_Sups_MOnoneclassical_ZYM_05.raw	v1.1.0	NT=ms-proteomics;VV=v1.1.0	NT=human;VV=v1.1.0	NT=sdrf-skills;VV=v0.2.0	CD14-low, CD16-positive monocyte	Zymosan
MO.nonclassical_steady-state_cellular_01	Homo sapiens	blood	CD14-low, CD16-positive monocyte	normal	cell	adult	not available	not available	not available	not available	untreated	not applicable	1	MO.nonclassical_01steady-state	proteomic profiling by mass spectrometry	NT=Q Exactive HF;AC=MS:1002523	label free sample	NT=Data-dependent acquisition;AC=PRIDE:0000627	NT=HCD;AC=MS:1000422	26 NCE	300m/z-1650m/z	NT=orbitrap;AC=MS:1000484	NT=Trypsin;AC=MS:1001251	NT=Lys-C;AC=MS:1001309	NT=Dithiothreitol (DTT);AC=PRIDE:0000608	NT=Iodoacetamide (IAA);AC=PRIDE:0000599	NT=Carbamidomethyl;AC=UNIMOD:4;TA=C;MT=Fixed	NT=Oxidation;AC=UNIMOD:35;TA=M;MT=Variable	NT=Acetyl;AC=UNIMOD:1;PP=Protein N-term;MT=Variable	NT=Deamidated;AC=UNIMOD:7;TA=N,Q;MT=Variable	7 ppm	20 ppm	not applicable	nonlinear 5-60% buffer B (80% acetonitrile, 0.5% formic acid) over 180 min at 250 nl/min	1	1	MO.nonclassical_01steady-state.raw	v1.1.0	NT=ms-proteomics;VV=v1.1.0	NT=human;VV=v1.1.0	NT=sdrf-skills;VV=v0.2.0	CD14-low, CD16-positive monocyte	untreated
MO.nonclassical_steady-state_cellular_02	Homo sapiens	blood	CD14-low, CD16-positive monocyte	normal	cell	adult	not available	not available	not available	not available	untreated	not applicable	2	MO.nonclassical_02steady-state	proteomic profiling by mass spectrometry	NT=Q Exactive HF;AC=MS:1002523	label free sample	NT=Data-dependent acquisition;AC=PRIDE:0000627	NT=HCD;AC=MS:1000422	26 NCE	300m/z-1650m/z	NT=orbitrap;AC=MS:1000484	NT=Trypsin;AC=MS:1001251	NT=Lys-C;AC=MS:1001309	NT=Dithiothreitol (DTT);AC=PRIDE:0000608	NT=Iodoacetamide (IAA);AC=PRIDE:0000599	NT=Carbamidomethyl;AC=UNIMOD:4;TA=C;MT=Fixed	NT=Oxidation;AC=UNIMOD:35;TA=M;MT=Variable	NT=Acetyl;AC=UNIMOD:1;PP=Protein N-term;MT=Variable	NT=Deamidated;AC=UNIMOD:7;TA=N,Q;MT=Variable	7 ppm	20 ppm	not applicable	nonlinear 5-60% buffer B (80% acetonitrile, 0.5% formic acid) over 180 min at 250 nl/min	1	1	MO.nonclassical_02steady-state.raw	v1.1.0	NT=ms-proteomics;VV=v1.1.0	NT=human;VV=v1.1.0	NT=sdrf-skills;VV=v0.2.0	CD14-low, CD16-positive monocyte	untreated
MO.nonclassical_steady-state_cellular_03	Homo sapiens	blood	CD14-low, CD16-positive monocyte	normal	cell	adult	not available	not available	not available	not available	untreated	not applicable	3	MO.nonclassical_03steady-state	proteomic profiling by mass spectrometry	NT=Q Exactive HF;AC=MS:1002523	label free sample	NT=Data-dependent acquisition;AC=PRIDE:0000627	NT=HCD;AC=MS:1000422	26 NCE	300m/z-1650m/z	NT=orbitrap;AC=MS:1000484	NT=Trypsin;AC=MS:1001251	NT=Lys-C;AC=MS:1001309	NT=Dithiothreitol (DTT);AC=PRIDE:0000608	NT=Iodoacetamide (IAA);AC=PRIDE:0000599	NT=Carbamidomethyl;AC=UNIMOD:4;TA=C;MT=Fixed	NT=Oxidation;AC=UNIMOD:35;TA=M;MT=Variable	NT=Acetyl;AC=UNIMOD:1;PP=Protein N-term;MT=Variable	NT=Deamidated;AC=UNIMOD:7;TA=N,Q;MT=Variable	7 ppm	20 ppm	not applicable	nonlinear 5-60% buffer B (80% acetonitrile, 0.5% formic acid) over 180 min at 250 nl/min	1	1	MO.nonclassical_03steady-state.raw	v1.1.0	NT=ms-proteomics;VV=v1.1.0	NT=human;VV=v1.1.0	NT=sdrf-skills;VV=v0.2.0	CD14-low, CD16-positive monocyte	untreated
MO.nonclassical_steady-state_cellular_04	Homo sapiens	blood	CD14-low, CD16-positive monocyte	normal	cell	adult	not available	not available	not available	not available	untreated	not applicable	4	MO.nonclassical_04steady-state	proteomic profiling by mass spectrometry	NT=Q Exactive HF;AC=MS:1002523	label free sample	NT=Data-dependent acquisition;AC=PRIDE:0000627	NT=HCD;AC=MS:1000422	26 NCE	300m/z-1650m/z	NT=orbitrap;AC=MS:1000484	NT=Trypsin;AC=MS:1001251	NT=Lys-C;AC=MS:1001309	NT=Dithiothreitol (DTT);AC=PRIDE:0000608	NT=Iodoacetamide (IAA);AC=PRIDE:0000599	NT=Carbamidomethyl;AC=UNIMOD:4;TA=C;MT=Fixed	NT=Oxidation;AC=UNIMOD:35;TA=M;MT=Variable	NT=Acetyl;AC=UNIMOD:1;PP=Protein N-term;MT=Variable	NT=Deamidated;AC=UNIMOD:7;TA=N,Q;MT=Variable	7 ppm	20 ppm	not applicable	nonlinear 5-60% buffer B (80% acetonitrile, 0.5% formic acid) over 180 min at 250 nl/min	1	1	MO.nonclassical_04steady-state.raw	v1.1.0	NT=ms-proteomics;VV=v1.1.0	NT=human;VV=v1.1.0	NT=sdrf-skills;VV=v0.2.0	CD14-low, CD16-positive monocyte	untreated
MO.nonclassical_unstim_secretome_01	Homo sapiens	blood	CD14-low, CD16-positive monocyte	normal	not applicable	adult	not available	not available	not available	not available	untreated	12 hour	1	20150817_QEp8_JaRi_SA_Sups_MOnoneclassical_CTR_01	proteomic profiling by mass spectrometry	NT=Q Exactive HF;AC=MS:1002523	label free sample	NT=Data-dependent acquisition;AC=PRIDE:0000627	NT=HCD;AC=MS:1000422	27 NCE	300m/z-1650m/z	NT=orbitrap;AC=MS:1000484	NT=Trypsin;AC=MS:1001251	NT=Lys-C;AC=MS:1001309	NT=Dithiothreitol (DTT);AC=PRIDE:0000608	NT=Iodoacetamide (IAA);AC=PRIDE:0000599	NT=Carbamidomethyl;AC=UNIMOD:4;TA=C;MT=Fixed	NT=Oxidation;AC=UNIMOD:35;TA=M;MT=Variable	NT=Acetyl;AC=UNIMOD:1;PP=Protein N-term;MT=Variable	NT=Deamidated;AC=UNIMOD:7;TA=N,Q;MT=Variable	7 ppm	20 ppm	not applicable	120 min gradient	1	1	20150817_QEp8_JaRi_SA_Sups_MOnoneclassical_CTR_01.raw	v1.1.0	NT=ms-proteomics;VV=v1.1.0	NT=human;VV=v1.1.0	NT=sdrf-skills;VV=v0.2.0	CD14-low, CD16-positive monocyte	untreated
MO.nonclassical_unstim_secretome_01	Homo sapiens	blood	CD14-low, CD16-positive monocyte	normal	not applicable	adult	not available	not available	not available	not available	untreated	12 hour	1	20150817_QEp8_JaRi_SA_Sups_MOnoneclassical_CTR_01_150825060604	proteomic profiling by mass spectrometry	NT=Q Exactive HF;AC=MS:1002523	label free sample	NT=Data-dependent acquisition;AC=PRIDE:0000627	NT=HCD;AC=MS:1000422	27 NCE	300m/z-1650m/z	NT=orbitrap;AC=MS:1000484	NT=Trypsin;AC=MS:1001251	NT=Lys-C;AC=MS:1001309	NT=Dithiothreitol (DTT);AC=PRIDE:0000608	NT=Iodoacetamide (IAA);AC=PRIDE:0000599	NT=Carbamidomethyl;AC=UNIMOD:4;TA=C;MT=Fixed	NT=Oxidation;AC=UNIMOD:35;TA=M;MT=Variable	NT=Acetyl;AC=UNIMOD:1;PP=Protein N-term;MT=Variable	NT=Deamidated;AC=UNIMOD:7;TA=N,Q;MT=Variable	7 ppm	20 ppm	not applicable	120 min gradient	1	2	20150817_QEp8_JaRi_SA_Sups_MOnoneclassical_CTR_01_150825060604.raw	v1.1.0	NT=ms-proteomics;VV=v1.1.0	NT=human;VV=v1.1.0	NT=sdrf-skills;VV=v0.2.0	CD14-low, CD16-positive monocyte	untreated
MO.nonclassical_unstim_secretome_02	Homo sapiens	blood	CD14-low, CD16-positive monocyte	normal	not applicable	adult	not available	not available	not available	not available	untreated	12 hour	2	20150817_QEp8_JaRi_SA_Sups_MOnoneclassical_CTR_02	proteomic profiling by mass spectrometry	NT=Q Exactive HF;AC=MS:1002523	label free sample	NT=Data-dependent acquisition;AC=PRIDE:0000627	NT=HCD;AC=MS:1000422	27 NCE	300m/z-1650m/z	NT=orbitrap;AC=MS:1000484	NT=Trypsin;AC=MS:1001251	NT=Lys-C;AC=MS:1001309	NT=Dithiothreitol (DTT);AC=PRIDE:0000608	NT=Iodoacetamide (IAA);AC=PRIDE:0000599	NT=Carbamidomethyl;AC=UNIMOD:4;TA=C;MT=Fixed	NT=Oxidation;AC=UNIMOD:35;TA=M;MT=Variable	NT=Acetyl;AC=UNIMOD:1;PP=Protein N-term;MT=Variable	NT=Deamidated;AC=UNIMOD:7;TA=N,Q;MT=Variable	7 ppm	20 ppm	not applicable	120 min gradient	1	1	20150817_QEp8_JaRi_SA_Sups_MOnoneclassical_CTR_02.raw	v1.1.0	NT=ms-proteomics;VV=v1.1.0	NT=human;VV=v1.1.0	NT=sdrf-skills;VV=v0.2.0	CD14-low, CD16-positive monocyte	untreated
MO.nonclassical_unstim_secretome_02	Homo sapiens	blood	CD14-low, CD16-positive monocyte	normal	not applicable	adult	not available	not available	not available	not available	untreated	12 hour	2	20150817_QEp8_JaRi_SA_Sups_MOnoneclassical_CTR_02_150825083822	proteomic profiling by mass spectrometry	NT=Q Exactive HF;AC=MS:1002523	label free sample	NT=Data-dependent acquisition;AC=PRIDE:0000627	NT=HCD;AC=MS:1000422	27 NCE	300m/z-1650m/z	NT=orbitrap;AC=MS:1000484	NT=Trypsin;AC=MS:1001251	NT=Lys-C;AC=MS:1001309	NT=Dithiothreitol (DTT);AC=PRIDE:0000608	NT=Iodoacetamide (IAA);AC=PRIDE:0000599	NT=Carbamidomethyl;AC=UNIMOD:4;TA=C;MT=Fixed	NT=Oxidation;AC=UNIMOD:35;TA=M;MT=Variable	NT=Acetyl;AC=UNIMOD:1;PP=Protein N-term;MT=Variable	NT=Deamidated;AC=UNIMOD:7;TA=N,Q;MT=Variable	7 ppm	20 ppm	not applicable	120 min gradient	1	2	20150817_QEp8_JaRi_SA_Sups_MOnoneclassical_CTR_02_150825083822.raw	v1.1.0	NT=ms-proteomics;VV=v1.1.0	NT=human;VV=v1.1.0	NT=sdrf-skills;VV=v0.2.0	CD14-low, CD16-positive monocyte	untreated
MO.nonclassical_unstim_secretome_03	Homo sapiens	blood	CD14-low, CD16-positive monocyte	normal	not applicable	adult	not available	not available	not available	not available	untreated	12 hour	3	20150817_QEp8_JaRi_SA_Sups_MOnoneclassical_CTR_03	proteomic profiling by mass spectrometry	NT=Q Exactive HF;AC=MS:1002523	label free sample	NT=Data-dependent acquisition;AC=PRIDE:0000627	NT=HCD;AC=MS:1000422	27 NCE	300m/z-1650m/z	NT=orbitrap;AC=MS:1000484	NT=Trypsin;AC=MS:1001251	NT=Lys-C;AC=MS:1001309	NT=Dithiothreitol (DTT);AC=PRIDE:0000608	NT=Iodoacetamide (IAA);AC=PRIDE:0000599	NT=Carbamidomethyl;AC=UNIMOD:4;TA=C;MT=Fixed	NT=Oxidation;AC=UNIMOD:35;TA=M;MT=Variable	NT=Acetyl;AC=UNIMOD:1;PP=Protein N-term;MT=Variable	NT=Deamidated;AC=UNIMOD:7;TA=N,Q;MT=Variable	7 ppm	20 ppm	not applicable	120 min gradient	1	1	20150817_QEp8_JaRi_SA_Sups_MOnoneclassical_CTR_03.raw	v1.1.0	NT=ms-proteomics;VV=v1.1.0	NT=human;VV=v1.1.0	NT=sdrf-skills;VV=v0.2.0	CD14-low, CD16-positive monocyte	untreated
MO.nonclassical_unstim_secretome_03	Homo sapiens	blood	CD14-low, CD16-positive monocyte	normal	not applicable	adult	not available	not available	not available	not available	untreated	12 hour	3	20150817_QEp8_JaRi_SA_Sups_MOnoneclassical_CTR_03_150825204507	proteomic profiling by mass spectrometry	NT=Q Exactive HF;AC=MS:1002523	label free sample	NT=Data-dependent acquisition;AC=PRIDE:0000627	NT=HCD;AC=MS:1000422	27 NCE	300m/z-1650m/z	NT=orbitrap;AC=MS:1000484	NT=Trypsin;AC=MS:1001251	NT=Lys-C;AC=MS:1001309	NT=Dithiothreitol (DTT);AC=PRIDE:0000608	NT=Iodoacetamide (IAA);AC=PRIDE:0000599	NT=Carbamidomethyl;AC=UNIMOD:4;TA=C;MT=Fixed	NT=Oxidation;AC=UNIMOD:35;TA=M;MT=Variable	NT=Acetyl;AC=UNIMOD:1;PP=Protein N-term;MT=Variable	NT=Deamidated;AC=UNIMOD:7;TA=N,Q;MT=Variable	7 ppm	20 ppm	not applicable	120 min gradient	1	2	20150817_QEp8_JaRi_SA_Sups_MOnoneclassical_CTR_03_150825204507.raw	v1.1.0	NT=ms-proteomics;VV=v1.1.0	NT=human;VV=v1.1.0	NT=sdrf-skills;VV=v0.2.0	CD14-low, CD16-positive monocyte	untreated
MO.nonclassical_unstim_secretome_04	Homo sapiens	blood	CD14-low, CD16-positive monocyte	normal	not applicable	adult	not available	not available	not available	not available	untreated	12 hour	4	20150817_QEp8_JaRi_SA_Sups_MOnoneclassical_CTR_04	proteomic profiling by mass spectrometry	NT=Q Exactive HF;AC=MS:1002523	label free sample	NT=Data-dependent acquisition;AC=PRIDE:0000627	NT=HCD;AC=MS:1000422	27 NCE	300m/z-1650m/z	NT=orbitrap;AC=MS:1000484	NT=Trypsin;AC=MS:1001251	NT=Lys-C;AC=MS:1001309	NT=Dithiothreitol (DTT);AC=PRIDE:0000608	NT=Iodoacetamide (IAA);AC=PRIDE:0000599	NT=Carbamidomethyl;AC=UNIMOD:4;TA=C;MT=Fixed	NT=Oxidation;AC=UNIMOD:35;TA=M;MT=Variable	NT=Acetyl;AC=UNIMOD:1;PP=Protein N-term;MT=Variable	NT=Deamidated;AC=UNIMOD:7;TA=N,Q;MT=Variable	7 ppm	20 ppm	not applicable	120 min gradient	1	1	20150817_QEp8_JaRi_SA_Sups_MOnoneclassical_CTR_04.raw	v1.1.0	NT=ms-proteomics;VV=v1.1.0	NT=human;VV=v1.1.0	NT=sdrf-skills;VV=v0.2.0	CD14-low, CD16-positive monocyte	untreated
MO.nonclassical_unstim_secretome_04	Homo sapiens	blood	CD14-low, CD16-positive monocyte	normal	not applicable	adult	not available	not available	not available	not available	untreated	12 hour	4	20150817_QEp8_JaRi_SA_Sups_MOnoneclassical_CTR_04_150825231721	proteomic profiling by mass spectrometry	NT=Q Exactive HF;AC=MS:1002523	label free sample	NT=Data-dependent acquisition;AC=PRIDE:0000627	NT=HCD;AC=MS:1000422	27 NCE	300m/z-1650m/z	NT=orbitrap;AC=MS:1000484	NT=Trypsin;AC=MS:1001251	NT=Lys-C;AC=MS:1001309	NT=Dithiothreitol (DTT);AC=PRIDE:0000608	NT=Iodoacetamide (IAA);AC=PRIDE:0000599	NT=Carbamidomethyl;AC=UNIMOD:4;TA=C;MT=Fixed	NT=Oxidation;AC=UNIMOD:35;TA=M;MT=Variable	NT=Acetyl;AC=UNIMOD:1;PP=Protein N-term;MT=Variable	NT=Deamidated;AC=UNIMOD:7;TA=N,Q;MT=Variable	7 ppm	20 ppm	not applicable	120 min gradient	1	2	20150817_QEp8_JaRi_SA_Sups_MOnoneclassical_CTR_04_150825231721.raw	v1.1.0	NT=ms-proteomics;VV=v1.1.0	NT=human;VV=v1.1.0	NT=sdrf-skills;VV=v0.2.0	CD14-low, CD16-positive monocyte	untreated
MO.nonclassical_unstim_secretome_05	Homo sapiens	blood	CD14-low, CD16-positive monocyte	normal	not applicable	adult	not available	not available	not available	not available	untreated	12 hour	5	20150817_QEp8_JaRi_SA_Sups_MOnoneclassical_CTR_05	proteomic profiling by mass spectrometry	NT=Q Exactive HF;AC=MS:1002523	label free sample	NT=Data-dependent acquisition;AC=PRIDE:0000627	NT=HCD;AC=MS:1000422	27 NCE	300m/z-1650m/z	NT=orbitrap;AC=MS:1000484	NT=Trypsin;AC=MS:1001251	NT=Lys-C;AC=MS:1001309	NT=Dithiothreitol (DTT);AC=PRIDE:0000608	NT=Iodoacetamide (IAA);AC=PRIDE:0000599	NT=Carbamidomethyl;AC=UNIMOD:4;TA=C;MT=Fixed	NT=Oxidation;AC=UNIMOD:35;TA=M;MT=Variable	NT=Acetyl;AC=UNIMOD:1;PP=Protein N-term;MT=Variable	NT=Deamidated;AC=UNIMOD:7;TA=N,Q;MT=Variable	7 ppm	20 ppm	not applicable	120 min gradient	1	1	20150817_QEp8_JaRi_SA_Sups_MOnoneclassical_CTR_05.raw	v1.1.0	NT=ms-proteomics;VV=v1.1.0	NT=human;VV=v1.1.0	NT=sdrf-skills;VV=v0.2.0	CD14-low, CD16-positive monocyte	untreated
NK.bright_CD2.CD355.IL2_cellular_01	Homo sapiens	blood	CD16-negative, CD56-bright natural killer cell, human	normal	cell	adult	not available	not available	not available	not available	CD2 and CD355 antibody-coated beads with interleukin-2	96 hour	1	NK.bright_01activated	proteomic profiling by mass spectrometry	NT=Q Exactive HF;AC=MS:1002523	label free sample	NT=Data-dependent acquisition;AC=PRIDE:0000627	NT=HCD;AC=MS:1000422	26 NCE	300m/z-1650m/z	NT=orbitrap;AC=MS:1000484	NT=Trypsin;AC=MS:1001251	NT=Lys-C;AC=MS:1001309	NT=Dithiothreitol (DTT);AC=PRIDE:0000608	NT=Iodoacetamide (IAA);AC=PRIDE:0000599	NT=Carbamidomethyl;AC=UNIMOD:4;TA=C;MT=Fixed	NT=Oxidation;AC=UNIMOD:35;TA=M;MT=Variable	NT=Acetyl;AC=UNIMOD:1;PP=Protein N-term;MT=Variable	NT=Deamidated;AC=UNIMOD:7;TA=N,Q;MT=Variable	7 ppm	20 ppm	not applicable	nonlinear 5-60% buffer B (80% acetonitrile, 0.5% formic acid) over 180 min at 250 nl/min	1	1	NK.bright_01activated.raw	v1.1.0	NT=ms-proteomics;VV=v1.1.0	NT=human;VV=v1.1.0	NT=sdrf-skills;VV=v0.2.0	CD16-negative, CD56-bright natural killer cell, human	CD2 and CD355 antibody-coated beads with interleukin-2
NK.bright_CD2.CD355.IL2_cellular_01	Homo sapiens	blood	CD16-negative, CD56-bright natural killer cell, human	normal	cell	adult	not available	not available	not available	not available	CD2 and CD355 antibody-coated beads with interleukin-2	96 hour	1	Library_single.shot_51activated	proteomic profiling by mass spectrometry	NT=Q Exactive HF;AC=MS:1002523	label free sample	NT=Data-dependent acquisition;AC=PRIDE:0000627	NT=HCD;AC=MS:1000422	26 NCE	300m/z-1650m/z	NT=orbitrap;AC=MS:1000484	NT=Trypsin;AC=MS:1001251	NT=Lys-C;AC=MS:1001309	NT=Dithiothreitol (DTT);AC=PRIDE:0000608	NT=Iodoacetamide (IAA);AC=PRIDE:0000599	NT=Carbamidomethyl;AC=UNIMOD:4;TA=C;MT=Fixed	NT=Oxidation;AC=UNIMOD:35;TA=M;MT=Variable	NT=Acetyl;AC=UNIMOD:1;PP=Protein N-term;MT=Variable	NT=Deamidated;AC=UNIMOD:7;TA=N,Q;MT=Variable	7 ppm	20 ppm	not applicable	nonlinear 5-60% buffer B (80% acetonitrile, 0.5% formic acid) over 180 min at 250 nl/min	1	2	Library_single.shot_51activated.raw	v1.1.0	NT=ms-proteomics;VV=v1.1.0	NT=human;VV=v1.1.0	NT=sdrf-skills;VV=v0.2.0	CD16-negative, CD56-bright natural killer cell, human	CD2 and CD355 antibody-coated beads with interleukin-2
NK.bright_CD2.CD355.IL2_cellular_02	Homo sapiens	blood	CD16-negative, CD56-bright natural killer cell, human	normal	cell	adult	not available	not available	not available	not available	CD2 and CD355 antibody-coated beads with interleukin-2	96 hour	2	NK.bright_02activated	proteomic profiling by mass spectrometry	NT=Q Exactive HF;AC=MS:1002523	label free sample	NT=Data-dependent acquisition;AC=PRIDE:0000627	NT=HCD;AC=MS:1000422	26 NCE	300m/z-1650m/z	NT=orbitrap;AC=MS:1000484	NT=Trypsin;AC=MS:1001251	NT=Lys-C;AC=MS:1001309	NT=Dithiothreitol (DTT);AC=PRIDE:0000608	NT=Iodoacetamide (IAA);AC=PRIDE:0000599	NT=Carbamidomethyl;AC=UNIMOD:4;TA=C;MT=Fixed	NT=Oxidation;AC=UNIMOD:35;TA=M;MT=Variable	NT=Acetyl;AC=UNIMOD:1;PP=Protein N-term;MT=Variable	NT=Deamidated;AC=UNIMOD:7;TA=N,Q;MT=Variable	7 ppm	20 ppm	not applicable	nonlinear 5-60% buffer B (80% acetonitrile, 0.5% formic acid) over 180 min at 250 nl/min	1	1	NK.bright_02activated.raw	v1.1.0	NT=ms-proteomics;VV=v1.1.0	NT=human;VV=v1.1.0	NT=sdrf-skills;VV=v0.2.0	CD16-negative, CD56-bright natural killer cell, human	CD2 and CD355 antibody-coated beads with interleukin-2
NK.bright_CD2.CD355.IL2_cellular_02	Homo sapiens	blood	CD16-negative, CD56-bright natural killer cell, human	normal	cell	adult	not available	not available	not available	not available	CD2 and CD355 antibody-coated beads with interleukin-2	96 hour	2	Library_single.shot_49activated	proteomic profiling by mass spectrometry	NT=Q Exactive HF;AC=MS:1002523	label free sample	NT=Data-dependent acquisition;AC=PRIDE:0000627	NT=HCD;AC=MS:1000422	26 NCE	300m/z-1650m/z	NT=orbitrap;AC=MS:1000484	NT=Trypsin;AC=MS:1001251	NT=Lys-C;AC=MS:1001309	NT=Dithiothreitol (DTT);AC=PRIDE:0000608	NT=Iodoacetamide (IAA);AC=PRIDE:0000599	NT=Carbamidomethyl;AC=UNIMOD:4;TA=C;MT=Fixed	NT=Oxidation;AC=UNIMOD:35;TA=M;MT=Variable	NT=Acetyl;AC=UNIMOD:1;PP=Protein N-term;MT=Variable	NT=Deamidated;AC=UNIMOD:7;TA=N,Q;MT=Variable	7 ppm	20 ppm	not applicable	nonlinear 5-60% buffer B (80% acetonitrile, 0.5% formic acid) over 180 min at 250 nl/min	1	2	Library_single.shot_49activated.raw	v1.1.0	NT=ms-proteomics;VV=v1.1.0	NT=human;VV=v1.1.0	NT=sdrf-skills;VV=v0.2.0	CD16-negative, CD56-bright natural killer cell, human	CD2 and CD355 antibody-coated beads with interleukin-2
NK.bright_CD2.CD355.IL2_cellular_03	Homo sapiens	blood	CD16-negative, CD56-bright natural killer cell, human	normal	cell	adult	not available	not available	not available	not available	CD2 and CD355 antibody-coated beads with interleukin-2	96 hour	3	NK.bright_03activated	proteomic profiling by mass spectrometry	NT=Q Exactive HF;AC=MS:1002523	label free sample	NT=Data-dependent acquisition;AC=PRIDE:0000627	NT=HCD;AC=MS:1000422	26 NCE	300m/z-1650m/z	NT=orbitrap;AC=MS:1000484	NT=Trypsin;AC=MS:1001251	NT=Lys-C;AC=MS:1001309	NT=Dithiothreitol (DTT);AC=PRIDE:0000608	NT=Iodoacetamide (IAA);AC=PRIDE:0000599	NT=Carbamidomethyl;AC=UNIMOD:4;TA=C;MT=Fixed	NT=Oxidation;AC=UNIMOD:35;TA=M;MT=Variable	NT=Acetyl;AC=UNIMOD:1;PP=Protein N-term;MT=Variable	NT=Deamidated;AC=UNIMOD:7;TA=N,Q;MT=Variable	7 ppm	20 ppm	not applicable	nonlinear 5-60% buffer B (80% acetonitrile, 0.5% formic acid) over 180 min at 250 nl/min	1	1	NK.bright_03activated.raw	v1.1.0	NT=ms-proteomics;VV=v1.1.0	NT=human;VV=v1.1.0	NT=sdrf-skills;VV=v0.2.0	CD16-negative, CD56-bright natural killer cell, human	CD2 and CD355 antibody-coated beads with interleukin-2
NK.bright_CD2.CD355.IL2_cellular_03	Homo sapiens	blood	CD16-negative, CD56-bright natural killer cell, human	normal	cell	adult	not available	not available	not available	not available	CD2 and CD355 antibody-coated beads with interleukin-2	96 hour	3	Library_single.shot_44activated	proteomic profiling by mass spectrometry	NT=Q Exactive HF;AC=MS:1002523	label free sample	NT=Data-dependent acquisition;AC=PRIDE:0000627	NT=HCD;AC=MS:1000422	26 NCE	300m/z-1650m/z	NT=orbitrap;AC=MS:1000484	NT=Trypsin;AC=MS:1001251	NT=Lys-C;AC=MS:1001309	NT=Dithiothreitol (DTT);AC=PRIDE:0000608	NT=Iodoacetamide (IAA);AC=PRIDE:0000599	NT=Carbamidomethyl;AC=UNIMOD:4;TA=C;MT=Fixed	NT=Oxidation;AC=UNIMOD:35;TA=M;MT=Variable	NT=Acetyl;AC=UNIMOD:1;PP=Protein N-term;MT=Variable	NT=Deamidated;AC=UNIMOD:7;TA=N,Q;MT=Variable	7 ppm	20 ppm	not applicable	nonlinear 5-60% buffer B (80% acetonitrile, 0.5% formic acid) over 180 min at 250 nl/min	1	2	Library_single.shot_44activated.raw	v1.1.0	NT=ms-proteomics;VV=v1.1.0	NT=human;VV=v1.1.0	NT=sdrf-skills;VV=v0.2.0	CD16-negative, CD56-bright natural killer cell, human	CD2 and CD355 antibody-coated beads with interleukin-2
NK.bright_steady-state_cellular_01	Homo sapiens	blood	CD16-negative, CD56-bright natural killer cell, human	normal	cell	adult	not available	not available	not available	not available	untreated	not applicable	1	NK.bright_01steady-state	proteomic profiling by mass spectrometry	NT=Q Exactive HF;AC=MS:1002523	label free sample	NT=Data-dependent acquisition;AC=PRIDE:0000627	NT=HCD;AC=MS:1000422	26 NCE	300m/z-1650m/z	NT=orbitrap;AC=MS:1000484	NT=Trypsin;AC=MS:1001251	NT=Lys-C;AC=MS:1001309	NT=Dithiothreitol (DTT);AC=PRIDE:0000608	NT=Iodoacetamide (IAA);AC=PRIDE:0000599	NT=Carbamidomethyl;AC=UNIMOD:4;TA=C;MT=Fixed	NT=Oxidation;AC=UNIMOD:35;TA=M;MT=Variable	NT=Acetyl;AC=UNIMOD:1;PP=Protein N-term;MT=Variable	NT=Deamidated;AC=UNIMOD:7;TA=N,Q;MT=Variable	7 ppm	20 ppm	not applicable	nonlinear 5-60% buffer B (80% acetonitrile, 0.5% formic acid) over 180 min at 250 nl/min	1	1	NK.bright_01steady-state.raw	v1.1.0	NT=ms-proteomics;VV=v1.1.0	NT=human;VV=v1.1.0	NT=sdrf-skills;VV=v0.2.0	CD16-negative, CD56-bright natural killer cell, human	untreated
NK.bright_steady-state_cellular_02	Homo sapiens	blood	CD16-negative, CD56-bright natural killer cell, human	normal	cell	adult	not available	not available	not available	not available	untreated	not applicable	2	NK.bright_02steady-state	proteomic profiling by mass spectrometry	NT=Q Exactive HF;AC=MS:1002523	label free sample	NT=Data-dependent acquisition;AC=PRIDE:0000627	NT=HCD;AC=MS:1000422	26 NCE	300m/z-1650m/z	NT=orbitrap;AC=MS:1000484	NT=Trypsin;AC=MS:1001251	NT=Lys-C;AC=MS:1001309	NT=Dithiothreitol (DTT);AC=PRIDE:0000608	NT=Iodoacetamide (IAA);AC=PRIDE:0000599	NT=Carbamidomethyl;AC=UNIMOD:4;TA=C;MT=Fixed	NT=Oxidation;AC=UNIMOD:35;TA=M;MT=Variable	NT=Acetyl;AC=UNIMOD:1;PP=Protein N-term;MT=Variable	NT=Deamidated;AC=UNIMOD:7;TA=N,Q;MT=Variable	7 ppm	20 ppm	not applicable	nonlinear 5-60% buffer B (80% acetonitrile, 0.5% formic acid) over 180 min at 250 nl/min	1	1	NK.bright_02steady-state.raw	v1.1.0	NT=ms-proteomics;VV=v1.1.0	NT=human;VV=v1.1.0	NT=sdrf-skills;VV=v0.2.0	CD16-negative, CD56-bright natural killer cell, human	untreated
NK.bright_steady-state_cellular_03	Homo sapiens	blood	CD16-negative, CD56-bright natural killer cell, human	normal	cell	adult	not available	not available	not available	not available	untreated	not applicable	3	NK.bright_03steady-state	proteomic profiling by mass spectrometry	NT=Q Exactive HF;AC=MS:1002523	label free sample	NT=Data-dependent acquisition;AC=PRIDE:0000627	NT=HCD;AC=MS:1000422	26 NCE	300m/z-1650m/z	NT=orbitrap;AC=MS:1000484	NT=Trypsin;AC=MS:1001251	NT=Lys-C;AC=MS:1001309	NT=Dithiothreitol (DTT);AC=PRIDE:0000608	NT=Iodoacetamide (IAA);AC=PRIDE:0000599	NT=Carbamidomethyl;AC=UNIMOD:4;TA=C;MT=Fixed	NT=Oxidation;AC=UNIMOD:35;TA=M;MT=Variable	NT=Acetyl;AC=UNIMOD:1;PP=Protein N-term;MT=Variable	NT=Deamidated;AC=UNIMOD:7;TA=N,Q;MT=Variable	7 ppm	20 ppm	not applicable	nonlinear 5-60% buffer B (80% acetonitrile, 0.5% formic acid) over 180 min at 250 nl/min	1	1	NK.bright_03steady-state.raw	v1.1.0	NT=ms-proteomics;VV=v1.1.0	NT=human;VV=v1.1.0	NT=sdrf-skills;VV=v0.2.0	CD16-negative, CD56-bright natural killer cell, human	untreated
NK.bright_steady-state_cellular_04	Homo sapiens	blood	CD16-negative, CD56-bright natural killer cell, human	normal	cell	adult	not available	not available	not available	not available	untreated	not applicable	4	NK.bright_04steady-state	proteomic profiling by mass spectrometry	NT=Q Exactive HF;AC=MS:1002523	label free sample	NT=Data-dependent acquisition;AC=PRIDE:0000627	NT=HCD;AC=MS:1000422	26 NCE	300m/z-1650m/z	NT=orbitrap;AC=MS:1000484	NT=Trypsin;AC=MS:1001251	NT=Lys-C;AC=MS:1001309	NT=Dithiothreitol (DTT);AC=PRIDE:0000608	NT=Iodoacetamide (IAA);AC=PRIDE:0000599	NT=Carbamidomethyl;AC=UNIMOD:4;TA=C;MT=Fixed	NT=Oxidation;AC=UNIMOD:35;TA=M;MT=Variable	NT=Acetyl;AC=UNIMOD:1;PP=Protein N-term;MT=Variable	NT=Deamidated;AC=UNIMOD:7;TA=N,Q;MT=Variable	7 ppm	20 ppm	not applicable	nonlinear 5-60% buffer B (80% acetonitrile, 0.5% formic acid) over 180 min at 250 nl/min	1	1	NK.bright_04steady-state.raw	v1.1.0	NT=ms-proteomics;VV=v1.1.0	NT=human;VV=v1.1.0	NT=sdrf-skills;VV=v0.2.0	CD16-negative, CD56-bright natural killer cell, human	untreated
NK.bulk_steady-state_cellular_01	Homo sapiens	blood	natural killer cell	normal	cell	adult	not available	not available	not available	not available	untreated	not applicable	1	Library_single.shot_23steady-state	proteomic profiling by mass spectrometry	NT=Q Exactive HF;AC=MS:1002523	label free sample	NT=Data-dependent acquisition;AC=PRIDE:0000627	NT=HCD;AC=MS:1000422	26 NCE	300m/z-1650m/z	NT=orbitrap;AC=MS:1000484	NT=Trypsin;AC=MS:1001251	NT=Lys-C;AC=MS:1001309	NT=Dithiothreitol (DTT);AC=PRIDE:0000608	NT=Iodoacetamide (IAA);AC=PRIDE:0000599	NT=Carbamidomethyl;AC=UNIMOD:4;TA=C;MT=Fixed	NT=Oxidation;AC=UNIMOD:35;TA=M;MT=Variable	NT=Acetyl;AC=UNIMOD:1;PP=Protein N-term;MT=Variable	NT=Deamidated;AC=UNIMOD:7;TA=N,Q;MT=Variable	7 ppm	20 ppm	not applicable	nonlinear 5-60% buffer B (80% acetonitrile, 0.5% formic acid) over 180 min at 250 nl/min	1	1	Library_single.shot_23steady-state.raw	v1.1.0	NT=ms-proteomics;VV=v1.1.0	NT=human;VV=v1.1.0	NT=sdrf-skills;VV=v0.2.0	natural killer cell	untreated
NK.bulk_steady-state_cellular_01	Homo sapiens	blood	natural killer cell	normal	cell	adult	not available	not available	not available	not available	untreated	not applicable	1	Library_single.shot_92steady-state	proteomic profiling by mass spectrometry	NT=Q Exactive HF;AC=MS:1002523	label free sample	NT=Data-dependent acquisition;AC=PRIDE:0000627	NT=HCD;AC=MS:1000422	26 NCE	300m/z-1650m/z	NT=orbitrap;AC=MS:1000484	NT=Trypsin;AC=MS:1001251	NT=Lys-C;AC=MS:1001309	NT=Dithiothreitol (DTT);AC=PRIDE:0000608	NT=Iodoacetamide (IAA);AC=PRIDE:0000599	NT=Carbamidomethyl;AC=UNIMOD:4;TA=C;MT=Fixed	NT=Oxidation;AC=UNIMOD:35;TA=M;MT=Variable	NT=Acetyl;AC=UNIMOD:1;PP=Protein N-term;MT=Variable	NT=Deamidated;AC=UNIMOD:7;TA=N,Q;MT=Variable	7 ppm	20 ppm	not applicable	nonlinear 5-60% buffer B (80% acetonitrile, 0.5% formic acid) over 180 min at 250 nl/min	1	2	Library_single.shot_92steady-state.raw	v1.1.0	NT=ms-proteomics;VV=v1.1.0	NT=human;VV=v1.1.0	NT=sdrf-skills;VV=v0.2.0	natural killer cell	untreated
NK.dim_CD2.CD355.IL2_cellular_01	Homo sapiens	blood	CD16-positive, CD56-dim natural killer cell, human	normal	cell	adult	not available	not available	not available	not available	CD2 and CD355 antibody-coated beads with interleukin-2	96 hour	1	NK.dim_01activated	proteomic profiling by mass spectrometry	NT=Q Exactive HF;AC=MS:1002523	label free sample	NT=Data-dependent acquisition;AC=PRIDE:0000627	NT=HCD;AC=MS:1000422	26 NCE	300m/z-1650m/z	NT=orbitrap;AC=MS:1000484	NT=Trypsin;AC=MS:1001251	NT=Lys-C;AC=MS:1001309	NT=Dithiothreitol (DTT);AC=PRIDE:0000608	NT=Iodoacetamide (IAA);AC=PRIDE:0000599	NT=Carbamidomethyl;AC=UNIMOD:4;TA=C;MT=Fixed	NT=Oxidation;AC=UNIMOD:35;TA=M;MT=Variable	NT=Acetyl;AC=UNIMOD:1;PP=Protein N-term;MT=Variable	NT=Deamidated;AC=UNIMOD:7;TA=N,Q;MT=Variable	7 ppm	20 ppm	not applicable	nonlinear 5-60% buffer B (80% acetonitrile, 0.5% formic acid) over 180 min at 250 nl/min	1	1	NK.dim_01activated.raw	v1.1.0	NT=ms-proteomics;VV=v1.1.0	NT=human;VV=v1.1.0	NT=sdrf-skills;VV=v0.2.0	CD16-positive, CD56-dim natural killer cell, human	CD2 and CD355 antibody-coated beads with interleukin-2
NK.dim_CD2.CD355.IL2_cellular_01	Homo sapiens	blood	CD16-positive, CD56-dim natural killer cell, human	normal	cell	adult	not available	not available	not available	not available	CD2 and CD355 antibody-coated beads with interleukin-2	96 hour	1	Library_single.shot_50activated	proteomic profiling by mass spectrometry	NT=Q Exactive HF;AC=MS:1002523	label free sample	NT=Data-dependent acquisition;AC=PRIDE:0000627	NT=HCD;AC=MS:1000422	26 NCE	300m/z-1650m/z	NT=orbitrap;AC=MS:1000484	NT=Trypsin;AC=MS:1001251	NT=Lys-C;AC=MS:1001309	NT=Dithiothreitol (DTT);AC=PRIDE:0000608	NT=Iodoacetamide (IAA);AC=PRIDE:0000599	NT=Carbamidomethyl;AC=UNIMOD:4;TA=C;MT=Fixed	NT=Oxidation;AC=UNIMOD:35;TA=M;MT=Variable	NT=Acetyl;AC=UNIMOD:1;PP=Protein N-term;MT=Variable	NT=Deamidated;AC=UNIMOD:7;TA=N,Q;MT=Variable	7 ppm	20 ppm	not applicable	nonlinear 5-60% buffer B (80% acetonitrile, 0.5% formic acid) over 180 min at 250 nl/min	1	2	Library_single.shot_50activated.raw	v1.1.0	NT=ms-proteomics;VV=v1.1.0	NT=human;VV=v1.1.0	NT=sdrf-skills;VV=v0.2.0	CD16-positive, CD56-dim natural killer cell, human	CD2 and CD355 antibody-coated beads with interleukin-2
NK.dim_CD2.CD355.IL2_cellular_02	Homo sapiens	blood	CD16-positive, CD56-dim natural killer cell, human	normal	cell	adult	not available	not available	not available	not available	CD2 and CD355 antibody-coated beads with interleukin-2	96 hour	2	NK.dim_02activated	proteomic profiling by mass spectrometry	NT=Q Exactive HF;AC=MS:1002523	label free sample	NT=Data-dependent acquisition;AC=PRIDE:0000627	NT=HCD;AC=MS:1000422	26 NCE	300m/z-1650m/z	NT=orbitrap;AC=MS:1000484	NT=Trypsin;AC=MS:1001251	NT=Lys-C;AC=MS:1001309	NT=Dithiothreitol (DTT);AC=PRIDE:0000608	NT=Iodoacetamide (IAA);AC=PRIDE:0000599	NT=Carbamidomethyl;AC=UNIMOD:4;TA=C;MT=Fixed	NT=Oxidation;AC=UNIMOD:35;TA=M;MT=Variable	NT=Acetyl;AC=UNIMOD:1;PP=Protein N-term;MT=Variable	NT=Deamidated;AC=UNIMOD:7;TA=N,Q;MT=Variable	7 ppm	20 ppm	not applicable	nonlinear 5-60% buffer B (80% acetonitrile, 0.5% formic acid) over 180 min at 250 nl/min	1	1	NK.dim_02activated.raw	v1.1.0	NT=ms-proteomics;VV=v1.1.0	NT=human;VV=v1.1.0	NT=sdrf-skills;VV=v0.2.0	CD16-positive, CD56-dim natural killer cell, human	CD2 and CD355 antibody-coated beads with interleukin-2
NK.dim_CD2.CD355.IL2_cellular_02	Homo sapiens	blood	CD16-positive, CD56-dim natural killer cell, human	normal	cell	adult	not available	not available	not available	not available	CD2 and CD355 antibody-coated beads with interleukin-2	96 hour	2	Library_single.shot_48activated	proteomic profiling by mass spectrometry	NT=Q Exactive HF;AC=MS:1002523	label free sample	NT=Data-dependent acquisition;AC=PRIDE:0000627	NT=HCD;AC=MS:1000422	26 NCE	300m/z-1650m/z	NT=orbitrap;AC=MS:1000484	NT=Trypsin;AC=MS:1001251	NT=Lys-C;AC=MS:1001309	NT=Dithiothreitol (DTT);AC=PRIDE:0000608	NT=Iodoacetamide (IAA);AC=PRIDE:0000599	NT=Carbamidomethyl;AC=UNIMOD:4;TA=C;MT=Fixed	NT=Oxidation;AC=UNIMOD:35;TA=M;MT=Variable	NT=Acetyl;AC=UNIMOD:1;PP=Protein N-term;MT=Variable	NT=Deamidated;AC=UNIMOD:7;TA=N,Q;MT=Variable	7 ppm	20 ppm	not applicable	nonlinear 5-60% buffer B (80% acetonitrile, 0.5% formic acid) over 180 min at 250 nl/min	1	2	Library_single.shot_48activated.raw	v1.1.0	NT=ms-proteomics;VV=v1.1.0	NT=human;VV=v1.1.0	NT=sdrf-skills;VV=v0.2.0	CD16-positive, CD56-dim natural killer cell, human	CD2 and CD355 antibody-coated beads with interleukin-2
NK.dim_CD2.CD355.IL2_cellular_03	Homo sapiens	blood	CD16-positive, CD56-dim natural killer cell, human	normal	cell	adult	not available	not available	not available	not available	CD2 and CD355 antibody-coated beads with interleukin-2	96 hour	3	NK.dim_03activated	proteomic profiling by mass spectrometry	NT=Q Exactive HF;AC=MS:1002523	label free sample	NT=Data-dependent acquisition;AC=PRIDE:0000627	NT=HCD;AC=MS:1000422	26 NCE	300m/z-1650m/z	NT=orbitrap;AC=MS:1000484	NT=Trypsin;AC=MS:1001251	NT=Lys-C;AC=MS:1001309	NT=Dithiothreitol (DTT);AC=PRIDE:0000608	NT=Iodoacetamide (IAA);AC=PRIDE:0000599	NT=Carbamidomethyl;AC=UNIMOD:4;TA=C;MT=Fixed	NT=Oxidation;AC=UNIMOD:35;TA=M;MT=Variable	NT=Acetyl;AC=UNIMOD:1;PP=Protein N-term;MT=Variable	NT=Deamidated;AC=UNIMOD:7;TA=N,Q;MT=Variable	7 ppm	20 ppm	not applicable	nonlinear 5-60% buffer B (80% acetonitrile, 0.5% formic acid) over 180 min at 250 nl/min	1	1	NK.dim_03activated.raw	v1.1.0	NT=ms-proteomics;VV=v1.1.0	NT=human;VV=v1.1.0	NT=sdrf-skills;VV=v0.2.0	CD16-positive, CD56-dim natural killer cell, human	CD2 and CD355 antibody-coated beads with interleukin-2
NK.dim_CD2.CD355.IL2_cellular_03	Homo sapiens	blood	CD16-positive, CD56-dim natural killer cell, human	normal	cell	adult	not available	not available	not available	not available	CD2 and CD355 antibody-coated beads with interleukin-2	96 hour	3	Library_single.shot_45activated	proteomic profiling by mass spectrometry	NT=Q Exactive HF;AC=MS:1002523	label free sample	NT=Data-dependent acquisition;AC=PRIDE:0000627	NT=HCD;AC=MS:1000422	26 NCE	300m/z-1650m/z	NT=orbitrap;AC=MS:1000484	NT=Trypsin;AC=MS:1001251	NT=Lys-C;AC=MS:1001309	NT=Dithiothreitol (DTT);AC=PRIDE:0000608	NT=Iodoacetamide (IAA);AC=PRIDE:0000599	NT=Carbamidomethyl;AC=UNIMOD:4;TA=C;MT=Fixed	NT=Oxidation;AC=UNIMOD:35;TA=M;MT=Variable	NT=Acetyl;AC=UNIMOD:1;PP=Protein N-term;MT=Variable	NT=Deamidated;AC=UNIMOD:7;TA=N,Q;MT=Variable	7 ppm	20 ppm	not applicable	nonlinear 5-60% buffer B (80% acetonitrile, 0.5% formic acid) over 180 min at 250 nl/min	1	2	Library_single.shot_45activated.raw	v1.1.0	NT=ms-proteomics;VV=v1.1.0	NT=human;VV=v1.1.0	NT=sdrf-skills;VV=v0.2.0	CD16-positive, CD56-dim natural killer cell, human	CD2 and CD355 antibody-coated beads with interleukin-2
NK.dim_steady-state_cellular_01	Homo sapiens	blood	CD16-positive, CD56-dim natural killer cell, human	normal	cell	adult	not available	not available	not available	not available	untreated	not applicable	1	NK.dim_01steady-state	proteomic profiling by mass spectrometry	NT=Q Exactive HF;AC=MS:1002523	label free sample	NT=Data-dependent acquisition;AC=PRIDE:0000627	NT=HCD;AC=MS:1000422	26 NCE	300m/z-1650m/z	NT=orbitrap;AC=MS:1000484	NT=Trypsin;AC=MS:1001251	NT=Lys-C;AC=MS:1001309	NT=Dithiothreitol (DTT);AC=PRIDE:0000608	NT=Iodoacetamide (IAA);AC=PRIDE:0000599	NT=Carbamidomethyl;AC=UNIMOD:4;TA=C;MT=Fixed	NT=Oxidation;AC=UNIMOD:35;TA=M;MT=Variable	NT=Acetyl;AC=UNIMOD:1;PP=Protein N-term;MT=Variable	NT=Deamidated;AC=UNIMOD:7;TA=N,Q;MT=Variable	7 ppm	20 ppm	not applicable	nonlinear 5-60% buffer B (80% acetonitrile, 0.5% formic acid) over 180 min at 250 nl/min	1	1	NK.dim_01steady-state.raw	v1.1.0	NT=ms-proteomics;VV=v1.1.0	NT=human;VV=v1.1.0	NT=sdrf-skills;VV=v0.2.0	CD16-positive, CD56-dim natural killer cell, human	untreated
NK.dim_steady-state_cellular_02	Homo sapiens	blood	CD16-positive, CD56-dim natural killer cell, human	normal	cell	adult	not available	not available	not available	not available	untreated	not applicable	2	NK.dim_02steady-state	proteomic profiling by mass spectrometry	NT=Q Exactive HF;AC=MS:1002523	label free sample	NT=Data-dependent acquisition;AC=PRIDE:0000627	NT=HCD;AC=MS:1000422	26 NCE	300m/z-1650m/z	NT=orbitrap;AC=MS:1000484	NT=Trypsin;AC=MS:1001251	NT=Lys-C;AC=MS:1001309	NT=Dithiothreitol (DTT);AC=PRIDE:0000608	NT=Iodoacetamide (IAA);AC=PRIDE:0000599	NT=Carbamidomethyl;AC=UNIMOD:4;TA=C;MT=Fixed	NT=Oxidation;AC=UNIMOD:35;TA=M;MT=Variable	NT=Acetyl;AC=UNIMOD:1;PP=Protein N-term;MT=Variable	NT=Deamidated;AC=UNIMOD:7;TA=N,Q;MT=Variable	7 ppm	20 ppm	not applicable	nonlinear 5-60% buffer B (80% acetonitrile, 0.5% formic acid) over 180 min at 250 nl/min	1	1	NK.dim_02steady-state.raw	v1.1.0	NT=ms-proteomics;VV=v1.1.0	NT=human;VV=v1.1.0	NT=sdrf-skills;VV=v0.2.0	CD16-positive, CD56-dim natural killer cell, human	untreated
NK.dim_steady-state_cellular_03	Homo sapiens	blood	CD16-positive, CD56-dim natural killer cell, human	normal	cell	adult	not available	not available	not available	not available	untreated	not applicable	3	NK.dim_03steady-state	proteomic profiling by mass spectrometry	NT=Q Exactive HF;AC=MS:1002523	label free sample	NT=Data-dependent acquisition;AC=PRIDE:0000627	NT=HCD;AC=MS:1000422	26 NCE	300m/z-1650m/z	NT=orbitrap;AC=MS:1000484	NT=Trypsin;AC=MS:1001251	NT=Lys-C;AC=MS:1001309	NT=Dithiothreitol (DTT);AC=PRIDE:0000608	NT=Iodoacetamide (IAA);AC=PRIDE:0000599	NT=Carbamidomethyl;AC=UNIMOD:4;TA=C;MT=Fixed	NT=Oxidation;AC=UNIMOD:35;TA=M;MT=Variable	NT=Acetyl;AC=UNIMOD:1;PP=Protein N-term;MT=Variable	NT=Deamidated;AC=UNIMOD:7;TA=N,Q;MT=Variable	7 ppm	20 ppm	not applicable	nonlinear 5-60% buffer B (80% acetonitrile, 0.5% formic acid) over 180 min at 250 nl/min	1	1	NK.dim_03steady-state.raw	v1.1.0	NT=ms-proteomics;VV=v1.1.0	NT=human;VV=v1.1.0	NT=sdrf-skills;VV=v0.2.0	CD16-positive, CD56-dim natural killer cell, human	untreated
NK.dim_steady-state_cellular_04	Homo sapiens	blood	CD16-positive, CD56-dim natural killer cell, human	normal	cell	adult	not available	not available	not available	not available	untreated	not applicable	4	NK.dim_04steady-state	proteomic profiling by mass spectrometry	NT=Q Exactive HF;AC=MS:1002523	label free sample	NT=Data-dependent acquisition;AC=PRIDE:0000627	NT=HCD;AC=MS:1000422	26 NCE	300m/z-1650m/z	NT=orbitrap;AC=MS:1000484	NT=Trypsin;AC=MS:1001251	NT=Lys-C;AC=MS:1001309	NT=Dithiothreitol (DTT);AC=PRIDE:0000608	NT=Iodoacetamide (IAA);AC=PRIDE:0000599	NT=Carbamidomethyl;AC=UNIMOD:4;TA=C;MT=Fixed	NT=Oxidation;AC=UNIMOD:35;TA=M;MT=Variable	NT=Acetyl;AC=UNIMOD:1;PP=Protein N-term;MT=Variable	NT=Deamidated;AC=UNIMOD:7;TA=N,Q;MT=Variable	7 ppm	20 ppm	not applicable	nonlinear 5-60% buffer B (80% acetonitrile, 0.5% formic acid) over 180 min at 250 nl/min	1	1	NK.dim_04steady-state.raw	v1.1.0	NT=ms-proteomics;VV=v1.1.0	NT=human;VV=v1.1.0	NT=sdrf-skills;VV=v0.2.0	CD16-positive, CD56-dim natural killer cell, human	untreated
Neutrophil_steady-state_cellular_01	Homo sapiens	blood	neutrophil	normal	cell	adult	not available	not available	not available	not available	untreated	not applicable	1	Neutrophil_01steady-state	proteomic profiling by mass spectrometry	NT=Q Exactive HF;AC=MS:1002523	label free sample	NT=Data-dependent acquisition;AC=PRIDE:0000627	NT=HCD;AC=MS:1000422	26 NCE	300m/z-1650m/z	NT=orbitrap;AC=MS:1000484	NT=Trypsin;AC=MS:1001251	NT=Lys-C;AC=MS:1001309	NT=Dithiothreitol (DTT);AC=PRIDE:0000608	NT=Iodoacetamide (IAA);AC=PRIDE:0000599	NT=Carbamidomethyl;AC=UNIMOD:4;TA=C;MT=Fixed	NT=Oxidation;AC=UNIMOD:35;TA=M;MT=Variable	NT=Acetyl;AC=UNIMOD:1;PP=Protein N-term;MT=Variable	NT=Deamidated;AC=UNIMOD:7;TA=N,Q;MT=Variable	7 ppm	20 ppm	not applicable	nonlinear 5-60% buffer B (80% acetonitrile, 0.5% formic acid) over 180 min at 250 nl/min	1	1	Neutrophil_01steady-state.raw	v1.1.0	NT=ms-proteomics;VV=v1.1.0	NT=human;VV=v1.1.0	NT=sdrf-skills;VV=v0.2.0	neutrophil	untreated
Neutrophil_steady-state_cellular_01	Homo sapiens	blood	neutrophil	normal	cell	adult	not available	not available	not available	not available	untreated	not applicable	1	Library_single.shot_68steady-state	proteomic profiling by mass spectrometry	NT=Q Exactive HF;AC=MS:1002523	label free sample	NT=Data-dependent acquisition;AC=PRIDE:0000627	NT=HCD;AC=MS:1000422	26 NCE	300m/z-1650m/z	NT=orbitrap;AC=MS:1000484	NT=Trypsin;AC=MS:1001251	NT=Lys-C;AC=MS:1001309	NT=Dithiothreitol (DTT);AC=PRIDE:0000608	NT=Iodoacetamide (IAA);AC=PRIDE:0000599	NT=Carbamidomethyl;AC=UNIMOD:4;TA=C;MT=Fixed	NT=Oxidation;AC=UNIMOD:35;TA=M;MT=Variable	NT=Acetyl;AC=UNIMOD:1;PP=Protein N-term;MT=Variable	NT=Deamidated;AC=UNIMOD:7;TA=N,Q;MT=Variable	7 ppm	20 ppm	not applicable	nonlinear 5-60% buffer B (80% acetonitrile, 0.5% formic acid) over 180 min at 250 nl/min	1	2	Library_single.shot_68steady-state.raw	v1.1.0	NT=ms-proteomics;VV=v1.1.0	NT=human;VV=v1.1.0	NT=sdrf-skills;VV=v0.2.0	neutrophil	untreated
Neutrophil_steady-state_cellular_02	Homo sapiens	blood	neutrophil	normal	cell	adult	not available	not available	not available	not available	untreated	not applicable	2	Neutrophil_02steady-state	proteomic profiling by mass spectrometry	NT=Q Exactive HF;AC=MS:1002523	label free sample	NT=Data-dependent acquisition;AC=PRIDE:0000627	NT=HCD;AC=MS:1000422	26 NCE	300m/z-1650m/z	NT=orbitrap;AC=MS:1000484	NT=Trypsin;AC=MS:1001251	NT=Lys-C;AC=MS:1001309	NT=Dithiothreitol (DTT);AC=PRIDE:0000608	NT=Iodoacetamide (IAA);AC=PRIDE:0000599	NT=Carbamidomethyl;AC=UNIMOD:4;TA=C;MT=Fixed	NT=Oxidation;AC=UNIMOD:35;TA=M;MT=Variable	NT=Acetyl;AC=UNIMOD:1;PP=Protein N-term;MT=Variable	NT=Deamidated;AC=UNIMOD:7;TA=N,Q;MT=Variable	7 ppm	20 ppm	not applicable	nonlinear 5-60% buffer B (80% acetonitrile, 0.5% formic acid) over 180 min at 250 nl/min	1	1	Neutrophil_02steady-state.raw	v1.1.0	NT=ms-proteomics;VV=v1.1.0	NT=human;VV=v1.1.0	NT=sdrf-skills;VV=v0.2.0	neutrophil	untreated
Neutrophil_steady-state_cellular_02	Homo sapiens	blood	neutrophil	normal	cell	adult	not available	not available	not available	not available	untreated	not applicable	2	Library_single.shot_67steady-state	proteomic profiling by mass spectrometry	NT=Q Exactive HF;AC=MS:1002523	label free sample	NT=Data-dependent acquisition;AC=PRIDE:0000627	NT=HCD;AC=MS:1000422	26 NCE	300m/z-1650m/z	NT=orbitrap;AC=MS:1000484	NT=Trypsin;AC=MS:1001251	NT=Lys-C;AC=MS:1001309	NT=Dithiothreitol (DTT);AC=PRIDE:0000608	NT=Iodoacetamide (IAA);AC=PRIDE:0000599	NT=Carbamidomethyl;AC=UNIMOD:4;TA=C;MT=Fixed	NT=Oxidation;AC=UNIMOD:35;TA=M;MT=Variable	NT=Acetyl;AC=UNIMOD:1;PP=Protein N-term;MT=Variable	NT=Deamidated;AC=UNIMOD:7;TA=N,Q;MT=Variable	7 ppm	20 ppm	not applicable	nonlinear 5-60% buffer B (80% acetonitrile, 0.5% formic acid) over 180 min at 250 nl/min	1	2	Library_single.shot_67steady-state.raw	v1.1.0	NT=ms-proteomics;VV=v1.1.0	NT=human;VV=v1.1.0	NT=sdrf-skills;VV=v0.2.0	neutrophil	untreated
Neutrophil_steady-state_cellular_03	Homo sapiens	blood	neutrophil	normal	cell	adult	not available	not available	not available	not available	untreated	not applicable	3	Neutrophil_03steady-state	proteomic profiling by mass spectrometry	NT=Q Exactive HF;AC=MS:1002523	label free sample	NT=Data-dependent acquisition;AC=PRIDE:0000627	NT=HCD;AC=MS:1000422	26 NCE	300m/z-1650m/z	NT=orbitrap;AC=MS:1000484	NT=Trypsin;AC=MS:1001251	NT=Lys-C;AC=MS:1001309	NT=Dithiothreitol (DTT);AC=PRIDE:0000608	NT=Iodoacetamide (IAA);AC=PRIDE:0000599	NT=Carbamidomethyl;AC=UNIMOD:4;TA=C;MT=Fixed	NT=Oxidation;AC=UNIMOD:35;TA=M;MT=Variable	NT=Acetyl;AC=UNIMOD:1;PP=Protein N-term;MT=Variable	NT=Deamidated;AC=UNIMOD:7;TA=N,Q;MT=Variable	7 ppm	20 ppm	not applicable	nonlinear 5-60% buffer B (80% acetonitrile, 0.5% formic acid) over 180 min at 250 nl/min	1	1	Neutrophil_03steady-state.raw	v1.1.0	NT=ms-proteomics;VV=v1.1.0	NT=human;VV=v1.1.0	NT=sdrf-skills;VV=v0.2.0	neutrophil	untreated
Neutrophil_steady-state_cellular_03	Homo sapiens	blood	neutrophil	normal	cell	adult	not available	not available	not available	not available	untreated	not applicable	3	Library_single.shot_65steady-state	proteomic profiling by mass spectrometry	NT=Q Exactive HF;AC=MS:1002523	label free sample	NT=Data-dependent acquisition;AC=PRIDE:0000627	NT=HCD;AC=MS:1000422	26 NCE	300m/z-1650m/z	NT=orbitrap;AC=MS:1000484	NT=Trypsin;AC=MS:1001251	NT=Lys-C;AC=MS:1001309	NT=Dithiothreitol (DTT);AC=PRIDE:0000608	NT=Iodoacetamide (IAA);AC=PRIDE:0000599	NT=Carbamidomethyl;AC=UNIMOD:4;TA=C;MT=Fixed	NT=Oxidation;AC=UNIMOD:35;TA=M;MT=Variable	NT=Acetyl;AC=UNIMOD:1;PP=Protein N-term;MT=Variable	NT=Deamidated;AC=UNIMOD:7;TA=N,Q;MT=Variable	7 ppm	20 ppm	not applicable	nonlinear 5-60% buffer B (80% acetonitrile, 0.5% formic acid) over 180 min at 250 nl/min	1	2	Library_single.shot_65steady-state.raw	v1.1.0	NT=ms-proteomics;VV=v1.1.0	NT=human;VV=v1.1.0	NT=sdrf-skills;VV=v0.2.0	neutrophil	untreated
Neutrophil_steady-state_cellular_04	Homo sapiens	blood	neutrophil	normal	cell	adult	not available	not available	not available	not available	untreated	not applicable	4	Neutrophil_04steady-state	proteomic profiling by mass spectrometry	NT=Q Exactive HF;AC=MS:1002523	label free sample	NT=Data-dependent acquisition;AC=PRIDE:0000627	NT=HCD;AC=MS:1000422	26 NCE	300m/z-1650m/z	NT=orbitrap;AC=MS:1000484	NT=Trypsin;AC=MS:1001251	NT=Lys-C;AC=MS:1001309	NT=Dithiothreitol (DTT);AC=PRIDE:0000608	NT=Iodoacetamide (IAA);AC=PRIDE:0000599	NT=Carbamidomethyl;AC=UNIMOD:4;TA=C;MT=Fixed	NT=Oxidation;AC=UNIMOD:35;TA=M;MT=Variable	NT=Acetyl;AC=UNIMOD:1;PP=Protein N-term;MT=Variable	NT=Deamidated;AC=UNIMOD:7;TA=N,Q;MT=Variable	7 ppm	20 ppm	not applicable	nonlinear 5-60% buffer B (80% acetonitrile, 0.5% formic acid) over 180 min at 250 nl/min	1	1	Neutrophil_04steady-state.raw	v1.1.0	NT=ms-proteomics;VV=v1.1.0	NT=human;VV=v1.1.0	NT=sdrf-skills;VV=v0.2.0	neutrophil	untreated
Neutrophil_steady-state_cellular_04	Homo sapiens	blood	neutrophil	normal	cell	adult	not available	not available	not available	not available	untreated	not applicable	4	Library_single.shot_64steady-state	proteomic profiling by mass spectrometry	NT=Q Exactive HF;AC=MS:1002523	label free sample	NT=Data-dependent acquisition;AC=PRIDE:0000627	NT=HCD;AC=MS:1000422	26 NCE	300m/z-1650m/z	NT=orbitrap;AC=MS:1000484	NT=Trypsin;AC=MS:1001251	NT=Lys-C;AC=MS:1001309	NT=Dithiothreitol (DTT);AC=PRIDE:0000608	NT=Iodoacetamide (IAA);AC=PRIDE:0000599	NT=Carbamidomethyl;AC=UNIMOD:4;TA=C;MT=Fixed	NT=Oxidation;AC=UNIMOD:35;TA=M;MT=Variable	NT=Acetyl;AC=UNIMOD:1;PP=Protein N-term;MT=Variable	NT=Deamidated;AC=UNIMOD:7;TA=N,Q;MT=Variable	7 ppm	20 ppm	not applicable	nonlinear 5-60% buffer B (80% acetonitrile, 0.5% formic acid) over 180 min at 250 nl/min	1	2	Library_single.shot_64steady-state.raw	v1.1.0	NT=ms-proteomics;VV=v1.1.0	NT=human;VV=v1.1.0	NT=sdrf-skills;VV=v0.2.0	neutrophil	untreated
Neutrophil_steady-state_cellular_05	Homo sapiens	blood	neutrophil	normal	cell	adult	not available	not available	not available	not available	untreated	not applicable	5	Library_single.shot_70steady-state	proteomic profiling by mass spectrometry	NT=Q Exactive HF;AC=MS:1002523	label free sample	NT=Data-dependent acquisition;AC=PRIDE:0000627	NT=HCD;AC=MS:1000422	26 NCE	300m/z-1650m/z	NT=orbitrap;AC=MS:1000484	NT=Trypsin;AC=MS:1001251	NT=Lys-C;AC=MS:1001309	NT=Dithiothreitol (DTT);AC=PRIDE:0000608	NT=Iodoacetamide (IAA);AC=PRIDE:0000599	NT=Carbamidomethyl;AC=UNIMOD:4;TA=C;MT=Fixed	NT=Oxidation;AC=UNIMOD:35;TA=M;MT=Variable	NT=Acetyl;AC=UNIMOD:1;PP=Protein N-term;MT=Variable	NT=Deamidated;AC=UNIMOD:7;TA=N,Q;MT=Variable	7 ppm	20 ppm	not applicable	nonlinear 5-60% buffer B (80% acetonitrile, 0.5% formic acid) over 180 min at 250 nl/min	1	1	Library_single.shot_70steady-state.raw	v1.1.0	NT=ms-proteomics;VV=v1.1.0	NT=human;VV=v1.1.0	NT=sdrf-skills;VV=v0.2.0	neutrophil	untreated
Neutrophil_steady-state_cellular_05	Homo sapiens	blood	neutrophil	normal	cell	adult	not available	not available	not available	not available	untreated	not applicable	5	Library_single.shot_71steady-state	proteomic profiling by mass spectrometry	NT=Q Exactive HF;AC=MS:1002523	label free sample	NT=Data-dependent acquisition;AC=PRIDE:0000627	NT=HCD;AC=MS:1000422	26 NCE	300m/z-1650m/z	NT=orbitrap;AC=MS:1000484	NT=Trypsin;AC=MS:1001251	NT=Lys-C;AC=MS:1001309	NT=Dithiothreitol (DTT);AC=PRIDE:0000608	NT=Iodoacetamide (IAA);AC=PRIDE:0000599	NT=Carbamidomethyl;AC=UNIMOD:4;TA=C;MT=Fixed	NT=Oxidation;AC=UNIMOD:35;TA=M;MT=Variable	NT=Acetyl;AC=UNIMOD:1;PP=Protein N-term;MT=Variable	NT=Deamidated;AC=UNIMOD:7;TA=N,Q;MT=Variable	7 ppm	20 ppm	not applicable	nonlinear 5-60% buffer B (80% acetonitrile, 0.5% formic acid) over 180 min at 250 nl/min	1	2	Library_single.shot_71steady-state.raw	v1.1.0	NT=ms-proteomics;VV=v1.1.0	NT=human;VV=v1.1.0	NT=sdrf-skills;VV=v0.2.0	neutrophil	untreated
T4.CM_aCD3.aCD28.IL2_cellular_01	Homo sapiens	blood	central memory CD4-positive, alpha-beta T cell	normal	cell	adult	not available	not available	not available	not available	anti-CD3 and anti-CD28 antibody with interleukin-2	96 hour	1	T4.CM_01activated	proteomic profiling by mass spectrometry	NT=Q Exactive HF;AC=MS:1002523	label free sample	NT=Data-dependent acquisition;AC=PRIDE:0000627	NT=HCD;AC=MS:1000422	26 NCE	300m/z-1650m/z	NT=orbitrap;AC=MS:1000484	NT=Trypsin;AC=MS:1001251	NT=Lys-C;AC=MS:1001309	NT=Dithiothreitol (DTT);AC=PRIDE:0000608	NT=Iodoacetamide (IAA);AC=PRIDE:0000599	NT=Carbamidomethyl;AC=UNIMOD:4;TA=C;MT=Fixed	NT=Oxidation;AC=UNIMOD:35;TA=M;MT=Variable	NT=Acetyl;AC=UNIMOD:1;PP=Protein N-term;MT=Variable	NT=Deamidated;AC=UNIMOD:7;TA=N,Q;MT=Variable	7 ppm	20 ppm	not applicable	nonlinear 5-60% buffer B (80% acetonitrile, 0.5% formic acid) over 180 min at 250 nl/min	1	1	T4.CM_01activated.raw	v1.1.0	NT=ms-proteomics;VV=v1.1.0	NT=human;VV=v1.1.0	NT=sdrf-skills;VV=v0.2.0	central memory CD4-positive, alpha-beta T cell	anti-CD3 and anti-CD28 antibody with interleukin-2
T4.CM_aCD3.aCD28.IL2_cellular_02	Homo sapiens	blood	central memory CD4-positive, alpha-beta T cell	normal	cell	adult	not available	not available	not available	not available	anti-CD3 and anti-CD28 antibody with interleukin-2	96 hour	2	T4.CM_02activated	proteomic profiling by mass spectrometry	NT=Q Exactive HF;AC=MS:1002523	label free sample	NT=Data-dependent acquisition;AC=PRIDE:0000627	NT=HCD;AC=MS:1000422	26 NCE	300m/z-1650m/z	NT=orbitrap;AC=MS:1000484	NT=Trypsin;AC=MS:1001251	NT=Lys-C;AC=MS:1001309	NT=Dithiothreitol (DTT);AC=PRIDE:0000608	NT=Iodoacetamide (IAA);AC=PRIDE:0000599	NT=Carbamidomethyl;AC=UNIMOD:4;TA=C;MT=Fixed	NT=Oxidation;AC=UNIMOD:35;TA=M;MT=Variable	NT=Acetyl;AC=UNIMOD:1;PP=Protein N-term;MT=Variable	NT=Deamidated;AC=UNIMOD:7;TA=N,Q;MT=Variable	7 ppm	20 ppm	not applicable	nonlinear 5-60% buffer B (80% acetonitrile, 0.5% formic acid) over 180 min at 250 nl/min	1	1	T4.CM_02activated.raw	v1.1.0	NT=ms-proteomics;VV=v1.1.0	NT=human;VV=v1.1.0	NT=sdrf-skills;VV=v0.2.0	central memory CD4-positive, alpha-beta T cell	anti-CD3 and anti-CD28 antibody with interleukin-2
T4.CM_aCD3.aCD28.IL2_cellular_03	Homo sapiens	blood	central memory CD4-positive, alpha-beta T cell	normal	cell	adult	not available	not available	not available	not available	anti-CD3 and anti-CD28 antibody with interleukin-2	96 hour	3	T4.CM_03activated	proteomic profiling by mass spectrometry	NT=Q Exactive HF;AC=MS:1002523	label free sample	NT=Data-dependent acquisition;AC=PRIDE:0000627	NT=HCD;AC=MS:1000422	26 NCE	300m/z-1650m/z	NT=orbitrap;AC=MS:1000484	NT=Trypsin;AC=MS:1001251	NT=Lys-C;AC=MS:1001309	NT=Dithiothreitol (DTT);AC=PRIDE:0000608	NT=Iodoacetamide (IAA);AC=PRIDE:0000599	NT=Carbamidomethyl;AC=UNIMOD:4;TA=C;MT=Fixed	NT=Oxidation;AC=UNIMOD:35;TA=M;MT=Variable	NT=Acetyl;AC=UNIMOD:1;PP=Protein N-term;MT=Variable	NT=Deamidated;AC=UNIMOD:7;TA=N,Q;MT=Variable	7 ppm	20 ppm	not applicable	nonlinear 5-60% buffer B (80% acetonitrile, 0.5% formic acid) over 180 min at 250 nl/min	1	1	T4.CM_03activated.raw	v1.1.0	NT=ms-proteomics;VV=v1.1.0	NT=human;VV=v1.1.0	NT=sdrf-skills;VV=v0.2.0	central memory CD4-positive, alpha-beta T cell	anti-CD3 and anti-CD28 antibody with interleukin-2
T4.CM_aCD3.aCD28.IL2_cellular_04	Homo sapiens	blood	central memory CD4-positive, alpha-beta T cell	normal	cell	adult	not available	not available	not available	not available	anti-CD3 and anti-CD28 antibody with interleukin-2	96 hour	4	T4.CM_04activated	proteomic profiling by mass spectrometry	NT=Q Exactive HF;AC=MS:1002523	label free sample	NT=Data-dependent acquisition;AC=PRIDE:0000627	NT=HCD;AC=MS:1000422	26 NCE	300m/z-1650m/z	NT=orbitrap;AC=MS:1000484	NT=Trypsin;AC=MS:1001251	NT=Lys-C;AC=MS:1001309	NT=Dithiothreitol (DTT);AC=PRIDE:0000608	NT=Iodoacetamide (IAA);AC=PRIDE:0000599	NT=Carbamidomethyl;AC=UNIMOD:4;TA=C;MT=Fixed	NT=Oxidation;AC=UNIMOD:35;TA=M;MT=Variable	NT=Acetyl;AC=UNIMOD:1;PP=Protein N-term;MT=Variable	NT=Deamidated;AC=UNIMOD:7;TA=N,Q;MT=Variable	7 ppm	20 ppm	not applicable	nonlinear 5-60% buffer B (80% acetonitrile, 0.5% formic acid) over 180 min at 250 nl/min	1	1	T4.CM_04activated.raw	v1.1.0	NT=ms-proteomics;VV=v1.1.0	NT=human;VV=v1.1.0	NT=sdrf-skills;VV=v0.2.0	central memory CD4-positive, alpha-beta T cell	anti-CD3 and anti-CD28 antibody with interleukin-2
T4.CM_steady-state_cellular_01	Homo sapiens	blood	central memory CD4-positive, alpha-beta T cell	normal	cell	adult	not available	not available	not available	not available	untreated	not applicable	1	T4.CM_01steady-state	proteomic profiling by mass spectrometry	NT=Q Exactive HF;AC=MS:1002523	label free sample	NT=Data-dependent acquisition;AC=PRIDE:0000627	NT=HCD;AC=MS:1000422	26 NCE	300m/z-1650m/z	NT=orbitrap;AC=MS:1000484	NT=Trypsin;AC=MS:1001251	NT=Lys-C;AC=MS:1001309	NT=Dithiothreitol (DTT);AC=PRIDE:0000608	NT=Iodoacetamide (IAA);AC=PRIDE:0000599	NT=Carbamidomethyl;AC=UNIMOD:4;TA=C;MT=Fixed	NT=Oxidation;AC=UNIMOD:35;TA=M;MT=Variable	NT=Acetyl;AC=UNIMOD:1;PP=Protein N-term;MT=Variable	NT=Deamidated;AC=UNIMOD:7;TA=N,Q;MT=Variable	7 ppm	20 ppm	not applicable	nonlinear 5-60% buffer B (80% acetonitrile, 0.5% formic acid) over 180 min at 250 nl/min	1	1	T4.CM_01steady-state.raw	v1.1.0	NT=ms-proteomics;VV=v1.1.0	NT=human;VV=v1.1.0	NT=sdrf-skills;VV=v0.2.0	central memory CD4-positive, alpha-beta T cell	untreated
T4.CM_steady-state_cellular_02	Homo sapiens	blood	central memory CD4-positive, alpha-beta T cell	normal	cell	adult	not available	not available	not available	not available	untreated	not applicable	2	T4.CM_02steady-state	proteomic profiling by mass spectrometry	NT=Q Exactive HF;AC=MS:1002523	label free sample	NT=Data-dependent acquisition;AC=PRIDE:0000627	NT=HCD;AC=MS:1000422	26 NCE	300m/z-1650m/z	NT=orbitrap;AC=MS:1000484	NT=Trypsin;AC=MS:1001251	NT=Lys-C;AC=MS:1001309	NT=Dithiothreitol (DTT);AC=PRIDE:0000608	NT=Iodoacetamide (IAA);AC=PRIDE:0000599	NT=Carbamidomethyl;AC=UNIMOD:4;TA=C;MT=Fixed	NT=Oxidation;AC=UNIMOD:35;TA=M;MT=Variable	NT=Acetyl;AC=UNIMOD:1;PP=Protein N-term;MT=Variable	NT=Deamidated;AC=UNIMOD:7;TA=N,Q;MT=Variable	7 ppm	20 ppm	not applicable	nonlinear 5-60% buffer B (80% acetonitrile, 0.5% formic acid) over 180 min at 250 nl/min	1	1	T4.CM_02steady-state.raw	v1.1.0	NT=ms-proteomics;VV=v1.1.0	NT=human;VV=v1.1.0	NT=sdrf-skills;VV=v0.2.0	central memory CD4-positive, alpha-beta T cell	untreated
T4.CM_steady-state_cellular_03	Homo sapiens	blood	central memory CD4-positive, alpha-beta T cell	normal	cell	adult	not available	not available	not available	not available	untreated	not applicable	3	T4.CM_03steady-state	proteomic profiling by mass spectrometry	NT=Q Exactive HF;AC=MS:1002523	label free sample	NT=Data-dependent acquisition;AC=PRIDE:0000627	NT=HCD;AC=MS:1000422	26 NCE	300m/z-1650m/z	NT=orbitrap;AC=MS:1000484	NT=Trypsin;AC=MS:1001251	NT=Lys-C;AC=MS:1001309	NT=Dithiothreitol (DTT);AC=PRIDE:0000608	NT=Iodoacetamide (IAA);AC=PRIDE:0000599	NT=Carbamidomethyl;AC=UNIMOD:4;TA=C;MT=Fixed	NT=Oxidation;AC=UNIMOD:35;TA=M;MT=Variable	NT=Acetyl;AC=UNIMOD:1;PP=Protein N-term;MT=Variable	NT=Deamidated;AC=UNIMOD:7;TA=N,Q;MT=Variable	7 ppm	20 ppm	not applicable	nonlinear 5-60% buffer B (80% acetonitrile, 0.5% formic acid) over 180 min at 250 nl/min	1	1	T4.CM_03steady-state.raw	v1.1.0	NT=ms-proteomics;VV=v1.1.0	NT=human;VV=v1.1.0	NT=sdrf-skills;VV=v0.2.0	central memory CD4-positive, alpha-beta T cell	untreated
T4.CM_steady-state_cellular_04	Homo sapiens	blood	central memory CD4-positive, alpha-beta T cell	normal	cell	adult	not available	not available	not available	not available	untreated	not applicable	4	T4.CM_04steady-state	proteomic profiling by mass spectrometry	NT=Q Exactive HF;AC=MS:1002523	label free sample	NT=Data-dependent acquisition;AC=PRIDE:0000627	NT=HCD;AC=MS:1000422	26 NCE	300m/z-1650m/z	NT=orbitrap;AC=MS:1000484	NT=Trypsin;AC=MS:1001251	NT=Lys-C;AC=MS:1001309	NT=Dithiothreitol (DTT);AC=PRIDE:0000608	NT=Iodoacetamide (IAA);AC=PRIDE:0000599	NT=Carbamidomethyl;AC=UNIMOD:4;TA=C;MT=Fixed	NT=Oxidation;AC=UNIMOD:35;TA=M;MT=Variable	NT=Acetyl;AC=UNIMOD:1;PP=Protein N-term;MT=Variable	NT=Deamidated;AC=UNIMOD:7;TA=N,Q;MT=Variable	7 ppm	20 ppm	not applicable	nonlinear 5-60% buffer B (80% acetonitrile, 0.5% formic acid) over 180 min at 250 nl/min	1	1	T4.CM_04steady-state.raw	v1.1.0	NT=ms-proteomics;VV=v1.1.0	NT=human;VV=v1.1.0	NT=sdrf-skills;VV=v0.2.0	central memory CD4-positive, alpha-beta T cell	untreated
T4.CM_steady-state_cellular_05	Homo sapiens	blood	central memory CD4-positive, alpha-beta T cell	normal	cell	adult	not available	not available	not available	not available	untreated	not applicable	5	Library_single.shot_85steady-state	proteomic profiling by mass spectrometry	NT=Q Exactive HF;AC=MS:1002523	label free sample	NT=Data-dependent acquisition;AC=PRIDE:0000627	NT=HCD;AC=MS:1000422	26 NCE	300m/z-1650m/z	NT=orbitrap;AC=MS:1000484	NT=Trypsin;AC=MS:1001251	NT=Lys-C;AC=MS:1001309	NT=Dithiothreitol (DTT);AC=PRIDE:0000608	NT=Iodoacetamide (IAA);AC=PRIDE:0000599	NT=Carbamidomethyl;AC=UNIMOD:4;TA=C;MT=Fixed	NT=Oxidation;AC=UNIMOD:35;TA=M;MT=Variable	NT=Acetyl;AC=UNIMOD:1;PP=Protein N-term;MT=Variable	NT=Deamidated;AC=UNIMOD:7;TA=N,Q;MT=Variable	7 ppm	20 ppm	not applicable	nonlinear 5-60% buffer B (80% acetonitrile, 0.5% formic acid) over 180 min at 250 nl/min	1	1	Library_single.shot_85steady-state.raw	v1.1.0	NT=ms-proteomics;VV=v1.1.0	NT=human;VV=v1.1.0	NT=sdrf-skills;VV=v0.2.0	central memory CD4-positive, alpha-beta T cell	untreated
T4.EMRA_aCD3.aCD28.IL2_cellular_01	Homo sapiens	blood	effector memory CD4-positive, alpha-beta T cell, terminally differentiated	normal	cell	adult	not available	not available	not available	not available	anti-CD3 and anti-CD28 antibody with interleukin-2	96 hour	1	T4.EMRA_01activated	proteomic profiling by mass spectrometry	NT=Q Exactive HF;AC=MS:1002523	label free sample	NT=Data-dependent acquisition;AC=PRIDE:0000627	NT=HCD;AC=MS:1000422	26 NCE	300m/z-1650m/z	NT=orbitrap;AC=MS:1000484	NT=Trypsin;AC=MS:1001251	NT=Lys-C;AC=MS:1001309	NT=Dithiothreitol (DTT);AC=PRIDE:0000608	NT=Iodoacetamide (IAA);AC=PRIDE:0000599	NT=Carbamidomethyl;AC=UNIMOD:4;TA=C;MT=Fixed	NT=Oxidation;AC=UNIMOD:35;TA=M;MT=Variable	NT=Acetyl;AC=UNIMOD:1;PP=Protein N-term;MT=Variable	NT=Deamidated;AC=UNIMOD:7;TA=N,Q;MT=Variable	7 ppm	20 ppm	not applicable	nonlinear 5-60% buffer B (80% acetonitrile, 0.5% formic acid) over 180 min at 250 nl/min	1	1	T4.EMRA_01activated.raw	v1.1.0	NT=ms-proteomics;VV=v1.1.0	NT=human;VV=v1.1.0	NT=sdrf-skills;VV=v0.2.0	effector memory CD4-positive, alpha-beta T cell, terminally differentiated	anti-CD3 and anti-CD28 antibody with interleukin-2
T4.EMRA_aCD3.aCD28.IL2_cellular_02	Homo sapiens	blood	effector memory CD4-positive, alpha-beta T cell, terminally differentiated	normal	cell	adult	not available	not available	not available	not available	anti-CD3 and anti-CD28 antibody with interleukin-2	96 hour	2	T4.EMRA_02activated	proteomic profiling by mass spectrometry	NT=Q Exactive HF;AC=MS:1002523	label free sample	NT=Data-dependent acquisition;AC=PRIDE:0000627	NT=HCD;AC=MS:1000422	26 NCE	300m/z-1650m/z	NT=orbitrap;AC=MS:1000484	NT=Trypsin;AC=MS:1001251	NT=Lys-C;AC=MS:1001309	NT=Dithiothreitol (DTT);AC=PRIDE:0000608	NT=Iodoacetamide (IAA);AC=PRIDE:0000599	NT=Carbamidomethyl;AC=UNIMOD:4;TA=C;MT=Fixed	NT=Oxidation;AC=UNIMOD:35;TA=M;MT=Variable	NT=Acetyl;AC=UNIMOD:1;PP=Protein N-term;MT=Variable	NT=Deamidated;AC=UNIMOD:7;TA=N,Q;MT=Variable	7 ppm	20 ppm	not applicable	nonlinear 5-60% buffer B (80% acetonitrile, 0.5% formic acid) over 180 min at 250 nl/min	1	1	T4.EMRA_02activated.raw	v1.1.0	NT=ms-proteomics;VV=v1.1.0	NT=human;VV=v1.1.0	NT=sdrf-skills;VV=v0.2.0	effector memory CD4-positive, alpha-beta T cell, terminally differentiated	anti-CD3 and anti-CD28 antibody with interleukin-2
T4.EMRA_aCD3.aCD28.IL2_cellular_03	Homo sapiens	blood	effector memory CD4-positive, alpha-beta T cell, terminally differentiated	normal	cell	adult	not available	not available	not available	not available	anti-CD3 and anti-CD28 antibody with interleukin-2	96 hour	3	T4.EMRA_03activated	proteomic profiling by mass spectrometry	NT=Q Exactive HF;AC=MS:1002523	label free sample	NT=Data-dependent acquisition;AC=PRIDE:0000627	NT=HCD;AC=MS:1000422	26 NCE	300m/z-1650m/z	NT=orbitrap;AC=MS:1000484	NT=Trypsin;AC=MS:1001251	NT=Lys-C;AC=MS:1001309	NT=Dithiothreitol (DTT);AC=PRIDE:0000608	NT=Iodoacetamide (IAA);AC=PRIDE:0000599	NT=Carbamidomethyl;AC=UNIMOD:4;TA=C;MT=Fixed	NT=Oxidation;AC=UNIMOD:35;TA=M;MT=Variable	NT=Acetyl;AC=UNIMOD:1;PP=Protein N-term;MT=Variable	NT=Deamidated;AC=UNIMOD:7;TA=N,Q;MT=Variable	7 ppm	20 ppm	not applicable	nonlinear 5-60% buffer B (80% acetonitrile, 0.5% formic acid) over 180 min at 250 nl/min	1	1	T4.EMRA_03activated.raw	v1.1.0	NT=ms-proteomics;VV=v1.1.0	NT=human;VV=v1.1.0	NT=sdrf-skills;VV=v0.2.0	effector memory CD4-positive, alpha-beta T cell, terminally differentiated	anti-CD3 and anti-CD28 antibody with interleukin-2
T4.EMRA_aCD3.aCD28.IL2_cellular_04	Homo sapiens	blood	effector memory CD4-positive, alpha-beta T cell, terminally differentiated	normal	cell	adult	not available	not available	not available	not available	anti-CD3 and anti-CD28 antibody with interleukin-2	96 hour	4	T4.EMRA_04activated	proteomic profiling by mass spectrometry	NT=Q Exactive HF;AC=MS:1002523	label free sample	NT=Data-dependent acquisition;AC=PRIDE:0000627	NT=HCD;AC=MS:1000422	26 NCE	300m/z-1650m/z	NT=orbitrap;AC=MS:1000484	NT=Trypsin;AC=MS:1001251	NT=Lys-C;AC=MS:1001309	NT=Dithiothreitol (DTT);AC=PRIDE:0000608	NT=Iodoacetamide (IAA);AC=PRIDE:0000599	NT=Carbamidomethyl;AC=UNIMOD:4;TA=C;MT=Fixed	NT=Oxidation;AC=UNIMOD:35;TA=M;MT=Variable	NT=Acetyl;AC=UNIMOD:1;PP=Protein N-term;MT=Variable	NT=Deamidated;AC=UNIMOD:7;TA=N,Q;MT=Variable	7 ppm	20 ppm	not applicable	nonlinear 5-60% buffer B (80% acetonitrile, 0.5% formic acid) over 180 min at 250 nl/min	1	1	T4.EMRA_04activated.raw	v1.1.0	NT=ms-proteomics;VV=v1.1.0	NT=human;VV=v1.1.0	NT=sdrf-skills;VV=v0.2.0	effector memory CD4-positive, alpha-beta T cell, terminally differentiated	anti-CD3 and anti-CD28 antibody with interleukin-2
T4.EMRA_aCD3.aCD28.IL2_cellular_05	Homo sapiens	blood	effector memory CD4-positive, alpha-beta T cell, terminally differentiated	normal	cell	adult	not available	not available	not available	not available	anti-CD3 and anti-CD28 antibody with interleukin-2	96 hour	5	Library_single.shot_1activated	proteomic profiling by mass spectrometry	NT=Q Exactive HF;AC=MS:1002523	label free sample	NT=Data-dependent acquisition;AC=PRIDE:0000627	NT=HCD;AC=MS:1000422	26 NCE	300m/z-1650m/z	NT=orbitrap;AC=MS:1000484	NT=Trypsin;AC=MS:1001251	NT=Lys-C;AC=MS:1001309	NT=Dithiothreitol (DTT);AC=PRIDE:0000608	NT=Iodoacetamide (IAA);AC=PRIDE:0000599	NT=Carbamidomethyl;AC=UNIMOD:4;TA=C;MT=Fixed	NT=Oxidation;AC=UNIMOD:35;TA=M;MT=Variable	NT=Acetyl;AC=UNIMOD:1;PP=Protein N-term;MT=Variable	NT=Deamidated;AC=UNIMOD:7;TA=N,Q;MT=Variable	7 ppm	20 ppm	not applicable	nonlinear 5-60% buffer B (80% acetonitrile, 0.5% formic acid) over 180 min at 250 nl/min	1	1	Library_single.shot_1activated.raw	v1.1.0	NT=ms-proteomics;VV=v1.1.0	NT=human;VV=v1.1.0	NT=sdrf-skills;VV=v0.2.0	effector memory CD4-positive, alpha-beta T cell, terminally differentiated	anti-CD3 and anti-CD28 antibody with interleukin-2
T4.EMRA_aCD3.aCD28.IL2_secretome_01	Homo sapiens	blood	effector memory CD4-positive, alpha-beta T cell, terminally differentiated	normal	not applicable	adult	not available	not available	not available	not available	anti-CD3 and anti-CD28 antibody with interleukin-2	96 hour	1	20150112_EXQ00_JaRi_SA_Sups_TCD4emra_p_01	proteomic profiling by mass spectrometry	NT=Q Exactive HF;AC=MS:1002523	label free sample	NT=Data-dependent acquisition;AC=PRIDE:0000627	NT=HCD;AC=MS:1000422	26 NCE	300m/z-1650m/z	NT=orbitrap;AC=MS:1000484	NT=Trypsin;AC=MS:1001251	NT=Lys-C;AC=MS:1001309	NT=Dithiothreitol (DTT);AC=PRIDE:0000608	NT=Iodoacetamide (IAA);AC=PRIDE:0000599	NT=Carbamidomethyl;AC=UNIMOD:4;TA=C;MT=Fixed	NT=Oxidation;AC=UNIMOD:35;TA=M;MT=Variable	NT=Acetyl;AC=UNIMOD:1;PP=Protein N-term;MT=Variable	NT=Deamidated;AC=UNIMOD:7;TA=N,Q;MT=Variable	7 ppm	20 ppm	not applicable	120 min gradient	1	1	20150112_EXQ00_JaRi_SA_Sups_TCD4emra_p_01.raw	v1.1.0	NT=ms-proteomics;VV=v1.1.0	NT=human;VV=v1.1.0	NT=sdrf-skills;VV=v0.2.0	effector memory CD4-positive, alpha-beta T cell, terminally differentiated	anti-CD3 and anti-CD28 antibody with interleukin-2
T4.EMRA_aCD3.aCD28.IL2_secretome_02	Homo sapiens	blood	effector memory CD4-positive, alpha-beta T cell, terminally differentiated	normal	not applicable	adult	not available	not available	not available	not available	anti-CD3 and anti-CD28 antibody with interleukin-2	96 hour	2	20150112_EXQ00_JaRi_SA_Sups_TCD4emra_p_02	proteomic profiling by mass spectrometry	NT=Q Exactive HF;AC=MS:1002523	label free sample	NT=Data-dependent acquisition;AC=PRIDE:0000627	NT=HCD;AC=MS:1000422	26 NCE	300m/z-1650m/z	NT=orbitrap;AC=MS:1000484	NT=Trypsin;AC=MS:1001251	NT=Lys-C;AC=MS:1001309	NT=Dithiothreitol (DTT);AC=PRIDE:0000608	NT=Iodoacetamide (IAA);AC=PRIDE:0000599	NT=Carbamidomethyl;AC=UNIMOD:4;TA=C;MT=Fixed	NT=Oxidation;AC=UNIMOD:35;TA=M;MT=Variable	NT=Acetyl;AC=UNIMOD:1;PP=Protein N-term;MT=Variable	NT=Deamidated;AC=UNIMOD:7;TA=N,Q;MT=Variable	7 ppm	20 ppm	not applicable	120 min gradient	1	1	20150112_EXQ00_JaRi_SA_Sups_TCD4emra_p_02.raw	v1.1.0	NT=ms-proteomics;VV=v1.1.0	NT=human;VV=v1.1.0	NT=sdrf-skills;VV=v0.2.0	effector memory CD4-positive, alpha-beta T cell, terminally differentiated	anti-CD3 and anti-CD28 antibody with interleukin-2
T4.EMRA_aCD3.aCD28.IL2_secretome_03	Homo sapiens	blood	effector memory CD4-positive, alpha-beta T cell, terminally differentiated	normal	not applicable	adult	not available	not available	not available	not available	anti-CD3 and anti-CD28 antibody with interleukin-2	96 hour	3	20150112_EXQ00_JaRi_SA_Sups_TCD4emra_p_03	proteomic profiling by mass spectrometry	NT=Q Exactive HF;AC=MS:1002523	label free sample	NT=Data-dependent acquisition;AC=PRIDE:0000627	NT=HCD;AC=MS:1000422	26 NCE	300m/z-1650m/z	NT=orbitrap;AC=MS:1000484	NT=Trypsin;AC=MS:1001251	NT=Lys-C;AC=MS:1001309	NT=Dithiothreitol (DTT);AC=PRIDE:0000608	NT=Iodoacetamide (IAA);AC=PRIDE:0000599	NT=Carbamidomethyl;AC=UNIMOD:4;TA=C;MT=Fixed	NT=Oxidation;AC=UNIMOD:35;TA=M;MT=Variable	NT=Acetyl;AC=UNIMOD:1;PP=Protein N-term;MT=Variable	NT=Deamidated;AC=UNIMOD:7;TA=N,Q;MT=Variable	7 ppm	20 ppm	not applicable	120 min gradient	1	1	20150112_EXQ00_JaRi_SA_Sups_TCD4emra_p_03.raw	v1.1.0	NT=ms-proteomics;VV=v1.1.0	NT=human;VV=v1.1.0	NT=sdrf-skills;VV=v0.2.0	effector memory CD4-positive, alpha-beta T cell, terminally differentiated	anti-CD3 and anti-CD28 antibody with interleukin-2
T4.EMRA_steady-state_cellular_01	Homo sapiens	blood	effector memory CD4-positive, alpha-beta T cell, terminally differentiated	normal	cell	adult	not available	not available	not available	not available	untreated	not applicable	1	T4.EMRA_01steady-state	proteomic profiling by mass spectrometry	NT=Q Exactive HF;AC=MS:1002523	label free sample	NT=Data-dependent acquisition;AC=PRIDE:0000627	NT=HCD;AC=MS:1000422	26 NCE	300m/z-1650m/z	NT=orbitrap;AC=MS:1000484	NT=Trypsin;AC=MS:1001251	NT=Lys-C;AC=MS:1001309	NT=Dithiothreitol (DTT);AC=PRIDE:0000608	NT=Iodoacetamide (IAA);AC=PRIDE:0000599	NT=Carbamidomethyl;AC=UNIMOD:4;TA=C;MT=Fixed	NT=Oxidation;AC=UNIMOD:35;TA=M;MT=Variable	NT=Acetyl;AC=UNIMOD:1;PP=Protein N-term;MT=Variable	NT=Deamidated;AC=UNIMOD:7;TA=N,Q;MT=Variable	7 ppm	20 ppm	not applicable	nonlinear 5-60% buffer B (80% acetonitrile, 0.5% formic acid) over 180 min at 250 nl/min	1	1	T4.EMRA_01steady-state.raw	v1.1.0	NT=ms-proteomics;VV=v1.1.0	NT=human;VV=v1.1.0	NT=sdrf-skills;VV=v0.2.0	effector memory CD4-positive, alpha-beta T cell, terminally differentiated	untreated
T4.EMRA_steady-state_cellular_02	Homo sapiens	blood	effector memory CD4-positive, alpha-beta T cell, terminally differentiated	normal	cell	adult	not available	not available	not available	not available	untreated	not applicable	2	T4.EMRA_02steady-state	proteomic profiling by mass spectrometry	NT=Q Exactive HF;AC=MS:1002523	label free sample	NT=Data-dependent acquisition;AC=PRIDE:0000627	NT=HCD;AC=MS:1000422	26 NCE	300m/z-1650m/z	NT=orbitrap;AC=MS:1000484	NT=Trypsin;AC=MS:1001251	NT=Lys-C;AC=MS:1001309	NT=Dithiothreitol (DTT);AC=PRIDE:0000608	NT=Iodoacetamide (IAA);AC=PRIDE:0000599	NT=Carbamidomethyl;AC=UNIMOD:4;TA=C;MT=Fixed	NT=Oxidation;AC=UNIMOD:35;TA=M;MT=Variable	NT=Acetyl;AC=UNIMOD:1;PP=Protein N-term;MT=Variable	NT=Deamidated;AC=UNIMOD:7;TA=N,Q;MT=Variable	7 ppm	20 ppm	not applicable	nonlinear 5-60% buffer B (80% acetonitrile, 0.5% formic acid) over 180 min at 250 nl/min	1	1	T4.EMRA_02steady-state.raw	v1.1.0	NT=ms-proteomics;VV=v1.1.0	NT=human;VV=v1.1.0	NT=sdrf-skills;VV=v0.2.0	effector memory CD4-positive, alpha-beta T cell, terminally differentiated	untreated
T4.EMRA_steady-state_cellular_03	Homo sapiens	blood	effector memory CD4-positive, alpha-beta T cell, terminally differentiated	normal	cell	adult	not available	not available	not available	not available	untreated	not applicable	3	T4.EMRA_03steady-state	proteomic profiling by mass spectrometry	NT=Q Exactive HF;AC=MS:1002523	label free sample	NT=Data-dependent acquisition;AC=PRIDE:0000627	NT=HCD;AC=MS:1000422	26 NCE	300m/z-1650m/z	NT=orbitrap;AC=MS:1000484	NT=Trypsin;AC=MS:1001251	NT=Lys-C;AC=MS:1001309	NT=Dithiothreitol (DTT);AC=PRIDE:0000608	NT=Iodoacetamide (IAA);AC=PRIDE:0000599	NT=Carbamidomethyl;AC=UNIMOD:4;TA=C;MT=Fixed	NT=Oxidation;AC=UNIMOD:35;TA=M;MT=Variable	NT=Acetyl;AC=UNIMOD:1;PP=Protein N-term;MT=Variable	NT=Deamidated;AC=UNIMOD:7;TA=N,Q;MT=Variable	7 ppm	20 ppm	not applicable	nonlinear 5-60% buffer B (80% acetonitrile, 0.5% formic acid) over 180 min at 250 nl/min	1	1	T4.EMRA_03steady-state.raw	v1.1.0	NT=ms-proteomics;VV=v1.1.0	NT=human;VV=v1.1.0	NT=sdrf-skills;VV=v0.2.0	effector memory CD4-positive, alpha-beta T cell, terminally differentiated	untreated
T4.EMRA_steady-state_cellular_04	Homo sapiens	blood	effector memory CD4-positive, alpha-beta T cell, terminally differentiated	normal	cell	adult	not available	not available	not available	not available	untreated	not applicable	4	T4.EMRA_04steady-state	proteomic profiling by mass spectrometry	NT=Q Exactive HF;AC=MS:1002523	label free sample	NT=Data-dependent acquisition;AC=PRIDE:0000627	NT=HCD;AC=MS:1000422	26 NCE	300m/z-1650m/z	NT=orbitrap;AC=MS:1000484	NT=Trypsin;AC=MS:1001251	NT=Lys-C;AC=MS:1001309	NT=Dithiothreitol (DTT);AC=PRIDE:0000608	NT=Iodoacetamide (IAA);AC=PRIDE:0000599	NT=Carbamidomethyl;AC=UNIMOD:4;TA=C;MT=Fixed	NT=Oxidation;AC=UNIMOD:35;TA=M;MT=Variable	NT=Acetyl;AC=UNIMOD:1;PP=Protein N-term;MT=Variable	NT=Deamidated;AC=UNIMOD:7;TA=N,Q;MT=Variable	7 ppm	20 ppm	not applicable	nonlinear 5-60% buffer B (80% acetonitrile, 0.5% formic acid) over 180 min at 250 nl/min	1	1	T4.EMRA_04steady-state.raw	v1.1.0	NT=ms-proteomics;VV=v1.1.0	NT=human;VV=v1.1.0	NT=sdrf-skills;VV=v0.2.0	effector memory CD4-positive, alpha-beta T cell, terminally differentiated	untreated
T4.EMRA_steady-state_cellular_05	Homo sapiens	blood	effector memory CD4-positive, alpha-beta T cell, terminally differentiated	normal	cell	adult	not available	not available	not available	not available	untreated	not applicable	5	Library_single.shot_12steady-state	proteomic profiling by mass spectrometry	NT=Q Exactive HF;AC=MS:1002523	label free sample	NT=Data-dependent acquisition;AC=PRIDE:0000627	NT=HCD;AC=MS:1000422	26 NCE	300m/z-1650m/z	NT=orbitrap;AC=MS:1000484	NT=Trypsin;AC=MS:1001251	NT=Lys-C;AC=MS:1001309	NT=Dithiothreitol (DTT);AC=PRIDE:0000608	NT=Iodoacetamide (IAA);AC=PRIDE:0000599	NT=Carbamidomethyl;AC=UNIMOD:4;TA=C;MT=Fixed	NT=Oxidation;AC=UNIMOD:35;TA=M;MT=Variable	NT=Acetyl;AC=UNIMOD:1;PP=Protein N-term;MT=Variable	NT=Deamidated;AC=UNIMOD:7;TA=N,Q;MT=Variable	7 ppm	20 ppm	not applicable	nonlinear 5-60% buffer B (80% acetonitrile, 0.5% formic acid) over 180 min at 250 nl/min	1	1	Library_single.shot_12steady-state.raw	v1.1.0	NT=ms-proteomics;VV=v1.1.0	NT=human;VV=v1.1.0	NT=sdrf-skills;VV=v0.2.0	effector memory CD4-positive, alpha-beta T cell, terminally differentiated	untreated
T4.EMRA_unstim_secretome_01	Homo sapiens	blood	effector memory CD4-positive, alpha-beta T cell, terminally differentiated	normal	not applicable	adult	not available	not available	not available	not available	untreated	not available	1	20150112_EXQ00_JaRi_SA_Sups_TCD4emra_n_01	proteomic profiling by mass spectrometry	NT=Q Exactive HF;AC=MS:1002523	label free sample	NT=Data-dependent acquisition;AC=PRIDE:0000627	NT=HCD;AC=MS:1000422	26 NCE	300m/z-1650m/z	NT=orbitrap;AC=MS:1000484	NT=Trypsin;AC=MS:1001251	NT=Lys-C;AC=MS:1001309	NT=Dithiothreitol (DTT);AC=PRIDE:0000608	NT=Iodoacetamide (IAA);AC=PRIDE:0000599	NT=Carbamidomethyl;AC=UNIMOD:4;TA=C;MT=Fixed	NT=Oxidation;AC=UNIMOD:35;TA=M;MT=Variable	NT=Acetyl;AC=UNIMOD:1;PP=Protein N-term;MT=Variable	NT=Deamidated;AC=UNIMOD:7;TA=N,Q;MT=Variable	7 ppm	20 ppm	not applicable	120 min gradient	1	1	20150112_EXQ00_JaRi_SA_Sups_TCD4emra_n_01.raw	v1.1.0	NT=ms-proteomics;VV=v1.1.0	NT=human;VV=v1.1.0	NT=sdrf-skills;VV=v0.2.0	effector memory CD4-positive, alpha-beta T cell, terminally differentiated	untreated
T4.EMRA_unstim_secretome_02	Homo sapiens	blood	effector memory CD4-positive, alpha-beta T cell, terminally differentiated	normal	not applicable	adult	not available	not available	not available	not available	untreated	not available	2	20150112_EXQ00_JaRi_SA_Sups_TCD4emra_n_02	proteomic profiling by mass spectrometry	NT=Q Exactive HF;AC=MS:1002523	label free sample	NT=Data-dependent acquisition;AC=PRIDE:0000627	NT=HCD;AC=MS:1000422	26 NCE	300m/z-1650m/z	NT=orbitrap;AC=MS:1000484	NT=Trypsin;AC=MS:1001251	NT=Lys-C;AC=MS:1001309	NT=Dithiothreitol (DTT);AC=PRIDE:0000608	NT=Iodoacetamide (IAA);AC=PRIDE:0000599	NT=Carbamidomethyl;AC=UNIMOD:4;TA=C;MT=Fixed	NT=Oxidation;AC=UNIMOD:35;TA=M;MT=Variable	NT=Acetyl;AC=UNIMOD:1;PP=Protein N-term;MT=Variable	NT=Deamidated;AC=UNIMOD:7;TA=N,Q;MT=Variable	7 ppm	20 ppm	not applicable	120 min gradient	1	1	20150112_EXQ00_JaRi_SA_Sups_TCD4emra_n_02.raw	v1.1.0	NT=ms-proteomics;VV=v1.1.0	NT=human;VV=v1.1.0	NT=sdrf-skills;VV=v0.2.0	effector memory CD4-positive, alpha-beta T cell, terminally differentiated	untreated
T4.EMRA_unstim_secretome_03	Homo sapiens	blood	effector memory CD4-positive, alpha-beta T cell, terminally differentiated	normal	not applicable	adult	not available	not available	not available	not available	untreated	not available	3	20150112_EXQ00_JaRi_SA_Sups_TCD4emra_n_03	proteomic profiling by mass spectrometry	NT=Q Exactive HF;AC=MS:1002523	label free sample	NT=Data-dependent acquisition;AC=PRIDE:0000627	NT=HCD;AC=MS:1000422	26 NCE	300m/z-1650m/z	NT=orbitrap;AC=MS:1000484	NT=Trypsin;AC=MS:1001251	NT=Lys-C;AC=MS:1001309	NT=Dithiothreitol (DTT);AC=PRIDE:0000608	NT=Iodoacetamide (IAA);AC=PRIDE:0000599	NT=Carbamidomethyl;AC=UNIMOD:4;TA=C;MT=Fixed	NT=Oxidation;AC=UNIMOD:35;TA=M;MT=Variable	NT=Acetyl;AC=UNIMOD:1;PP=Protein N-term;MT=Variable	NT=Deamidated;AC=UNIMOD:7;TA=N,Q;MT=Variable	7 ppm	20 ppm	not applicable	120 min gradient	1	1	20150112_EXQ00_JaRi_SA_Sups_TCD4emra_n_03.raw	v1.1.0	NT=ms-proteomics;VV=v1.1.0	NT=human;VV=v1.1.0	NT=sdrf-skills;VV=v0.2.0	effector memory CD4-positive, alpha-beta T cell, terminally differentiated	untreated
T4.EM_aCD3.aCD28.IL2_cellular_01	Homo sapiens	blood	effector memory CD4-positive, alpha-beta T cell	normal	cell	adult	not available	not available	not available	not available	anti-CD3 and anti-CD28 antibody with interleukin-2	96 hour	1	T4.EM_01activated	proteomic profiling by mass spectrometry	NT=Q Exactive HF;AC=MS:1002523	label free sample	NT=Data-dependent acquisition;AC=PRIDE:0000627	NT=HCD;AC=MS:1000422	26 NCE	300m/z-1650m/z	NT=orbitrap;AC=MS:1000484	NT=Trypsin;AC=MS:1001251	NT=Lys-C;AC=MS:1001309	NT=Dithiothreitol (DTT);AC=PRIDE:0000608	NT=Iodoacetamide (IAA);AC=PRIDE:0000599	NT=Carbamidomethyl;AC=UNIMOD:4;TA=C;MT=Fixed	NT=Oxidation;AC=UNIMOD:35;TA=M;MT=Variable	NT=Acetyl;AC=UNIMOD:1;PP=Protein N-term;MT=Variable	NT=Deamidated;AC=UNIMOD:7;TA=N,Q;MT=Variable	7 ppm	20 ppm	not applicable	nonlinear 5-60% buffer B (80% acetonitrile, 0.5% formic acid) over 180 min at 250 nl/min	1	1	T4.EM_01activated.raw	v1.1.0	NT=ms-proteomics;VV=v1.1.0	NT=human;VV=v1.1.0	NT=sdrf-skills;VV=v0.2.0	effector memory CD4-positive, alpha-beta T cell	anti-CD3 and anti-CD28 antibody with interleukin-2
T4.EM_aCD3.aCD28.IL2_cellular_02	Homo sapiens	blood	effector memory CD4-positive, alpha-beta T cell	normal	cell	adult	not available	not available	not available	not available	anti-CD3 and anti-CD28 antibody with interleukin-2	96 hour	2	T4.EM_02activated	proteomic profiling by mass spectrometry	NT=Q Exactive HF;AC=MS:1002523	label free sample	NT=Data-dependent acquisition;AC=PRIDE:0000627	NT=HCD;AC=MS:1000422	26 NCE	300m/z-1650m/z	NT=orbitrap;AC=MS:1000484	NT=Trypsin;AC=MS:1001251	NT=Lys-C;AC=MS:1001309	NT=Dithiothreitol (DTT);AC=PRIDE:0000608	NT=Iodoacetamide (IAA);AC=PRIDE:0000599	NT=Carbamidomethyl;AC=UNIMOD:4;TA=C;MT=Fixed	NT=Oxidation;AC=UNIMOD:35;TA=M;MT=Variable	NT=Acetyl;AC=UNIMOD:1;PP=Protein N-term;MT=Variable	NT=Deamidated;AC=UNIMOD:7;TA=N,Q;MT=Variable	7 ppm	20 ppm	not applicable	nonlinear 5-60% buffer B (80% acetonitrile, 0.5% formic acid) over 180 min at 250 nl/min	1	1	T4.EM_02activated.raw	v1.1.0	NT=ms-proteomics;VV=v1.1.0	NT=human;VV=v1.1.0	NT=sdrf-skills;VV=v0.2.0	effector memory CD4-positive, alpha-beta T cell	anti-CD3 and anti-CD28 antibody with interleukin-2
T4.EM_aCD3.aCD28.IL2_cellular_03	Homo sapiens	blood	effector memory CD4-positive, alpha-beta T cell	normal	cell	adult	not available	not available	not available	not available	anti-CD3 and anti-CD28 antibody with interleukin-2	96 hour	3	T4.EM_03activated	proteomic profiling by mass spectrometry	NT=Q Exactive HF;AC=MS:1002523	label free sample	NT=Data-dependent acquisition;AC=PRIDE:0000627	NT=HCD;AC=MS:1000422	26 NCE	300m/z-1650m/z	NT=orbitrap;AC=MS:1000484	NT=Trypsin;AC=MS:1001251	NT=Lys-C;AC=MS:1001309	NT=Dithiothreitol (DTT);AC=PRIDE:0000608	NT=Iodoacetamide (IAA);AC=PRIDE:0000599	NT=Carbamidomethyl;AC=UNIMOD:4;TA=C;MT=Fixed	NT=Oxidation;AC=UNIMOD:35;TA=M;MT=Variable	NT=Acetyl;AC=UNIMOD:1;PP=Protein N-term;MT=Variable	NT=Deamidated;AC=UNIMOD:7;TA=N,Q;MT=Variable	7 ppm	20 ppm	not applicable	nonlinear 5-60% buffer B (80% acetonitrile, 0.5% formic acid) over 180 min at 250 nl/min	1	1	T4.EM_03activated.raw	v1.1.0	NT=ms-proteomics;VV=v1.1.0	NT=human;VV=v1.1.0	NT=sdrf-skills;VV=v0.2.0	effector memory CD4-positive, alpha-beta T cell	anti-CD3 and anti-CD28 antibody with interleukin-2
T4.EM_aCD3.aCD28.IL2_cellular_04	Homo sapiens	blood	effector memory CD4-positive, alpha-beta T cell	normal	cell	adult	not available	not available	not available	not available	anti-CD3 and anti-CD28 antibody with interleukin-2	96 hour	4	T4.EM_04activated	proteomic profiling by mass spectrometry	NT=Q Exactive HF;AC=MS:1002523	label free sample	NT=Data-dependent acquisition;AC=PRIDE:0000627	NT=HCD;AC=MS:1000422	26 NCE	300m/z-1650m/z	NT=orbitrap;AC=MS:1000484	NT=Trypsin;AC=MS:1001251	NT=Lys-C;AC=MS:1001309	NT=Dithiothreitol (DTT);AC=PRIDE:0000608	NT=Iodoacetamide (IAA);AC=PRIDE:0000599	NT=Carbamidomethyl;AC=UNIMOD:4;TA=C;MT=Fixed	NT=Oxidation;AC=UNIMOD:35;TA=M;MT=Variable	NT=Acetyl;AC=UNIMOD:1;PP=Protein N-term;MT=Variable	NT=Deamidated;AC=UNIMOD:7;TA=N,Q;MT=Variable	7 ppm	20 ppm	not applicable	nonlinear 5-60% buffer B (80% acetonitrile, 0.5% formic acid) over 180 min at 250 nl/min	1	1	T4.EM_04activated.raw	v1.1.0	NT=ms-proteomics;VV=v1.1.0	NT=human;VV=v1.1.0	NT=sdrf-skills;VV=v0.2.0	effector memory CD4-positive, alpha-beta T cell	anti-CD3 and anti-CD28 antibody with interleukin-2
T4.EM_steady-state_cellular_01	Homo sapiens	blood	effector memory CD4-positive, alpha-beta T cell	normal	cell	adult	not available	not available	not available	not available	untreated	not applicable	1	T4.EM_01steady-state	proteomic profiling by mass spectrometry	NT=Q Exactive HF;AC=MS:1002523	label free sample	NT=Data-dependent acquisition;AC=PRIDE:0000627	NT=HCD;AC=MS:1000422	26 NCE	300m/z-1650m/z	NT=orbitrap;AC=MS:1000484	NT=Trypsin;AC=MS:1001251	NT=Lys-C;AC=MS:1001309	NT=Dithiothreitol (DTT);AC=PRIDE:0000608	NT=Iodoacetamide (IAA);AC=PRIDE:0000599	NT=Carbamidomethyl;AC=UNIMOD:4;TA=C;MT=Fixed	NT=Oxidation;AC=UNIMOD:35;TA=M;MT=Variable	NT=Acetyl;AC=UNIMOD:1;PP=Protein N-term;MT=Variable	NT=Deamidated;AC=UNIMOD:7;TA=N,Q;MT=Variable	7 ppm	20 ppm	not applicable	nonlinear 5-60% buffer B (80% acetonitrile, 0.5% formic acid) over 180 min at 250 nl/min	1	1	T4.EM_01steady-state.raw	v1.1.0	NT=ms-proteomics;VV=v1.1.0	NT=human;VV=v1.1.0	NT=sdrf-skills;VV=v0.2.0	effector memory CD4-positive, alpha-beta T cell	untreated
T4.EM_steady-state_cellular_02	Homo sapiens	blood	effector memory CD4-positive, alpha-beta T cell	normal	cell	adult	not available	not available	not available	not available	untreated	not applicable	2	T4.EM_02steady-state	proteomic profiling by mass spectrometry	NT=Q Exactive HF;AC=MS:1002523	label free sample	NT=Data-dependent acquisition;AC=PRIDE:0000627	NT=HCD;AC=MS:1000422	26 NCE	300m/z-1650m/z	NT=orbitrap;AC=MS:1000484	NT=Trypsin;AC=MS:1001251	NT=Lys-C;AC=MS:1001309	NT=Dithiothreitol (DTT);AC=PRIDE:0000608	NT=Iodoacetamide (IAA);AC=PRIDE:0000599	NT=Carbamidomethyl;AC=UNIMOD:4;TA=C;MT=Fixed	NT=Oxidation;AC=UNIMOD:35;TA=M;MT=Variable	NT=Acetyl;AC=UNIMOD:1;PP=Protein N-term;MT=Variable	NT=Deamidated;AC=UNIMOD:7;TA=N,Q;MT=Variable	7 ppm	20 ppm	not applicable	nonlinear 5-60% buffer B (80% acetonitrile, 0.5% formic acid) over 180 min at 250 nl/min	1	1	T4.EM_02steady-state.raw	v1.1.0	NT=ms-proteomics;VV=v1.1.0	NT=human;VV=v1.1.0	NT=sdrf-skills;VV=v0.2.0	effector memory CD4-positive, alpha-beta T cell	untreated
T4.EM_steady-state_cellular_03	Homo sapiens	blood	effector memory CD4-positive, alpha-beta T cell	normal	cell	adult	not available	not available	not available	not available	untreated	not applicable	3	T4.EM_03steady-state	proteomic profiling by mass spectrometry	NT=Q Exactive HF;AC=MS:1002523	label free sample	NT=Data-dependent acquisition;AC=PRIDE:0000627	NT=HCD;AC=MS:1000422	26 NCE	300m/z-1650m/z	NT=orbitrap;AC=MS:1000484	NT=Trypsin;AC=MS:1001251	NT=Lys-C;AC=MS:1001309	NT=Dithiothreitol (DTT);AC=PRIDE:0000608	NT=Iodoacetamide (IAA);AC=PRIDE:0000599	NT=Carbamidomethyl;AC=UNIMOD:4;TA=C;MT=Fixed	NT=Oxidation;AC=UNIMOD:35;TA=M;MT=Variable	NT=Acetyl;AC=UNIMOD:1;PP=Protein N-term;MT=Variable	NT=Deamidated;AC=UNIMOD:7;TA=N,Q;MT=Variable	7 ppm	20 ppm	not applicable	nonlinear 5-60% buffer B (80% acetonitrile, 0.5% formic acid) over 180 min at 250 nl/min	1	1	T4.EM_03steady-state.raw	v1.1.0	NT=ms-proteomics;VV=v1.1.0	NT=human;VV=v1.1.0	NT=sdrf-skills;VV=v0.2.0	effector memory CD4-positive, alpha-beta T cell	untreated
T4.EM_steady-state_cellular_04	Homo sapiens	blood	effector memory CD4-positive, alpha-beta T cell	normal	cell	adult	not available	not available	not available	not available	untreated	not applicable	4	T4.EM_04steady-state	proteomic profiling by mass spectrometry	NT=Q Exactive HF;AC=MS:1002523	label free sample	NT=Data-dependent acquisition;AC=PRIDE:0000627	NT=HCD;AC=MS:1000422	26 NCE	300m/z-1650m/z	NT=orbitrap;AC=MS:1000484	NT=Trypsin;AC=MS:1001251	NT=Lys-C;AC=MS:1001309	NT=Dithiothreitol (DTT);AC=PRIDE:0000608	NT=Iodoacetamide (IAA);AC=PRIDE:0000599	NT=Carbamidomethyl;AC=UNIMOD:4;TA=C;MT=Fixed	NT=Oxidation;AC=UNIMOD:35;TA=M;MT=Variable	NT=Acetyl;AC=UNIMOD:1;PP=Protein N-term;MT=Variable	NT=Deamidated;AC=UNIMOD:7;TA=N,Q;MT=Variable	7 ppm	20 ppm	not applicable	nonlinear 5-60% buffer B (80% acetonitrile, 0.5% formic acid) over 180 min at 250 nl/min	1	1	T4.EM_04steady-state.raw	v1.1.0	NT=ms-proteomics;VV=v1.1.0	NT=human;VV=v1.1.0	NT=sdrf-skills;VV=v0.2.0	effector memory CD4-positive, alpha-beta T cell	untreated
T4.EM_steady-state_cellular_05	Homo sapiens	blood	effector memory CD4-positive, alpha-beta T cell	normal	cell	adult	not available	not available	not available	not available	untreated	not applicable	5	Library_single.shot_84steady-state	proteomic profiling by mass spectrometry	NT=Q Exactive HF;AC=MS:1002523	label free sample	NT=Data-dependent acquisition;AC=PRIDE:0000627	NT=HCD;AC=MS:1000422	26 NCE	300m/z-1650m/z	NT=orbitrap;AC=MS:1000484	NT=Trypsin;AC=MS:1001251	NT=Lys-C;AC=MS:1001309	NT=Dithiothreitol (DTT);AC=PRIDE:0000608	NT=Iodoacetamide (IAA);AC=PRIDE:0000599	NT=Carbamidomethyl;AC=UNIMOD:4;TA=C;MT=Fixed	NT=Oxidation;AC=UNIMOD:35;TA=M;MT=Variable	NT=Acetyl;AC=UNIMOD:1;PP=Protein N-term;MT=Variable	NT=Deamidated;AC=UNIMOD:7;TA=N,Q;MT=Variable	7 ppm	20 ppm	not applicable	nonlinear 5-60% buffer B (80% acetonitrile, 0.5% formic acid) over 180 min at 250 nl/min	1	1	Library_single.shot_84steady-state.raw	v1.1.0	NT=ms-proteomics;VV=v1.1.0	NT=human;VV=v1.1.0	NT=sdrf-skills;VV=v0.2.0	effector memory CD4-positive, alpha-beta T cell	untreated
T4.memory_aCD3.aCD28.IL2_secretome_01	Homo sapiens	blood	CD4-positive, alpha-beta memory T cell	normal	not applicable	adult	not available	not available	not available	Do132	anti-CD3 and anti-CD28 antibody with interleukin-2	not available	1	20131115_EXQ2_JaRi_SA_Do132_Memory_Free_Act_01	proteomic profiling by mass spectrometry	NT=Q Exactive;AC=MS:1001911	label free sample	NT=Data-dependent acquisition;AC=PRIDE:0000627	NT=HCD;AC=MS:1000422	not available	300m/z-1650m/z	NT=orbitrap;AC=MS:1000484	NT=Trypsin;AC=MS:1001251	NT=Lys-C;AC=MS:1001309	NT=Dithiothreitol (DTT);AC=PRIDE:0000608	NT=Iodoacetamide (IAA);AC=PRIDE:0000599	NT=Carbamidomethyl;AC=UNIMOD:4;TA=C;MT=Fixed	NT=Oxidation;AC=UNIMOD:35;TA=M;MT=Variable	NT=Acetyl;AC=UNIMOD:1;PP=Protein N-term;MT=Variable	NT=Deamidated;AC=UNIMOD:7;TA=N,Q;MT=Variable	7 ppm	20 ppm	not applicable	120 min gradient	1	1	20131115_EXQ2_JaRi_SA_Do132_Memory_Free_Act_01.raw	v1.1.0	NT=ms-proteomics;VV=v1.1.0	NT=human;VV=v1.1.0	NT=sdrf-skills;VV=v0.2.0	CD4-positive, alpha-beta memory T cell	anti-CD3 and anti-CD28 antibody with interleukin-2
T4.memory_aCD3.aCD28.IL2_secretome_02	Homo sapiens	blood	CD4-positive, alpha-beta memory T cell	normal	not applicable	adult	not available	not available	not available	Do133	anti-CD3 and anti-CD28 antibody with interleukin-2	not available	2	20131115_EXQ2_JaRi_SA_Do133_Memory_Free_Act_01	proteomic profiling by mass spectrometry	NT=Q Exactive;AC=MS:1001911	label free sample	NT=Data-dependent acquisition;AC=PRIDE:0000627	NT=HCD;AC=MS:1000422	not available	300m/z-1650m/z	NT=orbitrap;AC=MS:1000484	NT=Trypsin;AC=MS:1001251	NT=Lys-C;AC=MS:1001309	NT=Dithiothreitol (DTT);AC=PRIDE:0000608	NT=Iodoacetamide (IAA);AC=PRIDE:0000599	NT=Carbamidomethyl;AC=UNIMOD:4;TA=C;MT=Fixed	NT=Oxidation;AC=UNIMOD:35;TA=M;MT=Variable	NT=Acetyl;AC=UNIMOD:1;PP=Protein N-term;MT=Variable	NT=Deamidated;AC=UNIMOD:7;TA=N,Q;MT=Variable	7 ppm	20 ppm	not applicable	120 min gradient	1	1	20131115_EXQ2_JaRi_SA_Do133_Memory_Free_Act_01.raw	v1.1.0	NT=ms-proteomics;VV=v1.1.0	NT=human;VV=v1.1.0	NT=sdrf-skills;VV=v0.2.0	CD4-positive, alpha-beta memory T cell	anti-CD3 and anti-CD28 antibody with interleukin-2
T4.memory_aCD3.aCD28.IL2_secretome_03	Homo sapiens	blood	CD4-positive, alpha-beta memory T cell	normal	not applicable	adult	not available	not available	not available	Do132	anti-CD3 and anti-CD28 antibody with interleukin-2	not available	1	20131115_EXQ2_JaRi_SA_Do132_Memory_Free_Act_02	proteomic profiling by mass spectrometry	NT=Q Exactive;AC=MS:1001911	label free sample	NT=Data-dependent acquisition;AC=PRIDE:0000627	NT=HCD;AC=MS:1000422	not available	300m/z-1650m/z	NT=orbitrap;AC=MS:1000484	NT=Trypsin;AC=MS:1001251	NT=Lys-C;AC=MS:1001309	NT=Dithiothreitol (DTT);AC=PRIDE:0000608	NT=Iodoacetamide (IAA);AC=PRIDE:0000599	NT=Carbamidomethyl;AC=UNIMOD:4;TA=C;MT=Fixed	NT=Oxidation;AC=UNIMOD:35;TA=M;MT=Variable	NT=Acetyl;AC=UNIMOD:1;PP=Protein N-term;MT=Variable	NT=Deamidated;AC=UNIMOD:7;TA=N,Q;MT=Variable	7 ppm	20 ppm	not applicable	120 min gradient	1	1	20131115_EXQ2_JaRi_SA_Do132_Memory_Free_Act_02.raw	v1.1.0	NT=ms-proteomics;VV=v1.1.0	NT=human;VV=v1.1.0	NT=sdrf-skills;VV=v0.2.0	CD4-positive, alpha-beta memory T cell	anti-CD3 and anti-CD28 antibody with interleukin-2
T4.memory_aCD3.aCD28.IL2_secretome_04	Homo sapiens	blood	CD4-positive, alpha-beta memory T cell	normal	not applicable	adult	not available	not available	not available	Do133	anti-CD3 and anti-CD28 antibody with interleukin-2	not available	2	20131115_EXQ2_JaRi_SA_Do133_Memory_Free_Act_02	proteomic profiling by mass spectrometry	NT=Q Exactive;AC=MS:1001911	label free sample	NT=Data-dependent acquisition;AC=PRIDE:0000627	NT=HCD;AC=MS:1000422	not available	300m/z-1650m/z	NT=orbitrap;AC=MS:1000484	NT=Trypsin;AC=MS:1001251	NT=Lys-C;AC=MS:1001309	NT=Dithiothreitol (DTT);AC=PRIDE:0000608	NT=Iodoacetamide (IAA);AC=PRIDE:0000599	NT=Carbamidomethyl;AC=UNIMOD:4;TA=C;MT=Fixed	NT=Oxidation;AC=UNIMOD:35;TA=M;MT=Variable	NT=Acetyl;AC=UNIMOD:1;PP=Protein N-term;MT=Variable	NT=Deamidated;AC=UNIMOD:7;TA=N,Q;MT=Variable	7 ppm	20 ppm	not applicable	120 min gradient	1	1	20131115_EXQ2_JaRi_SA_Do133_Memory_Free_Act_02.raw	v1.1.0	NT=ms-proteomics;VV=v1.1.0	NT=human;VV=v1.1.0	NT=sdrf-skills;VV=v0.2.0	CD4-positive, alpha-beta memory T cell	anti-CD3 and anti-CD28 antibody with interleukin-2
T4.memory_aCD3.aCD28.IL2_secretome_05	Homo sapiens	blood	CD4-positive, alpha-beta memory T cell	normal	not applicable	adult	not available	not available	not available	Do132	anti-CD3 and anti-CD28 antibody with interleukin-2	not available	1	20131115_EXQ2_JaRi_SA_Do132_Memory_Free_Act_03	proteomic profiling by mass spectrometry	NT=Q Exactive;AC=MS:1001911	label free sample	NT=Data-dependent acquisition;AC=PRIDE:0000627	NT=HCD;AC=MS:1000422	not available	300m/z-1650m/z	NT=orbitrap;AC=MS:1000484	NT=Trypsin;AC=MS:1001251	NT=Lys-C;AC=MS:1001309	NT=Dithiothreitol (DTT);AC=PRIDE:0000608	NT=Iodoacetamide (IAA);AC=PRIDE:0000599	NT=Carbamidomethyl;AC=UNIMOD:4;TA=C;MT=Fixed	NT=Oxidation;AC=UNIMOD:35;TA=M;MT=Variable	NT=Acetyl;AC=UNIMOD:1;PP=Protein N-term;MT=Variable	NT=Deamidated;AC=UNIMOD:7;TA=N,Q;MT=Variable	7 ppm	20 ppm	not applicable	120 min gradient	1	1	20131115_EXQ2_JaRi_SA_Do132_Memory_Free_Act_03.raw	v1.1.0	NT=ms-proteomics;VV=v1.1.0	NT=human;VV=v1.1.0	NT=sdrf-skills;VV=v0.2.0	CD4-positive, alpha-beta memory T cell	anti-CD3 and anti-CD28 antibody with interleukin-2
T4.memory_aCD3.aCD28.IL2_secretome_06	Homo sapiens	blood	CD4-positive, alpha-beta memory T cell	normal	not applicable	adult	not available	not available	not available	Do133	anti-CD3 and anti-CD28 antibody with interleukin-2	not available	2	20131115_EXQ2_JaRi_SA_Do133_Memory_Free_Act_03	proteomic profiling by mass spectrometry	NT=Q Exactive;AC=MS:1001911	label free sample	NT=Data-dependent acquisition;AC=PRIDE:0000627	NT=HCD;AC=MS:1000422	not available	300m/z-1650m/z	NT=orbitrap;AC=MS:1000484	NT=Trypsin;AC=MS:1001251	NT=Lys-C;AC=MS:1001309	NT=Dithiothreitol (DTT);AC=PRIDE:0000608	NT=Iodoacetamide (IAA);AC=PRIDE:0000599	NT=Carbamidomethyl;AC=UNIMOD:4;TA=C;MT=Fixed	NT=Oxidation;AC=UNIMOD:35;TA=M;MT=Variable	NT=Acetyl;AC=UNIMOD:1;PP=Protein N-term;MT=Variable	NT=Deamidated;AC=UNIMOD:7;TA=N,Q;MT=Variable	7 ppm	20 ppm	not applicable	120 min gradient	1	1	20131115_EXQ2_JaRi_SA_Do133_Memory_Free_Act_03.raw	v1.1.0	NT=ms-proteomics;VV=v1.1.0	NT=human;VV=v1.1.0	NT=sdrf-skills;VV=v0.2.0	CD4-positive, alpha-beta memory T cell	anti-CD3 and anti-CD28 antibody with interleukin-2
T4.memory_unstim_secretome_01	Homo sapiens	blood	CD4-positive, alpha-beta memory T cell	normal	not applicable	adult	not available	not available	not available	Do132	untreated	not available	1	20131115_EXQ2_JaRi_SA_Do132_Memory_Free_CTL_01	proteomic profiling by mass spectrometry	NT=Q Exactive;AC=MS:1001911	label free sample	NT=Data-dependent acquisition;AC=PRIDE:0000627	NT=HCD;AC=MS:1000422	not available	300m/z-1650m/z	NT=orbitrap;AC=MS:1000484	NT=Trypsin;AC=MS:1001251	NT=Lys-C;AC=MS:1001309	NT=Dithiothreitol (DTT);AC=PRIDE:0000608	NT=Iodoacetamide (IAA);AC=PRIDE:0000599	NT=Carbamidomethyl;AC=UNIMOD:4;TA=C;MT=Fixed	NT=Oxidation;AC=UNIMOD:35;TA=M;MT=Variable	NT=Acetyl;AC=UNIMOD:1;PP=Protein N-term;MT=Variable	NT=Deamidated;AC=UNIMOD:7;TA=N,Q;MT=Variable	7 ppm	20 ppm	not applicable	120 min gradient	1	1	20131115_EXQ2_JaRi_SA_Do132_Memory_Free_CTL_01.raw	v1.1.0	NT=ms-proteomics;VV=v1.1.0	NT=human;VV=v1.1.0	NT=sdrf-skills;VV=v0.2.0	CD4-positive, alpha-beta memory T cell	untreated
T4.memory_unstim_secretome_02	Homo sapiens	blood	CD4-positive, alpha-beta memory T cell	normal	not applicable	adult	not available	not available	not available	Do133	untreated	not available	2	20131115_EXQ2_JaRi_SA_Do133_Memory_Free_CTL_01	proteomic profiling by mass spectrometry	NT=Q Exactive;AC=MS:1001911	label free sample	NT=Data-dependent acquisition;AC=PRIDE:0000627	NT=HCD;AC=MS:1000422	not available	300m/z-1650m/z	NT=orbitrap;AC=MS:1000484	NT=Trypsin;AC=MS:1001251	NT=Lys-C;AC=MS:1001309	NT=Dithiothreitol (DTT);AC=PRIDE:0000608	NT=Iodoacetamide (IAA);AC=PRIDE:0000599	NT=Carbamidomethyl;AC=UNIMOD:4;TA=C;MT=Fixed	NT=Oxidation;AC=UNIMOD:35;TA=M;MT=Variable	NT=Acetyl;AC=UNIMOD:1;PP=Protein N-term;MT=Variable	NT=Deamidated;AC=UNIMOD:7;TA=N,Q;MT=Variable	7 ppm	20 ppm	not applicable	120 min gradient	1	1	20131115_EXQ2_JaRi_SA_Do133_Memory_Free_CTL_01.raw	v1.1.0	NT=ms-proteomics;VV=v1.1.0	NT=human;VV=v1.1.0	NT=sdrf-skills;VV=v0.2.0	CD4-positive, alpha-beta memory T cell	untreated
T4.memory_unstim_secretome_03	Homo sapiens	blood	CD4-positive, alpha-beta memory T cell	normal	not applicable	adult	not available	not available	not available	Do132	untreated	not available	1	20131115_EXQ2_JaRi_SA_Do132_Memory_Free_CTL_02	proteomic profiling by mass spectrometry	NT=Q Exactive;AC=MS:1001911	label free sample	NT=Data-dependent acquisition;AC=PRIDE:0000627	NT=HCD;AC=MS:1000422	not available	300m/z-1650m/z	NT=orbitrap;AC=MS:1000484	NT=Trypsin;AC=MS:1001251	NT=Lys-C;AC=MS:1001309	NT=Dithiothreitol (DTT);AC=PRIDE:0000608	NT=Iodoacetamide (IAA);AC=PRIDE:0000599	NT=Carbamidomethyl;AC=UNIMOD:4;TA=C;MT=Fixed	NT=Oxidation;AC=UNIMOD:35;TA=M;MT=Variable	NT=Acetyl;AC=UNIMOD:1;PP=Protein N-term;MT=Variable	NT=Deamidated;AC=UNIMOD:7;TA=N,Q;MT=Variable	7 ppm	20 ppm	not applicable	120 min gradient	1	1	20131115_EXQ2_JaRi_SA_Do132_Memory_Free_CTL_02.raw	v1.1.0	NT=ms-proteomics;VV=v1.1.0	NT=human;VV=v1.1.0	NT=sdrf-skills;VV=v0.2.0	CD4-positive, alpha-beta memory T cell	untreated
T4.memory_unstim_secretome_04	Homo sapiens	blood	CD4-positive, alpha-beta memory T cell	normal	not applicable	adult	not available	not available	not available	Do133	untreated	not available	2	20131115_EXQ2_JaRi_SA_Do133_Memory_Free_CTL_02	proteomic profiling by mass spectrometry	NT=Q Exactive;AC=MS:1001911	label free sample	NT=Data-dependent acquisition;AC=PRIDE:0000627	NT=HCD;AC=MS:1000422	not available	300m/z-1650m/z	NT=orbitrap;AC=MS:1000484	NT=Trypsin;AC=MS:1001251	NT=Lys-C;AC=MS:1001309	NT=Dithiothreitol (DTT);AC=PRIDE:0000608	NT=Iodoacetamide (IAA);AC=PRIDE:0000599	NT=Carbamidomethyl;AC=UNIMOD:4;TA=C;MT=Fixed	NT=Oxidation;AC=UNIMOD:35;TA=M;MT=Variable	NT=Acetyl;AC=UNIMOD:1;PP=Protein N-term;MT=Variable	NT=Deamidated;AC=UNIMOD:7;TA=N,Q;MT=Variable	7 ppm	20 ppm	not applicable	120 min gradient	1	1	20131115_EXQ2_JaRi_SA_Do133_Memory_Free_CTL_02.raw	v1.1.0	NT=ms-proteomics;VV=v1.1.0	NT=human;VV=v1.1.0	NT=sdrf-skills;VV=v0.2.0	CD4-positive, alpha-beta memory T cell	untreated
T4.memory_unstim_secretome_05	Homo sapiens	blood	CD4-positive, alpha-beta memory T cell	normal	not applicable	adult	not available	not available	not available	Do132	untreated	not available	1	20131115_EXQ2_JaRi_SA_Do132_Memory_Free_CTL_03	proteomic profiling by mass spectrometry	NT=Q Exactive;AC=MS:1001911	label free sample	NT=Data-dependent acquisition;AC=PRIDE:0000627	NT=HCD;AC=MS:1000422	not available	300m/z-1650m/z	NT=orbitrap;AC=MS:1000484	NT=Trypsin;AC=MS:1001251	NT=Lys-C;AC=MS:1001309	NT=Dithiothreitol (DTT);AC=PRIDE:0000608	NT=Iodoacetamide (IAA);AC=PRIDE:0000599	NT=Carbamidomethyl;AC=UNIMOD:4;TA=C;MT=Fixed	NT=Oxidation;AC=UNIMOD:35;TA=M;MT=Variable	NT=Acetyl;AC=UNIMOD:1;PP=Protein N-term;MT=Variable	NT=Deamidated;AC=UNIMOD:7;TA=N,Q;MT=Variable	7 ppm	20 ppm	not applicable	120 min gradient	1	1	20131115_EXQ2_JaRi_SA_Do132_Memory_Free_CTL_03.raw	v1.1.0	NT=ms-proteomics;VV=v1.1.0	NT=human;VV=v1.1.0	NT=sdrf-skills;VV=v0.2.0	CD4-positive, alpha-beta memory T cell	untreated
T4.memory_unstim_secretome_06	Homo sapiens	blood	CD4-positive, alpha-beta memory T cell	normal	not applicable	adult	not available	not available	not available	Do133	untreated	not available	2	20131115_EXQ2_JaRi_SA_Do133_Memory_Free_CTL_03	proteomic profiling by mass spectrometry	NT=Q Exactive;AC=MS:1001911	label free sample	NT=Data-dependent acquisition;AC=PRIDE:0000627	NT=HCD;AC=MS:1000422	not available	300m/z-1650m/z	NT=orbitrap;AC=MS:1000484	NT=Trypsin;AC=MS:1001251	NT=Lys-C;AC=MS:1001309	NT=Dithiothreitol (DTT);AC=PRIDE:0000608	NT=Iodoacetamide (IAA);AC=PRIDE:0000599	NT=Carbamidomethyl;AC=UNIMOD:4;TA=C;MT=Fixed	NT=Oxidation;AC=UNIMOD:35;TA=M;MT=Variable	NT=Acetyl;AC=UNIMOD:1;PP=Protein N-term;MT=Variable	NT=Deamidated;AC=UNIMOD:7;TA=N,Q;MT=Variable	7 ppm	20 ppm	not applicable	120 min gradient	1	1	20131115_EXQ2_JaRi_SA_Do133_Memory_Free_CTL_03.raw	v1.1.0	NT=ms-proteomics;VV=v1.1.0	NT=human;VV=v1.1.0	NT=sdrf-skills;VV=v0.2.0	CD4-positive, alpha-beta memory T cell	untreated
T4.naive_aCD3.aCD28.IL2_cellular_01	Homo sapiens	blood	naive thymus-derived CD4-positive, alpha-beta T cell	normal	cell	adult	not available	not available	not available	not available	anti-CD3 and anti-CD28 antibody with interleukin-2	96 hour	1	T4.naive_01activated	proteomic profiling by mass spectrometry	NT=Q Exactive HF;AC=MS:1002523	label free sample	NT=Data-dependent acquisition;AC=PRIDE:0000627	NT=HCD;AC=MS:1000422	26 NCE	300m/z-1650m/z	NT=orbitrap;AC=MS:1000484	NT=Trypsin;AC=MS:1001251	NT=Lys-C;AC=MS:1001309	NT=Dithiothreitol (DTT);AC=PRIDE:0000608	NT=Iodoacetamide (IAA);AC=PRIDE:0000599	NT=Carbamidomethyl;AC=UNIMOD:4;TA=C;MT=Fixed	NT=Oxidation;AC=UNIMOD:35;TA=M;MT=Variable	NT=Acetyl;AC=UNIMOD:1;PP=Protein N-term;MT=Variable	NT=Deamidated;AC=UNIMOD:7;TA=N,Q;MT=Variable	7 ppm	20 ppm	not applicable	nonlinear 5-60% buffer B (80% acetonitrile, 0.5% formic acid) over 180 min at 250 nl/min	1	1	T4.naive_01activated.raw	v1.1.0	NT=ms-proteomics;VV=v1.1.0	NT=human;VV=v1.1.0	NT=sdrf-skills;VV=v0.2.0	naive thymus-derived CD4-positive, alpha-beta T cell	anti-CD3 and anti-CD28 antibody with interleukin-2
T4.naive_aCD3.aCD28.IL2_cellular_01	Homo sapiens	blood	naive thymus-derived CD4-positive, alpha-beta T cell	normal	cell	adult	not available	not available	not available	not available	anti-CD3 and anti-CD28 antibody with interleukin-2	96 hour	1	Library_single.shot_31activated	proteomic profiling by mass spectrometry	NT=Q Exactive HF;AC=MS:1002523	label free sample	NT=Data-dependent acquisition;AC=PRIDE:0000627	NT=HCD;AC=MS:1000422	26 NCE	300m/z-1650m/z	NT=orbitrap;AC=MS:1000484	NT=Trypsin;AC=MS:1001251	NT=Lys-C;AC=MS:1001309	NT=Dithiothreitol (DTT);AC=PRIDE:0000608	NT=Iodoacetamide (IAA);AC=PRIDE:0000599	NT=Carbamidomethyl;AC=UNIMOD:4;TA=C;MT=Fixed	NT=Oxidation;AC=UNIMOD:35;TA=M;MT=Variable	NT=Acetyl;AC=UNIMOD:1;PP=Protein N-term;MT=Variable	NT=Deamidated;AC=UNIMOD:7;TA=N,Q;MT=Variable	7 ppm	20 ppm	not applicable	nonlinear 5-60% buffer B (80% acetonitrile, 0.5% formic acid) over 180 min at 250 nl/min	1	2	Library_single.shot_31activated.raw	v1.1.0	NT=ms-proteomics;VV=v1.1.0	NT=human;VV=v1.1.0	NT=sdrf-skills;VV=v0.2.0	naive thymus-derived CD4-positive, alpha-beta T cell	anti-CD3 and anti-CD28 antibody with interleukin-2
T4.naive_aCD3.aCD28.IL2_cellular_02	Homo sapiens	blood	naive thymus-derived CD4-positive, alpha-beta T cell	normal	cell	adult	not available	not available	not available	not available	anti-CD3 and anti-CD28 antibody with interleukin-2	96 hour	2	T4.naive_02activated	proteomic profiling by mass spectrometry	NT=Q Exactive HF;AC=MS:1002523	label free sample	NT=Data-dependent acquisition;AC=PRIDE:0000627	NT=HCD;AC=MS:1000422	26 NCE	300m/z-1650m/z	NT=orbitrap;AC=MS:1000484	NT=Trypsin;AC=MS:1001251	NT=Lys-C;AC=MS:1001309	NT=Dithiothreitol (DTT);AC=PRIDE:0000608	NT=Iodoacetamide (IAA);AC=PRIDE:0000599	NT=Carbamidomethyl;AC=UNIMOD:4;TA=C;MT=Fixed	NT=Oxidation;AC=UNIMOD:35;TA=M;MT=Variable	NT=Acetyl;AC=UNIMOD:1;PP=Protein N-term;MT=Variable	NT=Deamidated;AC=UNIMOD:7;TA=N,Q;MT=Variable	7 ppm	20 ppm	not applicable	nonlinear 5-60% buffer B (80% acetonitrile, 0.5% formic acid) over 180 min at 250 nl/min	1	1	T4.naive_02activated.raw	v1.1.0	NT=ms-proteomics;VV=v1.1.0	NT=human;VV=v1.1.0	NT=sdrf-skills;VV=v0.2.0	naive thymus-derived CD4-positive, alpha-beta T cell	anti-CD3 and anti-CD28 antibody with interleukin-2
T4.naive_aCD3.aCD28.IL2_cellular_02	Homo sapiens	blood	naive thymus-derived CD4-positive, alpha-beta T cell	normal	cell	adult	not available	not available	not available	not available	anti-CD3 and anti-CD28 antibody with interleukin-2	96 hour	2	Library_single.shot_30activated	proteomic profiling by mass spectrometry	NT=Q Exactive HF;AC=MS:1002523	label free sample	NT=Data-dependent acquisition;AC=PRIDE:0000627	NT=HCD;AC=MS:1000422	26 NCE	300m/z-1650m/z	NT=orbitrap;AC=MS:1000484	NT=Trypsin;AC=MS:1001251	NT=Lys-C;AC=MS:1001309	NT=Dithiothreitol (DTT);AC=PRIDE:0000608	NT=Iodoacetamide (IAA);AC=PRIDE:0000599	NT=Carbamidomethyl;AC=UNIMOD:4;TA=C;MT=Fixed	NT=Oxidation;AC=UNIMOD:35;TA=M;MT=Variable	NT=Acetyl;AC=UNIMOD:1;PP=Protein N-term;MT=Variable	NT=Deamidated;AC=UNIMOD:7;TA=N,Q;MT=Variable	7 ppm	20 ppm	not applicable	nonlinear 5-60% buffer B (80% acetonitrile, 0.5% formic acid) over 180 min at 250 nl/min	1	2	Library_single.shot_30activated.raw	v1.1.0	NT=ms-proteomics;VV=v1.1.0	NT=human;VV=v1.1.0	NT=sdrf-skills;VV=v0.2.0	naive thymus-derived CD4-positive, alpha-beta T cell	anti-CD3 and anti-CD28 antibody with interleukin-2
T4.naive_aCD3.aCD28.IL2_cellular_03	Homo sapiens	blood	naive thymus-derived CD4-positive, alpha-beta T cell	normal	cell	adult	not available	not available	not available	not available	anti-CD3 and anti-CD28 antibody with interleukin-2	96 hour	3	T4.naive_03activated	proteomic profiling by mass spectrometry	NT=Q Exactive HF;AC=MS:1002523	label free sample	NT=Data-dependent acquisition;AC=PRIDE:0000627	NT=HCD;AC=MS:1000422	26 NCE	300m/z-1650m/z	NT=orbitrap;AC=MS:1000484	NT=Trypsin;AC=MS:1001251	NT=Lys-C;AC=MS:1001309	NT=Dithiothreitol (DTT);AC=PRIDE:0000608	NT=Iodoacetamide (IAA);AC=PRIDE:0000599	NT=Carbamidomethyl;AC=UNIMOD:4;TA=C;MT=Fixed	NT=Oxidation;AC=UNIMOD:35;TA=M;MT=Variable	NT=Acetyl;AC=UNIMOD:1;PP=Protein N-term;MT=Variable	NT=Deamidated;AC=UNIMOD:7;TA=N,Q;MT=Variable	7 ppm	20 ppm	not applicable	nonlinear 5-60% buffer B (80% acetonitrile, 0.5% formic acid) over 180 min at 250 nl/min	1	1	T4.naive_03activated.raw	v1.1.0	NT=ms-proteomics;VV=v1.1.0	NT=human;VV=v1.1.0	NT=sdrf-skills;VV=v0.2.0	naive thymus-derived CD4-positive, alpha-beta T cell	anti-CD3 and anti-CD28 antibody with interleukin-2
T4.naive_aCD3.aCD28.IL2_cellular_03	Homo sapiens	blood	naive thymus-derived CD4-positive, alpha-beta T cell	normal	cell	adult	not available	not available	not available	not available	anti-CD3 and anti-CD28 antibody with interleukin-2	96 hour	3	Library_single.shot_29activated	proteomic profiling by mass spectrometry	NT=Q Exactive HF;AC=MS:1002523	label free sample	NT=Data-dependent acquisition;AC=PRIDE:0000627	NT=HCD;AC=MS:1000422	26 NCE	300m/z-1650m/z	NT=orbitrap;AC=MS:1000484	NT=Trypsin;AC=MS:1001251	NT=Lys-C;AC=MS:1001309	NT=Dithiothreitol (DTT);AC=PRIDE:0000608	NT=Iodoacetamide (IAA);AC=PRIDE:0000599	NT=Carbamidomethyl;AC=UNIMOD:4;TA=C;MT=Fixed	NT=Oxidation;AC=UNIMOD:35;TA=M;MT=Variable	NT=Acetyl;AC=UNIMOD:1;PP=Protein N-term;MT=Variable	NT=Deamidated;AC=UNIMOD:7;TA=N,Q;MT=Variable	7 ppm	20 ppm	not applicable	nonlinear 5-60% buffer B (80% acetonitrile, 0.5% formic acid) over 180 min at 250 nl/min	1	2	Library_single.shot_29activated.raw	v1.1.0	NT=ms-proteomics;VV=v1.1.0	NT=human;VV=v1.1.0	NT=sdrf-skills;VV=v0.2.0	naive thymus-derived CD4-positive, alpha-beta T cell	anti-CD3 and anti-CD28 antibody with interleukin-2
T4.naive_aCD3.aCD28.IL2_cellular_04	Homo sapiens	blood	naive thymus-derived CD4-positive, alpha-beta T cell	normal	cell	adult	not available	not available	not available	not available	anti-CD3 and anti-CD28 antibody with interleukin-2	96 hour	4	T4.naive_04activated	proteomic profiling by mass spectrometry	NT=Q Exactive HF;AC=MS:1002523	label free sample	NT=Data-dependent acquisition;AC=PRIDE:0000627	NT=HCD;AC=MS:1000422	26 NCE	300m/z-1650m/z	NT=orbitrap;AC=MS:1000484	NT=Trypsin;AC=MS:1001251	NT=Lys-C;AC=MS:1001309	NT=Dithiothreitol (DTT);AC=PRIDE:0000608	NT=Iodoacetamide (IAA);AC=PRIDE:0000599	NT=Carbamidomethyl;AC=UNIMOD:4;TA=C;MT=Fixed	NT=Oxidation;AC=UNIMOD:35;TA=M;MT=Variable	NT=Acetyl;AC=UNIMOD:1;PP=Protein N-term;MT=Variable	NT=Deamidated;AC=UNIMOD:7;TA=N,Q;MT=Variable	7 ppm	20 ppm	not applicable	nonlinear 5-60% buffer B (80% acetonitrile, 0.5% formic acid) over 180 min at 250 nl/min	1	1	T4.naive_04activated.raw	v1.1.0	NT=ms-proteomics;VV=v1.1.0	NT=human;VV=v1.1.0	NT=sdrf-skills;VV=v0.2.0	naive thymus-derived CD4-positive, alpha-beta T cell	anti-CD3 and anti-CD28 antibody with interleukin-2
T4.naive_aCD3.aCD28.IL2_cellular_04	Homo sapiens	blood	naive thymus-derived CD4-positive, alpha-beta T cell	normal	cell	adult	not available	not available	not available	not available	anti-CD3 and anti-CD28 antibody with interleukin-2	96 hour	4	Library_single.shot_28activated	proteomic profiling by mass spectrometry	NT=Q Exactive HF;AC=MS:1002523	label free sample	NT=Data-dependent acquisition;AC=PRIDE:0000627	NT=HCD;AC=MS:1000422	26 NCE	300m/z-1650m/z	NT=orbitrap;AC=MS:1000484	NT=Trypsin;AC=MS:1001251	NT=Lys-C;AC=MS:1001309	NT=Dithiothreitol (DTT);AC=PRIDE:0000608	NT=Iodoacetamide (IAA);AC=PRIDE:0000599	NT=Carbamidomethyl;AC=UNIMOD:4;TA=C;MT=Fixed	NT=Oxidation;AC=UNIMOD:35;TA=M;MT=Variable	NT=Acetyl;AC=UNIMOD:1;PP=Protein N-term;MT=Variable	NT=Deamidated;AC=UNIMOD:7;TA=N,Q;MT=Variable	7 ppm	20 ppm	not applicable	nonlinear 5-60% buffer B (80% acetonitrile, 0.5% formic acid) over 180 min at 250 nl/min	1	2	Library_single.shot_28activated.raw	v1.1.0	NT=ms-proteomics;VV=v1.1.0	NT=human;VV=v1.1.0	NT=sdrf-skills;VV=v0.2.0	naive thymus-derived CD4-positive, alpha-beta T cell	anti-CD3 and anti-CD28 antibody with interleukin-2
T4.naive_aCD3.aCD28.IL2_secretome_01	Homo sapiens	blood	naive thymus-derived CD4-positive, alpha-beta T cell	normal	not applicable	adult	not available	not available	not available	not available	anti-CD3 and anti-CD28 antibody with interleukin-2	96 hour	1	20150112_EXQ00_JaRi_SA_Sups_TCD4naive_p_01	proteomic profiling by mass spectrometry	NT=Q Exactive HF;AC=MS:1002523	label free sample	NT=Data-dependent acquisition;AC=PRIDE:0000627	NT=HCD;AC=MS:1000422	26 NCE	300m/z-1650m/z	NT=orbitrap;AC=MS:1000484	NT=Trypsin;AC=MS:1001251	NT=Lys-C;AC=MS:1001309	NT=Dithiothreitol (DTT);AC=PRIDE:0000608	NT=Iodoacetamide (IAA);AC=PRIDE:0000599	NT=Carbamidomethyl;AC=UNIMOD:4;TA=C;MT=Fixed	NT=Oxidation;AC=UNIMOD:35;TA=M;MT=Variable	NT=Acetyl;AC=UNIMOD:1;PP=Protein N-term;MT=Variable	NT=Deamidated;AC=UNIMOD:7;TA=N,Q;MT=Variable	7 ppm	20 ppm	not applicable	120 min gradient	1	1	20150112_EXQ00_JaRi_SA_Sups_TCD4naive_p_01.raw	v1.1.0	NT=ms-proteomics;VV=v1.1.0	NT=human;VV=v1.1.0	NT=sdrf-skills;VV=v0.2.0	naive thymus-derived CD4-positive, alpha-beta T cell	anti-CD3 and anti-CD28 antibody with interleukin-2
T4.naive_steady-state_cellular_01	Homo sapiens	blood	naive thymus-derived CD4-positive, alpha-beta T cell	normal	cell	adult	not available	not available	not available	not available	untreated	not applicable	1	T4.naive_01steady-state	proteomic profiling by mass spectrometry	NT=Q Exactive HF;AC=MS:1002523	label free sample	NT=Data-dependent acquisition;AC=PRIDE:0000627	NT=HCD;AC=MS:1000422	26 NCE	300m/z-1650m/z	NT=orbitrap;AC=MS:1000484	NT=Trypsin;AC=MS:1001251	NT=Lys-C;AC=MS:1001309	NT=Dithiothreitol (DTT);AC=PRIDE:0000608	NT=Iodoacetamide (IAA);AC=PRIDE:0000599	NT=Carbamidomethyl;AC=UNIMOD:4;TA=C;MT=Fixed	NT=Oxidation;AC=UNIMOD:35;TA=M;MT=Variable	NT=Acetyl;AC=UNIMOD:1;PP=Protein N-term;MT=Variable	NT=Deamidated;AC=UNIMOD:7;TA=N,Q;MT=Variable	7 ppm	20 ppm	not applicable	nonlinear 5-60% buffer B (80% acetonitrile, 0.5% formic acid) over 180 min at 250 nl/min	1	1	T4.naive_01steady-state.raw	v1.1.0	NT=ms-proteomics;VV=v1.1.0	NT=human;VV=v1.1.0	NT=sdrf-skills;VV=v0.2.0	naive thymus-derived CD4-positive, alpha-beta T cell	untreated
T4.naive_steady-state_cellular_02	Homo sapiens	blood	naive thymus-derived CD4-positive, alpha-beta T cell	normal	cell	adult	not available	not available	not available	not available	untreated	not applicable	2	T4.naive_02steady-state	proteomic profiling by mass spectrometry	NT=Q Exactive HF;AC=MS:1002523	label free sample	NT=Data-dependent acquisition;AC=PRIDE:0000627	NT=HCD;AC=MS:1000422	26 NCE	300m/z-1650m/z	NT=orbitrap;AC=MS:1000484	NT=Trypsin;AC=MS:1001251	NT=Lys-C;AC=MS:1001309	NT=Dithiothreitol (DTT);AC=PRIDE:0000608	NT=Iodoacetamide (IAA);AC=PRIDE:0000599	NT=Carbamidomethyl;AC=UNIMOD:4;TA=C;MT=Fixed	NT=Oxidation;AC=UNIMOD:35;TA=M;MT=Variable	NT=Acetyl;AC=UNIMOD:1;PP=Protein N-term;MT=Variable	NT=Deamidated;AC=UNIMOD:7;TA=N,Q;MT=Variable	7 ppm	20 ppm	not applicable	nonlinear 5-60% buffer B (80% acetonitrile, 0.5% formic acid) over 180 min at 250 nl/min	1	1	T4.naive_02steady-state.raw	v1.1.0	NT=ms-proteomics;VV=v1.1.0	NT=human;VV=v1.1.0	NT=sdrf-skills;VV=v0.2.0	naive thymus-derived CD4-positive, alpha-beta T cell	untreated
T4.naive_steady-state_cellular_03	Homo sapiens	blood	naive thymus-derived CD4-positive, alpha-beta T cell	normal	cell	adult	not available	not available	not available	not available	untreated	not applicable	3	T4.naive_03steady-state	proteomic profiling by mass spectrometry	NT=Q Exactive HF;AC=MS:1002523	label free sample	NT=Data-dependent acquisition;AC=PRIDE:0000627	NT=HCD;AC=MS:1000422	26 NCE	300m/z-1650m/z	NT=orbitrap;AC=MS:1000484	NT=Trypsin;AC=MS:1001251	NT=Lys-C;AC=MS:1001309	NT=Dithiothreitol (DTT);AC=PRIDE:0000608	NT=Iodoacetamide (IAA);AC=PRIDE:0000599	NT=Carbamidomethyl;AC=UNIMOD:4;TA=C;MT=Fixed	NT=Oxidation;AC=UNIMOD:35;TA=M;MT=Variable	NT=Acetyl;AC=UNIMOD:1;PP=Protein N-term;MT=Variable	NT=Deamidated;AC=UNIMOD:7;TA=N,Q;MT=Variable	7 ppm	20 ppm	not applicable	nonlinear 5-60% buffer B (80% acetonitrile, 0.5% formic acid) over 180 min at 250 nl/min	1	1	T4.naive_03steady-state.raw	v1.1.0	NT=ms-proteomics;VV=v1.1.0	NT=human;VV=v1.1.0	NT=sdrf-skills;VV=v0.2.0	naive thymus-derived CD4-positive, alpha-beta T cell	untreated
T4.naive_steady-state_cellular_04	Homo sapiens	blood	naive thymus-derived CD4-positive, alpha-beta T cell	normal	cell	adult	not available	not available	not available	not available	untreated	not applicable	4	T4.naive_04steady-state	proteomic profiling by mass spectrometry	NT=Q Exactive HF;AC=MS:1002523	label free sample	NT=Data-dependent acquisition;AC=PRIDE:0000627	NT=HCD;AC=MS:1000422	26 NCE	300m/z-1650m/z	NT=orbitrap;AC=MS:1000484	NT=Trypsin;AC=MS:1001251	NT=Lys-C;AC=MS:1001309	NT=Dithiothreitol (DTT);AC=PRIDE:0000608	NT=Iodoacetamide (IAA);AC=PRIDE:0000599	NT=Carbamidomethyl;AC=UNIMOD:4;TA=C;MT=Fixed	NT=Oxidation;AC=UNIMOD:35;TA=M;MT=Variable	NT=Acetyl;AC=UNIMOD:1;PP=Protein N-term;MT=Variable	NT=Deamidated;AC=UNIMOD:7;TA=N,Q;MT=Variable	7 ppm	20 ppm	not applicable	nonlinear 5-60% buffer B (80% acetonitrile, 0.5% formic acid) over 180 min at 250 nl/min	1	1	T4.naive_04steady-state.raw	v1.1.0	NT=ms-proteomics;VV=v1.1.0	NT=human;VV=v1.1.0	NT=sdrf-skills;VV=v0.2.0	naive thymus-derived CD4-positive, alpha-beta T cell	untreated
T4.naive_unstim_secretome_01	Homo sapiens	blood	naive thymus-derived CD4-positive, alpha-beta T cell	normal	not applicable	adult	not available	not available	not available	not available	untreated	not available	1	20150112_EXQ00_JaRi_SA_Sups_TCD4naive_n_02	proteomic profiling by mass spectrometry	NT=Q Exactive HF;AC=MS:1002523	label free sample	NT=Data-dependent acquisition;AC=PRIDE:0000627	NT=HCD;AC=MS:1000422	26 NCE	300m/z-1650m/z	NT=orbitrap;AC=MS:1000484	NT=Trypsin;AC=MS:1001251	NT=Lys-C;AC=MS:1001309	NT=Dithiothreitol (DTT);AC=PRIDE:0000608	NT=Iodoacetamide (IAA);AC=PRIDE:0000599	NT=Carbamidomethyl;AC=UNIMOD:4;TA=C;MT=Fixed	NT=Oxidation;AC=UNIMOD:35;TA=M;MT=Variable	NT=Acetyl;AC=UNIMOD:1;PP=Protein N-term;MT=Variable	NT=Deamidated;AC=UNIMOD:7;TA=N,Q;MT=Variable	7 ppm	20 ppm	not applicable	120 min gradient	1	1	20150112_EXQ00_JaRi_SA_Sups_TCD4naive_n_02.raw	v1.1.0	NT=ms-proteomics;VV=v1.1.0	NT=human;VV=v1.1.0	NT=sdrf-skills;VV=v0.2.0	naive thymus-derived CD4-positive, alpha-beta T cell	untreated
T8.CM_aCD3.aCD28.IL2_cellular_01	Homo sapiens	blood	central memory CD8-positive, alpha-beta T cell	normal	cell	adult	not available	not available	not available	not available	anti-CD3 and anti-CD28 antibody with interleukin-2	96 hour	1	T8.CM_01activated	proteomic profiling by mass spectrometry	NT=Q Exactive HF;AC=MS:1002523	label free sample	NT=Data-dependent acquisition;AC=PRIDE:0000627	NT=HCD;AC=MS:1000422	26 NCE	300m/z-1650m/z	NT=orbitrap;AC=MS:1000484	NT=Trypsin;AC=MS:1001251	NT=Lys-C;AC=MS:1001309	NT=Dithiothreitol (DTT);AC=PRIDE:0000608	NT=Iodoacetamide (IAA);AC=PRIDE:0000599	NT=Carbamidomethyl;AC=UNIMOD:4;TA=C;MT=Fixed	NT=Oxidation;AC=UNIMOD:35;TA=M;MT=Variable	NT=Acetyl;AC=UNIMOD:1;PP=Protein N-term;MT=Variable	NT=Deamidated;AC=UNIMOD:7;TA=N,Q;MT=Variable	7 ppm	20 ppm	not applicable	nonlinear 5-60% buffer B (80% acetonitrile, 0.5% formic acid) over 180 min at 250 nl/min	1	1	T8.CM_01activated.raw	v1.1.0	NT=ms-proteomics;VV=v1.1.0	NT=human;VV=v1.1.0	NT=sdrf-skills;VV=v0.2.0	central memory CD8-positive, alpha-beta T cell	anti-CD3 and anti-CD28 antibody with interleukin-2
T8.CM_aCD3.aCD28.IL2_cellular_02	Homo sapiens	blood	central memory CD8-positive, alpha-beta T cell	normal	cell	adult	not available	not available	not available	not available	anti-CD3 and anti-CD28 antibody with interleukin-2	96 hour	2	T8.CM_02activated	proteomic profiling by mass spectrometry	NT=Q Exactive HF;AC=MS:1002523	label free sample	NT=Data-dependent acquisition;AC=PRIDE:0000627	NT=HCD;AC=MS:1000422	26 NCE	300m/z-1650m/z	NT=orbitrap;AC=MS:1000484	NT=Trypsin;AC=MS:1001251	NT=Lys-C;AC=MS:1001309	NT=Dithiothreitol (DTT);AC=PRIDE:0000608	NT=Iodoacetamide (IAA);AC=PRIDE:0000599	NT=Carbamidomethyl;AC=UNIMOD:4;TA=C;MT=Fixed	NT=Oxidation;AC=UNIMOD:35;TA=M;MT=Variable	NT=Acetyl;AC=UNIMOD:1;PP=Protein N-term;MT=Variable	NT=Deamidated;AC=UNIMOD:7;TA=N,Q;MT=Variable	7 ppm	20 ppm	not applicable	nonlinear 5-60% buffer B (80% acetonitrile, 0.5% formic acid) over 180 min at 250 nl/min	1	1	T8.CM_02activated.raw	v1.1.0	NT=ms-proteomics;VV=v1.1.0	NT=human;VV=v1.1.0	NT=sdrf-skills;VV=v0.2.0	central memory CD8-positive, alpha-beta T cell	anti-CD3 and anti-CD28 antibody with interleukin-2
T8.CM_aCD3.aCD28.IL2_cellular_03	Homo sapiens	blood	central memory CD8-positive, alpha-beta T cell	normal	cell	adult	not available	not available	not available	not available	anti-CD3 and anti-CD28 antibody with interleukin-2	96 hour	3	T8.CM_03activated	proteomic profiling by mass spectrometry	NT=Q Exactive HF;AC=MS:1002523	label free sample	NT=Data-dependent acquisition;AC=PRIDE:0000627	NT=HCD;AC=MS:1000422	26 NCE	300m/z-1650m/z	NT=orbitrap;AC=MS:1000484	NT=Trypsin;AC=MS:1001251	NT=Lys-C;AC=MS:1001309	NT=Dithiothreitol (DTT);AC=PRIDE:0000608	NT=Iodoacetamide (IAA);AC=PRIDE:0000599	NT=Carbamidomethyl;AC=UNIMOD:4;TA=C;MT=Fixed	NT=Oxidation;AC=UNIMOD:35;TA=M;MT=Variable	NT=Acetyl;AC=UNIMOD:1;PP=Protein N-term;MT=Variable	NT=Deamidated;AC=UNIMOD:7;TA=N,Q;MT=Variable	7 ppm	20 ppm	not applicable	nonlinear 5-60% buffer B (80% acetonitrile, 0.5% formic acid) over 180 min at 250 nl/min	1	1	T8.CM_03activated.raw	v1.1.0	NT=ms-proteomics;VV=v1.1.0	NT=human;VV=v1.1.0	NT=sdrf-skills;VV=v0.2.0	central memory CD8-positive, alpha-beta T cell	anti-CD3 and anti-CD28 antibody with interleukin-2
T8.CM_aCD3.aCD28.IL2_cellular_04	Homo sapiens	blood	central memory CD8-positive, alpha-beta T cell	normal	cell	adult	not available	not available	not available	not available	anti-CD3 and anti-CD28 antibody with interleukin-2	96 hour	4	T8.CM_04activated	proteomic profiling by mass spectrometry	NT=Q Exactive HF;AC=MS:1002523	label free sample	NT=Data-dependent acquisition;AC=PRIDE:0000627	NT=HCD;AC=MS:1000422	26 NCE	300m/z-1650m/z	NT=orbitrap;AC=MS:1000484	NT=Trypsin;AC=MS:1001251	NT=Lys-C;AC=MS:1001309	NT=Dithiothreitol (DTT);AC=PRIDE:0000608	NT=Iodoacetamide (IAA);AC=PRIDE:0000599	NT=Carbamidomethyl;AC=UNIMOD:4;TA=C;MT=Fixed	NT=Oxidation;AC=UNIMOD:35;TA=M;MT=Variable	NT=Acetyl;AC=UNIMOD:1;PP=Protein N-term;MT=Variable	NT=Deamidated;AC=UNIMOD:7;TA=N,Q;MT=Variable	7 ppm	20 ppm	not applicable	nonlinear 5-60% buffer B (80% acetonitrile, 0.5% formic acid) over 180 min at 250 nl/min	1	1	T8.CM_04activated.raw	v1.1.0	NT=ms-proteomics;VV=v1.1.0	NT=human;VV=v1.1.0	NT=sdrf-skills;VV=v0.2.0	central memory CD8-positive, alpha-beta T cell	anti-CD3 and anti-CD28 antibody with interleukin-2
T8.CM_aCD3.aCD28.IL2_cellular_01	Homo sapiens	blood	central memory CD8-positive, alpha-beta T cell	normal	cell	adult	not available	not available	not available	not available	anti-CD3 and anti-CD28 antibody with interleukin-2	96 hour	1	Library_single.shot_38activated	proteomic profiling by mass spectrometry	NT=Q Exactive HF;AC=MS:1002523	label free sample	NT=Data-dependent acquisition;AC=PRIDE:0000627	NT=HCD;AC=MS:1000422	26 NCE	300m/z-1650m/z	NT=orbitrap;AC=MS:1000484	NT=Trypsin;AC=MS:1001251	NT=Lys-C;AC=MS:1001309	NT=Dithiothreitol (DTT);AC=PRIDE:0000608	NT=Iodoacetamide (IAA);AC=PRIDE:0000599	NT=Carbamidomethyl;AC=UNIMOD:4;TA=C;MT=Fixed	NT=Oxidation;AC=UNIMOD:35;TA=M;MT=Variable	NT=Acetyl;AC=UNIMOD:1;PP=Protein N-term;MT=Variable	NT=Deamidated;AC=UNIMOD:7;TA=N,Q;MT=Variable	7 ppm	20 ppm	not applicable	nonlinear 5-60% buffer B (80% acetonitrile, 0.5% formic acid) over 180 min at 250 nl/min	1	2	Library_single.shot_38activated.raw	v1.1.0	NT=ms-proteomics;VV=v1.1.0	NT=human;VV=v1.1.0	NT=sdrf-skills;VV=v0.2.0	central memory CD8-positive, alpha-beta T cell	anti-CD3 and anti-CD28 antibody with interleukin-2
T8.CM_aCD3.aCD28.IL2_cellular_02	Homo sapiens	blood	central memory CD8-positive, alpha-beta T cell	normal	cell	adult	not available	not available	not available	not available	anti-CD3 and anti-CD28 antibody with interleukin-2	96 hour	2	Library_single.shot_34activated	proteomic profiling by mass spectrometry	NT=Q Exactive HF;AC=MS:1002523	label free sample	NT=Data-dependent acquisition;AC=PRIDE:0000627	NT=HCD;AC=MS:1000422	26 NCE	300m/z-1650m/z	NT=orbitrap;AC=MS:1000484	NT=Trypsin;AC=MS:1001251	NT=Lys-C;AC=MS:1001309	NT=Dithiothreitol (DTT);AC=PRIDE:0000608	NT=Iodoacetamide (IAA);AC=PRIDE:0000599	NT=Carbamidomethyl;AC=UNIMOD:4;TA=C;MT=Fixed	NT=Oxidation;AC=UNIMOD:35;TA=M;MT=Variable	NT=Acetyl;AC=UNIMOD:1;PP=Protein N-term;MT=Variable	NT=Deamidated;AC=UNIMOD:7;TA=N,Q;MT=Variable	7 ppm	20 ppm	not applicable	nonlinear 5-60% buffer B (80% acetonitrile, 0.5% formic acid) over 180 min at 250 nl/min	1	2	Library_single.shot_34activated.raw	v1.1.0	NT=ms-proteomics;VV=v1.1.0	NT=human;VV=v1.1.0	NT=sdrf-skills;VV=v0.2.0	central memory CD8-positive, alpha-beta T cell	anti-CD3 and anti-CD28 antibody with interleukin-2
T8.CM_steady-state_cellular_01	Homo sapiens	blood	central memory CD8-positive, alpha-beta T cell	normal	cell	adult	not available	not available	not available	not available	untreated	not applicable	1	T8.CM_01steady-state	proteomic profiling by mass spectrometry	NT=Q Exactive HF;AC=MS:1002523	label free sample	NT=Data-dependent acquisition;AC=PRIDE:0000627	NT=HCD;AC=MS:1000422	26 NCE	300m/z-1650m/z	NT=orbitrap;AC=MS:1000484	NT=Trypsin;AC=MS:1001251	NT=Lys-C;AC=MS:1001309	NT=Dithiothreitol (DTT);AC=PRIDE:0000608	NT=Iodoacetamide (IAA);AC=PRIDE:0000599	NT=Carbamidomethyl;AC=UNIMOD:4;TA=C;MT=Fixed	NT=Oxidation;AC=UNIMOD:35;TA=M;MT=Variable	NT=Acetyl;AC=UNIMOD:1;PP=Protein N-term;MT=Variable	NT=Deamidated;AC=UNIMOD:7;TA=N,Q;MT=Variable	7 ppm	20 ppm	not applicable	nonlinear 5-60% buffer B (80% acetonitrile, 0.5% formic acid) over 180 min at 250 nl/min	1	1	T8.CM_01steady-state.raw	v1.1.0	NT=ms-proteomics;VV=v1.1.0	NT=human;VV=v1.1.0	NT=sdrf-skills;VV=v0.2.0	central memory CD8-positive, alpha-beta T cell	untreated
T8.CM_steady-state_cellular_01	Homo sapiens	blood	central memory CD8-positive, alpha-beta T cell	normal	cell	adult	not available	not available	not available	not available	untreated	not applicable	1	Library_single.shot_80steady-state	proteomic profiling by mass spectrometry	NT=Q Exactive HF;AC=MS:1002523	label free sample	NT=Data-dependent acquisition;AC=PRIDE:0000627	NT=HCD;AC=MS:1000422	26 NCE	300m/z-1650m/z	NT=orbitrap;AC=MS:1000484	NT=Trypsin;AC=MS:1001251	NT=Lys-C;AC=MS:1001309	NT=Dithiothreitol (DTT);AC=PRIDE:0000608	NT=Iodoacetamide (IAA);AC=PRIDE:0000599	NT=Carbamidomethyl;AC=UNIMOD:4;TA=C;MT=Fixed	NT=Oxidation;AC=UNIMOD:35;TA=M;MT=Variable	NT=Acetyl;AC=UNIMOD:1;PP=Protein N-term;MT=Variable	NT=Deamidated;AC=UNIMOD:7;TA=N,Q;MT=Variable	7 ppm	20 ppm	not applicable	nonlinear 5-60% buffer B (80% acetonitrile, 0.5% formic acid) over 180 min at 250 nl/min	1	2	Library_single.shot_80steady-state.raw	v1.1.0	NT=ms-proteomics;VV=v1.1.0	NT=human;VV=v1.1.0	NT=sdrf-skills;VV=v0.2.0	central memory CD8-positive, alpha-beta T cell	untreated
T8.CM_steady-state_cellular_02	Homo sapiens	blood	central memory CD8-positive, alpha-beta T cell	normal	cell	adult	not available	not available	not available	not available	untreated	not applicable	2	T8.CM_02steady-state	proteomic profiling by mass spectrometry	NT=Q Exactive HF;AC=MS:1002523	label free sample	NT=Data-dependent acquisition;AC=PRIDE:0000627	NT=HCD;AC=MS:1000422	26 NCE	300m/z-1650m/z	NT=orbitrap;AC=MS:1000484	NT=Trypsin;AC=MS:1001251	NT=Lys-C;AC=MS:1001309	NT=Dithiothreitol (DTT);AC=PRIDE:0000608	NT=Iodoacetamide (IAA);AC=PRIDE:0000599	NT=Carbamidomethyl;AC=UNIMOD:4;TA=C;MT=Fixed	NT=Oxidation;AC=UNIMOD:35;TA=M;MT=Variable	NT=Acetyl;AC=UNIMOD:1;PP=Protein N-term;MT=Variable	NT=Deamidated;AC=UNIMOD:7;TA=N,Q;MT=Variable	7 ppm	20 ppm	not applicable	nonlinear 5-60% buffer B (80% acetonitrile, 0.5% formic acid) over 180 min at 250 nl/min	1	1	T8.CM_02steady-state.raw	v1.1.0	NT=ms-proteomics;VV=v1.1.0	NT=human;VV=v1.1.0	NT=sdrf-skills;VV=v0.2.0	central memory CD8-positive, alpha-beta T cell	untreated
T8.CM_steady-state_cellular_02	Homo sapiens	blood	central memory CD8-positive, alpha-beta T cell	normal	cell	adult	not available	not available	not available	not available	untreated	not applicable	2	Library_single.shot_60steady-state	proteomic profiling by mass spectrometry	NT=Q Exactive HF;AC=MS:1002523	label free sample	NT=Data-dependent acquisition;AC=PRIDE:0000627	NT=HCD;AC=MS:1000422	26 NCE	300m/z-1650m/z	NT=orbitrap;AC=MS:1000484	NT=Trypsin;AC=MS:1001251	NT=Lys-C;AC=MS:1001309	NT=Dithiothreitol (DTT);AC=PRIDE:0000608	NT=Iodoacetamide (IAA);AC=PRIDE:0000599	NT=Carbamidomethyl;AC=UNIMOD:4;TA=C;MT=Fixed	NT=Oxidation;AC=UNIMOD:35;TA=M;MT=Variable	NT=Acetyl;AC=UNIMOD:1;PP=Protein N-term;MT=Variable	NT=Deamidated;AC=UNIMOD:7;TA=N,Q;MT=Variable	7 ppm	20 ppm	not applicable	nonlinear 5-60% buffer B (80% acetonitrile, 0.5% formic acid) over 180 min at 250 nl/min	1	2	Library_single.shot_60steady-state.raw	v1.1.0	NT=ms-proteomics;VV=v1.1.0	NT=human;VV=v1.1.0	NT=sdrf-skills;VV=v0.2.0	central memory CD8-positive, alpha-beta T cell	untreated
T8.CM_steady-state_cellular_03	Homo sapiens	blood	central memory CD8-positive, alpha-beta T cell	normal	cell	adult	not available	not available	not available	not available	untreated	not applicable	3	T8.CM_03steady-state	proteomic profiling by mass spectrometry	NT=Q Exactive HF;AC=MS:1002523	label free sample	NT=Data-dependent acquisition;AC=PRIDE:0000627	NT=HCD;AC=MS:1000422	26 NCE	300m/z-1650m/z	NT=orbitrap;AC=MS:1000484	NT=Trypsin;AC=MS:1001251	NT=Lys-C;AC=MS:1001309	NT=Dithiothreitol (DTT);AC=PRIDE:0000608	NT=Iodoacetamide (IAA);AC=PRIDE:0000599	NT=Carbamidomethyl;AC=UNIMOD:4;TA=C;MT=Fixed	NT=Oxidation;AC=UNIMOD:35;TA=M;MT=Variable	NT=Acetyl;AC=UNIMOD:1;PP=Protein N-term;MT=Variable	NT=Deamidated;AC=UNIMOD:7;TA=N,Q;MT=Variable	7 ppm	20 ppm	not applicable	nonlinear 5-60% buffer B (80% acetonitrile, 0.5% formic acid) over 180 min at 250 nl/min	1	1	T8.CM_03steady-state.raw	v1.1.0	NT=ms-proteomics;VV=v1.1.0	NT=human;VV=v1.1.0	NT=sdrf-skills;VV=v0.2.0	central memory CD8-positive, alpha-beta T cell	untreated
T8.CM_steady-state_cellular_04	Homo sapiens	blood	central memory CD8-positive, alpha-beta T cell	normal	cell	adult	not available	not available	not available	not available	untreated	not applicable	4	T8.CM_04steady-state	proteomic profiling by mass spectrometry	NT=Q Exactive HF;AC=MS:1002523	label free sample	NT=Data-dependent acquisition;AC=PRIDE:0000627	NT=HCD;AC=MS:1000422	26 NCE	300m/z-1650m/z	NT=orbitrap;AC=MS:1000484	NT=Trypsin;AC=MS:1001251	NT=Lys-C;AC=MS:1001309	NT=Dithiothreitol (DTT);AC=PRIDE:0000608	NT=Iodoacetamide (IAA);AC=PRIDE:0000599	NT=Carbamidomethyl;AC=UNIMOD:4;TA=C;MT=Fixed	NT=Oxidation;AC=UNIMOD:35;TA=M;MT=Variable	NT=Acetyl;AC=UNIMOD:1;PP=Protein N-term;MT=Variable	NT=Deamidated;AC=UNIMOD:7;TA=N,Q;MT=Variable	7 ppm	20 ppm	not applicable	nonlinear 5-60% buffer B (80% acetonitrile, 0.5% formic acid) over 180 min at 250 nl/min	1	1	T8.CM_04steady-state.raw	v1.1.0	NT=ms-proteomics;VV=v1.1.0	NT=human;VV=v1.1.0	NT=sdrf-skills;VV=v0.2.0	central memory CD8-positive, alpha-beta T cell	untreated
T8.CM_steady-state_cellular_05	Homo sapiens	blood	central memory CD8-positive, alpha-beta T cell	normal	cell	adult	not available	not available	not available	not available	untreated	not applicable	5	Library_single.shot_75steady-state	proteomic profiling by mass spectrometry	NT=Q Exactive HF;AC=MS:1002523	label free sample	NT=Data-dependent acquisition;AC=PRIDE:0000627	NT=HCD;AC=MS:1000422	26 NCE	300m/z-1650m/z	NT=orbitrap;AC=MS:1000484	NT=Trypsin;AC=MS:1001251	NT=Lys-C;AC=MS:1001309	NT=Dithiothreitol (DTT);AC=PRIDE:0000608	NT=Iodoacetamide (IAA);AC=PRIDE:0000599	NT=Carbamidomethyl;AC=UNIMOD:4;TA=C;MT=Fixed	NT=Oxidation;AC=UNIMOD:35;TA=M;MT=Variable	NT=Acetyl;AC=UNIMOD:1;PP=Protein N-term;MT=Variable	NT=Deamidated;AC=UNIMOD:7;TA=N,Q;MT=Variable	7 ppm	20 ppm	not applicable	nonlinear 5-60% buffer B (80% acetonitrile, 0.5% formic acid) over 180 min at 250 nl/min	1	1	Library_single.shot_75steady-state.raw	v1.1.0	NT=ms-proteomics;VV=v1.1.0	NT=human;VV=v1.1.0	NT=sdrf-skills;VV=v0.2.0	central memory CD8-positive, alpha-beta T cell	untreated
T8.CM_steady-state_cellular_05	Homo sapiens	blood	central memory CD8-positive, alpha-beta T cell	normal	cell	adult	not available	not available	not available	not available	untreated	not applicable	5	Library_single.shot_76steady-state	proteomic profiling by mass spectrometry	NT=Q Exactive HF;AC=MS:1002523	label free sample	NT=Data-dependent acquisition;AC=PRIDE:0000627	NT=HCD;AC=MS:1000422	26 NCE	300m/z-1650m/z	NT=orbitrap;AC=MS:1000484	NT=Trypsin;AC=MS:1001251	NT=Lys-C;AC=MS:1001309	NT=Dithiothreitol (DTT);AC=PRIDE:0000608	NT=Iodoacetamide (IAA);AC=PRIDE:0000599	NT=Carbamidomethyl;AC=UNIMOD:4;TA=C;MT=Fixed	NT=Oxidation;AC=UNIMOD:35;TA=M;MT=Variable	NT=Acetyl;AC=UNIMOD:1;PP=Protein N-term;MT=Variable	NT=Deamidated;AC=UNIMOD:7;TA=N,Q;MT=Variable	7 ppm	20 ppm	not applicable	nonlinear 5-60% buffer B (80% acetonitrile, 0.5% formic acid) over 180 min at 250 nl/min	1	2	Library_single.shot_76steady-state.raw	v1.1.0	NT=ms-proteomics;VV=v1.1.0	NT=human;VV=v1.1.0	NT=sdrf-skills;VV=v0.2.0	central memory CD8-positive, alpha-beta T cell	untreated
T8.EMRA_aCD3.aCD28.IL2_cellular_01	Homo sapiens	blood	effector memory CD8-positive, alpha-beta T cell, terminally differentiated	normal	cell	adult	not available	not available	not available	not available	anti-CD3 and anti-CD28 antibody with interleukin-2	96 hour	1	T8.EMRA_01activated	proteomic profiling by mass spectrometry	NT=Q Exactive HF;AC=MS:1002523	label free sample	NT=Data-dependent acquisition;AC=PRIDE:0000627	NT=HCD;AC=MS:1000422	26 NCE	300m/z-1650m/z	NT=orbitrap;AC=MS:1000484	NT=Trypsin;AC=MS:1001251	NT=Lys-C;AC=MS:1001309	NT=Dithiothreitol (DTT);AC=PRIDE:0000608	NT=Iodoacetamide (IAA);AC=PRIDE:0000599	NT=Carbamidomethyl;AC=UNIMOD:4;TA=C;MT=Fixed	NT=Oxidation;AC=UNIMOD:35;TA=M;MT=Variable	NT=Acetyl;AC=UNIMOD:1;PP=Protein N-term;MT=Variable	NT=Deamidated;AC=UNIMOD:7;TA=N,Q;MT=Variable	7 ppm	20 ppm	not applicable	nonlinear 5-60% buffer B (80% acetonitrile, 0.5% formic acid) over 180 min at 250 nl/min	1	1	T8.EMRA_01activated.raw	v1.1.0	NT=ms-proteomics;VV=v1.1.0	NT=human;VV=v1.1.0	NT=sdrf-skills;VV=v0.2.0	effector memory CD8-positive, alpha-beta T cell, terminally differentiated	anti-CD3 and anti-CD28 antibody with interleukin-2
T8.EMRA_aCD3.aCD28.IL2_cellular_01	Homo sapiens	blood	effector memory CD8-positive, alpha-beta T cell, terminally differentiated	normal	cell	adult	not available	not available	not available	not available	anti-CD3 and anti-CD28 antibody with interleukin-2	96 hour	1	Library_single.shot_42activated	proteomic profiling by mass spectrometry	NT=Q Exactive HF;AC=MS:1002523	label free sample	NT=Data-dependent acquisition;AC=PRIDE:0000627	NT=HCD;AC=MS:1000422	26 NCE	300m/z-1650m/z	NT=orbitrap;AC=MS:1000484	NT=Trypsin;AC=MS:1001251	NT=Lys-C;AC=MS:1001309	NT=Dithiothreitol (DTT);AC=PRIDE:0000608	NT=Iodoacetamide (IAA);AC=PRIDE:0000599	NT=Carbamidomethyl;AC=UNIMOD:4;TA=C;MT=Fixed	NT=Oxidation;AC=UNIMOD:35;TA=M;MT=Variable	NT=Acetyl;AC=UNIMOD:1;PP=Protein N-term;MT=Variable	NT=Deamidated;AC=UNIMOD:7;TA=N,Q;MT=Variable	7 ppm	20 ppm	not applicable	nonlinear 5-60% buffer B (80% acetonitrile, 0.5% formic acid) over 180 min at 250 nl/min	1	2	Library_single.shot_42activated.raw	v1.1.0	NT=ms-proteomics;VV=v1.1.0	NT=human;VV=v1.1.0	NT=sdrf-skills;VV=v0.2.0	effector memory CD8-positive, alpha-beta T cell, terminally differentiated	anti-CD3 and anti-CD28 antibody with interleukin-2
T8.EMRA_aCD3.aCD28.IL2_cellular_02	Homo sapiens	blood	effector memory CD8-positive, alpha-beta T cell, terminally differentiated	normal	cell	adult	not available	not available	not available	not available	anti-CD3 and anti-CD28 antibody with interleukin-2	96 hour	2	T8.EMRA_02activated	proteomic profiling by mass spectrometry	NT=Q Exactive HF;AC=MS:1002523	label free sample	NT=Data-dependent acquisition;AC=PRIDE:0000627	NT=HCD;AC=MS:1000422	26 NCE	300m/z-1650m/z	NT=orbitrap;AC=MS:1000484	NT=Trypsin;AC=MS:1001251	NT=Lys-C;AC=MS:1001309	NT=Dithiothreitol (DTT);AC=PRIDE:0000608	NT=Iodoacetamide (IAA);AC=PRIDE:0000599	NT=Carbamidomethyl;AC=UNIMOD:4;TA=C;MT=Fixed	NT=Oxidation;AC=UNIMOD:35;TA=M;MT=Variable	NT=Acetyl;AC=UNIMOD:1;PP=Protein N-term;MT=Variable	NT=Deamidated;AC=UNIMOD:7;TA=N,Q;MT=Variable	7 ppm	20 ppm	not applicable	nonlinear 5-60% buffer B (80% acetonitrile, 0.5% formic acid) over 180 min at 250 nl/min	1	1	T8.EMRA_02activated.raw	v1.1.0	NT=ms-proteomics;VV=v1.1.0	NT=human;VV=v1.1.0	NT=sdrf-skills;VV=v0.2.0	effector memory CD8-positive, alpha-beta T cell, terminally differentiated	anti-CD3 and anti-CD28 antibody with interleukin-2
T8.EMRA_aCD3.aCD28.IL2_cellular_02	Homo sapiens	blood	effector memory CD8-positive, alpha-beta T cell, terminally differentiated	normal	cell	adult	not available	not available	not available	not available	anti-CD3 and anti-CD28 antibody with interleukin-2	96 hour	2	Library_single.shot_41activated	proteomic profiling by mass spectrometry	NT=Q Exactive HF;AC=MS:1002523	label free sample	NT=Data-dependent acquisition;AC=PRIDE:0000627	NT=HCD;AC=MS:1000422	26 NCE	300m/z-1650m/z	NT=orbitrap;AC=MS:1000484	NT=Trypsin;AC=MS:1001251	NT=Lys-C;AC=MS:1001309	NT=Dithiothreitol (DTT);AC=PRIDE:0000608	NT=Iodoacetamide (IAA);AC=PRIDE:0000599	NT=Carbamidomethyl;AC=UNIMOD:4;TA=C;MT=Fixed	NT=Oxidation;AC=UNIMOD:35;TA=M;MT=Variable	NT=Acetyl;AC=UNIMOD:1;PP=Protein N-term;MT=Variable	NT=Deamidated;AC=UNIMOD:7;TA=N,Q;MT=Variable	7 ppm	20 ppm	not applicable	nonlinear 5-60% buffer B (80% acetonitrile, 0.5% formic acid) over 180 min at 250 nl/min	1	2	Library_single.shot_41activated.raw	v1.1.0	NT=ms-proteomics;VV=v1.1.0	NT=human;VV=v1.1.0	NT=sdrf-skills;VV=v0.2.0	effector memory CD8-positive, alpha-beta T cell, terminally differentiated	anti-CD3 and anti-CD28 antibody with interleukin-2
T8.EMRA_aCD3.aCD28.IL2_cellular_03	Homo sapiens	blood	effector memory CD8-positive, alpha-beta T cell, terminally differentiated	normal	cell	adult	not available	not available	not available	not available	anti-CD3 and anti-CD28 antibody with interleukin-2	96 hour	3	T8.EMRA_03activated	proteomic profiling by mass spectrometry	NT=Q Exactive HF;AC=MS:1002523	label free sample	NT=Data-dependent acquisition;AC=PRIDE:0000627	NT=HCD;AC=MS:1000422	26 NCE	300m/z-1650m/z	NT=orbitrap;AC=MS:1000484	NT=Trypsin;AC=MS:1001251	NT=Lys-C;AC=MS:1001309	NT=Dithiothreitol (DTT);AC=PRIDE:0000608	NT=Iodoacetamide (IAA);AC=PRIDE:0000599	NT=Carbamidomethyl;AC=UNIMOD:4;TA=C;MT=Fixed	NT=Oxidation;AC=UNIMOD:35;TA=M;MT=Variable	NT=Acetyl;AC=UNIMOD:1;PP=Protein N-term;MT=Variable	NT=Deamidated;AC=UNIMOD:7;TA=N,Q;MT=Variable	7 ppm	20 ppm	not applicable	nonlinear 5-60% buffer B (80% acetonitrile, 0.5% formic acid) over 180 min at 250 nl/min	1	1	T8.EMRA_03activated.raw	v1.1.0	NT=ms-proteomics;VV=v1.1.0	NT=human;VV=v1.1.0	NT=sdrf-skills;VV=v0.2.0	effector memory CD8-positive, alpha-beta T cell, terminally differentiated	anti-CD3 and anti-CD28 antibody with interleukin-2
T8.EMRA_aCD3.aCD28.IL2_cellular_03	Homo sapiens	blood	effector memory CD8-positive, alpha-beta T cell, terminally differentiated	normal	cell	adult	not available	not available	not available	not available	anti-CD3 and anti-CD28 antibody with interleukin-2	96 hour	3	Library_single.shot_36activated	proteomic profiling by mass spectrometry	NT=Q Exactive HF;AC=MS:1002523	label free sample	NT=Data-dependent acquisition;AC=PRIDE:0000627	NT=HCD;AC=MS:1000422	26 NCE	300m/z-1650m/z	NT=orbitrap;AC=MS:1000484	NT=Trypsin;AC=MS:1001251	NT=Lys-C;AC=MS:1001309	NT=Dithiothreitol (DTT);AC=PRIDE:0000608	NT=Iodoacetamide (IAA);AC=PRIDE:0000599	NT=Carbamidomethyl;AC=UNIMOD:4;TA=C;MT=Fixed	NT=Oxidation;AC=UNIMOD:35;TA=M;MT=Variable	NT=Acetyl;AC=UNIMOD:1;PP=Protein N-term;MT=Variable	NT=Deamidated;AC=UNIMOD:7;TA=N,Q;MT=Variable	7 ppm	20 ppm	not applicable	nonlinear 5-60% buffer B (80% acetonitrile, 0.5% formic acid) over 180 min at 250 nl/min	1	2	Library_single.shot_36activated.raw	v1.1.0	NT=ms-proteomics;VV=v1.1.0	NT=human;VV=v1.1.0	NT=sdrf-skills;VV=v0.2.0	effector memory CD8-positive, alpha-beta T cell, terminally differentiated	anti-CD3 and anti-CD28 antibody with interleukin-2
T8.EMRA_aCD3.aCD28.IL2_cellular_04	Homo sapiens	blood	effector memory CD8-positive, alpha-beta T cell, terminally differentiated	normal	cell	adult	not available	not available	not available	not available	anti-CD3 and anti-CD28 antibody with interleukin-2	96 hour	4	T8.EMRA_04activated	proteomic profiling by mass spectrometry	NT=Q Exactive HF;AC=MS:1002523	label free sample	NT=Data-dependent acquisition;AC=PRIDE:0000627	NT=HCD;AC=MS:1000422	26 NCE	300m/z-1650m/z	NT=orbitrap;AC=MS:1000484	NT=Trypsin;AC=MS:1001251	NT=Lys-C;AC=MS:1001309	NT=Dithiothreitol (DTT);AC=PRIDE:0000608	NT=Iodoacetamide (IAA);AC=PRIDE:0000599	NT=Carbamidomethyl;AC=UNIMOD:4;TA=C;MT=Fixed	NT=Oxidation;AC=UNIMOD:35;TA=M;MT=Variable	NT=Acetyl;AC=UNIMOD:1;PP=Protein N-term;MT=Variable	NT=Deamidated;AC=UNIMOD:7;TA=N,Q;MT=Variable	7 ppm	20 ppm	not applicable	nonlinear 5-60% buffer B (80% acetonitrile, 0.5% formic acid) over 180 min at 250 nl/min	1	1	T8.EMRA_04activated.raw	v1.1.0	NT=ms-proteomics;VV=v1.1.0	NT=human;VV=v1.1.0	NT=sdrf-skills;VV=v0.2.0	effector memory CD8-positive, alpha-beta T cell, terminally differentiated	anti-CD3 and anti-CD28 antibody with interleukin-2
T8.EMRA_aCD3.aCD28.IL2_cellular_04	Homo sapiens	blood	effector memory CD8-positive, alpha-beta T cell, terminally differentiated	normal	cell	adult	not available	not available	not available	not available	anti-CD3 and anti-CD28 antibody with interleukin-2	96 hour	4	Library_single.shot_32activated	proteomic profiling by mass spectrometry	NT=Q Exactive HF;AC=MS:1002523	label free sample	NT=Data-dependent acquisition;AC=PRIDE:0000627	NT=HCD;AC=MS:1000422	26 NCE	300m/z-1650m/z	NT=orbitrap;AC=MS:1000484	NT=Trypsin;AC=MS:1001251	NT=Lys-C;AC=MS:1001309	NT=Dithiothreitol (DTT);AC=PRIDE:0000608	NT=Iodoacetamide (IAA);AC=PRIDE:0000599	NT=Carbamidomethyl;AC=UNIMOD:4;TA=C;MT=Fixed	NT=Oxidation;AC=UNIMOD:35;TA=M;MT=Variable	NT=Acetyl;AC=UNIMOD:1;PP=Protein N-term;MT=Variable	NT=Deamidated;AC=UNIMOD:7;TA=N,Q;MT=Variable	7 ppm	20 ppm	not applicable	nonlinear 5-60% buffer B (80% acetonitrile, 0.5% formic acid) over 180 min at 250 nl/min	1	2	Library_single.shot_32activated.raw	v1.1.0	NT=ms-proteomics;VV=v1.1.0	NT=human;VV=v1.1.0	NT=sdrf-skills;VV=v0.2.0	effector memory CD8-positive, alpha-beta T cell, terminally differentiated	anti-CD3 and anti-CD28 antibody with interleukin-2
T8.EMRA_steady-state_cellular_01	Homo sapiens	blood	effector memory CD8-positive, alpha-beta T cell, terminally differentiated	normal	cell	adult	not available	not available	not available	not available	untreated	not applicable	1	T8.EMRA_01steady-state	proteomic profiling by mass spectrometry	NT=Q Exactive HF;AC=MS:1002523	label free sample	NT=Data-dependent acquisition;AC=PRIDE:0000627	NT=HCD;AC=MS:1000422	26 NCE	300m/z-1650m/z	NT=orbitrap;AC=MS:1000484	NT=Trypsin;AC=MS:1001251	NT=Lys-C;AC=MS:1001309	NT=Dithiothreitol (DTT);AC=PRIDE:0000608	NT=Iodoacetamide (IAA);AC=PRIDE:0000599	NT=Carbamidomethyl;AC=UNIMOD:4;TA=C;MT=Fixed	NT=Oxidation;AC=UNIMOD:35;TA=M;MT=Variable	NT=Acetyl;AC=UNIMOD:1;PP=Protein N-term;MT=Variable	NT=Deamidated;AC=UNIMOD:7;TA=N,Q;MT=Variable	7 ppm	20 ppm	not applicable	nonlinear 5-60% buffer B (80% acetonitrile, 0.5% formic acid) over 180 min at 250 nl/min	1	1	T8.EMRA_01steady-state.raw	v1.1.0	NT=ms-proteomics;VV=v1.1.0	NT=human;VV=v1.1.0	NT=sdrf-skills;VV=v0.2.0	effector memory CD8-positive, alpha-beta T cell, terminally differentiated	untreated
T8.EMRA_steady-state_cellular_02	Homo sapiens	blood	effector memory CD8-positive, alpha-beta T cell, terminally differentiated	normal	cell	adult	not available	not available	not available	not available	untreated	not applicable	2	T8.EMRA_02steady-state	proteomic profiling by mass spectrometry	NT=Q Exactive HF;AC=MS:1002523	label free sample	NT=Data-dependent acquisition;AC=PRIDE:0000627	NT=HCD;AC=MS:1000422	26 NCE	300m/z-1650m/z	NT=orbitrap;AC=MS:1000484	NT=Trypsin;AC=MS:1001251	NT=Lys-C;AC=MS:1001309	NT=Dithiothreitol (DTT);AC=PRIDE:0000608	NT=Iodoacetamide (IAA);AC=PRIDE:0000599	NT=Carbamidomethyl;AC=UNIMOD:4;TA=C;MT=Fixed	NT=Oxidation;AC=UNIMOD:35;TA=M;MT=Variable	NT=Acetyl;AC=UNIMOD:1;PP=Protein N-term;MT=Variable	NT=Deamidated;AC=UNIMOD:7;TA=N,Q;MT=Variable	7 ppm	20 ppm	not applicable	nonlinear 5-60% buffer B (80% acetonitrile, 0.5% formic acid) over 180 min at 250 nl/min	1	1	T8.EMRA_02steady-state.raw	v1.1.0	NT=ms-proteomics;VV=v1.1.0	NT=human;VV=v1.1.0	NT=sdrf-skills;VV=v0.2.0	effector memory CD8-positive, alpha-beta T cell, terminally differentiated	untreated
T8.EMRA_steady-state_cellular_03	Homo sapiens	blood	effector memory CD8-positive, alpha-beta T cell, terminally differentiated	normal	cell	adult	not available	not available	not available	not available	untreated	not applicable	3	T8.EMRA_03steady-state	proteomic profiling by mass spectrometry	NT=Q Exactive HF;AC=MS:1002523	label free sample	NT=Data-dependent acquisition;AC=PRIDE:0000627	NT=HCD;AC=MS:1000422	26 NCE	300m/z-1650m/z	NT=orbitrap;AC=MS:1000484	NT=Trypsin;AC=MS:1001251	NT=Lys-C;AC=MS:1001309	NT=Dithiothreitol (DTT);AC=PRIDE:0000608	NT=Iodoacetamide (IAA);AC=PRIDE:0000599	NT=Carbamidomethyl;AC=UNIMOD:4;TA=C;MT=Fixed	NT=Oxidation;AC=UNIMOD:35;TA=M;MT=Variable	NT=Acetyl;AC=UNIMOD:1;PP=Protein N-term;MT=Variable	NT=Deamidated;AC=UNIMOD:7;TA=N,Q;MT=Variable	7 ppm	20 ppm	not applicable	nonlinear 5-60% buffer B (80% acetonitrile, 0.5% formic acid) over 180 min at 250 nl/min	1	1	T8.EMRA_03steady-state.raw	v1.1.0	NT=ms-proteomics;VV=v1.1.0	NT=human;VV=v1.1.0	NT=sdrf-skills;VV=v0.2.0	effector memory CD8-positive, alpha-beta T cell, terminally differentiated	untreated
T8.EMRA_steady-state_cellular_04	Homo sapiens	blood	effector memory CD8-positive, alpha-beta T cell, terminally differentiated	normal	cell	adult	not available	not available	not available	not available	untreated	not applicable	4	T8.EMRA_04steady-state	proteomic profiling by mass spectrometry	NT=Q Exactive HF;AC=MS:1002523	label free sample	NT=Data-dependent acquisition;AC=PRIDE:0000627	NT=HCD;AC=MS:1000422	26 NCE	300m/z-1650m/z	NT=orbitrap;AC=MS:1000484	NT=Trypsin;AC=MS:1001251	NT=Lys-C;AC=MS:1001309	NT=Dithiothreitol (DTT);AC=PRIDE:0000608	NT=Iodoacetamide (IAA);AC=PRIDE:0000599	NT=Carbamidomethyl;AC=UNIMOD:4;TA=C;MT=Fixed	NT=Oxidation;AC=UNIMOD:35;TA=M;MT=Variable	NT=Acetyl;AC=UNIMOD:1;PP=Protein N-term;MT=Variable	NT=Deamidated;AC=UNIMOD:7;TA=N,Q;MT=Variable	7 ppm	20 ppm	not applicable	nonlinear 5-60% buffer B (80% acetonitrile, 0.5% formic acid) over 180 min at 250 nl/min	1	1	T8.EMRA_04steady-state.raw	v1.1.0	NT=ms-proteomics;VV=v1.1.0	NT=human;VV=v1.1.0	NT=sdrf-skills;VV=v0.2.0	effector memory CD8-positive, alpha-beta T cell, terminally differentiated	untreated
T8.EMRA_steady-state_cellular_05	Homo sapiens	blood	effector memory CD8-positive, alpha-beta T cell, terminally differentiated	normal	cell	adult	not available	not available	not available	not available	untreated	not applicable	5	Library_single.shot_15steady-state	proteomic profiling by mass spectrometry	NT=Q Exactive HF;AC=MS:1002523	label free sample	NT=Data-dependent acquisition;AC=PRIDE:0000627	NT=HCD;AC=MS:1000422	26 NCE	300m/z-1650m/z	NT=orbitrap;AC=MS:1000484	NT=Trypsin;AC=MS:1001251	NT=Lys-C;AC=MS:1001309	NT=Dithiothreitol (DTT);AC=PRIDE:0000608	NT=Iodoacetamide (IAA);AC=PRIDE:0000599	NT=Carbamidomethyl;AC=UNIMOD:4;TA=C;MT=Fixed	NT=Oxidation;AC=UNIMOD:35;TA=M;MT=Variable	NT=Acetyl;AC=UNIMOD:1;PP=Protein N-term;MT=Variable	NT=Deamidated;AC=UNIMOD:7;TA=N,Q;MT=Variable	7 ppm	20 ppm	not applicable	nonlinear 5-60% buffer B (80% acetonitrile, 0.5% formic acid) over 180 min at 250 nl/min	1	1	Library_single.shot_15steady-state.raw	v1.1.0	NT=ms-proteomics;VV=v1.1.0	NT=human;VV=v1.1.0	NT=sdrf-skills;VV=v0.2.0	effector memory CD8-positive, alpha-beta T cell, terminally differentiated	untreated
T8.EM_aCD3.aCD28.IL2_cellular_01	Homo sapiens	blood	effector memory CD8-positive, alpha-beta T cell	normal	cell	adult	not available	not available	not available	not available	anti-CD3 and anti-CD28 antibody with interleukin-2	96 hour	1	T8.EM_01activated	proteomic profiling by mass spectrometry	NT=Q Exactive HF;AC=MS:1002523	label free sample	NT=Data-dependent acquisition;AC=PRIDE:0000627	NT=HCD;AC=MS:1000422	26 NCE	300m/z-1650m/z	NT=orbitrap;AC=MS:1000484	NT=Trypsin;AC=MS:1001251	NT=Lys-C;AC=MS:1001309	NT=Dithiothreitol (DTT);AC=PRIDE:0000608	NT=Iodoacetamide (IAA);AC=PRIDE:0000599	NT=Carbamidomethyl;AC=UNIMOD:4;TA=C;MT=Fixed	NT=Oxidation;AC=UNIMOD:35;TA=M;MT=Variable	NT=Acetyl;AC=UNIMOD:1;PP=Protein N-term;MT=Variable	NT=Deamidated;AC=UNIMOD:7;TA=N,Q;MT=Variable	7 ppm	20 ppm	not applicable	nonlinear 5-60% buffer B (80% acetonitrile, 0.5% formic acid) over 180 min at 250 nl/min	1	1	T8.EM_01activated.raw	v1.1.0	NT=ms-proteomics;VV=v1.1.0	NT=human;VV=v1.1.0	NT=sdrf-skills;VV=v0.2.0	effector memory CD8-positive, alpha-beta T cell	anti-CD3 and anti-CD28 antibody with interleukin-2
T8.EM_aCD3.aCD28.IL2_cellular_01	Homo sapiens	blood	effector memory CD8-positive, alpha-beta T cell	normal	cell	adult	not available	not available	not available	not available	anti-CD3 and anti-CD28 antibody with interleukin-2	96 hour	1	Library_single.shot_52activated	proteomic profiling by mass spectrometry	NT=Q Exactive HF;AC=MS:1002523	label free sample	NT=Data-dependent acquisition;AC=PRIDE:0000627	NT=HCD;AC=MS:1000422	26 NCE	300m/z-1650m/z	NT=orbitrap;AC=MS:1000484	NT=Trypsin;AC=MS:1001251	NT=Lys-C;AC=MS:1001309	NT=Dithiothreitol (DTT);AC=PRIDE:0000608	NT=Iodoacetamide (IAA);AC=PRIDE:0000599	NT=Carbamidomethyl;AC=UNIMOD:4;TA=C;MT=Fixed	NT=Oxidation;AC=UNIMOD:35;TA=M;MT=Variable	NT=Acetyl;AC=UNIMOD:1;PP=Protein N-term;MT=Variable	NT=Deamidated;AC=UNIMOD:7;TA=N,Q;MT=Variable	7 ppm	20 ppm	not applicable	nonlinear 5-60% buffer B (80% acetonitrile, 0.5% formic acid) over 180 min at 250 nl/min	1	2	Library_single.shot_52activated.raw	v1.1.0	NT=ms-proteomics;VV=v1.1.0	NT=human;VV=v1.1.0	NT=sdrf-skills;VV=v0.2.0	effector memory CD8-positive, alpha-beta T cell	anti-CD3 and anti-CD28 antibody with interleukin-2
T8.EM_aCD3.aCD28.IL2_cellular_02	Homo sapiens	blood	effector memory CD8-positive, alpha-beta T cell	normal	cell	adult	not available	not available	not available	not available	anti-CD3 and anti-CD28 antibody with interleukin-2	96 hour	2	T8.EM_02activated	proteomic profiling by mass spectrometry	NT=Q Exactive HF;AC=MS:1002523	label free sample	NT=Data-dependent acquisition;AC=PRIDE:0000627	NT=HCD;AC=MS:1000422	26 NCE	300m/z-1650m/z	NT=orbitrap;AC=MS:1000484	NT=Trypsin;AC=MS:1001251	NT=Lys-C;AC=MS:1001309	NT=Dithiothreitol (DTT);AC=PRIDE:0000608	NT=Iodoacetamide (IAA);AC=PRIDE:0000599	NT=Carbamidomethyl;AC=UNIMOD:4;TA=C;MT=Fixed	NT=Oxidation;AC=UNIMOD:35;TA=M;MT=Variable	NT=Acetyl;AC=UNIMOD:1;PP=Protein N-term;MT=Variable	NT=Deamidated;AC=UNIMOD:7;TA=N,Q;MT=Variable	7 ppm	20 ppm	not applicable	nonlinear 5-60% buffer B (80% acetonitrile, 0.5% formic acid) over 180 min at 250 nl/min	1	1	T8.EM_02activated.raw	v1.1.0	NT=ms-proteomics;VV=v1.1.0	NT=human;VV=v1.1.0	NT=sdrf-skills;VV=v0.2.0	effector memory CD8-positive, alpha-beta T cell	anti-CD3 and anti-CD28 antibody with interleukin-2
T8.EM_aCD3.aCD28.IL2_cellular_02	Homo sapiens	blood	effector memory CD8-positive, alpha-beta T cell	normal	cell	adult	not available	not available	not available	not available	anti-CD3 and anti-CD28 antibody with interleukin-2	96 hour	2	Library_single.shot_40activated	proteomic profiling by mass spectrometry	NT=Q Exactive HF;AC=MS:1002523	label free sample	NT=Data-dependent acquisition;AC=PRIDE:0000627	NT=HCD;AC=MS:1000422	26 NCE	300m/z-1650m/z	NT=orbitrap;AC=MS:1000484	NT=Trypsin;AC=MS:1001251	NT=Lys-C;AC=MS:1001309	NT=Dithiothreitol (DTT);AC=PRIDE:0000608	NT=Iodoacetamide (IAA);AC=PRIDE:0000599	NT=Carbamidomethyl;AC=UNIMOD:4;TA=C;MT=Fixed	NT=Oxidation;AC=UNIMOD:35;TA=M;MT=Variable	NT=Acetyl;AC=UNIMOD:1;PP=Protein N-term;MT=Variable	NT=Deamidated;AC=UNIMOD:7;TA=N,Q;MT=Variable	7 ppm	20 ppm	not applicable	nonlinear 5-60% buffer B (80% acetonitrile, 0.5% formic acid) over 180 min at 250 nl/min	1	2	Library_single.shot_40activated.raw	v1.1.0	NT=ms-proteomics;VV=v1.1.0	NT=human;VV=v1.1.0	NT=sdrf-skills;VV=v0.2.0	effector memory CD8-positive, alpha-beta T cell	anti-CD3 and anti-CD28 antibody with interleukin-2
T8.EM_aCD3.aCD28.IL2_cellular_03	Homo sapiens	blood	effector memory CD8-positive, alpha-beta T cell	normal	cell	adult	not available	not available	not available	not available	anti-CD3 and anti-CD28 antibody with interleukin-2	96 hour	3	T8.EM_03activated	proteomic profiling by mass spectrometry	NT=Q Exactive HF;AC=MS:1002523	label free sample	NT=Data-dependent acquisition;AC=PRIDE:0000627	NT=HCD;AC=MS:1000422	26 NCE	300m/z-1650m/z	NT=orbitrap;AC=MS:1000484	NT=Trypsin;AC=MS:1001251	NT=Lys-C;AC=MS:1001309	NT=Dithiothreitol (DTT);AC=PRIDE:0000608	NT=Iodoacetamide (IAA);AC=PRIDE:0000599	NT=Carbamidomethyl;AC=UNIMOD:4;TA=C;MT=Fixed	NT=Oxidation;AC=UNIMOD:35;TA=M;MT=Variable	NT=Acetyl;AC=UNIMOD:1;PP=Protein N-term;MT=Variable	NT=Deamidated;AC=UNIMOD:7;TA=N,Q;MT=Variable	7 ppm	20 ppm	not applicable	nonlinear 5-60% buffer B (80% acetonitrile, 0.5% formic acid) over 180 min at 250 nl/min	1	1	T8.EM_03activated.raw	v1.1.0	NT=ms-proteomics;VV=v1.1.0	NT=human;VV=v1.1.0	NT=sdrf-skills;VV=v0.2.0	effector memory CD8-positive, alpha-beta T cell	anti-CD3 and anti-CD28 antibody with interleukin-2
T8.EM_aCD3.aCD28.IL2_cellular_03	Homo sapiens	blood	effector memory CD8-positive, alpha-beta T cell	normal	cell	adult	not available	not available	not available	not available	anti-CD3 and anti-CD28 antibody with interleukin-2	96 hour	3	Library_single.shot_37activated	proteomic profiling by mass spectrometry	NT=Q Exactive HF;AC=MS:1002523	label free sample	NT=Data-dependent acquisition;AC=PRIDE:0000627	NT=HCD;AC=MS:1000422	26 NCE	300m/z-1650m/z	NT=orbitrap;AC=MS:1000484	NT=Trypsin;AC=MS:1001251	NT=Lys-C;AC=MS:1001309	NT=Dithiothreitol (DTT);AC=PRIDE:0000608	NT=Iodoacetamide (IAA);AC=PRIDE:0000599	NT=Carbamidomethyl;AC=UNIMOD:4;TA=C;MT=Fixed	NT=Oxidation;AC=UNIMOD:35;TA=M;MT=Variable	NT=Acetyl;AC=UNIMOD:1;PP=Protein N-term;MT=Variable	NT=Deamidated;AC=UNIMOD:7;TA=N,Q;MT=Variable	7 ppm	20 ppm	not applicable	nonlinear 5-60% buffer B (80% acetonitrile, 0.5% formic acid) over 180 min at 250 nl/min	1	2	Library_single.shot_37activated.raw	v1.1.0	NT=ms-proteomics;VV=v1.1.0	NT=human;VV=v1.1.0	NT=sdrf-skills;VV=v0.2.0	effector memory CD8-positive, alpha-beta T cell	anti-CD3 and anti-CD28 antibody with interleukin-2
T8.EM_aCD3.aCD28.IL2_cellular_04	Homo sapiens	blood	effector memory CD8-positive, alpha-beta T cell	normal	cell	adult	not available	not available	not available	not available	anti-CD3 and anti-CD28 antibody with interleukin-2	96 hour	4	T8.EM_04activated	proteomic profiling by mass spectrometry	NT=Q Exactive HF;AC=MS:1002523	label free sample	NT=Data-dependent acquisition;AC=PRIDE:0000627	NT=HCD;AC=MS:1000422	26 NCE	300m/z-1650m/z	NT=orbitrap;AC=MS:1000484	NT=Trypsin;AC=MS:1001251	NT=Lys-C;AC=MS:1001309	NT=Dithiothreitol (DTT);AC=PRIDE:0000608	NT=Iodoacetamide (IAA);AC=PRIDE:0000599	NT=Carbamidomethyl;AC=UNIMOD:4;TA=C;MT=Fixed	NT=Oxidation;AC=UNIMOD:35;TA=M;MT=Variable	NT=Acetyl;AC=UNIMOD:1;PP=Protein N-term;MT=Variable	NT=Deamidated;AC=UNIMOD:7;TA=N,Q;MT=Variable	7 ppm	20 ppm	not applicable	nonlinear 5-60% buffer B (80% acetonitrile, 0.5% formic acid) over 180 min at 250 nl/min	1	1	T8.EM_04activated.raw	v1.1.0	NT=ms-proteomics;VV=v1.1.0	NT=human;VV=v1.1.0	NT=sdrf-skills;VV=v0.2.0	effector memory CD8-positive, alpha-beta T cell	anti-CD3 and anti-CD28 antibody with interleukin-2
T8.EM_aCD3.aCD28.IL2_cellular_04	Homo sapiens	blood	effector memory CD8-positive, alpha-beta T cell	normal	cell	adult	not available	not available	not available	not available	anti-CD3 and anti-CD28 antibody with interleukin-2	96 hour	4	Library_single.shot_33activated	proteomic profiling by mass spectrometry	NT=Q Exactive HF;AC=MS:1002523	label free sample	NT=Data-dependent acquisition;AC=PRIDE:0000627	NT=HCD;AC=MS:1000422	26 NCE	300m/z-1650m/z	NT=orbitrap;AC=MS:1000484	NT=Trypsin;AC=MS:1001251	NT=Lys-C;AC=MS:1001309	NT=Dithiothreitol (DTT);AC=PRIDE:0000608	NT=Iodoacetamide (IAA);AC=PRIDE:0000599	NT=Carbamidomethyl;AC=UNIMOD:4;TA=C;MT=Fixed	NT=Oxidation;AC=UNIMOD:35;TA=M;MT=Variable	NT=Acetyl;AC=UNIMOD:1;PP=Protein N-term;MT=Variable	NT=Deamidated;AC=UNIMOD:7;TA=N,Q;MT=Variable	7 ppm	20 ppm	not applicable	nonlinear 5-60% buffer B (80% acetonitrile, 0.5% formic acid) over 180 min at 250 nl/min	1	2	Library_single.shot_33activated.raw	v1.1.0	NT=ms-proteomics;VV=v1.1.0	NT=human;VV=v1.1.0	NT=sdrf-skills;VV=v0.2.0	effector memory CD8-positive, alpha-beta T cell	anti-CD3 and anti-CD28 antibody with interleukin-2
T8.EM_steady-state_cellular_01	Homo sapiens	blood	effector memory CD8-positive, alpha-beta T cell	normal	cell	adult	not available	not available	not available	not available	untreated	not applicable	1	T8.EM_01steady-state	proteomic profiling by mass spectrometry	NT=Q Exactive HF;AC=MS:1002523	label free sample	NT=Data-dependent acquisition;AC=PRIDE:0000627	NT=HCD;AC=MS:1000422	26 NCE	300m/z-1650m/z	NT=orbitrap;AC=MS:1000484	NT=Trypsin;AC=MS:1001251	NT=Lys-C;AC=MS:1001309	NT=Dithiothreitol (DTT);AC=PRIDE:0000608	NT=Iodoacetamide (IAA);AC=PRIDE:0000599	NT=Carbamidomethyl;AC=UNIMOD:4;TA=C;MT=Fixed	NT=Oxidation;AC=UNIMOD:35;TA=M;MT=Variable	NT=Acetyl;AC=UNIMOD:1;PP=Protein N-term;MT=Variable	NT=Deamidated;AC=UNIMOD:7;TA=N,Q;MT=Variable	7 ppm	20 ppm	not applicable	nonlinear 5-60% buffer B (80% acetonitrile, 0.5% formic acid) over 180 min at 250 nl/min	1	1	T8.EM_01steady-state.raw	v1.1.0	NT=ms-proteomics;VV=v1.1.0	NT=human;VV=v1.1.0	NT=sdrf-skills;VV=v0.2.0	effector memory CD8-positive, alpha-beta T cell	untreated
T8.EM_steady-state_cellular_01	Homo sapiens	blood	effector memory CD8-positive, alpha-beta T cell	normal	cell	adult	not available	not available	not available	not available	untreated	not applicable	1	Library_single.shot_74steady-state	proteomic profiling by mass spectrometry	NT=Q Exactive HF;AC=MS:1002523	label free sample	NT=Data-dependent acquisition;AC=PRIDE:0000627	NT=HCD;AC=MS:1000422	26 NCE	300m/z-1650m/z	NT=orbitrap;AC=MS:1000484	NT=Trypsin;AC=MS:1001251	NT=Lys-C;AC=MS:1001309	NT=Dithiothreitol (DTT);AC=PRIDE:0000608	NT=Iodoacetamide (IAA);AC=PRIDE:0000599	NT=Carbamidomethyl;AC=UNIMOD:4;TA=C;MT=Fixed	NT=Oxidation;AC=UNIMOD:35;TA=M;MT=Variable	NT=Acetyl;AC=UNIMOD:1;PP=Protein N-term;MT=Variable	NT=Deamidated;AC=UNIMOD:7;TA=N,Q;MT=Variable	7 ppm	20 ppm	not applicable	nonlinear 5-60% buffer B (80% acetonitrile, 0.5% formic acid) over 180 min at 250 nl/min	1	2	Library_single.shot_74steady-state.raw	v1.1.0	NT=ms-proteomics;VV=v1.1.0	NT=human;VV=v1.1.0	NT=sdrf-skills;VV=v0.2.0	effector memory CD8-positive, alpha-beta T cell	untreated
T8.EM_steady-state_cellular_02	Homo sapiens	blood	effector memory CD8-positive, alpha-beta T cell	normal	cell	adult	not available	not available	not available	not available	untreated	not applicable	2	T8.EM_02steady-state	proteomic profiling by mass spectrometry	NT=Q Exactive HF;AC=MS:1002523	label free sample	NT=Data-dependent acquisition;AC=PRIDE:0000627	NT=HCD;AC=MS:1000422	26 NCE	300m/z-1650m/z	NT=orbitrap;AC=MS:1000484	NT=Trypsin;AC=MS:1001251	NT=Lys-C;AC=MS:1001309	NT=Dithiothreitol (DTT);AC=PRIDE:0000608	NT=Iodoacetamide (IAA);AC=PRIDE:0000599	NT=Carbamidomethyl;AC=UNIMOD:4;TA=C;MT=Fixed	NT=Oxidation;AC=UNIMOD:35;TA=M;MT=Variable	NT=Acetyl;AC=UNIMOD:1;PP=Protein N-term;MT=Variable	NT=Deamidated;AC=UNIMOD:7;TA=N,Q;MT=Variable	7 ppm	20 ppm	not applicable	nonlinear 5-60% buffer B (80% acetonitrile, 0.5% formic acid) over 180 min at 250 nl/min	1	1	T8.EM_02steady-state.raw	v1.1.0	NT=ms-proteomics;VV=v1.1.0	NT=human;VV=v1.1.0	NT=sdrf-skills;VV=v0.2.0	effector memory CD8-positive, alpha-beta T cell	untreated
T8.EM_steady-state_cellular_02	Homo sapiens	blood	effector memory CD8-positive, alpha-beta T cell	normal	cell	adult	not available	not available	not available	not available	untreated	not applicable	2	Library_single.shot_62steady-state	proteomic profiling by mass spectrometry	NT=Q Exactive HF;AC=MS:1002523	label free sample	NT=Data-dependent acquisition;AC=PRIDE:0000627	NT=HCD;AC=MS:1000422	26 NCE	300m/z-1650m/z	NT=orbitrap;AC=MS:1000484	NT=Trypsin;AC=MS:1001251	NT=Lys-C;AC=MS:1001309	NT=Dithiothreitol (DTT);AC=PRIDE:0000608	NT=Iodoacetamide (IAA);AC=PRIDE:0000599	NT=Carbamidomethyl;AC=UNIMOD:4;TA=C;MT=Fixed	NT=Oxidation;AC=UNIMOD:35;TA=M;MT=Variable	NT=Acetyl;AC=UNIMOD:1;PP=Protein N-term;MT=Variable	NT=Deamidated;AC=UNIMOD:7;TA=N,Q;MT=Variable	7 ppm	20 ppm	not applicable	nonlinear 5-60% buffer B (80% acetonitrile, 0.5% formic acid) over 180 min at 250 nl/min	1	2	Library_single.shot_62steady-state.raw	v1.1.0	NT=ms-proteomics;VV=v1.1.0	NT=human;VV=v1.1.0	NT=sdrf-skills;VV=v0.2.0	effector memory CD8-positive, alpha-beta T cell	untreated
T8.EM_steady-state_cellular_03	Homo sapiens	blood	effector memory CD8-positive, alpha-beta T cell	normal	cell	adult	not available	not available	not available	not available	untreated	not applicable	3	T8.EM_03steady-state	proteomic profiling by mass spectrometry	NT=Q Exactive HF;AC=MS:1002523	label free sample	NT=Data-dependent acquisition;AC=PRIDE:0000627	NT=HCD;AC=MS:1000422	26 NCE	300m/z-1650m/z	NT=orbitrap;AC=MS:1000484	NT=Trypsin;AC=MS:1001251	NT=Lys-C;AC=MS:1001309	NT=Dithiothreitol (DTT);AC=PRIDE:0000608	NT=Iodoacetamide (IAA);AC=PRIDE:0000599	NT=Carbamidomethyl;AC=UNIMOD:4;TA=C;MT=Fixed	NT=Oxidation;AC=UNIMOD:35;TA=M;MT=Variable	NT=Acetyl;AC=UNIMOD:1;PP=Protein N-term;MT=Variable	NT=Deamidated;AC=UNIMOD:7;TA=N,Q;MT=Variable	7 ppm	20 ppm	not applicable	nonlinear 5-60% buffer B (80% acetonitrile, 0.5% formic acid) over 180 min at 250 nl/min	1	1	T8.EM_03steady-state.raw	v1.1.0	NT=ms-proteomics;VV=v1.1.0	NT=human;VV=v1.1.0	NT=sdrf-skills;VV=v0.2.0	effector memory CD8-positive, alpha-beta T cell	untreated
T8.EM_steady-state_cellular_03	Homo sapiens	blood	effector memory CD8-positive, alpha-beta T cell	normal	cell	adult	not available	not available	not available	not available	untreated	not applicable	3	Library_single.shot_59steady-state	proteomic profiling by mass spectrometry	NT=Q Exactive HF;AC=MS:1002523	label free sample	NT=Data-dependent acquisition;AC=PRIDE:0000627	NT=HCD;AC=MS:1000422	26 NCE	300m/z-1650m/z	NT=orbitrap;AC=MS:1000484	NT=Trypsin;AC=MS:1001251	NT=Lys-C;AC=MS:1001309	NT=Dithiothreitol (DTT);AC=PRIDE:0000608	NT=Iodoacetamide (IAA);AC=PRIDE:0000599	NT=Carbamidomethyl;AC=UNIMOD:4;TA=C;MT=Fixed	NT=Oxidation;AC=UNIMOD:35;TA=M;MT=Variable	NT=Acetyl;AC=UNIMOD:1;PP=Protein N-term;MT=Variable	NT=Deamidated;AC=UNIMOD:7;TA=N,Q;MT=Variable	7 ppm	20 ppm	not applicable	nonlinear 5-60% buffer B (80% acetonitrile, 0.5% formic acid) over 180 min at 250 nl/min	1	2	Library_single.shot_59steady-state.raw	v1.1.0	NT=ms-proteomics;VV=v1.1.0	NT=human;VV=v1.1.0	NT=sdrf-skills;VV=v0.2.0	effector memory CD8-positive, alpha-beta T cell	untreated
T8.EM_steady-state_cellular_04	Homo sapiens	blood	effector memory CD8-positive, alpha-beta T cell	normal	cell	adult	not available	not available	not available	not available	untreated	not applicable	4	T8.EM_04steady-state	proteomic profiling by mass spectrometry	NT=Q Exactive HF;AC=MS:1002523	label free sample	NT=Data-dependent acquisition;AC=PRIDE:0000627	NT=HCD;AC=MS:1000422	26 NCE	300m/z-1650m/z	NT=orbitrap;AC=MS:1000484	NT=Trypsin;AC=MS:1001251	NT=Lys-C;AC=MS:1001309	NT=Dithiothreitol (DTT);AC=PRIDE:0000608	NT=Iodoacetamide (IAA);AC=PRIDE:0000599	NT=Carbamidomethyl;AC=UNIMOD:4;TA=C;MT=Fixed	NT=Oxidation;AC=UNIMOD:35;TA=M;MT=Variable	NT=Acetyl;AC=UNIMOD:1;PP=Protein N-term;MT=Variable	NT=Deamidated;AC=UNIMOD:7;TA=N,Q;MT=Variable	7 ppm	20 ppm	not applicable	nonlinear 5-60% buffer B (80% acetonitrile, 0.5% formic acid) over 180 min at 250 nl/min	1	1	T8.EM_04steady-state.raw	v1.1.0	NT=ms-proteomics;VV=v1.1.0	NT=human;VV=v1.1.0	NT=sdrf-skills;VV=v0.2.0	effector memory CD8-positive, alpha-beta T cell	untreated
T8.EM_steady-state_cellular_05	Homo sapiens	blood	effector memory CD8-positive, alpha-beta T cell	normal	cell	adult	not available	not available	not available	not available	untreated	not applicable	5	Library_single.shot_78steady-state	proteomic profiling by mass spectrometry	NT=Q Exactive HF;AC=MS:1002523	label free sample	NT=Data-dependent acquisition;AC=PRIDE:0000627	NT=HCD;AC=MS:1000422	26 NCE	300m/z-1650m/z	NT=orbitrap;AC=MS:1000484	NT=Trypsin;AC=MS:1001251	NT=Lys-C;AC=MS:1001309	NT=Dithiothreitol (DTT);AC=PRIDE:0000608	NT=Iodoacetamide (IAA);AC=PRIDE:0000599	NT=Carbamidomethyl;AC=UNIMOD:4;TA=C;MT=Fixed	NT=Oxidation;AC=UNIMOD:35;TA=M;MT=Variable	NT=Acetyl;AC=UNIMOD:1;PP=Protein N-term;MT=Variable	NT=Deamidated;AC=UNIMOD:7;TA=N,Q;MT=Variable	7 ppm	20 ppm	not applicable	nonlinear 5-60% buffer B (80% acetonitrile, 0.5% formic acid) over 180 min at 250 nl/min	1	1	Library_single.shot_78steady-state.raw	v1.1.0	NT=ms-proteomics;VV=v1.1.0	NT=human;VV=v1.1.0	NT=sdrf-skills;VV=v0.2.0	effector memory CD8-positive, alpha-beta T cell	untreated
T8.EM_steady-state_cellular_05	Homo sapiens	blood	effector memory CD8-positive, alpha-beta T cell	normal	cell	adult	not available	not available	not available	not available	untreated	not applicable	5	Library_single.shot_79steady-state	proteomic profiling by mass spectrometry	NT=Q Exactive HF;AC=MS:1002523	label free sample	NT=Data-dependent acquisition;AC=PRIDE:0000627	NT=HCD;AC=MS:1000422	26 NCE	300m/z-1650m/z	NT=orbitrap;AC=MS:1000484	NT=Trypsin;AC=MS:1001251	NT=Lys-C;AC=MS:1001309	NT=Dithiothreitol (DTT);AC=PRIDE:0000608	NT=Iodoacetamide (IAA);AC=PRIDE:0000599	NT=Carbamidomethyl;AC=UNIMOD:4;TA=C;MT=Fixed	NT=Oxidation;AC=UNIMOD:35;TA=M;MT=Variable	NT=Acetyl;AC=UNIMOD:1;PP=Protein N-term;MT=Variable	NT=Deamidated;AC=UNIMOD:7;TA=N,Q;MT=Variable	7 ppm	20 ppm	not applicable	nonlinear 5-60% buffer B (80% acetonitrile, 0.5% formic acid) over 180 min at 250 nl/min	1	2	Library_single.shot_79steady-state.raw	v1.1.0	NT=ms-proteomics;VV=v1.1.0	NT=human;VV=v1.1.0	NT=sdrf-skills;VV=v0.2.0	effector memory CD8-positive, alpha-beta T cell	untreated
T8.naive_aCD3.aCD28.IL2_cellular_01	Homo sapiens	blood	naive thymus-derived CD8-positive, alpha-beta T cell	normal	cell	adult	not available	not available	not available	not available	anti-CD3 and anti-CD28 antibody with interleukin-2	96 hour	1	T8.naive_01activated	proteomic profiling by mass spectrometry	NT=Q Exactive HF;AC=MS:1002523	label free sample	NT=Data-dependent acquisition;AC=PRIDE:0000627	NT=HCD;AC=MS:1000422	26 NCE	300m/z-1650m/z	NT=orbitrap;AC=MS:1000484	NT=Trypsin;AC=MS:1001251	NT=Lys-C;AC=MS:1001309	NT=Dithiothreitol (DTT);AC=PRIDE:0000608	NT=Iodoacetamide (IAA);AC=PRIDE:0000599	NT=Carbamidomethyl;AC=UNIMOD:4;TA=C;MT=Fixed	NT=Oxidation;AC=UNIMOD:35;TA=M;MT=Variable	NT=Acetyl;AC=UNIMOD:1;PP=Protein N-term;MT=Variable	NT=Deamidated;AC=UNIMOD:7;TA=N,Q;MT=Variable	7 ppm	20 ppm	not applicable	nonlinear 5-60% buffer B (80% acetonitrile, 0.5% formic acid) over 180 min at 250 nl/min	1	1	T8.naive_01activated.raw	v1.1.0	NT=ms-proteomics;VV=v1.1.0	NT=human;VV=v1.1.0	NT=sdrf-skills;VV=v0.2.0	naive thymus-derived CD8-positive, alpha-beta T cell	anti-CD3 and anti-CD28 antibody with interleukin-2
T8.naive_aCD3.aCD28.IL2_cellular_01	Homo sapiens	blood	naive thymus-derived CD8-positive, alpha-beta T cell	normal	cell	adult	not available	not available	not available	not available	anti-CD3 and anti-CD28 antibody with interleukin-2	96 hour	1	Library_single.shot_53activated	proteomic profiling by mass spectrometry	NT=Q Exactive HF;AC=MS:1002523	label free sample	NT=Data-dependent acquisition;AC=PRIDE:0000627	NT=HCD;AC=MS:1000422	26 NCE	300m/z-1650m/z	NT=orbitrap;AC=MS:1000484	NT=Trypsin;AC=MS:1001251	NT=Lys-C;AC=MS:1001309	NT=Dithiothreitol (DTT);AC=PRIDE:0000608	NT=Iodoacetamide (IAA);AC=PRIDE:0000599	NT=Carbamidomethyl;AC=UNIMOD:4;TA=C;MT=Fixed	NT=Oxidation;AC=UNIMOD:35;TA=M;MT=Variable	NT=Acetyl;AC=UNIMOD:1;PP=Protein N-term;MT=Variable	NT=Deamidated;AC=UNIMOD:7;TA=N,Q;MT=Variable	7 ppm	20 ppm	not applicable	nonlinear 5-60% buffer B (80% acetonitrile, 0.5% formic acid) over 180 min at 250 nl/min	1	2	Library_single.shot_53activated.raw	v1.1.0	NT=ms-proteomics;VV=v1.1.0	NT=human;VV=v1.1.0	NT=sdrf-skills;VV=v0.2.0	naive thymus-derived CD8-positive, alpha-beta T cell	anti-CD3 and anti-CD28 antibody with interleukin-2
T8.naive_aCD3.aCD28.IL2_cellular_02	Homo sapiens	blood	naive thymus-derived CD8-positive, alpha-beta T cell	normal	cell	adult	not available	not available	not available	not available	anti-CD3 and anti-CD28 antibody with interleukin-2	96 hour	2	T8.naive_02activated	proteomic profiling by mass spectrometry	NT=Q Exactive HF;AC=MS:1002523	label free sample	NT=Data-dependent acquisition;AC=PRIDE:0000627	NT=HCD;AC=MS:1000422	26 NCE	300m/z-1650m/z	NT=orbitrap;AC=MS:1000484	NT=Trypsin;AC=MS:1001251	NT=Lys-C;AC=MS:1001309	NT=Dithiothreitol (DTT);AC=PRIDE:0000608	NT=Iodoacetamide (IAA);AC=PRIDE:0000599	NT=Carbamidomethyl;AC=UNIMOD:4;TA=C;MT=Fixed	NT=Oxidation;AC=UNIMOD:35;TA=M;MT=Variable	NT=Acetyl;AC=UNIMOD:1;PP=Protein N-term;MT=Variable	NT=Deamidated;AC=UNIMOD:7;TA=N,Q;MT=Variable	7 ppm	20 ppm	not applicable	nonlinear 5-60% buffer B (80% acetonitrile, 0.5% formic acid) over 180 min at 250 nl/min	1	1	T8.naive_02activated.raw	v1.1.0	NT=ms-proteomics;VV=v1.1.0	NT=human;VV=v1.1.0	NT=sdrf-skills;VV=v0.2.0	naive thymus-derived CD8-positive, alpha-beta T cell	anti-CD3 and anti-CD28 antibody with interleukin-2
T8.naive_aCD3.aCD28.IL2_cellular_02	Homo sapiens	blood	naive thymus-derived CD8-positive, alpha-beta T cell	normal	cell	adult	not available	not available	not available	not available	anti-CD3 and anti-CD28 antibody with interleukin-2	96 hour	2	Library_single.shot_43activated	proteomic profiling by mass spectrometry	NT=Q Exactive HF;AC=MS:1002523	label free sample	NT=Data-dependent acquisition;AC=PRIDE:0000627	NT=HCD;AC=MS:1000422	26 NCE	300m/z-1650m/z	NT=orbitrap;AC=MS:1000484	NT=Trypsin;AC=MS:1001251	NT=Lys-C;AC=MS:1001309	NT=Dithiothreitol (DTT);AC=PRIDE:0000608	NT=Iodoacetamide (IAA);AC=PRIDE:0000599	NT=Carbamidomethyl;AC=UNIMOD:4;TA=C;MT=Fixed	NT=Oxidation;AC=UNIMOD:35;TA=M;MT=Variable	NT=Acetyl;AC=UNIMOD:1;PP=Protein N-term;MT=Variable	NT=Deamidated;AC=UNIMOD:7;TA=N,Q;MT=Variable	7 ppm	20 ppm	not applicable	nonlinear 5-60% buffer B (80% acetonitrile, 0.5% formic acid) over 180 min at 250 nl/min	1	2	Library_single.shot_43activated.raw	v1.1.0	NT=ms-proteomics;VV=v1.1.0	NT=human;VV=v1.1.0	NT=sdrf-skills;VV=v0.2.0	naive thymus-derived CD8-positive, alpha-beta T cell	anti-CD3 and anti-CD28 antibody with interleukin-2
T8.naive_aCD3.aCD28.IL2_cellular_03	Homo sapiens	blood	naive thymus-derived CD8-positive, alpha-beta T cell	normal	cell	adult	not available	not available	not available	not available	anti-CD3 and anti-CD28 antibody with interleukin-2	96 hour	3	T8.naive_03activated	proteomic profiling by mass spectrometry	NT=Q Exactive HF;AC=MS:1002523	label free sample	NT=Data-dependent acquisition;AC=PRIDE:0000627	NT=HCD;AC=MS:1000422	26 NCE	300m/z-1650m/z	NT=orbitrap;AC=MS:1000484	NT=Trypsin;AC=MS:1001251	NT=Lys-C;AC=MS:1001309	NT=Dithiothreitol (DTT);AC=PRIDE:0000608	NT=Iodoacetamide (IAA);AC=PRIDE:0000599	NT=Carbamidomethyl;AC=UNIMOD:4;TA=C;MT=Fixed	NT=Oxidation;AC=UNIMOD:35;TA=M;MT=Variable	NT=Acetyl;AC=UNIMOD:1;PP=Protein N-term;MT=Variable	NT=Deamidated;AC=UNIMOD:7;TA=N,Q;MT=Variable	7 ppm	20 ppm	not applicable	nonlinear 5-60% buffer B (80% acetonitrile, 0.5% formic acid) over 180 min at 250 nl/min	1	1	T8.naive_03activated.raw	v1.1.0	NT=ms-proteomics;VV=v1.1.0	NT=human;VV=v1.1.0	NT=sdrf-skills;VV=v0.2.0	naive thymus-derived CD8-positive, alpha-beta T cell	anti-CD3 and anti-CD28 antibody with interleukin-2
T8.naive_aCD3.aCD28.IL2_cellular_03	Homo sapiens	blood	naive thymus-derived CD8-positive, alpha-beta T cell	normal	cell	adult	not available	not available	not available	not available	anti-CD3 and anti-CD28 antibody with interleukin-2	96 hour	3	Library_single.shot_39activated	proteomic profiling by mass spectrometry	NT=Q Exactive HF;AC=MS:1002523	label free sample	NT=Data-dependent acquisition;AC=PRIDE:0000627	NT=HCD;AC=MS:1000422	26 NCE	300m/z-1650m/z	NT=orbitrap;AC=MS:1000484	NT=Trypsin;AC=MS:1001251	NT=Lys-C;AC=MS:1001309	NT=Dithiothreitol (DTT);AC=PRIDE:0000608	NT=Iodoacetamide (IAA);AC=PRIDE:0000599	NT=Carbamidomethyl;AC=UNIMOD:4;TA=C;MT=Fixed	NT=Oxidation;AC=UNIMOD:35;TA=M;MT=Variable	NT=Acetyl;AC=UNIMOD:1;PP=Protein N-term;MT=Variable	NT=Deamidated;AC=UNIMOD:7;TA=N,Q;MT=Variable	7 ppm	20 ppm	not applicable	nonlinear 5-60% buffer B (80% acetonitrile, 0.5% formic acid) over 180 min at 250 nl/min	1	2	Library_single.shot_39activated.raw	v1.1.0	NT=ms-proteomics;VV=v1.1.0	NT=human;VV=v1.1.0	NT=sdrf-skills;VV=v0.2.0	naive thymus-derived CD8-positive, alpha-beta T cell	anti-CD3 and anti-CD28 antibody with interleukin-2
T8.naive_aCD3.aCD28.IL2_cellular_04	Homo sapiens	blood	naive thymus-derived CD8-positive, alpha-beta T cell	normal	cell	adult	not available	not available	not available	not available	anti-CD3 and anti-CD28 antibody with interleukin-2	96 hour	4	T8.naive_04activated	proteomic profiling by mass spectrometry	NT=Q Exactive HF;AC=MS:1002523	label free sample	NT=Data-dependent acquisition;AC=PRIDE:0000627	NT=HCD;AC=MS:1000422	26 NCE	300m/z-1650m/z	NT=orbitrap;AC=MS:1000484	NT=Trypsin;AC=MS:1001251	NT=Lys-C;AC=MS:1001309	NT=Dithiothreitol (DTT);AC=PRIDE:0000608	NT=Iodoacetamide (IAA);AC=PRIDE:0000599	NT=Carbamidomethyl;AC=UNIMOD:4;TA=C;MT=Fixed	NT=Oxidation;AC=UNIMOD:35;TA=M;MT=Variable	NT=Acetyl;AC=UNIMOD:1;PP=Protein N-term;MT=Variable	NT=Deamidated;AC=UNIMOD:7;TA=N,Q;MT=Variable	7 ppm	20 ppm	not applicable	nonlinear 5-60% buffer B (80% acetonitrile, 0.5% formic acid) over 180 min at 250 nl/min	1	1	T8.naive_04activated.raw	v1.1.0	NT=ms-proteomics;VV=v1.1.0	NT=human;VV=v1.1.0	NT=sdrf-skills;VV=v0.2.0	naive thymus-derived CD8-positive, alpha-beta T cell	anti-CD3 and anti-CD28 antibody with interleukin-2
T8.naive_aCD3.aCD28.IL2_cellular_04	Homo sapiens	blood	naive thymus-derived CD8-positive, alpha-beta T cell	normal	cell	adult	not available	not available	not available	not available	anti-CD3 and anti-CD28 antibody with interleukin-2	96 hour	4	Library_single.shot_35activated	proteomic profiling by mass spectrometry	NT=Q Exactive HF;AC=MS:1002523	label free sample	NT=Data-dependent acquisition;AC=PRIDE:0000627	NT=HCD;AC=MS:1000422	26 NCE	300m/z-1650m/z	NT=orbitrap;AC=MS:1000484	NT=Trypsin;AC=MS:1001251	NT=Lys-C;AC=MS:1001309	NT=Dithiothreitol (DTT);AC=PRIDE:0000608	NT=Iodoacetamide (IAA);AC=PRIDE:0000599	NT=Carbamidomethyl;AC=UNIMOD:4;TA=C;MT=Fixed	NT=Oxidation;AC=UNIMOD:35;TA=M;MT=Variable	NT=Acetyl;AC=UNIMOD:1;PP=Protein N-term;MT=Variable	NT=Deamidated;AC=UNIMOD:7;TA=N,Q;MT=Variable	7 ppm	20 ppm	not applicable	nonlinear 5-60% buffer B (80% acetonitrile, 0.5% formic acid) over 180 min at 250 nl/min	1	2	Library_single.shot_35activated.raw	v1.1.0	NT=ms-proteomics;VV=v1.1.0	NT=human;VV=v1.1.0	NT=sdrf-skills;VV=v0.2.0	naive thymus-derived CD8-positive, alpha-beta T cell	anti-CD3 and anti-CD28 antibody with interleukin-2
T8.naive_steady-state_cellular_01	Homo sapiens	blood	naive thymus-derived CD8-positive, alpha-beta T cell	normal	cell	adult	not available	not available	not available	not available	untreated	not applicable	1	T8.naive_01steady-state	proteomic profiling by mass spectrometry	NT=Q Exactive HF;AC=MS:1002523	label free sample	NT=Data-dependent acquisition;AC=PRIDE:0000627	NT=HCD;AC=MS:1000422	26 NCE	300m/z-1650m/z	NT=orbitrap;AC=MS:1000484	NT=Trypsin;AC=MS:1001251	NT=Lys-C;AC=MS:1001309	NT=Dithiothreitol (DTT);AC=PRIDE:0000608	NT=Iodoacetamide (IAA);AC=PRIDE:0000599	NT=Carbamidomethyl;AC=UNIMOD:4;TA=C;MT=Fixed	NT=Oxidation;AC=UNIMOD:35;TA=M;MT=Variable	NT=Acetyl;AC=UNIMOD:1;PP=Protein N-term;MT=Variable	NT=Deamidated;AC=UNIMOD:7;TA=N,Q;MT=Variable	7 ppm	20 ppm	not applicable	nonlinear 5-60% buffer B (80% acetonitrile, 0.5% formic acid) over 180 min at 250 nl/min	1	1	T8.naive_01steady-state.raw	v1.1.0	NT=ms-proteomics;VV=v1.1.0	NT=human;VV=v1.1.0	NT=sdrf-skills;VV=v0.2.0	naive thymus-derived CD8-positive, alpha-beta T cell	untreated
T8.naive_steady-state_cellular_01	Homo sapiens	blood	naive thymus-derived CD8-positive, alpha-beta T cell	normal	cell	adult	not available	not available	not available	not available	untreated	not applicable	1	Library_single.shot_81steady-state	proteomic profiling by mass spectrometry	NT=Q Exactive HF;AC=MS:1002523	label free sample	NT=Data-dependent acquisition;AC=PRIDE:0000627	NT=HCD;AC=MS:1000422	26 NCE	300m/z-1650m/z	NT=orbitrap;AC=MS:1000484	NT=Trypsin;AC=MS:1001251	NT=Lys-C;AC=MS:1001309	NT=Dithiothreitol (DTT);AC=PRIDE:0000608	NT=Iodoacetamide (IAA);AC=PRIDE:0000599	NT=Carbamidomethyl;AC=UNIMOD:4;TA=C;MT=Fixed	NT=Oxidation;AC=UNIMOD:35;TA=M;MT=Variable	NT=Acetyl;AC=UNIMOD:1;PP=Protein N-term;MT=Variable	NT=Deamidated;AC=UNIMOD:7;TA=N,Q;MT=Variable	7 ppm	20 ppm	not applicable	nonlinear 5-60% buffer B (80% acetonitrile, 0.5% formic acid) over 180 min at 250 nl/min	1	2	Library_single.shot_81steady-state.raw	v1.1.0	NT=ms-proteomics;VV=v1.1.0	NT=human;VV=v1.1.0	NT=sdrf-skills;VV=v0.2.0	naive thymus-derived CD8-positive, alpha-beta T cell	untreated
T8.naive_steady-state_cellular_02	Homo sapiens	blood	naive thymus-derived CD8-positive, alpha-beta T cell	normal	cell	adult	not available	not available	not available	not available	untreated	not applicable	2	T8.naive_02steady-state	proteomic profiling by mass spectrometry	NT=Q Exactive HF;AC=MS:1002523	label free sample	NT=Data-dependent acquisition;AC=PRIDE:0000627	NT=HCD;AC=MS:1000422	26 NCE	300m/z-1650m/z	NT=orbitrap;AC=MS:1000484	NT=Trypsin;AC=MS:1001251	NT=Lys-C;AC=MS:1001309	NT=Dithiothreitol (DTT);AC=PRIDE:0000608	NT=Iodoacetamide (IAA);AC=PRIDE:0000599	NT=Carbamidomethyl;AC=UNIMOD:4;TA=C;MT=Fixed	NT=Oxidation;AC=UNIMOD:35;TA=M;MT=Variable	NT=Acetyl;AC=UNIMOD:1;PP=Protein N-term;MT=Variable	NT=Deamidated;AC=UNIMOD:7;TA=N,Q;MT=Variable	7 ppm	20 ppm	not applicable	nonlinear 5-60% buffer B (80% acetonitrile, 0.5% formic acid) over 180 min at 250 nl/min	1	1	T8.naive_02steady-state.raw	v1.1.0	NT=ms-proteomics;VV=v1.1.0	NT=human;VV=v1.1.0	NT=sdrf-skills;VV=v0.2.0	naive thymus-derived CD8-positive, alpha-beta T cell	untreated
T8.naive_steady-state_cellular_02	Homo sapiens	blood	naive thymus-derived CD8-positive, alpha-beta T cell	normal	cell	adult	not available	not available	not available	not available	untreated	not applicable	2	Library_single.shot_77steady-state	proteomic profiling by mass spectrometry	NT=Q Exactive HF;AC=MS:1002523	label free sample	NT=Data-dependent acquisition;AC=PRIDE:0000627	NT=HCD;AC=MS:1000422	26 NCE	300m/z-1650m/z	NT=orbitrap;AC=MS:1000484	NT=Trypsin;AC=MS:1001251	NT=Lys-C;AC=MS:1001309	NT=Dithiothreitol (DTT);AC=PRIDE:0000608	NT=Iodoacetamide (IAA);AC=PRIDE:0000599	NT=Carbamidomethyl;AC=UNIMOD:4;TA=C;MT=Fixed	NT=Oxidation;AC=UNIMOD:35;TA=M;MT=Variable	NT=Acetyl;AC=UNIMOD:1;PP=Protein N-term;MT=Variable	NT=Deamidated;AC=UNIMOD:7;TA=N,Q;MT=Variable	7 ppm	20 ppm	not applicable	nonlinear 5-60% buffer B (80% acetonitrile, 0.5% formic acid) over 180 min at 250 nl/min	1	2	Library_single.shot_77steady-state.raw	v1.1.0	NT=ms-proteomics;VV=v1.1.0	NT=human;VV=v1.1.0	NT=sdrf-skills;VV=v0.2.0	naive thymus-derived CD8-positive, alpha-beta T cell	untreated
T8.naive_steady-state_cellular_03	Homo sapiens	blood	naive thymus-derived CD8-positive, alpha-beta T cell	normal	cell	adult	not available	not available	not available	not available	untreated	not applicable	3	T8.naive_03steady-state	proteomic profiling by mass spectrometry	NT=Q Exactive HF;AC=MS:1002523	label free sample	NT=Data-dependent acquisition;AC=PRIDE:0000627	NT=HCD;AC=MS:1000422	26 NCE	300m/z-1650m/z	NT=orbitrap;AC=MS:1000484	NT=Trypsin;AC=MS:1001251	NT=Lys-C;AC=MS:1001309	NT=Dithiothreitol (DTT);AC=PRIDE:0000608	NT=Iodoacetamide (IAA);AC=PRIDE:0000599	NT=Carbamidomethyl;AC=UNIMOD:4;TA=C;MT=Fixed	NT=Oxidation;AC=UNIMOD:35;TA=M;MT=Variable	NT=Acetyl;AC=UNIMOD:1;PP=Protein N-term;MT=Variable	NT=Deamidated;AC=UNIMOD:7;TA=N,Q;MT=Variable	7 ppm	20 ppm	not applicable	nonlinear 5-60% buffer B (80% acetonitrile, 0.5% formic acid) over 180 min at 250 nl/min	1	1	T8.naive_03steady-state.raw	v1.1.0	NT=ms-proteomics;VV=v1.1.0	NT=human;VV=v1.1.0	NT=sdrf-skills;VV=v0.2.0	naive thymus-derived CD8-positive, alpha-beta T cell	untreated
T8.naive_steady-state_cellular_03	Homo sapiens	blood	naive thymus-derived CD8-positive, alpha-beta T cell	normal	cell	adult	not available	not available	not available	not available	untreated	not applicable	3	Library_single.shot_63steady-state	proteomic profiling by mass spectrometry	NT=Q Exactive HF;AC=MS:1002523	label free sample	NT=Data-dependent acquisition;AC=PRIDE:0000627	NT=HCD;AC=MS:1000422	26 NCE	300m/z-1650m/z	NT=orbitrap;AC=MS:1000484	NT=Trypsin;AC=MS:1001251	NT=Lys-C;AC=MS:1001309	NT=Dithiothreitol (DTT);AC=PRIDE:0000608	NT=Iodoacetamide (IAA);AC=PRIDE:0000599	NT=Carbamidomethyl;AC=UNIMOD:4;TA=C;MT=Fixed	NT=Oxidation;AC=UNIMOD:35;TA=M;MT=Variable	NT=Acetyl;AC=UNIMOD:1;PP=Protein N-term;MT=Variable	NT=Deamidated;AC=UNIMOD:7;TA=N,Q;MT=Variable	7 ppm	20 ppm	not applicable	nonlinear 5-60% buffer B (80% acetonitrile, 0.5% formic acid) over 180 min at 250 nl/min	1	2	Library_single.shot_63steady-state.raw	v1.1.0	NT=ms-proteomics;VV=v1.1.0	NT=human;VV=v1.1.0	NT=sdrf-skills;VV=v0.2.0	naive thymus-derived CD8-positive, alpha-beta T cell	untreated
T8.naive_steady-state_cellular_04	Homo sapiens	blood	naive thymus-derived CD8-positive, alpha-beta T cell	normal	cell	adult	not available	not available	not available	not available	untreated	not applicable	4	T8.naive_04steady-state	proteomic profiling by mass spectrometry	NT=Q Exactive HF;AC=MS:1002523	label free sample	NT=Data-dependent acquisition;AC=PRIDE:0000627	NT=HCD;AC=MS:1000422	26 NCE	300m/z-1650m/z	NT=orbitrap;AC=MS:1000484	NT=Trypsin;AC=MS:1001251	NT=Lys-C;AC=MS:1001309	NT=Dithiothreitol (DTT);AC=PRIDE:0000608	NT=Iodoacetamide (IAA);AC=PRIDE:0000599	NT=Carbamidomethyl;AC=UNIMOD:4;TA=C;MT=Fixed	NT=Oxidation;AC=UNIMOD:35;TA=M;MT=Variable	NT=Acetyl;AC=UNIMOD:1;PP=Protein N-term;MT=Variable	NT=Deamidated;AC=UNIMOD:7;TA=N,Q;MT=Variable	7 ppm	20 ppm	not applicable	nonlinear 5-60% buffer B (80% acetonitrile, 0.5% formic acid) over 180 min at 250 nl/min	1	1	T8.naive_04steady-state.raw	v1.1.0	NT=ms-proteomics;VV=v1.1.0	NT=human;VV=v1.1.0	NT=sdrf-skills;VV=v0.2.0	naive thymus-derived CD8-positive, alpha-beta T cell	untreated
T8.naive_steady-state_cellular_05	Homo sapiens	blood	naive thymus-derived CD8-positive, alpha-beta T cell	normal	cell	adult	not available	not available	not available	not available	untreated	not applicable	5	Library_single.shot_61steady-state	proteomic profiling by mass spectrometry	NT=Q Exactive HF;AC=MS:1002523	label free sample	NT=Data-dependent acquisition;AC=PRIDE:0000627	NT=HCD;AC=MS:1000422	26 NCE	300m/z-1650m/z	NT=orbitrap;AC=MS:1000484	NT=Trypsin;AC=MS:1001251	NT=Lys-C;AC=MS:1001309	NT=Dithiothreitol (DTT);AC=PRIDE:0000608	NT=Iodoacetamide (IAA);AC=PRIDE:0000599	NT=Carbamidomethyl;AC=UNIMOD:4;TA=C;MT=Fixed	NT=Oxidation;AC=UNIMOD:35;TA=M;MT=Variable	NT=Acetyl;AC=UNIMOD:1;PP=Protein N-term;MT=Variable	NT=Deamidated;AC=UNIMOD:7;TA=N,Q;MT=Variable	7 ppm	20 ppm	not applicable	nonlinear 5-60% buffer B (80% acetonitrile, 0.5% formic acid) over 180 min at 250 nl/min	1	1	Library_single.shot_61steady-state.raw	v1.1.0	NT=ms-proteomics;VV=v1.1.0	NT=human;VV=v1.1.0	NT=sdrf-skills;VV=v0.2.0	naive thymus-derived CD8-positive, alpha-beta T cell	untreated
Th17_steady-state_cellular_01	Homo sapiens	blood	T-helper 17 cell	normal	cell	adult	not available	not available	not available	not available	untreated	not applicable	1	Th17_01steady-state	proteomic profiling by mass spectrometry	NT=Q Exactive HF;AC=MS:1002523	label free sample	NT=Data-dependent acquisition;AC=PRIDE:0000627	NT=HCD;AC=MS:1000422	26 NCE	300m/z-1650m/z	NT=orbitrap;AC=MS:1000484	NT=Trypsin;AC=MS:1001251	NT=Lys-C;AC=MS:1001309	NT=Dithiothreitol (DTT);AC=PRIDE:0000608	NT=Iodoacetamide (IAA);AC=PRIDE:0000599	NT=Carbamidomethyl;AC=UNIMOD:4;TA=C;MT=Fixed	NT=Oxidation;AC=UNIMOD:35;TA=M;MT=Variable	NT=Acetyl;AC=UNIMOD:1;PP=Protein N-term;MT=Variable	NT=Deamidated;AC=UNIMOD:7;TA=N,Q;MT=Variable	7 ppm	20 ppm	not applicable	nonlinear 5-60% buffer B (80% acetonitrile, 0.5% formic acid) over 180 min at 250 nl/min	1	1	Th17_01steady-state.raw	v1.1.0	NT=ms-proteomics;VV=v1.1.0	NT=human;VV=v1.1.0	NT=sdrf-skills;VV=v0.2.0	T-helper 17 cell	untreated
Th17_steady-state_cellular_02	Homo sapiens	blood	T-helper 17 cell	normal	cell	adult	not available	not available	not available	not available	untreated	not applicable	2	Th17_02steady-state	proteomic profiling by mass spectrometry	NT=Q Exactive HF;AC=MS:1002523	label free sample	NT=Data-dependent acquisition;AC=PRIDE:0000627	NT=HCD;AC=MS:1000422	26 NCE	300m/z-1650m/z	NT=orbitrap;AC=MS:1000484	NT=Trypsin;AC=MS:1001251	NT=Lys-C;AC=MS:1001309	NT=Dithiothreitol (DTT);AC=PRIDE:0000608	NT=Iodoacetamide (IAA);AC=PRIDE:0000599	NT=Carbamidomethyl;AC=UNIMOD:4;TA=C;MT=Fixed	NT=Oxidation;AC=UNIMOD:35;TA=M;MT=Variable	NT=Acetyl;AC=UNIMOD:1;PP=Protein N-term;MT=Variable	NT=Deamidated;AC=UNIMOD:7;TA=N,Q;MT=Variable	7 ppm	20 ppm	not applicable	nonlinear 5-60% buffer B (80% acetonitrile, 0.5% formic acid) over 180 min at 250 nl/min	1	1	Th17_02steady-state.raw	v1.1.0	NT=ms-proteomics;VV=v1.1.0	NT=human;VV=v1.1.0	NT=sdrf-skills;VV=v0.2.0	T-helper 17 cell	untreated
Th17_steady-state_cellular_03	Homo sapiens	blood	T-helper 17 cell	normal	cell	adult	not available	not available	not available	not available	untreated	not applicable	3	Th17_03steady-state	proteomic profiling by mass spectrometry	NT=Q Exactive HF;AC=MS:1002523	label free sample	NT=Data-dependent acquisition;AC=PRIDE:0000627	NT=HCD;AC=MS:1000422	26 NCE	300m/z-1650m/z	NT=orbitrap;AC=MS:1000484	NT=Trypsin;AC=MS:1001251	NT=Lys-C;AC=MS:1001309	NT=Dithiothreitol (DTT);AC=PRIDE:0000608	NT=Iodoacetamide (IAA);AC=PRIDE:0000599	NT=Carbamidomethyl;AC=UNIMOD:4;TA=C;MT=Fixed	NT=Oxidation;AC=UNIMOD:35;TA=M;MT=Variable	NT=Acetyl;AC=UNIMOD:1;PP=Protein N-term;MT=Variable	NT=Deamidated;AC=UNIMOD:7;TA=N,Q;MT=Variable	7 ppm	20 ppm	not applicable	nonlinear 5-60% buffer B (80% acetonitrile, 0.5% formic acid) over 180 min at 250 nl/min	1	1	Th17_03steady-state.raw	v1.1.0	NT=ms-proteomics;VV=v1.1.0	NT=human;VV=v1.1.0	NT=sdrf-skills;VV=v0.2.0	T-helper 17 cell	untreated
Th17_steady-state_cellular_04	Homo sapiens	blood	T-helper 17 cell	normal	cell	adult	not available	not available	not available	not available	untreated	not applicable	4	Th17_04steady-state	proteomic profiling by mass spectrometry	NT=Q Exactive HF;AC=MS:1002523	label free sample	NT=Data-dependent acquisition;AC=PRIDE:0000627	NT=HCD;AC=MS:1000422	26 NCE	300m/z-1650m/z	NT=orbitrap;AC=MS:1000484	NT=Trypsin;AC=MS:1001251	NT=Lys-C;AC=MS:1001309	NT=Dithiothreitol (DTT);AC=PRIDE:0000608	NT=Iodoacetamide (IAA);AC=PRIDE:0000599	NT=Carbamidomethyl;AC=UNIMOD:4;TA=C;MT=Fixed	NT=Oxidation;AC=UNIMOD:35;TA=M;MT=Variable	NT=Acetyl;AC=UNIMOD:1;PP=Protein N-term;MT=Variable	NT=Deamidated;AC=UNIMOD:7;TA=N,Q;MT=Variable	7 ppm	20 ppm	not applicable	nonlinear 5-60% buffer B (80% acetonitrile, 0.5% formic acid) over 180 min at 250 nl/min	1	1	Th17_04steady-state.raw	v1.1.0	NT=ms-proteomics;VV=v1.1.0	NT=human;VV=v1.1.0	NT=sdrf-skills;VV=v0.2.0	T-helper 17 cell	untreated
Th1_steady-state_cellular_01	Homo sapiens	blood	T-helper 1 cell	normal	cell	adult	not available	not available	not available	not available	untreated	not applicable	1	Th1_01steady-state	proteomic profiling by mass spectrometry	NT=Q Exactive HF;AC=MS:1002523	label free sample	NT=Data-dependent acquisition;AC=PRIDE:0000627	NT=HCD;AC=MS:1000422	26 NCE	300m/z-1650m/z	NT=orbitrap;AC=MS:1000484	NT=Trypsin;AC=MS:1001251	NT=Lys-C;AC=MS:1001309	NT=Dithiothreitol (DTT);AC=PRIDE:0000608	NT=Iodoacetamide (IAA);AC=PRIDE:0000599	NT=Carbamidomethyl;AC=UNIMOD:4;TA=C;MT=Fixed	NT=Oxidation;AC=UNIMOD:35;TA=M;MT=Variable	NT=Acetyl;AC=UNIMOD:1;PP=Protein N-term;MT=Variable	NT=Deamidated;AC=UNIMOD:7;TA=N,Q;MT=Variable	7 ppm	20 ppm	not applicable	nonlinear 5-60% buffer B (80% acetonitrile, 0.5% formic acid) over 180 min at 250 nl/min	1	1	Th1_01steady-state.raw	v1.1.0	NT=ms-proteomics;VV=v1.1.0	NT=human;VV=v1.1.0	NT=sdrf-skills;VV=v0.2.0	T-helper 1 cell	untreated
Th1_steady-state_cellular_01	Homo sapiens	blood	T-helper 1 cell	normal	cell	adult	not available	not available	not available	not available	untreated	not applicable	1	Library_single.shot_5steady-state	proteomic profiling by mass spectrometry	NT=Q Exactive HF;AC=MS:1002523	label free sample	NT=Data-dependent acquisition;AC=PRIDE:0000627	NT=HCD;AC=MS:1000422	26 NCE	300m/z-1650m/z	NT=orbitrap;AC=MS:1000484	NT=Trypsin;AC=MS:1001251	NT=Lys-C;AC=MS:1001309	NT=Dithiothreitol (DTT);AC=PRIDE:0000608	NT=Iodoacetamide (IAA);AC=PRIDE:0000599	NT=Carbamidomethyl;AC=UNIMOD:4;TA=C;MT=Fixed	NT=Oxidation;AC=UNIMOD:35;TA=M;MT=Variable	NT=Acetyl;AC=UNIMOD:1;PP=Protein N-term;MT=Variable	NT=Deamidated;AC=UNIMOD:7;TA=N,Q;MT=Variable	7 ppm	20 ppm	not applicable	nonlinear 5-60% buffer B (80% acetonitrile, 0.5% formic acid) over 180 min at 250 nl/min	1	2	Library_single.shot_5steady-state.raw	v1.1.0	NT=ms-proteomics;VV=v1.1.0	NT=human;VV=v1.1.0	NT=sdrf-skills;VV=v0.2.0	T-helper 1 cell	untreated
Th1_steady-state_cellular_02	Homo sapiens	blood	T-helper 1 cell	normal	cell	adult	not available	not available	not available	not available	untreated	not applicable	2	Th1_02steady-state	proteomic profiling by mass spectrometry	NT=Q Exactive HF;AC=MS:1002523	label free sample	NT=Data-dependent acquisition;AC=PRIDE:0000627	NT=HCD;AC=MS:1000422	26 NCE	300m/z-1650m/z	NT=orbitrap;AC=MS:1000484	NT=Trypsin;AC=MS:1001251	NT=Lys-C;AC=MS:1001309	NT=Dithiothreitol (DTT);AC=PRIDE:0000608	NT=Iodoacetamide (IAA);AC=PRIDE:0000599	NT=Carbamidomethyl;AC=UNIMOD:4;TA=C;MT=Fixed	NT=Oxidation;AC=UNIMOD:35;TA=M;MT=Variable	NT=Acetyl;AC=UNIMOD:1;PP=Protein N-term;MT=Variable	NT=Deamidated;AC=UNIMOD:7;TA=N,Q;MT=Variable	7 ppm	20 ppm	not applicable	nonlinear 5-60% buffer B (80% acetonitrile, 0.5% formic acid) over 180 min at 250 nl/min	1	1	Th1_02steady-state.raw	v1.1.0	NT=ms-proteomics;VV=v1.1.0	NT=human;VV=v1.1.0	NT=sdrf-skills;VV=v0.2.0	T-helper 1 cell	untreated
Th1_steady-state_cellular_02	Homo sapiens	blood	T-helper 1 cell	normal	cell	adult	not available	not available	not available	not available	untreated	not applicable	2	Library_single.shot_2steady-state	proteomic profiling by mass spectrometry	NT=Q Exactive HF;AC=MS:1002523	label free sample	NT=Data-dependent acquisition;AC=PRIDE:0000627	NT=HCD;AC=MS:1000422	26 NCE	300m/z-1650m/z	NT=orbitrap;AC=MS:1000484	NT=Trypsin;AC=MS:1001251	NT=Lys-C;AC=MS:1001309	NT=Dithiothreitol (DTT);AC=PRIDE:0000608	NT=Iodoacetamide (IAA);AC=PRIDE:0000599	NT=Carbamidomethyl;AC=UNIMOD:4;TA=C;MT=Fixed	NT=Oxidation;AC=UNIMOD:35;TA=M;MT=Variable	NT=Acetyl;AC=UNIMOD:1;PP=Protein N-term;MT=Variable	NT=Deamidated;AC=UNIMOD:7;TA=N,Q;MT=Variable	7 ppm	20 ppm	not applicable	nonlinear 5-60% buffer B (80% acetonitrile, 0.5% formic acid) over 180 min at 250 nl/min	1	2	Library_single.shot_2steady-state.raw	v1.1.0	NT=ms-proteomics;VV=v1.1.0	NT=human;VV=v1.1.0	NT=sdrf-skills;VV=v0.2.0	T-helper 1 cell	untreated
Th1_steady-state_cellular_02	Homo sapiens	blood	T-helper 1 cell	normal	cell	adult	not available	not available	not available	not available	untreated	not applicable	2	Library_single.shot_4steady-state	proteomic profiling by mass spectrometry	NT=Q Exactive HF;AC=MS:1002523	label free sample	NT=Data-dependent acquisition;AC=PRIDE:0000627	NT=HCD;AC=MS:1000422	26 NCE	300m/z-1650m/z	NT=orbitrap;AC=MS:1000484	NT=Trypsin;AC=MS:1001251	NT=Lys-C;AC=MS:1001309	NT=Dithiothreitol (DTT);AC=PRIDE:0000608	NT=Iodoacetamide (IAA);AC=PRIDE:0000599	NT=Carbamidomethyl;AC=UNIMOD:4;TA=C;MT=Fixed	NT=Oxidation;AC=UNIMOD:35;TA=M;MT=Variable	NT=Acetyl;AC=UNIMOD:1;PP=Protein N-term;MT=Variable	NT=Deamidated;AC=UNIMOD:7;TA=N,Q;MT=Variable	7 ppm	20 ppm	not applicable	nonlinear 5-60% buffer B (80% acetonitrile, 0.5% formic acid) over 180 min at 250 nl/min	1	3	Library_single.shot_4steady-state.raw	v1.1.0	NT=ms-proteomics;VV=v1.1.0	NT=human;VV=v1.1.0	NT=sdrf-skills;VV=v0.2.0	T-helper 1 cell	untreated
Th1_steady-state_cellular_02	Homo sapiens	blood	T-helper 1 cell	normal	cell	adult	not available	not available	not available	not available	untreated	not applicable	2	Library_single.shot_58steady-state	proteomic profiling by mass spectrometry	NT=Q Exactive HF;AC=MS:1002523	label free sample	NT=Data-dependent acquisition;AC=PRIDE:0000627	NT=HCD;AC=MS:1000422	26 NCE	300m/z-1650m/z	NT=orbitrap;AC=MS:1000484	NT=Trypsin;AC=MS:1001251	NT=Lys-C;AC=MS:1001309	NT=Dithiothreitol (DTT);AC=PRIDE:0000608	NT=Iodoacetamide (IAA);AC=PRIDE:0000599	NT=Carbamidomethyl;AC=UNIMOD:4;TA=C;MT=Fixed	NT=Oxidation;AC=UNIMOD:35;TA=M;MT=Variable	NT=Acetyl;AC=UNIMOD:1;PP=Protein N-term;MT=Variable	NT=Deamidated;AC=UNIMOD:7;TA=N,Q;MT=Variable	7 ppm	20 ppm	not applicable	nonlinear 5-60% buffer B (80% acetonitrile, 0.5% formic acid) over 180 min at 250 nl/min	1	4	Library_single.shot_58steady-state.raw	v1.1.0	NT=ms-proteomics;VV=v1.1.0	NT=human;VV=v1.1.0	NT=sdrf-skills;VV=v0.2.0	T-helper 1 cell	untreated
Th1_steady-state_cellular_03	Homo sapiens	blood	T-helper 1 cell	normal	cell	adult	not available	not available	not available	not available	untreated	not applicable	3	Th1_03steady-state	proteomic profiling by mass spectrometry	NT=Q Exactive HF;AC=MS:1002523	label free sample	NT=Data-dependent acquisition;AC=PRIDE:0000627	NT=HCD;AC=MS:1000422	26 NCE	300m/z-1650m/z	NT=orbitrap;AC=MS:1000484	NT=Trypsin;AC=MS:1001251	NT=Lys-C;AC=MS:1001309	NT=Dithiothreitol (DTT);AC=PRIDE:0000608	NT=Iodoacetamide (IAA);AC=PRIDE:0000599	NT=Carbamidomethyl;AC=UNIMOD:4;TA=C;MT=Fixed	NT=Oxidation;AC=UNIMOD:35;TA=M;MT=Variable	NT=Acetyl;AC=UNIMOD:1;PP=Protein N-term;MT=Variable	NT=Deamidated;AC=UNIMOD:7;TA=N,Q;MT=Variable	7 ppm	20 ppm	not applicable	nonlinear 5-60% buffer B (80% acetonitrile, 0.5% formic acid) over 180 min at 250 nl/min	1	1	Th1_03steady-state.raw	v1.1.0	NT=ms-proteomics;VV=v1.1.0	NT=human;VV=v1.1.0	NT=sdrf-skills;VV=v0.2.0	T-helper 1 cell	untreated
Th1_steady-state_cellular_04	Homo sapiens	blood	T-helper 1 cell	normal	cell	adult	not available	not available	not available	not available	untreated	not applicable	4	Th1_04steady-state	proteomic profiling by mass spectrometry	NT=Q Exactive HF;AC=MS:1002523	label free sample	NT=Data-dependent acquisition;AC=PRIDE:0000627	NT=HCD;AC=MS:1000422	26 NCE	300m/z-1650m/z	NT=orbitrap;AC=MS:1000484	NT=Trypsin;AC=MS:1001251	NT=Lys-C;AC=MS:1001309	NT=Dithiothreitol (DTT);AC=PRIDE:0000608	NT=Iodoacetamide (IAA);AC=PRIDE:0000599	NT=Carbamidomethyl;AC=UNIMOD:4;TA=C;MT=Fixed	NT=Oxidation;AC=UNIMOD:35;TA=M;MT=Variable	NT=Acetyl;AC=UNIMOD:1;PP=Protein N-term;MT=Variable	NT=Deamidated;AC=UNIMOD:7;TA=N,Q;MT=Variable	7 ppm	20 ppm	not applicable	nonlinear 5-60% buffer B (80% acetonitrile, 0.5% formic acid) over 180 min at 250 nl/min	1	1	Th1_04steady-state.raw	v1.1.0	NT=ms-proteomics;VV=v1.1.0	NT=human;VV=v1.1.0	NT=sdrf-skills;VV=v0.2.0	T-helper 1 cell	untreated
Th1_steady-state_cellular_06	Homo sapiens	blood	T-helper 1 cell	normal	cell	adult	not available	not available	not available	not available	untreated	not applicable	6	Library_single.shot_3steady-state	proteomic profiling by mass spectrometry	NT=Q Exactive HF;AC=MS:1002523	label free sample	NT=Data-dependent acquisition;AC=PRIDE:0000627	NT=HCD;AC=MS:1000422	26 NCE	300m/z-1650m/z	NT=orbitrap;AC=MS:1000484	NT=Trypsin;AC=MS:1001251	NT=Lys-C;AC=MS:1001309	NT=Dithiothreitol (DTT);AC=PRIDE:0000608	NT=Iodoacetamide (IAA);AC=PRIDE:0000599	NT=Carbamidomethyl;AC=UNIMOD:4;TA=C;MT=Fixed	NT=Oxidation;AC=UNIMOD:35;TA=M;MT=Variable	NT=Acetyl;AC=UNIMOD:1;PP=Protein N-term;MT=Variable	NT=Deamidated;AC=UNIMOD:7;TA=N,Q;MT=Variable	7 ppm	20 ppm	not applicable	nonlinear 5-60% buffer B (80% acetonitrile, 0.5% formic acid) over 180 min at 250 nl/min	1	1	Library_single.shot_3steady-state.raw	v1.1.0	NT=ms-proteomics;VV=v1.1.0	NT=human;VV=v1.1.0	NT=sdrf-skills;VV=v0.2.0	T-helper 1 cell	untreated
Th1_steady-state_cellular_06	Homo sapiens	blood	T-helper 1 cell	normal	cell	adult	not available	not available	not available	not available	untreated	not applicable	6	Library_single.shot_56steady-state	proteomic profiling by mass spectrometry	NT=Q Exactive HF;AC=MS:1002523	label free sample	NT=Data-dependent acquisition;AC=PRIDE:0000627	NT=HCD;AC=MS:1000422	26 NCE	300m/z-1650m/z	NT=orbitrap;AC=MS:1000484	NT=Trypsin;AC=MS:1001251	NT=Lys-C;AC=MS:1001309	NT=Dithiothreitol (DTT);AC=PRIDE:0000608	NT=Iodoacetamide (IAA);AC=PRIDE:0000599	NT=Carbamidomethyl;AC=UNIMOD:4;TA=C;MT=Fixed	NT=Oxidation;AC=UNIMOD:35;TA=M;MT=Variable	NT=Acetyl;AC=UNIMOD:1;PP=Protein N-term;MT=Variable	NT=Deamidated;AC=UNIMOD:7;TA=N,Q;MT=Variable	7 ppm	20 ppm	not applicable	nonlinear 5-60% buffer B (80% acetonitrile, 0.5% formic acid) over 180 min at 250 nl/min	1	2	Library_single.shot_56steady-state.raw	v1.1.0	NT=ms-proteomics;VV=v1.1.0	NT=human;VV=v1.1.0	NT=sdrf-skills;VV=v0.2.0	T-helper 1 cell	untreated
Th1_steady-state_cellular_05	Homo sapiens	blood	T-helper 1 cell	normal	cell	adult	not available	not available	not available	not available	untreated	not applicable	5	Library_single.shot_55steady-state	proteomic profiling by mass spectrometry	NT=Q Exactive HF;AC=MS:1002523	label free sample	NT=Data-dependent acquisition;AC=PRIDE:0000627	NT=HCD;AC=MS:1000422	26 NCE	300m/z-1650m/z	NT=orbitrap;AC=MS:1000484	NT=Trypsin;AC=MS:1001251	NT=Lys-C;AC=MS:1001309	NT=Dithiothreitol (DTT);AC=PRIDE:0000608	NT=Iodoacetamide (IAA);AC=PRIDE:0000599	NT=Carbamidomethyl;AC=UNIMOD:4;TA=C;MT=Fixed	NT=Oxidation;AC=UNIMOD:35;TA=M;MT=Variable	NT=Acetyl;AC=UNIMOD:1;PP=Protein N-term;MT=Variable	NT=Deamidated;AC=UNIMOD:7;TA=N,Q;MT=Variable	7 ppm	20 ppm	not applicable	nonlinear 5-60% buffer B (80% acetonitrile, 0.5% formic acid) over 180 min at 250 nl/min	1	1	Library_single.shot_55steady-state.raw	v1.1.0	NT=ms-proteomics;VV=v1.1.0	NT=human;VV=v1.1.0	NT=sdrf-skills;VV=v0.2.0	T-helper 1 cell	untreated
Th2_steady-state_cellular_01	Homo sapiens	blood	T-helper 2 cell	normal	cell	adult	not available	not available	not available	not available	untreated	not applicable	1	Th2_01steady-state	proteomic profiling by mass spectrometry	NT=Q Exactive HF;AC=MS:1002523	label free sample	NT=Data-dependent acquisition;AC=PRIDE:0000627	NT=HCD;AC=MS:1000422	26 NCE	300m/z-1650m/z	NT=orbitrap;AC=MS:1000484	NT=Trypsin;AC=MS:1001251	NT=Lys-C;AC=MS:1001309	NT=Dithiothreitol (DTT);AC=PRIDE:0000608	NT=Iodoacetamide (IAA);AC=PRIDE:0000599	NT=Carbamidomethyl;AC=UNIMOD:4;TA=C;MT=Fixed	NT=Oxidation;AC=UNIMOD:35;TA=M;MT=Variable	NT=Acetyl;AC=UNIMOD:1;PP=Protein N-term;MT=Variable	NT=Deamidated;AC=UNIMOD:7;TA=N,Q;MT=Variable	7 ppm	20 ppm	not applicable	nonlinear 5-60% buffer B (80% acetonitrile, 0.5% formic acid) over 180 min at 250 nl/min	1	1	Th2_01steady-state.raw	v1.1.0	NT=ms-proteomics;VV=v1.1.0	NT=human;VV=v1.1.0	NT=sdrf-skills;VV=v0.2.0	T-helper 2 cell	untreated
Th2_steady-state_cellular_02	Homo sapiens	blood	T-helper 2 cell	normal	cell	adult	not available	not available	not available	not available	untreated	not applicable	2	Th2_02steady-state	proteomic profiling by mass spectrometry	NT=Q Exactive HF;AC=MS:1002523	label free sample	NT=Data-dependent acquisition;AC=PRIDE:0000627	NT=HCD;AC=MS:1000422	26 NCE	300m/z-1650m/z	NT=orbitrap;AC=MS:1000484	NT=Trypsin;AC=MS:1001251	NT=Lys-C;AC=MS:1001309	NT=Dithiothreitol (DTT);AC=PRIDE:0000608	NT=Iodoacetamide (IAA);AC=PRIDE:0000599	NT=Carbamidomethyl;AC=UNIMOD:4;TA=C;MT=Fixed	NT=Oxidation;AC=UNIMOD:35;TA=M;MT=Variable	NT=Acetyl;AC=UNIMOD:1;PP=Protein N-term;MT=Variable	NT=Deamidated;AC=UNIMOD:7;TA=N,Q;MT=Variable	7 ppm	20 ppm	not applicable	nonlinear 5-60% buffer B (80% acetonitrile, 0.5% formic acid) over 180 min at 250 nl/min	1	1	Th2_02steady-state.raw	v1.1.0	NT=ms-proteomics;VV=v1.1.0	NT=human;VV=v1.1.0	NT=sdrf-skills;VV=v0.2.0	T-helper 2 cell	untreated
Th2_steady-state_cellular_03	Homo sapiens	blood	T-helper 2 cell	normal	cell	adult	not available	not available	not available	not available	untreated	not applicable	3	Th2_03steady-state	proteomic profiling by mass spectrometry	NT=Q Exactive HF;AC=MS:1002523	label free sample	NT=Data-dependent acquisition;AC=PRIDE:0000627	NT=HCD;AC=MS:1000422	26 NCE	300m/z-1650m/z	NT=orbitrap;AC=MS:1000484	NT=Trypsin;AC=MS:1001251	NT=Lys-C;AC=MS:1001309	NT=Dithiothreitol (DTT);AC=PRIDE:0000608	NT=Iodoacetamide (IAA);AC=PRIDE:0000599	NT=Carbamidomethyl;AC=UNIMOD:4;TA=C;MT=Fixed	NT=Oxidation;AC=UNIMOD:35;TA=M;MT=Variable	NT=Acetyl;AC=UNIMOD:1;PP=Protein N-term;MT=Variable	NT=Deamidated;AC=UNIMOD:7;TA=N,Q;MT=Variable	7 ppm	20 ppm	not applicable	nonlinear 5-60% buffer B (80% acetonitrile, 0.5% formic acid) over 180 min at 250 nl/min	1	1	Th2_03steady-state.raw	v1.1.0	NT=ms-proteomics;VV=v1.1.0	NT=human;VV=v1.1.0	NT=sdrf-skills;VV=v0.2.0	T-helper 2 cell	untreated
Th2_steady-state_cellular_04	Homo sapiens	blood	T-helper 2 cell	normal	cell	adult	not available	not available	not available	not available	untreated	not applicable	4	Th2_04steady-state	proteomic profiling by mass spectrometry	NT=Q Exactive HF;AC=MS:1002523	label free sample	NT=Data-dependent acquisition;AC=PRIDE:0000627	NT=HCD;AC=MS:1000422	26 NCE	300m/z-1650m/z	NT=orbitrap;AC=MS:1000484	NT=Trypsin;AC=MS:1001251	NT=Lys-C;AC=MS:1001309	NT=Dithiothreitol (DTT);AC=PRIDE:0000608	NT=Iodoacetamide (IAA);AC=PRIDE:0000599	NT=Carbamidomethyl;AC=UNIMOD:4;TA=C;MT=Fixed	NT=Oxidation;AC=UNIMOD:35;TA=M;MT=Variable	NT=Acetyl;AC=UNIMOD:1;PP=Protein N-term;MT=Variable	NT=Deamidated;AC=UNIMOD:7;TA=N,Q;MT=Variable	7 ppm	20 ppm	not applicable	nonlinear 5-60% buffer B (80% acetonitrile, 0.5% formic acid) over 180 min at 250 nl/min	1	1	Th2_04steady-state.raw	v1.1.0	NT=ms-proteomics;VV=v1.1.0	NT=human;VV=v1.1.0	NT=sdrf-skills;VV=v0.2.0	T-helper 2 cell	untreated
Thrombocyte_steady-state_cellular_01	Homo sapiens	blood	platelet	normal	cell	adult	not available	not available	not available	not available	untreated	not applicable	1	Thrombocyte_01steady-state	proteomic profiling by mass spectrometry	NT=Q Exactive HF;AC=MS:1002523	label free sample	NT=Data-dependent acquisition;AC=PRIDE:0000627	NT=HCD;AC=MS:1000422	26 NCE	300m/z-1650m/z	NT=orbitrap;AC=MS:1000484	NT=Trypsin;AC=MS:1001251	NT=Lys-C;AC=MS:1001309	NT=Dithiothreitol (DTT);AC=PRIDE:0000608	NT=Iodoacetamide (IAA);AC=PRIDE:0000599	NT=Carbamidomethyl;AC=UNIMOD:4;TA=C;MT=Fixed	NT=Oxidation;AC=UNIMOD:35;TA=M;MT=Variable	NT=Acetyl;AC=UNIMOD:1;PP=Protein N-term;MT=Variable	NT=Deamidated;AC=UNIMOD:7;TA=N,Q;MT=Variable	7 ppm	20 ppm	not applicable	nonlinear 5-60% buffer B (80% acetonitrile, 0.5% formic acid) over 180 min at 250 nl/min	1	1	Thrombocyte_01steady-state.raw	v1.1.0	NT=ms-proteomics;VV=v1.1.0	NT=human;VV=v1.1.0	NT=sdrf-skills;VV=v0.2.0	platelet	untreated
Thrombocyte_steady-state_cellular_01	Homo sapiens	blood	platelet	normal	cell	adult	not available	not available	not available	not available	untreated	not applicable	1	Library_single.shot_66steady-state	proteomic profiling by mass spectrometry	NT=Q Exactive HF;AC=MS:1002523	label free sample	NT=Data-dependent acquisition;AC=PRIDE:0000627	NT=HCD;AC=MS:1000422	26 NCE	300m/z-1650m/z	NT=orbitrap;AC=MS:1000484	NT=Trypsin;AC=MS:1001251	NT=Lys-C;AC=MS:1001309	NT=Dithiothreitol (DTT);AC=PRIDE:0000608	NT=Iodoacetamide (IAA);AC=PRIDE:0000599	NT=Carbamidomethyl;AC=UNIMOD:4;TA=C;MT=Fixed	NT=Oxidation;AC=UNIMOD:35;TA=M;MT=Variable	NT=Acetyl;AC=UNIMOD:1;PP=Protein N-term;MT=Variable	NT=Deamidated;AC=UNIMOD:7;TA=N,Q;MT=Variable	7 ppm	20 ppm	not applicable	nonlinear 5-60% buffer B (80% acetonitrile, 0.5% formic acid) over 180 min at 250 nl/min	1	2	Library_single.shot_66steady-state.raw	v1.1.0	NT=ms-proteomics;VV=v1.1.0	NT=human;VV=v1.1.0	NT=sdrf-skills;VV=v0.2.0	platelet	untreated
Thrombocyte_steady-state_cellular_02	Homo sapiens	blood	platelet	normal	cell	adult	not available	not available	not available	not available	untreated	not applicable	2	Thrombocyte_02steady-state	proteomic profiling by mass spectrometry	NT=Q Exactive HF;AC=MS:1002523	label free sample	NT=Data-dependent acquisition;AC=PRIDE:0000627	NT=HCD;AC=MS:1000422	26 NCE	300m/z-1650m/z	NT=orbitrap;AC=MS:1000484	NT=Trypsin;AC=MS:1001251	NT=Lys-C;AC=MS:1001309	NT=Dithiothreitol (DTT);AC=PRIDE:0000608	NT=Iodoacetamide (IAA);AC=PRIDE:0000599	NT=Carbamidomethyl;AC=UNIMOD:4;TA=C;MT=Fixed	NT=Oxidation;AC=UNIMOD:35;TA=M;MT=Variable	NT=Acetyl;AC=UNIMOD:1;PP=Protein N-term;MT=Variable	NT=Deamidated;AC=UNIMOD:7;TA=N,Q;MT=Variable	7 ppm	20 ppm	not applicable	nonlinear 5-60% buffer B (80% acetonitrile, 0.5% formic acid) over 180 min at 250 nl/min	1	1	Thrombocyte_02steady-state.raw	v1.1.0	NT=ms-proteomics;VV=v1.1.0	NT=human;VV=v1.1.0	NT=sdrf-skills;VV=v0.2.0	platelet	untreated
Thrombocyte_steady-state_cellular_03	Homo sapiens	blood	platelet	normal	cell	adult	not available	not available	not available	not available	untreated	not applicable	3	Thrombocyte_03steady-state	proteomic profiling by mass spectrometry	NT=Q Exactive HF;AC=MS:1002523	label free sample	NT=Data-dependent acquisition;AC=PRIDE:0000627	NT=HCD;AC=MS:1000422	26 NCE	300m/z-1650m/z	NT=orbitrap;AC=MS:1000484	NT=Trypsin;AC=MS:1001251	NT=Lys-C;AC=MS:1001309	NT=Dithiothreitol (DTT);AC=PRIDE:0000608	NT=Iodoacetamide (IAA);AC=PRIDE:0000599	NT=Carbamidomethyl;AC=UNIMOD:4;TA=C;MT=Fixed	NT=Oxidation;AC=UNIMOD:35;TA=M;MT=Variable	NT=Acetyl;AC=UNIMOD:1;PP=Protein N-term;MT=Variable	NT=Deamidated;AC=UNIMOD:7;TA=N,Q;MT=Variable	7 ppm	20 ppm	not applicable	nonlinear 5-60% buffer B (80% acetonitrile, 0.5% formic acid) over 180 min at 250 nl/min	1	1	Thrombocyte_03steady-state.raw	v1.1.0	NT=ms-proteomics;VV=v1.1.0	NT=human;VV=v1.1.0	NT=sdrf-skills;VV=v0.2.0	platelet	untreated
Thrombocyte_steady-state_cellular_04	Homo sapiens	blood	platelet	normal	cell	adult	not available	not available	not available	not available	untreated	not applicable	4	Thrombocyte_04steady-state	proteomic profiling by mass spectrometry	NT=Q Exactive HF;AC=MS:1002523	label free sample	NT=Data-dependent acquisition;AC=PRIDE:0000627	NT=HCD;AC=MS:1000422	26 NCE	300m/z-1650m/z	NT=orbitrap;AC=MS:1000484	NT=Trypsin;AC=MS:1001251	NT=Lys-C;AC=MS:1001309	NT=Dithiothreitol (DTT);AC=PRIDE:0000608	NT=Iodoacetamide (IAA);AC=PRIDE:0000599	NT=Carbamidomethyl;AC=UNIMOD:4;TA=C;MT=Fixed	NT=Oxidation;AC=UNIMOD:35;TA=M;MT=Variable	NT=Acetyl;AC=UNIMOD:1;PP=Protein N-term;MT=Variable	NT=Deamidated;AC=UNIMOD:7;TA=N,Q;MT=Variable	7 ppm	20 ppm	not applicable	nonlinear 5-60% buffer B (80% acetonitrile, 0.5% formic acid) over 180 min at 250 nl/min	1	1	Thrombocyte_04steady-state.raw	v1.1.0	NT=ms-proteomics;VV=v1.1.0	NT=human;VV=v1.1.0	NT=sdrf-skills;VV=v0.2.0	platelet	untreated
mDC_LPS.R848_cellular_01	Homo sapiens	blood	CD1c-positive myeloid dendritic cell	normal	cell	adult	not available	not available	not available	not available	lipopolysaccharide and resiquimod	12 hour	1	mDC_01activated	proteomic profiling by mass spectrometry	NT=Q Exactive HF;AC=MS:1002523	label free sample	NT=Data-dependent acquisition;AC=PRIDE:0000627	NT=HCD;AC=MS:1000422	26 NCE	300m/z-1650m/z	NT=orbitrap;AC=MS:1000484	NT=Trypsin;AC=MS:1001251	NT=Lys-C;AC=MS:1001309	NT=Dithiothreitol (DTT);AC=PRIDE:0000608	NT=Iodoacetamide (IAA);AC=PRIDE:0000599	NT=Carbamidomethyl;AC=UNIMOD:4;TA=C;MT=Fixed	NT=Oxidation;AC=UNIMOD:35;TA=M;MT=Variable	NT=Acetyl;AC=UNIMOD:1;PP=Protein N-term;MT=Variable	NT=Deamidated;AC=UNIMOD:7;TA=N,Q;MT=Variable	7 ppm	20 ppm	not applicable	nonlinear 5-60% buffer B (80% acetonitrile, 0.5% formic acid) over 180 min at 250 nl/min	1	1	mDC_01activated.raw	v1.1.0	NT=ms-proteomics;VV=v1.1.0	NT=human;VV=v1.1.0	NT=sdrf-skills;VV=v0.2.0	CD1c-positive myeloid dendritic cell	lipopolysaccharide and resiquimod
mDC_LPS.R848_cellular_02	Homo sapiens	blood	CD1c-positive myeloid dendritic cell	normal	cell	adult	not available	not available	not available	not available	lipopolysaccharide and resiquimod	12 hour	2	mDC_02activated	proteomic profiling by mass spectrometry	NT=Q Exactive HF;AC=MS:1002523	label free sample	NT=Data-dependent acquisition;AC=PRIDE:0000627	NT=HCD;AC=MS:1000422	26 NCE	300m/z-1650m/z	NT=orbitrap;AC=MS:1000484	NT=Trypsin;AC=MS:1001251	NT=Lys-C;AC=MS:1001309	NT=Dithiothreitol (DTT);AC=PRIDE:0000608	NT=Iodoacetamide (IAA);AC=PRIDE:0000599	NT=Carbamidomethyl;AC=UNIMOD:4;TA=C;MT=Fixed	NT=Oxidation;AC=UNIMOD:35;TA=M;MT=Variable	NT=Acetyl;AC=UNIMOD:1;PP=Protein N-term;MT=Variable	NT=Deamidated;AC=UNIMOD:7;TA=N,Q;MT=Variable	7 ppm	20 ppm	not applicable	nonlinear 5-60% buffer B (80% acetonitrile, 0.5% formic acid) over 180 min at 250 nl/min	1	1	mDC_02activated.raw	v1.1.0	NT=ms-proteomics;VV=v1.1.0	NT=human;VV=v1.1.0	NT=sdrf-skills;VV=v0.2.0	CD1c-positive myeloid dendritic cell	lipopolysaccharide and resiquimod
mDC_LPS.R848_cellular_03	Homo sapiens	blood	CD1c-positive myeloid dendritic cell	normal	cell	adult	not available	not available	not available	not available	lipopolysaccharide and resiquimod	12 hour	3	mDC_03activated	proteomic profiling by mass spectrometry	NT=Q Exactive HF;AC=MS:1002523	label free sample	NT=Data-dependent acquisition;AC=PRIDE:0000627	NT=HCD;AC=MS:1000422	26 NCE	300m/z-1650m/z	NT=orbitrap;AC=MS:1000484	NT=Trypsin;AC=MS:1001251	NT=Lys-C;AC=MS:1001309	NT=Dithiothreitol (DTT);AC=PRIDE:0000608	NT=Iodoacetamide (IAA);AC=PRIDE:0000599	NT=Carbamidomethyl;AC=UNIMOD:4;TA=C;MT=Fixed	NT=Oxidation;AC=UNIMOD:35;TA=M;MT=Variable	NT=Acetyl;AC=UNIMOD:1;PP=Protein N-term;MT=Variable	NT=Deamidated;AC=UNIMOD:7;TA=N,Q;MT=Variable	7 ppm	20 ppm	not applicable	nonlinear 5-60% buffer B (80% acetonitrile, 0.5% formic acid) over 180 min at 250 nl/min	1	1	mDC_03activated.raw	v1.1.0	NT=ms-proteomics;VV=v1.1.0	NT=human;VV=v1.1.0	NT=sdrf-skills;VV=v0.2.0	CD1c-positive myeloid dendritic cell	lipopolysaccharide and resiquimod
mDC_LPS.R848_cellular_04	Homo sapiens	blood	CD1c-positive myeloid dendritic cell	normal	cell	adult	not available	not available	not available	not available	lipopolysaccharide and resiquimod	12 hour	4	mDC_04activated	proteomic profiling by mass spectrometry	NT=Q Exactive HF;AC=MS:1002523	label free sample	NT=Data-dependent acquisition;AC=PRIDE:0000627	NT=HCD;AC=MS:1000422	26 NCE	300m/z-1650m/z	NT=orbitrap;AC=MS:1000484	NT=Trypsin;AC=MS:1001251	NT=Lys-C;AC=MS:1001309	NT=Dithiothreitol (DTT);AC=PRIDE:0000608	NT=Iodoacetamide (IAA);AC=PRIDE:0000599	NT=Carbamidomethyl;AC=UNIMOD:4;TA=C;MT=Fixed	NT=Oxidation;AC=UNIMOD:35;TA=M;MT=Variable	NT=Acetyl;AC=UNIMOD:1;PP=Protein N-term;MT=Variable	NT=Deamidated;AC=UNIMOD:7;TA=N,Q;MT=Variable	7 ppm	20 ppm	not applicable	nonlinear 5-60% buffer B (80% acetonitrile, 0.5% formic acid) over 180 min at 250 nl/min	1	1	mDC_04activated.raw	v1.1.0	NT=ms-proteomics;VV=v1.1.0	NT=human;VV=v1.1.0	NT=sdrf-skills;VV=v0.2.0	CD1c-positive myeloid dendritic cell	lipopolysaccharide and resiquimod
mDC_LPS.R848_secretome_01	Homo sapiens	blood	CD1c-positive myeloid dendritic cell	normal	not applicable	adult	not available	not available	not available	not available	lipopolysaccharide and resiquimod	12 hour	1	20150112_EXQ00_JaRi_SA_Sups_mDC_p_01	proteomic profiling by mass spectrometry	NT=Q Exactive HF;AC=MS:1002523	label free sample	NT=Data-dependent acquisition;AC=PRIDE:0000627	NT=HCD;AC=MS:1000422	26 NCE	300m/z-1650m/z	NT=orbitrap;AC=MS:1000484	NT=Trypsin;AC=MS:1001251	NT=Lys-C;AC=MS:1001309	NT=Dithiothreitol (DTT);AC=PRIDE:0000608	NT=Iodoacetamide (IAA);AC=PRIDE:0000599	NT=Carbamidomethyl;AC=UNIMOD:4;TA=C;MT=Fixed	NT=Oxidation;AC=UNIMOD:35;TA=M;MT=Variable	NT=Acetyl;AC=UNIMOD:1;PP=Protein N-term;MT=Variable	NT=Deamidated;AC=UNIMOD:7;TA=N,Q;MT=Variable	7 ppm	20 ppm	not applicable	120 min gradient	1	1	20150112_EXQ00_JaRi_SA_Sups_mDC_p_01.raw	v1.1.0	NT=ms-proteomics;VV=v1.1.0	NT=human;VV=v1.1.0	NT=sdrf-skills;VV=v0.2.0	CD1c-positive myeloid dendritic cell	lipopolysaccharide and resiquimod
mDC_LPS.R848_secretome_02	Homo sapiens	blood	CD1c-positive myeloid dendritic cell	normal	not applicable	adult	not available	not available	not available	not available	lipopolysaccharide and resiquimod	12 hour	2	20150112_EXQ00_JaRi_SA_Sups_mDC_p_02	proteomic profiling by mass spectrometry	NT=Q Exactive HF;AC=MS:1002523	label free sample	NT=Data-dependent acquisition;AC=PRIDE:0000627	NT=HCD;AC=MS:1000422	26 NCE	300m/z-1650m/z	NT=orbitrap;AC=MS:1000484	NT=Trypsin;AC=MS:1001251	NT=Lys-C;AC=MS:1001309	NT=Dithiothreitol (DTT);AC=PRIDE:0000608	NT=Iodoacetamide (IAA);AC=PRIDE:0000599	NT=Carbamidomethyl;AC=UNIMOD:4;TA=C;MT=Fixed	NT=Oxidation;AC=UNIMOD:35;TA=M;MT=Variable	NT=Acetyl;AC=UNIMOD:1;PP=Protein N-term;MT=Variable	NT=Deamidated;AC=UNIMOD:7;TA=N,Q;MT=Variable	7 ppm	20 ppm	not applicable	120 min gradient	1	1	20150112_EXQ00_JaRi_SA_Sups_mDC_p_02.raw	v1.1.0	NT=ms-proteomics;VV=v1.1.0	NT=human;VV=v1.1.0	NT=sdrf-skills;VV=v0.2.0	CD1c-positive myeloid dendritic cell	lipopolysaccharide and resiquimod
mDC_LPS.R848_secretome_03	Homo sapiens	blood	CD1c-positive myeloid dendritic cell	normal	not applicable	adult	not available	not available	not available	not available	lipopolysaccharide and resiquimod	12 hour	3	20150112_EXQ00_JaRi_SA_Sups_mDC_p_03	proteomic profiling by mass spectrometry	NT=Q Exactive HF;AC=MS:1002523	label free sample	NT=Data-dependent acquisition;AC=PRIDE:0000627	NT=HCD;AC=MS:1000422	26 NCE	300m/z-1650m/z	NT=orbitrap;AC=MS:1000484	NT=Trypsin;AC=MS:1001251	NT=Lys-C;AC=MS:1001309	NT=Dithiothreitol (DTT);AC=PRIDE:0000608	NT=Iodoacetamide (IAA);AC=PRIDE:0000599	NT=Carbamidomethyl;AC=UNIMOD:4;TA=C;MT=Fixed	NT=Oxidation;AC=UNIMOD:35;TA=M;MT=Variable	NT=Acetyl;AC=UNIMOD:1;PP=Protein N-term;MT=Variable	NT=Deamidated;AC=UNIMOD:7;TA=N,Q;MT=Variable	7 ppm	20 ppm	not applicable	120 min gradient	1	1	20150112_EXQ00_JaRi_SA_Sups_mDC_p_03.raw	v1.1.0	NT=ms-proteomics;VV=v1.1.0	NT=human;VV=v1.1.0	NT=sdrf-skills;VV=v0.2.0	CD1c-positive myeloid dendritic cell	lipopolysaccharide and resiquimod
mDC_LPS.R848_secretome_04	Homo sapiens	blood	CD1c-positive myeloid dendritic cell	normal	not applicable	adult	not available	not available	not available	not available	lipopolysaccharide and resiquimod	12 hour	4	20150112_EXQ00_JaRi_SA_Sups_mDC_p_04	proteomic profiling by mass spectrometry	NT=Q Exactive HF;AC=MS:1002523	label free sample	NT=Data-dependent acquisition;AC=PRIDE:0000627	NT=HCD;AC=MS:1000422	26 NCE	300m/z-1650m/z	NT=orbitrap;AC=MS:1000484	NT=Trypsin;AC=MS:1001251	NT=Lys-C;AC=MS:1001309	NT=Dithiothreitol (DTT);AC=PRIDE:0000608	NT=Iodoacetamide (IAA);AC=PRIDE:0000599	NT=Carbamidomethyl;AC=UNIMOD:4;TA=C;MT=Fixed	NT=Oxidation;AC=UNIMOD:35;TA=M;MT=Variable	NT=Acetyl;AC=UNIMOD:1;PP=Protein N-term;MT=Variable	NT=Deamidated;AC=UNIMOD:7;TA=N,Q;MT=Variable	7 ppm	20 ppm	not applicable	120 min gradient	1	1	20150112_EXQ00_JaRi_SA_Sups_mDC_p_04.raw	v1.1.0	NT=ms-proteomics;VV=v1.1.0	NT=human;VV=v1.1.0	NT=sdrf-skills;VV=v0.2.0	CD1c-positive myeloid dendritic cell	lipopolysaccharide and resiquimod
mDC_LPS_secretome_01	Homo sapiens	blood	CD1c-positive myeloid dendritic cell	normal	not applicable	adult	not available	not available	not available	not available	Lipopolysaccharide	12 hour	1	20150817_QEp8_JaRi_SA_Sups_DCmyeloid_LPS_01	proteomic profiling by mass spectrometry	NT=Q Exactive HF;AC=MS:1002523	label free sample	NT=Data-dependent acquisition;AC=PRIDE:0000627	NT=HCD;AC=MS:1000422	27 NCE	300m/z-1650m/z	NT=orbitrap;AC=MS:1000484	NT=Trypsin;AC=MS:1001251	NT=Lys-C;AC=MS:1001309	NT=Dithiothreitol (DTT);AC=PRIDE:0000608	NT=Iodoacetamide (IAA);AC=PRIDE:0000599	NT=Carbamidomethyl;AC=UNIMOD:4;TA=C;MT=Fixed	NT=Oxidation;AC=UNIMOD:35;TA=M;MT=Variable	NT=Acetyl;AC=UNIMOD:1;PP=Protein N-term;MT=Variable	NT=Deamidated;AC=UNIMOD:7;TA=N,Q;MT=Variable	7 ppm	20 ppm	not applicable	120 min gradient	1	1	20150817_QEp8_JaRi_SA_Sups_DCmyeloid_LPS_01.raw	v1.1.0	NT=ms-proteomics;VV=v1.1.0	NT=human;VV=v1.1.0	NT=sdrf-skills;VV=v0.2.0	CD1c-positive myeloid dendritic cell	Lipopolysaccharide
mDC_LPS_secretome_02	Homo sapiens	blood	CD1c-positive myeloid dendritic cell	normal	not applicable	adult	not available	not available	not available	not available	Lipopolysaccharide	12 hour	2	20150817_QEp8_JaRi_SA_Sups_DCmyeloid_LPS_02	proteomic profiling by mass spectrometry	NT=Q Exactive HF;AC=MS:1002523	label free sample	NT=Data-dependent acquisition;AC=PRIDE:0000627	NT=HCD;AC=MS:1000422	27 NCE	300m/z-1650m/z	NT=orbitrap;AC=MS:1000484	NT=Trypsin;AC=MS:1001251	NT=Lys-C;AC=MS:1001309	NT=Dithiothreitol (DTT);AC=PRIDE:0000608	NT=Iodoacetamide (IAA);AC=PRIDE:0000599	NT=Carbamidomethyl;AC=UNIMOD:4;TA=C;MT=Fixed	NT=Oxidation;AC=UNIMOD:35;TA=M;MT=Variable	NT=Acetyl;AC=UNIMOD:1;PP=Protein N-term;MT=Variable	NT=Deamidated;AC=UNIMOD:7;TA=N,Q;MT=Variable	7 ppm	20 ppm	not applicable	120 min gradient	1	1	20150817_QEp8_JaRi_SA_Sups_DCmyeloid_LPS_02.raw	v1.1.0	NT=ms-proteomics;VV=v1.1.0	NT=human;VV=v1.1.0	NT=sdrf-skills;VV=v0.2.0	CD1c-positive myeloid dendritic cell	Lipopolysaccharide
mDC_LPS_secretome_03	Homo sapiens	blood	CD1c-positive myeloid dendritic cell	normal	not applicable	adult	not available	not available	not available	not available	Lipopolysaccharide	12 hour	3	20150817_QEp8_JaRi_SA_Sups_DCmyeloid_LPS_03	proteomic profiling by mass spectrometry	NT=Q Exactive HF;AC=MS:1002523	label free sample	NT=Data-dependent acquisition;AC=PRIDE:0000627	NT=HCD;AC=MS:1000422	27 NCE	300m/z-1650m/z	NT=orbitrap;AC=MS:1000484	NT=Trypsin;AC=MS:1001251	NT=Lys-C;AC=MS:1001309	NT=Dithiothreitol (DTT);AC=PRIDE:0000608	NT=Iodoacetamide (IAA);AC=PRIDE:0000599	NT=Carbamidomethyl;AC=UNIMOD:4;TA=C;MT=Fixed	NT=Oxidation;AC=UNIMOD:35;TA=M;MT=Variable	NT=Acetyl;AC=UNIMOD:1;PP=Protein N-term;MT=Variable	NT=Deamidated;AC=UNIMOD:7;TA=N,Q;MT=Variable	7 ppm	20 ppm	not applicable	120 min gradient	1	1	20150817_QEp8_JaRi_SA_Sups_DCmyeloid_LPS_03.raw	v1.1.0	NT=ms-proteomics;VV=v1.1.0	NT=human;VV=v1.1.0	NT=sdrf-skills;VV=v0.2.0	CD1c-positive myeloid dendritic cell	Lipopolysaccharide
mDC_LTA_secretome_01	Homo sapiens	blood	CD1c-positive myeloid dendritic cell	normal	not applicable	adult	not available	not available	not available	not available	Lipoteichoic Acid	12 hour	1	20150817_QEp8_JaRi_SA_Sups_DCmyeloid_LTA_01	proteomic profiling by mass spectrometry	NT=Q Exactive HF;AC=MS:1002523	label free sample	NT=Data-dependent acquisition;AC=PRIDE:0000627	NT=HCD;AC=MS:1000422	27 NCE	300m/z-1650m/z	NT=orbitrap;AC=MS:1000484	NT=Trypsin;AC=MS:1001251	NT=Lys-C;AC=MS:1001309	NT=Dithiothreitol (DTT);AC=PRIDE:0000608	NT=Iodoacetamide (IAA);AC=PRIDE:0000599	NT=Carbamidomethyl;AC=UNIMOD:4;TA=C;MT=Fixed	NT=Oxidation;AC=UNIMOD:35;TA=M;MT=Variable	NT=Acetyl;AC=UNIMOD:1;PP=Protein N-term;MT=Variable	NT=Deamidated;AC=UNIMOD:7;TA=N,Q;MT=Variable	7 ppm	20 ppm	not applicable	120 min gradient	1	1	20150817_QEp8_JaRi_SA_Sups_DCmyeloid_LTA_01.raw	v1.1.0	NT=ms-proteomics;VV=v1.1.0	NT=human;VV=v1.1.0	NT=sdrf-skills;VV=v0.2.0	CD1c-positive myeloid dendritic cell	Lipoteichoic Acid
mDC_LTA_secretome_02	Homo sapiens	blood	CD1c-positive myeloid dendritic cell	normal	not applicable	adult	not available	not available	not available	not available	Lipoteichoic Acid	12 hour	2	20150817_QEp8_JaRi_SA_Sups_DCmyeloid_LTA_02	proteomic profiling by mass spectrometry	NT=Q Exactive HF;AC=MS:1002523	label free sample	NT=Data-dependent acquisition;AC=PRIDE:0000627	NT=HCD;AC=MS:1000422	27 NCE	300m/z-1650m/z	NT=orbitrap;AC=MS:1000484	NT=Trypsin;AC=MS:1001251	NT=Lys-C;AC=MS:1001309	NT=Dithiothreitol (DTT);AC=PRIDE:0000608	NT=Iodoacetamide (IAA);AC=PRIDE:0000599	NT=Carbamidomethyl;AC=UNIMOD:4;TA=C;MT=Fixed	NT=Oxidation;AC=UNIMOD:35;TA=M;MT=Variable	NT=Acetyl;AC=UNIMOD:1;PP=Protein N-term;MT=Variable	NT=Deamidated;AC=UNIMOD:7;TA=N,Q;MT=Variable	7 ppm	20 ppm	not applicable	120 min gradient	1	1	20150817_QEp8_JaRi_SA_Sups_DCmyeloid_LTA_02.raw	v1.1.0	NT=ms-proteomics;VV=v1.1.0	NT=human;VV=v1.1.0	NT=sdrf-skills;VV=v0.2.0	CD1c-positive myeloid dendritic cell	Lipoteichoic Acid
mDC_LTA_secretome_03	Homo sapiens	blood	CD1c-positive myeloid dendritic cell	normal	not applicable	adult	not available	not available	not available	not available	Lipoteichoic Acid	12 hour	3	20150817_QEp8_JaRi_SA_Sups_DCmyeloid_LTA_03	proteomic profiling by mass spectrometry	NT=Q Exactive HF;AC=MS:1002523	label free sample	NT=Data-dependent acquisition;AC=PRIDE:0000627	NT=HCD;AC=MS:1000422	27 NCE	300m/z-1650m/z	NT=orbitrap;AC=MS:1000484	NT=Trypsin;AC=MS:1001251	NT=Lys-C;AC=MS:1001309	NT=Dithiothreitol (DTT);AC=PRIDE:0000608	NT=Iodoacetamide (IAA);AC=PRIDE:0000599	NT=Carbamidomethyl;AC=UNIMOD:4;TA=C;MT=Fixed	NT=Oxidation;AC=UNIMOD:35;TA=M;MT=Variable	NT=Acetyl;AC=UNIMOD:1;PP=Protein N-term;MT=Variable	NT=Deamidated;AC=UNIMOD:7;TA=N,Q;MT=Variable	7 ppm	20 ppm	not applicable	120 min gradient	1	1	20150817_QEp8_JaRi_SA_Sups_DCmyeloid_LTA_03.raw	v1.1.0	NT=ms-proteomics;VV=v1.1.0	NT=human;VV=v1.1.0	NT=sdrf-skills;VV=v0.2.0	CD1c-positive myeloid dendritic cell	Lipoteichoic Acid
mDC_PIC_secretome_01	Homo sapiens	blood	CD1c-positive myeloid dendritic cell	normal	not applicable	adult	not available	not available	not available	not available	Poly IC	12 hour	1	20150817_QEp8_JaRi_SA_Sups_DCmyeloid_PIC_01	proteomic profiling by mass spectrometry	NT=Q Exactive HF;AC=MS:1002523	label free sample	NT=Data-dependent acquisition;AC=PRIDE:0000627	NT=HCD;AC=MS:1000422	27 NCE	300m/z-1650m/z	NT=orbitrap;AC=MS:1000484	NT=Trypsin;AC=MS:1001251	NT=Lys-C;AC=MS:1001309	NT=Dithiothreitol (DTT);AC=PRIDE:0000608	NT=Iodoacetamide (IAA);AC=PRIDE:0000599	NT=Carbamidomethyl;AC=UNIMOD:4;TA=C;MT=Fixed	NT=Oxidation;AC=UNIMOD:35;TA=M;MT=Variable	NT=Acetyl;AC=UNIMOD:1;PP=Protein N-term;MT=Variable	NT=Deamidated;AC=UNIMOD:7;TA=N,Q;MT=Variable	7 ppm	20 ppm	not applicable	120 min gradient	1	1	20150817_QEp8_JaRi_SA_Sups_DCmyeloid_PIC_01.raw	v1.1.0	NT=ms-proteomics;VV=v1.1.0	NT=human;VV=v1.1.0	NT=sdrf-skills;VV=v0.2.0	CD1c-positive myeloid dendritic cell	Poly IC
mDC_PIC_secretome_02	Homo sapiens	blood	CD1c-positive myeloid dendritic cell	normal	not applicable	adult	not available	not available	not available	not available	Poly IC	12 hour	2	20150817_QEp8_JaRi_SA_Sups_DCmyeloid_PIC_02	proteomic profiling by mass spectrometry	NT=Q Exactive HF;AC=MS:1002523	label free sample	NT=Data-dependent acquisition;AC=PRIDE:0000627	NT=HCD;AC=MS:1000422	27 NCE	300m/z-1650m/z	NT=orbitrap;AC=MS:1000484	NT=Trypsin;AC=MS:1001251	NT=Lys-C;AC=MS:1001309	NT=Dithiothreitol (DTT);AC=PRIDE:0000608	NT=Iodoacetamide (IAA);AC=PRIDE:0000599	NT=Carbamidomethyl;AC=UNIMOD:4;TA=C;MT=Fixed	NT=Oxidation;AC=UNIMOD:35;TA=M;MT=Variable	NT=Acetyl;AC=UNIMOD:1;PP=Protein N-term;MT=Variable	NT=Deamidated;AC=UNIMOD:7;TA=N,Q;MT=Variable	7 ppm	20 ppm	not applicable	120 min gradient	1	1	20150817_QEp8_JaRi_SA_Sups_DCmyeloid_PIC_02.raw	v1.1.0	NT=ms-proteomics;VV=v1.1.0	NT=human;VV=v1.1.0	NT=sdrf-skills;VV=v0.2.0	CD1c-positive myeloid dendritic cell	Poly IC
mDC_PIC_secretome_03	Homo sapiens	blood	CD1c-positive myeloid dendritic cell	normal	not applicable	adult	not available	not available	not available	not available	Poly IC	12 hour	3	20150817_QEp8_JaRi_SA_Sups_DCmyeloid_PIC_03	proteomic profiling by mass spectrometry	NT=Q Exactive HF;AC=MS:1002523	label free sample	NT=Data-dependent acquisition;AC=PRIDE:0000627	NT=HCD;AC=MS:1000422	27 NCE	300m/z-1650m/z	NT=orbitrap;AC=MS:1000484	NT=Trypsin;AC=MS:1001251	NT=Lys-C;AC=MS:1001309	NT=Dithiothreitol (DTT);AC=PRIDE:0000608	NT=Iodoacetamide (IAA);AC=PRIDE:0000599	NT=Carbamidomethyl;AC=UNIMOD:4;TA=C;MT=Fixed	NT=Oxidation;AC=UNIMOD:35;TA=M;MT=Variable	NT=Acetyl;AC=UNIMOD:1;PP=Protein N-term;MT=Variable	NT=Deamidated;AC=UNIMOD:7;TA=N,Q;MT=Variable	7 ppm	20 ppm	not applicable	120 min gradient	1	1	20150817_QEp8_JaRi_SA_Sups_DCmyeloid_PIC_03.raw	v1.1.0	NT=ms-proteomics;VV=v1.1.0	NT=human;VV=v1.1.0	NT=sdrf-skills;VV=v0.2.0	CD1c-positive myeloid dendritic cell	Poly IC
mDC_R848_secretome_01	Homo sapiens	blood	CD1c-positive myeloid dendritic cell	normal	not applicable	adult	not available	not available	not available	not available	Resiquimod	12 hour	1	20150817_QEp8_JaRi_SA_Sups_DCmyeloid_R848_01	proteomic profiling by mass spectrometry	NT=Q Exactive HF;AC=MS:1002523	label free sample	NT=Data-dependent acquisition;AC=PRIDE:0000627	NT=HCD;AC=MS:1000422	27 NCE	300m/z-1650m/z	NT=orbitrap;AC=MS:1000484	NT=Trypsin;AC=MS:1001251	NT=Lys-C;AC=MS:1001309	NT=Dithiothreitol (DTT);AC=PRIDE:0000608	NT=Iodoacetamide (IAA);AC=PRIDE:0000599	NT=Carbamidomethyl;AC=UNIMOD:4;TA=C;MT=Fixed	NT=Oxidation;AC=UNIMOD:35;TA=M;MT=Variable	NT=Acetyl;AC=UNIMOD:1;PP=Protein N-term;MT=Variable	NT=Deamidated;AC=UNIMOD:7;TA=N,Q;MT=Variable	7 ppm	20 ppm	not applicable	120 min gradient	1	1	20150817_QEp8_JaRi_SA_Sups_DCmyeloid_R848_01.raw	v1.1.0	NT=ms-proteomics;VV=v1.1.0	NT=human;VV=v1.1.0	NT=sdrf-skills;VV=v0.2.0	CD1c-positive myeloid dendritic cell	Resiquimod
mDC_R848_secretome_02	Homo sapiens	blood	CD1c-positive myeloid dendritic cell	normal	not applicable	adult	not available	not available	not available	not available	Resiquimod	12 hour	2	20150817_QEp8_JaRi_SA_Sups_DCmyeloid_R848_02	proteomic profiling by mass spectrometry	NT=Q Exactive HF;AC=MS:1002523	label free sample	NT=Data-dependent acquisition;AC=PRIDE:0000627	NT=HCD;AC=MS:1000422	27 NCE	300m/z-1650m/z	NT=orbitrap;AC=MS:1000484	NT=Trypsin;AC=MS:1001251	NT=Lys-C;AC=MS:1001309	NT=Dithiothreitol (DTT);AC=PRIDE:0000608	NT=Iodoacetamide (IAA);AC=PRIDE:0000599	NT=Carbamidomethyl;AC=UNIMOD:4;TA=C;MT=Fixed	NT=Oxidation;AC=UNIMOD:35;TA=M;MT=Variable	NT=Acetyl;AC=UNIMOD:1;PP=Protein N-term;MT=Variable	NT=Deamidated;AC=UNIMOD:7;TA=N,Q;MT=Variable	7 ppm	20 ppm	not applicable	120 min gradient	1	1	20150817_QEp8_JaRi_SA_Sups_DCmyeloid_R848_02.raw	v1.1.0	NT=ms-proteomics;VV=v1.1.0	NT=human;VV=v1.1.0	NT=sdrf-skills;VV=v0.2.0	CD1c-positive myeloid dendritic cell	Resiquimod
mDC_R848_secretome_03	Homo sapiens	blood	CD1c-positive myeloid dendritic cell	normal	not applicable	adult	not available	not available	not available	not available	Resiquimod	12 hour	3	20150817_QEp8_JaRi_SA_Sups_DCmyeloid_R848_03	proteomic profiling by mass spectrometry	NT=Q Exactive HF;AC=MS:1002523	label free sample	NT=Data-dependent acquisition;AC=PRIDE:0000627	NT=HCD;AC=MS:1000422	27 NCE	300m/z-1650m/z	NT=orbitrap;AC=MS:1000484	NT=Trypsin;AC=MS:1001251	NT=Lys-C;AC=MS:1001309	NT=Dithiothreitol (DTT);AC=PRIDE:0000608	NT=Iodoacetamide (IAA);AC=PRIDE:0000599	NT=Carbamidomethyl;AC=UNIMOD:4;TA=C;MT=Fixed	NT=Oxidation;AC=UNIMOD:35;TA=M;MT=Variable	NT=Acetyl;AC=UNIMOD:1;PP=Protein N-term;MT=Variable	NT=Deamidated;AC=UNIMOD:7;TA=N,Q;MT=Variable	7 ppm	20 ppm	not applicable	120 min gradient	1	1	20150817_QEp8_JaRi_SA_Sups_DCmyeloid_R848_03.raw	v1.1.0	NT=ms-proteomics;VV=v1.1.0	NT=human;VV=v1.1.0	NT=sdrf-skills;VV=v0.2.0	CD1c-positive myeloid dendritic cell	Resiquimod
mDC_ZYM_secretome_01	Homo sapiens	blood	CD1c-positive myeloid dendritic cell	normal	not applicable	adult	not available	not available	not available	not available	Zymosan	12 hour	1	20150817_QEp8_JaRi_SA_Sups_DCmyeloid_ZYM_01	proteomic profiling by mass spectrometry	NT=Q Exactive HF;AC=MS:1002523	label free sample	NT=Data-dependent acquisition;AC=PRIDE:0000627	NT=HCD;AC=MS:1000422	27 NCE	300m/z-1650m/z	NT=orbitrap;AC=MS:1000484	NT=Trypsin;AC=MS:1001251	NT=Lys-C;AC=MS:1001309	NT=Dithiothreitol (DTT);AC=PRIDE:0000608	NT=Iodoacetamide (IAA);AC=PRIDE:0000599	NT=Carbamidomethyl;AC=UNIMOD:4;TA=C;MT=Fixed	NT=Oxidation;AC=UNIMOD:35;TA=M;MT=Variable	NT=Acetyl;AC=UNIMOD:1;PP=Protein N-term;MT=Variable	NT=Deamidated;AC=UNIMOD:7;TA=N,Q;MT=Variable	7 ppm	20 ppm	not applicable	120 min gradient	1	1	20150817_QEp8_JaRi_SA_Sups_DCmyeloid_ZYM_01.raw	v1.1.0	NT=ms-proteomics;VV=v1.1.0	NT=human;VV=v1.1.0	NT=sdrf-skills;VV=v0.2.0	CD1c-positive myeloid dendritic cell	Zymosan
mDC_ZYM_secretome_02	Homo sapiens	blood	CD1c-positive myeloid dendritic cell	normal	not applicable	adult	not available	not available	not available	not available	Zymosan	12 hour	2	20150817_QEp8_JaRi_SA_Sups_DCmyeloid_ZYM_02	proteomic profiling by mass spectrometry	NT=Q Exactive HF;AC=MS:1002523	label free sample	NT=Data-dependent acquisition;AC=PRIDE:0000627	NT=HCD;AC=MS:1000422	27 NCE	300m/z-1650m/z	NT=orbitrap;AC=MS:1000484	NT=Trypsin;AC=MS:1001251	NT=Lys-C;AC=MS:1001309	NT=Dithiothreitol (DTT);AC=PRIDE:0000608	NT=Iodoacetamide (IAA);AC=PRIDE:0000599	NT=Carbamidomethyl;AC=UNIMOD:4;TA=C;MT=Fixed	NT=Oxidation;AC=UNIMOD:35;TA=M;MT=Variable	NT=Acetyl;AC=UNIMOD:1;PP=Protein N-term;MT=Variable	NT=Deamidated;AC=UNIMOD:7;TA=N,Q;MT=Variable	7 ppm	20 ppm	not applicable	120 min gradient	1	1	20150817_QEp8_JaRi_SA_Sups_DCmyeloid_ZYM_02.raw	v1.1.0	NT=ms-proteomics;VV=v1.1.0	NT=human;VV=v1.1.0	NT=sdrf-skills;VV=v0.2.0	CD1c-positive myeloid dendritic cell	Zymosan
mDC_ZYM_secretome_03	Homo sapiens	blood	CD1c-positive myeloid dendritic cell	normal	not applicable	adult	not available	not available	not available	not available	Zymosan	12 hour	3	20150817_QEp8_JaRi_SA_Sups_DCmyeloid_ZYM_03	proteomic profiling by mass spectrometry	NT=Q Exactive HF;AC=MS:1002523	label free sample	NT=Data-dependent acquisition;AC=PRIDE:0000627	NT=HCD;AC=MS:1000422	27 NCE	300m/z-1650m/z	NT=orbitrap;AC=MS:1000484	NT=Trypsin;AC=MS:1001251	NT=Lys-C;AC=MS:1001309	NT=Dithiothreitol (DTT);AC=PRIDE:0000608	NT=Iodoacetamide (IAA);AC=PRIDE:0000599	NT=Carbamidomethyl;AC=UNIMOD:4;TA=C;MT=Fixed	NT=Oxidation;AC=UNIMOD:35;TA=M;MT=Variable	NT=Acetyl;AC=UNIMOD:1;PP=Protein N-term;MT=Variable	NT=Deamidated;AC=UNIMOD:7;TA=N,Q;MT=Variable	7 ppm	20 ppm	not applicable	120 min gradient	1	1	20150817_QEp8_JaRi_SA_Sups_DCmyeloid_ZYM_03.raw	v1.1.0	NT=ms-proteomics;VV=v1.1.0	NT=human;VV=v1.1.0	NT=sdrf-skills;VV=v0.2.0	CD1c-positive myeloid dendritic cell	Zymosan
mDC_steady-state_cellular_01	Homo sapiens	blood	CD1c-positive myeloid dendritic cell	normal	cell	adult	not available	not available	not available	not available	untreated	not applicable	1	mDC_01steady-state	proteomic profiling by mass spectrometry	NT=Q Exactive HF;AC=MS:1002523	label free sample	NT=Data-dependent acquisition;AC=PRIDE:0000627	NT=HCD;AC=MS:1000422	26 NCE	300m/z-1650m/z	NT=orbitrap;AC=MS:1000484	NT=Trypsin;AC=MS:1001251	NT=Lys-C;AC=MS:1001309	NT=Dithiothreitol (DTT);AC=PRIDE:0000608	NT=Iodoacetamide (IAA);AC=PRIDE:0000599	NT=Carbamidomethyl;AC=UNIMOD:4;TA=C;MT=Fixed	NT=Oxidation;AC=UNIMOD:35;TA=M;MT=Variable	NT=Acetyl;AC=UNIMOD:1;PP=Protein N-term;MT=Variable	NT=Deamidated;AC=UNIMOD:7;TA=N,Q;MT=Variable	7 ppm	20 ppm	not applicable	nonlinear 5-60% buffer B (80% acetonitrile, 0.5% formic acid) over 180 min at 250 nl/min	1	1	mDC_01steady-state.raw	v1.1.0	NT=ms-proteomics;VV=v1.1.0	NT=human;VV=v1.1.0	NT=sdrf-skills;VV=v0.2.0	CD1c-positive myeloid dendritic cell	untreated
mDC_steady-state_cellular_02	Homo sapiens	blood	CD1c-positive myeloid dendritic cell	normal	cell	adult	not available	not available	not available	not available	untreated	not applicable	2	mDC_02steady-state	proteomic profiling by mass spectrometry	NT=Q Exactive HF;AC=MS:1002523	label free sample	NT=Data-dependent acquisition;AC=PRIDE:0000627	NT=HCD;AC=MS:1000422	26 NCE	300m/z-1650m/z	NT=orbitrap;AC=MS:1000484	NT=Trypsin;AC=MS:1001251	NT=Lys-C;AC=MS:1001309	NT=Dithiothreitol (DTT);AC=PRIDE:0000608	NT=Iodoacetamide (IAA);AC=PRIDE:0000599	NT=Carbamidomethyl;AC=UNIMOD:4;TA=C;MT=Fixed	NT=Oxidation;AC=UNIMOD:35;TA=M;MT=Variable	NT=Acetyl;AC=UNIMOD:1;PP=Protein N-term;MT=Variable	NT=Deamidated;AC=UNIMOD:7;TA=N,Q;MT=Variable	7 ppm	20 ppm	not applicable	nonlinear 5-60% buffer B (80% acetonitrile, 0.5% formic acid) over 180 min at 250 nl/min	1	1	mDC_02steady-state.raw	v1.1.0	NT=ms-proteomics;VV=v1.1.0	NT=human;VV=v1.1.0	NT=sdrf-skills;VV=v0.2.0	CD1c-positive myeloid dendritic cell	untreated
mDC_steady-state_cellular_03	Homo sapiens	blood	CD1c-positive myeloid dendritic cell	normal	cell	adult	not available	not available	not available	not available	untreated	not applicable	3	mDC_03steady-state	proteomic profiling by mass spectrometry	NT=Q Exactive HF;AC=MS:1002523	label free sample	NT=Data-dependent acquisition;AC=PRIDE:0000627	NT=HCD;AC=MS:1000422	26 NCE	300m/z-1650m/z	NT=orbitrap;AC=MS:1000484	NT=Trypsin;AC=MS:1001251	NT=Lys-C;AC=MS:1001309	NT=Dithiothreitol (DTT);AC=PRIDE:0000608	NT=Iodoacetamide (IAA);AC=PRIDE:0000599	NT=Carbamidomethyl;AC=UNIMOD:4;TA=C;MT=Fixed	NT=Oxidation;AC=UNIMOD:35;TA=M;MT=Variable	NT=Acetyl;AC=UNIMOD:1;PP=Protein N-term;MT=Variable	NT=Deamidated;AC=UNIMOD:7;TA=N,Q;MT=Variable	7 ppm	20 ppm	not applicable	nonlinear 5-60% buffer B (80% acetonitrile, 0.5% formic acid) over 180 min at 250 nl/min	1	1	mDC_03steady-state.raw	v1.1.0	NT=ms-proteomics;VV=v1.1.0	NT=human;VV=v1.1.0	NT=sdrf-skills;VV=v0.2.0	CD1c-positive myeloid dendritic cell	untreated
mDC_steady-state_cellular_04	Homo sapiens	blood	CD1c-positive myeloid dendritic cell	normal	cell	adult	not available	not available	not available	not available	untreated	not applicable	4	mDC_04steady-state	proteomic profiling by mass spectrometry	NT=Q Exactive HF;AC=MS:1002523	label free sample	NT=Data-dependent acquisition;AC=PRIDE:0000627	NT=HCD;AC=MS:1000422	26 NCE	300m/z-1650m/z	NT=orbitrap;AC=MS:1000484	NT=Trypsin;AC=MS:1001251	NT=Lys-C;AC=MS:1001309	NT=Dithiothreitol (DTT);AC=PRIDE:0000608	NT=Iodoacetamide (IAA);AC=PRIDE:0000599	NT=Carbamidomethyl;AC=UNIMOD:4;TA=C;MT=Fixed	NT=Oxidation;AC=UNIMOD:35;TA=M;MT=Variable	NT=Acetyl;AC=UNIMOD:1;PP=Protein N-term;MT=Variable	NT=Deamidated;AC=UNIMOD:7;TA=N,Q;MT=Variable	7 ppm	20 ppm	not applicable	nonlinear 5-60% buffer B (80% acetonitrile, 0.5% formic acid) over 180 min at 250 nl/min	1	1	mDC_04steady-state.raw	v1.1.0	NT=ms-proteomics;VV=v1.1.0	NT=human;VV=v1.1.0	NT=sdrf-skills;VV=v0.2.0	CD1c-positive myeloid dendritic cell	untreated
mDC_steady-state_cellular_05	Homo sapiens	blood	CD1c-positive myeloid dendritic cell	normal	cell	adult	not available	not available	not available	not available	untreated	not applicable	5	Library_single.shot_9steady-state	proteomic profiling by mass spectrometry	NT=Q Exactive HF;AC=MS:1002523	label free sample	NT=Data-dependent acquisition;AC=PRIDE:0000627	NT=HCD;AC=MS:1000422	26 NCE	300m/z-1650m/z	NT=orbitrap;AC=MS:1000484	NT=Trypsin;AC=MS:1001251	NT=Lys-C;AC=MS:1001309	NT=Dithiothreitol (DTT);AC=PRIDE:0000608	NT=Iodoacetamide (IAA);AC=PRIDE:0000599	NT=Carbamidomethyl;AC=UNIMOD:4;TA=C;MT=Fixed	NT=Oxidation;AC=UNIMOD:35;TA=M;MT=Variable	NT=Acetyl;AC=UNIMOD:1;PP=Protein N-term;MT=Variable	NT=Deamidated;AC=UNIMOD:7;TA=N,Q;MT=Variable	7 ppm	20 ppm	not applicable	nonlinear 5-60% buffer B (80% acetonitrile, 0.5% formic acid) over 180 min at 250 nl/min	1	1	Library_single.shot_9steady-state.raw	v1.1.0	NT=ms-proteomics;VV=v1.1.0	NT=human;VV=v1.1.0	NT=sdrf-skills;VV=v0.2.0	CD1c-positive myeloid dendritic cell	untreated
mDC_unstim_secretome_01	Homo sapiens	blood	CD1c-positive myeloid dendritic cell	normal	not applicable	adult	not available	not available	not available	not available	untreated	12 hour	1	20150817_QEp8_JaRi_SA_Sups_DCmyeloid_CTR_01	proteomic profiling by mass spectrometry	NT=Q Exactive HF;AC=MS:1002523	label free sample	NT=Data-dependent acquisition;AC=PRIDE:0000627	NT=HCD;AC=MS:1000422	27 NCE	300m/z-1650m/z	NT=orbitrap;AC=MS:1000484	NT=Trypsin;AC=MS:1001251	NT=Lys-C;AC=MS:1001309	NT=Dithiothreitol (DTT);AC=PRIDE:0000608	NT=Iodoacetamide (IAA);AC=PRIDE:0000599	NT=Carbamidomethyl;AC=UNIMOD:4;TA=C;MT=Fixed	NT=Oxidation;AC=UNIMOD:35;TA=M;MT=Variable	NT=Acetyl;AC=UNIMOD:1;PP=Protein N-term;MT=Variable	NT=Deamidated;AC=UNIMOD:7;TA=N,Q;MT=Variable	7 ppm	20 ppm	not applicable	120 min gradient	1	1	20150817_QEp8_JaRi_SA_Sups_DCmyeloid_CTR_01.raw	v1.1.0	NT=ms-proteomics;VV=v1.1.0	NT=human;VV=v1.1.0	NT=sdrf-skills;VV=v0.2.0	CD1c-positive myeloid dendritic cell	untreated
mDC_unstim_secretome_02	Homo sapiens	blood	CD1c-positive myeloid dendritic cell	normal	not applicable	adult	not available	not available	not available	not available	untreated	12 hour	2	20150112_EXQ00_JaRi_SA_Sups_mDC_n_01	proteomic profiling by mass spectrometry	NT=Q Exactive HF;AC=MS:1002523	label free sample	NT=Data-dependent acquisition;AC=PRIDE:0000627	NT=HCD;AC=MS:1000422	26 NCE	300m/z-1650m/z	NT=orbitrap;AC=MS:1000484	NT=Trypsin;AC=MS:1001251	NT=Lys-C;AC=MS:1001309	NT=Dithiothreitol (DTT);AC=PRIDE:0000608	NT=Iodoacetamide (IAA);AC=PRIDE:0000599	NT=Carbamidomethyl;AC=UNIMOD:4;TA=C;MT=Fixed	NT=Oxidation;AC=UNIMOD:35;TA=M;MT=Variable	NT=Acetyl;AC=UNIMOD:1;PP=Protein N-term;MT=Variable	NT=Deamidated;AC=UNIMOD:7;TA=N,Q;MT=Variable	7 ppm	20 ppm	not applicable	120 min gradient	1	1	20150112_EXQ00_JaRi_SA_Sups_mDC_n_01.raw	v1.1.0	NT=ms-proteomics;VV=v1.1.0	NT=human;VV=v1.1.0	NT=sdrf-skills;VV=v0.2.0	CD1c-positive myeloid dendritic cell	untreated
mDC_unstim_secretome_03	Homo sapiens	blood	CD1c-positive myeloid dendritic cell	normal	not applicable	adult	not available	not available	not available	not available	untreated	12 hour	3	20150817_QEp8_JaRi_SA_Sups_DCmyeloid_CTR_02	proteomic profiling by mass spectrometry	NT=Q Exactive HF;AC=MS:1002523	label free sample	NT=Data-dependent acquisition;AC=PRIDE:0000627	NT=HCD;AC=MS:1000422	27 NCE	300m/z-1650m/z	NT=orbitrap;AC=MS:1000484	NT=Trypsin;AC=MS:1001251	NT=Lys-C;AC=MS:1001309	NT=Dithiothreitol (DTT);AC=PRIDE:0000608	NT=Iodoacetamide (IAA);AC=PRIDE:0000599	NT=Carbamidomethyl;AC=UNIMOD:4;TA=C;MT=Fixed	NT=Oxidation;AC=UNIMOD:35;TA=M;MT=Variable	NT=Acetyl;AC=UNIMOD:1;PP=Protein N-term;MT=Variable	NT=Deamidated;AC=UNIMOD:7;TA=N,Q;MT=Variable	7 ppm	20 ppm	not applicable	120 min gradient	1	1	20150817_QEp8_JaRi_SA_Sups_DCmyeloid_CTR_02.raw	v1.1.0	NT=ms-proteomics;VV=v1.1.0	NT=human;VV=v1.1.0	NT=sdrf-skills;VV=v0.2.0	CD1c-positive myeloid dendritic cell	untreated
mDC_unstim_secretome_04	Homo sapiens	blood	CD1c-positive myeloid dendritic cell	normal	not applicable	adult	not available	not available	not available	not available	untreated	12 hour	4	20150112_EXQ00_JaRi_SA_Sups_mDC_n_02	proteomic profiling by mass spectrometry	NT=Q Exactive HF;AC=MS:1002523	label free sample	NT=Data-dependent acquisition;AC=PRIDE:0000627	NT=HCD;AC=MS:1000422	26 NCE	300m/z-1650m/z	NT=orbitrap;AC=MS:1000484	NT=Trypsin;AC=MS:1001251	NT=Lys-C;AC=MS:1001309	NT=Dithiothreitol (DTT);AC=PRIDE:0000608	NT=Iodoacetamide (IAA);AC=PRIDE:0000599	NT=Carbamidomethyl;AC=UNIMOD:4;TA=C;MT=Fixed	NT=Oxidation;AC=UNIMOD:35;TA=M;MT=Variable	NT=Acetyl;AC=UNIMOD:1;PP=Protein N-term;MT=Variable	NT=Deamidated;AC=UNIMOD:7;TA=N,Q;MT=Variable	7 ppm	20 ppm	not applicable	120 min gradient	1	1	20150112_EXQ00_JaRi_SA_Sups_mDC_n_02.raw	v1.1.0	NT=ms-proteomics;VV=v1.1.0	NT=human;VV=v1.1.0	NT=sdrf-skills;VV=v0.2.0	CD1c-positive myeloid dendritic cell	untreated
mDC_unstim_secretome_05	Homo sapiens	blood	CD1c-positive myeloid dendritic cell	normal	not applicable	adult	not available	not available	not available	not available	untreated	12 hour	5	20150817_QEp8_JaRi_SA_Sups_DCmyeloid_CTR_03	proteomic profiling by mass spectrometry	NT=Q Exactive HF;AC=MS:1002523	label free sample	NT=Data-dependent acquisition;AC=PRIDE:0000627	NT=HCD;AC=MS:1000422	27 NCE	300m/z-1650m/z	NT=orbitrap;AC=MS:1000484	NT=Trypsin;AC=MS:1001251	NT=Lys-C;AC=MS:1001309	NT=Dithiothreitol (DTT);AC=PRIDE:0000608	NT=Iodoacetamide (IAA);AC=PRIDE:0000599	NT=Carbamidomethyl;AC=UNIMOD:4;TA=C;MT=Fixed	NT=Oxidation;AC=UNIMOD:35;TA=M;MT=Variable	NT=Acetyl;AC=UNIMOD:1;PP=Protein N-term;MT=Variable	NT=Deamidated;AC=UNIMOD:7;TA=N,Q;MT=Variable	7 ppm	20 ppm	not applicable	120 min gradient	1	1	20150817_QEp8_JaRi_SA_Sups_DCmyeloid_CTR_03.raw	v1.1.0	NT=ms-proteomics;VV=v1.1.0	NT=human;VV=v1.1.0	NT=sdrf-skills;VV=v0.2.0	CD1c-positive myeloid dendritic cell	untreated
mDC_unstim_secretome_06	Homo sapiens	blood	CD1c-positive myeloid dendritic cell	normal	not applicable	adult	not available	not available	not available	not available	untreated	12 hour	6	20150112_EXQ00_JaRi_SA_Sups_mDC_n_03	proteomic profiling by mass spectrometry	NT=Q Exactive HF;AC=MS:1002523	label free sample	NT=Data-dependent acquisition;AC=PRIDE:0000627	NT=HCD;AC=MS:1000422	26 NCE	300m/z-1650m/z	NT=orbitrap;AC=MS:1000484	NT=Trypsin;AC=MS:1001251	NT=Lys-C;AC=MS:1001309	NT=Dithiothreitol (DTT);AC=PRIDE:0000608	NT=Iodoacetamide (IAA);AC=PRIDE:0000599	NT=Carbamidomethyl;AC=UNIMOD:4;TA=C;MT=Fixed	NT=Oxidation;AC=UNIMOD:35;TA=M;MT=Variable	NT=Acetyl;AC=UNIMOD:1;PP=Protein N-term;MT=Variable	NT=Deamidated;AC=UNIMOD:7;TA=N,Q;MT=Variable	7 ppm	20 ppm	not applicable	120 min gradient	1	1	20150112_EXQ00_JaRi_SA_Sups_mDC_n_03.raw	v1.1.0	NT=ms-proteomics;VV=v1.1.0	NT=human;VV=v1.1.0	NT=sdrf-skills;VV=v0.2.0	CD1c-positive myeloid dendritic cell	untreated
mDC_unstim_secretome_07	Homo sapiens	blood	CD1c-positive myeloid dendritic cell	normal	not applicable	adult	not available	not available	not available	not available	untreated	12 hour	7	20150112_EXQ00_JaRi_SA_Sups_mDC_n_04	proteomic profiling by mass spectrometry	NT=Q Exactive HF;AC=MS:1002523	label free sample	NT=Data-dependent acquisition;AC=PRIDE:0000627	NT=HCD;AC=MS:1000422	26 NCE	300m/z-1650m/z	NT=orbitrap;AC=MS:1000484	NT=Trypsin;AC=MS:1001251	NT=Lys-C;AC=MS:1001309	NT=Dithiothreitol (DTT);AC=PRIDE:0000608	NT=Iodoacetamide (IAA);AC=PRIDE:0000599	NT=Carbamidomethyl;AC=UNIMOD:4;TA=C;MT=Fixed	NT=Oxidation;AC=UNIMOD:35;TA=M;MT=Variable	NT=Acetyl;AC=UNIMOD:1;PP=Protein N-term;MT=Variable	NT=Deamidated;AC=UNIMOD:7;TA=N,Q;MT=Variable	7 ppm	20 ppm	not applicable	120 min gradient	1	1	20150112_EXQ00_JaRi_SA_Sups_mDC_n_04.raw	v1.1.0	NT=ms-proteomics;VV=v1.1.0	NT=human;VV=v1.1.0	NT=sdrf-skills;VV=v0.2.0	CD1c-positive myeloid dendritic cell	untreated
mTregs_aCD3.aCD28.IL2_cellular_01	Homo sapiens	blood	memory regulatory T cell	normal	cell	adult	not available	not available	not available	not available	anti-CD3 and anti-CD28 antibody with interleukin-2	96 hour	1	mTregs_01activated	proteomic profiling by mass spectrometry	NT=Q Exactive HF;AC=MS:1002523	label free sample	NT=Data-dependent acquisition;AC=PRIDE:0000627	NT=HCD;AC=MS:1000422	26 NCE	300m/z-1650m/z	NT=orbitrap;AC=MS:1000484	NT=Trypsin;AC=MS:1001251	NT=Lys-C;AC=MS:1001309	NT=Dithiothreitol (DTT);AC=PRIDE:0000608	NT=Iodoacetamide (IAA);AC=PRIDE:0000599	NT=Carbamidomethyl;AC=UNIMOD:4;TA=C;MT=Fixed	NT=Oxidation;AC=UNIMOD:35;TA=M;MT=Variable	NT=Acetyl;AC=UNIMOD:1;PP=Protein N-term;MT=Variable	NT=Deamidated;AC=UNIMOD:7;TA=N,Q;MT=Variable	7 ppm	20 ppm	not applicable	nonlinear 5-60% buffer B (80% acetonitrile, 0.5% formic acid) over 180 min at 250 nl/min	1	1	mTregs_01activated.raw	v1.1.0	NT=ms-proteomics;VV=v1.1.0	NT=human;VV=v1.1.0	NT=sdrf-skills;VV=v0.2.0	memory regulatory T cell	anti-CD3 and anti-CD28 antibody with interleukin-2
mTregs_aCD3.aCD28.IL2_cellular_02	Homo sapiens	blood	memory regulatory T cell	normal	cell	adult	not available	not available	not available	not available	anti-CD3 and anti-CD28 antibody with interleukin-2	96 hour	2	mTregs_02activated	proteomic profiling by mass spectrometry	NT=Q Exactive HF;AC=MS:1002523	label free sample	NT=Data-dependent acquisition;AC=PRIDE:0000627	NT=HCD;AC=MS:1000422	26 NCE	300m/z-1650m/z	NT=orbitrap;AC=MS:1000484	NT=Trypsin;AC=MS:1001251	NT=Lys-C;AC=MS:1001309	NT=Dithiothreitol (DTT);AC=PRIDE:0000608	NT=Iodoacetamide (IAA);AC=PRIDE:0000599	NT=Carbamidomethyl;AC=UNIMOD:4;TA=C;MT=Fixed	NT=Oxidation;AC=UNIMOD:35;TA=M;MT=Variable	NT=Acetyl;AC=UNIMOD:1;PP=Protein N-term;MT=Variable	NT=Deamidated;AC=UNIMOD:7;TA=N,Q;MT=Variable	7 ppm	20 ppm	not applicable	nonlinear 5-60% buffer B (80% acetonitrile, 0.5% formic acid) over 180 min at 250 nl/min	1	1	mTregs_02activated.raw	v1.1.0	NT=ms-proteomics;VV=v1.1.0	NT=human;VV=v1.1.0	NT=sdrf-skills;VV=v0.2.0	memory regulatory T cell	anti-CD3 and anti-CD28 antibody with interleukin-2
mTregs_aCD3.aCD28.IL2_cellular_03	Homo sapiens	blood	memory regulatory T cell	normal	cell	adult	not available	not available	not available	not available	anti-CD3 and anti-CD28 antibody with interleukin-2	96 hour	3	mTregs_03activated	proteomic profiling by mass spectrometry	NT=Q Exactive HF;AC=MS:1002523	label free sample	NT=Data-dependent acquisition;AC=PRIDE:0000627	NT=HCD;AC=MS:1000422	26 NCE	300m/z-1650m/z	NT=orbitrap;AC=MS:1000484	NT=Trypsin;AC=MS:1001251	NT=Lys-C;AC=MS:1001309	NT=Dithiothreitol (DTT);AC=PRIDE:0000608	NT=Iodoacetamide (IAA);AC=PRIDE:0000599	NT=Carbamidomethyl;AC=UNIMOD:4;TA=C;MT=Fixed	NT=Oxidation;AC=UNIMOD:35;TA=M;MT=Variable	NT=Acetyl;AC=UNIMOD:1;PP=Protein N-term;MT=Variable	NT=Deamidated;AC=UNIMOD:7;TA=N,Q;MT=Variable	7 ppm	20 ppm	not applicable	nonlinear 5-60% buffer B (80% acetonitrile, 0.5% formic acid) over 180 min at 250 nl/min	1	1	mTregs_03activated.raw	v1.1.0	NT=ms-proteomics;VV=v1.1.0	NT=human;VV=v1.1.0	NT=sdrf-skills;VV=v0.2.0	memory regulatory T cell	anti-CD3 and anti-CD28 antibody with interleukin-2
mTregs_aCD3.aCD28.IL2_secretome_01	Homo sapiens	blood	memory regulatory T cell	normal	not applicable	adult	not available	not available	not available	not available	anti-CD3 and anti-CD28 antibody with interleukin-2	96 hour	1	20150112_EXQ00_JaRi_SA_Sups_mTregs_p_01	proteomic profiling by mass spectrometry	NT=Q Exactive HF;AC=MS:1002523	label free sample	NT=Data-dependent acquisition;AC=PRIDE:0000627	NT=HCD;AC=MS:1000422	26 NCE	300m/z-1650m/z	NT=orbitrap;AC=MS:1000484	NT=Trypsin;AC=MS:1001251	NT=Lys-C;AC=MS:1001309	NT=Dithiothreitol (DTT);AC=PRIDE:0000608	NT=Iodoacetamide (IAA);AC=PRIDE:0000599	NT=Carbamidomethyl;AC=UNIMOD:4;TA=C;MT=Fixed	NT=Oxidation;AC=UNIMOD:35;TA=M;MT=Variable	NT=Acetyl;AC=UNIMOD:1;PP=Protein N-term;MT=Variable	NT=Deamidated;AC=UNIMOD:7;TA=N,Q;MT=Variable	7 ppm	20 ppm	not applicable	120 min gradient	1	1	20150112_EXQ00_JaRi_SA_Sups_mTregs_p_01.raw	v1.1.0	NT=ms-proteomics;VV=v1.1.0	NT=human;VV=v1.1.0	NT=sdrf-skills;VV=v0.2.0	memory regulatory T cell	anti-CD3 and anti-CD28 antibody with interleukin-2
mTregs_aCD3.aCD28.IL2_secretome_02	Homo sapiens	blood	memory regulatory T cell	normal	not applicable	adult	not available	not available	not available	not available	anti-CD3 and anti-CD28 antibody with interleukin-2	96 hour	2	20150112_EXQ00_JaRi_SA_Sups_mTregs_p_02	proteomic profiling by mass spectrometry	NT=Q Exactive HF;AC=MS:1002523	label free sample	NT=Data-dependent acquisition;AC=PRIDE:0000627	NT=HCD;AC=MS:1000422	26 NCE	300m/z-1650m/z	NT=orbitrap;AC=MS:1000484	NT=Trypsin;AC=MS:1001251	NT=Lys-C;AC=MS:1001309	NT=Dithiothreitol (DTT);AC=PRIDE:0000608	NT=Iodoacetamide (IAA);AC=PRIDE:0000599	NT=Carbamidomethyl;AC=UNIMOD:4;TA=C;MT=Fixed	NT=Oxidation;AC=UNIMOD:35;TA=M;MT=Variable	NT=Acetyl;AC=UNIMOD:1;PP=Protein N-term;MT=Variable	NT=Deamidated;AC=UNIMOD:7;TA=N,Q;MT=Variable	7 ppm	20 ppm	not applicable	120 min gradient	1	1	20150112_EXQ00_JaRi_SA_Sups_mTregs_p_02.raw	v1.1.0	NT=ms-proteomics;VV=v1.1.0	NT=human;VV=v1.1.0	NT=sdrf-skills;VV=v0.2.0	memory regulatory T cell	anti-CD3 and anti-CD28 antibody with interleukin-2
mTregs_aCD3.aCD28.IL2_secretome_03	Homo sapiens	blood	memory regulatory T cell	normal	not applicable	adult	not available	not available	not available	not available	anti-CD3 and anti-CD28 antibody with interleukin-2	96 hour	3	20150112_EXQ00_JaRi_SA_Sups_mTregs_p_03	proteomic profiling by mass spectrometry	NT=Q Exactive HF;AC=MS:1002523	label free sample	NT=Data-dependent acquisition;AC=PRIDE:0000627	NT=HCD;AC=MS:1000422	26 NCE	300m/z-1650m/z	NT=orbitrap;AC=MS:1000484	NT=Trypsin;AC=MS:1001251	NT=Lys-C;AC=MS:1001309	NT=Dithiothreitol (DTT);AC=PRIDE:0000608	NT=Iodoacetamide (IAA);AC=PRIDE:0000599	NT=Carbamidomethyl;AC=UNIMOD:4;TA=C;MT=Fixed	NT=Oxidation;AC=UNIMOD:35;TA=M;MT=Variable	NT=Acetyl;AC=UNIMOD:1;PP=Protein N-term;MT=Variable	NT=Deamidated;AC=UNIMOD:7;TA=N,Q;MT=Variable	7 ppm	20 ppm	not applicable	120 min gradient	1	1	20150112_EXQ00_JaRi_SA_Sups_mTregs_p_03.raw	v1.1.0	NT=ms-proteomics;VV=v1.1.0	NT=human;VV=v1.1.0	NT=sdrf-skills;VV=v0.2.0	memory regulatory T cell	anti-CD3 and anti-CD28 antibody with interleukin-2
mTregs_steady-state_cellular_01	Homo sapiens	blood	memory regulatory T cell	normal	cell	adult	not available	not available	not available	not available	untreated	not applicable	1	mTregs_01steady-state	proteomic profiling by mass spectrometry	NT=Q Exactive HF;AC=MS:1002523	label free sample	NT=Data-dependent acquisition;AC=PRIDE:0000627	NT=HCD;AC=MS:1000422	26 NCE	300m/z-1650m/z	NT=orbitrap;AC=MS:1000484	NT=Trypsin;AC=MS:1001251	NT=Lys-C;AC=MS:1001309	NT=Dithiothreitol (DTT);AC=PRIDE:0000608	NT=Iodoacetamide (IAA);AC=PRIDE:0000599	NT=Carbamidomethyl;AC=UNIMOD:4;TA=C;MT=Fixed	NT=Oxidation;AC=UNIMOD:35;TA=M;MT=Variable	NT=Acetyl;AC=UNIMOD:1;PP=Protein N-term;MT=Variable	NT=Deamidated;AC=UNIMOD:7;TA=N,Q;MT=Variable	7 ppm	20 ppm	not applicable	nonlinear 5-60% buffer B (80% acetonitrile, 0.5% formic acid) over 180 min at 250 nl/min	1	1	mTregs_01steady-state.raw	v1.1.0	NT=ms-proteomics;VV=v1.1.0	NT=human;VV=v1.1.0	NT=sdrf-skills;VV=v0.2.0	memory regulatory T cell	untreated
mTregs_steady-state_cellular_02	Homo sapiens	blood	memory regulatory T cell	normal	cell	adult	not available	not available	not available	not available	untreated	not applicable	2	mTregs_02steady-state	proteomic profiling by mass spectrometry	NT=Q Exactive HF;AC=MS:1002523	label free sample	NT=Data-dependent acquisition;AC=PRIDE:0000627	NT=HCD;AC=MS:1000422	26 NCE	300m/z-1650m/z	NT=orbitrap;AC=MS:1000484	NT=Trypsin;AC=MS:1001251	NT=Lys-C;AC=MS:1001309	NT=Dithiothreitol (DTT);AC=PRIDE:0000608	NT=Iodoacetamide (IAA);AC=PRIDE:0000599	NT=Carbamidomethyl;AC=UNIMOD:4;TA=C;MT=Fixed	NT=Oxidation;AC=UNIMOD:35;TA=M;MT=Variable	NT=Acetyl;AC=UNIMOD:1;PP=Protein N-term;MT=Variable	NT=Deamidated;AC=UNIMOD:7;TA=N,Q;MT=Variable	7 ppm	20 ppm	not applicable	nonlinear 5-60% buffer B (80% acetonitrile, 0.5% formic acid) over 180 min at 250 nl/min	1	1	mTregs_02steady-state.raw	v1.1.0	NT=ms-proteomics;VV=v1.1.0	NT=human;VV=v1.1.0	NT=sdrf-skills;VV=v0.2.0	memory regulatory T cell	untreated
mTregs_steady-state_cellular_03	Homo sapiens	blood	memory regulatory T cell	normal	cell	adult	not available	not available	not available	not available	untreated	not applicable	3	mTregs_03steady-state	proteomic profiling by mass spectrometry	NT=Q Exactive HF;AC=MS:1002523	label free sample	NT=Data-dependent acquisition;AC=PRIDE:0000627	NT=HCD;AC=MS:1000422	26 NCE	300m/z-1650m/z	NT=orbitrap;AC=MS:1000484	NT=Trypsin;AC=MS:1001251	NT=Lys-C;AC=MS:1001309	NT=Dithiothreitol (DTT);AC=PRIDE:0000608	NT=Iodoacetamide (IAA);AC=PRIDE:0000599	NT=Carbamidomethyl;AC=UNIMOD:4;TA=C;MT=Fixed	NT=Oxidation;AC=UNIMOD:35;TA=M;MT=Variable	NT=Acetyl;AC=UNIMOD:1;PP=Protein N-term;MT=Variable	NT=Deamidated;AC=UNIMOD:7;TA=N,Q;MT=Variable	7 ppm	20 ppm	not applicable	nonlinear 5-60% buffer B (80% acetonitrile, 0.5% formic acid) over 180 min at 250 nl/min	1	1	mTregs_03steady-state.raw	v1.1.0	NT=ms-proteomics;VV=v1.1.0	NT=human;VV=v1.1.0	NT=sdrf-skills;VV=v0.2.0	memory regulatory T cell	untreated
mTregs_steady-state_cellular_04	Homo sapiens	blood	memory regulatory T cell	normal	cell	adult	not available	not available	not available	not available	untreated	not applicable	4	mTregs_04steady-state	proteomic profiling by mass spectrometry	NT=Q Exactive HF;AC=MS:1002523	label free sample	NT=Data-dependent acquisition;AC=PRIDE:0000627	NT=HCD;AC=MS:1000422	26 NCE	300m/z-1650m/z	NT=orbitrap;AC=MS:1000484	NT=Trypsin;AC=MS:1001251	NT=Lys-C;AC=MS:1001309	NT=Dithiothreitol (DTT);AC=PRIDE:0000608	NT=Iodoacetamide (IAA);AC=PRIDE:0000599	NT=Carbamidomethyl;AC=UNIMOD:4;TA=C;MT=Fixed	NT=Oxidation;AC=UNIMOD:35;TA=M;MT=Variable	NT=Acetyl;AC=UNIMOD:1;PP=Protein N-term;MT=Variable	NT=Deamidated;AC=UNIMOD:7;TA=N,Q;MT=Variable	7 ppm	20 ppm	not applicable	nonlinear 5-60% buffer B (80% acetonitrile, 0.5% formic acid) over 180 min at 250 nl/min	1	1	mTregs_04steady-state.raw	v1.1.0	NT=ms-proteomics;VV=v1.1.0	NT=human;VV=v1.1.0	NT=sdrf-skills;VV=v0.2.0	memory regulatory T cell	untreated
mTregs_steady-state_cellular_05	Homo sapiens	blood	memory regulatory T cell	normal	cell	adult	not available	not available	not available	not available	untreated	not applicable	5	Library_single.shot_11steady-state	proteomic profiling by mass spectrometry	NT=Q Exactive HF;AC=MS:1002523	label free sample	NT=Data-dependent acquisition;AC=PRIDE:0000627	NT=HCD;AC=MS:1000422	26 NCE	300m/z-1650m/z	NT=orbitrap;AC=MS:1000484	NT=Trypsin;AC=MS:1001251	NT=Lys-C;AC=MS:1001309	NT=Dithiothreitol (DTT);AC=PRIDE:0000608	NT=Iodoacetamide (IAA);AC=PRIDE:0000599	NT=Carbamidomethyl;AC=UNIMOD:4;TA=C;MT=Fixed	NT=Oxidation;AC=UNIMOD:35;TA=M;MT=Variable	NT=Acetyl;AC=UNIMOD:1;PP=Protein N-term;MT=Variable	NT=Deamidated;AC=UNIMOD:7;TA=N,Q;MT=Variable	7 ppm	20 ppm	not applicable	nonlinear 5-60% buffer B (80% acetonitrile, 0.5% formic acid) over 180 min at 250 nl/min	1	1	Library_single.shot_11steady-state.raw	v1.1.0	NT=ms-proteomics;VV=v1.1.0	NT=human;VV=v1.1.0	NT=sdrf-skills;VV=v0.2.0	memory regulatory T cell	untreated
mTregs_unstim_secretome_01	Homo sapiens	blood	memory regulatory T cell	normal	not applicable	adult	not available	not available	not available	not available	untreated	not available	1	20150112_EXQ00_JaRi_SA_Sups_mTregs_n_01	proteomic profiling by mass spectrometry	NT=Q Exactive HF;AC=MS:1002523	label free sample	NT=Data-dependent acquisition;AC=PRIDE:0000627	NT=HCD;AC=MS:1000422	26 NCE	300m/z-1650m/z	NT=orbitrap;AC=MS:1000484	NT=Trypsin;AC=MS:1001251	NT=Lys-C;AC=MS:1001309	NT=Dithiothreitol (DTT);AC=PRIDE:0000608	NT=Iodoacetamide (IAA);AC=PRIDE:0000599	NT=Carbamidomethyl;AC=UNIMOD:4;TA=C;MT=Fixed	NT=Oxidation;AC=UNIMOD:35;TA=M;MT=Variable	NT=Acetyl;AC=UNIMOD:1;PP=Protein N-term;MT=Variable	NT=Deamidated;AC=UNIMOD:7;TA=N,Q;MT=Variable	7 ppm	20 ppm	not applicable	120 min gradient	1	1	20150112_EXQ00_JaRi_SA_Sups_mTregs_n_01.raw	v1.1.0	NT=ms-proteomics;VV=v1.1.0	NT=human;VV=v1.1.0	NT=sdrf-skills;VV=v0.2.0	memory regulatory T cell	untreated
mTregs_unstim_secretome_02	Homo sapiens	blood	memory regulatory T cell	normal	not applicable	adult	not available	not available	not available	not available	untreated	not available	2	20150112_EXQ00_JaRi_SA_Sups_mTregs_n_02	proteomic profiling by mass spectrometry	NT=Q Exactive HF;AC=MS:1002523	label free sample	NT=Data-dependent acquisition;AC=PRIDE:0000627	NT=HCD;AC=MS:1000422	26 NCE	300m/z-1650m/z	NT=orbitrap;AC=MS:1000484	NT=Trypsin;AC=MS:1001251	NT=Lys-C;AC=MS:1001309	NT=Dithiothreitol (DTT);AC=PRIDE:0000608	NT=Iodoacetamide (IAA);AC=PRIDE:0000599	NT=Carbamidomethyl;AC=UNIMOD:4;TA=C;MT=Fixed	NT=Oxidation;AC=UNIMOD:35;TA=M;MT=Variable	NT=Acetyl;AC=UNIMOD:1;PP=Protein N-term;MT=Variable	NT=Deamidated;AC=UNIMOD:7;TA=N,Q;MT=Variable	7 ppm	20 ppm	not applicable	120 min gradient	1	1	20150112_EXQ00_JaRi_SA_Sups_mTregs_n_02.raw	v1.1.0	NT=ms-proteomics;VV=v1.1.0	NT=human;VV=v1.1.0	NT=sdrf-skills;VV=v0.2.0	memory regulatory T cell	untreated
mTregs_unstim_secretome_03	Homo sapiens	blood	memory regulatory T cell	normal	not applicable	adult	not available	not available	not available	not available	untreated	not available	3	20150112_EXQ00_JaRi_SA_Sups_mTregs_n_03	proteomic profiling by mass spectrometry	NT=Q Exactive HF;AC=MS:1002523	label free sample	NT=Data-dependent acquisition;AC=PRIDE:0000627	NT=HCD;AC=MS:1000422	26 NCE	300m/z-1650m/z	NT=orbitrap;AC=MS:1000484	NT=Trypsin;AC=MS:1001251	NT=Lys-C;AC=MS:1001309	NT=Dithiothreitol (DTT);AC=PRIDE:0000608	NT=Iodoacetamide (IAA);AC=PRIDE:0000599	NT=Carbamidomethyl;AC=UNIMOD:4;TA=C;MT=Fixed	NT=Oxidation;AC=UNIMOD:35;TA=M;MT=Variable	NT=Acetyl;AC=UNIMOD:1;PP=Protein N-term;MT=Variable	NT=Deamidated;AC=UNIMOD:7;TA=N,Q;MT=Variable	7 ppm	20 ppm	not applicable	120 min gradient	1	1	20150112_EXQ00_JaRi_SA_Sups_mTregs_n_03.raw	v1.1.0	NT=ms-proteomics;VV=v1.1.0	NT=human;VV=v1.1.0	NT=sdrf-skills;VV=v0.2.0	memory regulatory T cell	untreated
nTregs_aCD3.aCD28.IL2_cellular_01	Homo sapiens	blood	naive regulatory T cell	normal	cell	adult	not available	not available	not available	not available	anti-CD3 and anti-CD28 antibody with interleukin-2	96 hour	1	nTregs_01activated	proteomic profiling by mass spectrometry	NT=Q Exactive HF;AC=MS:1002523	label free sample	NT=Data-dependent acquisition;AC=PRIDE:0000627	NT=HCD;AC=MS:1000422	26 NCE	300m/z-1650m/z	NT=orbitrap;AC=MS:1000484	NT=Trypsin;AC=MS:1001251	NT=Lys-C;AC=MS:1001309	NT=Dithiothreitol (DTT);AC=PRIDE:0000608	NT=Iodoacetamide (IAA);AC=PRIDE:0000599	NT=Carbamidomethyl;AC=UNIMOD:4;TA=C;MT=Fixed	NT=Oxidation;AC=UNIMOD:35;TA=M;MT=Variable	NT=Acetyl;AC=UNIMOD:1;PP=Protein N-term;MT=Variable	NT=Deamidated;AC=UNIMOD:7;TA=N,Q;MT=Variable	7 ppm	20 ppm	not applicable	nonlinear 5-60% buffer B (80% acetonitrile, 0.5% formic acid) over 180 min at 250 nl/min	1	1	nTregs_01activated.raw	v1.1.0	NT=ms-proteomics;VV=v1.1.0	NT=human;VV=v1.1.0	NT=sdrf-skills;VV=v0.2.0	naive regulatory T cell	anti-CD3 and anti-CD28 antibody with interleukin-2
nTregs_aCD3.aCD28.IL2_cellular_02	Homo sapiens	blood	naive regulatory T cell	normal	cell	adult	not available	not available	not available	not available	anti-CD3 and anti-CD28 antibody with interleukin-2	96 hour	2	nTregs_02activated	proteomic profiling by mass spectrometry	NT=Q Exactive HF;AC=MS:1002523	label free sample	NT=Data-dependent acquisition;AC=PRIDE:0000627	NT=HCD;AC=MS:1000422	26 NCE	300m/z-1650m/z	NT=orbitrap;AC=MS:1000484	NT=Trypsin;AC=MS:1001251	NT=Lys-C;AC=MS:1001309	NT=Dithiothreitol (DTT);AC=PRIDE:0000608	NT=Iodoacetamide (IAA);AC=PRIDE:0000599	NT=Carbamidomethyl;AC=UNIMOD:4;TA=C;MT=Fixed	NT=Oxidation;AC=UNIMOD:35;TA=M;MT=Variable	NT=Acetyl;AC=UNIMOD:1;PP=Protein N-term;MT=Variable	NT=Deamidated;AC=UNIMOD:7;TA=N,Q;MT=Variable	7 ppm	20 ppm	not applicable	nonlinear 5-60% buffer B (80% acetonitrile, 0.5% formic acid) over 180 min at 250 nl/min	1	1	nTregs_02activated.raw	v1.1.0	NT=ms-proteomics;VV=v1.1.0	NT=human;VV=v1.1.0	NT=sdrf-skills;VV=v0.2.0	naive regulatory T cell	anti-CD3 and anti-CD28 antibody with interleukin-2
nTregs_aCD3.aCD28.IL2_cellular_03	Homo sapiens	blood	naive regulatory T cell	normal	cell	adult	not available	not available	not available	not available	anti-CD3 and anti-CD28 antibody with interleukin-2	96 hour	3	nTregs_03activated	proteomic profiling by mass spectrometry	NT=Q Exactive HF;AC=MS:1002523	label free sample	NT=Data-dependent acquisition;AC=PRIDE:0000627	NT=HCD;AC=MS:1000422	26 NCE	300m/z-1650m/z	NT=orbitrap;AC=MS:1000484	NT=Trypsin;AC=MS:1001251	NT=Lys-C;AC=MS:1001309	NT=Dithiothreitol (DTT);AC=PRIDE:0000608	NT=Iodoacetamide (IAA);AC=PRIDE:0000599	NT=Carbamidomethyl;AC=UNIMOD:4;TA=C;MT=Fixed	NT=Oxidation;AC=UNIMOD:35;TA=M;MT=Variable	NT=Acetyl;AC=UNIMOD:1;PP=Protein N-term;MT=Variable	NT=Deamidated;AC=UNIMOD:7;TA=N,Q;MT=Variable	7 ppm	20 ppm	not applicable	nonlinear 5-60% buffer B (80% acetonitrile, 0.5% formic acid) over 180 min at 250 nl/min	1	1	nTregs_03activated.raw	v1.1.0	NT=ms-proteomics;VV=v1.1.0	NT=human;VV=v1.1.0	NT=sdrf-skills;VV=v0.2.0	naive regulatory T cell	anti-CD3 and anti-CD28 antibody with interleukin-2
nTregs_aCD3.aCD28.IL2_secretome_01	Homo sapiens	blood	naive regulatory T cell	normal	not applicable	adult	not available	not available	not available	not available	anti-CD3 and anti-CD28 antibody with interleukin-2	96 hour	1	20150112_EXQ00_JaRi_SA_Sups_nTregs_p_01	proteomic profiling by mass spectrometry	NT=Q Exactive HF;AC=MS:1002523	label free sample	NT=Data-dependent acquisition;AC=PRIDE:0000627	NT=HCD;AC=MS:1000422	26 NCE	300m/z-1650m/z	NT=orbitrap;AC=MS:1000484	NT=Trypsin;AC=MS:1001251	NT=Lys-C;AC=MS:1001309	NT=Dithiothreitol (DTT);AC=PRIDE:0000608	NT=Iodoacetamide (IAA);AC=PRIDE:0000599	NT=Carbamidomethyl;AC=UNIMOD:4;TA=C;MT=Fixed	NT=Oxidation;AC=UNIMOD:35;TA=M;MT=Variable	NT=Acetyl;AC=UNIMOD:1;PP=Protein N-term;MT=Variable	NT=Deamidated;AC=UNIMOD:7;TA=N,Q;MT=Variable	7 ppm	20 ppm	not applicable	120 min gradient	1	1	20150112_EXQ00_JaRi_SA_Sups_nTregs_p_01.raw	v1.1.0	NT=ms-proteomics;VV=v1.1.0	NT=human;VV=v1.1.0	NT=sdrf-skills;VV=v0.2.0	naive regulatory T cell	anti-CD3 and anti-CD28 antibody with interleukin-2
nTregs_aCD3.aCD28.IL2_secretome_02	Homo sapiens	blood	naive regulatory T cell	normal	not applicable	adult	not available	not available	not available	not available	anti-CD3 and anti-CD28 antibody with interleukin-2	96 hour	2	20150112_EXQ00_JaRi_SA_Sups_nTregs_p_02	proteomic profiling by mass spectrometry	NT=Q Exactive HF;AC=MS:1002523	label free sample	NT=Data-dependent acquisition;AC=PRIDE:0000627	NT=HCD;AC=MS:1000422	26 NCE	300m/z-1650m/z	NT=orbitrap;AC=MS:1000484	NT=Trypsin;AC=MS:1001251	NT=Lys-C;AC=MS:1001309	NT=Dithiothreitol (DTT);AC=PRIDE:0000608	NT=Iodoacetamide (IAA);AC=PRIDE:0000599	NT=Carbamidomethyl;AC=UNIMOD:4;TA=C;MT=Fixed	NT=Oxidation;AC=UNIMOD:35;TA=M;MT=Variable	NT=Acetyl;AC=UNIMOD:1;PP=Protein N-term;MT=Variable	NT=Deamidated;AC=UNIMOD:7;TA=N,Q;MT=Variable	7 ppm	20 ppm	not applicable	120 min gradient	1	1	20150112_EXQ00_JaRi_SA_Sups_nTregs_p_02.raw	v1.1.0	NT=ms-proteomics;VV=v1.1.0	NT=human;VV=v1.1.0	NT=sdrf-skills;VV=v0.2.0	naive regulatory T cell	anti-CD3 and anti-CD28 antibody with interleukin-2
nTregs_aCD3.aCD28.IL2_secretome_03	Homo sapiens	blood	naive regulatory T cell	normal	not applicable	adult	not available	not available	not available	not available	anti-CD3 and anti-CD28 antibody with interleukin-2	96 hour	3	20150112_EXQ00_JaRi_SA_Sups_nTregs_p_03	proteomic profiling by mass spectrometry	NT=Q Exactive HF;AC=MS:1002523	label free sample	NT=Data-dependent acquisition;AC=PRIDE:0000627	NT=HCD;AC=MS:1000422	26 NCE	300m/z-1650m/z	NT=orbitrap;AC=MS:1000484	NT=Trypsin;AC=MS:1001251	NT=Lys-C;AC=MS:1001309	NT=Dithiothreitol (DTT);AC=PRIDE:0000608	NT=Iodoacetamide (IAA);AC=PRIDE:0000599	NT=Carbamidomethyl;AC=UNIMOD:4;TA=C;MT=Fixed	NT=Oxidation;AC=UNIMOD:35;TA=M;MT=Variable	NT=Acetyl;AC=UNIMOD:1;PP=Protein N-term;MT=Variable	NT=Deamidated;AC=UNIMOD:7;TA=N,Q;MT=Variable	7 ppm	20 ppm	not applicable	120 min gradient	1	1	20150112_EXQ00_JaRi_SA_Sups_nTregs_p_03.raw	v1.1.0	NT=ms-proteomics;VV=v1.1.0	NT=human;VV=v1.1.0	NT=sdrf-skills;VV=v0.2.0	naive regulatory T cell	anti-CD3 and anti-CD28 antibody with interleukin-2
nTregs_steady-state_cellular_01	Homo sapiens	blood	naive regulatory T cell	normal	cell	adult	not available	not available	not available	not available	untreated	not applicable	1	nTregs_01steady-state	proteomic profiling by mass spectrometry	NT=Q Exactive HF;AC=MS:1002523	label free sample	NT=Data-dependent acquisition;AC=PRIDE:0000627	NT=HCD;AC=MS:1000422	26 NCE	300m/z-1650m/z	NT=orbitrap;AC=MS:1000484	NT=Trypsin;AC=MS:1001251	NT=Lys-C;AC=MS:1001309	NT=Dithiothreitol (DTT);AC=PRIDE:0000608	NT=Iodoacetamide (IAA);AC=PRIDE:0000599	NT=Carbamidomethyl;AC=UNIMOD:4;TA=C;MT=Fixed	NT=Oxidation;AC=UNIMOD:35;TA=M;MT=Variable	NT=Acetyl;AC=UNIMOD:1;PP=Protein N-term;MT=Variable	NT=Deamidated;AC=UNIMOD:7;TA=N,Q;MT=Variable	7 ppm	20 ppm	not applicable	nonlinear 5-60% buffer B (80% acetonitrile, 0.5% formic acid) over 180 min at 250 nl/min	1	1	nTregs_01steady-state.raw	v1.1.0	NT=ms-proteomics;VV=v1.1.0	NT=human;VV=v1.1.0	NT=sdrf-skills;VV=v0.2.0	naive regulatory T cell	untreated
nTregs_steady-state_cellular_02	Homo sapiens	blood	naive regulatory T cell	normal	cell	adult	not available	not available	not available	not available	untreated	not applicable	2	nTregs_02steady-state	proteomic profiling by mass spectrometry	NT=Q Exactive HF;AC=MS:1002523	label free sample	NT=Data-dependent acquisition;AC=PRIDE:0000627	NT=HCD;AC=MS:1000422	26 NCE	300m/z-1650m/z	NT=orbitrap;AC=MS:1000484	NT=Trypsin;AC=MS:1001251	NT=Lys-C;AC=MS:1001309	NT=Dithiothreitol (DTT);AC=PRIDE:0000608	NT=Iodoacetamide (IAA);AC=PRIDE:0000599	NT=Carbamidomethyl;AC=UNIMOD:4;TA=C;MT=Fixed	NT=Oxidation;AC=UNIMOD:35;TA=M;MT=Variable	NT=Acetyl;AC=UNIMOD:1;PP=Protein N-term;MT=Variable	NT=Deamidated;AC=UNIMOD:7;TA=N,Q;MT=Variable	7 ppm	20 ppm	not applicable	nonlinear 5-60% buffer B (80% acetonitrile, 0.5% formic acid) over 180 min at 250 nl/min	1	1	nTregs_02steady-state.raw	v1.1.0	NT=ms-proteomics;VV=v1.1.0	NT=human;VV=v1.1.0	NT=sdrf-skills;VV=v0.2.0	naive regulatory T cell	untreated
nTregs_steady-state_cellular_03	Homo sapiens	blood	naive regulatory T cell	normal	cell	adult	not available	not available	not available	not available	untreated	not applicable	3	nTregs_03steady-state	proteomic profiling by mass spectrometry	NT=Q Exactive HF;AC=MS:1002523	label free sample	NT=Data-dependent acquisition;AC=PRIDE:0000627	NT=HCD;AC=MS:1000422	26 NCE	300m/z-1650m/z	NT=orbitrap;AC=MS:1000484	NT=Trypsin;AC=MS:1001251	NT=Lys-C;AC=MS:1001309	NT=Dithiothreitol (DTT);AC=PRIDE:0000608	NT=Iodoacetamide (IAA);AC=PRIDE:0000599	NT=Carbamidomethyl;AC=UNIMOD:4;TA=C;MT=Fixed	NT=Oxidation;AC=UNIMOD:35;TA=M;MT=Variable	NT=Acetyl;AC=UNIMOD:1;PP=Protein N-term;MT=Variable	NT=Deamidated;AC=UNIMOD:7;TA=N,Q;MT=Variable	7 ppm	20 ppm	not applicable	nonlinear 5-60% buffer B (80% acetonitrile, 0.5% formic acid) over 180 min at 250 nl/min	1	1	nTregs_03steady-state.raw	v1.1.0	NT=ms-proteomics;VV=v1.1.0	NT=human;VV=v1.1.0	NT=sdrf-skills;VV=v0.2.0	naive regulatory T cell	untreated
nTregs_steady-state_cellular_04	Homo sapiens	blood	naive regulatory T cell	normal	cell	adult	not available	not available	not available	not available	untreated	not applicable	4	nTregs_04steady-state	proteomic profiling by mass spectrometry	NT=Q Exactive HF;AC=MS:1002523	label free sample	NT=Data-dependent acquisition;AC=PRIDE:0000627	NT=HCD;AC=MS:1000422	26 NCE	300m/z-1650m/z	NT=orbitrap;AC=MS:1000484	NT=Trypsin;AC=MS:1001251	NT=Lys-C;AC=MS:1001309	NT=Dithiothreitol (DTT);AC=PRIDE:0000608	NT=Iodoacetamide (IAA);AC=PRIDE:0000599	NT=Carbamidomethyl;AC=UNIMOD:4;TA=C;MT=Fixed	NT=Oxidation;AC=UNIMOD:35;TA=M;MT=Variable	NT=Acetyl;AC=UNIMOD:1;PP=Protein N-term;MT=Variable	NT=Deamidated;AC=UNIMOD:7;TA=N,Q;MT=Variable	7 ppm	20 ppm	not applicable	nonlinear 5-60% buffer B (80% acetonitrile, 0.5% formic acid) over 180 min at 250 nl/min	1	1	nTregs_04steady-state.raw	v1.1.0	NT=ms-proteomics;VV=v1.1.0	NT=human;VV=v1.1.0	NT=sdrf-skills;VV=v0.2.0	naive regulatory T cell	untreated
nTregs_steady-state_cellular_05	Homo sapiens	blood	naive regulatory T cell	normal	cell	adult	not available	not available	not available	not available	untreated	not applicable	5	Library_single.shot_10steady-state	proteomic profiling by mass spectrometry	NT=Q Exactive HF;AC=MS:1002523	label free sample	NT=Data-dependent acquisition;AC=PRIDE:0000627	NT=HCD;AC=MS:1000422	26 NCE	300m/z-1650m/z	NT=orbitrap;AC=MS:1000484	NT=Trypsin;AC=MS:1001251	NT=Lys-C;AC=MS:1001309	NT=Dithiothreitol (DTT);AC=PRIDE:0000608	NT=Iodoacetamide (IAA);AC=PRIDE:0000599	NT=Carbamidomethyl;AC=UNIMOD:4;TA=C;MT=Fixed	NT=Oxidation;AC=UNIMOD:35;TA=M;MT=Variable	NT=Acetyl;AC=UNIMOD:1;PP=Protein N-term;MT=Variable	NT=Deamidated;AC=UNIMOD:7;TA=N,Q;MT=Variable	7 ppm	20 ppm	not applicable	nonlinear 5-60% buffer B (80% acetonitrile, 0.5% formic acid) over 180 min at 250 nl/min	1	1	Library_single.shot_10steady-state.raw	v1.1.0	NT=ms-proteomics;VV=v1.1.0	NT=human;VV=v1.1.0	NT=sdrf-skills;VV=v0.2.0	naive regulatory T cell	untreated
nTregs_unstim_secretome_01	Homo sapiens	blood	naive regulatory T cell	normal	not applicable	adult	not available	not available	not available	not available	untreated	not available	1	20150112_EXQ00_JaRi_SA_Sups_nTregs_n_01	proteomic profiling by mass spectrometry	NT=Q Exactive HF;AC=MS:1002523	label free sample	NT=Data-dependent acquisition;AC=PRIDE:0000627	NT=HCD;AC=MS:1000422	26 NCE	300m/z-1650m/z	NT=orbitrap;AC=MS:1000484	NT=Trypsin;AC=MS:1001251	NT=Lys-C;AC=MS:1001309	NT=Dithiothreitol (DTT);AC=PRIDE:0000608	NT=Iodoacetamide (IAA);AC=PRIDE:0000599	NT=Carbamidomethyl;AC=UNIMOD:4;TA=C;MT=Fixed	NT=Oxidation;AC=UNIMOD:35;TA=M;MT=Variable	NT=Acetyl;AC=UNIMOD:1;PP=Protein N-term;MT=Variable	NT=Deamidated;AC=UNIMOD:7;TA=N,Q;MT=Variable	7 ppm	20 ppm	not applicable	120 min gradient	1	1	20150112_EXQ00_JaRi_SA_Sups_nTregs_n_01.raw	v1.1.0	NT=ms-proteomics;VV=v1.1.0	NT=human;VV=v1.1.0	NT=sdrf-skills;VV=v0.2.0	naive regulatory T cell	untreated
nTregs_unstim_secretome_02	Homo sapiens	blood	naive regulatory T cell	normal	not applicable	adult	not available	not available	not available	not available	untreated	not available	2	20150112_EXQ00_JaRi_SA_Sups_nTregs_n_02	proteomic profiling by mass spectrometry	NT=Q Exactive HF;AC=MS:1002523	label free sample	NT=Data-dependent acquisition;AC=PRIDE:0000627	NT=HCD;AC=MS:1000422	26 NCE	300m/z-1650m/z	NT=orbitrap;AC=MS:1000484	NT=Trypsin;AC=MS:1001251	NT=Lys-C;AC=MS:1001309	NT=Dithiothreitol (DTT);AC=PRIDE:0000608	NT=Iodoacetamide (IAA);AC=PRIDE:0000599	NT=Carbamidomethyl;AC=UNIMOD:4;TA=C;MT=Fixed	NT=Oxidation;AC=UNIMOD:35;TA=M;MT=Variable	NT=Acetyl;AC=UNIMOD:1;PP=Protein N-term;MT=Variable	NT=Deamidated;AC=UNIMOD:7;TA=N,Q;MT=Variable	7 ppm	20 ppm	not applicable	120 min gradient	1	1	20150112_EXQ00_JaRi_SA_Sups_nTregs_n_02.raw	v1.1.0	NT=ms-proteomics;VV=v1.1.0	NT=human;VV=v1.1.0	NT=sdrf-skills;VV=v0.2.0	naive regulatory T cell	untreated
nTregs_unstim_secretome_03	Homo sapiens	blood	naive regulatory T cell	normal	not applicable	adult	not available	not available	not available	not available	untreated	not available	3	20150112_EXQ00_JaRi_SA_Sups_nTregs_n_03	proteomic profiling by mass spectrometry	NT=Q Exactive HF;AC=MS:1002523	label free sample	NT=Data-dependent acquisition;AC=PRIDE:0000627	NT=HCD;AC=MS:1000422	26 NCE	300m/z-1650m/z	NT=orbitrap;AC=MS:1000484	NT=Trypsin;AC=MS:1001251	NT=Lys-C;AC=MS:1001309	NT=Dithiothreitol (DTT);AC=PRIDE:0000608	NT=Iodoacetamide (IAA);AC=PRIDE:0000599	NT=Carbamidomethyl;AC=UNIMOD:4;TA=C;MT=Fixed	NT=Oxidation;AC=UNIMOD:35;TA=M;MT=Variable	NT=Acetyl;AC=UNIMOD:1;PP=Protein N-term;MT=Variable	NT=Deamidated;AC=UNIMOD:7;TA=N,Q;MT=Variable	7 ppm	20 ppm	not applicable	120 min gradient	1	1	20150112_EXQ00_JaRi_SA_Sups_nTregs_n_03.raw	v1.1.0	NT=ms-proteomics;VV=v1.1.0	NT=human;VV=v1.1.0	NT=sdrf-skills;VV=v0.2.0	naive regulatory T cell	untreated
pDC_LPS.R848_cellular_01	Homo sapiens	blood	plasmacytoid dendritic cell	normal	cell	adult	not available	not available	not available	not available	lipopolysaccharide and resiquimod	12 hour	1	pDC_01activated	proteomic profiling by mass spectrometry	NT=Q Exactive HF;AC=MS:1002523	label free sample	NT=Data-dependent acquisition;AC=PRIDE:0000627	NT=HCD;AC=MS:1000422	26 NCE	300m/z-1650m/z	NT=orbitrap;AC=MS:1000484	NT=Trypsin;AC=MS:1001251	NT=Lys-C;AC=MS:1001309	NT=Dithiothreitol (DTT);AC=PRIDE:0000608	NT=Iodoacetamide (IAA);AC=PRIDE:0000599	NT=Carbamidomethyl;AC=UNIMOD:4;TA=C;MT=Fixed	NT=Oxidation;AC=UNIMOD:35;TA=M;MT=Variable	NT=Acetyl;AC=UNIMOD:1;PP=Protein N-term;MT=Variable	NT=Deamidated;AC=UNIMOD:7;TA=N,Q;MT=Variable	7 ppm	20 ppm	not applicable	nonlinear 5-60% buffer B (80% acetonitrile, 0.5% formic acid) over 180 min at 250 nl/min	1	1	pDC_01activated.raw	v1.1.0	NT=ms-proteomics;VV=v1.1.0	NT=human;VV=v1.1.0	NT=sdrf-skills;VV=v0.2.0	plasmacytoid dendritic cell	lipopolysaccharide and resiquimod
pDC_LPS.R848_cellular_02	Homo sapiens	blood	plasmacytoid dendritic cell	normal	cell	adult	not available	not available	not available	not available	lipopolysaccharide and resiquimod	12 hour	2	pDC_02activated	proteomic profiling by mass spectrometry	NT=Q Exactive HF;AC=MS:1002523	label free sample	NT=Data-dependent acquisition;AC=PRIDE:0000627	NT=HCD;AC=MS:1000422	26 NCE	300m/z-1650m/z	NT=orbitrap;AC=MS:1000484	NT=Trypsin;AC=MS:1001251	NT=Lys-C;AC=MS:1001309	NT=Dithiothreitol (DTT);AC=PRIDE:0000608	NT=Iodoacetamide (IAA);AC=PRIDE:0000599	NT=Carbamidomethyl;AC=UNIMOD:4;TA=C;MT=Fixed	NT=Oxidation;AC=UNIMOD:35;TA=M;MT=Variable	NT=Acetyl;AC=UNIMOD:1;PP=Protein N-term;MT=Variable	NT=Deamidated;AC=UNIMOD:7;TA=N,Q;MT=Variable	7 ppm	20 ppm	not applicable	nonlinear 5-60% buffer B (80% acetonitrile, 0.5% formic acid) over 180 min at 250 nl/min	1	1	pDC_02activated.raw	v1.1.0	NT=ms-proteomics;VV=v1.1.0	NT=human;VV=v1.1.0	NT=sdrf-skills;VV=v0.2.0	plasmacytoid dendritic cell	lipopolysaccharide and resiquimod
pDC_LPS.R848_cellular_03	Homo sapiens	blood	plasmacytoid dendritic cell	normal	cell	adult	not available	not available	not available	not available	lipopolysaccharide and resiquimod	12 hour	3	pDC_03activated	proteomic profiling by mass spectrometry	NT=Q Exactive HF;AC=MS:1002523	label free sample	NT=Data-dependent acquisition;AC=PRIDE:0000627	NT=HCD;AC=MS:1000422	26 NCE	300m/z-1650m/z	NT=orbitrap;AC=MS:1000484	NT=Trypsin;AC=MS:1001251	NT=Lys-C;AC=MS:1001309	NT=Dithiothreitol (DTT);AC=PRIDE:0000608	NT=Iodoacetamide (IAA);AC=PRIDE:0000599	NT=Carbamidomethyl;AC=UNIMOD:4;TA=C;MT=Fixed	NT=Oxidation;AC=UNIMOD:35;TA=M;MT=Variable	NT=Acetyl;AC=UNIMOD:1;PP=Protein N-term;MT=Variable	NT=Deamidated;AC=UNIMOD:7;TA=N,Q;MT=Variable	7 ppm	20 ppm	not applicable	nonlinear 5-60% buffer B (80% acetonitrile, 0.5% formic acid) over 180 min at 250 nl/min	1	1	pDC_03activated.raw	v1.1.0	NT=ms-proteomics;VV=v1.1.0	NT=human;VV=v1.1.0	NT=sdrf-skills;VV=v0.2.0	plasmacytoid dendritic cell	lipopolysaccharide and resiquimod
pDC_LPS.R848_cellular_04	Homo sapiens	blood	plasmacytoid dendritic cell	normal	cell	adult	not available	not available	not available	not available	lipopolysaccharide and resiquimod	12 hour	4	pDC_04activated	proteomic profiling by mass spectrometry	NT=Q Exactive HF;AC=MS:1002523	label free sample	NT=Data-dependent acquisition;AC=PRIDE:0000627	NT=HCD;AC=MS:1000422	26 NCE	300m/z-1650m/z	NT=orbitrap;AC=MS:1000484	NT=Trypsin;AC=MS:1001251	NT=Lys-C;AC=MS:1001309	NT=Dithiothreitol (DTT);AC=PRIDE:0000608	NT=Iodoacetamide (IAA);AC=PRIDE:0000599	NT=Carbamidomethyl;AC=UNIMOD:4;TA=C;MT=Fixed	NT=Oxidation;AC=UNIMOD:35;TA=M;MT=Variable	NT=Acetyl;AC=UNIMOD:1;PP=Protein N-term;MT=Variable	NT=Deamidated;AC=UNIMOD:7;TA=N,Q;MT=Variable	7 ppm	20 ppm	not applicable	nonlinear 5-60% buffer B (80% acetonitrile, 0.5% formic acid) over 180 min at 250 nl/min	1	1	pDC_04activated.raw	v1.1.0	NT=ms-proteomics;VV=v1.1.0	NT=human;VV=v1.1.0	NT=sdrf-skills;VV=v0.2.0	plasmacytoid dendritic cell	lipopolysaccharide and resiquimod
pDC_LPS.R848_secretome_01	Homo sapiens	blood	plasmacytoid dendritic cell	normal	not applicable	adult	not available	not available	not available	not available	lipopolysaccharide and resiquimod	12 hour	1	20150112_EXQ00_JaRi_SA_Sups_pDC_p_01	proteomic profiling by mass spectrometry	NT=Q Exactive HF;AC=MS:1002523	label free sample	NT=Data-dependent acquisition;AC=PRIDE:0000627	NT=HCD;AC=MS:1000422	26 NCE	300m/z-1650m/z	NT=orbitrap;AC=MS:1000484	NT=Trypsin;AC=MS:1001251	NT=Lys-C;AC=MS:1001309	NT=Dithiothreitol (DTT);AC=PRIDE:0000608	NT=Iodoacetamide (IAA);AC=PRIDE:0000599	NT=Carbamidomethyl;AC=UNIMOD:4;TA=C;MT=Fixed	NT=Oxidation;AC=UNIMOD:35;TA=M;MT=Variable	NT=Acetyl;AC=UNIMOD:1;PP=Protein N-term;MT=Variable	NT=Deamidated;AC=UNIMOD:7;TA=N,Q;MT=Variable	7 ppm	20 ppm	not applicable	120 min gradient	1	1	20150112_EXQ00_JaRi_SA_Sups_pDC_p_01.raw	v1.1.0	NT=ms-proteomics;VV=v1.1.0	NT=human;VV=v1.1.0	NT=sdrf-skills;VV=v0.2.0	plasmacytoid dendritic cell	lipopolysaccharide and resiquimod
pDC_LPS.R848_secretome_02	Homo sapiens	blood	plasmacytoid dendritic cell	normal	not applicable	adult	not available	not available	not available	not available	lipopolysaccharide and resiquimod	12 hour	2	20150112_EXQ00_JaRi_SA_Sups_pDC_p_02	proteomic profiling by mass spectrometry	NT=Q Exactive HF;AC=MS:1002523	label free sample	NT=Data-dependent acquisition;AC=PRIDE:0000627	NT=HCD;AC=MS:1000422	26 NCE	300m/z-1650m/z	NT=orbitrap;AC=MS:1000484	NT=Trypsin;AC=MS:1001251	NT=Lys-C;AC=MS:1001309	NT=Dithiothreitol (DTT);AC=PRIDE:0000608	NT=Iodoacetamide (IAA);AC=PRIDE:0000599	NT=Carbamidomethyl;AC=UNIMOD:4;TA=C;MT=Fixed	NT=Oxidation;AC=UNIMOD:35;TA=M;MT=Variable	NT=Acetyl;AC=UNIMOD:1;PP=Protein N-term;MT=Variable	NT=Deamidated;AC=UNIMOD:7;TA=N,Q;MT=Variable	7 ppm	20 ppm	not applicable	120 min gradient	1	1	20150112_EXQ00_JaRi_SA_Sups_pDC_p_02.raw	v1.1.0	NT=ms-proteomics;VV=v1.1.0	NT=human;VV=v1.1.0	NT=sdrf-skills;VV=v0.2.0	plasmacytoid dendritic cell	lipopolysaccharide and resiquimod
pDC_LPS.R848_secretome_03	Homo sapiens	blood	plasmacytoid dendritic cell	normal	not applicable	adult	not available	not available	not available	not available	lipopolysaccharide and resiquimod	12 hour	3	20150112_EXQ00_JaRi_SA_Sups_pDC_p_03	proteomic profiling by mass spectrometry	NT=Q Exactive HF;AC=MS:1002523	label free sample	NT=Data-dependent acquisition;AC=PRIDE:0000627	NT=HCD;AC=MS:1000422	26 NCE	300m/z-1650m/z	NT=orbitrap;AC=MS:1000484	NT=Trypsin;AC=MS:1001251	NT=Lys-C;AC=MS:1001309	NT=Dithiothreitol (DTT);AC=PRIDE:0000608	NT=Iodoacetamide (IAA);AC=PRIDE:0000599	NT=Carbamidomethyl;AC=UNIMOD:4;TA=C;MT=Fixed	NT=Oxidation;AC=UNIMOD:35;TA=M;MT=Variable	NT=Acetyl;AC=UNIMOD:1;PP=Protein N-term;MT=Variable	NT=Deamidated;AC=UNIMOD:7;TA=N,Q;MT=Variable	7 ppm	20 ppm	not applicable	120 min gradient	1	1	20150112_EXQ00_JaRi_SA_Sups_pDC_p_03.raw	v1.1.0	NT=ms-proteomics;VV=v1.1.0	NT=human;VV=v1.1.0	NT=sdrf-skills;VV=v0.2.0	plasmacytoid dendritic cell	lipopolysaccharide and resiquimod
pDC_LPS.R848_secretome_04	Homo sapiens	blood	plasmacytoid dendritic cell	normal	not applicable	adult	not available	not available	not available	not available	lipopolysaccharide and resiquimod	12 hour	4	20150112_EXQ00_JaRi_SA_Sups_pDC_p_04	proteomic profiling by mass spectrometry	NT=Q Exactive HF;AC=MS:1002523	label free sample	NT=Data-dependent acquisition;AC=PRIDE:0000627	NT=HCD;AC=MS:1000422	26 NCE	300m/z-1650m/z	NT=orbitrap;AC=MS:1000484	NT=Trypsin;AC=MS:1001251	NT=Lys-C;AC=MS:1001309	NT=Dithiothreitol (DTT);AC=PRIDE:0000608	NT=Iodoacetamide (IAA);AC=PRIDE:0000599	NT=Carbamidomethyl;AC=UNIMOD:4;TA=C;MT=Fixed	NT=Oxidation;AC=UNIMOD:35;TA=M;MT=Variable	NT=Acetyl;AC=UNIMOD:1;PP=Protein N-term;MT=Variable	NT=Deamidated;AC=UNIMOD:7;TA=N,Q;MT=Variable	7 ppm	20 ppm	not applicable	120 min gradient	1	1	20150112_EXQ00_JaRi_SA_Sups_pDC_p_04.raw	v1.1.0	NT=ms-proteomics;VV=v1.1.0	NT=human;VV=v1.1.0	NT=sdrf-skills;VV=v0.2.0	plasmacytoid dendritic cell	lipopolysaccharide and resiquimod
pDC_LPS_secretome_01	Homo sapiens	blood	plasmacytoid dendritic cell	normal	not applicable	adult	not available	not available	not available	not available	Lipopolysaccharide	12 hour	1	20150817_QEp8_JaRi_SA_Sups_DCplasmacytoid_LPS_01	proteomic profiling by mass spectrometry	NT=Q Exactive HF;AC=MS:1002523	label free sample	NT=Data-dependent acquisition;AC=PRIDE:0000627	NT=HCD;AC=MS:1000422	27 NCE	300m/z-1650m/z	NT=orbitrap;AC=MS:1000484	NT=Trypsin;AC=MS:1001251	NT=Lys-C;AC=MS:1001309	NT=Dithiothreitol (DTT);AC=PRIDE:0000608	NT=Iodoacetamide (IAA);AC=PRIDE:0000599	NT=Carbamidomethyl;AC=UNIMOD:4;TA=C;MT=Fixed	NT=Oxidation;AC=UNIMOD:35;TA=M;MT=Variable	NT=Acetyl;AC=UNIMOD:1;PP=Protein N-term;MT=Variable	NT=Deamidated;AC=UNIMOD:7;TA=N,Q;MT=Variable	7 ppm	20 ppm	not applicable	120 min gradient	1	1	20150817_QEp8_JaRi_SA_Sups_DCplasmacytoid_LPS_01.raw	v1.1.0	NT=ms-proteomics;VV=v1.1.0	NT=human;VV=v1.1.0	NT=sdrf-skills;VV=v0.2.0	plasmacytoid dendritic cell	Lipopolysaccharide
pDC_LPS_secretome_02	Homo sapiens	blood	plasmacytoid dendritic cell	normal	not applicable	adult	not available	not available	not available	not available	Lipopolysaccharide	12 hour	2	20150817_QEp8_JaRi_SA_Sups_DCplasmacytoid_LPS_02	proteomic profiling by mass spectrometry	NT=Q Exactive HF;AC=MS:1002523	label free sample	NT=Data-dependent acquisition;AC=PRIDE:0000627	NT=HCD;AC=MS:1000422	27 NCE	300m/z-1650m/z	NT=orbitrap;AC=MS:1000484	NT=Trypsin;AC=MS:1001251	NT=Lys-C;AC=MS:1001309	NT=Dithiothreitol (DTT);AC=PRIDE:0000608	NT=Iodoacetamide (IAA);AC=PRIDE:0000599	NT=Carbamidomethyl;AC=UNIMOD:4;TA=C;MT=Fixed	NT=Oxidation;AC=UNIMOD:35;TA=M;MT=Variable	NT=Acetyl;AC=UNIMOD:1;PP=Protein N-term;MT=Variable	NT=Deamidated;AC=UNIMOD:7;TA=N,Q;MT=Variable	7 ppm	20 ppm	not applicable	120 min gradient	1	1	20150817_QEp8_JaRi_SA_Sups_DCplasmacytoid_LPS_02.raw	v1.1.0	NT=ms-proteomics;VV=v1.1.0	NT=human;VV=v1.1.0	NT=sdrf-skills;VV=v0.2.0	plasmacytoid dendritic cell	Lipopolysaccharide
pDC_LPS_secretome_03	Homo sapiens	blood	plasmacytoid dendritic cell	normal	not applicable	adult	not available	not available	not available	not available	Lipopolysaccharide	12 hour	3	20150817_QEp8_JaRi_SA_Sups_DCplasmacytoid_LPS_03	proteomic profiling by mass spectrometry	NT=Q Exactive HF;AC=MS:1002523	label free sample	NT=Data-dependent acquisition;AC=PRIDE:0000627	NT=HCD;AC=MS:1000422	27 NCE	300m/z-1650m/z	NT=orbitrap;AC=MS:1000484	NT=Trypsin;AC=MS:1001251	NT=Lys-C;AC=MS:1001309	NT=Dithiothreitol (DTT);AC=PRIDE:0000608	NT=Iodoacetamide (IAA);AC=PRIDE:0000599	NT=Carbamidomethyl;AC=UNIMOD:4;TA=C;MT=Fixed	NT=Oxidation;AC=UNIMOD:35;TA=M;MT=Variable	NT=Acetyl;AC=UNIMOD:1;PP=Protein N-term;MT=Variable	NT=Deamidated;AC=UNIMOD:7;TA=N,Q;MT=Variable	7 ppm	20 ppm	not applicable	120 min gradient	1	1	20150817_QEp8_JaRi_SA_Sups_DCplasmacytoid_LPS_03.raw	v1.1.0	NT=ms-proteomics;VV=v1.1.0	NT=human;VV=v1.1.0	NT=sdrf-skills;VV=v0.2.0	plasmacytoid dendritic cell	Lipopolysaccharide
pDC_LTA_secretome_01	Homo sapiens	blood	plasmacytoid dendritic cell	normal	not applicable	adult	not available	not available	not available	not available	Lipoteichoic Acid	12 hour	1	20150817_QEp8_JaRi_SA_Sups_DCplasmacytoid_LTA_01	proteomic profiling by mass spectrometry	NT=Q Exactive HF;AC=MS:1002523	label free sample	NT=Data-dependent acquisition;AC=PRIDE:0000627	NT=HCD;AC=MS:1000422	27 NCE	300m/z-1650m/z	NT=orbitrap;AC=MS:1000484	NT=Trypsin;AC=MS:1001251	NT=Lys-C;AC=MS:1001309	NT=Dithiothreitol (DTT);AC=PRIDE:0000608	NT=Iodoacetamide (IAA);AC=PRIDE:0000599	NT=Carbamidomethyl;AC=UNIMOD:4;TA=C;MT=Fixed	NT=Oxidation;AC=UNIMOD:35;TA=M;MT=Variable	NT=Acetyl;AC=UNIMOD:1;PP=Protein N-term;MT=Variable	NT=Deamidated;AC=UNIMOD:7;TA=N,Q;MT=Variable	7 ppm	20 ppm	not applicable	120 min gradient	1	1	20150817_QEp8_JaRi_SA_Sups_DCplasmacytoid_LTA_01.raw	v1.1.0	NT=ms-proteomics;VV=v1.1.0	NT=human;VV=v1.1.0	NT=sdrf-skills;VV=v0.2.0	plasmacytoid dendritic cell	Lipoteichoic Acid
pDC_LTA_secretome_02	Homo sapiens	blood	plasmacytoid dendritic cell	normal	not applicable	adult	not available	not available	not available	not available	Lipoteichoic Acid	12 hour	2	20150817_QEp8_JaRi_SA_Sups_DCplasmacytoid_LTA_02	proteomic profiling by mass spectrometry	NT=Q Exactive HF;AC=MS:1002523	label free sample	NT=Data-dependent acquisition;AC=PRIDE:0000627	NT=HCD;AC=MS:1000422	27 NCE	300m/z-1650m/z	NT=orbitrap;AC=MS:1000484	NT=Trypsin;AC=MS:1001251	NT=Lys-C;AC=MS:1001309	NT=Dithiothreitol (DTT);AC=PRIDE:0000608	NT=Iodoacetamide (IAA);AC=PRIDE:0000599	NT=Carbamidomethyl;AC=UNIMOD:4;TA=C;MT=Fixed	NT=Oxidation;AC=UNIMOD:35;TA=M;MT=Variable	NT=Acetyl;AC=UNIMOD:1;PP=Protein N-term;MT=Variable	NT=Deamidated;AC=UNIMOD:7;TA=N,Q;MT=Variable	7 ppm	20 ppm	not applicable	120 min gradient	1	1	20150817_QEp8_JaRi_SA_Sups_DCplasmacytoid_LTA_02.raw	v1.1.0	NT=ms-proteomics;VV=v1.1.0	NT=human;VV=v1.1.0	NT=sdrf-skills;VV=v0.2.0	plasmacytoid dendritic cell	Lipoteichoic Acid
pDC_LTA_secretome_03	Homo sapiens	blood	plasmacytoid dendritic cell	normal	not applicable	adult	not available	not available	not available	not available	Lipoteichoic Acid	12 hour	3	20150817_QEp8_JaRi_SA_Sups_DCplasmacytoid_LTA_03	proteomic profiling by mass spectrometry	NT=Q Exactive HF;AC=MS:1002523	label free sample	NT=Data-dependent acquisition;AC=PRIDE:0000627	NT=HCD;AC=MS:1000422	27 NCE	300m/z-1650m/z	NT=orbitrap;AC=MS:1000484	NT=Trypsin;AC=MS:1001251	NT=Lys-C;AC=MS:1001309	NT=Dithiothreitol (DTT);AC=PRIDE:0000608	NT=Iodoacetamide (IAA);AC=PRIDE:0000599	NT=Carbamidomethyl;AC=UNIMOD:4;TA=C;MT=Fixed	NT=Oxidation;AC=UNIMOD:35;TA=M;MT=Variable	NT=Acetyl;AC=UNIMOD:1;PP=Protein N-term;MT=Variable	NT=Deamidated;AC=UNIMOD:7;TA=N,Q;MT=Variable	7 ppm	20 ppm	not applicable	120 min gradient	1	1	20150817_QEp8_JaRi_SA_Sups_DCplasmacytoid_LTA_03.raw	v1.1.0	NT=ms-proteomics;VV=v1.1.0	NT=human;VV=v1.1.0	NT=sdrf-skills;VV=v0.2.0	plasmacytoid dendritic cell	Lipoteichoic Acid
pDC_PIC_secretome_01	Homo sapiens	blood	plasmacytoid dendritic cell	normal	not applicable	adult	not available	not available	not available	not available	Poly IC	12 hour	1	20150817_QEp8_JaRi_SA_Sups_DCplasmacytoid_PIC_01	proteomic profiling by mass spectrometry	NT=Q Exactive HF;AC=MS:1002523	label free sample	NT=Data-dependent acquisition;AC=PRIDE:0000627	NT=HCD;AC=MS:1000422	27 NCE	300m/z-1650m/z	NT=orbitrap;AC=MS:1000484	NT=Trypsin;AC=MS:1001251	NT=Lys-C;AC=MS:1001309	NT=Dithiothreitol (DTT);AC=PRIDE:0000608	NT=Iodoacetamide (IAA);AC=PRIDE:0000599	NT=Carbamidomethyl;AC=UNIMOD:4;TA=C;MT=Fixed	NT=Oxidation;AC=UNIMOD:35;TA=M;MT=Variable	NT=Acetyl;AC=UNIMOD:1;PP=Protein N-term;MT=Variable	NT=Deamidated;AC=UNIMOD:7;TA=N,Q;MT=Variable	7 ppm	20 ppm	not applicable	120 min gradient	1	1	20150817_QEp8_JaRi_SA_Sups_DCplasmacytoid_PIC_01.raw	v1.1.0	NT=ms-proteomics;VV=v1.1.0	NT=human;VV=v1.1.0	NT=sdrf-skills;VV=v0.2.0	plasmacytoid dendritic cell	Poly IC
pDC_PIC_secretome_02	Homo sapiens	blood	plasmacytoid dendritic cell	normal	not applicable	adult	not available	not available	not available	not available	Poly IC	12 hour	2	20150817_QEp8_JaRi_SA_Sups_DCplasmacytoid_PIC_02	proteomic profiling by mass spectrometry	NT=Q Exactive HF;AC=MS:1002523	label free sample	NT=Data-dependent acquisition;AC=PRIDE:0000627	NT=HCD;AC=MS:1000422	27 NCE	300m/z-1650m/z	NT=orbitrap;AC=MS:1000484	NT=Trypsin;AC=MS:1001251	NT=Lys-C;AC=MS:1001309	NT=Dithiothreitol (DTT);AC=PRIDE:0000608	NT=Iodoacetamide (IAA);AC=PRIDE:0000599	NT=Carbamidomethyl;AC=UNIMOD:4;TA=C;MT=Fixed	NT=Oxidation;AC=UNIMOD:35;TA=M;MT=Variable	NT=Acetyl;AC=UNIMOD:1;PP=Protein N-term;MT=Variable	NT=Deamidated;AC=UNIMOD:7;TA=N,Q;MT=Variable	7 ppm	20 ppm	not applicable	120 min gradient	1	1	20150817_QEp8_JaRi_SA_Sups_DCplasmacytoid_PIC_02.raw	v1.1.0	NT=ms-proteomics;VV=v1.1.0	NT=human;VV=v1.1.0	NT=sdrf-skills;VV=v0.2.0	plasmacytoid dendritic cell	Poly IC
pDC_PIC_secretome_03	Homo sapiens	blood	plasmacytoid dendritic cell	normal	not applicable	adult	not available	not available	not available	not available	Poly IC	12 hour	3	20150817_QEp8_JaRi_SA_Sups_DCplasmacytoid_PIC_03	proteomic profiling by mass spectrometry	NT=Q Exactive HF;AC=MS:1002523	label free sample	NT=Data-dependent acquisition;AC=PRIDE:0000627	NT=HCD;AC=MS:1000422	27 NCE	300m/z-1650m/z	NT=orbitrap;AC=MS:1000484	NT=Trypsin;AC=MS:1001251	NT=Lys-C;AC=MS:1001309	NT=Dithiothreitol (DTT);AC=PRIDE:0000608	NT=Iodoacetamide (IAA);AC=PRIDE:0000599	NT=Carbamidomethyl;AC=UNIMOD:4;TA=C;MT=Fixed	NT=Oxidation;AC=UNIMOD:35;TA=M;MT=Variable	NT=Acetyl;AC=UNIMOD:1;PP=Protein N-term;MT=Variable	NT=Deamidated;AC=UNIMOD:7;TA=N,Q;MT=Variable	7 ppm	20 ppm	not applicable	120 min gradient	1	1	20150817_QEp8_JaRi_SA_Sups_DCplasmacytoid_PIC_03.raw	v1.1.0	NT=ms-proteomics;VV=v1.1.0	NT=human;VV=v1.1.0	NT=sdrf-skills;VV=v0.2.0	plasmacytoid dendritic cell	Poly IC
pDC_R848_secretome_01	Homo sapiens	blood	plasmacytoid dendritic cell	normal	not applicable	adult	not available	not available	not available	not available	Resiquimod	12 hour	1	20150817_QEp8_JaRi_SA_Sups_DCplasmacytoid_R848_01	proteomic profiling by mass spectrometry	NT=Q Exactive HF;AC=MS:1002523	label free sample	NT=Data-dependent acquisition;AC=PRIDE:0000627	NT=HCD;AC=MS:1000422	27 NCE	300m/z-1650m/z	NT=orbitrap;AC=MS:1000484	NT=Trypsin;AC=MS:1001251	NT=Lys-C;AC=MS:1001309	NT=Dithiothreitol (DTT);AC=PRIDE:0000608	NT=Iodoacetamide (IAA);AC=PRIDE:0000599	NT=Carbamidomethyl;AC=UNIMOD:4;TA=C;MT=Fixed	NT=Oxidation;AC=UNIMOD:35;TA=M;MT=Variable	NT=Acetyl;AC=UNIMOD:1;PP=Protein N-term;MT=Variable	NT=Deamidated;AC=UNIMOD:7;TA=N,Q;MT=Variable	7 ppm	20 ppm	not applicable	120 min gradient	1	1	20150817_QEp8_JaRi_SA_Sups_DCplasmacytoid_R848_01.raw	v1.1.0	NT=ms-proteomics;VV=v1.1.0	NT=human;VV=v1.1.0	NT=sdrf-skills;VV=v0.2.0	plasmacytoid dendritic cell	Resiquimod
pDC_R848_secretome_02	Homo sapiens	blood	plasmacytoid dendritic cell	normal	not applicable	adult	not available	not available	not available	not available	Resiquimod	12 hour	2	20150817_QEp8_JaRi_SA_Sups_DCplasmacytoid_R848_02	proteomic profiling by mass spectrometry	NT=Q Exactive HF;AC=MS:1002523	label free sample	NT=Data-dependent acquisition;AC=PRIDE:0000627	NT=HCD;AC=MS:1000422	27 NCE	300m/z-1650m/z	NT=orbitrap;AC=MS:1000484	NT=Trypsin;AC=MS:1001251	NT=Lys-C;AC=MS:1001309	NT=Dithiothreitol (DTT);AC=PRIDE:0000608	NT=Iodoacetamide (IAA);AC=PRIDE:0000599	NT=Carbamidomethyl;AC=UNIMOD:4;TA=C;MT=Fixed	NT=Oxidation;AC=UNIMOD:35;TA=M;MT=Variable	NT=Acetyl;AC=UNIMOD:1;PP=Protein N-term;MT=Variable	NT=Deamidated;AC=UNIMOD:7;TA=N,Q;MT=Variable	7 ppm	20 ppm	not applicable	120 min gradient	1	1	20150817_QEp8_JaRi_SA_Sups_DCplasmacytoid_R848_02.raw	v1.1.0	NT=ms-proteomics;VV=v1.1.0	NT=human;VV=v1.1.0	NT=sdrf-skills;VV=v0.2.0	plasmacytoid dendritic cell	Resiquimod
pDC_R848_secretome_03	Homo sapiens	blood	plasmacytoid dendritic cell	normal	not applicable	adult	not available	not available	not available	not available	Resiquimod	12 hour	3	20150817_QEp8_JaRi_SA_Sups_DCplasmacytoid_R848_03	proteomic profiling by mass spectrometry	NT=Q Exactive HF;AC=MS:1002523	label free sample	NT=Data-dependent acquisition;AC=PRIDE:0000627	NT=HCD;AC=MS:1000422	27 NCE	300m/z-1650m/z	NT=orbitrap;AC=MS:1000484	NT=Trypsin;AC=MS:1001251	NT=Lys-C;AC=MS:1001309	NT=Dithiothreitol (DTT);AC=PRIDE:0000608	NT=Iodoacetamide (IAA);AC=PRIDE:0000599	NT=Carbamidomethyl;AC=UNIMOD:4;TA=C;MT=Fixed	NT=Oxidation;AC=UNIMOD:35;TA=M;MT=Variable	NT=Acetyl;AC=UNIMOD:1;PP=Protein N-term;MT=Variable	NT=Deamidated;AC=UNIMOD:7;TA=N,Q;MT=Variable	7 ppm	20 ppm	not applicable	120 min gradient	1	1	20150817_QEp8_JaRi_SA_Sups_DCplasmacytoid_R848_03.raw	v1.1.0	NT=ms-proteomics;VV=v1.1.0	NT=human;VV=v1.1.0	NT=sdrf-skills;VV=v0.2.0	plasmacytoid dendritic cell	Resiquimod
pDC_ZYM_secretome_01	Homo sapiens	blood	plasmacytoid dendritic cell	normal	not applicable	adult	not available	not available	not available	not available	Zymosan	12 hour	1	20150817_QEp8_JaRi_SA_Sups_DCplasmacytoid_ZYM_01	proteomic profiling by mass spectrometry	NT=Q Exactive HF;AC=MS:1002523	label free sample	NT=Data-dependent acquisition;AC=PRIDE:0000627	NT=HCD;AC=MS:1000422	27 NCE	300m/z-1650m/z	NT=orbitrap;AC=MS:1000484	NT=Trypsin;AC=MS:1001251	NT=Lys-C;AC=MS:1001309	NT=Dithiothreitol (DTT);AC=PRIDE:0000608	NT=Iodoacetamide (IAA);AC=PRIDE:0000599	NT=Carbamidomethyl;AC=UNIMOD:4;TA=C;MT=Fixed	NT=Oxidation;AC=UNIMOD:35;TA=M;MT=Variable	NT=Acetyl;AC=UNIMOD:1;PP=Protein N-term;MT=Variable	NT=Deamidated;AC=UNIMOD:7;TA=N,Q;MT=Variable	7 ppm	20 ppm	not applicable	120 min gradient	1	1	20150817_QEp8_JaRi_SA_Sups_DCplasmacytoid_ZYM_01.raw	v1.1.0	NT=ms-proteomics;VV=v1.1.0	NT=human;VV=v1.1.0	NT=sdrf-skills;VV=v0.2.0	plasmacytoid dendritic cell	Zymosan
pDC_ZYM_secretome_02	Homo sapiens	blood	plasmacytoid dendritic cell	normal	not applicable	adult	not available	not available	not available	not available	Zymosan	12 hour	2	20150817_QEp8_JaRi_SA_Sups_DCplasmacytoid_ZYM_02	proteomic profiling by mass spectrometry	NT=Q Exactive HF;AC=MS:1002523	label free sample	NT=Data-dependent acquisition;AC=PRIDE:0000627	NT=HCD;AC=MS:1000422	27 NCE	300m/z-1650m/z	NT=orbitrap;AC=MS:1000484	NT=Trypsin;AC=MS:1001251	NT=Lys-C;AC=MS:1001309	NT=Dithiothreitol (DTT);AC=PRIDE:0000608	NT=Iodoacetamide (IAA);AC=PRIDE:0000599	NT=Carbamidomethyl;AC=UNIMOD:4;TA=C;MT=Fixed	NT=Oxidation;AC=UNIMOD:35;TA=M;MT=Variable	NT=Acetyl;AC=UNIMOD:1;PP=Protein N-term;MT=Variable	NT=Deamidated;AC=UNIMOD:7;TA=N,Q;MT=Variable	7 ppm	20 ppm	not applicable	120 min gradient	1	1	20150817_QEp8_JaRi_SA_Sups_DCplasmacytoid_ZYM_02.raw	v1.1.0	NT=ms-proteomics;VV=v1.1.0	NT=human;VV=v1.1.0	NT=sdrf-skills;VV=v0.2.0	plasmacytoid dendritic cell	Zymosan
pDC_ZYM_secretome_03	Homo sapiens	blood	plasmacytoid dendritic cell	normal	not applicable	adult	not available	not available	not available	not available	Zymosan	12 hour	3	20150817_QEp8_JaRi_SA_Sups_DCplasmacytoid_ZYM_03	proteomic profiling by mass spectrometry	NT=Q Exactive HF;AC=MS:1002523	label free sample	NT=Data-dependent acquisition;AC=PRIDE:0000627	NT=HCD;AC=MS:1000422	27 NCE	300m/z-1650m/z	NT=orbitrap;AC=MS:1000484	NT=Trypsin;AC=MS:1001251	NT=Lys-C;AC=MS:1001309	NT=Dithiothreitol (DTT);AC=PRIDE:0000608	NT=Iodoacetamide (IAA);AC=PRIDE:0000599	NT=Carbamidomethyl;AC=UNIMOD:4;TA=C;MT=Fixed	NT=Oxidation;AC=UNIMOD:35;TA=M;MT=Variable	NT=Acetyl;AC=UNIMOD:1;PP=Protein N-term;MT=Variable	NT=Deamidated;AC=UNIMOD:7;TA=N,Q;MT=Variable	7 ppm	20 ppm	not applicable	120 min gradient	1	1	20150817_QEp8_JaRi_SA_Sups_DCplasmacytoid_ZYM_03.raw	v1.1.0	NT=ms-proteomics;VV=v1.1.0	NT=human;VV=v1.1.0	NT=sdrf-skills;VV=v0.2.0	plasmacytoid dendritic cell	Zymosan
pDC_steady-state_cellular_01	Homo sapiens	blood	plasmacytoid dendritic cell	normal	cell	adult	not available	not available	not available	not available	untreated	not applicable	1	pDC_01steady-state	proteomic profiling by mass spectrometry	NT=Q Exactive HF;AC=MS:1002523	label free sample	NT=Data-dependent acquisition;AC=PRIDE:0000627	NT=HCD;AC=MS:1000422	26 NCE	300m/z-1650m/z	NT=orbitrap;AC=MS:1000484	NT=Trypsin;AC=MS:1001251	NT=Lys-C;AC=MS:1001309	NT=Dithiothreitol (DTT);AC=PRIDE:0000608	NT=Iodoacetamide (IAA);AC=PRIDE:0000599	NT=Carbamidomethyl;AC=UNIMOD:4;TA=C;MT=Fixed	NT=Oxidation;AC=UNIMOD:35;TA=M;MT=Variable	NT=Acetyl;AC=UNIMOD:1;PP=Protein N-term;MT=Variable	NT=Deamidated;AC=UNIMOD:7;TA=N,Q;MT=Variable	7 ppm	20 ppm	not applicable	nonlinear 5-60% buffer B (80% acetonitrile, 0.5% formic acid) over 180 min at 250 nl/min	1	1	pDC_01steady-state.raw	v1.1.0	NT=ms-proteomics;VV=v1.1.0	NT=human;VV=v1.1.0	NT=sdrf-skills;VV=v0.2.0	plasmacytoid dendritic cell	untreated
pDC_steady-state_cellular_02	Homo sapiens	blood	plasmacytoid dendritic cell	normal	cell	adult	not available	not available	not available	not available	untreated	not applicable	2	pDC_02steady-state	proteomic profiling by mass spectrometry	NT=Q Exactive HF;AC=MS:1002523	label free sample	NT=Data-dependent acquisition;AC=PRIDE:0000627	NT=HCD;AC=MS:1000422	26 NCE	300m/z-1650m/z	NT=orbitrap;AC=MS:1000484	NT=Trypsin;AC=MS:1001251	NT=Lys-C;AC=MS:1001309	NT=Dithiothreitol (DTT);AC=PRIDE:0000608	NT=Iodoacetamide (IAA);AC=PRIDE:0000599	NT=Carbamidomethyl;AC=UNIMOD:4;TA=C;MT=Fixed	NT=Oxidation;AC=UNIMOD:35;TA=M;MT=Variable	NT=Acetyl;AC=UNIMOD:1;PP=Protein N-term;MT=Variable	NT=Deamidated;AC=UNIMOD:7;TA=N,Q;MT=Variable	7 ppm	20 ppm	not applicable	nonlinear 5-60% buffer B (80% acetonitrile, 0.5% formic acid) over 180 min at 250 nl/min	1	1	pDC_02steady-state.raw	v1.1.0	NT=ms-proteomics;VV=v1.1.0	NT=human;VV=v1.1.0	NT=sdrf-skills;VV=v0.2.0	plasmacytoid dendritic cell	untreated
pDC_steady-state_cellular_03	Homo sapiens	blood	plasmacytoid dendritic cell	normal	cell	adult	not available	not available	not available	not available	untreated	not applicable	3	pDC_03steady-state	proteomic profiling by mass spectrometry	NT=Q Exactive HF;AC=MS:1002523	label free sample	NT=Data-dependent acquisition;AC=PRIDE:0000627	NT=HCD;AC=MS:1000422	26 NCE	300m/z-1650m/z	NT=orbitrap;AC=MS:1000484	NT=Trypsin;AC=MS:1001251	NT=Lys-C;AC=MS:1001309	NT=Dithiothreitol (DTT);AC=PRIDE:0000608	NT=Iodoacetamide (IAA);AC=PRIDE:0000599	NT=Carbamidomethyl;AC=UNIMOD:4;TA=C;MT=Fixed	NT=Oxidation;AC=UNIMOD:35;TA=M;MT=Variable	NT=Acetyl;AC=UNIMOD:1;PP=Protein N-term;MT=Variable	NT=Deamidated;AC=UNIMOD:7;TA=N,Q;MT=Variable	7 ppm	20 ppm	not applicable	nonlinear 5-60% buffer B (80% acetonitrile, 0.5% formic acid) over 180 min at 250 nl/min	1	1	pDC_03steady-state.raw	v1.1.0	NT=ms-proteomics;VV=v1.1.0	NT=human;VV=v1.1.0	NT=sdrf-skills;VV=v0.2.0	plasmacytoid dendritic cell	untreated
pDC_steady-state_cellular_04	Homo sapiens	blood	plasmacytoid dendritic cell	normal	cell	adult	not available	not available	not available	not available	untreated	not applicable	4	pDC_04steady-state	proteomic profiling by mass spectrometry	NT=Q Exactive HF;AC=MS:1002523	label free sample	NT=Data-dependent acquisition;AC=PRIDE:0000627	NT=HCD;AC=MS:1000422	26 NCE	300m/z-1650m/z	NT=orbitrap;AC=MS:1000484	NT=Trypsin;AC=MS:1001251	NT=Lys-C;AC=MS:1001309	NT=Dithiothreitol (DTT);AC=PRIDE:0000608	NT=Iodoacetamide (IAA);AC=PRIDE:0000599	NT=Carbamidomethyl;AC=UNIMOD:4;TA=C;MT=Fixed	NT=Oxidation;AC=UNIMOD:35;TA=M;MT=Variable	NT=Acetyl;AC=UNIMOD:1;PP=Protein N-term;MT=Variable	NT=Deamidated;AC=UNIMOD:7;TA=N,Q;MT=Variable	7 ppm	20 ppm	not applicable	nonlinear 5-60% buffer B (80% acetonitrile, 0.5% formic acid) over 180 min at 250 nl/min	1	1	pDC_04steady-state.raw	v1.1.0	NT=ms-proteomics;VV=v1.1.0	NT=human;VV=v1.1.0	NT=sdrf-skills;VV=v0.2.0	plasmacytoid dendritic cell	untreated
pDC_steady-state_cellular_05	Homo sapiens	blood	plasmacytoid dendritic cell	normal	cell	adult	not available	not available	not available	not available	untreated	not applicable	5	Library_single.shot_8steady-state	proteomic profiling by mass spectrometry	NT=Q Exactive HF;AC=MS:1002523	label free sample	NT=Data-dependent acquisition;AC=PRIDE:0000627	NT=HCD;AC=MS:1000422	26 NCE	300m/z-1650m/z	NT=orbitrap;AC=MS:1000484	NT=Trypsin;AC=MS:1001251	NT=Lys-C;AC=MS:1001309	NT=Dithiothreitol (DTT);AC=PRIDE:0000608	NT=Iodoacetamide (IAA);AC=PRIDE:0000599	NT=Carbamidomethyl;AC=UNIMOD:4;TA=C;MT=Fixed	NT=Oxidation;AC=UNIMOD:35;TA=M;MT=Variable	NT=Acetyl;AC=UNIMOD:1;PP=Protein N-term;MT=Variable	NT=Deamidated;AC=UNIMOD:7;TA=N,Q;MT=Variable	7 ppm	20 ppm	not applicable	nonlinear 5-60% buffer B (80% acetonitrile, 0.5% formic acid) over 180 min at 250 nl/min	1	1	Library_single.shot_8steady-state.raw	v1.1.0	NT=ms-proteomics;VV=v1.1.0	NT=human;VV=v1.1.0	NT=sdrf-skills;VV=v0.2.0	plasmacytoid dendritic cell	untreated
pDC_unstim_secretome_01	Homo sapiens	blood	plasmacytoid dendritic cell	normal	not applicable	adult	not available	not available	not available	not available	untreated	12 hour	1	20150817_QEp8_JaRi_SA_Sups_DCplasmacytoid_CTR_01	proteomic profiling by mass spectrometry	NT=Q Exactive HF;AC=MS:1002523	label free sample	NT=Data-dependent acquisition;AC=PRIDE:0000627	NT=HCD;AC=MS:1000422	27 NCE	300m/z-1650m/z	NT=orbitrap;AC=MS:1000484	NT=Trypsin;AC=MS:1001251	NT=Lys-C;AC=MS:1001309	NT=Dithiothreitol (DTT);AC=PRIDE:0000608	NT=Iodoacetamide (IAA);AC=PRIDE:0000599	NT=Carbamidomethyl;AC=UNIMOD:4;TA=C;MT=Fixed	NT=Oxidation;AC=UNIMOD:35;TA=M;MT=Variable	NT=Acetyl;AC=UNIMOD:1;PP=Protein N-term;MT=Variable	NT=Deamidated;AC=UNIMOD:7;TA=N,Q;MT=Variable	7 ppm	20 ppm	not applicable	120 min gradient	1	1	20150817_QEp8_JaRi_SA_Sups_DCplasmacytoid_CTR_01.raw	v1.1.0	NT=ms-proteomics;VV=v1.1.0	NT=human;VV=v1.1.0	NT=sdrf-skills;VV=v0.2.0	plasmacytoid dendritic cell	untreated
pDC_unstim_secretome_02	Homo sapiens	blood	plasmacytoid dendritic cell	normal	not applicable	adult	not available	not available	not available	not available	untreated	12 hour	2	20150112_EXQ00_JaRi_SA_Sups_pDC_n_01	proteomic profiling by mass spectrometry	NT=Q Exactive HF;AC=MS:1002523	label free sample	NT=Data-dependent acquisition;AC=PRIDE:0000627	NT=HCD;AC=MS:1000422	26 NCE	300m/z-1650m/z	NT=orbitrap;AC=MS:1000484	NT=Trypsin;AC=MS:1001251	NT=Lys-C;AC=MS:1001309	NT=Dithiothreitol (DTT);AC=PRIDE:0000608	NT=Iodoacetamide (IAA);AC=PRIDE:0000599	NT=Carbamidomethyl;AC=UNIMOD:4;TA=C;MT=Fixed	NT=Oxidation;AC=UNIMOD:35;TA=M;MT=Variable	NT=Acetyl;AC=UNIMOD:1;PP=Protein N-term;MT=Variable	NT=Deamidated;AC=UNIMOD:7;TA=N,Q;MT=Variable	7 ppm	20 ppm	not applicable	120 min gradient	1	1	20150112_EXQ00_JaRi_SA_Sups_pDC_n_01.raw	v1.1.0	NT=ms-proteomics;VV=v1.1.0	NT=human;VV=v1.1.0	NT=sdrf-skills;VV=v0.2.0	plasmacytoid dendritic cell	untreated
pDC_unstim_secretome_03	Homo sapiens	blood	plasmacytoid dendritic cell	normal	not applicable	adult	not available	not available	not available	not available	untreated	12 hour	3	20150817_QEp8_JaRi_SA_Sups_DCplasmacytoid_CTR_02	proteomic profiling by mass spectrometry	NT=Q Exactive HF;AC=MS:1002523	label free sample	NT=Data-dependent acquisition;AC=PRIDE:0000627	NT=HCD;AC=MS:1000422	27 NCE	300m/z-1650m/z	NT=orbitrap;AC=MS:1000484	NT=Trypsin;AC=MS:1001251	NT=Lys-C;AC=MS:1001309	NT=Dithiothreitol (DTT);AC=PRIDE:0000608	NT=Iodoacetamide (IAA);AC=PRIDE:0000599	NT=Carbamidomethyl;AC=UNIMOD:4;TA=C;MT=Fixed	NT=Oxidation;AC=UNIMOD:35;TA=M;MT=Variable	NT=Acetyl;AC=UNIMOD:1;PP=Protein N-term;MT=Variable	NT=Deamidated;AC=UNIMOD:7;TA=N,Q;MT=Variable	7 ppm	20 ppm	not applicable	120 min gradient	1	1	20150817_QEp8_JaRi_SA_Sups_DCplasmacytoid_CTR_02.raw	v1.1.0	NT=ms-proteomics;VV=v1.1.0	NT=human;VV=v1.1.0	NT=sdrf-skills;VV=v0.2.0	plasmacytoid dendritic cell	untreated
pDC_unstim_secretome_04	Homo sapiens	blood	plasmacytoid dendritic cell	normal	not applicable	adult	not available	not available	not available	not available	untreated	12 hour	4	20150112_EXQ00_JaRi_SA_Sups_pDC_n_02	proteomic profiling by mass spectrometry	NT=Q Exactive HF;AC=MS:1002523	label free sample	NT=Data-dependent acquisition;AC=PRIDE:0000627	NT=HCD;AC=MS:1000422	26 NCE	300m/z-1650m/z	NT=orbitrap;AC=MS:1000484	NT=Trypsin;AC=MS:1001251	NT=Lys-C;AC=MS:1001309	NT=Dithiothreitol (DTT);AC=PRIDE:0000608	NT=Iodoacetamide (IAA);AC=PRIDE:0000599	NT=Carbamidomethyl;AC=UNIMOD:4;TA=C;MT=Fixed	NT=Oxidation;AC=UNIMOD:35;TA=M;MT=Variable	NT=Acetyl;AC=UNIMOD:1;PP=Protein N-term;MT=Variable	NT=Deamidated;AC=UNIMOD:7;TA=N,Q;MT=Variable	7 ppm	20 ppm	not applicable	120 min gradient	1	1	20150112_EXQ00_JaRi_SA_Sups_pDC_n_02.raw	v1.1.0	NT=ms-proteomics;VV=v1.1.0	NT=human;VV=v1.1.0	NT=sdrf-skills;VV=v0.2.0	plasmacytoid dendritic cell	untreated
pDC_unstim_secretome_05	Homo sapiens	blood	plasmacytoid dendritic cell	normal	not applicable	adult	not available	not available	not available	not available	untreated	12 hour	5	20150817_QEp8_JaRi_SA_Sups_DCplasmacytoid_CTR_03	proteomic profiling by mass spectrometry	NT=Q Exactive HF;AC=MS:1002523	label free sample	NT=Data-dependent acquisition;AC=PRIDE:0000627	NT=HCD;AC=MS:1000422	27 NCE	300m/z-1650m/z	NT=orbitrap;AC=MS:1000484	NT=Trypsin;AC=MS:1001251	NT=Lys-C;AC=MS:1001309	NT=Dithiothreitol (DTT);AC=PRIDE:0000608	NT=Iodoacetamide (IAA);AC=PRIDE:0000599	NT=Carbamidomethyl;AC=UNIMOD:4;TA=C;MT=Fixed	NT=Oxidation;AC=UNIMOD:35;TA=M;MT=Variable	NT=Acetyl;AC=UNIMOD:1;PP=Protein N-term;MT=Variable	NT=Deamidated;AC=UNIMOD:7;TA=N,Q;MT=Variable	7 ppm	20 ppm	not applicable	120 min gradient	1	1	20150817_QEp8_JaRi_SA_Sups_DCplasmacytoid_CTR_03.raw	v1.1.0	NT=ms-proteomics;VV=v1.1.0	NT=human;VV=v1.1.0	NT=sdrf-skills;VV=v0.2.0	plasmacytoid dendritic cell	untreated
pDC_unstim_secretome_06	Homo sapiens	blood	plasmacytoid dendritic cell	normal	not applicable	adult	not available	not available	not available	not available	untreated	12 hour	6	20150112_EXQ00_JaRi_SA_Sups_pDC_n_03	proteomic profiling by mass spectrometry	NT=Q Exactive HF;AC=MS:1002523	label free sample	NT=Data-dependent acquisition;AC=PRIDE:0000627	NT=HCD;AC=MS:1000422	26 NCE	300m/z-1650m/z	NT=orbitrap;AC=MS:1000484	NT=Trypsin;AC=MS:1001251	NT=Lys-C;AC=MS:1001309	NT=Dithiothreitol (DTT);AC=PRIDE:0000608	NT=Iodoacetamide (IAA);AC=PRIDE:0000599	NT=Carbamidomethyl;AC=UNIMOD:4;TA=C;MT=Fixed	NT=Oxidation;AC=UNIMOD:35;TA=M;MT=Variable	NT=Acetyl;AC=UNIMOD:1;PP=Protein N-term;MT=Variable	NT=Deamidated;AC=UNIMOD:7;TA=N,Q;MT=Variable	7 ppm	20 ppm	not applicable	120 min gradient	1	1	20150112_EXQ00_JaRi_SA_Sups_pDC_n_03.raw	v1.1.0	NT=ms-proteomics;VV=v1.1.0	NT=human;VV=v1.1.0	NT=sdrf-skills;VV=v0.2.0	plasmacytoid dendritic cell	untreated
pDC_unstim_secretome_07	Homo sapiens	blood	plasmacytoid dendritic cell	normal	not applicable	adult	not available	not available	not available	not available	untreated	12 hour	7	20150112_EXQ00_JaRi_SA_Sups_pDC_n_04	proteomic profiling by mass spectrometry	NT=Q Exactive HF;AC=MS:1002523	label free sample	NT=Data-dependent acquisition;AC=PRIDE:0000627	NT=HCD;AC=MS:1000422	26 NCE	300m/z-1650m/z	NT=orbitrap;AC=MS:1000484	NT=Trypsin;AC=MS:1001251	NT=Lys-C;AC=MS:1001309	NT=Dithiothreitol (DTT);AC=PRIDE:0000608	NT=Iodoacetamide (IAA);AC=PRIDE:0000599	NT=Carbamidomethyl;AC=UNIMOD:4;TA=C;MT=Fixed	NT=Oxidation;AC=UNIMOD:35;TA=M;MT=Variable	NT=Acetyl;AC=UNIMOD:1;PP=Protein N-term;MT=Variable	NT=Deamidated;AC=UNIMOD:7;TA=N,Q;MT=Variable	7 ppm	20 ppm	not applicable	120 min gradient	1	1	20150112_EXQ00_JaRi_SA_Sups_pDC_n_04.raw	v1.1.0	NT=ms-proteomics;VV=v1.1.0	NT=human;VV=v1.1.0	NT=sdrf-skills;VV=v0.2.0	plasmacytoid dendritic cell	untreated
