source name	characteristics[organism]	characteristics[organism part]	characteristics[tissue supergroup]	characteristics[cell type]	characteristics[material type]	characteristics[sample type]	characteristics[disease]	characteristics[developmental stage]	characteristics[strain or breed]	characteristics[sex]	characteristics[sampling time]	characteristics[treatment]	characteristics[depletion]	characteristics[pooled sample]	characteristics[biological replicate]	assay name	technology type	comment[instrument]	comment[label]	comment[cleavage agent details]	comment[cleavage agent details]	comment[modification parameters]	comment[modification parameters]	comment[modification parameters]	comment[reduction reagent]	comment[alkylation reagent]	comment[proteomics data acquisition method]	comment[dissociation method]	comment[collision energy]	comment[ms2 mass analyzer]	comment[precursor mass tolerance]	comment[fragment mass tolerance]	comment[ms1 scan range]	comment[fractionation method]	comment[fraction identifier]	comment[technical replicate]	comment[sample preparation batch]	comment[data file]	comment[sdrf version]	comment[sdrf template]	comment[sdrf template]	comment[sdrf annotation tool]	factor value[strain or breed]	factor value[sampling time]
D_A8_1	Mus musculus	aorta	cardiovascular system	not applicable	tissue	study sample	normal	adult	Apoetm1Unc	male	8 week	Standard Diet	no depletion	not pooled	1	D_A8_1_FR1	proteomic profiling by mass spectrometry	NT=Q Exactive HF;AC=MS:1002523	NT=label free sample;AC=MS:1002038	NT=Trypsin;AC=MS:1001251	NT=Lys-C;AC=MS:1001309	NT=Carbamidomethyl;AC=UNIMOD:4;TA=C;MT=Fixed	NT=Oxidation;AC=UNIMOD:35;TA=M;MT=Variable	NT=Acetyl;AC=UNIMOD:1;PP=Protein N-term;MT=Variable	NT=Tris(2-carboxyethyl)phosphine (TCEP);AC=PRIDE:0000609	NT=Chloroacetamide (ClAA);AC=PRIDE:0000600	NT=Data-dependent acquisition;AC=PRIDE:0000627	NT=HCD;AC=MS:1000422	27 NCE	NT=orbitrap;AC=MS:1000484	4.5 ppm	20 ppm	300m/z-1650m/z	not available	1	1	cohort 1	20140501_EXQ00_MiWi_SA_A16_FR1.raw	v1.1.0	NT=ms-proteomics;VV=v1.1.0	NT=vertebrates;VV=v1.1.0	NT=sdrf-skills;VV=v0.2.0	Apoetm1Unc	8 week
D_A8_1	Mus musculus	aorta	cardiovascular system	not applicable	tissue	study sample	normal	adult	Apoetm1Unc	male	8 week	Standard Diet	no depletion	not pooled	1	D_A8_1_FR2	proteomic profiling by mass spectrometry	NT=Q Exactive HF;AC=MS:1002523	NT=label free sample;AC=MS:1002038	NT=Trypsin;AC=MS:1001251	NT=Lys-C;AC=MS:1001309	NT=Carbamidomethyl;AC=UNIMOD:4;TA=C;MT=Fixed	NT=Oxidation;AC=UNIMOD:35;TA=M;MT=Variable	NT=Acetyl;AC=UNIMOD:1;PP=Protein N-term;MT=Variable	NT=Tris(2-carboxyethyl)phosphine (TCEP);AC=PRIDE:0000609	NT=Chloroacetamide (ClAA);AC=PRIDE:0000600	NT=Data-dependent acquisition;AC=PRIDE:0000627	NT=HCD;AC=MS:1000422	27 NCE	NT=orbitrap;AC=MS:1000484	4.5 ppm	20 ppm	300m/z-1650m/z	not available	2	1	cohort 1	20140501_EXQ00_MiWi_SA_A16_FR2.raw	v1.1.0	NT=ms-proteomics;VV=v1.1.0	NT=vertebrates;VV=v1.1.0	NT=sdrf-skills;VV=v0.2.0	Apoetm1Unc	8 week
D_A8_1	Mus musculus	aorta	cardiovascular system	not applicable	tissue	study sample	normal	adult	Apoetm1Unc	male	8 week	Standard Diet	no depletion	not pooled	1	D_A8_1_FR3	proteomic profiling by mass spectrometry	NT=Q Exactive HF;AC=MS:1002523	NT=label free sample;AC=MS:1002038	NT=Trypsin;AC=MS:1001251	NT=Lys-C;AC=MS:1001309	NT=Carbamidomethyl;AC=UNIMOD:4;TA=C;MT=Fixed	NT=Oxidation;AC=UNIMOD:35;TA=M;MT=Variable	NT=Acetyl;AC=UNIMOD:1;PP=Protein N-term;MT=Variable	NT=Tris(2-carboxyethyl)phosphine (TCEP);AC=PRIDE:0000609	NT=Chloroacetamide (ClAA);AC=PRIDE:0000600	NT=Data-dependent acquisition;AC=PRIDE:0000627	NT=HCD;AC=MS:1000422	27 NCE	NT=orbitrap;AC=MS:1000484	4.5 ppm	20 ppm	300m/z-1650m/z	not available	3	1	cohort 1	20140501_EXQ00_MiWi_SA_A16_FR3.raw	v1.1.0	NT=ms-proteomics;VV=v1.1.0	NT=vertebrates;VV=v1.1.0	NT=sdrf-skills;VV=v0.2.0	Apoetm1Unc	8 week
D_A8_1	Mus musculus	aorta	cardiovascular system	not applicable	tissue	study sample	normal	adult	Apoetm1Unc	male	8 week	Standard Diet	no depletion	not pooled	1	D_A8_1_ECM	proteomic profiling by mass spectrometry	NT=Q Exactive HF;AC=MS:1002523	NT=label free sample;AC=MS:1002038	NT=Trypsin;AC=MS:1001251	NT=Lys-C;AC=MS:1001309	NT=Carbamidomethyl;AC=UNIMOD:4;TA=C;MT=Fixed	NT=Oxidation;AC=UNIMOD:35;TA=M;MT=Variable	NT=Acetyl;AC=UNIMOD:1;PP=Protein N-term;MT=Variable	NT=Tris(2-carboxyethyl)phosphine (TCEP);AC=PRIDE:0000609	NT=Chloroacetamide (ClAA);AC=PRIDE:0000600	NT=Data-dependent acquisition;AC=PRIDE:0000627	NT=HCD;AC=MS:1000422	27 NCE	NT=orbitrap;AC=MS:1000484	4.5 ppm	20 ppm	300m/z-1650m/z	not available	4	1	cohort 1	20140501_EXQ00_MiWi_SA_A16_ECM.raw	v1.1.0	NT=ms-proteomics;VV=v1.1.0	NT=vertebrates;VV=v1.1.0	NT=sdrf-skills;VV=v0.2.0	Apoetm1Unc	8 week
D_A8_2	Mus musculus	aorta	cardiovascular system	not applicable	tissue	study sample	normal	adult	Apoetm1Unc	male	8 week	Standard Diet	no depletion	not pooled	2	D_A8_2_FR1	proteomic profiling by mass spectrometry	NT=Q Exactive HF;AC=MS:1002523	NT=label free sample;AC=MS:1002038	NT=Trypsin;AC=MS:1001251	NT=Lys-C;AC=MS:1001309	NT=Carbamidomethyl;AC=UNIMOD:4;TA=C;MT=Fixed	NT=Oxidation;AC=UNIMOD:35;TA=M;MT=Variable	NT=Acetyl;AC=UNIMOD:1;PP=Protein N-term;MT=Variable	NT=Tris(2-carboxyethyl)phosphine (TCEP);AC=PRIDE:0000609	NT=Chloroacetamide (ClAA);AC=PRIDE:0000600	NT=Data-dependent acquisition;AC=PRIDE:0000627	NT=HCD;AC=MS:1000422	27 NCE	NT=orbitrap;AC=MS:1000484	4.5 ppm	20 ppm	300m/z-1650m/z	not available	1	1	cohort 1	20140501_EXQ00_MiWi_SA_A17_FR1.raw	v1.1.0	NT=ms-proteomics;VV=v1.1.0	NT=vertebrates;VV=v1.1.0	NT=sdrf-skills;VV=v0.2.0	Apoetm1Unc	8 week
D_A8_2	Mus musculus	aorta	cardiovascular system	not applicable	tissue	study sample	normal	adult	Apoetm1Unc	male	8 week	Standard Diet	no depletion	not pooled	2	D_A8_2_FR2	proteomic profiling by mass spectrometry	NT=Q Exactive HF;AC=MS:1002523	NT=label free sample;AC=MS:1002038	NT=Trypsin;AC=MS:1001251	NT=Lys-C;AC=MS:1001309	NT=Carbamidomethyl;AC=UNIMOD:4;TA=C;MT=Fixed	NT=Oxidation;AC=UNIMOD:35;TA=M;MT=Variable	NT=Acetyl;AC=UNIMOD:1;PP=Protein N-term;MT=Variable	NT=Tris(2-carboxyethyl)phosphine (TCEP);AC=PRIDE:0000609	NT=Chloroacetamide (ClAA);AC=PRIDE:0000600	NT=Data-dependent acquisition;AC=PRIDE:0000627	NT=HCD;AC=MS:1000422	27 NCE	NT=orbitrap;AC=MS:1000484	4.5 ppm	20 ppm	300m/z-1650m/z	not available	2	1	cohort 1	20140501_EXQ00_MiWi_SA_A17_FR2.raw	v1.1.0	NT=ms-proteomics;VV=v1.1.0	NT=vertebrates;VV=v1.1.0	NT=sdrf-skills;VV=v0.2.0	Apoetm1Unc	8 week
D_A8_2	Mus musculus	aorta	cardiovascular system	not applicable	tissue	study sample	normal	adult	Apoetm1Unc	male	8 week	Standard Diet	no depletion	not pooled	2	D_A8_2_FR3	proteomic profiling by mass spectrometry	NT=Q Exactive HF;AC=MS:1002523	NT=label free sample;AC=MS:1002038	NT=Trypsin;AC=MS:1001251	NT=Lys-C;AC=MS:1001309	NT=Carbamidomethyl;AC=UNIMOD:4;TA=C;MT=Fixed	NT=Oxidation;AC=UNIMOD:35;TA=M;MT=Variable	NT=Acetyl;AC=UNIMOD:1;PP=Protein N-term;MT=Variable	NT=Tris(2-carboxyethyl)phosphine (TCEP);AC=PRIDE:0000609	NT=Chloroacetamide (ClAA);AC=PRIDE:0000600	NT=Data-dependent acquisition;AC=PRIDE:0000627	NT=HCD;AC=MS:1000422	27 NCE	NT=orbitrap;AC=MS:1000484	4.5 ppm	20 ppm	300m/z-1650m/z	not available	3	1	cohort 1	20140501_EXQ00_MiWi_SA_A17_FR3.raw	v1.1.0	NT=ms-proteomics;VV=v1.1.0	NT=vertebrates;VV=v1.1.0	NT=sdrf-skills;VV=v0.2.0	Apoetm1Unc	8 week
D_A8_2	Mus musculus	aorta	cardiovascular system	not applicable	tissue	study sample	normal	adult	Apoetm1Unc	male	8 week	Standard Diet	no depletion	not pooled	2	D_A8_2_ECM	proteomic profiling by mass spectrometry	NT=Q Exactive HF;AC=MS:1002523	NT=label free sample;AC=MS:1002038	NT=Trypsin;AC=MS:1001251	NT=Lys-C;AC=MS:1001309	NT=Carbamidomethyl;AC=UNIMOD:4;TA=C;MT=Fixed	NT=Oxidation;AC=UNIMOD:35;TA=M;MT=Variable	NT=Acetyl;AC=UNIMOD:1;PP=Protein N-term;MT=Variable	NT=Tris(2-carboxyethyl)phosphine (TCEP);AC=PRIDE:0000609	NT=Chloroacetamide (ClAA);AC=PRIDE:0000600	NT=Data-dependent acquisition;AC=PRIDE:0000627	NT=HCD;AC=MS:1000422	27 NCE	NT=orbitrap;AC=MS:1000484	4.5 ppm	20 ppm	300m/z-1650m/z	not available	4	1	cohort 1	20140501_EXQ00_MiWi_SA_A17_ECM.raw	v1.1.0	NT=ms-proteomics;VV=v1.1.0	NT=vertebrates;VV=v1.1.0	NT=sdrf-skills;VV=v0.2.0	Apoetm1Unc	8 week
D_A8_3	Mus musculus	aorta	cardiovascular system	not applicable	tissue	study sample	normal	adult	Apoetm1Unc	male	8 week	Standard Diet	no depletion	not pooled	3	D_A8_3_FR1	proteomic profiling by mass spectrometry	NT=Q Exactive HF;AC=MS:1002523	NT=label free sample;AC=MS:1002038	NT=Trypsin;AC=MS:1001251	NT=Lys-C;AC=MS:1001309	NT=Carbamidomethyl;AC=UNIMOD:4;TA=C;MT=Fixed	NT=Oxidation;AC=UNIMOD:35;TA=M;MT=Variable	NT=Acetyl;AC=UNIMOD:1;PP=Protein N-term;MT=Variable	NT=Tris(2-carboxyethyl)phosphine (TCEP);AC=PRIDE:0000609	NT=Chloroacetamide (ClAA);AC=PRIDE:0000600	NT=Data-dependent acquisition;AC=PRIDE:0000627	NT=HCD;AC=MS:1000422	27 NCE	NT=orbitrap;AC=MS:1000484	4.5 ppm	20 ppm	300m/z-1650m/z	not available	1	1	cohort 1	20140908_EXQ00_MiWi_SA_A18_FR1_1.raw	v1.1.0	NT=ms-proteomics;VV=v1.1.0	NT=vertebrates;VV=v1.1.0	NT=sdrf-skills;VV=v0.2.0	Apoetm1Unc	8 week
D_A8_3	Mus musculus	aorta	cardiovascular system	not applicable	tissue	study sample	normal	adult	Apoetm1Unc	male	8 week	Standard Diet	no depletion	not pooled	3	D_A8_3_FR2	proteomic profiling by mass spectrometry	NT=Q Exactive HF;AC=MS:1002523	NT=label free sample;AC=MS:1002038	NT=Trypsin;AC=MS:1001251	NT=Lys-C;AC=MS:1001309	NT=Carbamidomethyl;AC=UNIMOD:4;TA=C;MT=Fixed	NT=Oxidation;AC=UNIMOD:35;TA=M;MT=Variable	NT=Acetyl;AC=UNIMOD:1;PP=Protein N-term;MT=Variable	NT=Tris(2-carboxyethyl)phosphine (TCEP);AC=PRIDE:0000609	NT=Chloroacetamide (ClAA);AC=PRIDE:0000600	NT=Data-dependent acquisition;AC=PRIDE:0000627	NT=HCD;AC=MS:1000422	27 NCE	NT=orbitrap;AC=MS:1000484	4.5 ppm	20 ppm	300m/z-1650m/z	not available	2	1	cohort 1	20140908_EXQ00_MiWi_SA_A18_FR2_2.raw	v1.1.0	NT=ms-proteomics;VV=v1.1.0	NT=vertebrates;VV=v1.1.0	NT=sdrf-skills;VV=v0.2.0	Apoetm1Unc	8 week
D_A8_3	Mus musculus	aorta	cardiovascular system	not applicable	tissue	study sample	normal	adult	Apoetm1Unc	male	8 week	Standard Diet	no depletion	not pooled	3	D_A8_3_FR3	proteomic profiling by mass spectrometry	NT=Q Exactive HF;AC=MS:1002523	NT=label free sample;AC=MS:1002038	NT=Trypsin;AC=MS:1001251	NT=Lys-C;AC=MS:1001309	NT=Carbamidomethyl;AC=UNIMOD:4;TA=C;MT=Fixed	NT=Oxidation;AC=UNIMOD:35;TA=M;MT=Variable	NT=Acetyl;AC=UNIMOD:1;PP=Protein N-term;MT=Variable	NT=Tris(2-carboxyethyl)phosphine (TCEP);AC=PRIDE:0000609	NT=Chloroacetamide (ClAA);AC=PRIDE:0000600	NT=Data-dependent acquisition;AC=PRIDE:0000627	NT=HCD;AC=MS:1000422	27 NCE	NT=orbitrap;AC=MS:1000484	4.5 ppm	20 ppm	300m/z-1650m/z	not available	3	1	cohort 1	20140908_EXQ00_MiWi_SA_A18_FR3_3.raw	v1.1.0	NT=ms-proteomics;VV=v1.1.0	NT=vertebrates;VV=v1.1.0	NT=sdrf-skills;VV=v0.2.0	Apoetm1Unc	8 week
D_A8_3	Mus musculus	aorta	cardiovascular system	not applicable	tissue	study sample	normal	adult	Apoetm1Unc	male	8 week	Standard Diet	no depletion	not pooled	3	D_A8_3_ECM	proteomic profiling by mass spectrometry	NT=Q Exactive HF;AC=MS:1002523	NT=label free sample;AC=MS:1002038	NT=Trypsin;AC=MS:1001251	NT=Lys-C;AC=MS:1001309	NT=Carbamidomethyl;AC=UNIMOD:4;TA=C;MT=Fixed	NT=Oxidation;AC=UNIMOD:35;TA=M;MT=Variable	NT=Acetyl;AC=UNIMOD:1;PP=Protein N-term;MT=Variable	NT=Tris(2-carboxyethyl)phosphine (TCEP);AC=PRIDE:0000609	NT=Chloroacetamide (ClAA);AC=PRIDE:0000600	NT=Data-dependent acquisition;AC=PRIDE:0000627	NT=HCD;AC=MS:1000422	27 NCE	NT=orbitrap;AC=MS:1000484	4.5 ppm	20 ppm	300m/z-1650m/z	not available	4	1	cohort 1	20140908_EXQ00_MiWi_SA_A18_ECM_4.raw	v1.1.0	NT=ms-proteomics;VV=v1.1.0	NT=vertebrates;VV=v1.1.0	NT=sdrf-skills;VV=v0.2.0	Apoetm1Unc	8 week
D_A8_4	Mus musculus	aorta	cardiovascular system	not applicable	tissue	study sample	normal	adult	Apoetm1Unc	male	8 week	Standard Diet	no depletion	not pooled	4	D_A8_4_FR1	proteomic profiling by mass spectrometry	NT=Q Exactive HF;AC=MS:1002523	NT=label free sample;AC=MS:1002038	NT=Trypsin;AC=MS:1001251	NT=Lys-C;AC=MS:1001309	NT=Carbamidomethyl;AC=UNIMOD:4;TA=C;MT=Fixed	NT=Oxidation;AC=UNIMOD:35;TA=M;MT=Variable	NT=Acetyl;AC=UNIMOD:1;PP=Protein N-term;MT=Variable	NT=Tris(2-carboxyethyl)phosphine (TCEP);AC=PRIDE:0000609	NT=Chloroacetamide (ClAA);AC=PRIDE:0000600	NT=Data-dependent acquisition;AC=PRIDE:0000627	NT=HCD;AC=MS:1000422	27 NCE	NT=orbitrap;AC=MS:1000484	4.5 ppm	20 ppm	300m/z-1650m/z	not available	1	1	cohort 1	20140908_EXQ00_MiWi_SA_A19_FR1_25.raw	v1.1.0	NT=ms-proteomics;VV=v1.1.0	NT=vertebrates;VV=v1.1.0	NT=sdrf-skills;VV=v0.2.0	Apoetm1Unc	8 week
D_A8_4	Mus musculus	aorta	cardiovascular system	not applicable	tissue	study sample	normal	adult	Apoetm1Unc	male	8 week	Standard Diet	no depletion	not pooled	4	D_A8_4_FR2	proteomic profiling by mass spectrometry	NT=Q Exactive HF;AC=MS:1002523	NT=label free sample;AC=MS:1002038	NT=Trypsin;AC=MS:1001251	NT=Lys-C;AC=MS:1001309	NT=Carbamidomethyl;AC=UNIMOD:4;TA=C;MT=Fixed	NT=Oxidation;AC=UNIMOD:35;TA=M;MT=Variable	NT=Acetyl;AC=UNIMOD:1;PP=Protein N-term;MT=Variable	NT=Tris(2-carboxyethyl)phosphine (TCEP);AC=PRIDE:0000609	NT=Chloroacetamide (ClAA);AC=PRIDE:0000600	NT=Data-dependent acquisition;AC=PRIDE:0000627	NT=HCD;AC=MS:1000422	27 NCE	NT=orbitrap;AC=MS:1000484	4.5 ppm	20 ppm	300m/z-1650m/z	not available	2	1	cohort 1	20140908_EXQ00_MiWi_SA_A19_FR2_26.raw	v1.1.0	NT=ms-proteomics;VV=v1.1.0	NT=vertebrates;VV=v1.1.0	NT=sdrf-skills;VV=v0.2.0	Apoetm1Unc	8 week
D_A8_4	Mus musculus	aorta	cardiovascular system	not applicable	tissue	study sample	normal	adult	Apoetm1Unc	male	8 week	Standard Diet	no depletion	not pooled	4	D_A8_4_FR3	proteomic profiling by mass spectrometry	NT=Q Exactive HF;AC=MS:1002523	NT=label free sample;AC=MS:1002038	NT=Trypsin;AC=MS:1001251	NT=Lys-C;AC=MS:1001309	NT=Carbamidomethyl;AC=UNIMOD:4;TA=C;MT=Fixed	NT=Oxidation;AC=UNIMOD:35;TA=M;MT=Variable	NT=Acetyl;AC=UNIMOD:1;PP=Protein N-term;MT=Variable	NT=Tris(2-carboxyethyl)phosphine (TCEP);AC=PRIDE:0000609	NT=Chloroacetamide (ClAA);AC=PRIDE:0000600	NT=Data-dependent acquisition;AC=PRIDE:0000627	NT=HCD;AC=MS:1000422	27 NCE	NT=orbitrap;AC=MS:1000484	4.5 ppm	20 ppm	300m/z-1650m/z	not available	3	1	cohort 1	20140908_EXQ00_MiWi_SA_A19_FR3_27.raw	v1.1.0	NT=ms-proteomics;VV=v1.1.0	NT=vertebrates;VV=v1.1.0	NT=sdrf-skills;VV=v0.2.0	Apoetm1Unc	8 week
D_A8_4	Mus musculus	aorta	cardiovascular system	not applicable	tissue	study sample	normal	adult	Apoetm1Unc	male	8 week	Standard Diet	no depletion	not pooled	4	D_A8_4_ECM	proteomic profiling by mass spectrometry	NT=Q Exactive HF;AC=MS:1002523	NT=label free sample;AC=MS:1002038	NT=Trypsin;AC=MS:1001251	NT=Lys-C;AC=MS:1001309	NT=Carbamidomethyl;AC=UNIMOD:4;TA=C;MT=Fixed	NT=Oxidation;AC=UNIMOD:35;TA=M;MT=Variable	NT=Acetyl;AC=UNIMOD:1;PP=Protein N-term;MT=Variable	NT=Tris(2-carboxyethyl)phosphine (TCEP);AC=PRIDE:0000609	NT=Chloroacetamide (ClAA);AC=PRIDE:0000600	NT=Data-dependent acquisition;AC=PRIDE:0000627	NT=HCD;AC=MS:1000422	27 NCE	NT=orbitrap;AC=MS:1000484	4.5 ppm	20 ppm	300m/z-1650m/z	not available	4	1	cohort 1	20140908_EXQ00_MiWi_SA_A19_ECM_28.raw	v1.1.0	NT=ms-proteomics;VV=v1.1.0	NT=vertebrates;VV=v1.1.0	NT=sdrf-skills;VV=v0.2.0	Apoetm1Unc	8 week
D_A8_5	Mus musculus	aorta	cardiovascular system	not applicable	tissue	study sample	normal	adult	Apoetm1Unc	male	8 week	Standard Diet	no depletion	not pooled	5	D_A8_5_FR1	proteomic profiling by mass spectrometry	NT=Q Exactive HF;AC=MS:1002523	NT=label free sample;AC=MS:1002038	NT=Trypsin;AC=MS:1001251	NT=Lys-C;AC=MS:1001309	NT=Carbamidomethyl;AC=UNIMOD:4;TA=C;MT=Fixed	NT=Oxidation;AC=UNIMOD:35;TA=M;MT=Variable	NT=Acetyl;AC=UNIMOD:1;PP=Protein N-term;MT=Variable	NT=Tris(2-carboxyethyl)phosphine (TCEP);AC=PRIDE:0000609	NT=Chloroacetamide (ClAA);AC=PRIDE:0000600	NT=Data-dependent acquisition;AC=PRIDE:0000627	NT=HCD;AC=MS:1000422	27 NCE	NT=orbitrap;AC=MS:1000484	4.5 ppm	20 ppm	300m/z-1650m/z	not available	1	1	cohort 1	20140908_EXQ00_MiWi_SA_A20_FR1_49.raw	v1.1.0	NT=ms-proteomics;VV=v1.1.0	NT=vertebrates;VV=v1.1.0	NT=sdrf-skills;VV=v0.2.0	Apoetm1Unc	8 week
D_A8_5	Mus musculus	aorta	cardiovascular system	not applicable	tissue	study sample	normal	adult	Apoetm1Unc	male	8 week	Standard Diet	no depletion	not pooled	5	D_A8_5_FR2	proteomic profiling by mass spectrometry	NT=Q Exactive HF;AC=MS:1002523	NT=label free sample;AC=MS:1002038	NT=Trypsin;AC=MS:1001251	NT=Lys-C;AC=MS:1001309	NT=Carbamidomethyl;AC=UNIMOD:4;TA=C;MT=Fixed	NT=Oxidation;AC=UNIMOD:35;TA=M;MT=Variable	NT=Acetyl;AC=UNIMOD:1;PP=Protein N-term;MT=Variable	NT=Tris(2-carboxyethyl)phosphine (TCEP);AC=PRIDE:0000609	NT=Chloroacetamide (ClAA);AC=PRIDE:0000600	NT=Data-dependent acquisition;AC=PRIDE:0000627	NT=HCD;AC=MS:1000422	27 NCE	NT=orbitrap;AC=MS:1000484	4.5 ppm	20 ppm	300m/z-1650m/z	not available	2	1	cohort 1	20140908_EXQ00_MiWi_SA_A20_FR2_50.raw	v1.1.0	NT=ms-proteomics;VV=v1.1.0	NT=vertebrates;VV=v1.1.0	NT=sdrf-skills;VV=v0.2.0	Apoetm1Unc	8 week
D_A8_5	Mus musculus	aorta	cardiovascular system	not applicable	tissue	study sample	normal	adult	Apoetm1Unc	male	8 week	Standard Diet	no depletion	not pooled	5	D_A8_5_FR3	proteomic profiling by mass spectrometry	NT=Q Exactive HF;AC=MS:1002523	NT=label free sample;AC=MS:1002038	NT=Trypsin;AC=MS:1001251	NT=Lys-C;AC=MS:1001309	NT=Carbamidomethyl;AC=UNIMOD:4;TA=C;MT=Fixed	NT=Oxidation;AC=UNIMOD:35;TA=M;MT=Variable	NT=Acetyl;AC=UNIMOD:1;PP=Protein N-term;MT=Variable	NT=Tris(2-carboxyethyl)phosphine (TCEP);AC=PRIDE:0000609	NT=Chloroacetamide (ClAA);AC=PRIDE:0000600	NT=Data-dependent acquisition;AC=PRIDE:0000627	NT=HCD;AC=MS:1000422	27 NCE	NT=orbitrap;AC=MS:1000484	4.5 ppm	20 ppm	300m/z-1650m/z	not available	3	1	cohort 1	20140908_EXQ00_MiWi_SA_A20_FR3_51.raw	v1.1.0	NT=ms-proteomics;VV=v1.1.0	NT=vertebrates;VV=v1.1.0	NT=sdrf-skills;VV=v0.2.0	Apoetm1Unc	8 week
D_A8_5	Mus musculus	aorta	cardiovascular system	not applicable	tissue	study sample	normal	adult	Apoetm1Unc	male	8 week	Standard Diet	no depletion	not pooled	5	D_A8_5_ECM	proteomic profiling by mass spectrometry	NT=Q Exactive HF;AC=MS:1002523	NT=label free sample;AC=MS:1002038	NT=Trypsin;AC=MS:1001251	NT=Lys-C;AC=MS:1001309	NT=Carbamidomethyl;AC=UNIMOD:4;TA=C;MT=Fixed	NT=Oxidation;AC=UNIMOD:35;TA=M;MT=Variable	NT=Acetyl;AC=UNIMOD:1;PP=Protein N-term;MT=Variable	NT=Tris(2-carboxyethyl)phosphine (TCEP);AC=PRIDE:0000609	NT=Chloroacetamide (ClAA);AC=PRIDE:0000600	NT=Data-dependent acquisition;AC=PRIDE:0000627	NT=HCD;AC=MS:1000422	27 NCE	NT=orbitrap;AC=MS:1000484	4.5 ppm	20 ppm	300m/z-1650m/z	not available	4	1	cohort 1	20140908_EXQ00_MiWi_SA_A20_ECM_52.raw	v1.1.0	NT=ms-proteomics;VV=v1.1.0	NT=vertebrates;VV=v1.1.0	NT=sdrf-skills;VV=v0.2.0	Apoetm1Unc	8 week
D_A16_1	Mus musculus	aorta	cardiovascular system	not applicable	tissue	study sample	atherosclerosis	adult	Apoetm1Unc	male	16 week	high fat diet	no depletion	not pooled	1	D_A16_1_FR1	proteomic profiling by mass spectrometry	NT=Q Exactive HF;AC=MS:1002523	NT=label free sample;AC=MS:1002038	NT=Trypsin;AC=MS:1001251	NT=Lys-C;AC=MS:1001309	NT=Carbamidomethyl;AC=UNIMOD:4;TA=C;MT=Fixed	NT=Oxidation;AC=UNIMOD:35;TA=M;MT=Variable	NT=Acetyl;AC=UNIMOD:1;PP=Protein N-term;MT=Variable	NT=Tris(2-carboxyethyl)phosphine (TCEP);AC=PRIDE:0000609	NT=Chloroacetamide (ClAA);AC=PRIDE:0000600	NT=Data-dependent acquisition;AC=PRIDE:0000627	NT=HCD;AC=MS:1000422	27 NCE	NT=orbitrap;AC=MS:1000484	4.5 ppm	20 ppm	300m/z-1650m/z	not available	1	1	cohort 1	20140501_EXQ00_MiWi_SA_A21_FR1.raw	v1.1.0	NT=ms-proteomics;VV=v1.1.0	NT=vertebrates;VV=v1.1.0	NT=sdrf-skills;VV=v0.2.0	Apoetm1Unc	16 week
D_A16_1	Mus musculus	aorta	cardiovascular system	not applicable	tissue	study sample	atherosclerosis	adult	Apoetm1Unc	male	16 week	high fat diet	no depletion	not pooled	1	D_A16_1_FR2	proteomic profiling by mass spectrometry	NT=Q Exactive HF;AC=MS:1002523	NT=label free sample;AC=MS:1002038	NT=Trypsin;AC=MS:1001251	NT=Lys-C;AC=MS:1001309	NT=Carbamidomethyl;AC=UNIMOD:4;TA=C;MT=Fixed	NT=Oxidation;AC=UNIMOD:35;TA=M;MT=Variable	NT=Acetyl;AC=UNIMOD:1;PP=Protein N-term;MT=Variable	NT=Tris(2-carboxyethyl)phosphine (TCEP);AC=PRIDE:0000609	NT=Chloroacetamide (ClAA);AC=PRIDE:0000600	NT=Data-dependent acquisition;AC=PRIDE:0000627	NT=HCD;AC=MS:1000422	27 NCE	NT=orbitrap;AC=MS:1000484	4.5 ppm	20 ppm	300m/z-1650m/z	not available	2	1	cohort 1	20140501_EXQ00_MiWi_SA_A21_FR2.raw	v1.1.0	NT=ms-proteomics;VV=v1.1.0	NT=vertebrates;VV=v1.1.0	NT=sdrf-skills;VV=v0.2.0	Apoetm1Unc	16 week
D_A16_1	Mus musculus	aorta	cardiovascular system	not applicable	tissue	study sample	atherosclerosis	adult	Apoetm1Unc	male	16 week	high fat diet	no depletion	not pooled	1	D_A16_1_FR3	proteomic profiling by mass spectrometry	NT=Q Exactive HF;AC=MS:1002523	NT=label free sample;AC=MS:1002038	NT=Trypsin;AC=MS:1001251	NT=Lys-C;AC=MS:1001309	NT=Carbamidomethyl;AC=UNIMOD:4;TA=C;MT=Fixed	NT=Oxidation;AC=UNIMOD:35;TA=M;MT=Variable	NT=Acetyl;AC=UNIMOD:1;PP=Protein N-term;MT=Variable	NT=Tris(2-carboxyethyl)phosphine (TCEP);AC=PRIDE:0000609	NT=Chloroacetamide (ClAA);AC=PRIDE:0000600	NT=Data-dependent acquisition;AC=PRIDE:0000627	NT=HCD;AC=MS:1000422	27 NCE	NT=orbitrap;AC=MS:1000484	4.5 ppm	20 ppm	300m/z-1650m/z	not available	3	1	cohort 1	20140501_EXQ00_MiWi_SA_A21_FR3.raw	v1.1.0	NT=ms-proteomics;VV=v1.1.0	NT=vertebrates;VV=v1.1.0	NT=sdrf-skills;VV=v0.2.0	Apoetm1Unc	16 week
D_A16_1	Mus musculus	aorta	cardiovascular system	not applicable	tissue	study sample	atherosclerosis	adult	Apoetm1Unc	male	16 week	high fat diet	no depletion	not pooled	1	D_A16_1_ECM	proteomic profiling by mass spectrometry	NT=Q Exactive HF;AC=MS:1002523	NT=label free sample;AC=MS:1002038	NT=Trypsin;AC=MS:1001251	NT=Lys-C;AC=MS:1001309	NT=Carbamidomethyl;AC=UNIMOD:4;TA=C;MT=Fixed	NT=Oxidation;AC=UNIMOD:35;TA=M;MT=Variable	NT=Acetyl;AC=UNIMOD:1;PP=Protein N-term;MT=Variable	NT=Tris(2-carboxyethyl)phosphine (TCEP);AC=PRIDE:0000609	NT=Chloroacetamide (ClAA);AC=PRIDE:0000600	NT=Data-dependent acquisition;AC=PRIDE:0000627	NT=HCD;AC=MS:1000422	27 NCE	NT=orbitrap;AC=MS:1000484	4.5 ppm	20 ppm	300m/z-1650m/z	not available	4	1	cohort 1	20140501_EXQ00_MiWi_SA_A21_ECM.raw	v1.1.0	NT=ms-proteomics;VV=v1.1.0	NT=vertebrates;VV=v1.1.0	NT=sdrf-skills;VV=v0.2.0	Apoetm1Unc	16 week
D_A16_2	Mus musculus	aorta	cardiovascular system	not applicable	tissue	study sample	atherosclerosis	adult	Apoetm1Unc	male	16 week	high fat diet	no depletion	not pooled	2	D_A16_2_FR1	proteomic profiling by mass spectrometry	NT=Q Exactive HF;AC=MS:1002523	NT=label free sample;AC=MS:1002038	NT=Trypsin;AC=MS:1001251	NT=Lys-C;AC=MS:1001309	NT=Carbamidomethyl;AC=UNIMOD:4;TA=C;MT=Fixed	NT=Oxidation;AC=UNIMOD:35;TA=M;MT=Variable	NT=Acetyl;AC=UNIMOD:1;PP=Protein N-term;MT=Variable	NT=Tris(2-carboxyethyl)phosphine (TCEP);AC=PRIDE:0000609	NT=Chloroacetamide (ClAA);AC=PRIDE:0000600	NT=Data-dependent acquisition;AC=PRIDE:0000627	NT=HCD;AC=MS:1000422	27 NCE	NT=orbitrap;AC=MS:1000484	4.5 ppm	20 ppm	300m/z-1650m/z	not available	1	1	cohort 1	20140501_EXQ00_MiWi_SA_A22_FR1.raw	v1.1.0	NT=ms-proteomics;VV=v1.1.0	NT=vertebrates;VV=v1.1.0	NT=sdrf-skills;VV=v0.2.0	Apoetm1Unc	16 week
D_A16_2	Mus musculus	aorta	cardiovascular system	not applicable	tissue	study sample	atherosclerosis	adult	Apoetm1Unc	male	16 week	high fat diet	no depletion	not pooled	2	D_A16_2_FR2	proteomic profiling by mass spectrometry	NT=Q Exactive HF;AC=MS:1002523	NT=label free sample;AC=MS:1002038	NT=Trypsin;AC=MS:1001251	NT=Lys-C;AC=MS:1001309	NT=Carbamidomethyl;AC=UNIMOD:4;TA=C;MT=Fixed	NT=Oxidation;AC=UNIMOD:35;TA=M;MT=Variable	NT=Acetyl;AC=UNIMOD:1;PP=Protein N-term;MT=Variable	NT=Tris(2-carboxyethyl)phosphine (TCEP);AC=PRIDE:0000609	NT=Chloroacetamide (ClAA);AC=PRIDE:0000600	NT=Data-dependent acquisition;AC=PRIDE:0000627	NT=HCD;AC=MS:1000422	27 NCE	NT=orbitrap;AC=MS:1000484	4.5 ppm	20 ppm	300m/z-1650m/z	not available	2	1	cohort 1	20140501_EXQ00_MiWi_SA_A22_FR2.raw	v1.1.0	NT=ms-proteomics;VV=v1.1.0	NT=vertebrates;VV=v1.1.0	NT=sdrf-skills;VV=v0.2.0	Apoetm1Unc	16 week
D_A16_2	Mus musculus	aorta	cardiovascular system	not applicable	tissue	study sample	atherosclerosis	adult	Apoetm1Unc	male	16 week	high fat diet	no depletion	not pooled	2	D_A16_2_FR3	proteomic profiling by mass spectrometry	NT=Q Exactive HF;AC=MS:1002523	NT=label free sample;AC=MS:1002038	NT=Trypsin;AC=MS:1001251	NT=Lys-C;AC=MS:1001309	NT=Carbamidomethyl;AC=UNIMOD:4;TA=C;MT=Fixed	NT=Oxidation;AC=UNIMOD:35;TA=M;MT=Variable	NT=Acetyl;AC=UNIMOD:1;PP=Protein N-term;MT=Variable	NT=Tris(2-carboxyethyl)phosphine (TCEP);AC=PRIDE:0000609	NT=Chloroacetamide (ClAA);AC=PRIDE:0000600	NT=Data-dependent acquisition;AC=PRIDE:0000627	NT=HCD;AC=MS:1000422	27 NCE	NT=orbitrap;AC=MS:1000484	4.5 ppm	20 ppm	300m/z-1650m/z	not available	3	1	cohort 1	20140501_EXQ00_MiWi_SA_A22_FR3.raw	v1.1.0	NT=ms-proteomics;VV=v1.1.0	NT=vertebrates;VV=v1.1.0	NT=sdrf-skills;VV=v0.2.0	Apoetm1Unc	16 week
D_A16_2	Mus musculus	aorta	cardiovascular system	not applicable	tissue	study sample	atherosclerosis	adult	Apoetm1Unc	male	16 week	high fat diet	no depletion	not pooled	2	D_A16_2_ECM	proteomic profiling by mass spectrometry	NT=Q Exactive HF;AC=MS:1002523	NT=label free sample;AC=MS:1002038	NT=Trypsin;AC=MS:1001251	NT=Lys-C;AC=MS:1001309	NT=Carbamidomethyl;AC=UNIMOD:4;TA=C;MT=Fixed	NT=Oxidation;AC=UNIMOD:35;TA=M;MT=Variable	NT=Acetyl;AC=UNIMOD:1;PP=Protein N-term;MT=Variable	NT=Tris(2-carboxyethyl)phosphine (TCEP);AC=PRIDE:0000609	NT=Chloroacetamide (ClAA);AC=PRIDE:0000600	NT=Data-dependent acquisition;AC=PRIDE:0000627	NT=HCD;AC=MS:1000422	27 NCE	NT=orbitrap;AC=MS:1000484	4.5 ppm	20 ppm	300m/z-1650m/z	not available	4	1	cohort 1	20140501_EXQ00_MiWi_SA_A22_ECM.raw	v1.1.0	NT=ms-proteomics;VV=v1.1.0	NT=vertebrates;VV=v1.1.0	NT=sdrf-skills;VV=v0.2.0	Apoetm1Unc	16 week
D_A16_3	Mus musculus	aorta	cardiovascular system	not applicable	tissue	study sample	atherosclerosis	adult	Apoetm1Unc	male	16 week	high fat diet	no depletion	not pooled	3	D_A16_3_FR1	proteomic profiling by mass spectrometry	NT=Q Exactive HF;AC=MS:1002523	NT=label free sample;AC=MS:1002038	NT=Trypsin;AC=MS:1001251	NT=Lys-C;AC=MS:1001309	NT=Carbamidomethyl;AC=UNIMOD:4;TA=C;MT=Fixed	NT=Oxidation;AC=UNIMOD:35;TA=M;MT=Variable	NT=Acetyl;AC=UNIMOD:1;PP=Protein N-term;MT=Variable	NT=Tris(2-carboxyethyl)phosphine (TCEP);AC=PRIDE:0000609	NT=Chloroacetamide (ClAA);AC=PRIDE:0000600	NT=Data-dependent acquisition;AC=PRIDE:0000627	NT=HCD;AC=MS:1000422	27 NCE	NT=orbitrap;AC=MS:1000484	4.5 ppm	20 ppm	300m/z-1650m/z	not available	1	1	cohort 1	20140908_EXQ00_MiWi_SA_A23_FR1_5.raw	v1.1.0	NT=ms-proteomics;VV=v1.1.0	NT=vertebrates;VV=v1.1.0	NT=sdrf-skills;VV=v0.2.0	Apoetm1Unc	16 week
D_A16_3	Mus musculus	aorta	cardiovascular system	not applicable	tissue	study sample	atherosclerosis	adult	Apoetm1Unc	male	16 week	high fat diet	no depletion	not pooled	3	D_A16_3_FR2	proteomic profiling by mass spectrometry	NT=Q Exactive HF;AC=MS:1002523	NT=label free sample;AC=MS:1002038	NT=Trypsin;AC=MS:1001251	NT=Lys-C;AC=MS:1001309	NT=Carbamidomethyl;AC=UNIMOD:4;TA=C;MT=Fixed	NT=Oxidation;AC=UNIMOD:35;TA=M;MT=Variable	NT=Acetyl;AC=UNIMOD:1;PP=Protein N-term;MT=Variable	NT=Tris(2-carboxyethyl)phosphine (TCEP);AC=PRIDE:0000609	NT=Chloroacetamide (ClAA);AC=PRIDE:0000600	NT=Data-dependent acquisition;AC=PRIDE:0000627	NT=HCD;AC=MS:1000422	27 NCE	NT=orbitrap;AC=MS:1000484	4.5 ppm	20 ppm	300m/z-1650m/z	not available	2	1	cohort 1	20140908_EXQ00_MiWi_SA_A23_FR2_6.raw	v1.1.0	NT=ms-proteomics;VV=v1.1.0	NT=vertebrates;VV=v1.1.0	NT=sdrf-skills;VV=v0.2.0	Apoetm1Unc	16 week
D_A16_3	Mus musculus	aorta	cardiovascular system	not applicable	tissue	study sample	atherosclerosis	adult	Apoetm1Unc	male	16 week	high fat diet	no depletion	not pooled	3	D_A16_3_FR3	proteomic profiling by mass spectrometry	NT=Q Exactive HF;AC=MS:1002523	NT=label free sample;AC=MS:1002038	NT=Trypsin;AC=MS:1001251	NT=Lys-C;AC=MS:1001309	NT=Carbamidomethyl;AC=UNIMOD:4;TA=C;MT=Fixed	NT=Oxidation;AC=UNIMOD:35;TA=M;MT=Variable	NT=Acetyl;AC=UNIMOD:1;PP=Protein N-term;MT=Variable	NT=Tris(2-carboxyethyl)phosphine (TCEP);AC=PRIDE:0000609	NT=Chloroacetamide (ClAA);AC=PRIDE:0000600	NT=Data-dependent acquisition;AC=PRIDE:0000627	NT=HCD;AC=MS:1000422	27 NCE	NT=orbitrap;AC=MS:1000484	4.5 ppm	20 ppm	300m/z-1650m/z	not available	3	1	cohort 1	20140908_EXQ00_MiWi_SA_A23_FR3_7.raw	v1.1.0	NT=ms-proteomics;VV=v1.1.0	NT=vertebrates;VV=v1.1.0	NT=sdrf-skills;VV=v0.2.0	Apoetm1Unc	16 week
D_A16_3	Mus musculus	aorta	cardiovascular system	not applicable	tissue	study sample	atherosclerosis	adult	Apoetm1Unc	male	16 week	high fat diet	no depletion	not pooled	3	D_A16_3_ECM	proteomic profiling by mass spectrometry	NT=Q Exactive HF;AC=MS:1002523	NT=label free sample;AC=MS:1002038	NT=Trypsin;AC=MS:1001251	NT=Lys-C;AC=MS:1001309	NT=Carbamidomethyl;AC=UNIMOD:4;TA=C;MT=Fixed	NT=Oxidation;AC=UNIMOD:35;TA=M;MT=Variable	NT=Acetyl;AC=UNIMOD:1;PP=Protein N-term;MT=Variable	NT=Tris(2-carboxyethyl)phosphine (TCEP);AC=PRIDE:0000609	NT=Chloroacetamide (ClAA);AC=PRIDE:0000600	NT=Data-dependent acquisition;AC=PRIDE:0000627	NT=HCD;AC=MS:1000422	27 NCE	NT=orbitrap;AC=MS:1000484	4.5 ppm	20 ppm	300m/z-1650m/z	not available	4	1	cohort 1	20140908_EXQ00_MiWi_SA_A23_ECM_8.raw	v1.1.0	NT=ms-proteomics;VV=v1.1.0	NT=vertebrates;VV=v1.1.0	NT=sdrf-skills;VV=v0.2.0	Apoetm1Unc	16 week
D_A16_4	Mus musculus	aorta	cardiovascular system	not applicable	tissue	study sample	atherosclerosis	adult	Apoetm1Unc	male	16 week	high fat diet	no depletion	not pooled	4	D_A16_4_FR1	proteomic profiling by mass spectrometry	NT=Q Exactive HF;AC=MS:1002523	NT=label free sample;AC=MS:1002038	NT=Trypsin;AC=MS:1001251	NT=Lys-C;AC=MS:1001309	NT=Carbamidomethyl;AC=UNIMOD:4;TA=C;MT=Fixed	NT=Oxidation;AC=UNIMOD:35;TA=M;MT=Variable	NT=Acetyl;AC=UNIMOD:1;PP=Protein N-term;MT=Variable	NT=Tris(2-carboxyethyl)phosphine (TCEP);AC=PRIDE:0000609	NT=Chloroacetamide (ClAA);AC=PRIDE:0000600	NT=Data-dependent acquisition;AC=PRIDE:0000627	NT=HCD;AC=MS:1000422	27 NCE	NT=orbitrap;AC=MS:1000484	4.5 ppm	20 ppm	300m/z-1650m/z	not available	1	1	cohort 1	20140908_EXQ00_MiWi_SA_A24_FR1_29.raw	v1.1.0	NT=ms-proteomics;VV=v1.1.0	NT=vertebrates;VV=v1.1.0	NT=sdrf-skills;VV=v0.2.0	Apoetm1Unc	16 week
D_A16_4	Mus musculus	aorta	cardiovascular system	not applicable	tissue	study sample	atherosclerosis	adult	Apoetm1Unc	male	16 week	high fat diet	no depletion	not pooled	4	D_A16_4_FR2	proteomic profiling by mass spectrometry	NT=Q Exactive HF;AC=MS:1002523	NT=label free sample;AC=MS:1002038	NT=Trypsin;AC=MS:1001251	NT=Lys-C;AC=MS:1001309	NT=Carbamidomethyl;AC=UNIMOD:4;TA=C;MT=Fixed	NT=Oxidation;AC=UNIMOD:35;TA=M;MT=Variable	NT=Acetyl;AC=UNIMOD:1;PP=Protein N-term;MT=Variable	NT=Tris(2-carboxyethyl)phosphine (TCEP);AC=PRIDE:0000609	NT=Chloroacetamide (ClAA);AC=PRIDE:0000600	NT=Data-dependent acquisition;AC=PRIDE:0000627	NT=HCD;AC=MS:1000422	27 NCE	NT=orbitrap;AC=MS:1000484	4.5 ppm	20 ppm	300m/z-1650m/z	not available	2	1	cohort 1	20140908_EXQ00_MiWi_SA_A24_FR2_30.raw	v1.1.0	NT=ms-proteomics;VV=v1.1.0	NT=vertebrates;VV=v1.1.0	NT=sdrf-skills;VV=v0.2.0	Apoetm1Unc	16 week
D_A16_4	Mus musculus	aorta	cardiovascular system	not applicable	tissue	study sample	atherosclerosis	adult	Apoetm1Unc	male	16 week	high fat diet	no depletion	not pooled	4	D_A16_4_FR3	proteomic profiling by mass spectrometry	NT=Q Exactive HF;AC=MS:1002523	NT=label free sample;AC=MS:1002038	NT=Trypsin;AC=MS:1001251	NT=Lys-C;AC=MS:1001309	NT=Carbamidomethyl;AC=UNIMOD:4;TA=C;MT=Fixed	NT=Oxidation;AC=UNIMOD:35;TA=M;MT=Variable	NT=Acetyl;AC=UNIMOD:1;PP=Protein N-term;MT=Variable	NT=Tris(2-carboxyethyl)phosphine (TCEP);AC=PRIDE:0000609	NT=Chloroacetamide (ClAA);AC=PRIDE:0000600	NT=Data-dependent acquisition;AC=PRIDE:0000627	NT=HCD;AC=MS:1000422	27 NCE	NT=orbitrap;AC=MS:1000484	4.5 ppm	20 ppm	300m/z-1650m/z	not available	3	1	cohort 1	20140908_EXQ00_MiWi_SA_A24_FR3_31.raw	v1.1.0	NT=ms-proteomics;VV=v1.1.0	NT=vertebrates;VV=v1.1.0	NT=sdrf-skills;VV=v0.2.0	Apoetm1Unc	16 week
D_A16_4	Mus musculus	aorta	cardiovascular system	not applicable	tissue	study sample	atherosclerosis	adult	Apoetm1Unc	male	16 week	high fat diet	no depletion	not pooled	4	D_A16_4_ECM	proteomic profiling by mass spectrometry	NT=Q Exactive HF;AC=MS:1002523	NT=label free sample;AC=MS:1002038	NT=Trypsin;AC=MS:1001251	NT=Lys-C;AC=MS:1001309	NT=Carbamidomethyl;AC=UNIMOD:4;TA=C;MT=Fixed	NT=Oxidation;AC=UNIMOD:35;TA=M;MT=Variable	NT=Acetyl;AC=UNIMOD:1;PP=Protein N-term;MT=Variable	NT=Tris(2-carboxyethyl)phosphine (TCEP);AC=PRIDE:0000609	NT=Chloroacetamide (ClAA);AC=PRIDE:0000600	NT=Data-dependent acquisition;AC=PRIDE:0000627	NT=HCD;AC=MS:1000422	27 NCE	NT=orbitrap;AC=MS:1000484	4.5 ppm	20 ppm	300m/z-1650m/z	not available	4	1	cohort 1	20140908_EXQ00_MiWi_SA_A24_ECM_32.raw	v1.1.0	NT=ms-proteomics;VV=v1.1.0	NT=vertebrates;VV=v1.1.0	NT=sdrf-skills;VV=v0.2.0	Apoetm1Unc	16 week
D_A16_5	Mus musculus	aorta	cardiovascular system	not applicable	tissue	study sample	atherosclerosis	adult	Apoetm1Unc	male	16 week	high fat diet	no depletion	not pooled	5	D_A16_5_FR1	proteomic profiling by mass spectrometry	NT=Q Exactive HF;AC=MS:1002523	NT=label free sample;AC=MS:1002038	NT=Trypsin;AC=MS:1001251	NT=Lys-C;AC=MS:1001309	NT=Carbamidomethyl;AC=UNIMOD:4;TA=C;MT=Fixed	NT=Oxidation;AC=UNIMOD:35;TA=M;MT=Variable	NT=Acetyl;AC=UNIMOD:1;PP=Protein N-term;MT=Variable	NT=Tris(2-carboxyethyl)phosphine (TCEP);AC=PRIDE:0000609	NT=Chloroacetamide (ClAA);AC=PRIDE:0000600	NT=Data-dependent acquisition;AC=PRIDE:0000627	NT=HCD;AC=MS:1000422	27 NCE	NT=orbitrap;AC=MS:1000484	4.5 ppm	20 ppm	300m/z-1650m/z	not available	1	1	cohort 1	20140908_EXQ00_MiWi_SA_A25_FR1_53.raw	v1.1.0	NT=ms-proteomics;VV=v1.1.0	NT=vertebrates;VV=v1.1.0	NT=sdrf-skills;VV=v0.2.0	Apoetm1Unc	16 week
D_A16_5	Mus musculus	aorta	cardiovascular system	not applicable	tissue	study sample	atherosclerosis	adult	Apoetm1Unc	male	16 week	high fat diet	no depletion	not pooled	5	D_A16_5_FR2	proteomic profiling by mass spectrometry	NT=Q Exactive HF;AC=MS:1002523	NT=label free sample;AC=MS:1002038	NT=Trypsin;AC=MS:1001251	NT=Lys-C;AC=MS:1001309	NT=Carbamidomethyl;AC=UNIMOD:4;TA=C;MT=Fixed	NT=Oxidation;AC=UNIMOD:35;TA=M;MT=Variable	NT=Acetyl;AC=UNIMOD:1;PP=Protein N-term;MT=Variable	NT=Tris(2-carboxyethyl)phosphine (TCEP);AC=PRIDE:0000609	NT=Chloroacetamide (ClAA);AC=PRIDE:0000600	NT=Data-dependent acquisition;AC=PRIDE:0000627	NT=HCD;AC=MS:1000422	27 NCE	NT=orbitrap;AC=MS:1000484	4.5 ppm	20 ppm	300m/z-1650m/z	not available	2	1	cohort 1	20140908_EXQ00_MiWi_SA_A25_FR2_54.raw	v1.1.0	NT=ms-proteomics;VV=v1.1.0	NT=vertebrates;VV=v1.1.0	NT=sdrf-skills;VV=v0.2.0	Apoetm1Unc	16 week
D_A16_5	Mus musculus	aorta	cardiovascular system	not applicable	tissue	study sample	atherosclerosis	adult	Apoetm1Unc	male	16 week	high fat diet	no depletion	not pooled	5	D_A16_5_FR3	proteomic profiling by mass spectrometry	NT=Q Exactive HF;AC=MS:1002523	NT=label free sample;AC=MS:1002038	NT=Trypsin;AC=MS:1001251	NT=Lys-C;AC=MS:1001309	NT=Carbamidomethyl;AC=UNIMOD:4;TA=C;MT=Fixed	NT=Oxidation;AC=UNIMOD:35;TA=M;MT=Variable	NT=Acetyl;AC=UNIMOD:1;PP=Protein N-term;MT=Variable	NT=Tris(2-carboxyethyl)phosphine (TCEP);AC=PRIDE:0000609	NT=Chloroacetamide (ClAA);AC=PRIDE:0000600	NT=Data-dependent acquisition;AC=PRIDE:0000627	NT=HCD;AC=MS:1000422	27 NCE	NT=orbitrap;AC=MS:1000484	4.5 ppm	20 ppm	300m/z-1650m/z	not available	3	1	cohort 1	20140908_EXQ00_MiWi_SA_A25_FR3_55.raw	v1.1.0	NT=ms-proteomics;VV=v1.1.0	NT=vertebrates;VV=v1.1.0	NT=sdrf-skills;VV=v0.2.0	Apoetm1Unc	16 week
D_A16_5	Mus musculus	aorta	cardiovascular system	not applicable	tissue	study sample	atherosclerosis	adult	Apoetm1Unc	male	16 week	high fat diet	no depletion	not pooled	5	D_A16_5_ECM	proteomic profiling by mass spectrometry	NT=Q Exactive HF;AC=MS:1002523	NT=label free sample;AC=MS:1002038	NT=Trypsin;AC=MS:1001251	NT=Lys-C;AC=MS:1001309	NT=Carbamidomethyl;AC=UNIMOD:4;TA=C;MT=Fixed	NT=Oxidation;AC=UNIMOD:35;TA=M;MT=Variable	NT=Acetyl;AC=UNIMOD:1;PP=Protein N-term;MT=Variable	NT=Tris(2-carboxyethyl)phosphine (TCEP);AC=PRIDE:0000609	NT=Chloroacetamide (ClAA);AC=PRIDE:0000600	NT=Data-dependent acquisition;AC=PRIDE:0000627	NT=HCD;AC=MS:1000422	27 NCE	NT=orbitrap;AC=MS:1000484	4.5 ppm	20 ppm	300m/z-1650m/z	not available	4	1	cohort 1	20140908_EXQ00_MiWi_SA_A25_ECM_56.raw	v1.1.0	NT=ms-proteomics;VV=v1.1.0	NT=vertebrates;VV=v1.1.0	NT=sdrf-skills;VV=v0.2.0	Apoetm1Unc	16 week
D_A24_1	Mus musculus	aorta	cardiovascular system	not applicable	tissue	study sample	atherosclerosis	adult	Apoetm1Unc	male	24 week	high fat diet	no depletion	not pooled	1	D_A24_1_FR1	proteomic profiling by mass spectrometry	NT=Q Exactive HF;AC=MS:1002523	NT=label free sample;AC=MS:1002038	NT=Trypsin;AC=MS:1001251	NT=Lys-C;AC=MS:1001309	NT=Carbamidomethyl;AC=UNIMOD:4;TA=C;MT=Fixed	NT=Oxidation;AC=UNIMOD:35;TA=M;MT=Variable	NT=Acetyl;AC=UNIMOD:1;PP=Protein N-term;MT=Variable	NT=Tris(2-carboxyethyl)phosphine (TCEP);AC=PRIDE:0000609	NT=Chloroacetamide (ClAA);AC=PRIDE:0000600	NT=Data-dependent acquisition;AC=PRIDE:0000627	NT=HCD;AC=MS:1000422	27 NCE	NT=orbitrap;AC=MS:1000484	4.5 ppm	20 ppm	300m/z-1650m/z	not available	1	1	cohort 1	20140501_EXQ00_MiWi_SA_A28_FR1.raw	v1.1.0	NT=ms-proteomics;VV=v1.1.0	NT=vertebrates;VV=v1.1.0	NT=sdrf-skills;VV=v0.2.0	Apoetm1Unc	24 week
D_A24_1	Mus musculus	aorta	cardiovascular system	not applicable	tissue	study sample	atherosclerosis	adult	Apoetm1Unc	male	24 week	high fat diet	no depletion	not pooled	1	D_A24_1_FR2	proteomic profiling by mass spectrometry	NT=Q Exactive HF;AC=MS:1002523	NT=label free sample;AC=MS:1002038	NT=Trypsin;AC=MS:1001251	NT=Lys-C;AC=MS:1001309	NT=Carbamidomethyl;AC=UNIMOD:4;TA=C;MT=Fixed	NT=Oxidation;AC=UNIMOD:35;TA=M;MT=Variable	NT=Acetyl;AC=UNIMOD:1;PP=Protein N-term;MT=Variable	NT=Tris(2-carboxyethyl)phosphine (TCEP);AC=PRIDE:0000609	NT=Chloroacetamide (ClAA);AC=PRIDE:0000600	NT=Data-dependent acquisition;AC=PRIDE:0000627	NT=HCD;AC=MS:1000422	27 NCE	NT=orbitrap;AC=MS:1000484	4.5 ppm	20 ppm	300m/z-1650m/z	not available	2	1	cohort 1	20140501_EXQ00_MiWi_SA_A28_FR2.raw	v1.1.0	NT=ms-proteomics;VV=v1.1.0	NT=vertebrates;VV=v1.1.0	NT=sdrf-skills;VV=v0.2.0	Apoetm1Unc	24 week
D_A24_1	Mus musculus	aorta	cardiovascular system	not applicable	tissue	study sample	atherosclerosis	adult	Apoetm1Unc	male	24 week	high fat diet	no depletion	not pooled	1	D_A24_1_FR3	proteomic profiling by mass spectrometry	NT=Q Exactive HF;AC=MS:1002523	NT=label free sample;AC=MS:1002038	NT=Trypsin;AC=MS:1001251	NT=Lys-C;AC=MS:1001309	NT=Carbamidomethyl;AC=UNIMOD:4;TA=C;MT=Fixed	NT=Oxidation;AC=UNIMOD:35;TA=M;MT=Variable	NT=Acetyl;AC=UNIMOD:1;PP=Protein N-term;MT=Variable	NT=Tris(2-carboxyethyl)phosphine (TCEP);AC=PRIDE:0000609	NT=Chloroacetamide (ClAA);AC=PRIDE:0000600	NT=Data-dependent acquisition;AC=PRIDE:0000627	NT=HCD;AC=MS:1000422	27 NCE	NT=orbitrap;AC=MS:1000484	4.5 ppm	20 ppm	300m/z-1650m/z	not available	3	1	cohort 1	20140501_EXQ00_MiWi_SA_A28_FR3.raw	v1.1.0	NT=ms-proteomics;VV=v1.1.0	NT=vertebrates;VV=v1.1.0	NT=sdrf-skills;VV=v0.2.0	Apoetm1Unc	24 week
D_A24_1	Mus musculus	aorta	cardiovascular system	not applicable	tissue	study sample	atherosclerosis	adult	Apoetm1Unc	male	24 week	high fat diet	no depletion	not pooled	1	D_A24_1_ECM	proteomic profiling by mass spectrometry	NT=Q Exactive HF;AC=MS:1002523	NT=label free sample;AC=MS:1002038	NT=Trypsin;AC=MS:1001251	NT=Lys-C;AC=MS:1001309	NT=Carbamidomethyl;AC=UNIMOD:4;TA=C;MT=Fixed	NT=Oxidation;AC=UNIMOD:35;TA=M;MT=Variable	NT=Acetyl;AC=UNIMOD:1;PP=Protein N-term;MT=Variable	NT=Tris(2-carboxyethyl)phosphine (TCEP);AC=PRIDE:0000609	NT=Chloroacetamide (ClAA);AC=PRIDE:0000600	NT=Data-dependent acquisition;AC=PRIDE:0000627	NT=HCD;AC=MS:1000422	27 NCE	NT=orbitrap;AC=MS:1000484	4.5 ppm	20 ppm	300m/z-1650m/z	not available	4	1	cohort 1	20140501_EXQ00_MiWi_SA_A28_ECM.raw	v1.1.0	NT=ms-proteomics;VV=v1.1.0	NT=vertebrates;VV=v1.1.0	NT=sdrf-skills;VV=v0.2.0	Apoetm1Unc	24 week
D_A24_2	Mus musculus	aorta	cardiovascular system	not applicable	tissue	study sample	atherosclerosis	adult	Apoetm1Unc	male	24 week	high fat diet	no depletion	not pooled	2	D_A24_2_FR1	proteomic profiling by mass spectrometry	NT=Q Exactive HF;AC=MS:1002523	NT=label free sample;AC=MS:1002038	NT=Trypsin;AC=MS:1001251	NT=Lys-C;AC=MS:1001309	NT=Carbamidomethyl;AC=UNIMOD:4;TA=C;MT=Fixed	NT=Oxidation;AC=UNIMOD:35;TA=M;MT=Variable	NT=Acetyl;AC=UNIMOD:1;PP=Protein N-term;MT=Variable	NT=Tris(2-carboxyethyl)phosphine (TCEP);AC=PRIDE:0000609	NT=Chloroacetamide (ClAA);AC=PRIDE:0000600	NT=Data-dependent acquisition;AC=PRIDE:0000627	NT=HCD;AC=MS:1000422	27 NCE	NT=orbitrap;AC=MS:1000484	4.5 ppm	20 ppm	300m/z-1650m/z	not available	1	1	cohort 1	20140908_EXQ00_MiWi_SA_A30_FR1_9.raw	v1.1.0	NT=ms-proteomics;VV=v1.1.0	NT=vertebrates;VV=v1.1.0	NT=sdrf-skills;VV=v0.2.0	Apoetm1Unc	24 week
D_A24_2	Mus musculus	aorta	cardiovascular system	not applicable	tissue	study sample	atherosclerosis	adult	Apoetm1Unc	male	24 week	high fat diet	no depletion	not pooled	2	D_A24_2_FR2	proteomic profiling by mass spectrometry	NT=Q Exactive HF;AC=MS:1002523	NT=label free sample;AC=MS:1002038	NT=Trypsin;AC=MS:1001251	NT=Lys-C;AC=MS:1001309	NT=Carbamidomethyl;AC=UNIMOD:4;TA=C;MT=Fixed	NT=Oxidation;AC=UNIMOD:35;TA=M;MT=Variable	NT=Acetyl;AC=UNIMOD:1;PP=Protein N-term;MT=Variable	NT=Tris(2-carboxyethyl)phosphine (TCEP);AC=PRIDE:0000609	NT=Chloroacetamide (ClAA);AC=PRIDE:0000600	NT=Data-dependent acquisition;AC=PRIDE:0000627	NT=HCD;AC=MS:1000422	27 NCE	NT=orbitrap;AC=MS:1000484	4.5 ppm	20 ppm	300m/z-1650m/z	not available	2	1	cohort 1	20140908_EXQ00_MiWi_SA_A30_FR2_10.raw	v1.1.0	NT=ms-proteomics;VV=v1.1.0	NT=vertebrates;VV=v1.1.0	NT=sdrf-skills;VV=v0.2.0	Apoetm1Unc	24 week
D_A24_2	Mus musculus	aorta	cardiovascular system	not applicable	tissue	study sample	atherosclerosis	adult	Apoetm1Unc	male	24 week	high fat diet	no depletion	not pooled	2	D_A24_2_FR3	proteomic profiling by mass spectrometry	NT=Q Exactive HF;AC=MS:1002523	NT=label free sample;AC=MS:1002038	NT=Trypsin;AC=MS:1001251	NT=Lys-C;AC=MS:1001309	NT=Carbamidomethyl;AC=UNIMOD:4;TA=C;MT=Fixed	NT=Oxidation;AC=UNIMOD:35;TA=M;MT=Variable	NT=Acetyl;AC=UNIMOD:1;PP=Protein N-term;MT=Variable	NT=Tris(2-carboxyethyl)phosphine (TCEP);AC=PRIDE:0000609	NT=Chloroacetamide (ClAA);AC=PRIDE:0000600	NT=Data-dependent acquisition;AC=PRIDE:0000627	NT=HCD;AC=MS:1000422	27 NCE	NT=orbitrap;AC=MS:1000484	4.5 ppm	20 ppm	300m/z-1650m/z	not available	3	1	cohort 1	20140908_EXQ00_MiWi_SA_A30_FR3_11.raw	v1.1.0	NT=ms-proteomics;VV=v1.1.0	NT=vertebrates;VV=v1.1.0	NT=sdrf-skills;VV=v0.2.0	Apoetm1Unc	24 week
D_A24_2	Mus musculus	aorta	cardiovascular system	not applicable	tissue	study sample	atherosclerosis	adult	Apoetm1Unc	male	24 week	high fat diet	no depletion	not pooled	2	D_A24_2_ECM	proteomic profiling by mass spectrometry	NT=Q Exactive HF;AC=MS:1002523	NT=label free sample;AC=MS:1002038	NT=Trypsin;AC=MS:1001251	NT=Lys-C;AC=MS:1001309	NT=Carbamidomethyl;AC=UNIMOD:4;TA=C;MT=Fixed	NT=Oxidation;AC=UNIMOD:35;TA=M;MT=Variable	NT=Acetyl;AC=UNIMOD:1;PP=Protein N-term;MT=Variable	NT=Tris(2-carboxyethyl)phosphine (TCEP);AC=PRIDE:0000609	NT=Chloroacetamide (ClAA);AC=PRIDE:0000600	NT=Data-dependent acquisition;AC=PRIDE:0000627	NT=HCD;AC=MS:1000422	27 NCE	NT=orbitrap;AC=MS:1000484	4.5 ppm	20 ppm	300m/z-1650m/z	not available	4	1	cohort 1	20140908_EXQ00_MiWi_SA_A30_ECM_12.raw	v1.1.0	NT=ms-proteomics;VV=v1.1.0	NT=vertebrates;VV=v1.1.0	NT=sdrf-skills;VV=v0.2.0	Apoetm1Unc	24 week
D_A24_3	Mus musculus	aorta	cardiovascular system	not applicable	tissue	study sample	atherosclerosis	adult	Apoetm1Unc	male	24 week	high fat diet	no depletion	not pooled	3	D_A24_3_FR1	proteomic profiling by mass spectrometry	NT=Q Exactive HF;AC=MS:1002523	NT=label free sample;AC=MS:1002038	NT=Trypsin;AC=MS:1001251	NT=Lys-C;AC=MS:1001309	NT=Carbamidomethyl;AC=UNIMOD:4;TA=C;MT=Fixed	NT=Oxidation;AC=UNIMOD:35;TA=M;MT=Variable	NT=Acetyl;AC=UNIMOD:1;PP=Protein N-term;MT=Variable	NT=Tris(2-carboxyethyl)phosphine (TCEP);AC=PRIDE:0000609	NT=Chloroacetamide (ClAA);AC=PRIDE:0000600	NT=Data-dependent acquisition;AC=PRIDE:0000627	NT=HCD;AC=MS:1000422	27 NCE	NT=orbitrap;AC=MS:1000484	4.5 ppm	20 ppm	300m/z-1650m/z	not available	1	1	cohort 1	20140908_EXQ00_MiWi_SA_A31_FR1_33.raw	v1.1.0	NT=ms-proteomics;VV=v1.1.0	NT=vertebrates;VV=v1.1.0	NT=sdrf-skills;VV=v0.2.0	Apoetm1Unc	24 week
D_A24_3	Mus musculus	aorta	cardiovascular system	not applicable	tissue	study sample	atherosclerosis	adult	Apoetm1Unc	male	24 week	high fat diet	no depletion	not pooled	3	D_A24_3_FR2	proteomic profiling by mass spectrometry	NT=Q Exactive HF;AC=MS:1002523	NT=label free sample;AC=MS:1002038	NT=Trypsin;AC=MS:1001251	NT=Lys-C;AC=MS:1001309	NT=Carbamidomethyl;AC=UNIMOD:4;TA=C;MT=Fixed	NT=Oxidation;AC=UNIMOD:35;TA=M;MT=Variable	NT=Acetyl;AC=UNIMOD:1;PP=Protein N-term;MT=Variable	NT=Tris(2-carboxyethyl)phosphine (TCEP);AC=PRIDE:0000609	NT=Chloroacetamide (ClAA);AC=PRIDE:0000600	NT=Data-dependent acquisition;AC=PRIDE:0000627	NT=HCD;AC=MS:1000422	27 NCE	NT=orbitrap;AC=MS:1000484	4.5 ppm	20 ppm	300m/z-1650m/z	not available	2	1	cohort 1	20140908_EXQ00_MiWi_SA_A31_FR2_34.raw	v1.1.0	NT=ms-proteomics;VV=v1.1.0	NT=vertebrates;VV=v1.1.0	NT=sdrf-skills;VV=v0.2.0	Apoetm1Unc	24 week
D_A24_3	Mus musculus	aorta	cardiovascular system	not applicable	tissue	study sample	atherosclerosis	adult	Apoetm1Unc	male	24 week	high fat diet	no depletion	not pooled	3	D_A24_3_FR3	proteomic profiling by mass spectrometry	NT=Q Exactive HF;AC=MS:1002523	NT=label free sample;AC=MS:1002038	NT=Trypsin;AC=MS:1001251	NT=Lys-C;AC=MS:1001309	NT=Carbamidomethyl;AC=UNIMOD:4;TA=C;MT=Fixed	NT=Oxidation;AC=UNIMOD:35;TA=M;MT=Variable	NT=Acetyl;AC=UNIMOD:1;PP=Protein N-term;MT=Variable	NT=Tris(2-carboxyethyl)phosphine (TCEP);AC=PRIDE:0000609	NT=Chloroacetamide (ClAA);AC=PRIDE:0000600	NT=Data-dependent acquisition;AC=PRIDE:0000627	NT=HCD;AC=MS:1000422	27 NCE	NT=orbitrap;AC=MS:1000484	4.5 ppm	20 ppm	300m/z-1650m/z	not available	3	1	cohort 1	20140908_EXQ00_MiWi_SA_A31_FR3_35.raw	v1.1.0	NT=ms-proteomics;VV=v1.1.0	NT=vertebrates;VV=v1.1.0	NT=sdrf-skills;VV=v0.2.0	Apoetm1Unc	24 week
D_A24_3	Mus musculus	aorta	cardiovascular system	not applicable	tissue	study sample	atherosclerosis	adult	Apoetm1Unc	male	24 week	high fat diet	no depletion	not pooled	3	D_A24_3_ECM	proteomic profiling by mass spectrometry	NT=Q Exactive HF;AC=MS:1002523	NT=label free sample;AC=MS:1002038	NT=Trypsin;AC=MS:1001251	NT=Lys-C;AC=MS:1001309	NT=Carbamidomethyl;AC=UNIMOD:4;TA=C;MT=Fixed	NT=Oxidation;AC=UNIMOD:35;TA=M;MT=Variable	NT=Acetyl;AC=UNIMOD:1;PP=Protein N-term;MT=Variable	NT=Tris(2-carboxyethyl)phosphine (TCEP);AC=PRIDE:0000609	NT=Chloroacetamide (ClAA);AC=PRIDE:0000600	NT=Data-dependent acquisition;AC=PRIDE:0000627	NT=HCD;AC=MS:1000422	27 NCE	NT=orbitrap;AC=MS:1000484	4.5 ppm	20 ppm	300m/z-1650m/z	not available	4	1	cohort 1	20140908_EXQ00_MiWi_SA_A31_ECM_36.raw	v1.1.0	NT=ms-proteomics;VV=v1.1.0	NT=vertebrates;VV=v1.1.0	NT=sdrf-skills;VV=v0.2.0	Apoetm1Unc	24 week
D_A24_4	Mus musculus	aorta	cardiovascular system	not applicable	tissue	study sample	atherosclerosis	adult	Apoetm1Unc	male	24 week	high fat diet	no depletion	not pooled	4	D_A24_4_FR1	proteomic profiling by mass spectrometry	NT=Q Exactive HF;AC=MS:1002523	NT=label free sample;AC=MS:1002038	NT=Trypsin;AC=MS:1001251	NT=Lys-C;AC=MS:1001309	NT=Carbamidomethyl;AC=UNIMOD:4;TA=C;MT=Fixed	NT=Oxidation;AC=UNIMOD:35;TA=M;MT=Variable	NT=Acetyl;AC=UNIMOD:1;PP=Protein N-term;MT=Variable	NT=Tris(2-carboxyethyl)phosphine (TCEP);AC=PRIDE:0000609	NT=Chloroacetamide (ClAA);AC=PRIDE:0000600	NT=Data-dependent acquisition;AC=PRIDE:0000627	NT=HCD;AC=MS:1000422	27 NCE	NT=orbitrap;AC=MS:1000484	4.5 ppm	20 ppm	300m/z-1650m/z	not available	1	1	cohort 1	20140501_EXQ00_MiWi_SA_A29_FR1.raw	v1.1.0	NT=ms-proteomics;VV=v1.1.0	NT=vertebrates;VV=v1.1.0	NT=sdrf-skills;VV=v0.2.0	Apoetm1Unc	24 week
D_A24_4	Mus musculus	aorta	cardiovascular system	not applicable	tissue	study sample	atherosclerosis	adult	Apoetm1Unc	male	24 week	high fat diet	no depletion	not pooled	4	D_A24_4_FR2	proteomic profiling by mass spectrometry	NT=Q Exactive HF;AC=MS:1002523	NT=label free sample;AC=MS:1002038	NT=Trypsin;AC=MS:1001251	NT=Lys-C;AC=MS:1001309	NT=Carbamidomethyl;AC=UNIMOD:4;TA=C;MT=Fixed	NT=Oxidation;AC=UNIMOD:35;TA=M;MT=Variable	NT=Acetyl;AC=UNIMOD:1;PP=Protein N-term;MT=Variable	NT=Tris(2-carboxyethyl)phosphine (TCEP);AC=PRIDE:0000609	NT=Chloroacetamide (ClAA);AC=PRIDE:0000600	NT=Data-dependent acquisition;AC=PRIDE:0000627	NT=HCD;AC=MS:1000422	27 NCE	NT=orbitrap;AC=MS:1000484	4.5 ppm	20 ppm	300m/z-1650m/z	not available	2	1	cohort 1	20140501_EXQ00_MiWi_SA_A29_FR2.raw	v1.1.0	NT=ms-proteomics;VV=v1.1.0	NT=vertebrates;VV=v1.1.0	NT=sdrf-skills;VV=v0.2.0	Apoetm1Unc	24 week
D_A24_4	Mus musculus	aorta	cardiovascular system	not applicable	tissue	study sample	atherosclerosis	adult	Apoetm1Unc	male	24 week	high fat diet	no depletion	not pooled	4	D_A24_4_FR3	proteomic profiling by mass spectrometry	NT=Q Exactive HF;AC=MS:1002523	NT=label free sample;AC=MS:1002038	NT=Trypsin;AC=MS:1001251	NT=Lys-C;AC=MS:1001309	NT=Carbamidomethyl;AC=UNIMOD:4;TA=C;MT=Fixed	NT=Oxidation;AC=UNIMOD:35;TA=M;MT=Variable	NT=Acetyl;AC=UNIMOD:1;PP=Protein N-term;MT=Variable	NT=Tris(2-carboxyethyl)phosphine (TCEP);AC=PRIDE:0000609	NT=Chloroacetamide (ClAA);AC=PRIDE:0000600	NT=Data-dependent acquisition;AC=PRIDE:0000627	NT=HCD;AC=MS:1000422	27 NCE	NT=orbitrap;AC=MS:1000484	4.5 ppm	20 ppm	300m/z-1650m/z	not available	3	1	cohort 1	20140501_EXQ00_MiWi_SA_A29_FR3_140909182820.raw	v1.1.0	NT=ms-proteomics;VV=v1.1.0	NT=vertebrates;VV=v1.1.0	NT=sdrf-skills;VV=v0.2.0	Apoetm1Unc	24 week
D_A24_4	Mus musculus	aorta	cardiovascular system	not applicable	tissue	study sample	atherosclerosis	adult	Apoetm1Unc	male	24 week	high fat diet	no depletion	not pooled	4	D_A24_4_ECM	proteomic profiling by mass spectrometry	NT=Q Exactive HF;AC=MS:1002523	NT=label free sample;AC=MS:1002038	NT=Trypsin;AC=MS:1001251	NT=Lys-C;AC=MS:1001309	NT=Carbamidomethyl;AC=UNIMOD:4;TA=C;MT=Fixed	NT=Oxidation;AC=UNIMOD:35;TA=M;MT=Variable	NT=Acetyl;AC=UNIMOD:1;PP=Protein N-term;MT=Variable	NT=Tris(2-carboxyethyl)phosphine (TCEP);AC=PRIDE:0000609	NT=Chloroacetamide (ClAA);AC=PRIDE:0000600	NT=Data-dependent acquisition;AC=PRIDE:0000627	NT=HCD;AC=MS:1000422	27 NCE	NT=orbitrap;AC=MS:1000484	4.5 ppm	20 ppm	300m/z-1650m/z	not available	4	1	cohort 1	20140501_EXQ00_MiWi_SA_A29_ECM.raw	v1.1.0	NT=ms-proteomics;VV=v1.1.0	NT=vertebrates;VV=v1.1.0	NT=sdrf-skills;VV=v0.2.0	Apoetm1Unc	24 week
D_A24_nf	Mus musculus	aorta	cardiovascular system	not applicable	tissue	study sample	not available	adult	Apoetm1Unc	male	24 week	not available	no depletion	not pooled	5	D_A24_nf_FR1	proteomic profiling by mass spectrometry	NT=Q Exactive HF;AC=MS:1002523	NT=label free sample;AC=MS:1002038	NT=Trypsin;AC=MS:1001251	NT=Lys-C;AC=MS:1001309	NT=Carbamidomethyl;AC=UNIMOD:4;TA=C;MT=Fixed	NT=Oxidation;AC=UNIMOD:35;TA=M;MT=Variable	NT=Acetyl;AC=UNIMOD:1;PP=Protein N-term;MT=Variable	NT=Tris(2-carboxyethyl)phosphine (TCEP);AC=PRIDE:0000609	NT=Chloroacetamide (ClAA);AC=PRIDE:0000600	NT=Data-dependent acquisition;AC=PRIDE:0000627	NT=HCD;AC=MS:1000422	27 NCE	NT=orbitrap;AC=MS:1000484	4.5 ppm	20 ppm	300m/z-1650m/z	not available	1	1	cohort 1	20140908_EXQ00_MiWi_SA_A27_FR1_61_141005010327.raw	v1.1.0	NT=ms-proteomics;VV=v1.1.0	NT=vertebrates;VV=v1.1.0	NT=sdrf-skills;VV=v0.2.0	Apoetm1Unc	24 week
D_A24_nf	Mus musculus	aorta	cardiovascular system	not applicable	tissue	study sample	not available	adult	Apoetm1Unc	male	24 week	not available	no depletion	not pooled	5	D_A24_nf_FR2	proteomic profiling by mass spectrometry	NT=Q Exactive HF;AC=MS:1002523	NT=label free sample;AC=MS:1002038	NT=Trypsin;AC=MS:1001251	NT=Lys-C;AC=MS:1001309	NT=Carbamidomethyl;AC=UNIMOD:4;TA=C;MT=Fixed	NT=Oxidation;AC=UNIMOD:35;TA=M;MT=Variable	NT=Acetyl;AC=UNIMOD:1;PP=Protein N-term;MT=Variable	NT=Tris(2-carboxyethyl)phosphine (TCEP);AC=PRIDE:0000609	NT=Chloroacetamide (ClAA);AC=PRIDE:0000600	NT=Data-dependent acquisition;AC=PRIDE:0000627	NT=HCD;AC=MS:1000422	27 NCE	NT=orbitrap;AC=MS:1000484	4.5 ppm	20 ppm	300m/z-1650m/z	not available	2	1	cohort 1	20140908_EXQ00_MiWi_SA_A27_FR2_62_141005032739.raw	v1.1.0	NT=ms-proteomics;VV=v1.1.0	NT=vertebrates;VV=v1.1.0	NT=sdrf-skills;VV=v0.2.0	Apoetm1Unc	24 week
D_A24_nf	Mus musculus	aorta	cardiovascular system	not applicable	tissue	study sample	not available	adult	Apoetm1Unc	male	24 week	not available	no depletion	not pooled	5	D_A24_nf_FR3	proteomic profiling by mass spectrometry	NT=Q Exactive HF;AC=MS:1002523	NT=label free sample;AC=MS:1002038	NT=Trypsin;AC=MS:1001251	NT=Lys-C;AC=MS:1001309	NT=Carbamidomethyl;AC=UNIMOD:4;TA=C;MT=Fixed	NT=Oxidation;AC=UNIMOD:35;TA=M;MT=Variable	NT=Acetyl;AC=UNIMOD:1;PP=Protein N-term;MT=Variable	NT=Tris(2-carboxyethyl)phosphine (TCEP);AC=PRIDE:0000609	NT=Chloroacetamide (ClAA);AC=PRIDE:0000600	NT=Data-dependent acquisition;AC=PRIDE:0000627	NT=HCD;AC=MS:1000422	27 NCE	NT=orbitrap;AC=MS:1000484	4.5 ppm	20 ppm	300m/z-1650m/z	not available	3	1	cohort 1	20140908_EXQ00_MiWi_SA_A27_FR3_63_141005055140.raw	v1.1.0	NT=ms-proteomics;VV=v1.1.0	NT=vertebrates;VV=v1.1.0	NT=sdrf-skills;VV=v0.2.0	Apoetm1Unc	24 week
D_A24_nf	Mus musculus	aorta	cardiovascular system	not applicable	tissue	study sample	not available	adult	Apoetm1Unc	male	24 week	not available	no depletion	not pooled	5	D_A24_nf_ECM	proteomic profiling by mass spectrometry	NT=Q Exactive HF;AC=MS:1002523	NT=label free sample;AC=MS:1002038	NT=Trypsin;AC=MS:1001251	NT=Lys-C;AC=MS:1001309	NT=Carbamidomethyl;AC=UNIMOD:4;TA=C;MT=Fixed	NT=Oxidation;AC=UNIMOD:35;TA=M;MT=Variable	NT=Acetyl;AC=UNIMOD:1;PP=Protein N-term;MT=Variable	NT=Tris(2-carboxyethyl)phosphine (TCEP);AC=PRIDE:0000609	NT=Chloroacetamide (ClAA);AC=PRIDE:0000600	NT=Data-dependent acquisition;AC=PRIDE:0000627	NT=HCD;AC=MS:1000422	27 NCE	NT=orbitrap;AC=MS:1000484	4.5 ppm	20 ppm	300m/z-1650m/z	not available	4	1	cohort 1	20140908_EXQ00_MiWi_SA_A27_ECM_64_141005110751.raw	v1.1.0	NT=ms-proteomics;VV=v1.1.0	NT=vertebrates;VV=v1.1.0	NT=sdrf-skills;VV=v0.2.0	Apoetm1Unc	24 week
D_B8_1	Mus musculus	aorta	cardiovascular system	not applicable	tissue	study sample	normal	adult	C57BL/6J	male	8 week	Standard Diet	no depletion	not pooled	1	D_B8_1_FR1	proteomic profiling by mass spectrometry	NT=Q Exactive HF;AC=MS:1002523	NT=label free sample;AC=MS:1002038	NT=Trypsin;AC=MS:1001251	NT=Lys-C;AC=MS:1001309	NT=Carbamidomethyl;AC=UNIMOD:4;TA=C;MT=Fixed	NT=Oxidation;AC=UNIMOD:35;TA=M;MT=Variable	NT=Acetyl;AC=UNIMOD:1;PP=Protein N-term;MT=Variable	NT=Tris(2-carboxyethyl)phosphine (TCEP);AC=PRIDE:0000609	NT=Chloroacetamide (ClAA);AC=PRIDE:0000600	NT=Data-dependent acquisition;AC=PRIDE:0000627	NT=HCD;AC=MS:1000422	27 NCE	NT=orbitrap;AC=MS:1000484	4.5 ppm	20 ppm	300m/z-1650m/z	not available	1	1	cohort 1	20140501_EXQ00_MiWi_SA_B1_FR1.raw	v1.1.0	NT=ms-proteomics;VV=v1.1.0	NT=vertebrates;VV=v1.1.0	NT=sdrf-skills;VV=v0.2.0	C57BL/6J	8 week
D_B8_1	Mus musculus	aorta	cardiovascular system	not applicable	tissue	study sample	normal	adult	C57BL/6J	male	8 week	Standard Diet	no depletion	not pooled	1	D_B8_1_FR2	proteomic profiling by mass spectrometry	NT=Q Exactive HF;AC=MS:1002523	NT=label free sample;AC=MS:1002038	NT=Trypsin;AC=MS:1001251	NT=Lys-C;AC=MS:1001309	NT=Carbamidomethyl;AC=UNIMOD:4;TA=C;MT=Fixed	NT=Oxidation;AC=UNIMOD:35;TA=M;MT=Variable	NT=Acetyl;AC=UNIMOD:1;PP=Protein N-term;MT=Variable	NT=Tris(2-carboxyethyl)phosphine (TCEP);AC=PRIDE:0000609	NT=Chloroacetamide (ClAA);AC=PRIDE:0000600	NT=Data-dependent acquisition;AC=PRIDE:0000627	NT=HCD;AC=MS:1000422	27 NCE	NT=orbitrap;AC=MS:1000484	4.5 ppm	20 ppm	300m/z-1650m/z	not available	2	1	cohort 1	20140501_EXQ00_MiWi_SA_B1_FR2.raw	v1.1.0	NT=ms-proteomics;VV=v1.1.0	NT=vertebrates;VV=v1.1.0	NT=sdrf-skills;VV=v0.2.0	C57BL/6J	8 week
D_B8_1	Mus musculus	aorta	cardiovascular system	not applicable	tissue	study sample	normal	adult	C57BL/6J	male	8 week	Standard Diet	no depletion	not pooled	1	D_B8_1_FR3	proteomic profiling by mass spectrometry	NT=Q Exactive HF;AC=MS:1002523	NT=label free sample;AC=MS:1002038	NT=Trypsin;AC=MS:1001251	NT=Lys-C;AC=MS:1001309	NT=Carbamidomethyl;AC=UNIMOD:4;TA=C;MT=Fixed	NT=Oxidation;AC=UNIMOD:35;TA=M;MT=Variable	NT=Acetyl;AC=UNIMOD:1;PP=Protein N-term;MT=Variable	NT=Tris(2-carboxyethyl)phosphine (TCEP);AC=PRIDE:0000609	NT=Chloroacetamide (ClAA);AC=PRIDE:0000600	NT=Data-dependent acquisition;AC=PRIDE:0000627	NT=HCD;AC=MS:1000422	27 NCE	NT=orbitrap;AC=MS:1000484	4.5 ppm	20 ppm	300m/z-1650m/z	not available	3	1	cohort 1	20140501_EXQ00_MiWi_SA_B1_FR3.raw	v1.1.0	NT=ms-proteomics;VV=v1.1.0	NT=vertebrates;VV=v1.1.0	NT=sdrf-skills;VV=v0.2.0	C57BL/6J	8 week
D_B8_1	Mus musculus	aorta	cardiovascular system	not applicable	tissue	study sample	normal	adult	C57BL/6J	male	8 week	Standard Diet	no depletion	not pooled	1	D_B8_1_ECM	proteomic profiling by mass spectrometry	NT=Q Exactive HF;AC=MS:1002523	NT=label free sample;AC=MS:1002038	NT=Trypsin;AC=MS:1001251	NT=Lys-C;AC=MS:1001309	NT=Carbamidomethyl;AC=UNIMOD:4;TA=C;MT=Fixed	NT=Oxidation;AC=UNIMOD:35;TA=M;MT=Variable	NT=Acetyl;AC=UNIMOD:1;PP=Protein N-term;MT=Variable	NT=Tris(2-carboxyethyl)phosphine (TCEP);AC=PRIDE:0000609	NT=Chloroacetamide (ClAA);AC=PRIDE:0000600	NT=Data-dependent acquisition;AC=PRIDE:0000627	NT=HCD;AC=MS:1000422	27 NCE	NT=orbitrap;AC=MS:1000484	4.5 ppm	20 ppm	300m/z-1650m/z	not available	4	1	cohort 1	20140501_EXQ00_MiWi_SA_B1_ECM.raw	v1.1.0	NT=ms-proteomics;VV=v1.1.0	NT=vertebrates;VV=v1.1.0	NT=sdrf-skills;VV=v0.2.0	C57BL/6J	8 week
D_B8_2	Mus musculus	aorta	cardiovascular system	not applicable	tissue	study sample	normal	adult	C57BL/6J	male	8 week	Standard Diet	no depletion	not pooled	2	D_B8_2_FR1	proteomic profiling by mass spectrometry	NT=Q Exactive HF;AC=MS:1002523	NT=label free sample;AC=MS:1002038	NT=Trypsin;AC=MS:1001251	NT=Lys-C;AC=MS:1001309	NT=Carbamidomethyl;AC=UNIMOD:4;TA=C;MT=Fixed	NT=Oxidation;AC=UNIMOD:35;TA=M;MT=Variable	NT=Acetyl;AC=UNIMOD:1;PP=Protein N-term;MT=Variable	NT=Tris(2-carboxyethyl)phosphine (TCEP);AC=PRIDE:0000609	NT=Chloroacetamide (ClAA);AC=PRIDE:0000600	NT=Data-dependent acquisition;AC=PRIDE:0000627	NT=HCD;AC=MS:1000422	27 NCE	NT=orbitrap;AC=MS:1000484	4.5 ppm	20 ppm	300m/z-1650m/z	not available	1	1	cohort 1	20140501_EXQ00_MiWi_SA_B2_FR1.raw	v1.1.0	NT=ms-proteomics;VV=v1.1.0	NT=vertebrates;VV=v1.1.0	NT=sdrf-skills;VV=v0.2.0	C57BL/6J	8 week
D_B8_2	Mus musculus	aorta	cardiovascular system	not applicable	tissue	study sample	normal	adult	C57BL/6J	male	8 week	Standard Diet	no depletion	not pooled	2	D_B8_2_FR2	proteomic profiling by mass spectrometry	NT=Q Exactive HF;AC=MS:1002523	NT=label free sample;AC=MS:1002038	NT=Trypsin;AC=MS:1001251	NT=Lys-C;AC=MS:1001309	NT=Carbamidomethyl;AC=UNIMOD:4;TA=C;MT=Fixed	NT=Oxidation;AC=UNIMOD:35;TA=M;MT=Variable	NT=Acetyl;AC=UNIMOD:1;PP=Protein N-term;MT=Variable	NT=Tris(2-carboxyethyl)phosphine (TCEP);AC=PRIDE:0000609	NT=Chloroacetamide (ClAA);AC=PRIDE:0000600	NT=Data-dependent acquisition;AC=PRIDE:0000627	NT=HCD;AC=MS:1000422	27 NCE	NT=orbitrap;AC=MS:1000484	4.5 ppm	20 ppm	300m/z-1650m/z	not available	2	1	cohort 1	20140501_EXQ00_MiWi_SA_B2_FR2.raw	v1.1.0	NT=ms-proteomics;VV=v1.1.0	NT=vertebrates;VV=v1.1.0	NT=sdrf-skills;VV=v0.2.0	C57BL/6J	8 week
D_B8_2	Mus musculus	aorta	cardiovascular system	not applicable	tissue	study sample	normal	adult	C57BL/6J	male	8 week	Standard Diet	no depletion	not pooled	2	D_B8_2_FR3	proteomic profiling by mass spectrometry	NT=Q Exactive HF;AC=MS:1002523	NT=label free sample;AC=MS:1002038	NT=Trypsin;AC=MS:1001251	NT=Lys-C;AC=MS:1001309	NT=Carbamidomethyl;AC=UNIMOD:4;TA=C;MT=Fixed	NT=Oxidation;AC=UNIMOD:35;TA=M;MT=Variable	NT=Acetyl;AC=UNIMOD:1;PP=Protein N-term;MT=Variable	NT=Tris(2-carboxyethyl)phosphine (TCEP);AC=PRIDE:0000609	NT=Chloroacetamide (ClAA);AC=PRIDE:0000600	NT=Data-dependent acquisition;AC=PRIDE:0000627	NT=HCD;AC=MS:1000422	27 NCE	NT=orbitrap;AC=MS:1000484	4.5 ppm	20 ppm	300m/z-1650m/z	not available	3	1	cohort 1	20140501_EXQ00_MiWi_SA_B2_FR3.raw	v1.1.0	NT=ms-proteomics;VV=v1.1.0	NT=vertebrates;VV=v1.1.0	NT=sdrf-skills;VV=v0.2.0	C57BL/6J	8 week
D_B8_2	Mus musculus	aorta	cardiovascular system	not applicable	tissue	study sample	normal	adult	C57BL/6J	male	8 week	Standard Diet	no depletion	not pooled	2	D_B8_2_ECM	proteomic profiling by mass spectrometry	NT=Q Exactive HF;AC=MS:1002523	NT=label free sample;AC=MS:1002038	NT=Trypsin;AC=MS:1001251	NT=Lys-C;AC=MS:1001309	NT=Carbamidomethyl;AC=UNIMOD:4;TA=C;MT=Fixed	NT=Oxidation;AC=UNIMOD:35;TA=M;MT=Variable	NT=Acetyl;AC=UNIMOD:1;PP=Protein N-term;MT=Variable	NT=Tris(2-carboxyethyl)phosphine (TCEP);AC=PRIDE:0000609	NT=Chloroacetamide (ClAA);AC=PRIDE:0000600	NT=Data-dependent acquisition;AC=PRIDE:0000627	NT=HCD;AC=MS:1000422	27 NCE	NT=orbitrap;AC=MS:1000484	4.5 ppm	20 ppm	300m/z-1650m/z	not available	4	1	cohort 1	20140501_EXQ00_MiWi_SA_B2_ECM.raw	v1.1.0	NT=ms-proteomics;VV=v1.1.0	NT=vertebrates;VV=v1.1.0	NT=sdrf-skills;VV=v0.2.0	C57BL/6J	8 week
D_B8_3	Mus musculus	aorta	cardiovascular system	not applicable	tissue	study sample	normal	adult	C57BL/6J	male	8 week	Standard Diet	no depletion	not pooled	3	D_B8_3_FR1	proteomic profiling by mass spectrometry	NT=Q Exactive HF;AC=MS:1002523	NT=label free sample;AC=MS:1002038	NT=Trypsin;AC=MS:1001251	NT=Lys-C;AC=MS:1001309	NT=Carbamidomethyl;AC=UNIMOD:4;TA=C;MT=Fixed	NT=Oxidation;AC=UNIMOD:35;TA=M;MT=Variable	NT=Acetyl;AC=UNIMOD:1;PP=Protein N-term;MT=Variable	NT=Tris(2-carboxyethyl)phosphine (TCEP);AC=PRIDE:0000609	NT=Chloroacetamide (ClAA);AC=PRIDE:0000600	NT=Data-dependent acquisition;AC=PRIDE:0000627	NT=HCD;AC=MS:1000422	27 NCE	NT=orbitrap;AC=MS:1000484	4.5 ppm	20 ppm	300m/z-1650m/z	not available	1	1	cohort 1	20140501_EXQ00_MiWi_SA_B3_FR1_140910010053.raw	v1.1.0	NT=ms-proteomics;VV=v1.1.0	NT=vertebrates;VV=v1.1.0	NT=sdrf-skills;VV=v0.2.0	C57BL/6J	8 week
D_B8_3	Mus musculus	aorta	cardiovascular system	not applicable	tissue	study sample	normal	adult	C57BL/6J	male	8 week	Standard Diet	no depletion	not pooled	3	D_B8_3_FR2	proteomic profiling by mass spectrometry	NT=Q Exactive HF;AC=MS:1002523	NT=label free sample;AC=MS:1002038	NT=Trypsin;AC=MS:1001251	NT=Lys-C;AC=MS:1001309	NT=Carbamidomethyl;AC=UNIMOD:4;TA=C;MT=Fixed	NT=Oxidation;AC=UNIMOD:35;TA=M;MT=Variable	NT=Acetyl;AC=UNIMOD:1;PP=Protein N-term;MT=Variable	NT=Tris(2-carboxyethyl)phosphine (TCEP);AC=PRIDE:0000609	NT=Chloroacetamide (ClAA);AC=PRIDE:0000600	NT=Data-dependent acquisition;AC=PRIDE:0000627	NT=HCD;AC=MS:1000422	27 NCE	NT=orbitrap;AC=MS:1000484	4.5 ppm	20 ppm	300m/z-1650m/z	not available	2	1	cohort 1	20140501_EXQ00_MiWi_SA_B3_FR2.raw	v1.1.0	NT=ms-proteomics;VV=v1.1.0	NT=vertebrates;VV=v1.1.0	NT=sdrf-skills;VV=v0.2.0	C57BL/6J	8 week
D_B8_3	Mus musculus	aorta	cardiovascular system	not applicable	tissue	study sample	normal	adult	C57BL/6J	male	8 week	Standard Diet	no depletion	not pooled	3	D_B8_3_FR3	proteomic profiling by mass spectrometry	NT=Q Exactive HF;AC=MS:1002523	NT=label free sample;AC=MS:1002038	NT=Trypsin;AC=MS:1001251	NT=Lys-C;AC=MS:1001309	NT=Carbamidomethyl;AC=UNIMOD:4;TA=C;MT=Fixed	NT=Oxidation;AC=UNIMOD:35;TA=M;MT=Variable	NT=Acetyl;AC=UNIMOD:1;PP=Protein N-term;MT=Variable	NT=Tris(2-carboxyethyl)phosphine (TCEP);AC=PRIDE:0000609	NT=Chloroacetamide (ClAA);AC=PRIDE:0000600	NT=Data-dependent acquisition;AC=PRIDE:0000627	NT=HCD;AC=MS:1000422	27 NCE	NT=orbitrap;AC=MS:1000484	4.5 ppm	20 ppm	300m/z-1650m/z	not available	3	1	cohort 1	20140501_EXQ00_MiWi_SA_B3_FR3.raw	v1.1.0	NT=ms-proteomics;VV=v1.1.0	NT=vertebrates;VV=v1.1.0	NT=sdrf-skills;VV=v0.2.0	C57BL/6J	8 week
D_B8_3	Mus musculus	aorta	cardiovascular system	not applicable	tissue	study sample	normal	adult	C57BL/6J	male	8 week	Standard Diet	no depletion	not pooled	3	D_B8_3_ECM	proteomic profiling by mass spectrometry	NT=Q Exactive HF;AC=MS:1002523	NT=label free sample;AC=MS:1002038	NT=Trypsin;AC=MS:1001251	NT=Lys-C;AC=MS:1001309	NT=Carbamidomethyl;AC=UNIMOD:4;TA=C;MT=Fixed	NT=Oxidation;AC=UNIMOD:35;TA=M;MT=Variable	NT=Acetyl;AC=UNIMOD:1;PP=Protein N-term;MT=Variable	NT=Tris(2-carboxyethyl)phosphine (TCEP);AC=PRIDE:0000609	NT=Chloroacetamide (ClAA);AC=PRIDE:0000600	NT=Data-dependent acquisition;AC=PRIDE:0000627	NT=HCD;AC=MS:1000422	27 NCE	NT=orbitrap;AC=MS:1000484	4.5 ppm	20 ppm	300m/z-1650m/z	not available	4	1	cohort 1	20140501_EXQ00_MiWi_SA_B3_ECM.raw	v1.1.0	NT=ms-proteomics;VV=v1.1.0	NT=vertebrates;VV=v1.1.0	NT=sdrf-skills;VV=v0.2.0	C57BL/6J	8 week
D_B8_4	Mus musculus	aorta	cardiovascular system	not applicable	tissue	study sample	normal	adult	C57BL/6J	male	8 week	Standard Diet	no depletion	not pooled	4	D_B8_4_FR1	proteomic profiling by mass spectrometry	NT=Q Exactive HF;AC=MS:1002523	NT=label free sample;AC=MS:1002038	NT=Trypsin;AC=MS:1001251	NT=Lys-C;AC=MS:1001309	NT=Carbamidomethyl;AC=UNIMOD:4;TA=C;MT=Fixed	NT=Oxidation;AC=UNIMOD:35;TA=M;MT=Variable	NT=Acetyl;AC=UNIMOD:1;PP=Protein N-term;MT=Variable	NT=Tris(2-carboxyethyl)phosphine (TCEP);AC=PRIDE:0000609	NT=Chloroacetamide (ClAA);AC=PRIDE:0000600	NT=Data-dependent acquisition;AC=PRIDE:0000627	NT=HCD;AC=MS:1000422	27 NCE	NT=orbitrap;AC=MS:1000484	4.5 ppm	20 ppm	300m/z-1650m/z	not available	1	1	cohort 1	20140908_EXQ00_MiWi_SA_B4_FR1_13.raw	v1.1.0	NT=ms-proteomics;VV=v1.1.0	NT=vertebrates;VV=v1.1.0	NT=sdrf-skills;VV=v0.2.0	C57BL/6J	8 week
D_B8_4	Mus musculus	aorta	cardiovascular system	not applicable	tissue	study sample	normal	adult	C57BL/6J	male	8 week	Standard Diet	no depletion	not pooled	4	D_B8_4_FR2	proteomic profiling by mass spectrometry	NT=Q Exactive HF;AC=MS:1002523	NT=label free sample;AC=MS:1002038	NT=Trypsin;AC=MS:1001251	NT=Lys-C;AC=MS:1001309	NT=Carbamidomethyl;AC=UNIMOD:4;TA=C;MT=Fixed	NT=Oxidation;AC=UNIMOD:35;TA=M;MT=Variable	NT=Acetyl;AC=UNIMOD:1;PP=Protein N-term;MT=Variable	NT=Tris(2-carboxyethyl)phosphine (TCEP);AC=PRIDE:0000609	NT=Chloroacetamide (ClAA);AC=PRIDE:0000600	NT=Data-dependent acquisition;AC=PRIDE:0000627	NT=HCD;AC=MS:1000422	27 NCE	NT=orbitrap;AC=MS:1000484	4.5 ppm	20 ppm	300m/z-1650m/z	not available	2	1	cohort 1	20140908_EXQ00_MiWi_SA_B4_FR2_14.raw	v1.1.0	NT=ms-proteomics;VV=v1.1.0	NT=vertebrates;VV=v1.1.0	NT=sdrf-skills;VV=v0.2.0	C57BL/6J	8 week
D_B8_4	Mus musculus	aorta	cardiovascular system	not applicable	tissue	study sample	normal	adult	C57BL/6J	male	8 week	Standard Diet	no depletion	not pooled	4	D_B8_4_FR3	proteomic profiling by mass spectrometry	NT=Q Exactive HF;AC=MS:1002523	NT=label free sample;AC=MS:1002038	NT=Trypsin;AC=MS:1001251	NT=Lys-C;AC=MS:1001309	NT=Carbamidomethyl;AC=UNIMOD:4;TA=C;MT=Fixed	NT=Oxidation;AC=UNIMOD:35;TA=M;MT=Variable	NT=Acetyl;AC=UNIMOD:1;PP=Protein N-term;MT=Variable	NT=Tris(2-carboxyethyl)phosphine (TCEP);AC=PRIDE:0000609	NT=Chloroacetamide (ClAA);AC=PRIDE:0000600	NT=Data-dependent acquisition;AC=PRIDE:0000627	NT=HCD;AC=MS:1000422	27 NCE	NT=orbitrap;AC=MS:1000484	4.5 ppm	20 ppm	300m/z-1650m/z	not available	3	1	cohort 1	20140908_EXQ00_MiWi_SA_B4_FR3_15.raw	v1.1.0	NT=ms-proteomics;VV=v1.1.0	NT=vertebrates;VV=v1.1.0	NT=sdrf-skills;VV=v0.2.0	C57BL/6J	8 week
D_B8_4	Mus musculus	aorta	cardiovascular system	not applicable	tissue	study sample	normal	adult	C57BL/6J	male	8 week	Standard Diet	no depletion	not pooled	4	D_B8_4_ECM	proteomic profiling by mass spectrometry	NT=Q Exactive HF;AC=MS:1002523	NT=label free sample;AC=MS:1002038	NT=Trypsin;AC=MS:1001251	NT=Lys-C;AC=MS:1001309	NT=Carbamidomethyl;AC=UNIMOD:4;TA=C;MT=Fixed	NT=Oxidation;AC=UNIMOD:35;TA=M;MT=Variable	NT=Acetyl;AC=UNIMOD:1;PP=Protein N-term;MT=Variable	NT=Tris(2-carboxyethyl)phosphine (TCEP);AC=PRIDE:0000609	NT=Chloroacetamide (ClAA);AC=PRIDE:0000600	NT=Data-dependent acquisition;AC=PRIDE:0000627	NT=HCD;AC=MS:1000422	27 NCE	NT=orbitrap;AC=MS:1000484	4.5 ppm	20 ppm	300m/z-1650m/z	not available	4	1	cohort 1	20140908_EXQ00_MiWi_SA_B4_ECM_16.raw	v1.1.0	NT=ms-proteomics;VV=v1.1.0	NT=vertebrates;VV=v1.1.0	NT=sdrf-skills;VV=v0.2.0	C57BL/6J	8 week
D_B8_5	Mus musculus	aorta	cardiovascular system	not applicable	tissue	study sample	normal	adult	C57BL/6J	male	8 week	Standard Diet	no depletion	not pooled	5	D_B8_5_FR1	proteomic profiling by mass spectrometry	NT=Q Exactive HF;AC=MS:1002523	NT=label free sample;AC=MS:1002038	NT=Trypsin;AC=MS:1001251	NT=Lys-C;AC=MS:1001309	NT=Carbamidomethyl;AC=UNIMOD:4;TA=C;MT=Fixed	NT=Oxidation;AC=UNIMOD:35;TA=M;MT=Variable	NT=Acetyl;AC=UNIMOD:1;PP=Protein N-term;MT=Variable	NT=Tris(2-carboxyethyl)phosphine (TCEP);AC=PRIDE:0000609	NT=Chloroacetamide (ClAA);AC=PRIDE:0000600	NT=Data-dependent acquisition;AC=PRIDE:0000627	NT=HCD;AC=MS:1000422	27 NCE	NT=orbitrap;AC=MS:1000484	4.5 ppm	20 ppm	300m/z-1650m/z	not available	1	1	cohort 1	20140908_EXQ00_MiWi_SA_B5_FR1_37.raw	v1.1.0	NT=ms-proteomics;VV=v1.1.0	NT=vertebrates;VV=v1.1.0	NT=sdrf-skills;VV=v0.2.0	C57BL/6J	8 week
D_B8_5	Mus musculus	aorta	cardiovascular system	not applicable	tissue	study sample	normal	adult	C57BL/6J	male	8 week	Standard Diet	no depletion	not pooled	5	D_B8_5_FR2	proteomic profiling by mass spectrometry	NT=Q Exactive HF;AC=MS:1002523	NT=label free sample;AC=MS:1002038	NT=Trypsin;AC=MS:1001251	NT=Lys-C;AC=MS:1001309	NT=Carbamidomethyl;AC=UNIMOD:4;TA=C;MT=Fixed	NT=Oxidation;AC=UNIMOD:35;TA=M;MT=Variable	NT=Acetyl;AC=UNIMOD:1;PP=Protein N-term;MT=Variable	NT=Tris(2-carboxyethyl)phosphine (TCEP);AC=PRIDE:0000609	NT=Chloroacetamide (ClAA);AC=PRIDE:0000600	NT=Data-dependent acquisition;AC=PRIDE:0000627	NT=HCD;AC=MS:1000422	27 NCE	NT=orbitrap;AC=MS:1000484	4.5 ppm	20 ppm	300m/z-1650m/z	not available	2	1	cohort 1	20140908_EXQ00_MiWi_SA_B5_FR2_38.raw	v1.1.0	NT=ms-proteomics;VV=v1.1.0	NT=vertebrates;VV=v1.1.0	NT=sdrf-skills;VV=v0.2.0	C57BL/6J	8 week
D_B8_5	Mus musculus	aorta	cardiovascular system	not applicable	tissue	study sample	normal	adult	C57BL/6J	male	8 week	Standard Diet	no depletion	not pooled	5	D_B8_5_FR3	proteomic profiling by mass spectrometry	NT=Q Exactive HF;AC=MS:1002523	NT=label free sample;AC=MS:1002038	NT=Trypsin;AC=MS:1001251	NT=Lys-C;AC=MS:1001309	NT=Carbamidomethyl;AC=UNIMOD:4;TA=C;MT=Fixed	NT=Oxidation;AC=UNIMOD:35;TA=M;MT=Variable	NT=Acetyl;AC=UNIMOD:1;PP=Protein N-term;MT=Variable	NT=Tris(2-carboxyethyl)phosphine (TCEP);AC=PRIDE:0000609	NT=Chloroacetamide (ClAA);AC=PRIDE:0000600	NT=Data-dependent acquisition;AC=PRIDE:0000627	NT=HCD;AC=MS:1000422	27 NCE	NT=orbitrap;AC=MS:1000484	4.5 ppm	20 ppm	300m/z-1650m/z	not available	3	1	cohort 1	20140908_EXQ00_MiWi_SA_B5_FR3_39.raw	v1.1.0	NT=ms-proteomics;VV=v1.1.0	NT=vertebrates;VV=v1.1.0	NT=sdrf-skills;VV=v0.2.0	C57BL/6J	8 week
D_B8_5	Mus musculus	aorta	cardiovascular system	not applicable	tissue	study sample	normal	adult	C57BL/6J	male	8 week	Standard Diet	no depletion	not pooled	5	D_B8_5_ECM	proteomic profiling by mass spectrometry	NT=Q Exactive HF;AC=MS:1002523	NT=label free sample;AC=MS:1002038	NT=Trypsin;AC=MS:1001251	NT=Lys-C;AC=MS:1001309	NT=Carbamidomethyl;AC=UNIMOD:4;TA=C;MT=Fixed	NT=Oxidation;AC=UNIMOD:35;TA=M;MT=Variable	NT=Acetyl;AC=UNIMOD:1;PP=Protein N-term;MT=Variable	NT=Tris(2-carboxyethyl)phosphine (TCEP);AC=PRIDE:0000609	NT=Chloroacetamide (ClAA);AC=PRIDE:0000600	NT=Data-dependent acquisition;AC=PRIDE:0000627	NT=HCD;AC=MS:1000422	27 NCE	NT=orbitrap;AC=MS:1000484	4.5 ppm	20 ppm	300m/z-1650m/z	not available	4	1	cohort 1	20140908_EXQ00_MiWi_SA_B5_ECM_40.raw	v1.1.0	NT=ms-proteomics;VV=v1.1.0	NT=vertebrates;VV=v1.1.0	NT=sdrf-skills;VV=v0.2.0	C57BL/6J	8 week
D_B16_1	Mus musculus	aorta	cardiovascular system	not applicable	tissue	study sample	normal	adult	C57BL/6J	male	16 week	Standard Diet	no depletion	not pooled	1	D_B16_1_FR1	proteomic profiling by mass spectrometry	NT=Q Exactive HF;AC=MS:1002523	NT=label free sample;AC=MS:1002038	NT=Trypsin;AC=MS:1001251	NT=Lys-C;AC=MS:1001309	NT=Carbamidomethyl;AC=UNIMOD:4;TA=C;MT=Fixed	NT=Oxidation;AC=UNIMOD:35;TA=M;MT=Variable	NT=Acetyl;AC=UNIMOD:1;PP=Protein N-term;MT=Variable	NT=Tris(2-carboxyethyl)phosphine (TCEP);AC=PRIDE:0000609	NT=Chloroacetamide (ClAA);AC=PRIDE:0000600	NT=Data-dependent acquisition;AC=PRIDE:0000627	NT=HCD;AC=MS:1000422	27 NCE	NT=orbitrap;AC=MS:1000484	4.5 ppm	20 ppm	300m/z-1650m/z	not available	1	1	cohort 1	20140501_EXQ00_MiWi_SA_B6_FR1.raw	v1.1.0	NT=ms-proteomics;VV=v1.1.0	NT=vertebrates;VV=v1.1.0	NT=sdrf-skills;VV=v0.2.0	C57BL/6J	16 week
D_B16_1	Mus musculus	aorta	cardiovascular system	not applicable	tissue	study sample	normal	adult	C57BL/6J	male	16 week	Standard Diet	no depletion	not pooled	1	D_B16_1_FR2	proteomic profiling by mass spectrometry	NT=Q Exactive HF;AC=MS:1002523	NT=label free sample;AC=MS:1002038	NT=Trypsin;AC=MS:1001251	NT=Lys-C;AC=MS:1001309	NT=Carbamidomethyl;AC=UNIMOD:4;TA=C;MT=Fixed	NT=Oxidation;AC=UNIMOD:35;TA=M;MT=Variable	NT=Acetyl;AC=UNIMOD:1;PP=Protein N-term;MT=Variable	NT=Tris(2-carboxyethyl)phosphine (TCEP);AC=PRIDE:0000609	NT=Chloroacetamide (ClAA);AC=PRIDE:0000600	NT=Data-dependent acquisition;AC=PRIDE:0000627	NT=HCD;AC=MS:1000422	27 NCE	NT=orbitrap;AC=MS:1000484	4.5 ppm	20 ppm	300m/z-1650m/z	not available	2	1	cohort 1	20140501_EXQ00_MiWi_SA_B6_FR2.raw	v1.1.0	NT=ms-proteomics;VV=v1.1.0	NT=vertebrates;VV=v1.1.0	NT=sdrf-skills;VV=v0.2.0	C57BL/6J	16 week
D_B16_1	Mus musculus	aorta	cardiovascular system	not applicable	tissue	study sample	normal	adult	C57BL/6J	male	16 week	Standard Diet	no depletion	not pooled	1	D_B16_1_FR3	proteomic profiling by mass spectrometry	NT=Q Exactive HF;AC=MS:1002523	NT=label free sample;AC=MS:1002038	NT=Trypsin;AC=MS:1001251	NT=Lys-C;AC=MS:1001309	NT=Carbamidomethyl;AC=UNIMOD:4;TA=C;MT=Fixed	NT=Oxidation;AC=UNIMOD:35;TA=M;MT=Variable	NT=Acetyl;AC=UNIMOD:1;PP=Protein N-term;MT=Variable	NT=Tris(2-carboxyethyl)phosphine (TCEP);AC=PRIDE:0000609	NT=Chloroacetamide (ClAA);AC=PRIDE:0000600	NT=Data-dependent acquisition;AC=PRIDE:0000627	NT=HCD;AC=MS:1000422	27 NCE	NT=orbitrap;AC=MS:1000484	4.5 ppm	20 ppm	300m/z-1650m/z	not available	3	1	cohort 1	20140501_EXQ00_MiWi_SA_B6_FR3.raw	v1.1.0	NT=ms-proteomics;VV=v1.1.0	NT=vertebrates;VV=v1.1.0	NT=sdrf-skills;VV=v0.2.0	C57BL/6J	16 week
D_B16_1	Mus musculus	aorta	cardiovascular system	not applicable	tissue	study sample	normal	adult	C57BL/6J	male	16 week	Standard Diet	no depletion	not pooled	1	D_B16_1_ECM	proteomic profiling by mass spectrometry	NT=Q Exactive HF;AC=MS:1002523	NT=label free sample;AC=MS:1002038	NT=Trypsin;AC=MS:1001251	NT=Lys-C;AC=MS:1001309	NT=Carbamidomethyl;AC=UNIMOD:4;TA=C;MT=Fixed	NT=Oxidation;AC=UNIMOD:35;TA=M;MT=Variable	NT=Acetyl;AC=UNIMOD:1;PP=Protein N-term;MT=Variable	NT=Tris(2-carboxyethyl)phosphine (TCEP);AC=PRIDE:0000609	NT=Chloroacetamide (ClAA);AC=PRIDE:0000600	NT=Data-dependent acquisition;AC=PRIDE:0000627	NT=HCD;AC=MS:1000422	27 NCE	NT=orbitrap;AC=MS:1000484	4.5 ppm	20 ppm	300m/z-1650m/z	not available	4	1	cohort 1	20140501_EXQ00_MiWi_SA_B6_ECM.raw	v1.1.0	NT=ms-proteomics;VV=v1.1.0	NT=vertebrates;VV=v1.1.0	NT=sdrf-skills;VV=v0.2.0	C57BL/6J	16 week
D_B16_2	Mus musculus	aorta	cardiovascular system	not applicable	tissue	study sample	normal	adult	C57BL/6J	male	16 week	Standard Diet	no depletion	not pooled	2	D_B16_2_FR1	proteomic profiling by mass spectrometry	NT=Q Exactive HF;AC=MS:1002523	NT=label free sample;AC=MS:1002038	NT=Trypsin;AC=MS:1001251	NT=Lys-C;AC=MS:1001309	NT=Carbamidomethyl;AC=UNIMOD:4;TA=C;MT=Fixed	NT=Oxidation;AC=UNIMOD:35;TA=M;MT=Variable	NT=Acetyl;AC=UNIMOD:1;PP=Protein N-term;MT=Variable	NT=Tris(2-carboxyethyl)phosphine (TCEP);AC=PRIDE:0000609	NT=Chloroacetamide (ClAA);AC=PRIDE:0000600	NT=Data-dependent acquisition;AC=PRIDE:0000627	NT=HCD;AC=MS:1000422	27 NCE	NT=orbitrap;AC=MS:1000484	4.5 ppm	20 ppm	300m/z-1650m/z	not available	1	1	cohort 1	20140501_EXQ00_MiWi_SA_B7_FR1.raw	v1.1.0	NT=ms-proteomics;VV=v1.1.0	NT=vertebrates;VV=v1.1.0	NT=sdrf-skills;VV=v0.2.0	C57BL/6J	16 week
D_B16_2	Mus musculus	aorta	cardiovascular system	not applicable	tissue	study sample	normal	adult	C57BL/6J	male	16 week	Standard Diet	no depletion	not pooled	2	D_B16_2_FR2	proteomic profiling by mass spectrometry	NT=Q Exactive HF;AC=MS:1002523	NT=label free sample;AC=MS:1002038	NT=Trypsin;AC=MS:1001251	NT=Lys-C;AC=MS:1001309	NT=Carbamidomethyl;AC=UNIMOD:4;TA=C;MT=Fixed	NT=Oxidation;AC=UNIMOD:35;TA=M;MT=Variable	NT=Acetyl;AC=UNIMOD:1;PP=Protein N-term;MT=Variable	NT=Tris(2-carboxyethyl)phosphine (TCEP);AC=PRIDE:0000609	NT=Chloroacetamide (ClAA);AC=PRIDE:0000600	NT=Data-dependent acquisition;AC=PRIDE:0000627	NT=HCD;AC=MS:1000422	27 NCE	NT=orbitrap;AC=MS:1000484	4.5 ppm	20 ppm	300m/z-1650m/z	not available	2	1	cohort 1	20140501_EXQ00_MiWi_SA_B7_FR2.raw	v1.1.0	NT=ms-proteomics;VV=v1.1.0	NT=vertebrates;VV=v1.1.0	NT=sdrf-skills;VV=v0.2.0	C57BL/6J	16 week
D_B16_2	Mus musculus	aorta	cardiovascular system	not applicable	tissue	study sample	normal	adult	C57BL/6J	male	16 week	Standard Diet	no depletion	not pooled	2	D_B16_2_FR3	proteomic profiling by mass spectrometry	NT=Q Exactive HF;AC=MS:1002523	NT=label free sample;AC=MS:1002038	NT=Trypsin;AC=MS:1001251	NT=Lys-C;AC=MS:1001309	NT=Carbamidomethyl;AC=UNIMOD:4;TA=C;MT=Fixed	NT=Oxidation;AC=UNIMOD:35;TA=M;MT=Variable	NT=Acetyl;AC=UNIMOD:1;PP=Protein N-term;MT=Variable	NT=Tris(2-carboxyethyl)phosphine (TCEP);AC=PRIDE:0000609	NT=Chloroacetamide (ClAA);AC=PRIDE:0000600	NT=Data-dependent acquisition;AC=PRIDE:0000627	NT=HCD;AC=MS:1000422	27 NCE	NT=orbitrap;AC=MS:1000484	4.5 ppm	20 ppm	300m/z-1650m/z	not available	3	1	cohort 1	20140501_EXQ00_MiWi_SA_B7_FR3.raw	v1.1.0	NT=ms-proteomics;VV=v1.1.0	NT=vertebrates;VV=v1.1.0	NT=sdrf-skills;VV=v0.2.0	C57BL/6J	16 week
D_B16_2	Mus musculus	aorta	cardiovascular system	not applicable	tissue	study sample	normal	adult	C57BL/6J	male	16 week	Standard Diet	no depletion	not pooled	2	D_B16_2_ECM	proteomic profiling by mass spectrometry	NT=Q Exactive HF;AC=MS:1002523	NT=label free sample;AC=MS:1002038	NT=Trypsin;AC=MS:1001251	NT=Lys-C;AC=MS:1001309	NT=Carbamidomethyl;AC=UNIMOD:4;TA=C;MT=Fixed	NT=Oxidation;AC=UNIMOD:35;TA=M;MT=Variable	NT=Acetyl;AC=UNIMOD:1;PP=Protein N-term;MT=Variable	NT=Tris(2-carboxyethyl)phosphine (TCEP);AC=PRIDE:0000609	NT=Chloroacetamide (ClAA);AC=PRIDE:0000600	NT=Data-dependent acquisition;AC=PRIDE:0000627	NT=HCD;AC=MS:1000422	27 NCE	NT=orbitrap;AC=MS:1000484	4.5 ppm	20 ppm	300m/z-1650m/z	not available	4	1	cohort 1	20140501_EXQ00_MiWi_SA_B7_ECM.raw	v1.1.0	NT=ms-proteomics;VV=v1.1.0	NT=vertebrates;VV=v1.1.0	NT=sdrf-skills;VV=v0.2.0	C57BL/6J	16 week
D_B16_3	Mus musculus	aorta	cardiovascular system	not applicable	tissue	study sample	normal	adult	C57BL/6J	male	16 week	Standard Diet	no depletion	not pooled	3	D_B16_3_FR1	proteomic profiling by mass spectrometry	NT=Q Exactive HF;AC=MS:1002523	NT=label free sample;AC=MS:1002038	NT=Trypsin;AC=MS:1001251	NT=Lys-C;AC=MS:1001309	NT=Carbamidomethyl;AC=UNIMOD:4;TA=C;MT=Fixed	NT=Oxidation;AC=UNIMOD:35;TA=M;MT=Variable	NT=Acetyl;AC=UNIMOD:1;PP=Protein N-term;MT=Variable	NT=Tris(2-carboxyethyl)phosphine (TCEP);AC=PRIDE:0000609	NT=Chloroacetamide (ClAA);AC=PRIDE:0000600	NT=Data-dependent acquisition;AC=PRIDE:0000627	NT=HCD;AC=MS:1000422	27 NCE	NT=orbitrap;AC=MS:1000484	4.5 ppm	20 ppm	300m/z-1650m/z	not available	1	1	cohort 1	20140501_EXQ00_MiWi_SA_B8_FR1_140910233649.raw	v1.1.0	NT=ms-proteomics;VV=v1.1.0	NT=vertebrates;VV=v1.1.0	NT=sdrf-skills;VV=v0.2.0	C57BL/6J	16 week
D_B16_3	Mus musculus	aorta	cardiovascular system	not applicable	tissue	study sample	normal	adult	C57BL/6J	male	16 week	Standard Diet	no depletion	not pooled	3	D_B16_3_FR2	proteomic profiling by mass spectrometry	NT=Q Exactive HF;AC=MS:1002523	NT=label free sample;AC=MS:1002038	NT=Trypsin;AC=MS:1001251	NT=Lys-C;AC=MS:1001309	NT=Carbamidomethyl;AC=UNIMOD:4;TA=C;MT=Fixed	NT=Oxidation;AC=UNIMOD:35;TA=M;MT=Variable	NT=Acetyl;AC=UNIMOD:1;PP=Protein N-term;MT=Variable	NT=Tris(2-carboxyethyl)phosphine (TCEP);AC=PRIDE:0000609	NT=Chloroacetamide (ClAA);AC=PRIDE:0000600	NT=Data-dependent acquisition;AC=PRIDE:0000627	NT=HCD;AC=MS:1000422	27 NCE	NT=orbitrap;AC=MS:1000484	4.5 ppm	20 ppm	300m/z-1650m/z	not available	2	1	cohort 1	20140501_EXQ00_MiWi_SA_B8_FR2_140911024922.raw	v1.1.0	NT=ms-proteomics;VV=v1.1.0	NT=vertebrates;VV=v1.1.0	NT=sdrf-skills;VV=v0.2.0	C57BL/6J	16 week
D_B16_3	Mus musculus	aorta	cardiovascular system	not applicable	tissue	study sample	normal	adult	C57BL/6J	male	16 week	Standard Diet	no depletion	not pooled	3	D_B16_3_FR3	proteomic profiling by mass spectrometry	NT=Q Exactive HF;AC=MS:1002523	NT=label free sample;AC=MS:1002038	NT=Trypsin;AC=MS:1001251	NT=Lys-C;AC=MS:1001309	NT=Carbamidomethyl;AC=UNIMOD:4;TA=C;MT=Fixed	NT=Oxidation;AC=UNIMOD:35;TA=M;MT=Variable	NT=Acetyl;AC=UNIMOD:1;PP=Protein N-term;MT=Variable	NT=Tris(2-carboxyethyl)phosphine (TCEP);AC=PRIDE:0000609	NT=Chloroacetamide (ClAA);AC=PRIDE:0000600	NT=Data-dependent acquisition;AC=PRIDE:0000627	NT=HCD;AC=MS:1000422	27 NCE	NT=orbitrap;AC=MS:1000484	4.5 ppm	20 ppm	300m/z-1650m/z	not available	3	1	cohort 1	20140501_EXQ00_MiWi_SA_B8_FR3.raw	v1.1.0	NT=ms-proteomics;VV=v1.1.0	NT=vertebrates;VV=v1.1.0	NT=sdrf-skills;VV=v0.2.0	C57BL/6J	16 week
D_B16_3	Mus musculus	aorta	cardiovascular system	not applicable	tissue	study sample	normal	adult	C57BL/6J	male	16 week	Standard Diet	no depletion	not pooled	3	D_B16_3_ECM	proteomic profiling by mass spectrometry	NT=Q Exactive HF;AC=MS:1002523	NT=label free sample;AC=MS:1002038	NT=Trypsin;AC=MS:1001251	NT=Lys-C;AC=MS:1001309	NT=Carbamidomethyl;AC=UNIMOD:4;TA=C;MT=Fixed	NT=Oxidation;AC=UNIMOD:35;TA=M;MT=Variable	NT=Acetyl;AC=UNIMOD:1;PP=Protein N-term;MT=Variable	NT=Tris(2-carboxyethyl)phosphine (TCEP);AC=PRIDE:0000609	NT=Chloroacetamide (ClAA);AC=PRIDE:0000600	NT=Data-dependent acquisition;AC=PRIDE:0000627	NT=HCD;AC=MS:1000422	27 NCE	NT=orbitrap;AC=MS:1000484	4.5 ppm	20 ppm	300m/z-1650m/z	not available	4	1	cohort 1	20140501_EXQ00_MiWi_SA_B8_ECM.raw	v1.1.0	NT=ms-proteomics;VV=v1.1.0	NT=vertebrates;VV=v1.1.0	NT=sdrf-skills;VV=v0.2.0	C57BL/6J	16 week
D_B16_4	Mus musculus	aorta	cardiovascular system	not applicable	tissue	study sample	normal	adult	C57BL/6J	male	16 week	Standard Diet	no depletion	not pooled	4	D_B16_4_FR1	proteomic profiling by mass spectrometry	NT=Q Exactive HF;AC=MS:1002523	NT=label free sample;AC=MS:1002038	NT=Trypsin;AC=MS:1001251	NT=Lys-C;AC=MS:1001309	NT=Carbamidomethyl;AC=UNIMOD:4;TA=C;MT=Fixed	NT=Oxidation;AC=UNIMOD:35;TA=M;MT=Variable	NT=Acetyl;AC=UNIMOD:1;PP=Protein N-term;MT=Variable	NT=Tris(2-carboxyethyl)phosphine (TCEP);AC=PRIDE:0000609	NT=Chloroacetamide (ClAA);AC=PRIDE:0000600	NT=Data-dependent acquisition;AC=PRIDE:0000627	NT=HCD;AC=MS:1000422	27 NCE	NT=orbitrap;AC=MS:1000484	4.5 ppm	20 ppm	300m/z-1650m/z	not available	1	1	cohort 1	20140908_EXQ00_MiWi_SA_B9_FR1_17.raw	v1.1.0	NT=ms-proteomics;VV=v1.1.0	NT=vertebrates;VV=v1.1.0	NT=sdrf-skills;VV=v0.2.0	C57BL/6J	16 week
D_B16_4	Mus musculus	aorta	cardiovascular system	not applicable	tissue	study sample	normal	adult	C57BL/6J	male	16 week	Standard Diet	no depletion	not pooled	4	D_B16_4_FR2	proteomic profiling by mass spectrometry	NT=Q Exactive HF;AC=MS:1002523	NT=label free sample;AC=MS:1002038	NT=Trypsin;AC=MS:1001251	NT=Lys-C;AC=MS:1001309	NT=Carbamidomethyl;AC=UNIMOD:4;TA=C;MT=Fixed	NT=Oxidation;AC=UNIMOD:35;TA=M;MT=Variable	NT=Acetyl;AC=UNIMOD:1;PP=Protein N-term;MT=Variable	NT=Tris(2-carboxyethyl)phosphine (TCEP);AC=PRIDE:0000609	NT=Chloroacetamide (ClAA);AC=PRIDE:0000600	NT=Data-dependent acquisition;AC=PRIDE:0000627	NT=HCD;AC=MS:1000422	27 NCE	NT=orbitrap;AC=MS:1000484	4.5 ppm	20 ppm	300m/z-1650m/z	not available	2	1	cohort 1	20140908_EXQ00_MiWi_SA_B9_FR2_18.raw	v1.1.0	NT=ms-proteomics;VV=v1.1.0	NT=vertebrates;VV=v1.1.0	NT=sdrf-skills;VV=v0.2.0	C57BL/6J	16 week
D_B16_4	Mus musculus	aorta	cardiovascular system	not applicable	tissue	study sample	normal	adult	C57BL/6J	male	16 week	Standard Diet	no depletion	not pooled	4	D_B16_4_FR3	proteomic profiling by mass spectrometry	NT=Q Exactive HF;AC=MS:1002523	NT=label free sample;AC=MS:1002038	NT=Trypsin;AC=MS:1001251	NT=Lys-C;AC=MS:1001309	NT=Carbamidomethyl;AC=UNIMOD:4;TA=C;MT=Fixed	NT=Oxidation;AC=UNIMOD:35;TA=M;MT=Variable	NT=Acetyl;AC=UNIMOD:1;PP=Protein N-term;MT=Variable	NT=Tris(2-carboxyethyl)phosphine (TCEP);AC=PRIDE:0000609	NT=Chloroacetamide (ClAA);AC=PRIDE:0000600	NT=Data-dependent acquisition;AC=PRIDE:0000627	NT=HCD;AC=MS:1000422	27 NCE	NT=orbitrap;AC=MS:1000484	4.5 ppm	20 ppm	300m/z-1650m/z	not available	3	1	cohort 1	20140908_EXQ00_MiWi_SA_B9_FR3_19.raw	v1.1.0	NT=ms-proteomics;VV=v1.1.0	NT=vertebrates;VV=v1.1.0	NT=sdrf-skills;VV=v0.2.0	C57BL/6J	16 week
D_B16_4	Mus musculus	aorta	cardiovascular system	not applicable	tissue	study sample	normal	adult	C57BL/6J	male	16 week	Standard Diet	no depletion	not pooled	4	D_B16_4_ECM	proteomic profiling by mass spectrometry	NT=Q Exactive HF;AC=MS:1002523	NT=label free sample;AC=MS:1002038	NT=Trypsin;AC=MS:1001251	NT=Lys-C;AC=MS:1001309	NT=Carbamidomethyl;AC=UNIMOD:4;TA=C;MT=Fixed	NT=Oxidation;AC=UNIMOD:35;TA=M;MT=Variable	NT=Acetyl;AC=UNIMOD:1;PP=Protein N-term;MT=Variable	NT=Tris(2-carboxyethyl)phosphine (TCEP);AC=PRIDE:0000609	NT=Chloroacetamide (ClAA);AC=PRIDE:0000600	NT=Data-dependent acquisition;AC=PRIDE:0000627	NT=HCD;AC=MS:1000422	27 NCE	NT=orbitrap;AC=MS:1000484	4.5 ppm	20 ppm	300m/z-1650m/z	not available	4	1	cohort 1	20140908_EXQ00_MiWi_SA_B9_ECM_20.raw	v1.1.0	NT=ms-proteomics;VV=v1.1.0	NT=vertebrates;VV=v1.1.0	NT=sdrf-skills;VV=v0.2.0	C57BL/6J	16 week
D_B16_5	Mus musculus	aorta	cardiovascular system	not applicable	tissue	study sample	normal	adult	C57BL/6J	male	16 week	Standard Diet	no depletion	not pooled	5	D_B16_5_FR1	proteomic profiling by mass spectrometry	NT=Q Exactive HF;AC=MS:1002523	NT=label free sample;AC=MS:1002038	NT=Trypsin;AC=MS:1001251	NT=Lys-C;AC=MS:1001309	NT=Carbamidomethyl;AC=UNIMOD:4;TA=C;MT=Fixed	NT=Oxidation;AC=UNIMOD:35;TA=M;MT=Variable	NT=Acetyl;AC=UNIMOD:1;PP=Protein N-term;MT=Variable	NT=Tris(2-carboxyethyl)phosphine (TCEP);AC=PRIDE:0000609	NT=Chloroacetamide (ClAA);AC=PRIDE:0000600	NT=Data-dependent acquisition;AC=PRIDE:0000627	NT=HCD;AC=MS:1000422	27 NCE	NT=orbitrap;AC=MS:1000484	4.5 ppm	20 ppm	300m/z-1650m/z	not available	1	1	cohort 1	20140908_EXQ00_MiWi_SA_B10_FR1_41.raw	v1.1.0	NT=ms-proteomics;VV=v1.1.0	NT=vertebrates;VV=v1.1.0	NT=sdrf-skills;VV=v0.2.0	C57BL/6J	16 week
D_B16_5	Mus musculus	aorta	cardiovascular system	not applicable	tissue	study sample	normal	adult	C57BL/6J	male	16 week	Standard Diet	no depletion	not pooled	5	D_B16_5_FR2	proteomic profiling by mass spectrometry	NT=Q Exactive HF;AC=MS:1002523	NT=label free sample;AC=MS:1002038	NT=Trypsin;AC=MS:1001251	NT=Lys-C;AC=MS:1001309	NT=Carbamidomethyl;AC=UNIMOD:4;TA=C;MT=Fixed	NT=Oxidation;AC=UNIMOD:35;TA=M;MT=Variable	NT=Acetyl;AC=UNIMOD:1;PP=Protein N-term;MT=Variable	NT=Tris(2-carboxyethyl)phosphine (TCEP);AC=PRIDE:0000609	NT=Chloroacetamide (ClAA);AC=PRIDE:0000600	NT=Data-dependent acquisition;AC=PRIDE:0000627	NT=HCD;AC=MS:1000422	27 NCE	NT=orbitrap;AC=MS:1000484	4.5 ppm	20 ppm	300m/z-1650m/z	not available	2	1	cohort 1	20140908_EXQ00_MiWi_SA_B10_FR2_42.raw	v1.1.0	NT=ms-proteomics;VV=v1.1.0	NT=vertebrates;VV=v1.1.0	NT=sdrf-skills;VV=v0.2.0	C57BL/6J	16 week
D_B16_5	Mus musculus	aorta	cardiovascular system	not applicable	tissue	study sample	normal	adult	C57BL/6J	male	16 week	Standard Diet	no depletion	not pooled	5	D_B16_5_FR3	proteomic profiling by mass spectrometry	NT=Q Exactive HF;AC=MS:1002523	NT=label free sample;AC=MS:1002038	NT=Trypsin;AC=MS:1001251	NT=Lys-C;AC=MS:1001309	NT=Carbamidomethyl;AC=UNIMOD:4;TA=C;MT=Fixed	NT=Oxidation;AC=UNIMOD:35;TA=M;MT=Variable	NT=Acetyl;AC=UNIMOD:1;PP=Protein N-term;MT=Variable	NT=Tris(2-carboxyethyl)phosphine (TCEP);AC=PRIDE:0000609	NT=Chloroacetamide (ClAA);AC=PRIDE:0000600	NT=Data-dependent acquisition;AC=PRIDE:0000627	NT=HCD;AC=MS:1000422	27 NCE	NT=orbitrap;AC=MS:1000484	4.5 ppm	20 ppm	300m/z-1650m/z	not available	3	1	cohort 1	20140908_EXQ00_MiWi_SA_B10_FR3_43.raw	v1.1.0	NT=ms-proteomics;VV=v1.1.0	NT=vertebrates;VV=v1.1.0	NT=sdrf-skills;VV=v0.2.0	C57BL/6J	16 week
D_B16_5	Mus musculus	aorta	cardiovascular system	not applicable	tissue	study sample	normal	adult	C57BL/6J	male	16 week	Standard Diet	no depletion	not pooled	5	D_B16_5_ECM	proteomic profiling by mass spectrometry	NT=Q Exactive HF;AC=MS:1002523	NT=label free sample;AC=MS:1002038	NT=Trypsin;AC=MS:1001251	NT=Lys-C;AC=MS:1001309	NT=Carbamidomethyl;AC=UNIMOD:4;TA=C;MT=Fixed	NT=Oxidation;AC=UNIMOD:35;TA=M;MT=Variable	NT=Acetyl;AC=UNIMOD:1;PP=Protein N-term;MT=Variable	NT=Tris(2-carboxyethyl)phosphine (TCEP);AC=PRIDE:0000609	NT=Chloroacetamide (ClAA);AC=PRIDE:0000600	NT=Data-dependent acquisition;AC=PRIDE:0000627	NT=HCD;AC=MS:1000422	27 NCE	NT=orbitrap;AC=MS:1000484	4.5 ppm	20 ppm	300m/z-1650m/z	not available	4	1	cohort 1	20140908_EXQ00_MiWi_SA_B10_ECM_44.raw	v1.1.0	NT=ms-proteomics;VV=v1.1.0	NT=vertebrates;VV=v1.1.0	NT=sdrf-skills;VV=v0.2.0	C57BL/6J	16 week
D_B24_1	Mus musculus	aorta	cardiovascular system	not applicable	tissue	study sample	normal	adult	C57BL/6J	male	24 week	Standard Diet	no depletion	not pooled	1	D_B24_1_FR1	proteomic profiling by mass spectrometry	NT=Q Exactive HF;AC=MS:1002523	NT=label free sample;AC=MS:1002038	NT=Trypsin;AC=MS:1001251	NT=Lys-C;AC=MS:1001309	NT=Carbamidomethyl;AC=UNIMOD:4;TA=C;MT=Fixed	NT=Oxidation;AC=UNIMOD:35;TA=M;MT=Variable	NT=Acetyl;AC=UNIMOD:1;PP=Protein N-term;MT=Variable	NT=Tris(2-carboxyethyl)phosphine (TCEP);AC=PRIDE:0000609	NT=Chloroacetamide (ClAA);AC=PRIDE:0000600	NT=Data-dependent acquisition;AC=PRIDE:0000627	NT=HCD;AC=MS:1000422	27 NCE	NT=orbitrap;AC=MS:1000484	4.5 ppm	20 ppm	300m/z-1650m/z	not available	1	1	cohort 1	20140501_EXQ00_MiWi_SA_B11_FR1.raw	v1.1.0	NT=ms-proteomics;VV=v1.1.0	NT=vertebrates;VV=v1.1.0	NT=sdrf-skills;VV=v0.2.0	C57BL/6J	24 week
D_B24_1	Mus musculus	aorta	cardiovascular system	not applicable	tissue	study sample	normal	adult	C57BL/6J	male	24 week	Standard Diet	no depletion	not pooled	1	D_B24_1_FR2	proteomic profiling by mass spectrometry	NT=Q Exactive HF;AC=MS:1002523	NT=label free sample;AC=MS:1002038	NT=Trypsin;AC=MS:1001251	NT=Lys-C;AC=MS:1001309	NT=Carbamidomethyl;AC=UNIMOD:4;TA=C;MT=Fixed	NT=Oxidation;AC=UNIMOD:35;TA=M;MT=Variable	NT=Acetyl;AC=UNIMOD:1;PP=Protein N-term;MT=Variable	NT=Tris(2-carboxyethyl)phosphine (TCEP);AC=PRIDE:0000609	NT=Chloroacetamide (ClAA);AC=PRIDE:0000600	NT=Data-dependent acquisition;AC=PRIDE:0000627	NT=HCD;AC=MS:1000422	27 NCE	NT=orbitrap;AC=MS:1000484	4.5 ppm	20 ppm	300m/z-1650m/z	not available	2	1	cohort 1	20140501_EXQ00_MiWi_SA_B11_FR2.raw	v1.1.0	NT=ms-proteomics;VV=v1.1.0	NT=vertebrates;VV=v1.1.0	NT=sdrf-skills;VV=v0.2.0	C57BL/6J	24 week
D_B24_1	Mus musculus	aorta	cardiovascular system	not applicable	tissue	study sample	normal	adult	C57BL/6J	male	24 week	Standard Diet	no depletion	not pooled	1	D_B24_1_FR3	proteomic profiling by mass spectrometry	NT=Q Exactive HF;AC=MS:1002523	NT=label free sample;AC=MS:1002038	NT=Trypsin;AC=MS:1001251	NT=Lys-C;AC=MS:1001309	NT=Carbamidomethyl;AC=UNIMOD:4;TA=C;MT=Fixed	NT=Oxidation;AC=UNIMOD:35;TA=M;MT=Variable	NT=Acetyl;AC=UNIMOD:1;PP=Protein N-term;MT=Variable	NT=Tris(2-carboxyethyl)phosphine (TCEP);AC=PRIDE:0000609	NT=Chloroacetamide (ClAA);AC=PRIDE:0000600	NT=Data-dependent acquisition;AC=PRIDE:0000627	NT=HCD;AC=MS:1000422	27 NCE	NT=orbitrap;AC=MS:1000484	4.5 ppm	20 ppm	300m/z-1650m/z	not available	3	1	cohort 1	20140501_EXQ00_MiWi_SA_B11_FR3.raw	v1.1.0	NT=ms-proteomics;VV=v1.1.0	NT=vertebrates;VV=v1.1.0	NT=sdrf-skills;VV=v0.2.0	C57BL/6J	24 week
D_B24_1	Mus musculus	aorta	cardiovascular system	not applicable	tissue	study sample	normal	adult	C57BL/6J	male	24 week	Standard Diet	no depletion	not pooled	1	D_B24_1_ECM	proteomic profiling by mass spectrometry	NT=Q Exactive HF;AC=MS:1002523	NT=label free sample;AC=MS:1002038	NT=Trypsin;AC=MS:1001251	NT=Lys-C;AC=MS:1001309	NT=Carbamidomethyl;AC=UNIMOD:4;TA=C;MT=Fixed	NT=Oxidation;AC=UNIMOD:35;TA=M;MT=Variable	NT=Acetyl;AC=UNIMOD:1;PP=Protein N-term;MT=Variable	NT=Tris(2-carboxyethyl)phosphine (TCEP);AC=PRIDE:0000609	NT=Chloroacetamide (ClAA);AC=PRIDE:0000600	NT=Data-dependent acquisition;AC=PRIDE:0000627	NT=HCD;AC=MS:1000422	27 NCE	NT=orbitrap;AC=MS:1000484	4.5 ppm	20 ppm	300m/z-1650m/z	not available	4	1	cohort 1	20140501_EXQ00_MiWi_SA_B11_ECM.raw	v1.1.0	NT=ms-proteomics;VV=v1.1.0	NT=vertebrates;VV=v1.1.0	NT=sdrf-skills;VV=v0.2.0	C57BL/6J	24 week
D_B24_2	Mus musculus	aorta	cardiovascular system	not applicable	tissue	study sample	normal	adult	C57BL/6J	male	24 week	Standard Diet	no depletion	not pooled	2	D_B24_2_FR1	proteomic profiling by mass spectrometry	NT=Q Exactive HF;AC=MS:1002523	NT=label free sample;AC=MS:1002038	NT=Trypsin;AC=MS:1001251	NT=Lys-C;AC=MS:1001309	NT=Carbamidomethyl;AC=UNIMOD:4;TA=C;MT=Fixed	NT=Oxidation;AC=UNIMOD:35;TA=M;MT=Variable	NT=Acetyl;AC=UNIMOD:1;PP=Protein N-term;MT=Variable	NT=Tris(2-carboxyethyl)phosphine (TCEP);AC=PRIDE:0000609	NT=Chloroacetamide (ClAA);AC=PRIDE:0000600	NT=Data-dependent acquisition;AC=PRIDE:0000627	NT=HCD;AC=MS:1000422	27 NCE	NT=orbitrap;AC=MS:1000484	4.5 ppm	20 ppm	300m/z-1650m/z	not available	1	1	cohort 1	20140501_EXQ00_MiWi_SA_B13_FR1.raw	v1.1.0	NT=ms-proteomics;VV=v1.1.0	NT=vertebrates;VV=v1.1.0	NT=sdrf-skills;VV=v0.2.0	C57BL/6J	24 week
D_B24_2	Mus musculus	aorta	cardiovascular system	not applicable	tissue	study sample	normal	adult	C57BL/6J	male	24 week	Standard Diet	no depletion	not pooled	2	D_B24_2_FR2	proteomic profiling by mass spectrometry	NT=Q Exactive HF;AC=MS:1002523	NT=label free sample;AC=MS:1002038	NT=Trypsin;AC=MS:1001251	NT=Lys-C;AC=MS:1001309	NT=Carbamidomethyl;AC=UNIMOD:4;TA=C;MT=Fixed	NT=Oxidation;AC=UNIMOD:35;TA=M;MT=Variable	NT=Acetyl;AC=UNIMOD:1;PP=Protein N-term;MT=Variable	NT=Tris(2-carboxyethyl)phosphine (TCEP);AC=PRIDE:0000609	NT=Chloroacetamide (ClAA);AC=PRIDE:0000600	NT=Data-dependent acquisition;AC=PRIDE:0000627	NT=HCD;AC=MS:1000422	27 NCE	NT=orbitrap;AC=MS:1000484	4.5 ppm	20 ppm	300m/z-1650m/z	not available	2	1	cohort 1	20140501_EXQ00_MiWi_SA_B13_FR2.raw	v1.1.0	NT=ms-proteomics;VV=v1.1.0	NT=vertebrates;VV=v1.1.0	NT=sdrf-skills;VV=v0.2.0	C57BL/6J	24 week
D_B24_2	Mus musculus	aorta	cardiovascular system	not applicable	tissue	study sample	normal	adult	C57BL/6J	male	24 week	Standard Diet	no depletion	not pooled	2	D_B24_2_FR3	proteomic profiling by mass spectrometry	NT=Q Exactive HF;AC=MS:1002523	NT=label free sample;AC=MS:1002038	NT=Trypsin;AC=MS:1001251	NT=Lys-C;AC=MS:1001309	NT=Carbamidomethyl;AC=UNIMOD:4;TA=C;MT=Fixed	NT=Oxidation;AC=UNIMOD:35;TA=M;MT=Variable	NT=Acetyl;AC=UNIMOD:1;PP=Protein N-term;MT=Variable	NT=Tris(2-carboxyethyl)phosphine (TCEP);AC=PRIDE:0000609	NT=Chloroacetamide (ClAA);AC=PRIDE:0000600	NT=Data-dependent acquisition;AC=PRIDE:0000627	NT=HCD;AC=MS:1000422	27 NCE	NT=orbitrap;AC=MS:1000484	4.5 ppm	20 ppm	300m/z-1650m/z	not available	3	1	cohort 1	20140501_EXQ00_MiWi_SA_B13_FR3.raw	v1.1.0	NT=ms-proteomics;VV=v1.1.0	NT=vertebrates;VV=v1.1.0	NT=sdrf-skills;VV=v0.2.0	C57BL/6J	24 week
D_B24_2	Mus musculus	aorta	cardiovascular system	not applicable	tissue	study sample	normal	adult	C57BL/6J	male	24 week	Standard Diet	no depletion	not pooled	2	D_B24_2_ECM	proteomic profiling by mass spectrometry	NT=Q Exactive HF;AC=MS:1002523	NT=label free sample;AC=MS:1002038	NT=Trypsin;AC=MS:1001251	NT=Lys-C;AC=MS:1001309	NT=Carbamidomethyl;AC=UNIMOD:4;TA=C;MT=Fixed	NT=Oxidation;AC=UNIMOD:35;TA=M;MT=Variable	NT=Acetyl;AC=UNIMOD:1;PP=Protein N-term;MT=Variable	NT=Tris(2-carboxyethyl)phosphine (TCEP);AC=PRIDE:0000609	NT=Chloroacetamide (ClAA);AC=PRIDE:0000600	NT=Data-dependent acquisition;AC=PRIDE:0000627	NT=HCD;AC=MS:1000422	27 NCE	NT=orbitrap;AC=MS:1000484	4.5 ppm	20 ppm	300m/z-1650m/z	not available	4	1	cohort 1	20140501_EXQ00_MiWi_SA_B13_ECM.raw	v1.1.0	NT=ms-proteomics;VV=v1.1.0	NT=vertebrates;VV=v1.1.0	NT=sdrf-skills;VV=v0.2.0	C57BL/6J	24 week
D_B24_3	Mus musculus	aorta	cardiovascular system	not applicable	tissue	study sample	normal	adult	C57BL/6J	male	24 week	Standard Diet	no depletion	not pooled	3	D_B24_3_FR1	proteomic profiling by mass spectrometry	NT=Q Exactive HF;AC=MS:1002523	NT=label free sample;AC=MS:1002038	NT=Trypsin;AC=MS:1001251	NT=Lys-C;AC=MS:1001309	NT=Carbamidomethyl;AC=UNIMOD:4;TA=C;MT=Fixed	NT=Oxidation;AC=UNIMOD:35;TA=M;MT=Variable	NT=Acetyl;AC=UNIMOD:1;PP=Protein N-term;MT=Variable	NT=Tris(2-carboxyethyl)phosphine (TCEP);AC=PRIDE:0000609	NT=Chloroacetamide (ClAA);AC=PRIDE:0000600	NT=Data-dependent acquisition;AC=PRIDE:0000627	NT=HCD;AC=MS:1000422	27 NCE	NT=orbitrap;AC=MS:1000484	4.5 ppm	20 ppm	300m/z-1650m/z	not available	1	1	cohort 1	20140908_EXQ00_MiWi_SA_B15_FR1_45.raw	v1.1.0	NT=ms-proteomics;VV=v1.1.0	NT=vertebrates;VV=v1.1.0	NT=sdrf-skills;VV=v0.2.0	C57BL/6J	24 week
D_B24_3	Mus musculus	aorta	cardiovascular system	not applicable	tissue	study sample	normal	adult	C57BL/6J	male	24 week	Standard Diet	no depletion	not pooled	3	D_B24_3_FR2	proteomic profiling by mass spectrometry	NT=Q Exactive HF;AC=MS:1002523	NT=label free sample;AC=MS:1002038	NT=Trypsin;AC=MS:1001251	NT=Lys-C;AC=MS:1001309	NT=Carbamidomethyl;AC=UNIMOD:4;TA=C;MT=Fixed	NT=Oxidation;AC=UNIMOD:35;TA=M;MT=Variable	NT=Acetyl;AC=UNIMOD:1;PP=Protein N-term;MT=Variable	NT=Tris(2-carboxyethyl)phosphine (TCEP);AC=PRIDE:0000609	NT=Chloroacetamide (ClAA);AC=PRIDE:0000600	NT=Data-dependent acquisition;AC=PRIDE:0000627	NT=HCD;AC=MS:1000422	27 NCE	NT=orbitrap;AC=MS:1000484	4.5 ppm	20 ppm	300m/z-1650m/z	not available	2	1	cohort 1	20140908_EXQ00_MiWi_SA_B15_FR2_46.raw	v1.1.0	NT=ms-proteomics;VV=v1.1.0	NT=vertebrates;VV=v1.1.0	NT=sdrf-skills;VV=v0.2.0	C57BL/6J	24 week
D_B24_3	Mus musculus	aorta	cardiovascular system	not applicable	tissue	study sample	normal	adult	C57BL/6J	male	24 week	Standard Diet	no depletion	not pooled	3	D_B24_3_FR3	proteomic profiling by mass spectrometry	NT=Q Exactive HF;AC=MS:1002523	NT=label free sample;AC=MS:1002038	NT=Trypsin;AC=MS:1001251	NT=Lys-C;AC=MS:1001309	NT=Carbamidomethyl;AC=UNIMOD:4;TA=C;MT=Fixed	NT=Oxidation;AC=UNIMOD:35;TA=M;MT=Variable	NT=Acetyl;AC=UNIMOD:1;PP=Protein N-term;MT=Variable	NT=Tris(2-carboxyethyl)phosphine (TCEP);AC=PRIDE:0000609	NT=Chloroacetamide (ClAA);AC=PRIDE:0000600	NT=Data-dependent acquisition;AC=PRIDE:0000627	NT=HCD;AC=MS:1000422	27 NCE	NT=orbitrap;AC=MS:1000484	4.5 ppm	20 ppm	300m/z-1650m/z	not available	3	1	cohort 1	20140908_EXQ00_MiWi_SA_B15_FR3_47.raw	v1.1.0	NT=ms-proteomics;VV=v1.1.0	NT=vertebrates;VV=v1.1.0	NT=sdrf-skills;VV=v0.2.0	C57BL/6J	24 week
D_B24_3	Mus musculus	aorta	cardiovascular system	not applicable	tissue	study sample	normal	adult	C57BL/6J	male	24 week	Standard Diet	no depletion	not pooled	3	D_B24_3_ECM	proteomic profiling by mass spectrometry	NT=Q Exactive HF;AC=MS:1002523	NT=label free sample;AC=MS:1002038	NT=Trypsin;AC=MS:1001251	NT=Lys-C;AC=MS:1001309	NT=Carbamidomethyl;AC=UNIMOD:4;TA=C;MT=Fixed	NT=Oxidation;AC=UNIMOD:35;TA=M;MT=Variable	NT=Acetyl;AC=UNIMOD:1;PP=Protein N-term;MT=Variable	NT=Tris(2-carboxyethyl)phosphine (TCEP);AC=PRIDE:0000609	NT=Chloroacetamide (ClAA);AC=PRIDE:0000600	NT=Data-dependent acquisition;AC=PRIDE:0000627	NT=HCD;AC=MS:1000422	27 NCE	NT=orbitrap;AC=MS:1000484	4.5 ppm	20 ppm	300m/z-1650m/z	not available	4	1	cohort 1	20140908_EXQ00_MiWi_SA_B15_ECM_48.raw	v1.1.0	NT=ms-proteomics;VV=v1.1.0	NT=vertebrates;VV=v1.1.0	NT=sdrf-skills;VV=v0.2.0	C57BL/6J	24 week
S_A8_1	Mus musculus	aorta	cardiovascular system	not applicable	tissue	study sample	normal	adult	Apoetm1Unc	male	8 week	Standard Diet	no depletion	not pooled	1	S_A8_1_FR1	proteomic profiling by mass spectrometry	NT=Q Exactive HF;AC=MS:1002523	NT=label free sample;AC=MS:1002038	NT=Trypsin;AC=MS:1001251	NT=Lys-C;AC=MS:1001309	NT=Carbamidomethyl;AC=UNIMOD:4;TA=C;MT=Fixed	NT=Oxidation;AC=UNIMOD:35;TA=M;MT=Variable	NT=Acetyl;AC=UNIMOD:1;PP=Protein N-term;MT=Variable	NT=Tris(2-carboxyethyl)phosphine (TCEP);AC=PRIDE:0000609	NT=Chloroacetamide (ClAA);AC=PRIDE:0000600	NT=Data-dependent acquisition;AC=PRIDE:0000627	NT=HCD;AC=MS:1000422	27 NCE	NT=orbitrap;AC=MS:1000484	4.5 ppm	20 ppm	300m/z-1650m/z	not available	1	1	cohort 2	20151103_Qep8_MiWi_SA_102073_FR1_21.raw	v1.1.0	NT=ms-proteomics;VV=v1.1.0	NT=vertebrates;VV=v1.1.0	NT=sdrf-skills;VV=v0.2.0	Apoetm1Unc	8 week
S_A8_1	Mus musculus	aorta	cardiovascular system	not applicable	tissue	study sample	normal	adult	Apoetm1Unc	male	8 week	Standard Diet	no depletion	not pooled	1	S_A8_1_FR2	proteomic profiling by mass spectrometry	NT=Q Exactive HF;AC=MS:1002523	NT=label free sample;AC=MS:1002038	NT=Trypsin;AC=MS:1001251	NT=Lys-C;AC=MS:1001309	NT=Carbamidomethyl;AC=UNIMOD:4;TA=C;MT=Fixed	NT=Oxidation;AC=UNIMOD:35;TA=M;MT=Variable	NT=Acetyl;AC=UNIMOD:1;PP=Protein N-term;MT=Variable	NT=Tris(2-carboxyethyl)phosphine (TCEP);AC=PRIDE:0000609	NT=Chloroacetamide (ClAA);AC=PRIDE:0000600	NT=Data-dependent acquisition;AC=PRIDE:0000627	NT=HCD;AC=MS:1000422	27 NCE	NT=orbitrap;AC=MS:1000484	4.5 ppm	20 ppm	300m/z-1650m/z	not available	2	1	cohort 2	20151103_Qep8_MiWi_SA_102073_FR2_22.raw	v1.1.0	NT=ms-proteomics;VV=v1.1.0	NT=vertebrates;VV=v1.1.0	NT=sdrf-skills;VV=v0.2.0	Apoetm1Unc	8 week
S_A8_1	Mus musculus	aorta	cardiovascular system	not applicable	tissue	study sample	normal	adult	Apoetm1Unc	male	8 week	Standard Diet	no depletion	not pooled	1	S_A8_1_FR3	proteomic profiling by mass spectrometry	NT=Q Exactive HF;AC=MS:1002523	NT=label free sample;AC=MS:1002038	NT=Trypsin;AC=MS:1001251	NT=Lys-C;AC=MS:1001309	NT=Carbamidomethyl;AC=UNIMOD:4;TA=C;MT=Fixed	NT=Oxidation;AC=UNIMOD:35;TA=M;MT=Variable	NT=Acetyl;AC=UNIMOD:1;PP=Protein N-term;MT=Variable	NT=Tris(2-carboxyethyl)phosphine (TCEP);AC=PRIDE:0000609	NT=Chloroacetamide (ClAA);AC=PRIDE:0000600	NT=Data-dependent acquisition;AC=PRIDE:0000627	NT=HCD;AC=MS:1000422	27 NCE	NT=orbitrap;AC=MS:1000484	4.5 ppm	20 ppm	300m/z-1650m/z	not available	3	1	cohort 2	20151103_Qep8_MiWi_SA_102073_FR3_23.raw	v1.1.0	NT=ms-proteomics;VV=v1.1.0	NT=vertebrates;VV=v1.1.0	NT=sdrf-skills;VV=v0.2.0	Apoetm1Unc	8 week
S_A8_1	Mus musculus	aorta	cardiovascular system	not applicable	tissue	study sample	normal	adult	Apoetm1Unc	male	8 week	Standard Diet	no depletion	not pooled	1	S_A8_1_ECM	proteomic profiling by mass spectrometry	NT=Q Exactive HF;AC=MS:1002523	NT=label free sample;AC=MS:1002038	NT=Trypsin;AC=MS:1001251	NT=Lys-C;AC=MS:1001309	NT=Carbamidomethyl;AC=UNIMOD:4;TA=C;MT=Fixed	NT=Oxidation;AC=UNIMOD:35;TA=M;MT=Variable	NT=Acetyl;AC=UNIMOD:1;PP=Protein N-term;MT=Variable	NT=Tris(2-carboxyethyl)phosphine (TCEP);AC=PRIDE:0000609	NT=Chloroacetamide (ClAA);AC=PRIDE:0000600	NT=Data-dependent acquisition;AC=PRIDE:0000627	NT=HCD;AC=MS:1000422	27 NCE	NT=orbitrap;AC=MS:1000484	4.5 ppm	20 ppm	300m/z-1650m/z	not available	4	1	cohort 2	20151103_Qep8_MiWi_SA_102073_ECM_24.raw	v1.1.0	NT=ms-proteomics;VV=v1.1.0	NT=vertebrates;VV=v1.1.0	NT=sdrf-skills;VV=v0.2.0	Apoetm1Unc	8 week
S_A8_2	Mus musculus	aorta	cardiovascular system	not applicable	tissue	study sample	normal	adult	Apoetm1Unc	male	8 week	Standard Diet	no depletion	not pooled	2	S_A8_2_FR1	proteomic profiling by mass spectrometry	NT=Q Exactive HF;AC=MS:1002523	NT=label free sample;AC=MS:1002038	NT=Trypsin;AC=MS:1001251	NT=Lys-C;AC=MS:1001309	NT=Carbamidomethyl;AC=UNIMOD:4;TA=C;MT=Fixed	NT=Oxidation;AC=UNIMOD:35;TA=M;MT=Variable	NT=Acetyl;AC=UNIMOD:1;PP=Protein N-term;MT=Variable	NT=Tris(2-carboxyethyl)phosphine (TCEP);AC=PRIDE:0000609	NT=Chloroacetamide (ClAA);AC=PRIDE:0000600	NT=Data-dependent acquisition;AC=PRIDE:0000627	NT=HCD;AC=MS:1000422	27 NCE	NT=orbitrap;AC=MS:1000484	4.5 ppm	20 ppm	300m/z-1650m/z	not available	1	1	cohort 2	20151103_Qep8_MiWi_SA_102084_FR1_29.raw	v1.1.0	NT=ms-proteomics;VV=v1.1.0	NT=vertebrates;VV=v1.1.0	NT=sdrf-skills;VV=v0.2.0	Apoetm1Unc	8 week
S_A8_2	Mus musculus	aorta	cardiovascular system	not applicable	tissue	study sample	normal	adult	Apoetm1Unc	male	8 week	Standard Diet	no depletion	not pooled	2	S_A8_2_FR2	proteomic profiling by mass spectrometry	NT=Q Exactive HF;AC=MS:1002523	NT=label free sample;AC=MS:1002038	NT=Trypsin;AC=MS:1001251	NT=Lys-C;AC=MS:1001309	NT=Carbamidomethyl;AC=UNIMOD:4;TA=C;MT=Fixed	NT=Oxidation;AC=UNIMOD:35;TA=M;MT=Variable	NT=Acetyl;AC=UNIMOD:1;PP=Protein N-term;MT=Variable	NT=Tris(2-carboxyethyl)phosphine (TCEP);AC=PRIDE:0000609	NT=Chloroacetamide (ClAA);AC=PRIDE:0000600	NT=Data-dependent acquisition;AC=PRIDE:0000627	NT=HCD;AC=MS:1000422	27 NCE	NT=orbitrap;AC=MS:1000484	4.5 ppm	20 ppm	300m/z-1650m/z	not available	2	1	cohort 2	20151103_Qep8_MiWi_SA_102084_FR2_30.raw	v1.1.0	NT=ms-proteomics;VV=v1.1.0	NT=vertebrates;VV=v1.1.0	NT=sdrf-skills;VV=v0.2.0	Apoetm1Unc	8 week
S_A8_2	Mus musculus	aorta	cardiovascular system	not applicable	tissue	study sample	normal	adult	Apoetm1Unc	male	8 week	Standard Diet	no depletion	not pooled	2	S_A8_2_FR3	proteomic profiling by mass spectrometry	NT=Q Exactive HF;AC=MS:1002523	NT=label free sample;AC=MS:1002038	NT=Trypsin;AC=MS:1001251	NT=Lys-C;AC=MS:1001309	NT=Carbamidomethyl;AC=UNIMOD:4;TA=C;MT=Fixed	NT=Oxidation;AC=UNIMOD:35;TA=M;MT=Variable	NT=Acetyl;AC=UNIMOD:1;PP=Protein N-term;MT=Variable	NT=Tris(2-carboxyethyl)phosphine (TCEP);AC=PRIDE:0000609	NT=Chloroacetamide (ClAA);AC=PRIDE:0000600	NT=Data-dependent acquisition;AC=PRIDE:0000627	NT=HCD;AC=MS:1000422	27 NCE	NT=orbitrap;AC=MS:1000484	4.5 ppm	20 ppm	300m/z-1650m/z	not available	3	1	cohort 2	20151103_Qep8_MiWi_SA_102084_FR3_31_151120031800.raw	v1.1.0	NT=ms-proteomics;VV=v1.1.0	NT=vertebrates;VV=v1.1.0	NT=sdrf-skills;VV=v0.2.0	Apoetm1Unc	8 week
S_A8_2	Mus musculus	aorta	cardiovascular system	not applicable	tissue	study sample	normal	adult	Apoetm1Unc	male	8 week	Standard Diet	no depletion	not pooled	2	S_A8_2_ECM	proteomic profiling by mass spectrometry	NT=Q Exactive HF;AC=MS:1002523	NT=label free sample;AC=MS:1002038	NT=Trypsin;AC=MS:1001251	NT=Lys-C;AC=MS:1001309	NT=Carbamidomethyl;AC=UNIMOD:4;TA=C;MT=Fixed	NT=Oxidation;AC=UNIMOD:35;TA=M;MT=Variable	NT=Acetyl;AC=UNIMOD:1;PP=Protein N-term;MT=Variable	NT=Tris(2-carboxyethyl)phosphine (TCEP);AC=PRIDE:0000609	NT=Chloroacetamide (ClAA);AC=PRIDE:0000600	NT=Data-dependent acquisition;AC=PRIDE:0000627	NT=HCD;AC=MS:1000422	27 NCE	NT=orbitrap;AC=MS:1000484	4.5 ppm	20 ppm	300m/z-1650m/z	not available	4	1	cohort 2	20151103_Qep8_MiWi_SA_102084_ECM_32_151120135926.raw	v1.1.0	NT=ms-proteomics;VV=v1.1.0	NT=vertebrates;VV=v1.1.0	NT=sdrf-skills;VV=v0.2.0	Apoetm1Unc	8 week
S_A8_3	Mus musculus	aorta	cardiovascular system	not applicable	tissue	study sample	normal	adult	Apoetm1Unc	male	8 week	Standard Diet	no depletion	not pooled	3	S_A8_3_FR1	proteomic profiling by mass spectrometry	NT=Q Exactive HF;AC=MS:1002523	NT=label free sample;AC=MS:1002038	NT=Trypsin;AC=MS:1001251	NT=Lys-C;AC=MS:1001309	NT=Carbamidomethyl;AC=UNIMOD:4;TA=C;MT=Fixed	NT=Oxidation;AC=UNIMOD:35;TA=M;MT=Variable	NT=Acetyl;AC=UNIMOD:1;PP=Protein N-term;MT=Variable	NT=Tris(2-carboxyethyl)phosphine (TCEP);AC=PRIDE:0000609	NT=Chloroacetamide (ClAA);AC=PRIDE:0000600	NT=Data-dependent acquisition;AC=PRIDE:0000627	NT=HCD;AC=MS:1000422	27 NCE	NT=orbitrap;AC=MS:1000484	4.5 ppm	20 ppm	300m/z-1650m/z	not available	1	1	cohort 2	20151103_Qep8_MiWi_SA_102088_FR1_25.raw	v1.1.0	NT=ms-proteomics;VV=v1.1.0	NT=vertebrates;VV=v1.1.0	NT=sdrf-skills;VV=v0.2.0	Apoetm1Unc	8 week
S_A8_3	Mus musculus	aorta	cardiovascular system	not applicable	tissue	study sample	normal	adult	Apoetm1Unc	male	8 week	Standard Diet	no depletion	not pooled	3	S_A8_3_FR2	proteomic profiling by mass spectrometry	NT=Q Exactive HF;AC=MS:1002523	NT=label free sample;AC=MS:1002038	NT=Trypsin;AC=MS:1001251	NT=Lys-C;AC=MS:1001309	NT=Carbamidomethyl;AC=UNIMOD:4;TA=C;MT=Fixed	NT=Oxidation;AC=UNIMOD:35;TA=M;MT=Variable	NT=Acetyl;AC=UNIMOD:1;PP=Protein N-term;MT=Variable	NT=Tris(2-carboxyethyl)phosphine (TCEP);AC=PRIDE:0000609	NT=Chloroacetamide (ClAA);AC=PRIDE:0000600	NT=Data-dependent acquisition;AC=PRIDE:0000627	NT=HCD;AC=MS:1000422	27 NCE	NT=orbitrap;AC=MS:1000484	4.5 ppm	20 ppm	300m/z-1650m/z	not available	2	1	cohort 2	20151103_Qep8_MiWi_SA_102088_FR2_26.raw	v1.1.0	NT=ms-proteomics;VV=v1.1.0	NT=vertebrates;VV=v1.1.0	NT=sdrf-skills;VV=v0.2.0	Apoetm1Unc	8 week
S_A8_3	Mus musculus	aorta	cardiovascular system	not applicable	tissue	study sample	normal	adult	Apoetm1Unc	male	8 week	Standard Diet	no depletion	not pooled	3	S_A8_3_FR3	proteomic profiling by mass spectrometry	NT=Q Exactive HF;AC=MS:1002523	NT=label free sample;AC=MS:1002038	NT=Trypsin;AC=MS:1001251	NT=Lys-C;AC=MS:1001309	NT=Carbamidomethyl;AC=UNIMOD:4;TA=C;MT=Fixed	NT=Oxidation;AC=UNIMOD:35;TA=M;MT=Variable	NT=Acetyl;AC=UNIMOD:1;PP=Protein N-term;MT=Variable	NT=Tris(2-carboxyethyl)phosphine (TCEP);AC=PRIDE:0000609	NT=Chloroacetamide (ClAA);AC=PRIDE:0000600	NT=Data-dependent acquisition;AC=PRIDE:0000627	NT=HCD;AC=MS:1000422	27 NCE	NT=orbitrap;AC=MS:1000484	4.5 ppm	20 ppm	300m/z-1650m/z	not available	3	1	cohort 2	20151103_Qep8_MiWi_SA_102088_FR3_27.raw	v1.1.0	NT=ms-proteomics;VV=v1.1.0	NT=vertebrates;VV=v1.1.0	NT=sdrf-skills;VV=v0.2.0	Apoetm1Unc	8 week
S_A8_3	Mus musculus	aorta	cardiovascular system	not applicable	tissue	study sample	normal	adult	Apoetm1Unc	male	8 week	Standard Diet	no depletion	not pooled	3	S_A8_3_ECM	proteomic profiling by mass spectrometry	NT=Q Exactive HF;AC=MS:1002523	NT=label free sample;AC=MS:1002038	NT=Trypsin;AC=MS:1001251	NT=Lys-C;AC=MS:1001309	NT=Carbamidomethyl;AC=UNIMOD:4;TA=C;MT=Fixed	NT=Oxidation;AC=UNIMOD:35;TA=M;MT=Variable	NT=Acetyl;AC=UNIMOD:1;PP=Protein N-term;MT=Variable	NT=Tris(2-carboxyethyl)phosphine (TCEP);AC=PRIDE:0000609	NT=Chloroacetamide (ClAA);AC=PRIDE:0000600	NT=Data-dependent acquisition;AC=PRIDE:0000627	NT=HCD;AC=MS:1000422	27 NCE	NT=orbitrap;AC=MS:1000484	4.5 ppm	20 ppm	300m/z-1650m/z	not available	4	1	cohort 2	20151103_Qep8_MiWi_SA_102088_ECM_28.raw	v1.1.0	NT=ms-proteomics;VV=v1.1.0	NT=vertebrates;VV=v1.1.0	NT=sdrf-skills;VV=v0.2.0	Apoetm1Unc	8 week
S_A8_4	Mus musculus	aorta	cardiovascular system	not applicable	tissue	study sample	normal	adult	Apoetm1Unc	male	8 week	Standard Diet	no depletion	not pooled	4	S_A8_4_FR1	proteomic profiling by mass spectrometry	NT=Q Exactive HF;AC=MS:1002523	NT=label free sample;AC=MS:1002038	NT=Trypsin;AC=MS:1001251	NT=Lys-C;AC=MS:1001309	NT=Carbamidomethyl;AC=UNIMOD:4;TA=C;MT=Fixed	NT=Oxidation;AC=UNIMOD:35;TA=M;MT=Variable	NT=Acetyl;AC=UNIMOD:1;PP=Protein N-term;MT=Variable	NT=Tris(2-carboxyethyl)phosphine (TCEP);AC=PRIDE:0000609	NT=Chloroacetamide (ClAA);AC=PRIDE:0000600	NT=Data-dependent acquisition;AC=PRIDE:0000627	NT=HCD;AC=MS:1000422	27 NCE	NT=orbitrap;AC=MS:1000484	4.5 ppm	20 ppm	300m/z-1650m/z	not available	1	1	cohort 2	20151103_Qep8_MiWi_SA_102092_FR1_17.raw	v1.1.0	NT=ms-proteomics;VV=v1.1.0	NT=vertebrates;VV=v1.1.0	NT=sdrf-skills;VV=v0.2.0	Apoetm1Unc	8 week
S_A8_4	Mus musculus	aorta	cardiovascular system	not applicable	tissue	study sample	normal	adult	Apoetm1Unc	male	8 week	Standard Diet	no depletion	not pooled	4	S_A8_4_FR2	proteomic profiling by mass spectrometry	NT=Q Exactive HF;AC=MS:1002523	NT=label free sample;AC=MS:1002038	NT=Trypsin;AC=MS:1001251	NT=Lys-C;AC=MS:1001309	NT=Carbamidomethyl;AC=UNIMOD:4;TA=C;MT=Fixed	NT=Oxidation;AC=UNIMOD:35;TA=M;MT=Variable	NT=Acetyl;AC=UNIMOD:1;PP=Protein N-term;MT=Variable	NT=Tris(2-carboxyethyl)phosphine (TCEP);AC=PRIDE:0000609	NT=Chloroacetamide (ClAA);AC=PRIDE:0000600	NT=Data-dependent acquisition;AC=PRIDE:0000627	NT=HCD;AC=MS:1000422	27 NCE	NT=orbitrap;AC=MS:1000484	4.5 ppm	20 ppm	300m/z-1650m/z	not available	2	1	cohort 2	20151103_Qep8_MiWi_SA_102092_FR2_18.raw	v1.1.0	NT=ms-proteomics;VV=v1.1.0	NT=vertebrates;VV=v1.1.0	NT=sdrf-skills;VV=v0.2.0	Apoetm1Unc	8 week
S_A8_4	Mus musculus	aorta	cardiovascular system	not applicable	tissue	study sample	normal	adult	Apoetm1Unc	male	8 week	Standard Diet	no depletion	not pooled	4	S_A8_4_FR3	proteomic profiling by mass spectrometry	NT=Q Exactive HF;AC=MS:1002523	NT=label free sample;AC=MS:1002038	NT=Trypsin;AC=MS:1001251	NT=Lys-C;AC=MS:1001309	NT=Carbamidomethyl;AC=UNIMOD:4;TA=C;MT=Fixed	NT=Oxidation;AC=UNIMOD:35;TA=M;MT=Variable	NT=Acetyl;AC=UNIMOD:1;PP=Protein N-term;MT=Variable	NT=Tris(2-carboxyethyl)phosphine (TCEP);AC=PRIDE:0000609	NT=Chloroacetamide (ClAA);AC=PRIDE:0000600	NT=Data-dependent acquisition;AC=PRIDE:0000627	NT=HCD;AC=MS:1000422	27 NCE	NT=orbitrap;AC=MS:1000484	4.5 ppm	20 ppm	300m/z-1650m/z	not available	3	1	cohort 2	20151103_Qep8_MiWi_SA_102092_FR3_19.raw	v1.1.0	NT=ms-proteomics;VV=v1.1.0	NT=vertebrates;VV=v1.1.0	NT=sdrf-skills;VV=v0.2.0	Apoetm1Unc	8 week
S_A8_4	Mus musculus	aorta	cardiovascular system	not applicable	tissue	study sample	normal	adult	Apoetm1Unc	male	8 week	Standard Diet	no depletion	not pooled	4	S_A8_4_ECM	proteomic profiling by mass spectrometry	NT=Q Exactive HF;AC=MS:1002523	NT=label free sample;AC=MS:1002038	NT=Trypsin;AC=MS:1001251	NT=Lys-C;AC=MS:1001309	NT=Carbamidomethyl;AC=UNIMOD:4;TA=C;MT=Fixed	NT=Oxidation;AC=UNIMOD:35;TA=M;MT=Variable	NT=Acetyl;AC=UNIMOD:1;PP=Protein N-term;MT=Variable	NT=Tris(2-carboxyethyl)phosphine (TCEP);AC=PRIDE:0000609	NT=Chloroacetamide (ClAA);AC=PRIDE:0000600	NT=Data-dependent acquisition;AC=PRIDE:0000627	NT=HCD;AC=MS:1000422	27 NCE	NT=orbitrap;AC=MS:1000484	4.5 ppm	20 ppm	300m/z-1650m/z	not available	4	1	cohort 2	20151103_Qep8_MiWi_SA_102092_ECM_20.raw	v1.1.0	NT=ms-proteomics;VV=v1.1.0	NT=vertebrates;VV=v1.1.0	NT=sdrf-skills;VV=v0.2.0	Apoetm1Unc	8 week
S_A16_1	Mus musculus	aorta	cardiovascular system	not applicable	tissue	study sample	atherosclerosis	adult	Apoetm1Unc	male	16 week	high fat diet	no depletion	not pooled	1	S_A16_1_FR1	proteomic profiling by mass spectrometry	NT=Q Exactive HF;AC=MS:1002523	NT=label free sample;AC=MS:1002038	NT=Trypsin;AC=MS:1001251	NT=Lys-C;AC=MS:1001309	NT=Carbamidomethyl;AC=UNIMOD:4;TA=C;MT=Fixed	NT=Oxidation;AC=UNIMOD:35;TA=M;MT=Variable	NT=Acetyl;AC=UNIMOD:1;PP=Protein N-term;MT=Variable	NT=Tris(2-carboxyethyl)phosphine (TCEP);AC=PRIDE:0000609	NT=Chloroacetamide (ClAA);AC=PRIDE:0000600	NT=Data-dependent acquisition;AC=PRIDE:0000627	NT=HCD;AC=MS:1000422	27 NCE	NT=orbitrap;AC=MS:1000484	4.5 ppm	20 ppm	300m/z-1650m/z	not available	1	1	cohort 2	20151103_Qep8_MiWi_SA_072897_FR1_53.raw	v1.1.0	NT=ms-proteomics;VV=v1.1.0	NT=vertebrates;VV=v1.1.0	NT=sdrf-skills;VV=v0.2.0	Apoetm1Unc	16 week
S_A16_1	Mus musculus	aorta	cardiovascular system	not applicable	tissue	study sample	atherosclerosis	adult	Apoetm1Unc	male	16 week	high fat diet	no depletion	not pooled	1	S_A16_1_FR2	proteomic profiling by mass spectrometry	NT=Q Exactive HF;AC=MS:1002523	NT=label free sample;AC=MS:1002038	NT=Trypsin;AC=MS:1001251	NT=Lys-C;AC=MS:1001309	NT=Carbamidomethyl;AC=UNIMOD:4;TA=C;MT=Fixed	NT=Oxidation;AC=UNIMOD:35;TA=M;MT=Variable	NT=Acetyl;AC=UNIMOD:1;PP=Protein N-term;MT=Variable	NT=Tris(2-carboxyethyl)phosphine (TCEP);AC=PRIDE:0000609	NT=Chloroacetamide (ClAA);AC=PRIDE:0000600	NT=Data-dependent acquisition;AC=PRIDE:0000627	NT=HCD;AC=MS:1000422	27 NCE	NT=orbitrap;AC=MS:1000484	4.5 ppm	20 ppm	300m/z-1650m/z	not available	2	1	cohort 2	20151103_Qep8_MiWi_SA_072897_FR2_54.raw	v1.1.0	NT=ms-proteomics;VV=v1.1.0	NT=vertebrates;VV=v1.1.0	NT=sdrf-skills;VV=v0.2.0	Apoetm1Unc	16 week
S_A16_1	Mus musculus	aorta	cardiovascular system	not applicable	tissue	study sample	atherosclerosis	adult	Apoetm1Unc	male	16 week	high fat diet	no depletion	not pooled	1	S_A16_1_FR3	proteomic profiling by mass spectrometry	NT=Q Exactive HF;AC=MS:1002523	NT=label free sample;AC=MS:1002038	NT=Trypsin;AC=MS:1001251	NT=Lys-C;AC=MS:1001309	NT=Carbamidomethyl;AC=UNIMOD:4;TA=C;MT=Fixed	NT=Oxidation;AC=UNIMOD:35;TA=M;MT=Variable	NT=Acetyl;AC=UNIMOD:1;PP=Protein N-term;MT=Variable	NT=Tris(2-carboxyethyl)phosphine (TCEP);AC=PRIDE:0000609	NT=Chloroacetamide (ClAA);AC=PRIDE:0000600	NT=Data-dependent acquisition;AC=PRIDE:0000627	NT=HCD;AC=MS:1000422	27 NCE	NT=orbitrap;AC=MS:1000484	4.5 ppm	20 ppm	300m/z-1650m/z	not available	3	1	cohort 2	20151103_Qep8_MiWi_SA_072897_FR3_55.raw	v1.1.0	NT=ms-proteomics;VV=v1.1.0	NT=vertebrates;VV=v1.1.0	NT=sdrf-skills;VV=v0.2.0	Apoetm1Unc	16 week
S_A16_1	Mus musculus	aorta	cardiovascular system	not applicable	tissue	study sample	atherosclerosis	adult	Apoetm1Unc	male	16 week	high fat diet	no depletion	not pooled	1	S_A16_1_ECM	proteomic profiling by mass spectrometry	NT=Q Exactive HF;AC=MS:1002523	NT=label free sample;AC=MS:1002038	NT=Trypsin;AC=MS:1001251	NT=Lys-C;AC=MS:1001309	NT=Carbamidomethyl;AC=UNIMOD:4;TA=C;MT=Fixed	NT=Oxidation;AC=UNIMOD:35;TA=M;MT=Variable	NT=Acetyl;AC=UNIMOD:1;PP=Protein N-term;MT=Variable	NT=Tris(2-carboxyethyl)phosphine (TCEP);AC=PRIDE:0000609	NT=Chloroacetamide (ClAA);AC=PRIDE:0000600	NT=Data-dependent acquisition;AC=PRIDE:0000627	NT=HCD;AC=MS:1000422	27 NCE	NT=orbitrap;AC=MS:1000484	4.5 ppm	20 ppm	300m/z-1650m/z	not available	4	1	cohort 2	20151103_Qep8_MiWi_SA_072897_ECM_56.raw	v1.1.0	NT=ms-proteomics;VV=v1.1.0	NT=vertebrates;VV=v1.1.0	NT=sdrf-skills;VV=v0.2.0	Apoetm1Unc	16 week
S_A16_2	Mus musculus	aorta	cardiovascular system	not applicable	tissue	study sample	atherosclerosis	adult	Apoetm1Unc	male	16 week	high fat diet	no depletion	not pooled	2	S_A16_2_FR1	proteomic profiling by mass spectrometry	NT=Q Exactive HF;AC=MS:1002523	NT=label free sample;AC=MS:1002038	NT=Trypsin;AC=MS:1001251	NT=Lys-C;AC=MS:1001309	NT=Carbamidomethyl;AC=UNIMOD:4;TA=C;MT=Fixed	NT=Oxidation;AC=UNIMOD:35;TA=M;MT=Variable	NT=Acetyl;AC=UNIMOD:1;PP=Protein N-term;MT=Variable	NT=Tris(2-carboxyethyl)phosphine (TCEP);AC=PRIDE:0000609	NT=Chloroacetamide (ClAA);AC=PRIDE:0000600	NT=Data-dependent acquisition;AC=PRIDE:0000627	NT=HCD;AC=MS:1000422	27 NCE	NT=orbitrap;AC=MS:1000484	4.5 ppm	20 ppm	300m/z-1650m/z	not available	1	1	cohort 2	20151103_Qep8_MiWi_SA_072898_FR1_57.raw	v1.1.0	NT=ms-proteomics;VV=v1.1.0	NT=vertebrates;VV=v1.1.0	NT=sdrf-skills;VV=v0.2.0	Apoetm1Unc	16 week
S_A16_2	Mus musculus	aorta	cardiovascular system	not applicable	tissue	study sample	atherosclerosis	adult	Apoetm1Unc	male	16 week	high fat diet	no depletion	not pooled	2	S_A16_2_FR2	proteomic profiling by mass spectrometry	NT=Q Exactive HF;AC=MS:1002523	NT=label free sample;AC=MS:1002038	NT=Trypsin;AC=MS:1001251	NT=Lys-C;AC=MS:1001309	NT=Carbamidomethyl;AC=UNIMOD:4;TA=C;MT=Fixed	NT=Oxidation;AC=UNIMOD:35;TA=M;MT=Variable	NT=Acetyl;AC=UNIMOD:1;PP=Protein N-term;MT=Variable	NT=Tris(2-carboxyethyl)phosphine (TCEP);AC=PRIDE:0000609	NT=Chloroacetamide (ClAA);AC=PRIDE:0000600	NT=Data-dependent acquisition;AC=PRIDE:0000627	NT=HCD;AC=MS:1000422	27 NCE	NT=orbitrap;AC=MS:1000484	4.5 ppm	20 ppm	300m/z-1650m/z	not available	2	1	cohort 2	20151103_Qep8_MiWi_SA_072898_FR2_58.raw	v1.1.0	NT=ms-proteomics;VV=v1.1.0	NT=vertebrates;VV=v1.1.0	NT=sdrf-skills;VV=v0.2.0	Apoetm1Unc	16 week
S_A16_2	Mus musculus	aorta	cardiovascular system	not applicable	tissue	study sample	atherosclerosis	adult	Apoetm1Unc	male	16 week	high fat diet	no depletion	not pooled	2	S_A16_2_FR3	proteomic profiling by mass spectrometry	NT=Q Exactive HF;AC=MS:1002523	NT=label free sample;AC=MS:1002038	NT=Trypsin;AC=MS:1001251	NT=Lys-C;AC=MS:1001309	NT=Carbamidomethyl;AC=UNIMOD:4;TA=C;MT=Fixed	NT=Oxidation;AC=UNIMOD:35;TA=M;MT=Variable	NT=Acetyl;AC=UNIMOD:1;PP=Protein N-term;MT=Variable	NT=Tris(2-carboxyethyl)phosphine (TCEP);AC=PRIDE:0000609	NT=Chloroacetamide (ClAA);AC=PRIDE:0000600	NT=Data-dependent acquisition;AC=PRIDE:0000627	NT=HCD;AC=MS:1000422	27 NCE	NT=orbitrap;AC=MS:1000484	4.5 ppm	20 ppm	300m/z-1650m/z	not available	3	1	cohort 2	20151103_Qep8_MiWi_SA_072898_FR3_59.raw	v1.1.0	NT=ms-proteomics;VV=v1.1.0	NT=vertebrates;VV=v1.1.0	NT=sdrf-skills;VV=v0.2.0	Apoetm1Unc	16 week
S_A16_2	Mus musculus	aorta	cardiovascular system	not applicable	tissue	study sample	atherosclerosis	adult	Apoetm1Unc	male	16 week	high fat diet	no depletion	not pooled	2	S_A16_2_ECM	proteomic profiling by mass spectrometry	NT=Q Exactive HF;AC=MS:1002523	NT=label free sample;AC=MS:1002038	NT=Trypsin;AC=MS:1001251	NT=Lys-C;AC=MS:1001309	NT=Carbamidomethyl;AC=UNIMOD:4;TA=C;MT=Fixed	NT=Oxidation;AC=UNIMOD:35;TA=M;MT=Variable	NT=Acetyl;AC=UNIMOD:1;PP=Protein N-term;MT=Variable	NT=Tris(2-carboxyethyl)phosphine (TCEP);AC=PRIDE:0000609	NT=Chloroacetamide (ClAA);AC=PRIDE:0000600	NT=Data-dependent acquisition;AC=PRIDE:0000627	NT=HCD;AC=MS:1000422	27 NCE	NT=orbitrap;AC=MS:1000484	4.5 ppm	20 ppm	300m/z-1650m/z	not available	4	1	cohort 2	20151103_Qep8_MiWi_SA_072898_ECM_60.raw	v1.1.0	NT=ms-proteomics;VV=v1.1.0	NT=vertebrates;VV=v1.1.0	NT=sdrf-skills;VV=v0.2.0	Apoetm1Unc	16 week
S_A16_3	Mus musculus	aorta	cardiovascular system	not applicable	tissue	study sample	atherosclerosis	adult	Apoetm1Unc	male	16 week	high fat diet	no depletion	not pooled	3	S_A16_3_FR1	proteomic profiling by mass spectrometry	NT=Q Exactive HF;AC=MS:1002523	NT=label free sample;AC=MS:1002038	NT=Trypsin;AC=MS:1001251	NT=Lys-C;AC=MS:1001309	NT=Carbamidomethyl;AC=UNIMOD:4;TA=C;MT=Fixed	NT=Oxidation;AC=UNIMOD:35;TA=M;MT=Variable	NT=Acetyl;AC=UNIMOD:1;PP=Protein N-term;MT=Variable	NT=Tris(2-carboxyethyl)phosphine (TCEP);AC=PRIDE:0000609	NT=Chloroacetamide (ClAA);AC=PRIDE:0000600	NT=Data-dependent acquisition;AC=PRIDE:0000627	NT=HCD;AC=MS:1000422	27 NCE	NT=orbitrap;AC=MS:1000484	4.5 ppm	20 ppm	300m/z-1650m/z	not available	1	1	cohort 2	20151103_Qep8_MiWi_SA_072903_FR1_45.raw	v1.1.0	NT=ms-proteomics;VV=v1.1.0	NT=vertebrates;VV=v1.1.0	NT=sdrf-skills;VV=v0.2.0	Apoetm1Unc	16 week
S_A16_3	Mus musculus	aorta	cardiovascular system	not applicable	tissue	study sample	atherosclerosis	adult	Apoetm1Unc	male	16 week	high fat diet	no depletion	not pooled	3	S_A16_3_FR2	proteomic profiling by mass spectrometry	NT=Q Exactive HF;AC=MS:1002523	NT=label free sample;AC=MS:1002038	NT=Trypsin;AC=MS:1001251	NT=Lys-C;AC=MS:1001309	NT=Carbamidomethyl;AC=UNIMOD:4;TA=C;MT=Fixed	NT=Oxidation;AC=UNIMOD:35;TA=M;MT=Variable	NT=Acetyl;AC=UNIMOD:1;PP=Protein N-term;MT=Variable	NT=Tris(2-carboxyethyl)phosphine (TCEP);AC=PRIDE:0000609	NT=Chloroacetamide (ClAA);AC=PRIDE:0000600	NT=Data-dependent acquisition;AC=PRIDE:0000627	NT=HCD;AC=MS:1000422	27 NCE	NT=orbitrap;AC=MS:1000484	4.5 ppm	20 ppm	300m/z-1650m/z	not available	2	1	cohort 2	20151103_Qep8_MiWi_SA_072903_FR2_46.raw	v1.1.0	NT=ms-proteomics;VV=v1.1.0	NT=vertebrates;VV=v1.1.0	NT=sdrf-skills;VV=v0.2.0	Apoetm1Unc	16 week
S_A16_3	Mus musculus	aorta	cardiovascular system	not applicable	tissue	study sample	atherosclerosis	adult	Apoetm1Unc	male	16 week	high fat diet	no depletion	not pooled	3	S_A16_3_FR3	proteomic profiling by mass spectrometry	NT=Q Exactive HF;AC=MS:1002523	NT=label free sample;AC=MS:1002038	NT=Trypsin;AC=MS:1001251	NT=Lys-C;AC=MS:1001309	NT=Carbamidomethyl;AC=UNIMOD:4;TA=C;MT=Fixed	NT=Oxidation;AC=UNIMOD:35;TA=M;MT=Variable	NT=Acetyl;AC=UNIMOD:1;PP=Protein N-term;MT=Variable	NT=Tris(2-carboxyethyl)phosphine (TCEP);AC=PRIDE:0000609	NT=Chloroacetamide (ClAA);AC=PRIDE:0000600	NT=Data-dependent acquisition;AC=PRIDE:0000627	NT=HCD;AC=MS:1000422	27 NCE	NT=orbitrap;AC=MS:1000484	4.5 ppm	20 ppm	300m/z-1650m/z	not available	3	1	cohort 2	20151103_Qep8_MiWi_SA_072903_FR3_47.raw	v1.1.0	NT=ms-proteomics;VV=v1.1.0	NT=vertebrates;VV=v1.1.0	NT=sdrf-skills;VV=v0.2.0	Apoetm1Unc	16 week
S_A16_3	Mus musculus	aorta	cardiovascular system	not applicable	tissue	study sample	atherosclerosis	adult	Apoetm1Unc	male	16 week	high fat diet	no depletion	not pooled	3	S_A16_3_ECM	proteomic profiling by mass spectrometry	NT=Q Exactive HF;AC=MS:1002523	NT=label free sample;AC=MS:1002038	NT=Trypsin;AC=MS:1001251	NT=Lys-C;AC=MS:1001309	NT=Carbamidomethyl;AC=UNIMOD:4;TA=C;MT=Fixed	NT=Oxidation;AC=UNIMOD:35;TA=M;MT=Variable	NT=Acetyl;AC=UNIMOD:1;PP=Protein N-term;MT=Variable	NT=Tris(2-carboxyethyl)phosphine (TCEP);AC=PRIDE:0000609	NT=Chloroacetamide (ClAA);AC=PRIDE:0000600	NT=Data-dependent acquisition;AC=PRIDE:0000627	NT=HCD;AC=MS:1000422	27 NCE	NT=orbitrap;AC=MS:1000484	4.5 ppm	20 ppm	300m/z-1650m/z	not available	4	1	cohort 2	20151103_Qep8_MiWi_SA_072903_ECM_48.raw	v1.1.0	NT=ms-proteomics;VV=v1.1.0	NT=vertebrates;VV=v1.1.0	NT=sdrf-skills;VV=v0.2.0	Apoetm1Unc	16 week
S_A16_4	Mus musculus	aorta	cardiovascular system	not applicable	tissue	study sample	atherosclerosis	adult	Apoetm1Unc	male	16 week	high fat diet	no depletion	not pooled	4	S_A16_4_FR1	proteomic profiling by mass spectrometry	NT=Q Exactive HF;AC=MS:1002523	NT=label free sample;AC=MS:1002038	NT=Trypsin;AC=MS:1001251	NT=Lys-C;AC=MS:1001309	NT=Carbamidomethyl;AC=UNIMOD:4;TA=C;MT=Fixed	NT=Oxidation;AC=UNIMOD:35;TA=M;MT=Variable	NT=Acetyl;AC=UNIMOD:1;PP=Protein N-term;MT=Variable	NT=Tris(2-carboxyethyl)phosphine (TCEP);AC=PRIDE:0000609	NT=Chloroacetamide (ClAA);AC=PRIDE:0000600	NT=Data-dependent acquisition;AC=PRIDE:0000627	NT=HCD;AC=MS:1000422	27 NCE	NT=orbitrap;AC=MS:1000484	4.5 ppm	20 ppm	300m/z-1650m/z	not available	1	1	cohort 2	20151103_Qep8_MiWi_SA_074350_FR1_49.raw	v1.1.0	NT=ms-proteomics;VV=v1.1.0	NT=vertebrates;VV=v1.1.0	NT=sdrf-skills;VV=v0.2.0	Apoetm1Unc	16 week
S_A16_4	Mus musculus	aorta	cardiovascular system	not applicable	tissue	study sample	atherosclerosis	adult	Apoetm1Unc	male	16 week	high fat diet	no depletion	not pooled	4	S_A16_4_FR2	proteomic profiling by mass spectrometry	NT=Q Exactive HF;AC=MS:1002523	NT=label free sample;AC=MS:1002038	NT=Trypsin;AC=MS:1001251	NT=Lys-C;AC=MS:1001309	NT=Carbamidomethyl;AC=UNIMOD:4;TA=C;MT=Fixed	NT=Oxidation;AC=UNIMOD:35;TA=M;MT=Variable	NT=Acetyl;AC=UNIMOD:1;PP=Protein N-term;MT=Variable	NT=Tris(2-carboxyethyl)phosphine (TCEP);AC=PRIDE:0000609	NT=Chloroacetamide (ClAA);AC=PRIDE:0000600	NT=Data-dependent acquisition;AC=PRIDE:0000627	NT=HCD;AC=MS:1000422	27 NCE	NT=orbitrap;AC=MS:1000484	4.5 ppm	20 ppm	300m/z-1650m/z	not available	2	1	cohort 2	20151103_Qep8_MiWi_SA_074350_FR2_50.raw	v1.1.0	NT=ms-proteomics;VV=v1.1.0	NT=vertebrates;VV=v1.1.0	NT=sdrf-skills;VV=v0.2.0	Apoetm1Unc	16 week
S_A16_4	Mus musculus	aorta	cardiovascular system	not applicable	tissue	study sample	atherosclerosis	adult	Apoetm1Unc	male	16 week	high fat diet	no depletion	not pooled	4	S_A16_4_FR3	proteomic profiling by mass spectrometry	NT=Q Exactive HF;AC=MS:1002523	NT=label free sample;AC=MS:1002038	NT=Trypsin;AC=MS:1001251	NT=Lys-C;AC=MS:1001309	NT=Carbamidomethyl;AC=UNIMOD:4;TA=C;MT=Fixed	NT=Oxidation;AC=UNIMOD:35;TA=M;MT=Variable	NT=Acetyl;AC=UNIMOD:1;PP=Protein N-term;MT=Variable	NT=Tris(2-carboxyethyl)phosphine (TCEP);AC=PRIDE:0000609	NT=Chloroacetamide (ClAA);AC=PRIDE:0000600	NT=Data-dependent acquisition;AC=PRIDE:0000627	NT=HCD;AC=MS:1000422	27 NCE	NT=orbitrap;AC=MS:1000484	4.5 ppm	20 ppm	300m/z-1650m/z	not available	3	1	cohort 2	20151103_Qep8_MiWi_SA_074350_FR3_51.raw	v1.1.0	NT=ms-proteomics;VV=v1.1.0	NT=vertebrates;VV=v1.1.0	NT=sdrf-skills;VV=v0.2.0	Apoetm1Unc	16 week
S_A16_4	Mus musculus	aorta	cardiovascular system	not applicable	tissue	study sample	atherosclerosis	adult	Apoetm1Unc	male	16 week	high fat diet	no depletion	not pooled	4	S_A16_4_ECM	proteomic profiling by mass spectrometry	NT=Q Exactive HF;AC=MS:1002523	NT=label free sample;AC=MS:1002038	NT=Trypsin;AC=MS:1001251	NT=Lys-C;AC=MS:1001309	NT=Carbamidomethyl;AC=UNIMOD:4;TA=C;MT=Fixed	NT=Oxidation;AC=UNIMOD:35;TA=M;MT=Variable	NT=Acetyl;AC=UNIMOD:1;PP=Protein N-term;MT=Variable	NT=Tris(2-carboxyethyl)phosphine (TCEP);AC=PRIDE:0000609	NT=Chloroacetamide (ClAA);AC=PRIDE:0000600	NT=Data-dependent acquisition;AC=PRIDE:0000627	NT=HCD;AC=MS:1000422	27 NCE	NT=orbitrap;AC=MS:1000484	4.5 ppm	20 ppm	300m/z-1650m/z	not available	4	1	cohort 2	20151103_Qep8_MiWi_SA_074350_ECM_52.raw	v1.1.0	NT=ms-proteomics;VV=v1.1.0	NT=vertebrates;VV=v1.1.0	NT=sdrf-skills;VV=v0.2.0	Apoetm1Unc	16 week
S_A24_1	Mus musculus	aorta	cardiovascular system	not applicable	tissue	study sample	atherosclerosis	adult	Apoetm1Unc	male	24 week	high fat diet	no depletion	not pooled	1	S_A24_1_FR1	proteomic profiling by mass spectrometry	NT=Q Exactive HF;AC=MS:1002523	NT=label free sample;AC=MS:1002038	NT=Trypsin;AC=MS:1001251	NT=Lys-C;AC=MS:1001309	NT=Carbamidomethyl;AC=UNIMOD:4;TA=C;MT=Fixed	NT=Oxidation;AC=UNIMOD:35;TA=M;MT=Variable	NT=Acetyl;AC=UNIMOD:1;PP=Protein N-term;MT=Variable	NT=Tris(2-carboxyethyl)phosphine (TCEP);AC=PRIDE:0000609	NT=Chloroacetamide (ClAA);AC=PRIDE:0000600	NT=Data-dependent acquisition;AC=PRIDE:0000627	NT=HCD;AC=MS:1000422	27 NCE	NT=orbitrap;AC=MS:1000484	4.5 ppm	20 ppm	300m/z-1650m/z	not available	1	1	cohort 2	20151103_Qep8_MiWi_SA_062375_FR1_85.raw	v1.1.0	NT=ms-proteomics;VV=v1.1.0	NT=vertebrates;VV=v1.1.0	NT=sdrf-skills;VV=v0.2.0	Apoetm1Unc	24 week
S_A24_1	Mus musculus	aorta	cardiovascular system	not applicable	tissue	study sample	atherosclerosis	adult	Apoetm1Unc	male	24 week	high fat diet	no depletion	not pooled	1	S_A24_1_FR2	proteomic profiling by mass spectrometry	NT=Q Exactive HF;AC=MS:1002523	NT=label free sample;AC=MS:1002038	NT=Trypsin;AC=MS:1001251	NT=Lys-C;AC=MS:1001309	NT=Carbamidomethyl;AC=UNIMOD:4;TA=C;MT=Fixed	NT=Oxidation;AC=UNIMOD:35;TA=M;MT=Variable	NT=Acetyl;AC=UNIMOD:1;PP=Protein N-term;MT=Variable	NT=Tris(2-carboxyethyl)phosphine (TCEP);AC=PRIDE:0000609	NT=Chloroacetamide (ClAA);AC=PRIDE:0000600	NT=Data-dependent acquisition;AC=PRIDE:0000627	NT=HCD;AC=MS:1000422	27 NCE	NT=orbitrap;AC=MS:1000484	4.5 ppm	20 ppm	300m/z-1650m/z	not available	2	1	cohort 2	20151103_Qep8_MiWi_SA_062375_FR2_86.raw	v1.1.0	NT=ms-proteomics;VV=v1.1.0	NT=vertebrates;VV=v1.1.0	NT=sdrf-skills;VV=v0.2.0	Apoetm1Unc	24 week
S_A24_1	Mus musculus	aorta	cardiovascular system	not applicable	tissue	study sample	atherosclerosis	adult	Apoetm1Unc	male	24 week	high fat diet	no depletion	not pooled	1	S_A24_1_FR3	proteomic profiling by mass spectrometry	NT=Q Exactive HF;AC=MS:1002523	NT=label free sample;AC=MS:1002038	NT=Trypsin;AC=MS:1001251	NT=Lys-C;AC=MS:1001309	NT=Carbamidomethyl;AC=UNIMOD:4;TA=C;MT=Fixed	NT=Oxidation;AC=UNIMOD:35;TA=M;MT=Variable	NT=Acetyl;AC=UNIMOD:1;PP=Protein N-term;MT=Variable	NT=Tris(2-carboxyethyl)phosphine (TCEP);AC=PRIDE:0000609	NT=Chloroacetamide (ClAA);AC=PRIDE:0000600	NT=Data-dependent acquisition;AC=PRIDE:0000627	NT=HCD;AC=MS:1000422	27 NCE	NT=orbitrap;AC=MS:1000484	4.5 ppm	20 ppm	300m/z-1650m/z	not available	3	1	cohort 2	20151103_Qep8_MiWi_SA_062375_FR3_87.raw	v1.1.0	NT=ms-proteomics;VV=v1.1.0	NT=vertebrates;VV=v1.1.0	NT=sdrf-skills;VV=v0.2.0	Apoetm1Unc	24 week
S_A24_1	Mus musculus	aorta	cardiovascular system	not applicable	tissue	study sample	atherosclerosis	adult	Apoetm1Unc	male	24 week	high fat diet	no depletion	not pooled	1	S_A24_1_ECM	proteomic profiling by mass spectrometry	NT=Q Exactive HF;AC=MS:1002523	NT=label free sample;AC=MS:1002038	NT=Trypsin;AC=MS:1001251	NT=Lys-C;AC=MS:1001309	NT=Carbamidomethyl;AC=UNIMOD:4;TA=C;MT=Fixed	NT=Oxidation;AC=UNIMOD:35;TA=M;MT=Variable	NT=Acetyl;AC=UNIMOD:1;PP=Protein N-term;MT=Variable	NT=Tris(2-carboxyethyl)phosphine (TCEP);AC=PRIDE:0000609	NT=Chloroacetamide (ClAA);AC=PRIDE:0000600	NT=Data-dependent acquisition;AC=PRIDE:0000627	NT=HCD;AC=MS:1000422	27 NCE	NT=orbitrap;AC=MS:1000484	4.5 ppm	20 ppm	300m/z-1650m/z	not available	4	1	cohort 2	20151103_Qep8_MiWi_SA_062375_ECM_88.raw	v1.1.0	NT=ms-proteomics;VV=v1.1.0	NT=vertebrates;VV=v1.1.0	NT=sdrf-skills;VV=v0.2.0	Apoetm1Unc	24 week
S_A24_2	Mus musculus	aorta	cardiovascular system	not applicable	tissue	study sample	atherosclerosis	adult	Apoetm1Unc	male	24 week	high fat diet	no depletion	not pooled	2	S_A24_2_FR1	proteomic profiling by mass spectrometry	NT=Q Exactive HF;AC=MS:1002523	NT=label free sample;AC=MS:1002038	NT=Trypsin;AC=MS:1001251	NT=Lys-C;AC=MS:1001309	NT=Carbamidomethyl;AC=UNIMOD:4;TA=C;MT=Fixed	NT=Oxidation;AC=UNIMOD:35;TA=M;MT=Variable	NT=Acetyl;AC=UNIMOD:1;PP=Protein N-term;MT=Variable	NT=Tris(2-carboxyethyl)phosphine (TCEP);AC=PRIDE:0000609	NT=Chloroacetamide (ClAA);AC=PRIDE:0000600	NT=Data-dependent acquisition;AC=PRIDE:0000627	NT=HCD;AC=MS:1000422	27 NCE	NT=orbitrap;AC=MS:1000484	4.5 ppm	20 ppm	300m/z-1650m/z	not available	1	1	cohort 2	20151103_Qep8_MiWi_SA_062388_FR1_77.raw	v1.1.0	NT=ms-proteomics;VV=v1.1.0	NT=vertebrates;VV=v1.1.0	NT=sdrf-skills;VV=v0.2.0	Apoetm1Unc	24 week
S_A24_2	Mus musculus	aorta	cardiovascular system	not applicable	tissue	study sample	atherosclerosis	adult	Apoetm1Unc	male	24 week	high fat diet	no depletion	not pooled	2	S_A24_2_FR2	proteomic profiling by mass spectrometry	NT=Q Exactive HF;AC=MS:1002523	NT=label free sample;AC=MS:1002038	NT=Trypsin;AC=MS:1001251	NT=Lys-C;AC=MS:1001309	NT=Carbamidomethyl;AC=UNIMOD:4;TA=C;MT=Fixed	NT=Oxidation;AC=UNIMOD:35;TA=M;MT=Variable	NT=Acetyl;AC=UNIMOD:1;PP=Protein N-term;MT=Variable	NT=Tris(2-carboxyethyl)phosphine (TCEP);AC=PRIDE:0000609	NT=Chloroacetamide (ClAA);AC=PRIDE:0000600	NT=Data-dependent acquisition;AC=PRIDE:0000627	NT=HCD;AC=MS:1000422	27 NCE	NT=orbitrap;AC=MS:1000484	4.5 ppm	20 ppm	300m/z-1650m/z	not available	2	1	cohort 2	20151103_Qep8_MiWi_SA_062388_FR2_78.raw	v1.1.0	NT=ms-proteomics;VV=v1.1.0	NT=vertebrates;VV=v1.1.0	NT=sdrf-skills;VV=v0.2.0	Apoetm1Unc	24 week
S_A24_2	Mus musculus	aorta	cardiovascular system	not applicable	tissue	study sample	atherosclerosis	adult	Apoetm1Unc	male	24 week	high fat diet	no depletion	not pooled	2	S_A24_2_FR3	proteomic profiling by mass spectrometry	NT=Q Exactive HF;AC=MS:1002523	NT=label free sample;AC=MS:1002038	NT=Trypsin;AC=MS:1001251	NT=Lys-C;AC=MS:1001309	NT=Carbamidomethyl;AC=UNIMOD:4;TA=C;MT=Fixed	NT=Oxidation;AC=UNIMOD:35;TA=M;MT=Variable	NT=Acetyl;AC=UNIMOD:1;PP=Protein N-term;MT=Variable	NT=Tris(2-carboxyethyl)phosphine (TCEP);AC=PRIDE:0000609	NT=Chloroacetamide (ClAA);AC=PRIDE:0000600	NT=Data-dependent acquisition;AC=PRIDE:0000627	NT=HCD;AC=MS:1000422	27 NCE	NT=orbitrap;AC=MS:1000484	4.5 ppm	20 ppm	300m/z-1650m/z	not available	3	1	cohort 2	20151103_Qep8_MiWi_SA_062388_FR3_79.raw	v1.1.0	NT=ms-proteomics;VV=v1.1.0	NT=vertebrates;VV=v1.1.0	NT=sdrf-skills;VV=v0.2.0	Apoetm1Unc	24 week
S_A24_2	Mus musculus	aorta	cardiovascular system	not applicable	tissue	study sample	atherosclerosis	adult	Apoetm1Unc	male	24 week	high fat diet	no depletion	not pooled	2	S_A24_2_ECM	proteomic profiling by mass spectrometry	NT=Q Exactive HF;AC=MS:1002523	NT=label free sample;AC=MS:1002038	NT=Trypsin;AC=MS:1001251	NT=Lys-C;AC=MS:1001309	NT=Carbamidomethyl;AC=UNIMOD:4;TA=C;MT=Fixed	NT=Oxidation;AC=UNIMOD:35;TA=M;MT=Variable	NT=Acetyl;AC=UNIMOD:1;PP=Protein N-term;MT=Variable	NT=Tris(2-carboxyethyl)phosphine (TCEP);AC=PRIDE:0000609	NT=Chloroacetamide (ClAA);AC=PRIDE:0000600	NT=Data-dependent acquisition;AC=PRIDE:0000627	NT=HCD;AC=MS:1000422	27 NCE	NT=orbitrap;AC=MS:1000484	4.5 ppm	20 ppm	300m/z-1650m/z	not available	4	1	cohort 2	20151103_Qep8_MiWi_SA_062388_ECM_80.raw	v1.1.0	NT=ms-proteomics;VV=v1.1.0	NT=vertebrates;VV=v1.1.0	NT=sdrf-skills;VV=v0.2.0	Apoetm1Unc	24 week
S_A24_3	Mus musculus	aorta	cardiovascular system	not applicable	tissue	study sample	atherosclerosis	adult	Apoetm1Unc	male	24 week	high fat diet	no depletion	not pooled	3	S_A24_3_FR1	proteomic profiling by mass spectrometry	NT=Q Exactive HF;AC=MS:1002523	NT=label free sample;AC=MS:1002038	NT=Trypsin;AC=MS:1001251	NT=Lys-C;AC=MS:1001309	NT=Carbamidomethyl;AC=UNIMOD:4;TA=C;MT=Fixed	NT=Oxidation;AC=UNIMOD:35;TA=M;MT=Variable	NT=Acetyl;AC=UNIMOD:1;PP=Protein N-term;MT=Variable	NT=Tris(2-carboxyethyl)phosphine (TCEP);AC=PRIDE:0000609	NT=Chloroacetamide (ClAA);AC=PRIDE:0000600	NT=Data-dependent acquisition;AC=PRIDE:0000627	NT=HCD;AC=MS:1000422	27 NCE	NT=orbitrap;AC=MS:1000484	4.5 ppm	20 ppm	300m/z-1650m/z	not available	1	1	cohort 2	20151103_Qep8_MiWi_SA_062389_FR1_81.raw	v1.1.0	NT=ms-proteomics;VV=v1.1.0	NT=vertebrates;VV=v1.1.0	NT=sdrf-skills;VV=v0.2.0	Apoetm1Unc	24 week
S_A24_3	Mus musculus	aorta	cardiovascular system	not applicable	tissue	study sample	atherosclerosis	adult	Apoetm1Unc	male	24 week	high fat diet	no depletion	not pooled	3	S_A24_3_FR2	proteomic profiling by mass spectrometry	NT=Q Exactive HF;AC=MS:1002523	NT=label free sample;AC=MS:1002038	NT=Trypsin;AC=MS:1001251	NT=Lys-C;AC=MS:1001309	NT=Carbamidomethyl;AC=UNIMOD:4;TA=C;MT=Fixed	NT=Oxidation;AC=UNIMOD:35;TA=M;MT=Variable	NT=Acetyl;AC=UNIMOD:1;PP=Protein N-term;MT=Variable	NT=Tris(2-carboxyethyl)phosphine (TCEP);AC=PRIDE:0000609	NT=Chloroacetamide (ClAA);AC=PRIDE:0000600	NT=Data-dependent acquisition;AC=PRIDE:0000627	NT=HCD;AC=MS:1000422	27 NCE	NT=orbitrap;AC=MS:1000484	4.5 ppm	20 ppm	300m/z-1650m/z	not available	2	1	cohort 2	20151103_Qep8_MiWi_SA_062389_FR2_82.raw	v1.1.0	NT=ms-proteomics;VV=v1.1.0	NT=vertebrates;VV=v1.1.0	NT=sdrf-skills;VV=v0.2.0	Apoetm1Unc	24 week
S_A24_3	Mus musculus	aorta	cardiovascular system	not applicable	tissue	study sample	atherosclerosis	adult	Apoetm1Unc	male	24 week	high fat diet	no depletion	not pooled	3	S_A24_3_FR3	proteomic profiling by mass spectrometry	NT=Q Exactive HF;AC=MS:1002523	NT=label free sample;AC=MS:1002038	NT=Trypsin;AC=MS:1001251	NT=Lys-C;AC=MS:1001309	NT=Carbamidomethyl;AC=UNIMOD:4;TA=C;MT=Fixed	NT=Oxidation;AC=UNIMOD:35;TA=M;MT=Variable	NT=Acetyl;AC=UNIMOD:1;PP=Protein N-term;MT=Variable	NT=Tris(2-carboxyethyl)phosphine (TCEP);AC=PRIDE:0000609	NT=Chloroacetamide (ClAA);AC=PRIDE:0000600	NT=Data-dependent acquisition;AC=PRIDE:0000627	NT=HCD;AC=MS:1000422	27 NCE	NT=orbitrap;AC=MS:1000484	4.5 ppm	20 ppm	300m/z-1650m/z	not available	3	1	cohort 2	20151103_Qep8_MiWi_SA_062389_FR3_83.raw	v1.1.0	NT=ms-proteomics;VV=v1.1.0	NT=vertebrates;VV=v1.1.0	NT=sdrf-skills;VV=v0.2.0	Apoetm1Unc	24 week
S_A24_3	Mus musculus	aorta	cardiovascular system	not applicable	tissue	study sample	atherosclerosis	adult	Apoetm1Unc	male	24 week	high fat diet	no depletion	not pooled	3	S_A24_3_ECM	proteomic profiling by mass spectrometry	NT=Q Exactive HF;AC=MS:1002523	NT=label free sample;AC=MS:1002038	NT=Trypsin;AC=MS:1001251	NT=Lys-C;AC=MS:1001309	NT=Carbamidomethyl;AC=UNIMOD:4;TA=C;MT=Fixed	NT=Oxidation;AC=UNIMOD:35;TA=M;MT=Variable	NT=Acetyl;AC=UNIMOD:1;PP=Protein N-term;MT=Variable	NT=Tris(2-carboxyethyl)phosphine (TCEP);AC=PRIDE:0000609	NT=Chloroacetamide (ClAA);AC=PRIDE:0000600	NT=Data-dependent acquisition;AC=PRIDE:0000627	NT=HCD;AC=MS:1000422	27 NCE	NT=orbitrap;AC=MS:1000484	4.5 ppm	20 ppm	300m/z-1650m/z	not available	4	1	cohort 2	20151103_Qep8_MiWi_SA_062389_ECM_84.raw	v1.1.0	NT=ms-proteomics;VV=v1.1.0	NT=vertebrates;VV=v1.1.0	NT=sdrf-skills;VV=v0.2.0	Apoetm1Unc	24 week
