source name	characteristics[organism]	characteristics[organism part]	characteristics[cell type]	characteristics[disease]	characteristics[cell line]	characteristics[cellosaurus accession]	characteristics[cellosaurus name]	characteristics[strain or breed]	characteristics[sex]	characteristics[developmental stage]	characteristics[culture medium]	characteristics[passage number]	characteristics[treatment]	characteristics[material type]	characteristics[sample type]	characteristics[enrichment process]	characteristics[depletion]	characteristics[sampling time]	characteristics[pooled sample]	characteristics[biological replicate]	assay name	technology type	comment[instrument]	comment[label]	comment[proteomics data acquisition method]	comment[dissociation method]	comment[collision energy]	comment[ms2 mass analyzer]	comment[ms1 scan range]	comment[precursor mass tolerance]	comment[fragment mass tolerance]	comment[reduction reagent]	comment[alkylation reagent]	comment[cleavage agent details]	comment[cleavage agent details]	comment[modification parameters]	comment[modification parameters]	comment[modification parameters]	comment[modification parameters]	comment[fractionation method]	comment[fraction identifier]	comment[technical replicate]	comment[sample preparation batch]	comment[elution conditions]	comment[data file]	comment[sdrf version]	comment[sdrf template]	comment[sdrf template]	comment[sdrf template]	comment[sdrf annotation tool]	factor value[sampling time]
mESC_EpiLC_0m_rep1	Mus musculus	blastocyst	embryonic stem cell	normal	ES-E14TG2a	CVCL_9108	ES-E14TG2a	129P2/Ola	male	blastocyst	N2B27 medium with 2i (PD0325901, CHIR99021) and LIF	not available	untreated	cell line	study sample	not applicable	no depletion	0 minute	not pooled	1	run 1	proteomic profiling by mass spectrometry	NT=Q Exactive HF;AC=MS:1002523	label free sample	NT=Data-dependent acquisition;AC=PRIDE:0000627	NT=beam-type collision-induced dissociation;AC=MS:1000422	25 NCE	NT=orbitrap;AC=MS:1000484	300m/z-1600m/z	4.5 ppm	20 ppm	NT=Tris(2-carboxyethyl)phosphine (TCEP);AC=PRIDE:0000609	NT=Chloroacetamide (ClAA);AC=PRIDE:0000600	NT=Trypsin;AC=MS:1001251	NT=Lys-C;AC=MS:1001309	NT=Carbamidomethyl;AC=UNIMOD:4;TA=C;MT=Fixed	NT=Oxidation;AC=UNIMOD:35;TA=M;MT=Variable	NT=Acetyl;AC=UNIMOD:1;PP=Protein N-term;MT=Variable	not applicable	not applicable	1	1	in-StageTip SDB-RPS single-shot proteome (measured 2015-08-27 batch)	0.1% formic acid / 60% acetonitrile binary gradient, 300 nL/min: 4-32% B over 180 min then 32-47% B over 40 min	20150827_QEp2_LC10_SeHu_SA_mESC_Proteome_A1.raw	v1.1.0	NT=ms-proteomics;VV=v1.1.0	NT=vertebrates;VV=v1.1.0	NT=cell-lines;VV=v1.1.0	NT=sdrf-skills;VV=v0.2.0	0 minute
mESC_EpiLC_0m_rep2	Mus musculus	blastocyst	embryonic stem cell	normal	ES-E14TG2a	CVCL_9108	ES-E14TG2a	129P2/Ola	male	blastocyst	N2B27 medium with 2i (PD0325901, CHIR99021) and LIF	not available	untreated	cell line	study sample	not applicable	no depletion	0 minute	not pooled	2	run 2	proteomic profiling by mass spectrometry	NT=Q Exactive HF;AC=MS:1002523	label free sample	NT=Data-dependent acquisition;AC=PRIDE:0000627	NT=beam-type collision-induced dissociation;AC=MS:1000422	25 NCE	NT=orbitrap;AC=MS:1000484	300m/z-1600m/z	4.5 ppm	20 ppm	NT=Tris(2-carboxyethyl)phosphine (TCEP);AC=PRIDE:0000609	NT=Chloroacetamide (ClAA);AC=PRIDE:0000600	NT=Trypsin;AC=MS:1001251	NT=Lys-C;AC=MS:1001309	NT=Carbamidomethyl;AC=UNIMOD:4;TA=C;MT=Fixed	NT=Oxidation;AC=UNIMOD:35;TA=M;MT=Variable	NT=Acetyl;AC=UNIMOD:1;PP=Protein N-term;MT=Variable	not applicable	not applicable	1	1	in-StageTip SDB-RPS single-shot proteome (measured 2015-08-27 batch)	0.1% formic acid / 60% acetonitrile binary gradient, 300 nL/min: 4-32% B over 180 min then 32-47% B over 40 min	20150827_QEp2_LC10_SeHu_SA_mESC_Proteome_B1.raw	v1.1.0	NT=ms-proteomics;VV=v1.1.0	NT=vertebrates;VV=v1.1.0	NT=cell-lines;VV=v1.1.0	NT=sdrf-skills;VV=v0.2.0	0 minute
mESC_EpiLC_0m_rep3	Mus musculus	blastocyst	embryonic stem cell	normal	ES-E14TG2a	CVCL_9108	ES-E14TG2a	129P2/Ola	male	blastocyst	N2B27 medium with 2i (PD0325901, CHIR99021) and LIF	not available	untreated	cell line	study sample	not applicable	no depletion	0 minute	not pooled	3	run 3	proteomic profiling by mass spectrometry	NT=Q Exactive HF;AC=MS:1002523	label free sample	NT=Data-dependent acquisition;AC=PRIDE:0000627	NT=beam-type collision-induced dissociation;AC=MS:1000422	25 NCE	NT=orbitrap;AC=MS:1000484	300m/z-1600m/z	4.5 ppm	20 ppm	NT=Tris(2-carboxyethyl)phosphine (TCEP);AC=PRIDE:0000609	NT=Chloroacetamide (ClAA);AC=PRIDE:0000600	NT=Trypsin;AC=MS:1001251	NT=Lys-C;AC=MS:1001309	NT=Carbamidomethyl;AC=UNIMOD:4;TA=C;MT=Fixed	NT=Oxidation;AC=UNIMOD:35;TA=M;MT=Variable	NT=Acetyl;AC=UNIMOD:1;PP=Protein N-term;MT=Variable	not applicable	not applicable	1	1	in-StageTip SDB-RPS single-shot proteome (measured 2015-08-27 batch)	0.1% formic acid / 60% acetonitrile binary gradient, 300 nL/min: 4-32% B over 180 min then 32-47% B over 40 min	20150827_QEp2_LC10_SeHu_SA_mESC_Proteome_C1.raw	v1.1.0	NT=ms-proteomics;VV=v1.1.0	NT=vertebrates;VV=v1.1.0	NT=cell-lines;VV=v1.1.0	NT=sdrf-skills;VV=v0.2.0	0 minute
mESC_EpiLC_0m_rep4	Mus musculus	blastocyst	embryonic stem cell	normal	ES-E14TG2a	CVCL_9108	ES-E14TG2a	129P2/Ola	male	blastocyst	N2B27 medium with 2i (PD0325901, CHIR99021) and LIF	not available	untreated	cell line	study sample	not applicable	no depletion	0 minute	not pooled	4	run 4	proteomic profiling by mass spectrometry	NT=Q Exactive HF;AC=MS:1002523	label free sample	NT=Data-dependent acquisition;AC=PRIDE:0000627	NT=beam-type collision-induced dissociation;AC=MS:1000422	25 NCE	NT=orbitrap;AC=MS:1000484	300m/z-1600m/z	4.5 ppm	20 ppm	NT=Tris(2-carboxyethyl)phosphine (TCEP);AC=PRIDE:0000609	NT=Chloroacetamide (ClAA);AC=PRIDE:0000600	NT=Trypsin;AC=MS:1001251	NT=Lys-C;AC=MS:1001309	NT=Carbamidomethyl;AC=UNIMOD:4;TA=C;MT=Fixed	NT=Oxidation;AC=UNIMOD:35;TA=M;MT=Variable	NT=Acetyl;AC=UNIMOD:1;PP=Protein N-term;MT=Variable	not applicable	not applicable	1	1	in-StageTip SDB-RPS single-shot proteome (measured 2015-08-27 batch)	0.1% formic acid / 60% acetonitrile binary gradient, 300 nL/min: 4-32% B over 180 min then 32-47% B over 40 min	20150827_QEp2_LC10_SeHu_SA_mESC_Proteome_D1.raw	v1.1.0	NT=ms-proteomics;VV=v1.1.0	NT=vertebrates;VV=v1.1.0	NT=cell-lines;VV=v1.1.0	NT=sdrf-skills;VV=v0.2.0	0 minute
mESC_EpiLC_5m_rep1	Mus musculus	blastocyst	embryonic stem cell	normal	ES-E14TG2a	CVCL_9108	ES-E14TG2a	129P2/Ola	male	blastocyst	N2B27 medium with activin A, bFGF and KSR	not available	epiblast-like cell induction	cell line	study sample	not applicable	no depletion	5 minute	not pooled	1	run 5	proteomic profiling by mass spectrometry	NT=Q Exactive HF;AC=MS:1002523	label free sample	NT=Data-dependent acquisition;AC=PRIDE:0000627	NT=beam-type collision-induced dissociation;AC=MS:1000422	25 NCE	NT=orbitrap;AC=MS:1000484	300m/z-1600m/z	4.5 ppm	20 ppm	NT=Tris(2-carboxyethyl)phosphine (TCEP);AC=PRIDE:0000609	NT=Chloroacetamide (ClAA);AC=PRIDE:0000600	NT=Trypsin;AC=MS:1001251	NT=Lys-C;AC=MS:1001309	NT=Carbamidomethyl;AC=UNIMOD:4;TA=C;MT=Fixed	NT=Oxidation;AC=UNIMOD:35;TA=M;MT=Variable	NT=Acetyl;AC=UNIMOD:1;PP=Protein N-term;MT=Variable	not applicable	not applicable	1	1	in-StageTip SDB-RPS single-shot proteome (measured 2015-08-27 batch)	0.1% formic acid / 60% acetonitrile binary gradient, 300 nL/min: 4-32% B over 180 min then 32-47% B over 40 min	20150827_QEp2_LC10_SeHu_SA_mESC_Proteome_A2.raw	v1.1.0	NT=ms-proteomics;VV=v1.1.0	NT=vertebrates;VV=v1.1.0	NT=cell-lines;VV=v1.1.0	NT=sdrf-skills;VV=v0.2.0	5 minute
mESC_EpiLC_5m_rep2	Mus musculus	blastocyst	embryonic stem cell	normal	ES-E14TG2a	CVCL_9108	ES-E14TG2a	129P2/Ola	male	blastocyst	N2B27 medium with activin A, bFGF and KSR	not available	epiblast-like cell induction	cell line	study sample	not applicable	no depletion	5 minute	not pooled	2	run 6	proteomic profiling by mass spectrometry	NT=Q Exactive HF;AC=MS:1002523	label free sample	NT=Data-dependent acquisition;AC=PRIDE:0000627	NT=beam-type collision-induced dissociation;AC=MS:1000422	25 NCE	NT=orbitrap;AC=MS:1000484	300m/z-1600m/z	4.5 ppm	20 ppm	NT=Tris(2-carboxyethyl)phosphine (TCEP);AC=PRIDE:0000609	NT=Chloroacetamide (ClAA);AC=PRIDE:0000600	NT=Trypsin;AC=MS:1001251	NT=Lys-C;AC=MS:1001309	NT=Carbamidomethyl;AC=UNIMOD:4;TA=C;MT=Fixed	NT=Oxidation;AC=UNIMOD:35;TA=M;MT=Variable	NT=Acetyl;AC=UNIMOD:1;PP=Protein N-term;MT=Variable	not applicable	not applicable	1	1	in-StageTip SDB-RPS single-shot proteome (measured 2015-08-27 batch)	0.1% formic acid / 60% acetonitrile binary gradient, 300 nL/min: 4-32% B over 180 min then 32-47% B over 40 min	20150827_QEp2_LC10_SeHu_SA_mESC_Proteome_B2.raw	v1.1.0	NT=ms-proteomics;VV=v1.1.0	NT=vertebrates;VV=v1.1.0	NT=cell-lines;VV=v1.1.0	NT=sdrf-skills;VV=v0.2.0	5 minute
mESC_EpiLC_5m_rep3	Mus musculus	blastocyst	embryonic stem cell	normal	ES-E14TG2a	CVCL_9108	ES-E14TG2a	129P2/Ola	male	blastocyst	N2B27 medium with activin A, bFGF and KSR	not available	epiblast-like cell induction	cell line	study sample	not applicable	no depletion	5 minute	not pooled	3	run 7	proteomic profiling by mass spectrometry	NT=Q Exactive HF;AC=MS:1002523	label free sample	NT=Data-dependent acquisition;AC=PRIDE:0000627	NT=beam-type collision-induced dissociation;AC=MS:1000422	25 NCE	NT=orbitrap;AC=MS:1000484	300m/z-1600m/z	4.5 ppm	20 ppm	NT=Tris(2-carboxyethyl)phosphine (TCEP);AC=PRIDE:0000609	NT=Chloroacetamide (ClAA);AC=PRIDE:0000600	NT=Trypsin;AC=MS:1001251	NT=Lys-C;AC=MS:1001309	NT=Carbamidomethyl;AC=UNIMOD:4;TA=C;MT=Fixed	NT=Oxidation;AC=UNIMOD:35;TA=M;MT=Variable	NT=Acetyl;AC=UNIMOD:1;PP=Protein N-term;MT=Variable	not applicable	not applicable	1	1	in-StageTip SDB-RPS single-shot proteome (measured 2015-08-27 batch)	0.1% formic acid / 60% acetonitrile binary gradient, 300 nL/min: 4-32% B over 180 min then 32-47% B over 40 min	20150827_QEp2_LC10_SeHu_SA_mESC_Proteome_C2.raw	v1.1.0	NT=ms-proteomics;VV=v1.1.0	NT=vertebrates;VV=v1.1.0	NT=cell-lines;VV=v1.1.0	NT=sdrf-skills;VV=v0.2.0	5 minute
mESC_EpiLC_5m_rep4	Mus musculus	blastocyst	embryonic stem cell	normal	ES-E14TG2a	CVCL_9108	ES-E14TG2a	129P2/Ola	male	blastocyst	N2B27 medium with activin A, bFGF and KSR	not available	epiblast-like cell induction	cell line	study sample	not applicable	no depletion	5 minute	not pooled	4	run 8	proteomic profiling by mass spectrometry	NT=Q Exactive HF;AC=MS:1002523	label free sample	NT=Data-dependent acquisition;AC=PRIDE:0000627	NT=beam-type collision-induced dissociation;AC=MS:1000422	25 NCE	NT=orbitrap;AC=MS:1000484	300m/z-1600m/z	4.5 ppm	20 ppm	NT=Tris(2-carboxyethyl)phosphine (TCEP);AC=PRIDE:0000609	NT=Chloroacetamide (ClAA);AC=PRIDE:0000600	NT=Trypsin;AC=MS:1001251	NT=Lys-C;AC=MS:1001309	NT=Carbamidomethyl;AC=UNIMOD:4;TA=C;MT=Fixed	NT=Oxidation;AC=UNIMOD:35;TA=M;MT=Variable	NT=Acetyl;AC=UNIMOD:1;PP=Protein N-term;MT=Variable	not applicable	not applicable	1	1	in-StageTip SDB-RPS single-shot proteome (measured 2015-08-27 batch)	0.1% formic acid / 60% acetonitrile binary gradient, 300 nL/min: 4-32% B over 180 min then 32-47% B over 40 min	20150827_QEp2_LC10_SeHu_SA_mESC_Proteome_D2.raw	v1.1.0	NT=ms-proteomics;VV=v1.1.0	NT=vertebrates;VV=v1.1.0	NT=cell-lines;VV=v1.1.0	NT=sdrf-skills;VV=v0.2.0	5 minute
mESC_EpiLC_15m_rep1	Mus musculus	blastocyst	embryonic stem cell	normal	ES-E14TG2a	CVCL_9108	ES-E14TG2a	129P2/Ola	male	blastocyst	N2B27 medium with activin A, bFGF and KSR	not available	epiblast-like cell induction	cell line	study sample	not applicable	no depletion	15 minute	not pooled	1	run 9	proteomic profiling by mass spectrometry	NT=Q Exactive HF;AC=MS:1002523	label free sample	NT=Data-dependent acquisition;AC=PRIDE:0000627	NT=beam-type collision-induced dissociation;AC=MS:1000422	25 NCE	NT=orbitrap;AC=MS:1000484	300m/z-1600m/z	4.5 ppm	20 ppm	NT=Tris(2-carboxyethyl)phosphine (TCEP);AC=PRIDE:0000609	NT=Chloroacetamide (ClAA);AC=PRIDE:0000600	NT=Trypsin;AC=MS:1001251	NT=Lys-C;AC=MS:1001309	NT=Carbamidomethyl;AC=UNIMOD:4;TA=C;MT=Fixed	NT=Oxidation;AC=UNIMOD:35;TA=M;MT=Variable	NT=Acetyl;AC=UNIMOD:1;PP=Protein N-term;MT=Variable	not applicable	not applicable	1	1	in-StageTip SDB-RPS single-shot proteome (measured 2015-08-27 batch)	0.1% formic acid / 60% acetonitrile binary gradient, 300 nL/min: 4-32% B over 180 min then 32-47% B over 40 min	20150827_QEp2_LC10_SeHu_SA_mESC_Proteome_A3.raw	v1.1.0	NT=ms-proteomics;VV=v1.1.0	NT=vertebrates;VV=v1.1.0	NT=cell-lines;VV=v1.1.0	NT=sdrf-skills;VV=v0.2.0	15 minute
mESC_EpiLC_15m_rep2	Mus musculus	blastocyst	embryonic stem cell	normal	ES-E14TG2a	CVCL_9108	ES-E14TG2a	129P2/Ola	male	blastocyst	N2B27 medium with activin A, bFGF and KSR	not available	epiblast-like cell induction	cell line	study sample	not applicable	no depletion	15 minute	not pooled	2	run 10	proteomic profiling by mass spectrometry	NT=Q Exactive HF;AC=MS:1002523	label free sample	NT=Data-dependent acquisition;AC=PRIDE:0000627	NT=beam-type collision-induced dissociation;AC=MS:1000422	25 NCE	NT=orbitrap;AC=MS:1000484	300m/z-1600m/z	4.5 ppm	20 ppm	NT=Tris(2-carboxyethyl)phosphine (TCEP);AC=PRIDE:0000609	NT=Chloroacetamide (ClAA);AC=PRIDE:0000600	NT=Trypsin;AC=MS:1001251	NT=Lys-C;AC=MS:1001309	NT=Carbamidomethyl;AC=UNIMOD:4;TA=C;MT=Fixed	NT=Oxidation;AC=UNIMOD:35;TA=M;MT=Variable	NT=Acetyl;AC=UNIMOD:1;PP=Protein N-term;MT=Variable	not applicable	not applicable	1	1	in-StageTip SDB-RPS single-shot proteome (measured 2015-08-27 batch)	0.1% formic acid / 60% acetonitrile binary gradient, 300 nL/min: 4-32% B over 180 min then 32-47% B over 40 min	20150827_QEp2_LC10_SeHu_SA_mESC_Proteome_B3.raw	v1.1.0	NT=ms-proteomics;VV=v1.1.0	NT=vertebrates;VV=v1.1.0	NT=cell-lines;VV=v1.1.0	NT=sdrf-skills;VV=v0.2.0	15 minute
mESC_EpiLC_15m_rep3	Mus musculus	blastocyst	embryonic stem cell	normal	ES-E14TG2a	CVCL_9108	ES-E14TG2a	129P2/Ola	male	blastocyst	N2B27 medium with activin A, bFGF and KSR	not available	epiblast-like cell induction	cell line	study sample	not applicable	no depletion	15 minute	not pooled	3	run 11	proteomic profiling by mass spectrometry	NT=Q Exactive HF;AC=MS:1002523	label free sample	NT=Data-dependent acquisition;AC=PRIDE:0000627	NT=beam-type collision-induced dissociation;AC=MS:1000422	25 NCE	NT=orbitrap;AC=MS:1000484	300m/z-1600m/z	4.5 ppm	20 ppm	NT=Tris(2-carboxyethyl)phosphine (TCEP);AC=PRIDE:0000609	NT=Chloroacetamide (ClAA);AC=PRIDE:0000600	NT=Trypsin;AC=MS:1001251	NT=Lys-C;AC=MS:1001309	NT=Carbamidomethyl;AC=UNIMOD:4;TA=C;MT=Fixed	NT=Oxidation;AC=UNIMOD:35;TA=M;MT=Variable	NT=Acetyl;AC=UNIMOD:1;PP=Protein N-term;MT=Variable	not applicable	not applicable	1	1	in-StageTip SDB-RPS single-shot proteome (measured 2015-08-27 batch)	0.1% formic acid / 60% acetonitrile binary gradient, 300 nL/min: 4-32% B over 180 min then 32-47% B over 40 min	20150827_QEp2_LC10_SeHu_SA_mESC_Proteome_C3.raw	v1.1.0	NT=ms-proteomics;VV=v1.1.0	NT=vertebrates;VV=v1.1.0	NT=cell-lines;VV=v1.1.0	NT=sdrf-skills;VV=v0.2.0	15 minute
mESC_EpiLC_15m_rep4	Mus musculus	blastocyst	embryonic stem cell	normal	ES-E14TG2a	CVCL_9108	ES-E14TG2a	129P2/Ola	male	blastocyst	N2B27 medium with activin A, bFGF and KSR	not available	epiblast-like cell induction	cell line	study sample	not applicable	no depletion	15 minute	not pooled	4	run 12	proteomic profiling by mass spectrometry	NT=Q Exactive HF;AC=MS:1002523	label free sample	NT=Data-dependent acquisition;AC=PRIDE:0000627	NT=beam-type collision-induced dissociation;AC=MS:1000422	25 NCE	NT=orbitrap;AC=MS:1000484	300m/z-1600m/z	4.5 ppm	20 ppm	NT=Tris(2-carboxyethyl)phosphine (TCEP);AC=PRIDE:0000609	NT=Chloroacetamide (ClAA);AC=PRIDE:0000600	NT=Trypsin;AC=MS:1001251	NT=Lys-C;AC=MS:1001309	NT=Carbamidomethyl;AC=UNIMOD:4;TA=C;MT=Fixed	NT=Oxidation;AC=UNIMOD:35;TA=M;MT=Variable	NT=Acetyl;AC=UNIMOD:1;PP=Protein N-term;MT=Variable	not applicable	not applicable	1	1	in-StageTip SDB-RPS single-shot proteome (measured 2015-08-27 batch)	0.1% formic acid / 60% acetonitrile binary gradient, 300 nL/min: 4-32% B over 180 min then 32-47% B over 40 min	20150827_QEp2_LC10_SeHu_SA_mESC_Proteome_D3.raw	v1.1.0	NT=ms-proteomics;VV=v1.1.0	NT=vertebrates;VV=v1.1.0	NT=cell-lines;VV=v1.1.0	NT=sdrf-skills;VV=v0.2.0	15 minute
mESC_EpiLC_30m_rep1	Mus musculus	blastocyst	embryonic stem cell	normal	ES-E14TG2a	CVCL_9108	ES-E14TG2a	129P2/Ola	male	blastocyst	N2B27 medium with activin A, bFGF and KSR	not available	epiblast-like cell induction	cell line	study sample	not applicable	no depletion	30 minute	not pooled	1	run 13	proteomic profiling by mass spectrometry	NT=Q Exactive HF;AC=MS:1002523	label free sample	NT=Data-dependent acquisition;AC=PRIDE:0000627	NT=beam-type collision-induced dissociation;AC=MS:1000422	25 NCE	NT=orbitrap;AC=MS:1000484	300m/z-1600m/z	4.5 ppm	20 ppm	NT=Tris(2-carboxyethyl)phosphine (TCEP);AC=PRIDE:0000609	NT=Chloroacetamide (ClAA);AC=PRIDE:0000600	NT=Trypsin;AC=MS:1001251	NT=Lys-C;AC=MS:1001309	NT=Carbamidomethyl;AC=UNIMOD:4;TA=C;MT=Fixed	NT=Oxidation;AC=UNIMOD:35;TA=M;MT=Variable	NT=Acetyl;AC=UNIMOD:1;PP=Protein N-term;MT=Variable	not applicable	not applicable	1	1	in-StageTip SDB-RPS single-shot proteome (measured 2015-08-27 batch)	0.1% formic acid / 60% acetonitrile binary gradient, 300 nL/min: 4-32% B over 180 min then 32-47% B over 40 min	20150827_QEp2_LC10_SeHu_SA_mESC_Proteome_A4.raw	v1.1.0	NT=ms-proteomics;VV=v1.1.0	NT=vertebrates;VV=v1.1.0	NT=cell-lines;VV=v1.1.0	NT=sdrf-skills;VV=v0.2.0	30 minute
mESC_EpiLC_30m_rep2	Mus musculus	blastocyst	embryonic stem cell	normal	ES-E14TG2a	CVCL_9108	ES-E14TG2a	129P2/Ola	male	blastocyst	N2B27 medium with activin A, bFGF and KSR	not available	epiblast-like cell induction	cell line	study sample	not applicable	no depletion	30 minute	not pooled	2	run 14	proteomic profiling by mass spectrometry	NT=Q Exactive HF;AC=MS:1002523	label free sample	NT=Data-dependent acquisition;AC=PRIDE:0000627	NT=beam-type collision-induced dissociation;AC=MS:1000422	25 NCE	NT=orbitrap;AC=MS:1000484	300m/z-1600m/z	4.5 ppm	20 ppm	NT=Tris(2-carboxyethyl)phosphine (TCEP);AC=PRIDE:0000609	NT=Chloroacetamide (ClAA);AC=PRIDE:0000600	NT=Trypsin;AC=MS:1001251	NT=Lys-C;AC=MS:1001309	NT=Carbamidomethyl;AC=UNIMOD:4;TA=C;MT=Fixed	NT=Oxidation;AC=UNIMOD:35;TA=M;MT=Variable	NT=Acetyl;AC=UNIMOD:1;PP=Protein N-term;MT=Variable	not applicable	not applicable	1	1	in-StageTip SDB-RPS single-shot proteome (measured 2015-08-27 batch)	0.1% formic acid / 60% acetonitrile binary gradient, 300 nL/min: 4-32% B over 180 min then 32-47% B over 40 min	20150827_QEp2_LC10_SeHu_SA_mESC_Proteome_B4.raw	v1.1.0	NT=ms-proteomics;VV=v1.1.0	NT=vertebrates;VV=v1.1.0	NT=cell-lines;VV=v1.1.0	NT=sdrf-skills;VV=v0.2.0	30 minute
mESC_EpiLC_30m_rep3	Mus musculus	blastocyst	embryonic stem cell	normal	ES-E14TG2a	CVCL_9108	ES-E14TG2a	129P2/Ola	male	blastocyst	N2B27 medium with activin A, bFGF and KSR	not available	epiblast-like cell induction	cell line	study sample	not applicable	no depletion	30 minute	not pooled	3	run 15	proteomic profiling by mass spectrometry	NT=Q Exactive HF;AC=MS:1002523	label free sample	NT=Data-dependent acquisition;AC=PRIDE:0000627	NT=beam-type collision-induced dissociation;AC=MS:1000422	25 NCE	NT=orbitrap;AC=MS:1000484	300m/z-1600m/z	4.5 ppm	20 ppm	NT=Tris(2-carboxyethyl)phosphine (TCEP);AC=PRIDE:0000609	NT=Chloroacetamide (ClAA);AC=PRIDE:0000600	NT=Trypsin;AC=MS:1001251	NT=Lys-C;AC=MS:1001309	NT=Carbamidomethyl;AC=UNIMOD:4;TA=C;MT=Fixed	NT=Oxidation;AC=UNIMOD:35;TA=M;MT=Variable	NT=Acetyl;AC=UNIMOD:1;PP=Protein N-term;MT=Variable	not applicable	not applicable	1	1	in-StageTip SDB-RPS single-shot proteome (measured 2015-08-27 batch)	0.1% formic acid / 60% acetonitrile binary gradient, 300 nL/min: 4-32% B over 180 min then 32-47% B over 40 min	20150827_QEp2_LC10_SeHu_SA_mESC_Proteome_C4.raw	v1.1.0	NT=ms-proteomics;VV=v1.1.0	NT=vertebrates;VV=v1.1.0	NT=cell-lines;VV=v1.1.0	NT=sdrf-skills;VV=v0.2.0	30 minute
mESC_EpiLC_30m_rep4	Mus musculus	blastocyst	embryonic stem cell	normal	ES-E14TG2a	CVCL_9108	ES-E14TG2a	129P2/Ola	male	blastocyst	N2B27 medium with activin A, bFGF and KSR	not available	epiblast-like cell induction	cell line	study sample	not applicable	no depletion	30 minute	not pooled	4	run 16	proteomic profiling by mass spectrometry	NT=Q Exactive HF;AC=MS:1002523	label free sample	NT=Data-dependent acquisition;AC=PRIDE:0000627	NT=beam-type collision-induced dissociation;AC=MS:1000422	25 NCE	NT=orbitrap;AC=MS:1000484	300m/z-1600m/z	4.5 ppm	20 ppm	NT=Tris(2-carboxyethyl)phosphine (TCEP);AC=PRIDE:0000609	NT=Chloroacetamide (ClAA);AC=PRIDE:0000600	NT=Trypsin;AC=MS:1001251	NT=Lys-C;AC=MS:1001309	NT=Carbamidomethyl;AC=UNIMOD:4;TA=C;MT=Fixed	NT=Oxidation;AC=UNIMOD:35;TA=M;MT=Variable	NT=Acetyl;AC=UNIMOD:1;PP=Protein N-term;MT=Variable	not applicable	not applicable	1	1	in-StageTip SDB-RPS single-shot proteome (measured 2015-08-27 batch)	0.1% formic acid / 60% acetonitrile binary gradient, 300 nL/min: 4-32% B over 180 min then 32-47% B over 40 min	20150827_QEp2_LC10_SeHu_SA_mESC_Proteome_D4.raw	v1.1.0	NT=ms-proteomics;VV=v1.1.0	NT=vertebrates;VV=v1.1.0	NT=cell-lines;VV=v1.1.0	NT=sdrf-skills;VV=v0.2.0	30 minute
mESC_EpiLC_1h_rep1	Mus musculus	blastocyst	embryonic stem cell	normal	ES-E14TG2a	CVCL_9108	ES-E14TG2a	129P2/Ola	male	blastocyst	N2B27 medium with activin A, bFGF and KSR	not available	epiblast-like cell induction	cell line	study sample	not applicable	no depletion	1 hour	not pooled	1	run 17	proteomic profiling by mass spectrometry	NT=Q Exactive HF;AC=MS:1002523	label free sample	NT=Data-dependent acquisition;AC=PRIDE:0000627	NT=beam-type collision-induced dissociation;AC=MS:1000422	25 NCE	NT=orbitrap;AC=MS:1000484	300m/z-1600m/z	4.5 ppm	20 ppm	NT=Tris(2-carboxyethyl)phosphine (TCEP);AC=PRIDE:0000609	NT=Chloroacetamide (ClAA);AC=PRIDE:0000600	NT=Trypsin;AC=MS:1001251	NT=Lys-C;AC=MS:1001309	NT=Carbamidomethyl;AC=UNIMOD:4;TA=C;MT=Fixed	NT=Oxidation;AC=UNIMOD:35;TA=M;MT=Variable	NT=Acetyl;AC=UNIMOD:1;PP=Protein N-term;MT=Variable	not applicable	not applicable	1	1	in-StageTip SDB-RPS single-shot proteome (measured 2015-08-27 batch)	0.1% formic acid / 60% acetonitrile binary gradient, 300 nL/min: 4-32% B over 180 min then 32-47% B over 40 min	20150827_QEp2_LC10_SeHu_SA_mESC_Proteome_A5.raw	v1.1.0	NT=ms-proteomics;VV=v1.1.0	NT=vertebrates;VV=v1.1.0	NT=cell-lines;VV=v1.1.0	NT=sdrf-skills;VV=v0.2.0	1 hour
mESC_EpiLC_1h_rep2	Mus musculus	blastocyst	embryonic stem cell	normal	ES-E14TG2a	CVCL_9108	ES-E14TG2a	129P2/Ola	male	blastocyst	N2B27 medium with activin A, bFGF and KSR	not available	epiblast-like cell induction	cell line	study sample	not applicable	no depletion	1 hour	not pooled	2	run 18	proteomic profiling by mass spectrometry	NT=Q Exactive HF;AC=MS:1002523	label free sample	NT=Data-dependent acquisition;AC=PRIDE:0000627	NT=beam-type collision-induced dissociation;AC=MS:1000422	25 NCE	NT=orbitrap;AC=MS:1000484	300m/z-1600m/z	4.5 ppm	20 ppm	NT=Tris(2-carboxyethyl)phosphine (TCEP);AC=PRIDE:0000609	NT=Chloroacetamide (ClAA);AC=PRIDE:0000600	NT=Trypsin;AC=MS:1001251	NT=Lys-C;AC=MS:1001309	NT=Carbamidomethyl;AC=UNIMOD:4;TA=C;MT=Fixed	NT=Oxidation;AC=UNIMOD:35;TA=M;MT=Variable	NT=Acetyl;AC=UNIMOD:1;PP=Protein N-term;MT=Variable	not applicable	not applicable	1	1	in-StageTip SDB-RPS single-shot proteome (measured 2015-08-27 batch)	0.1% formic acid / 60% acetonitrile binary gradient, 300 nL/min: 4-32% B over 180 min then 32-47% B over 40 min	20150827_QEp2_LC10_SeHu_SA_mESC_Proteome_B5.raw	v1.1.0	NT=ms-proteomics;VV=v1.1.0	NT=vertebrates;VV=v1.1.0	NT=cell-lines;VV=v1.1.0	NT=sdrf-skills;VV=v0.2.0	1 hour
mESC_EpiLC_1h_rep3	Mus musculus	blastocyst	embryonic stem cell	normal	ES-E14TG2a	CVCL_9108	ES-E14TG2a	129P2/Ola	male	blastocyst	N2B27 medium with activin A, bFGF and KSR	not available	epiblast-like cell induction	cell line	study sample	not applicable	no depletion	1 hour	not pooled	3	run 19	proteomic profiling by mass spectrometry	NT=Q Exactive HF;AC=MS:1002523	label free sample	NT=Data-dependent acquisition;AC=PRIDE:0000627	NT=beam-type collision-induced dissociation;AC=MS:1000422	25 NCE	NT=orbitrap;AC=MS:1000484	300m/z-1600m/z	4.5 ppm	20 ppm	NT=Tris(2-carboxyethyl)phosphine (TCEP);AC=PRIDE:0000609	NT=Chloroacetamide (ClAA);AC=PRIDE:0000600	NT=Trypsin;AC=MS:1001251	NT=Lys-C;AC=MS:1001309	NT=Carbamidomethyl;AC=UNIMOD:4;TA=C;MT=Fixed	NT=Oxidation;AC=UNIMOD:35;TA=M;MT=Variable	NT=Acetyl;AC=UNIMOD:1;PP=Protein N-term;MT=Variable	not applicable	not applicable	1	1	in-StageTip SDB-RPS single-shot proteome (measured 2015-08-27 batch)	0.1% formic acid / 60% acetonitrile binary gradient, 300 nL/min: 4-32% B over 180 min then 32-47% B over 40 min	20150827_QEp2_LC10_SeHu_SA_mESC_Proteome_C5.raw	v1.1.0	NT=ms-proteomics;VV=v1.1.0	NT=vertebrates;VV=v1.1.0	NT=cell-lines;VV=v1.1.0	NT=sdrf-skills;VV=v0.2.0	1 hour
mESC_EpiLC_1h_rep4	Mus musculus	blastocyst	embryonic stem cell	normal	ES-E14TG2a	CVCL_9108	ES-E14TG2a	129P2/Ola	male	blastocyst	N2B27 medium with activin A, bFGF and KSR	not available	epiblast-like cell induction	cell line	study sample	not applicable	no depletion	1 hour	not pooled	4	run 20	proteomic profiling by mass spectrometry	NT=Q Exactive HF;AC=MS:1002523	label free sample	NT=Data-dependent acquisition;AC=PRIDE:0000627	NT=beam-type collision-induced dissociation;AC=MS:1000422	25 NCE	NT=orbitrap;AC=MS:1000484	300m/z-1600m/z	4.5 ppm	20 ppm	NT=Tris(2-carboxyethyl)phosphine (TCEP);AC=PRIDE:0000609	NT=Chloroacetamide (ClAA);AC=PRIDE:0000600	NT=Trypsin;AC=MS:1001251	NT=Lys-C;AC=MS:1001309	NT=Carbamidomethyl;AC=UNIMOD:4;TA=C;MT=Fixed	NT=Oxidation;AC=UNIMOD:35;TA=M;MT=Variable	NT=Acetyl;AC=UNIMOD:1;PP=Protein N-term;MT=Variable	not applicable	not applicable	1	1	in-StageTip SDB-RPS single-shot proteome (measured 2015-08-27 batch)	0.1% formic acid / 60% acetonitrile binary gradient, 300 nL/min: 4-32% B over 180 min then 32-47% B over 40 min	20150827_QEp2_LC10_SeHu_SA_mESC_Proteome_D5.raw	v1.1.0	NT=ms-proteomics;VV=v1.1.0	NT=vertebrates;VV=v1.1.0	NT=cell-lines;VV=v1.1.0	NT=sdrf-skills;VV=v0.2.0	1 hour
mESC_EpiLC_3h_rep1	Mus musculus	blastocyst	embryonic stem cell	normal	ES-E14TG2a	CVCL_9108	ES-E14TG2a	129P2/Ola	male	blastocyst	N2B27 medium with activin A, bFGF and KSR	not available	epiblast-like cell induction	cell line	study sample	not applicable	no depletion	3 hour	not pooled	1	run 21	proteomic profiling by mass spectrometry	NT=Q Exactive HF;AC=MS:1002523	label free sample	NT=Data-dependent acquisition;AC=PRIDE:0000627	NT=beam-type collision-induced dissociation;AC=MS:1000422	25 NCE	NT=orbitrap;AC=MS:1000484	300m/z-1600m/z	4.5 ppm	20 ppm	NT=Tris(2-carboxyethyl)phosphine (TCEP);AC=PRIDE:0000609	NT=Chloroacetamide (ClAA);AC=PRIDE:0000600	NT=Trypsin;AC=MS:1001251	NT=Lys-C;AC=MS:1001309	NT=Carbamidomethyl;AC=UNIMOD:4;TA=C;MT=Fixed	NT=Oxidation;AC=UNIMOD:35;TA=M;MT=Variable	NT=Acetyl;AC=UNIMOD:1;PP=Protein N-term;MT=Variable	not applicable	not applicable	1	1	in-StageTip SDB-RPS single-shot proteome (measured 2015-08-27 batch)	0.1% formic acid / 60% acetonitrile binary gradient, 300 nL/min: 4-32% B over 180 min then 32-47% B over 40 min	20150827_QEp2_LC10_SeHu_SA_mESC_Proteome_A6.raw	v1.1.0	NT=ms-proteomics;VV=v1.1.0	NT=vertebrates;VV=v1.1.0	NT=cell-lines;VV=v1.1.0	NT=sdrf-skills;VV=v0.2.0	3 hour
mESC_EpiLC_3h_rep2	Mus musculus	blastocyst	embryonic stem cell	normal	ES-E14TG2a	CVCL_9108	ES-E14TG2a	129P2/Ola	male	blastocyst	N2B27 medium with activin A, bFGF and KSR	not available	epiblast-like cell induction	cell line	study sample	not applicable	no depletion	3 hour	not pooled	2	run 22	proteomic profiling by mass spectrometry	NT=Q Exactive HF;AC=MS:1002523	label free sample	NT=Data-dependent acquisition;AC=PRIDE:0000627	NT=beam-type collision-induced dissociation;AC=MS:1000422	25 NCE	NT=orbitrap;AC=MS:1000484	300m/z-1600m/z	4.5 ppm	20 ppm	NT=Tris(2-carboxyethyl)phosphine (TCEP);AC=PRIDE:0000609	NT=Chloroacetamide (ClAA);AC=PRIDE:0000600	NT=Trypsin;AC=MS:1001251	NT=Lys-C;AC=MS:1001309	NT=Carbamidomethyl;AC=UNIMOD:4;TA=C;MT=Fixed	NT=Oxidation;AC=UNIMOD:35;TA=M;MT=Variable	NT=Acetyl;AC=UNIMOD:1;PP=Protein N-term;MT=Variable	not applicable	not applicable	1	1	in-StageTip SDB-RPS single-shot proteome (measured 2015-08-27 batch)	0.1% formic acid / 60% acetonitrile binary gradient, 300 nL/min: 4-32% B over 180 min then 32-47% B over 40 min	20150827_QEp2_LC10_SeHu_SA_mESC_Proteome_B6.raw	v1.1.0	NT=ms-proteomics;VV=v1.1.0	NT=vertebrates;VV=v1.1.0	NT=cell-lines;VV=v1.1.0	NT=sdrf-skills;VV=v0.2.0	3 hour
mESC_EpiLC_3h_rep3	Mus musculus	blastocyst	embryonic stem cell	normal	ES-E14TG2a	CVCL_9108	ES-E14TG2a	129P2/Ola	male	blastocyst	N2B27 medium with activin A, bFGF and KSR	not available	epiblast-like cell induction	cell line	study sample	not applicable	no depletion	3 hour	not pooled	3	run 23	proteomic profiling by mass spectrometry	NT=Q Exactive HF;AC=MS:1002523	label free sample	NT=Data-dependent acquisition;AC=PRIDE:0000627	NT=beam-type collision-induced dissociation;AC=MS:1000422	25 NCE	NT=orbitrap;AC=MS:1000484	300m/z-1600m/z	4.5 ppm	20 ppm	NT=Tris(2-carboxyethyl)phosphine (TCEP);AC=PRIDE:0000609	NT=Chloroacetamide (ClAA);AC=PRIDE:0000600	NT=Trypsin;AC=MS:1001251	NT=Lys-C;AC=MS:1001309	NT=Carbamidomethyl;AC=UNIMOD:4;TA=C;MT=Fixed	NT=Oxidation;AC=UNIMOD:35;TA=M;MT=Variable	NT=Acetyl;AC=UNIMOD:1;PP=Protein N-term;MT=Variable	not applicable	not applicable	1	1	in-StageTip SDB-RPS single-shot proteome (measured 2015-08-27 batch)	0.1% formic acid / 60% acetonitrile binary gradient, 300 nL/min: 4-32% B over 180 min then 32-47% B over 40 min	20150827_QEp2_LC10_SeHu_SA_mESC_Proteome_C6.raw	v1.1.0	NT=ms-proteomics;VV=v1.1.0	NT=vertebrates;VV=v1.1.0	NT=cell-lines;VV=v1.1.0	NT=sdrf-skills;VV=v0.2.0	3 hour
mESC_EpiLC_3h_rep4	Mus musculus	blastocyst	embryonic stem cell	normal	ES-E14TG2a	CVCL_9108	ES-E14TG2a	129P2/Ola	male	blastocyst	N2B27 medium with activin A, bFGF and KSR	not available	epiblast-like cell induction	cell line	study sample	not applicable	no depletion	3 hour	not pooled	4	run 24	proteomic profiling by mass spectrometry	NT=Q Exactive HF;AC=MS:1002523	label free sample	NT=Data-dependent acquisition;AC=PRIDE:0000627	NT=beam-type collision-induced dissociation;AC=MS:1000422	25 NCE	NT=orbitrap;AC=MS:1000484	300m/z-1600m/z	4.5 ppm	20 ppm	NT=Tris(2-carboxyethyl)phosphine (TCEP);AC=PRIDE:0000609	NT=Chloroacetamide (ClAA);AC=PRIDE:0000600	NT=Trypsin;AC=MS:1001251	NT=Lys-C;AC=MS:1001309	NT=Carbamidomethyl;AC=UNIMOD:4;TA=C;MT=Fixed	NT=Oxidation;AC=UNIMOD:35;TA=M;MT=Variable	NT=Acetyl;AC=UNIMOD:1;PP=Protein N-term;MT=Variable	not applicable	not applicable	1	1	in-StageTip SDB-RPS single-shot proteome (measured 2015-08-27 batch)	0.1% formic acid / 60% acetonitrile binary gradient, 300 nL/min: 4-32% B over 180 min then 32-47% B over 40 min	20150827_QEp2_LC10_SeHu_SA_mESC_Proteome_D6.raw	v1.1.0	NT=ms-proteomics;VV=v1.1.0	NT=vertebrates;VV=v1.1.0	NT=cell-lines;VV=v1.1.0	NT=sdrf-skills;VV=v0.2.0	3 hour
mESC_EpiLC_6h_rep1	Mus musculus	blastocyst	embryonic stem cell	normal	ES-E14TG2a	CVCL_9108	ES-E14TG2a	129P2/Ola	male	blastocyst	N2B27 medium with activin A, bFGF and KSR	not available	epiblast-like cell induction	cell line	study sample	not applicable	no depletion	6 hour	not pooled	1	run 25	proteomic profiling by mass spectrometry	NT=Q Exactive HF;AC=MS:1002523	label free sample	NT=Data-dependent acquisition;AC=PRIDE:0000627	NT=beam-type collision-induced dissociation;AC=MS:1000422	25 NCE	NT=orbitrap;AC=MS:1000484	300m/z-1600m/z	4.5 ppm	20 ppm	NT=Tris(2-carboxyethyl)phosphine (TCEP);AC=PRIDE:0000609	NT=Chloroacetamide (ClAA);AC=PRIDE:0000600	NT=Trypsin;AC=MS:1001251	NT=Lys-C;AC=MS:1001309	NT=Carbamidomethyl;AC=UNIMOD:4;TA=C;MT=Fixed	NT=Oxidation;AC=UNIMOD:35;TA=M;MT=Variable	NT=Acetyl;AC=UNIMOD:1;PP=Protein N-term;MT=Variable	not applicable	not applicable	1	1	in-StageTip SDB-RPS single-shot proteome (measured 2015-08-27 batch)	0.1% formic acid / 60% acetonitrile binary gradient, 300 nL/min: 4-32% B over 180 min then 32-47% B over 40 min	20150827_QEp2_LC10_SeHu_SA_mESC_Proteome_A7.raw	v1.1.0	NT=ms-proteomics;VV=v1.1.0	NT=vertebrates;VV=v1.1.0	NT=cell-lines;VV=v1.1.0	NT=sdrf-skills;VV=v0.2.0	6 hour
mESC_EpiLC_6h_rep2	Mus musculus	blastocyst	embryonic stem cell	normal	ES-E14TG2a	CVCL_9108	ES-E14TG2a	129P2/Ola	male	blastocyst	N2B27 medium with activin A, bFGF and KSR	not available	epiblast-like cell induction	cell line	study sample	not applicable	no depletion	6 hour	not pooled	2	run 26	proteomic profiling by mass spectrometry	NT=Q Exactive HF;AC=MS:1002523	label free sample	NT=Data-dependent acquisition;AC=PRIDE:0000627	NT=beam-type collision-induced dissociation;AC=MS:1000422	25 NCE	NT=orbitrap;AC=MS:1000484	300m/z-1600m/z	4.5 ppm	20 ppm	NT=Tris(2-carboxyethyl)phosphine (TCEP);AC=PRIDE:0000609	NT=Chloroacetamide (ClAA);AC=PRIDE:0000600	NT=Trypsin;AC=MS:1001251	NT=Lys-C;AC=MS:1001309	NT=Carbamidomethyl;AC=UNIMOD:4;TA=C;MT=Fixed	NT=Oxidation;AC=UNIMOD:35;TA=M;MT=Variable	NT=Acetyl;AC=UNIMOD:1;PP=Protein N-term;MT=Variable	not applicable	not applicable	1	1	in-StageTip SDB-RPS single-shot proteome (measured 2015-08-27 batch)	0.1% formic acid / 60% acetonitrile binary gradient, 300 nL/min: 4-32% B over 180 min then 32-47% B over 40 min	20150827_QEp2_LC10_SeHu_SA_mESC_Proteome_B7.raw	v1.1.0	NT=ms-proteomics;VV=v1.1.0	NT=vertebrates;VV=v1.1.0	NT=cell-lines;VV=v1.1.0	NT=sdrf-skills;VV=v0.2.0	6 hour
mESC_EpiLC_6h_rep3	Mus musculus	blastocyst	embryonic stem cell	normal	ES-E14TG2a	CVCL_9108	ES-E14TG2a	129P2/Ola	male	blastocyst	N2B27 medium with activin A, bFGF and KSR	not available	epiblast-like cell induction	cell line	study sample	not applicable	no depletion	6 hour	not pooled	3	run 27	proteomic profiling by mass spectrometry	NT=Q Exactive HF;AC=MS:1002523	label free sample	NT=Data-dependent acquisition;AC=PRIDE:0000627	NT=beam-type collision-induced dissociation;AC=MS:1000422	25 NCE	NT=orbitrap;AC=MS:1000484	300m/z-1600m/z	4.5 ppm	20 ppm	NT=Tris(2-carboxyethyl)phosphine (TCEP);AC=PRIDE:0000609	NT=Chloroacetamide (ClAA);AC=PRIDE:0000600	NT=Trypsin;AC=MS:1001251	NT=Lys-C;AC=MS:1001309	NT=Carbamidomethyl;AC=UNIMOD:4;TA=C;MT=Fixed	NT=Oxidation;AC=UNIMOD:35;TA=M;MT=Variable	NT=Acetyl;AC=UNIMOD:1;PP=Protein N-term;MT=Variable	not applicable	not applicable	1	1	in-StageTip SDB-RPS single-shot proteome (measured 2015-08-27 batch)	0.1% formic acid / 60% acetonitrile binary gradient, 300 nL/min: 4-32% B over 180 min then 32-47% B over 40 min	20150827_QEp2_LC10_SeHu_SA_mESC_Proteome_C7.raw	v1.1.0	NT=ms-proteomics;VV=v1.1.0	NT=vertebrates;VV=v1.1.0	NT=cell-lines;VV=v1.1.0	NT=sdrf-skills;VV=v0.2.0	6 hour
mESC_EpiLC_6h_rep4	Mus musculus	blastocyst	embryonic stem cell	normal	ES-E14TG2a	CVCL_9108	ES-E14TG2a	129P2/Ola	male	blastocyst	N2B27 medium with activin A, bFGF and KSR	not available	epiblast-like cell induction	cell line	study sample	not applicable	no depletion	6 hour	not pooled	4	run 28	proteomic profiling by mass spectrometry	NT=Q Exactive HF;AC=MS:1002523	label free sample	NT=Data-dependent acquisition;AC=PRIDE:0000627	NT=beam-type collision-induced dissociation;AC=MS:1000422	25 NCE	NT=orbitrap;AC=MS:1000484	300m/z-1600m/z	4.5 ppm	20 ppm	NT=Tris(2-carboxyethyl)phosphine (TCEP);AC=PRIDE:0000609	NT=Chloroacetamide (ClAA);AC=PRIDE:0000600	NT=Trypsin;AC=MS:1001251	NT=Lys-C;AC=MS:1001309	NT=Carbamidomethyl;AC=UNIMOD:4;TA=C;MT=Fixed	NT=Oxidation;AC=UNIMOD:35;TA=M;MT=Variable	NT=Acetyl;AC=UNIMOD:1;PP=Protein N-term;MT=Variable	not applicable	not applicable	1	1	in-StageTip SDB-RPS single-shot proteome (measured 2015-08-27 batch)	0.1% formic acid / 60% acetonitrile binary gradient, 300 nL/min: 4-32% B over 180 min then 32-47% B over 40 min	20150827_QEp2_LC10_SeHu_SA_mESC_Proteome_D7.raw	v1.1.0	NT=ms-proteomics;VV=v1.1.0	NT=vertebrates;VV=v1.1.0	NT=cell-lines;VV=v1.1.0	NT=sdrf-skills;VV=v0.2.0	6 hour
mESC_EpiLC_12h_rep1	Mus musculus	blastocyst	embryonic stem cell	normal	ES-E14TG2a	CVCL_9108	ES-E14TG2a	129P2/Ola	male	blastocyst	N2B27 medium with activin A, bFGF and KSR	not available	epiblast-like cell induction	cell line	study sample	not applicable	no depletion	12 hour	not pooled	1	run 29	proteomic profiling by mass spectrometry	NT=Q Exactive HF;AC=MS:1002523	label free sample	NT=Data-dependent acquisition;AC=PRIDE:0000627	NT=beam-type collision-induced dissociation;AC=MS:1000422	25 NCE	NT=orbitrap;AC=MS:1000484	300m/z-1600m/z	4.5 ppm	20 ppm	NT=Tris(2-carboxyethyl)phosphine (TCEP);AC=PRIDE:0000609	NT=Chloroacetamide (ClAA);AC=PRIDE:0000600	NT=Trypsin;AC=MS:1001251	NT=Lys-C;AC=MS:1001309	NT=Carbamidomethyl;AC=UNIMOD:4;TA=C;MT=Fixed	NT=Oxidation;AC=UNIMOD:35;TA=M;MT=Variable	NT=Acetyl;AC=UNIMOD:1;PP=Protein N-term;MT=Variable	not applicable	not applicable	1	1	in-StageTip SDB-RPS single-shot proteome (measured 2015-08-27 batch)	0.1% formic acid / 60% acetonitrile binary gradient, 300 nL/min: 4-32% B over 180 min then 32-47% B over 40 min	20150827_QEp2_LC10_SeHu_SA_mESC_Proteome_A8.raw	v1.1.0	NT=ms-proteomics;VV=v1.1.0	NT=vertebrates;VV=v1.1.0	NT=cell-lines;VV=v1.1.0	NT=sdrf-skills;VV=v0.2.0	12 hour
mESC_EpiLC_12h_rep2	Mus musculus	blastocyst	embryonic stem cell	normal	ES-E14TG2a	CVCL_9108	ES-E14TG2a	129P2/Ola	male	blastocyst	N2B27 medium with activin A, bFGF and KSR	not available	epiblast-like cell induction	cell line	study sample	not applicable	no depletion	12 hour	not pooled	2	run 30	proteomic profiling by mass spectrometry	NT=Q Exactive HF;AC=MS:1002523	label free sample	NT=Data-dependent acquisition;AC=PRIDE:0000627	NT=beam-type collision-induced dissociation;AC=MS:1000422	25 NCE	NT=orbitrap;AC=MS:1000484	300m/z-1600m/z	4.5 ppm	20 ppm	NT=Tris(2-carboxyethyl)phosphine (TCEP);AC=PRIDE:0000609	NT=Chloroacetamide (ClAA);AC=PRIDE:0000600	NT=Trypsin;AC=MS:1001251	NT=Lys-C;AC=MS:1001309	NT=Carbamidomethyl;AC=UNIMOD:4;TA=C;MT=Fixed	NT=Oxidation;AC=UNIMOD:35;TA=M;MT=Variable	NT=Acetyl;AC=UNIMOD:1;PP=Protein N-term;MT=Variable	not applicable	not applicable	1	1	in-StageTip SDB-RPS single-shot proteome (measured 2015-08-27 batch)	0.1% formic acid / 60% acetonitrile binary gradient, 300 nL/min: 4-32% B over 180 min then 32-47% B over 40 min	20150827_QEp2_LC10_SeHu_SA_mESC_Proteome_B8.raw	v1.1.0	NT=ms-proteomics;VV=v1.1.0	NT=vertebrates;VV=v1.1.0	NT=cell-lines;VV=v1.1.0	NT=sdrf-skills;VV=v0.2.0	12 hour
mESC_EpiLC_12h_rep3	Mus musculus	blastocyst	embryonic stem cell	normal	ES-E14TG2a	CVCL_9108	ES-E14TG2a	129P2/Ola	male	blastocyst	N2B27 medium with activin A, bFGF and KSR	not available	epiblast-like cell induction	cell line	study sample	not applicable	no depletion	12 hour	not pooled	3	run 31	proteomic profiling by mass spectrometry	NT=Q Exactive HF;AC=MS:1002523	label free sample	NT=Data-dependent acquisition;AC=PRIDE:0000627	NT=beam-type collision-induced dissociation;AC=MS:1000422	25 NCE	NT=orbitrap;AC=MS:1000484	300m/z-1600m/z	4.5 ppm	20 ppm	NT=Tris(2-carboxyethyl)phosphine (TCEP);AC=PRIDE:0000609	NT=Chloroacetamide (ClAA);AC=PRIDE:0000600	NT=Trypsin;AC=MS:1001251	NT=Lys-C;AC=MS:1001309	NT=Carbamidomethyl;AC=UNIMOD:4;TA=C;MT=Fixed	NT=Oxidation;AC=UNIMOD:35;TA=M;MT=Variable	NT=Acetyl;AC=UNIMOD:1;PP=Protein N-term;MT=Variable	not applicable	not applicable	1	1	in-StageTip SDB-RPS single-shot proteome (measured 2015-08-27 batch)	0.1% formic acid / 60% acetonitrile binary gradient, 300 nL/min: 4-32% B over 180 min then 32-47% B over 40 min	20150827_QEp2_LC10_SeHu_SA_mESC_Proteome_C8.raw	v1.1.0	NT=ms-proteomics;VV=v1.1.0	NT=vertebrates;VV=v1.1.0	NT=cell-lines;VV=v1.1.0	NT=sdrf-skills;VV=v0.2.0	12 hour
mESC_EpiLC_12h_rep4	Mus musculus	blastocyst	embryonic stem cell	normal	ES-E14TG2a	CVCL_9108	ES-E14TG2a	129P2/Ola	male	blastocyst	N2B27 medium with activin A, bFGF and KSR	not available	epiblast-like cell induction	cell line	study sample	not applicable	no depletion	12 hour	not pooled	4	run 32	proteomic profiling by mass spectrometry	NT=Q Exactive HF;AC=MS:1002523	label free sample	NT=Data-dependent acquisition;AC=PRIDE:0000627	NT=beam-type collision-induced dissociation;AC=MS:1000422	25 NCE	NT=orbitrap;AC=MS:1000484	300m/z-1600m/z	4.5 ppm	20 ppm	NT=Tris(2-carboxyethyl)phosphine (TCEP);AC=PRIDE:0000609	NT=Chloroacetamide (ClAA);AC=PRIDE:0000600	NT=Trypsin;AC=MS:1001251	NT=Lys-C;AC=MS:1001309	NT=Carbamidomethyl;AC=UNIMOD:4;TA=C;MT=Fixed	NT=Oxidation;AC=UNIMOD:35;TA=M;MT=Variable	NT=Acetyl;AC=UNIMOD:1;PP=Protein N-term;MT=Variable	not applicable	not applicable	1	1	in-StageTip SDB-RPS single-shot proteome (measured 2015-08-27 batch)	0.1% formic acid / 60% acetonitrile binary gradient, 300 nL/min: 4-32% B over 180 min then 32-47% B over 40 min	20150827_QEp2_LC10_SeHu_SA_mESC_Proteome_D8.raw	v1.1.0	NT=ms-proteomics;VV=v1.1.0	NT=vertebrates;VV=v1.1.0	NT=cell-lines;VV=v1.1.0	NT=sdrf-skills;VV=v0.2.0	12 hour
mESC_EpiLC_24h_rep1	Mus musculus	blastocyst	embryonic stem cell	normal	ES-E14TG2a	CVCL_9108	ES-E14TG2a	129P2/Ola	male	blastocyst	N2B27 medium with activin A, bFGF and KSR	not available	epiblast-like cell induction	cell line	study sample	not applicable	no depletion	24 hour	not pooled	1	run 33	proteomic profiling by mass spectrometry	NT=Q Exactive HF;AC=MS:1002523	label free sample	NT=Data-dependent acquisition;AC=PRIDE:0000627	NT=beam-type collision-induced dissociation;AC=MS:1000422	25 NCE	NT=orbitrap;AC=MS:1000484	300m/z-1600m/z	4.5 ppm	20 ppm	NT=Tris(2-carboxyethyl)phosphine (TCEP);AC=PRIDE:0000609	NT=Chloroacetamide (ClAA);AC=PRIDE:0000600	NT=Trypsin;AC=MS:1001251	NT=Lys-C;AC=MS:1001309	NT=Carbamidomethyl;AC=UNIMOD:4;TA=C;MT=Fixed	NT=Oxidation;AC=UNIMOD:35;TA=M;MT=Variable	NT=Acetyl;AC=UNIMOD:1;PP=Protein N-term;MT=Variable	not applicable	not applicable	1	1	in-StageTip SDB-RPS single-shot proteome (measured 2015-08-27 batch)	0.1% formic acid / 60% acetonitrile binary gradient, 300 nL/min: 4-32% B over 180 min then 32-47% B over 40 min	20150827_QEp2_LC10_SeHu_SA_mESC_Proteome_A9.raw	v1.1.0	NT=ms-proteomics;VV=v1.1.0	NT=vertebrates;VV=v1.1.0	NT=cell-lines;VV=v1.1.0	NT=sdrf-skills;VV=v0.2.0	24 hour
mESC_EpiLC_24h_rep2	Mus musculus	blastocyst	embryonic stem cell	normal	ES-E14TG2a	CVCL_9108	ES-E14TG2a	129P2/Ola	male	blastocyst	N2B27 medium with activin A, bFGF and KSR	not available	epiblast-like cell induction	cell line	study sample	not applicable	no depletion	24 hour	not pooled	2	run 34	proteomic profiling by mass spectrometry	NT=Q Exactive HF;AC=MS:1002523	label free sample	NT=Data-dependent acquisition;AC=PRIDE:0000627	NT=beam-type collision-induced dissociation;AC=MS:1000422	25 NCE	NT=orbitrap;AC=MS:1000484	300m/z-1600m/z	4.5 ppm	20 ppm	NT=Tris(2-carboxyethyl)phosphine (TCEP);AC=PRIDE:0000609	NT=Chloroacetamide (ClAA);AC=PRIDE:0000600	NT=Trypsin;AC=MS:1001251	NT=Lys-C;AC=MS:1001309	NT=Carbamidomethyl;AC=UNIMOD:4;TA=C;MT=Fixed	NT=Oxidation;AC=UNIMOD:35;TA=M;MT=Variable	NT=Acetyl;AC=UNIMOD:1;PP=Protein N-term;MT=Variable	not applicable	not applicable	1	1	in-StageTip SDB-RPS single-shot proteome (measured 2015-08-27 batch)	0.1% formic acid / 60% acetonitrile binary gradient, 300 nL/min: 4-32% B over 180 min then 32-47% B over 40 min	20150827_QEp2_LC10_SeHu_SA_mESC_Proteome_B9.raw	v1.1.0	NT=ms-proteomics;VV=v1.1.0	NT=vertebrates;VV=v1.1.0	NT=cell-lines;VV=v1.1.0	NT=sdrf-skills;VV=v0.2.0	24 hour
mESC_EpiLC_24h_rep3	Mus musculus	blastocyst	embryonic stem cell	normal	ES-E14TG2a	CVCL_9108	ES-E14TG2a	129P2/Ola	male	blastocyst	N2B27 medium with activin A, bFGF and KSR	not available	epiblast-like cell induction	cell line	study sample	not applicable	no depletion	24 hour	not pooled	3	run 35	proteomic profiling by mass spectrometry	NT=Q Exactive HF;AC=MS:1002523	label free sample	NT=Data-dependent acquisition;AC=PRIDE:0000627	NT=beam-type collision-induced dissociation;AC=MS:1000422	25 NCE	NT=orbitrap;AC=MS:1000484	300m/z-1600m/z	4.5 ppm	20 ppm	NT=Tris(2-carboxyethyl)phosphine (TCEP);AC=PRIDE:0000609	NT=Chloroacetamide (ClAA);AC=PRIDE:0000600	NT=Trypsin;AC=MS:1001251	NT=Lys-C;AC=MS:1001309	NT=Carbamidomethyl;AC=UNIMOD:4;TA=C;MT=Fixed	NT=Oxidation;AC=UNIMOD:35;TA=M;MT=Variable	NT=Acetyl;AC=UNIMOD:1;PP=Protein N-term;MT=Variable	not applicable	not applicable	1	1	in-StageTip SDB-RPS single-shot proteome (measured 2015-08-27 batch)	0.1% formic acid / 60% acetonitrile binary gradient, 300 nL/min: 4-32% B over 180 min then 32-47% B over 40 min	20150827_QEp2_LC10_SeHu_SA_mESC_Proteome_C9.raw	v1.1.0	NT=ms-proteomics;VV=v1.1.0	NT=vertebrates;VV=v1.1.0	NT=cell-lines;VV=v1.1.0	NT=sdrf-skills;VV=v0.2.0	24 hour
mESC_EpiLC_24h_rep4	Mus musculus	blastocyst	embryonic stem cell	normal	ES-E14TG2a	CVCL_9108	ES-E14TG2a	129P2/Ola	male	blastocyst	N2B27 medium with activin A, bFGF and KSR	not available	epiblast-like cell induction	cell line	study sample	not applicable	no depletion	24 hour	not pooled	4	run 36	proteomic profiling by mass spectrometry	NT=Q Exactive HF;AC=MS:1002523	label free sample	NT=Data-dependent acquisition;AC=PRIDE:0000627	NT=beam-type collision-induced dissociation;AC=MS:1000422	25 NCE	NT=orbitrap;AC=MS:1000484	300m/z-1600m/z	4.5 ppm	20 ppm	NT=Tris(2-carboxyethyl)phosphine (TCEP);AC=PRIDE:0000609	NT=Chloroacetamide (ClAA);AC=PRIDE:0000600	NT=Trypsin;AC=MS:1001251	NT=Lys-C;AC=MS:1001309	NT=Carbamidomethyl;AC=UNIMOD:4;TA=C;MT=Fixed	NT=Oxidation;AC=UNIMOD:35;TA=M;MT=Variable	NT=Acetyl;AC=UNIMOD:1;PP=Protein N-term;MT=Variable	not applicable	not applicable	1	1	in-StageTip SDB-RPS single-shot proteome (measured 2015-08-27 batch)	0.1% formic acid / 60% acetonitrile binary gradient, 300 nL/min: 4-32% B over 180 min then 32-47% B over 40 min	20150827_QEp2_LC10_SeHu_SA_mESC_Proteome_D9.raw	v1.1.0	NT=ms-proteomics;VV=v1.1.0	NT=vertebrates;VV=v1.1.0	NT=cell-lines;VV=v1.1.0	NT=sdrf-skills;VV=v0.2.0	24 hour
mESC_EpiLC_36h_rep1	Mus musculus	blastocyst	embryonic stem cell	normal	ES-E14TG2a	CVCL_9108	ES-E14TG2a	129P2/Ola	male	blastocyst	N2B27 medium with activin A, bFGF and KSR	not available	epiblast-like cell induction	cell line	study sample	not applicable	no depletion	36 hour	not pooled	1	run 37	proteomic profiling by mass spectrometry	NT=Q Exactive HF;AC=MS:1002523	label free sample	NT=Data-dependent acquisition;AC=PRIDE:0000627	NT=beam-type collision-induced dissociation;AC=MS:1000422	25 NCE	NT=orbitrap;AC=MS:1000484	300m/z-1600m/z	4.5 ppm	20 ppm	NT=Tris(2-carboxyethyl)phosphine (TCEP);AC=PRIDE:0000609	NT=Chloroacetamide (ClAA);AC=PRIDE:0000600	NT=Trypsin;AC=MS:1001251	NT=Lys-C;AC=MS:1001309	NT=Carbamidomethyl;AC=UNIMOD:4;TA=C;MT=Fixed	NT=Oxidation;AC=UNIMOD:35;TA=M;MT=Variable	NT=Acetyl;AC=UNIMOD:1;PP=Protein N-term;MT=Variable	not applicable	not applicable	1	1	in-StageTip SDB-RPS single-shot proteome (measured 2015-08-27 batch)	0.1% formic acid / 60% acetonitrile binary gradient, 300 nL/min: 4-32% B over 180 min then 32-47% B over 40 min	20150827_QEp2_LC10_SeHu_SA_mESC_Proteome_A10.raw	v1.1.0	NT=ms-proteomics;VV=v1.1.0	NT=vertebrates;VV=v1.1.0	NT=cell-lines;VV=v1.1.0	NT=sdrf-skills;VV=v0.2.0	36 hour
mESC_EpiLC_36h_rep2	Mus musculus	blastocyst	embryonic stem cell	normal	ES-E14TG2a	CVCL_9108	ES-E14TG2a	129P2/Ola	male	blastocyst	N2B27 medium with activin A, bFGF and KSR	not available	epiblast-like cell induction	cell line	study sample	not applicable	no depletion	36 hour	not pooled	2	run 38	proteomic profiling by mass spectrometry	NT=Q Exactive HF;AC=MS:1002523	label free sample	NT=Data-dependent acquisition;AC=PRIDE:0000627	NT=beam-type collision-induced dissociation;AC=MS:1000422	25 NCE	NT=orbitrap;AC=MS:1000484	300m/z-1600m/z	4.5 ppm	20 ppm	NT=Tris(2-carboxyethyl)phosphine (TCEP);AC=PRIDE:0000609	NT=Chloroacetamide (ClAA);AC=PRIDE:0000600	NT=Trypsin;AC=MS:1001251	NT=Lys-C;AC=MS:1001309	NT=Carbamidomethyl;AC=UNIMOD:4;TA=C;MT=Fixed	NT=Oxidation;AC=UNIMOD:35;TA=M;MT=Variable	NT=Acetyl;AC=UNIMOD:1;PP=Protein N-term;MT=Variable	not applicable	not applicable	1	1	in-StageTip SDB-RPS single-shot proteome (measured 2015-08-27 batch)	0.1% formic acid / 60% acetonitrile binary gradient, 300 nL/min: 4-32% B over 180 min then 32-47% B over 40 min	20150827_QEp2_LC10_SeHu_SA_mESC_Proteome_B10.raw	v1.1.0	NT=ms-proteomics;VV=v1.1.0	NT=vertebrates;VV=v1.1.0	NT=cell-lines;VV=v1.1.0	NT=sdrf-skills;VV=v0.2.0	36 hour
mESC_EpiLC_36h_rep3	Mus musculus	blastocyst	embryonic stem cell	normal	ES-E14TG2a	CVCL_9108	ES-E14TG2a	129P2/Ola	male	blastocyst	N2B27 medium with activin A, bFGF and KSR	not available	epiblast-like cell induction	cell line	study sample	not applicable	no depletion	36 hour	not pooled	3	run 39	proteomic profiling by mass spectrometry	NT=Q Exactive HF;AC=MS:1002523	label free sample	NT=Data-dependent acquisition;AC=PRIDE:0000627	NT=beam-type collision-induced dissociation;AC=MS:1000422	25 NCE	NT=orbitrap;AC=MS:1000484	300m/z-1600m/z	4.5 ppm	20 ppm	NT=Tris(2-carboxyethyl)phosphine (TCEP);AC=PRIDE:0000609	NT=Chloroacetamide (ClAA);AC=PRIDE:0000600	NT=Trypsin;AC=MS:1001251	NT=Lys-C;AC=MS:1001309	NT=Carbamidomethyl;AC=UNIMOD:4;TA=C;MT=Fixed	NT=Oxidation;AC=UNIMOD:35;TA=M;MT=Variable	NT=Acetyl;AC=UNIMOD:1;PP=Protein N-term;MT=Variable	not applicable	not applicable	1	1	in-StageTip SDB-RPS single-shot proteome (measured 2015-08-27 batch)	0.1% formic acid / 60% acetonitrile binary gradient, 300 nL/min: 4-32% B over 180 min then 32-47% B over 40 min	20150827_QEp2_LC10_SeHu_SA_mESC_Proteome_C10.raw	v1.1.0	NT=ms-proteomics;VV=v1.1.0	NT=vertebrates;VV=v1.1.0	NT=cell-lines;VV=v1.1.0	NT=sdrf-skills;VV=v0.2.0	36 hour
mESC_EpiLC_36h_rep4	Mus musculus	blastocyst	embryonic stem cell	normal	ES-E14TG2a	CVCL_9108	ES-E14TG2a	129P2/Ola	male	blastocyst	N2B27 medium with activin A, bFGF and KSR	not available	epiblast-like cell induction	cell line	study sample	not applicable	no depletion	36 hour	not pooled	4	run 40	proteomic profiling by mass spectrometry	NT=Q Exactive HF;AC=MS:1002523	label free sample	NT=Data-dependent acquisition;AC=PRIDE:0000627	NT=beam-type collision-induced dissociation;AC=MS:1000422	25 NCE	NT=orbitrap;AC=MS:1000484	300m/z-1600m/z	4.5 ppm	20 ppm	NT=Tris(2-carboxyethyl)phosphine (TCEP);AC=PRIDE:0000609	NT=Chloroacetamide (ClAA);AC=PRIDE:0000600	NT=Trypsin;AC=MS:1001251	NT=Lys-C;AC=MS:1001309	NT=Carbamidomethyl;AC=UNIMOD:4;TA=C;MT=Fixed	NT=Oxidation;AC=UNIMOD:35;TA=M;MT=Variable	NT=Acetyl;AC=UNIMOD:1;PP=Protein N-term;MT=Variable	not applicable	not applicable	1	1	in-StageTip SDB-RPS single-shot proteome (measured 2015-08-27 batch)	0.1% formic acid / 60% acetonitrile binary gradient, 300 nL/min: 4-32% B over 180 min then 32-47% B over 40 min	20150827_QEp2_LC10_SeHu_SA_mESC_Proteome_D10.raw	v1.1.0	NT=ms-proteomics;VV=v1.1.0	NT=vertebrates;VV=v1.1.0	NT=cell-lines;VV=v1.1.0	NT=sdrf-skills;VV=v0.2.0	36 hour
mESC_EpiLC_48h_rep1	Mus musculus	blastocyst	embryonic stem cell	normal	ES-E14TG2a	CVCL_9108	ES-E14TG2a	129P2/Ola	male	blastocyst	N2B27 medium with activin A, bFGF and KSR	not available	epiblast-like cell induction	cell line	study sample	not applicable	no depletion	48 hour	not pooled	1	run 41	proteomic profiling by mass spectrometry	NT=Q Exactive HF;AC=MS:1002523	label free sample	NT=Data-dependent acquisition;AC=PRIDE:0000627	NT=beam-type collision-induced dissociation;AC=MS:1000422	25 NCE	NT=orbitrap;AC=MS:1000484	300m/z-1600m/z	4.5 ppm	20 ppm	NT=Tris(2-carboxyethyl)phosphine (TCEP);AC=PRIDE:0000609	NT=Chloroacetamide (ClAA);AC=PRIDE:0000600	NT=Trypsin;AC=MS:1001251	NT=Lys-C;AC=MS:1001309	NT=Carbamidomethyl;AC=UNIMOD:4;TA=C;MT=Fixed	NT=Oxidation;AC=UNIMOD:35;TA=M;MT=Variable	NT=Acetyl;AC=UNIMOD:1;PP=Protein N-term;MT=Variable	not applicable	not applicable	1	1	in-StageTip SDB-RPS single-shot proteome (measured 2015-08-27 batch)	0.1% formic acid / 60% acetonitrile binary gradient, 300 nL/min: 4-32% B over 180 min then 32-47% B over 40 min	20150827_QEp2_LC10_SeHu_SA_mESC_Proteome_A11.raw	v1.1.0	NT=ms-proteomics;VV=v1.1.0	NT=vertebrates;VV=v1.1.0	NT=cell-lines;VV=v1.1.0	NT=sdrf-skills;VV=v0.2.0	48 hour
mESC_EpiLC_48h_rep2	Mus musculus	blastocyst	embryonic stem cell	normal	ES-E14TG2a	CVCL_9108	ES-E14TG2a	129P2/Ola	male	blastocyst	N2B27 medium with activin A, bFGF and KSR	not available	epiblast-like cell induction	cell line	study sample	not applicable	no depletion	48 hour	not pooled	2	run 42	proteomic profiling by mass spectrometry	NT=Q Exactive HF;AC=MS:1002523	label free sample	NT=Data-dependent acquisition;AC=PRIDE:0000627	NT=beam-type collision-induced dissociation;AC=MS:1000422	25 NCE	NT=orbitrap;AC=MS:1000484	300m/z-1600m/z	4.5 ppm	20 ppm	NT=Tris(2-carboxyethyl)phosphine (TCEP);AC=PRIDE:0000609	NT=Chloroacetamide (ClAA);AC=PRIDE:0000600	NT=Trypsin;AC=MS:1001251	NT=Lys-C;AC=MS:1001309	NT=Carbamidomethyl;AC=UNIMOD:4;TA=C;MT=Fixed	NT=Oxidation;AC=UNIMOD:35;TA=M;MT=Variable	NT=Acetyl;AC=UNIMOD:1;PP=Protein N-term;MT=Variable	not applicable	not applicable	1	1	in-StageTip SDB-RPS single-shot proteome (measured 2015-08-27 batch)	0.1% formic acid / 60% acetonitrile binary gradient, 300 nL/min: 4-32% B over 180 min then 32-47% B over 40 min	20150827_QEp2_LC10_SeHu_SA_mESC_Proteome_B11.raw	v1.1.0	NT=ms-proteomics;VV=v1.1.0	NT=vertebrates;VV=v1.1.0	NT=cell-lines;VV=v1.1.0	NT=sdrf-skills;VV=v0.2.0	48 hour
mESC_EpiLC_48h_rep3	Mus musculus	blastocyst	embryonic stem cell	normal	ES-E14TG2a	CVCL_9108	ES-E14TG2a	129P2/Ola	male	blastocyst	N2B27 medium with activin A, bFGF and KSR	not available	epiblast-like cell induction	cell line	study sample	not applicable	no depletion	48 hour	not pooled	3	run 43	proteomic profiling by mass spectrometry	NT=Q Exactive HF;AC=MS:1002523	label free sample	NT=Data-dependent acquisition;AC=PRIDE:0000627	NT=beam-type collision-induced dissociation;AC=MS:1000422	25 NCE	NT=orbitrap;AC=MS:1000484	300m/z-1600m/z	4.5 ppm	20 ppm	NT=Tris(2-carboxyethyl)phosphine (TCEP);AC=PRIDE:0000609	NT=Chloroacetamide (ClAA);AC=PRIDE:0000600	NT=Trypsin;AC=MS:1001251	NT=Lys-C;AC=MS:1001309	NT=Carbamidomethyl;AC=UNIMOD:4;TA=C;MT=Fixed	NT=Oxidation;AC=UNIMOD:35;TA=M;MT=Variable	NT=Acetyl;AC=UNIMOD:1;PP=Protein N-term;MT=Variable	not applicable	not applicable	1	1	in-StageTip SDB-RPS single-shot proteome (measured 2015-08-27 batch)	0.1% formic acid / 60% acetonitrile binary gradient, 300 nL/min: 4-32% B over 180 min then 32-47% B over 40 min	20150827_QEp2_LC10_SeHu_SA_mESC_Proteome_C11.raw	v1.1.0	NT=ms-proteomics;VV=v1.1.0	NT=vertebrates;VV=v1.1.0	NT=cell-lines;VV=v1.1.0	NT=sdrf-skills;VV=v0.2.0	48 hour
mESC_EpiLC_48h_rep4	Mus musculus	blastocyst	embryonic stem cell	normal	ES-E14TG2a	CVCL_9108	ES-E14TG2a	129P2/Ola	male	blastocyst	N2B27 medium with activin A, bFGF and KSR	not available	epiblast-like cell induction	cell line	study sample	not applicable	no depletion	48 hour	not pooled	4	run 44	proteomic profiling by mass spectrometry	NT=Q Exactive HF;AC=MS:1002523	label free sample	NT=Data-dependent acquisition;AC=PRIDE:0000627	NT=beam-type collision-induced dissociation;AC=MS:1000422	25 NCE	NT=orbitrap;AC=MS:1000484	300m/z-1600m/z	4.5 ppm	20 ppm	NT=Tris(2-carboxyethyl)phosphine (TCEP);AC=PRIDE:0000609	NT=Chloroacetamide (ClAA);AC=PRIDE:0000600	NT=Trypsin;AC=MS:1001251	NT=Lys-C;AC=MS:1001309	NT=Carbamidomethyl;AC=UNIMOD:4;TA=C;MT=Fixed	NT=Oxidation;AC=UNIMOD:35;TA=M;MT=Variable	NT=Acetyl;AC=UNIMOD:1;PP=Protein N-term;MT=Variable	not applicable	not applicable	1	1	in-StageTip SDB-RPS single-shot proteome (measured 2015-08-27 batch)	0.1% formic acid / 60% acetonitrile binary gradient, 300 nL/min: 4-32% B over 180 min then 32-47% B over 40 min	20150827_QEp2_LC10_SeHu_SA_mESC_Proteome_D11.raw	v1.1.0	NT=ms-proteomics;VV=v1.1.0	NT=vertebrates;VV=v1.1.0	NT=cell-lines;VV=v1.1.0	NT=sdrf-skills;VV=v0.2.0	48 hour
mESC_EpiLC_72h_rep1	Mus musculus	blastocyst	embryonic stem cell	normal	ES-E14TG2a	CVCL_9108	ES-E14TG2a	129P2/Ola	male	blastocyst	N2B27 medium with activin A, bFGF and KSR	not available	epiblast-like cell induction	cell line	study sample	not applicable	no depletion	72 hour	not pooled	1	run 45	proteomic profiling by mass spectrometry	NT=Q Exactive HF;AC=MS:1002523	label free sample	NT=Data-dependent acquisition;AC=PRIDE:0000627	NT=beam-type collision-induced dissociation;AC=MS:1000422	25 NCE	NT=orbitrap;AC=MS:1000484	300m/z-1600m/z	4.5 ppm	20 ppm	NT=Tris(2-carboxyethyl)phosphine (TCEP);AC=PRIDE:0000609	NT=Chloroacetamide (ClAA);AC=PRIDE:0000600	NT=Trypsin;AC=MS:1001251	NT=Lys-C;AC=MS:1001309	NT=Carbamidomethyl;AC=UNIMOD:4;TA=C;MT=Fixed	NT=Oxidation;AC=UNIMOD:35;TA=M;MT=Variable	NT=Acetyl;AC=UNIMOD:1;PP=Protein N-term;MT=Variable	not applicable	not applicable	1	1	in-StageTip SDB-RPS single-shot proteome (measured 2015-08-27 batch)	0.1% formic acid / 60% acetonitrile binary gradient, 300 nL/min: 4-32% B over 180 min then 32-47% B over 40 min	20150827_QEp2_LC10_SeHu_SA_mESC_Proteome_A12.raw	v1.1.0	NT=ms-proteomics;VV=v1.1.0	NT=vertebrates;VV=v1.1.0	NT=cell-lines;VV=v1.1.0	NT=sdrf-skills;VV=v0.2.0	72 hour
mESC_EpiLC_72h_rep2	Mus musculus	blastocyst	embryonic stem cell	normal	ES-E14TG2a	CVCL_9108	ES-E14TG2a	129P2/Ola	male	blastocyst	N2B27 medium with activin A, bFGF and KSR	not available	epiblast-like cell induction	cell line	study sample	not applicable	no depletion	72 hour	not pooled	2	run 46	proteomic profiling by mass spectrometry	NT=Q Exactive HF;AC=MS:1002523	label free sample	NT=Data-dependent acquisition;AC=PRIDE:0000627	NT=beam-type collision-induced dissociation;AC=MS:1000422	25 NCE	NT=orbitrap;AC=MS:1000484	300m/z-1600m/z	4.5 ppm	20 ppm	NT=Tris(2-carboxyethyl)phosphine (TCEP);AC=PRIDE:0000609	NT=Chloroacetamide (ClAA);AC=PRIDE:0000600	NT=Trypsin;AC=MS:1001251	NT=Lys-C;AC=MS:1001309	NT=Carbamidomethyl;AC=UNIMOD:4;TA=C;MT=Fixed	NT=Oxidation;AC=UNIMOD:35;TA=M;MT=Variable	NT=Acetyl;AC=UNIMOD:1;PP=Protein N-term;MT=Variable	not applicable	not applicable	1	1	in-StageTip SDB-RPS single-shot proteome (measured 2015-08-27 batch)	0.1% formic acid / 60% acetonitrile binary gradient, 300 nL/min: 4-32% B over 180 min then 32-47% B over 40 min	20150827_QEp2_LC10_SeHu_SA_mESC_Proteome_B12.raw	v1.1.0	NT=ms-proteomics;VV=v1.1.0	NT=vertebrates;VV=v1.1.0	NT=cell-lines;VV=v1.1.0	NT=sdrf-skills;VV=v0.2.0	72 hour
mESC_EpiLC_72h_rep3	Mus musculus	blastocyst	embryonic stem cell	normal	ES-E14TG2a	CVCL_9108	ES-E14TG2a	129P2/Ola	male	blastocyst	N2B27 medium with activin A, bFGF and KSR	not available	epiblast-like cell induction	cell line	study sample	not applicable	no depletion	72 hour	not pooled	3	run 47	proteomic profiling by mass spectrometry	NT=Q Exactive HF;AC=MS:1002523	label free sample	NT=Data-dependent acquisition;AC=PRIDE:0000627	NT=beam-type collision-induced dissociation;AC=MS:1000422	25 NCE	NT=orbitrap;AC=MS:1000484	300m/z-1600m/z	4.5 ppm	20 ppm	NT=Tris(2-carboxyethyl)phosphine (TCEP);AC=PRIDE:0000609	NT=Chloroacetamide (ClAA);AC=PRIDE:0000600	NT=Trypsin;AC=MS:1001251	NT=Lys-C;AC=MS:1001309	NT=Carbamidomethyl;AC=UNIMOD:4;TA=C;MT=Fixed	NT=Oxidation;AC=UNIMOD:35;TA=M;MT=Variable	NT=Acetyl;AC=UNIMOD:1;PP=Protein N-term;MT=Variable	not applicable	not applicable	1	1	in-StageTip SDB-RPS single-shot proteome (measured 2015-08-27 batch)	0.1% formic acid / 60% acetonitrile binary gradient, 300 nL/min: 4-32% B over 180 min then 32-47% B over 40 min	20150827_QEp2_LC10_SeHu_SA_mESC_Proteome_C12.raw	v1.1.0	NT=ms-proteomics;VV=v1.1.0	NT=vertebrates;VV=v1.1.0	NT=cell-lines;VV=v1.1.0	NT=sdrf-skills;VV=v0.2.0	72 hour
mESC_EpiLC_72h_rep4	Mus musculus	blastocyst	embryonic stem cell	normal	ES-E14TG2a	CVCL_9108	ES-E14TG2a	129P2/Ola	male	blastocyst	N2B27 medium with activin A, bFGF and KSR	not available	epiblast-like cell induction	cell line	study sample	not applicable	no depletion	72 hour	not pooled	4	run 48	proteomic profiling by mass spectrometry	NT=Q Exactive HF;AC=MS:1002523	label free sample	NT=Data-dependent acquisition;AC=PRIDE:0000627	NT=beam-type collision-induced dissociation;AC=MS:1000422	25 NCE	NT=orbitrap;AC=MS:1000484	300m/z-1600m/z	4.5 ppm	20 ppm	NT=Tris(2-carboxyethyl)phosphine (TCEP);AC=PRIDE:0000609	NT=Chloroacetamide (ClAA);AC=PRIDE:0000600	NT=Trypsin;AC=MS:1001251	NT=Lys-C;AC=MS:1001309	NT=Carbamidomethyl;AC=UNIMOD:4;TA=C;MT=Fixed	NT=Oxidation;AC=UNIMOD:35;TA=M;MT=Variable	NT=Acetyl;AC=UNIMOD:1;PP=Protein N-term;MT=Variable	not applicable	not applicable	1	1	in-StageTip SDB-RPS single-shot proteome (measured 2015-08-27 batch)	0.1% formic acid / 60% acetonitrile binary gradient, 300 nL/min: 4-32% B over 180 min then 32-47% B over 40 min	20150827_QEp2_LC10_SeHu_SA_mESC_Proteome_D12.raw	v1.1.0	NT=ms-proteomics;VV=v1.1.0	NT=vertebrates;VV=v1.1.0	NT=cell-lines;VV=v1.1.0	NT=sdrf-skills;VV=v0.2.0	72 hour
mESC_EpiLC_0m_pool	Mus musculus	blastocyst	embryonic stem cell	normal	ES-E14TG2a	CVCL_9108	ES-E14TG2a	129P2/Ola	male	blastocyst	N2B27 medium with 2i (PD0325901, CHIR99021) and LIF	not available	untreated	cell line	study sample	not applicable	no depletion	0 minute	SN=mESC_EpiLC_0m_rep1;SN=mESC_EpiLC_0m_rep2;SN=mESC_EpiLC_0m_rep3;SN=mESC_EpiLC_0m_rep4	pooled	run 49	proteomic profiling by mass spectrometry	NT=Q Exactive HF;AC=MS:1002523	label free sample	NT=Data-dependent acquisition;AC=PRIDE:0000627	NT=beam-type collision-induced dissociation;AC=MS:1000422	25 NCE	NT=orbitrap;AC=MS:1000484	300m/z-1600m/z	4.5 ppm	20 ppm	NT=Tris(2-carboxyethyl)phosphine (TCEP);AC=PRIDE:0000609	NT=Chloroacetamide (ClAA);AC=PRIDE:0000600	NT=Trypsin;AC=MS:1001251	NT=Lys-C;AC=MS:1001309	NT=Carbamidomethyl;AC=UNIMOD:4;TA=C;MT=Fixed	NT=Oxidation;AC=UNIMOD:35;TA=M;MT=Variable	NT=Acetyl;AC=UNIMOD:1;PP=Protein N-term;MT=Variable	not applicable	NT=Strong cation-exchange chromatography (SCX);AC=PRIDE:0000561	1	1	in-StageTip SCX fractionated pooled proteome (measured 2015-09-28 batch)	0.1% formic acid / 60% acetonitrile binary gradient, 300 nL/min: 4-32% B over 90 min then 32-47% B over 20 min	20150928_QEp2_LC10_SeHu_SA_mESC_Proteome_0m_1.raw	v1.1.0	NT=ms-proteomics;VV=v1.1.0	NT=vertebrates;VV=v1.1.0	NT=cell-lines;VV=v1.1.0	NT=sdrf-skills;VV=v0.2.0	0 minute
mESC_EpiLC_0m_pool	Mus musculus	blastocyst	embryonic stem cell	normal	ES-E14TG2a	CVCL_9108	ES-E14TG2a	129P2/Ola	male	blastocyst	N2B27 medium with 2i (PD0325901, CHIR99021) and LIF	not available	untreated	cell line	study sample	not applicable	no depletion	0 minute	SN=mESC_EpiLC_0m_rep1;SN=mESC_EpiLC_0m_rep2;SN=mESC_EpiLC_0m_rep3;SN=mESC_EpiLC_0m_rep4	pooled	run 50	proteomic profiling by mass spectrometry	NT=Q Exactive HF;AC=MS:1002523	label free sample	NT=Data-dependent acquisition;AC=PRIDE:0000627	NT=beam-type collision-induced dissociation;AC=MS:1000422	25 NCE	NT=orbitrap;AC=MS:1000484	300m/z-1600m/z	4.5 ppm	20 ppm	NT=Tris(2-carboxyethyl)phosphine (TCEP);AC=PRIDE:0000609	NT=Chloroacetamide (ClAA);AC=PRIDE:0000600	NT=Trypsin;AC=MS:1001251	NT=Lys-C;AC=MS:1001309	NT=Carbamidomethyl;AC=UNIMOD:4;TA=C;MT=Fixed	NT=Oxidation;AC=UNIMOD:35;TA=M;MT=Variable	NT=Acetyl;AC=UNIMOD:1;PP=Protein N-term;MT=Variable	not applicable	NT=Strong cation-exchange chromatography (SCX);AC=PRIDE:0000561	2	1	in-StageTip SCX fractionated pooled proteome (measured 2015-09-28 batch)	0.1% formic acid / 60% acetonitrile binary gradient, 300 nL/min: 4-32% B over 90 min then 32-47% B over 20 min	20150928_QEp2_LC10_SeHu_SA_mESC_Proteome_0m_2.raw	v1.1.0	NT=ms-proteomics;VV=v1.1.0	NT=vertebrates;VV=v1.1.0	NT=cell-lines;VV=v1.1.0	NT=sdrf-skills;VV=v0.2.0	0 minute
mESC_EpiLC_0m_pool	Mus musculus	blastocyst	embryonic stem cell	normal	ES-E14TG2a	CVCL_9108	ES-E14TG2a	129P2/Ola	male	blastocyst	N2B27 medium with 2i (PD0325901, CHIR99021) and LIF	not available	untreated	cell line	study sample	not applicable	no depletion	0 minute	SN=mESC_EpiLC_0m_rep1;SN=mESC_EpiLC_0m_rep2;SN=mESC_EpiLC_0m_rep3;SN=mESC_EpiLC_0m_rep4	pooled	run 51	proteomic profiling by mass spectrometry	NT=Q Exactive HF;AC=MS:1002523	label free sample	NT=Data-dependent acquisition;AC=PRIDE:0000627	NT=beam-type collision-induced dissociation;AC=MS:1000422	25 NCE	NT=orbitrap;AC=MS:1000484	300m/z-1600m/z	4.5 ppm	20 ppm	NT=Tris(2-carboxyethyl)phosphine (TCEP);AC=PRIDE:0000609	NT=Chloroacetamide (ClAA);AC=PRIDE:0000600	NT=Trypsin;AC=MS:1001251	NT=Lys-C;AC=MS:1001309	NT=Carbamidomethyl;AC=UNIMOD:4;TA=C;MT=Fixed	NT=Oxidation;AC=UNIMOD:35;TA=M;MT=Variable	NT=Acetyl;AC=UNIMOD:1;PP=Protein N-term;MT=Variable	not applicable	NT=Strong cation-exchange chromatography (SCX);AC=PRIDE:0000561	3	1	in-StageTip SCX fractionated pooled proteome (measured 2015-09-28 batch)	0.1% formic acid / 60% acetonitrile binary gradient, 300 nL/min: 4-32% B over 90 min then 32-47% B over 20 min	20150928_QEp2_LC10_SeHu_SA_mESC_Proteome_0m_3.raw	v1.1.0	NT=ms-proteomics;VV=v1.1.0	NT=vertebrates;VV=v1.1.0	NT=cell-lines;VV=v1.1.0	NT=sdrf-skills;VV=v0.2.0	0 minute
mESC_EpiLC_0m_pool	Mus musculus	blastocyst	embryonic stem cell	normal	ES-E14TG2a	CVCL_9108	ES-E14TG2a	129P2/Ola	male	blastocyst	N2B27 medium with 2i (PD0325901, CHIR99021) and LIF	not available	untreated	cell line	study sample	not applicable	no depletion	0 minute	SN=mESC_EpiLC_0m_rep1;SN=mESC_EpiLC_0m_rep2;SN=mESC_EpiLC_0m_rep3;SN=mESC_EpiLC_0m_rep4	pooled	run 52	proteomic profiling by mass spectrometry	NT=Q Exactive HF;AC=MS:1002523	label free sample	NT=Data-dependent acquisition;AC=PRIDE:0000627	NT=beam-type collision-induced dissociation;AC=MS:1000422	25 NCE	NT=orbitrap;AC=MS:1000484	300m/z-1600m/z	4.5 ppm	20 ppm	NT=Tris(2-carboxyethyl)phosphine (TCEP);AC=PRIDE:0000609	NT=Chloroacetamide (ClAA);AC=PRIDE:0000600	NT=Trypsin;AC=MS:1001251	NT=Lys-C;AC=MS:1001309	NT=Carbamidomethyl;AC=UNIMOD:4;TA=C;MT=Fixed	NT=Oxidation;AC=UNIMOD:35;TA=M;MT=Variable	NT=Acetyl;AC=UNIMOD:1;PP=Protein N-term;MT=Variable	not applicable	NT=Strong cation-exchange chromatography (SCX);AC=PRIDE:0000561	4	1	in-StageTip SCX fractionated pooled proteome (measured 2015-09-28 batch)	0.1% formic acid / 60% acetonitrile binary gradient, 300 nL/min: 4-32% B over 90 min then 32-47% B over 20 min	20150928_QEp2_LC10_SeHu_SA_mESC_Proteome_0m_4.raw	v1.1.0	NT=ms-proteomics;VV=v1.1.0	NT=vertebrates;VV=v1.1.0	NT=cell-lines;VV=v1.1.0	NT=sdrf-skills;VV=v0.2.0	0 minute
mESC_EpiLC_0m_pool	Mus musculus	blastocyst	embryonic stem cell	normal	ES-E14TG2a	CVCL_9108	ES-E14TG2a	129P2/Ola	male	blastocyst	N2B27 medium with 2i (PD0325901, CHIR99021) and LIF	not available	untreated	cell line	study sample	not applicable	no depletion	0 minute	SN=mESC_EpiLC_0m_rep1;SN=mESC_EpiLC_0m_rep2;SN=mESC_EpiLC_0m_rep3;SN=mESC_EpiLC_0m_rep4	pooled	run 53	proteomic profiling by mass spectrometry	NT=Q Exactive HF;AC=MS:1002523	label free sample	NT=Data-dependent acquisition;AC=PRIDE:0000627	NT=beam-type collision-induced dissociation;AC=MS:1000422	25 NCE	NT=orbitrap;AC=MS:1000484	300m/z-1600m/z	4.5 ppm	20 ppm	NT=Tris(2-carboxyethyl)phosphine (TCEP);AC=PRIDE:0000609	NT=Chloroacetamide (ClAA);AC=PRIDE:0000600	NT=Trypsin;AC=MS:1001251	NT=Lys-C;AC=MS:1001309	NT=Carbamidomethyl;AC=UNIMOD:4;TA=C;MT=Fixed	NT=Oxidation;AC=UNIMOD:35;TA=M;MT=Variable	NT=Acetyl;AC=UNIMOD:1;PP=Protein N-term;MT=Variable	not applicable	NT=Strong cation-exchange chromatography (SCX);AC=PRIDE:0000561	5	1	in-StageTip SCX fractionated pooled proteome (measured 2015-09-28 batch)	0.1% formic acid / 60% acetonitrile binary gradient, 300 nL/min: 4-32% B over 90 min then 32-47% B over 20 min	20150928_QEp2_LC10_SeHu_SA_mESC_Proteome_0m_5.raw	v1.1.0	NT=ms-proteomics;VV=v1.1.0	NT=vertebrates;VV=v1.1.0	NT=cell-lines;VV=v1.1.0	NT=sdrf-skills;VV=v0.2.0	0 minute
mESC_EpiLC_0m_pool	Mus musculus	blastocyst	embryonic stem cell	normal	ES-E14TG2a	CVCL_9108	ES-E14TG2a	129P2/Ola	male	blastocyst	N2B27 medium with 2i (PD0325901, CHIR99021) and LIF	not available	untreated	cell line	study sample	not applicable	no depletion	0 minute	SN=mESC_EpiLC_0m_rep1;SN=mESC_EpiLC_0m_rep2;SN=mESC_EpiLC_0m_rep3;SN=mESC_EpiLC_0m_rep4	pooled	run 54	proteomic profiling by mass spectrometry	NT=Q Exactive HF;AC=MS:1002523	label free sample	NT=Data-dependent acquisition;AC=PRIDE:0000627	NT=beam-type collision-induced dissociation;AC=MS:1000422	25 NCE	NT=orbitrap;AC=MS:1000484	300m/z-1600m/z	4.5 ppm	20 ppm	NT=Tris(2-carboxyethyl)phosphine (TCEP);AC=PRIDE:0000609	NT=Chloroacetamide (ClAA);AC=PRIDE:0000600	NT=Trypsin;AC=MS:1001251	NT=Lys-C;AC=MS:1001309	NT=Carbamidomethyl;AC=UNIMOD:4;TA=C;MT=Fixed	NT=Oxidation;AC=UNIMOD:35;TA=M;MT=Variable	NT=Acetyl;AC=UNIMOD:1;PP=Protein N-term;MT=Variable	not applicable	NT=Strong cation-exchange chromatography (SCX);AC=PRIDE:0000561	6	1	in-StageTip SCX fractionated pooled proteome (measured 2015-09-28 batch)	0.1% formic acid / 60% acetonitrile binary gradient, 300 nL/min: 4-32% B over 90 min then 32-47% B over 20 min	20150928_QEp2_LC10_SeHu_SA_mESC_Proteome_0m_6.raw	v1.1.0	NT=ms-proteomics;VV=v1.1.0	NT=vertebrates;VV=v1.1.0	NT=cell-lines;VV=v1.1.0	NT=sdrf-skills;VV=v0.2.0	0 minute
mESC_EpiLC_30m_pool	Mus musculus	blastocyst	embryonic stem cell	normal	ES-E14TG2a	CVCL_9108	ES-E14TG2a	129P2/Ola	male	blastocyst	N2B27 medium with activin A, bFGF and KSR	not available	epiblast-like cell induction	cell line	study sample	not applicable	no depletion	30 minute	SN=mESC_EpiLC_30m_rep1;SN=mESC_EpiLC_30m_rep2;SN=mESC_EpiLC_30m_rep3;SN=mESC_EpiLC_30m_rep4	pooled	run 55	proteomic profiling by mass spectrometry	NT=Q Exactive HF;AC=MS:1002523	label free sample	NT=Data-dependent acquisition;AC=PRIDE:0000627	NT=beam-type collision-induced dissociation;AC=MS:1000422	25 NCE	NT=orbitrap;AC=MS:1000484	300m/z-1600m/z	4.5 ppm	20 ppm	NT=Tris(2-carboxyethyl)phosphine (TCEP);AC=PRIDE:0000609	NT=Chloroacetamide (ClAA);AC=PRIDE:0000600	NT=Trypsin;AC=MS:1001251	NT=Lys-C;AC=MS:1001309	NT=Carbamidomethyl;AC=UNIMOD:4;TA=C;MT=Fixed	NT=Oxidation;AC=UNIMOD:35;TA=M;MT=Variable	NT=Acetyl;AC=UNIMOD:1;PP=Protein N-term;MT=Variable	not applicable	NT=Strong cation-exchange chromatography (SCX);AC=PRIDE:0000561	1	1	in-StageTip SCX fractionated pooled proteome (measured 2015-09-28 batch)	0.1% formic acid / 60% acetonitrile binary gradient, 300 nL/min: 4-32% B over 90 min then 32-47% B over 20 min	20150928_QEp2_LC10_SeHu_SA_mESC_Proteome_30m_1.raw	v1.1.0	NT=ms-proteomics;VV=v1.1.0	NT=vertebrates;VV=v1.1.0	NT=cell-lines;VV=v1.1.0	NT=sdrf-skills;VV=v0.2.0	30 minute
mESC_EpiLC_30m_pool	Mus musculus	blastocyst	embryonic stem cell	normal	ES-E14TG2a	CVCL_9108	ES-E14TG2a	129P2/Ola	male	blastocyst	N2B27 medium with activin A, bFGF and KSR	not available	epiblast-like cell induction	cell line	study sample	not applicable	no depletion	30 minute	SN=mESC_EpiLC_30m_rep1;SN=mESC_EpiLC_30m_rep2;SN=mESC_EpiLC_30m_rep3;SN=mESC_EpiLC_30m_rep4	pooled	run 56	proteomic profiling by mass spectrometry	NT=Q Exactive HF;AC=MS:1002523	label free sample	NT=Data-dependent acquisition;AC=PRIDE:0000627	NT=beam-type collision-induced dissociation;AC=MS:1000422	25 NCE	NT=orbitrap;AC=MS:1000484	300m/z-1600m/z	4.5 ppm	20 ppm	NT=Tris(2-carboxyethyl)phosphine (TCEP);AC=PRIDE:0000609	NT=Chloroacetamide (ClAA);AC=PRIDE:0000600	NT=Trypsin;AC=MS:1001251	NT=Lys-C;AC=MS:1001309	NT=Carbamidomethyl;AC=UNIMOD:4;TA=C;MT=Fixed	NT=Oxidation;AC=UNIMOD:35;TA=M;MT=Variable	NT=Acetyl;AC=UNIMOD:1;PP=Protein N-term;MT=Variable	not applicable	NT=Strong cation-exchange chromatography (SCX);AC=PRIDE:0000561	2	1	in-StageTip SCX fractionated pooled proteome (measured 2015-09-28 batch)	0.1% formic acid / 60% acetonitrile binary gradient, 300 nL/min: 4-32% B over 90 min then 32-47% B over 20 min	20150928_QEp2_LC10_SeHu_SA_mESC_Proteome_30m_2.raw	v1.1.0	NT=ms-proteomics;VV=v1.1.0	NT=vertebrates;VV=v1.1.0	NT=cell-lines;VV=v1.1.0	NT=sdrf-skills;VV=v0.2.0	30 minute
mESC_EpiLC_30m_pool	Mus musculus	blastocyst	embryonic stem cell	normal	ES-E14TG2a	CVCL_9108	ES-E14TG2a	129P2/Ola	male	blastocyst	N2B27 medium with activin A, bFGF and KSR	not available	epiblast-like cell induction	cell line	study sample	not applicable	no depletion	30 minute	SN=mESC_EpiLC_30m_rep1;SN=mESC_EpiLC_30m_rep2;SN=mESC_EpiLC_30m_rep3;SN=mESC_EpiLC_30m_rep4	pooled	run 57	proteomic profiling by mass spectrometry	NT=Q Exactive HF;AC=MS:1002523	label free sample	NT=Data-dependent acquisition;AC=PRIDE:0000627	NT=beam-type collision-induced dissociation;AC=MS:1000422	25 NCE	NT=orbitrap;AC=MS:1000484	300m/z-1600m/z	4.5 ppm	20 ppm	NT=Tris(2-carboxyethyl)phosphine (TCEP);AC=PRIDE:0000609	NT=Chloroacetamide (ClAA);AC=PRIDE:0000600	NT=Trypsin;AC=MS:1001251	NT=Lys-C;AC=MS:1001309	NT=Carbamidomethyl;AC=UNIMOD:4;TA=C;MT=Fixed	NT=Oxidation;AC=UNIMOD:35;TA=M;MT=Variable	NT=Acetyl;AC=UNIMOD:1;PP=Protein N-term;MT=Variable	not applicable	NT=Strong cation-exchange chromatography (SCX);AC=PRIDE:0000561	3	1	in-StageTip SCX fractionated pooled proteome (measured 2015-09-28 batch)	0.1% formic acid / 60% acetonitrile binary gradient, 300 nL/min: 4-32% B over 90 min then 32-47% B over 20 min	20150928_QEp2_LC10_SeHu_SA_mESC_Proteome_30m_3.raw	v1.1.0	NT=ms-proteomics;VV=v1.1.0	NT=vertebrates;VV=v1.1.0	NT=cell-lines;VV=v1.1.0	NT=sdrf-skills;VV=v0.2.0	30 minute
mESC_EpiLC_30m_pool	Mus musculus	blastocyst	embryonic stem cell	normal	ES-E14TG2a	CVCL_9108	ES-E14TG2a	129P2/Ola	male	blastocyst	N2B27 medium with activin A, bFGF and KSR	not available	epiblast-like cell induction	cell line	study sample	not applicable	no depletion	30 minute	SN=mESC_EpiLC_30m_rep1;SN=mESC_EpiLC_30m_rep2;SN=mESC_EpiLC_30m_rep3;SN=mESC_EpiLC_30m_rep4	pooled	run 58	proteomic profiling by mass spectrometry	NT=Q Exactive HF;AC=MS:1002523	label free sample	NT=Data-dependent acquisition;AC=PRIDE:0000627	NT=beam-type collision-induced dissociation;AC=MS:1000422	25 NCE	NT=orbitrap;AC=MS:1000484	300m/z-1600m/z	4.5 ppm	20 ppm	NT=Tris(2-carboxyethyl)phosphine (TCEP);AC=PRIDE:0000609	NT=Chloroacetamide (ClAA);AC=PRIDE:0000600	NT=Trypsin;AC=MS:1001251	NT=Lys-C;AC=MS:1001309	NT=Carbamidomethyl;AC=UNIMOD:4;TA=C;MT=Fixed	NT=Oxidation;AC=UNIMOD:35;TA=M;MT=Variable	NT=Acetyl;AC=UNIMOD:1;PP=Protein N-term;MT=Variable	not applicable	NT=Strong cation-exchange chromatography (SCX);AC=PRIDE:0000561	4	1	in-StageTip SCX fractionated pooled proteome (measured 2015-09-28 batch)	0.1% formic acid / 60% acetonitrile binary gradient, 300 nL/min: 4-32% B over 90 min then 32-47% B over 20 min	20150928_QEp2_LC10_SeHu_SA_mESC_Proteome_30m_4.raw	v1.1.0	NT=ms-proteomics;VV=v1.1.0	NT=vertebrates;VV=v1.1.0	NT=cell-lines;VV=v1.1.0	NT=sdrf-skills;VV=v0.2.0	30 minute
mESC_EpiLC_30m_pool	Mus musculus	blastocyst	embryonic stem cell	normal	ES-E14TG2a	CVCL_9108	ES-E14TG2a	129P2/Ola	male	blastocyst	N2B27 medium with activin A, bFGF and KSR	not available	epiblast-like cell induction	cell line	study sample	not applicable	no depletion	30 minute	SN=mESC_EpiLC_30m_rep1;SN=mESC_EpiLC_30m_rep2;SN=mESC_EpiLC_30m_rep3;SN=mESC_EpiLC_30m_rep4	pooled	run 59	proteomic profiling by mass spectrometry	NT=Q Exactive HF;AC=MS:1002523	label free sample	NT=Data-dependent acquisition;AC=PRIDE:0000627	NT=beam-type collision-induced dissociation;AC=MS:1000422	25 NCE	NT=orbitrap;AC=MS:1000484	300m/z-1600m/z	4.5 ppm	20 ppm	NT=Tris(2-carboxyethyl)phosphine (TCEP);AC=PRIDE:0000609	NT=Chloroacetamide (ClAA);AC=PRIDE:0000600	NT=Trypsin;AC=MS:1001251	NT=Lys-C;AC=MS:1001309	NT=Carbamidomethyl;AC=UNIMOD:4;TA=C;MT=Fixed	NT=Oxidation;AC=UNIMOD:35;TA=M;MT=Variable	NT=Acetyl;AC=UNIMOD:1;PP=Protein N-term;MT=Variable	not applicable	NT=Strong cation-exchange chromatography (SCX);AC=PRIDE:0000561	5	1	in-StageTip SCX fractionated pooled proteome (measured 2015-09-28 batch)	0.1% formic acid / 60% acetonitrile binary gradient, 300 nL/min: 4-32% B over 90 min then 32-47% B over 20 min	20150928_QEp2_LC10_SeHu_SA_mESC_Proteome_30m_5.raw	v1.1.0	NT=ms-proteomics;VV=v1.1.0	NT=vertebrates;VV=v1.1.0	NT=cell-lines;VV=v1.1.0	NT=sdrf-skills;VV=v0.2.0	30 minute
mESC_EpiLC_30m_pool	Mus musculus	blastocyst	embryonic stem cell	normal	ES-E14TG2a	CVCL_9108	ES-E14TG2a	129P2/Ola	male	blastocyst	N2B27 medium with activin A, bFGF and KSR	not available	epiblast-like cell induction	cell line	study sample	not applicable	no depletion	30 minute	SN=mESC_EpiLC_30m_rep1;SN=mESC_EpiLC_30m_rep2;SN=mESC_EpiLC_30m_rep3;SN=mESC_EpiLC_30m_rep4	pooled	run 60	proteomic profiling by mass spectrometry	NT=Q Exactive HF;AC=MS:1002523	label free sample	NT=Data-dependent acquisition;AC=PRIDE:0000627	NT=beam-type collision-induced dissociation;AC=MS:1000422	25 NCE	NT=orbitrap;AC=MS:1000484	300m/z-1600m/z	4.5 ppm	20 ppm	NT=Tris(2-carboxyethyl)phosphine (TCEP);AC=PRIDE:0000609	NT=Chloroacetamide (ClAA);AC=PRIDE:0000600	NT=Trypsin;AC=MS:1001251	NT=Lys-C;AC=MS:1001309	NT=Carbamidomethyl;AC=UNIMOD:4;TA=C;MT=Fixed	NT=Oxidation;AC=UNIMOD:35;TA=M;MT=Variable	NT=Acetyl;AC=UNIMOD:1;PP=Protein N-term;MT=Variable	not applicable	NT=Strong cation-exchange chromatography (SCX);AC=PRIDE:0000561	6	1	in-StageTip SCX fractionated pooled proteome (measured 2015-09-28 batch)	0.1% formic acid / 60% acetonitrile binary gradient, 300 nL/min: 4-32% B over 90 min then 32-47% B over 20 min	20150928_QEp2_LC10_SeHu_SA_mESC_Proteome_30m_6.raw	v1.1.0	NT=ms-proteomics;VV=v1.1.0	NT=vertebrates;VV=v1.1.0	NT=cell-lines;VV=v1.1.0	NT=sdrf-skills;VV=v0.2.0	30 minute
mESC_EpiLC_1h_pool	Mus musculus	blastocyst	embryonic stem cell	normal	ES-E14TG2a	CVCL_9108	ES-E14TG2a	129P2/Ola	male	blastocyst	N2B27 medium with activin A, bFGF and KSR	not available	epiblast-like cell induction	cell line	study sample	not applicable	no depletion	1 hour	SN=mESC_EpiLC_1h_rep1;SN=mESC_EpiLC_1h_rep2;SN=mESC_EpiLC_1h_rep3;SN=mESC_EpiLC_1h_rep4	pooled	run 61	proteomic profiling by mass spectrometry	NT=Q Exactive HF;AC=MS:1002523	label free sample	NT=Data-dependent acquisition;AC=PRIDE:0000627	NT=beam-type collision-induced dissociation;AC=MS:1000422	25 NCE	NT=orbitrap;AC=MS:1000484	300m/z-1600m/z	4.5 ppm	20 ppm	NT=Tris(2-carboxyethyl)phosphine (TCEP);AC=PRIDE:0000609	NT=Chloroacetamide (ClAA);AC=PRIDE:0000600	NT=Trypsin;AC=MS:1001251	NT=Lys-C;AC=MS:1001309	NT=Carbamidomethyl;AC=UNIMOD:4;TA=C;MT=Fixed	NT=Oxidation;AC=UNIMOD:35;TA=M;MT=Variable	NT=Acetyl;AC=UNIMOD:1;PP=Protein N-term;MT=Variable	not applicable	NT=Strong cation-exchange chromatography (SCX);AC=PRIDE:0000561	1	1	in-StageTip SCX fractionated pooled proteome (measured 2015-09-28 batch)	0.1% formic acid / 60% acetonitrile binary gradient, 300 nL/min: 4-32% B over 90 min then 32-47% B over 20 min	20150928_QEp2_LC10_SeHu_SA_mESC_Proteome_1h_1.raw	v1.1.0	NT=ms-proteomics;VV=v1.1.0	NT=vertebrates;VV=v1.1.0	NT=cell-lines;VV=v1.1.0	NT=sdrf-skills;VV=v0.2.0	1 hour
mESC_EpiLC_1h_pool	Mus musculus	blastocyst	embryonic stem cell	normal	ES-E14TG2a	CVCL_9108	ES-E14TG2a	129P2/Ola	male	blastocyst	N2B27 medium with activin A, bFGF and KSR	not available	epiblast-like cell induction	cell line	study sample	not applicable	no depletion	1 hour	SN=mESC_EpiLC_1h_rep1;SN=mESC_EpiLC_1h_rep2;SN=mESC_EpiLC_1h_rep3;SN=mESC_EpiLC_1h_rep4	pooled	run 62	proteomic profiling by mass spectrometry	NT=Q Exactive HF;AC=MS:1002523	label free sample	NT=Data-dependent acquisition;AC=PRIDE:0000627	NT=beam-type collision-induced dissociation;AC=MS:1000422	25 NCE	NT=orbitrap;AC=MS:1000484	300m/z-1600m/z	4.5 ppm	20 ppm	NT=Tris(2-carboxyethyl)phosphine (TCEP);AC=PRIDE:0000609	NT=Chloroacetamide (ClAA);AC=PRIDE:0000600	NT=Trypsin;AC=MS:1001251	NT=Lys-C;AC=MS:1001309	NT=Carbamidomethyl;AC=UNIMOD:4;TA=C;MT=Fixed	NT=Oxidation;AC=UNIMOD:35;TA=M;MT=Variable	NT=Acetyl;AC=UNIMOD:1;PP=Protein N-term;MT=Variable	not applicable	NT=Strong cation-exchange chromatography (SCX);AC=PRIDE:0000561	2	1	in-StageTip SCX fractionated pooled proteome (measured 2015-09-28 batch)	0.1% formic acid / 60% acetonitrile binary gradient, 300 nL/min: 4-32% B over 90 min then 32-47% B over 20 min	20150928_QEp2_LC10_SeHu_SA_mESC_Proteome_1h_2.raw	v1.1.0	NT=ms-proteomics;VV=v1.1.0	NT=vertebrates;VV=v1.1.0	NT=cell-lines;VV=v1.1.0	NT=sdrf-skills;VV=v0.2.0	1 hour
mESC_EpiLC_1h_pool	Mus musculus	blastocyst	embryonic stem cell	normal	ES-E14TG2a	CVCL_9108	ES-E14TG2a	129P2/Ola	male	blastocyst	N2B27 medium with activin A, bFGF and KSR	not available	epiblast-like cell induction	cell line	study sample	not applicable	no depletion	1 hour	SN=mESC_EpiLC_1h_rep1;SN=mESC_EpiLC_1h_rep2;SN=mESC_EpiLC_1h_rep3;SN=mESC_EpiLC_1h_rep4	pooled	run 63	proteomic profiling by mass spectrometry	NT=Q Exactive HF;AC=MS:1002523	label free sample	NT=Data-dependent acquisition;AC=PRIDE:0000627	NT=beam-type collision-induced dissociation;AC=MS:1000422	25 NCE	NT=orbitrap;AC=MS:1000484	300m/z-1600m/z	4.5 ppm	20 ppm	NT=Tris(2-carboxyethyl)phosphine (TCEP);AC=PRIDE:0000609	NT=Chloroacetamide (ClAA);AC=PRIDE:0000600	NT=Trypsin;AC=MS:1001251	NT=Lys-C;AC=MS:1001309	NT=Carbamidomethyl;AC=UNIMOD:4;TA=C;MT=Fixed	NT=Oxidation;AC=UNIMOD:35;TA=M;MT=Variable	NT=Acetyl;AC=UNIMOD:1;PP=Protein N-term;MT=Variable	not applicable	NT=Strong cation-exchange chromatography (SCX);AC=PRIDE:0000561	3	1	in-StageTip SCX fractionated pooled proteome (measured 2015-09-28 batch)	0.1% formic acid / 60% acetonitrile binary gradient, 300 nL/min: 4-32% B over 90 min then 32-47% B over 20 min	20150928_QEp2_LC10_SeHu_SA_mESC_Proteome_1h_3.raw	v1.1.0	NT=ms-proteomics;VV=v1.1.0	NT=vertebrates;VV=v1.1.0	NT=cell-lines;VV=v1.1.0	NT=sdrf-skills;VV=v0.2.0	1 hour
mESC_EpiLC_1h_pool	Mus musculus	blastocyst	embryonic stem cell	normal	ES-E14TG2a	CVCL_9108	ES-E14TG2a	129P2/Ola	male	blastocyst	N2B27 medium with activin A, bFGF and KSR	not available	epiblast-like cell induction	cell line	study sample	not applicable	no depletion	1 hour	SN=mESC_EpiLC_1h_rep1;SN=mESC_EpiLC_1h_rep2;SN=mESC_EpiLC_1h_rep3;SN=mESC_EpiLC_1h_rep4	pooled	run 64	proteomic profiling by mass spectrometry	NT=Q Exactive HF;AC=MS:1002523	label free sample	NT=Data-dependent acquisition;AC=PRIDE:0000627	NT=beam-type collision-induced dissociation;AC=MS:1000422	25 NCE	NT=orbitrap;AC=MS:1000484	300m/z-1600m/z	4.5 ppm	20 ppm	NT=Tris(2-carboxyethyl)phosphine (TCEP);AC=PRIDE:0000609	NT=Chloroacetamide (ClAA);AC=PRIDE:0000600	NT=Trypsin;AC=MS:1001251	NT=Lys-C;AC=MS:1001309	NT=Carbamidomethyl;AC=UNIMOD:4;TA=C;MT=Fixed	NT=Oxidation;AC=UNIMOD:35;TA=M;MT=Variable	NT=Acetyl;AC=UNIMOD:1;PP=Protein N-term;MT=Variable	not applicable	NT=Strong cation-exchange chromatography (SCX);AC=PRIDE:0000561	4	1	in-StageTip SCX fractionated pooled proteome (measured 2015-09-28 batch)	0.1% formic acid / 60% acetonitrile binary gradient, 300 nL/min: 4-32% B over 90 min then 32-47% B over 20 min	20150928_QEp2_LC10_SeHu_SA_mESC_Proteome_1h_4.raw	v1.1.0	NT=ms-proteomics;VV=v1.1.0	NT=vertebrates;VV=v1.1.0	NT=cell-lines;VV=v1.1.0	NT=sdrf-skills;VV=v0.2.0	1 hour
mESC_EpiLC_1h_pool	Mus musculus	blastocyst	embryonic stem cell	normal	ES-E14TG2a	CVCL_9108	ES-E14TG2a	129P2/Ola	male	blastocyst	N2B27 medium with activin A, bFGF and KSR	not available	epiblast-like cell induction	cell line	study sample	not applicable	no depletion	1 hour	SN=mESC_EpiLC_1h_rep1;SN=mESC_EpiLC_1h_rep2;SN=mESC_EpiLC_1h_rep3;SN=mESC_EpiLC_1h_rep4	pooled	run 65	proteomic profiling by mass spectrometry	NT=Q Exactive HF;AC=MS:1002523	label free sample	NT=Data-dependent acquisition;AC=PRIDE:0000627	NT=beam-type collision-induced dissociation;AC=MS:1000422	25 NCE	NT=orbitrap;AC=MS:1000484	300m/z-1600m/z	4.5 ppm	20 ppm	NT=Tris(2-carboxyethyl)phosphine (TCEP);AC=PRIDE:0000609	NT=Chloroacetamide (ClAA);AC=PRIDE:0000600	NT=Trypsin;AC=MS:1001251	NT=Lys-C;AC=MS:1001309	NT=Carbamidomethyl;AC=UNIMOD:4;TA=C;MT=Fixed	NT=Oxidation;AC=UNIMOD:35;TA=M;MT=Variable	NT=Acetyl;AC=UNIMOD:1;PP=Protein N-term;MT=Variable	not applicable	NT=Strong cation-exchange chromatography (SCX);AC=PRIDE:0000561	5	1	in-StageTip SCX fractionated pooled proteome (measured 2015-09-28 batch)	0.1% formic acid / 60% acetonitrile binary gradient, 300 nL/min: 4-32% B over 90 min then 32-47% B over 20 min	20150928_QEp2_LC10_SeHu_SA_mESC_Proteome_1h_5.raw	v1.1.0	NT=ms-proteomics;VV=v1.1.0	NT=vertebrates;VV=v1.1.0	NT=cell-lines;VV=v1.1.0	NT=sdrf-skills;VV=v0.2.0	1 hour
mESC_EpiLC_1h_pool	Mus musculus	blastocyst	embryonic stem cell	normal	ES-E14TG2a	CVCL_9108	ES-E14TG2a	129P2/Ola	male	blastocyst	N2B27 medium with activin A, bFGF and KSR	not available	epiblast-like cell induction	cell line	study sample	not applicable	no depletion	1 hour	SN=mESC_EpiLC_1h_rep1;SN=mESC_EpiLC_1h_rep2;SN=mESC_EpiLC_1h_rep3;SN=mESC_EpiLC_1h_rep4	pooled	run 66	proteomic profiling by mass spectrometry	NT=Q Exactive HF;AC=MS:1002523	label free sample	NT=Data-dependent acquisition;AC=PRIDE:0000627	NT=beam-type collision-induced dissociation;AC=MS:1000422	25 NCE	NT=orbitrap;AC=MS:1000484	300m/z-1600m/z	4.5 ppm	20 ppm	NT=Tris(2-carboxyethyl)phosphine (TCEP);AC=PRIDE:0000609	NT=Chloroacetamide (ClAA);AC=PRIDE:0000600	NT=Trypsin;AC=MS:1001251	NT=Lys-C;AC=MS:1001309	NT=Carbamidomethyl;AC=UNIMOD:4;TA=C;MT=Fixed	NT=Oxidation;AC=UNIMOD:35;TA=M;MT=Variable	NT=Acetyl;AC=UNIMOD:1;PP=Protein N-term;MT=Variable	not applicable	NT=Strong cation-exchange chromatography (SCX);AC=PRIDE:0000561	6	1	in-StageTip SCX fractionated pooled proteome (measured 2015-09-28 batch)	0.1% formic acid / 60% acetonitrile binary gradient, 300 nL/min: 4-32% B over 90 min then 32-47% B over 20 min	20150928_QEp2_LC10_SeHu_SA_mESC_Proteome_1h_6.raw	v1.1.0	NT=ms-proteomics;VV=v1.1.0	NT=vertebrates;VV=v1.1.0	NT=cell-lines;VV=v1.1.0	NT=sdrf-skills;VV=v0.2.0	1 hour
mESC_EpiLC_3h_pool	Mus musculus	blastocyst	embryonic stem cell	normal	ES-E14TG2a	CVCL_9108	ES-E14TG2a	129P2/Ola	male	blastocyst	N2B27 medium with activin A, bFGF and KSR	not available	epiblast-like cell induction	cell line	study sample	not applicable	no depletion	3 hour	SN=mESC_EpiLC_3h_rep1;SN=mESC_EpiLC_3h_rep2;SN=mESC_EpiLC_3h_rep3;SN=mESC_EpiLC_3h_rep4	pooled	run 67	proteomic profiling by mass spectrometry	NT=Q Exactive HF;AC=MS:1002523	label free sample	NT=Data-dependent acquisition;AC=PRIDE:0000627	NT=beam-type collision-induced dissociation;AC=MS:1000422	25 NCE	NT=orbitrap;AC=MS:1000484	300m/z-1600m/z	4.5 ppm	20 ppm	NT=Tris(2-carboxyethyl)phosphine (TCEP);AC=PRIDE:0000609	NT=Chloroacetamide (ClAA);AC=PRIDE:0000600	NT=Trypsin;AC=MS:1001251	NT=Lys-C;AC=MS:1001309	NT=Carbamidomethyl;AC=UNIMOD:4;TA=C;MT=Fixed	NT=Oxidation;AC=UNIMOD:35;TA=M;MT=Variable	NT=Acetyl;AC=UNIMOD:1;PP=Protein N-term;MT=Variable	not applicable	NT=Strong cation-exchange chromatography (SCX);AC=PRIDE:0000561	1	1	in-StageTip SCX fractionated pooled proteome (measured 2015-09-28 batch)	0.1% formic acid / 60% acetonitrile binary gradient, 300 nL/min: 4-32% B over 90 min then 32-47% B over 20 min	20150928_QEp2_LC10_SeHu_SA_mESC_Proteome_3h_1.raw	v1.1.0	NT=ms-proteomics;VV=v1.1.0	NT=vertebrates;VV=v1.1.0	NT=cell-lines;VV=v1.1.0	NT=sdrf-skills;VV=v0.2.0	3 hour
mESC_EpiLC_3h_pool	Mus musculus	blastocyst	embryonic stem cell	normal	ES-E14TG2a	CVCL_9108	ES-E14TG2a	129P2/Ola	male	blastocyst	N2B27 medium with activin A, bFGF and KSR	not available	epiblast-like cell induction	cell line	study sample	not applicable	no depletion	3 hour	SN=mESC_EpiLC_3h_rep1;SN=mESC_EpiLC_3h_rep2;SN=mESC_EpiLC_3h_rep3;SN=mESC_EpiLC_3h_rep4	pooled	run 68	proteomic profiling by mass spectrometry	NT=Q Exactive HF;AC=MS:1002523	label free sample	NT=Data-dependent acquisition;AC=PRIDE:0000627	NT=beam-type collision-induced dissociation;AC=MS:1000422	25 NCE	NT=orbitrap;AC=MS:1000484	300m/z-1600m/z	4.5 ppm	20 ppm	NT=Tris(2-carboxyethyl)phosphine (TCEP);AC=PRIDE:0000609	NT=Chloroacetamide (ClAA);AC=PRIDE:0000600	NT=Trypsin;AC=MS:1001251	NT=Lys-C;AC=MS:1001309	NT=Carbamidomethyl;AC=UNIMOD:4;TA=C;MT=Fixed	NT=Oxidation;AC=UNIMOD:35;TA=M;MT=Variable	NT=Acetyl;AC=UNIMOD:1;PP=Protein N-term;MT=Variable	not applicable	NT=Strong cation-exchange chromatography (SCX);AC=PRIDE:0000561	2	1	in-StageTip SCX fractionated pooled proteome (measured 2015-09-28 batch)	0.1% formic acid / 60% acetonitrile binary gradient, 300 nL/min: 4-32% B over 90 min then 32-47% B over 20 min	20150928_QEp2_LC10_SeHu_SA_mESC_Proteome_3h_2.raw	v1.1.0	NT=ms-proteomics;VV=v1.1.0	NT=vertebrates;VV=v1.1.0	NT=cell-lines;VV=v1.1.0	NT=sdrf-skills;VV=v0.2.0	3 hour
mESC_EpiLC_3h_pool	Mus musculus	blastocyst	embryonic stem cell	normal	ES-E14TG2a	CVCL_9108	ES-E14TG2a	129P2/Ola	male	blastocyst	N2B27 medium with activin A, bFGF and KSR	not available	epiblast-like cell induction	cell line	study sample	not applicable	no depletion	3 hour	SN=mESC_EpiLC_3h_rep1;SN=mESC_EpiLC_3h_rep2;SN=mESC_EpiLC_3h_rep3;SN=mESC_EpiLC_3h_rep4	pooled	run 69	proteomic profiling by mass spectrometry	NT=Q Exactive HF;AC=MS:1002523	label free sample	NT=Data-dependent acquisition;AC=PRIDE:0000627	NT=beam-type collision-induced dissociation;AC=MS:1000422	25 NCE	NT=orbitrap;AC=MS:1000484	300m/z-1600m/z	4.5 ppm	20 ppm	NT=Tris(2-carboxyethyl)phosphine (TCEP);AC=PRIDE:0000609	NT=Chloroacetamide (ClAA);AC=PRIDE:0000600	NT=Trypsin;AC=MS:1001251	NT=Lys-C;AC=MS:1001309	NT=Carbamidomethyl;AC=UNIMOD:4;TA=C;MT=Fixed	NT=Oxidation;AC=UNIMOD:35;TA=M;MT=Variable	NT=Acetyl;AC=UNIMOD:1;PP=Protein N-term;MT=Variable	not applicable	NT=Strong cation-exchange chromatography (SCX);AC=PRIDE:0000561	3	1	in-StageTip SCX fractionated pooled proteome (measured 2015-09-28 batch)	0.1% formic acid / 60% acetonitrile binary gradient, 300 nL/min: 4-32% B over 90 min then 32-47% B over 20 min	20150928_QEp2_LC10_SeHu_SA_mESC_Proteome_3h_3.raw	v1.1.0	NT=ms-proteomics;VV=v1.1.0	NT=vertebrates;VV=v1.1.0	NT=cell-lines;VV=v1.1.0	NT=sdrf-skills;VV=v0.2.0	3 hour
mESC_EpiLC_3h_pool	Mus musculus	blastocyst	embryonic stem cell	normal	ES-E14TG2a	CVCL_9108	ES-E14TG2a	129P2/Ola	male	blastocyst	N2B27 medium with activin A, bFGF and KSR	not available	epiblast-like cell induction	cell line	study sample	not applicable	no depletion	3 hour	SN=mESC_EpiLC_3h_rep1;SN=mESC_EpiLC_3h_rep2;SN=mESC_EpiLC_3h_rep3;SN=mESC_EpiLC_3h_rep4	pooled	run 70	proteomic profiling by mass spectrometry	NT=Q Exactive HF;AC=MS:1002523	label free sample	NT=Data-dependent acquisition;AC=PRIDE:0000627	NT=beam-type collision-induced dissociation;AC=MS:1000422	25 NCE	NT=orbitrap;AC=MS:1000484	300m/z-1600m/z	4.5 ppm	20 ppm	NT=Tris(2-carboxyethyl)phosphine (TCEP);AC=PRIDE:0000609	NT=Chloroacetamide (ClAA);AC=PRIDE:0000600	NT=Trypsin;AC=MS:1001251	NT=Lys-C;AC=MS:1001309	NT=Carbamidomethyl;AC=UNIMOD:4;TA=C;MT=Fixed	NT=Oxidation;AC=UNIMOD:35;TA=M;MT=Variable	NT=Acetyl;AC=UNIMOD:1;PP=Protein N-term;MT=Variable	not applicable	NT=Strong cation-exchange chromatography (SCX);AC=PRIDE:0000561	4	1	in-StageTip SCX fractionated pooled proteome (measured 2015-09-28 batch)	0.1% formic acid / 60% acetonitrile binary gradient, 300 nL/min: 4-32% B over 90 min then 32-47% B over 20 min	20150928_QEp2_LC10_SeHu_SA_mESC_Proteome_3h_4.raw	v1.1.0	NT=ms-proteomics;VV=v1.1.0	NT=vertebrates;VV=v1.1.0	NT=cell-lines;VV=v1.1.0	NT=sdrf-skills;VV=v0.2.0	3 hour
mESC_EpiLC_3h_pool	Mus musculus	blastocyst	embryonic stem cell	normal	ES-E14TG2a	CVCL_9108	ES-E14TG2a	129P2/Ola	male	blastocyst	N2B27 medium with activin A, bFGF and KSR	not available	epiblast-like cell induction	cell line	study sample	not applicable	no depletion	3 hour	SN=mESC_EpiLC_3h_rep1;SN=mESC_EpiLC_3h_rep2;SN=mESC_EpiLC_3h_rep3;SN=mESC_EpiLC_3h_rep4	pooled	run 71	proteomic profiling by mass spectrometry	NT=Q Exactive HF;AC=MS:1002523	label free sample	NT=Data-dependent acquisition;AC=PRIDE:0000627	NT=beam-type collision-induced dissociation;AC=MS:1000422	25 NCE	NT=orbitrap;AC=MS:1000484	300m/z-1600m/z	4.5 ppm	20 ppm	NT=Tris(2-carboxyethyl)phosphine (TCEP);AC=PRIDE:0000609	NT=Chloroacetamide (ClAA);AC=PRIDE:0000600	NT=Trypsin;AC=MS:1001251	NT=Lys-C;AC=MS:1001309	NT=Carbamidomethyl;AC=UNIMOD:4;TA=C;MT=Fixed	NT=Oxidation;AC=UNIMOD:35;TA=M;MT=Variable	NT=Acetyl;AC=UNIMOD:1;PP=Protein N-term;MT=Variable	not applicable	NT=Strong cation-exchange chromatography (SCX);AC=PRIDE:0000561	5	1	in-StageTip SCX fractionated pooled proteome (measured 2015-09-28 batch)	0.1% formic acid / 60% acetonitrile binary gradient, 300 nL/min: 4-32% B over 90 min then 32-47% B over 20 min	20150928_QEp2_LC10_SeHu_SA_mESC_Proteome_3h_5.raw	v1.1.0	NT=ms-proteomics;VV=v1.1.0	NT=vertebrates;VV=v1.1.0	NT=cell-lines;VV=v1.1.0	NT=sdrf-skills;VV=v0.2.0	3 hour
mESC_EpiLC_3h_pool	Mus musculus	blastocyst	embryonic stem cell	normal	ES-E14TG2a	CVCL_9108	ES-E14TG2a	129P2/Ola	male	blastocyst	N2B27 medium with activin A, bFGF and KSR	not available	epiblast-like cell induction	cell line	study sample	not applicable	no depletion	3 hour	SN=mESC_EpiLC_3h_rep1;SN=mESC_EpiLC_3h_rep2;SN=mESC_EpiLC_3h_rep3;SN=mESC_EpiLC_3h_rep4	pooled	run 72	proteomic profiling by mass spectrometry	NT=Q Exactive HF;AC=MS:1002523	label free sample	NT=Data-dependent acquisition;AC=PRIDE:0000627	NT=beam-type collision-induced dissociation;AC=MS:1000422	25 NCE	NT=orbitrap;AC=MS:1000484	300m/z-1600m/z	4.5 ppm	20 ppm	NT=Tris(2-carboxyethyl)phosphine (TCEP);AC=PRIDE:0000609	NT=Chloroacetamide (ClAA);AC=PRIDE:0000600	NT=Trypsin;AC=MS:1001251	NT=Lys-C;AC=MS:1001309	NT=Carbamidomethyl;AC=UNIMOD:4;TA=C;MT=Fixed	NT=Oxidation;AC=UNIMOD:35;TA=M;MT=Variable	NT=Acetyl;AC=UNIMOD:1;PP=Protein N-term;MT=Variable	not applicable	NT=Strong cation-exchange chromatography (SCX);AC=PRIDE:0000561	6	1	in-StageTip SCX fractionated pooled proteome (measured 2015-09-28 batch)	0.1% formic acid / 60% acetonitrile binary gradient, 300 nL/min: 4-32% B over 90 min then 32-47% B over 20 min	20150928_QEp2_LC10_SeHu_SA_mESC_Proteome_3h_6.raw	v1.1.0	NT=ms-proteomics;VV=v1.1.0	NT=vertebrates;VV=v1.1.0	NT=cell-lines;VV=v1.1.0	NT=sdrf-skills;VV=v0.2.0	3 hour
mESC_EpiLC_6h_pool	Mus musculus	blastocyst	embryonic stem cell	normal	ES-E14TG2a	CVCL_9108	ES-E14TG2a	129P2/Ola	male	blastocyst	N2B27 medium with activin A, bFGF and KSR	not available	epiblast-like cell induction	cell line	study sample	not applicable	no depletion	6 hour	SN=mESC_EpiLC_6h_rep1;SN=mESC_EpiLC_6h_rep2;SN=mESC_EpiLC_6h_rep3;SN=mESC_EpiLC_6h_rep4	pooled	run 73	proteomic profiling by mass spectrometry	NT=Q Exactive HF;AC=MS:1002523	label free sample	NT=Data-dependent acquisition;AC=PRIDE:0000627	NT=beam-type collision-induced dissociation;AC=MS:1000422	25 NCE	NT=orbitrap;AC=MS:1000484	300m/z-1600m/z	4.5 ppm	20 ppm	NT=Tris(2-carboxyethyl)phosphine (TCEP);AC=PRIDE:0000609	NT=Chloroacetamide (ClAA);AC=PRIDE:0000600	NT=Trypsin;AC=MS:1001251	NT=Lys-C;AC=MS:1001309	NT=Carbamidomethyl;AC=UNIMOD:4;TA=C;MT=Fixed	NT=Oxidation;AC=UNIMOD:35;TA=M;MT=Variable	NT=Acetyl;AC=UNIMOD:1;PP=Protein N-term;MT=Variable	not applicable	NT=Strong cation-exchange chromatography (SCX);AC=PRIDE:0000561	1	1	in-StageTip SCX fractionated pooled proteome (measured 2015-09-28 batch)	0.1% formic acid / 60% acetonitrile binary gradient, 300 nL/min: 4-32% B over 90 min then 32-47% B over 20 min	20150928_QEp2_LC10_SeHu_SA_mESC_Proteome_6h_1.raw	v1.1.0	NT=ms-proteomics;VV=v1.1.0	NT=vertebrates;VV=v1.1.0	NT=cell-lines;VV=v1.1.0	NT=sdrf-skills;VV=v0.2.0	6 hour
mESC_EpiLC_6h_pool	Mus musculus	blastocyst	embryonic stem cell	normal	ES-E14TG2a	CVCL_9108	ES-E14TG2a	129P2/Ola	male	blastocyst	N2B27 medium with activin A, bFGF and KSR	not available	epiblast-like cell induction	cell line	study sample	not applicable	no depletion	6 hour	SN=mESC_EpiLC_6h_rep1;SN=mESC_EpiLC_6h_rep2;SN=mESC_EpiLC_6h_rep3;SN=mESC_EpiLC_6h_rep4	pooled	run 74	proteomic profiling by mass spectrometry	NT=Q Exactive HF;AC=MS:1002523	label free sample	NT=Data-dependent acquisition;AC=PRIDE:0000627	NT=beam-type collision-induced dissociation;AC=MS:1000422	25 NCE	NT=orbitrap;AC=MS:1000484	300m/z-1600m/z	4.5 ppm	20 ppm	NT=Tris(2-carboxyethyl)phosphine (TCEP);AC=PRIDE:0000609	NT=Chloroacetamide (ClAA);AC=PRIDE:0000600	NT=Trypsin;AC=MS:1001251	NT=Lys-C;AC=MS:1001309	NT=Carbamidomethyl;AC=UNIMOD:4;TA=C;MT=Fixed	NT=Oxidation;AC=UNIMOD:35;TA=M;MT=Variable	NT=Acetyl;AC=UNIMOD:1;PP=Protein N-term;MT=Variable	not applicable	NT=Strong cation-exchange chromatography (SCX);AC=PRIDE:0000561	2	1	in-StageTip SCX fractionated pooled proteome (measured 2015-09-28 batch)	0.1% formic acid / 60% acetonitrile binary gradient, 300 nL/min: 4-32% B over 90 min then 32-47% B over 20 min	20150928_QEp2_LC10_SeHu_SA_mESC_Proteome_6h_2.raw	v1.1.0	NT=ms-proteomics;VV=v1.1.0	NT=vertebrates;VV=v1.1.0	NT=cell-lines;VV=v1.1.0	NT=sdrf-skills;VV=v0.2.0	6 hour
mESC_EpiLC_6h_pool	Mus musculus	blastocyst	embryonic stem cell	normal	ES-E14TG2a	CVCL_9108	ES-E14TG2a	129P2/Ola	male	blastocyst	N2B27 medium with activin A, bFGF and KSR	not available	epiblast-like cell induction	cell line	study sample	not applicable	no depletion	6 hour	SN=mESC_EpiLC_6h_rep1;SN=mESC_EpiLC_6h_rep2;SN=mESC_EpiLC_6h_rep3;SN=mESC_EpiLC_6h_rep4	pooled	run 75	proteomic profiling by mass spectrometry	NT=Q Exactive HF;AC=MS:1002523	label free sample	NT=Data-dependent acquisition;AC=PRIDE:0000627	NT=beam-type collision-induced dissociation;AC=MS:1000422	25 NCE	NT=orbitrap;AC=MS:1000484	300m/z-1600m/z	4.5 ppm	20 ppm	NT=Tris(2-carboxyethyl)phosphine (TCEP);AC=PRIDE:0000609	NT=Chloroacetamide (ClAA);AC=PRIDE:0000600	NT=Trypsin;AC=MS:1001251	NT=Lys-C;AC=MS:1001309	NT=Carbamidomethyl;AC=UNIMOD:4;TA=C;MT=Fixed	NT=Oxidation;AC=UNIMOD:35;TA=M;MT=Variable	NT=Acetyl;AC=UNIMOD:1;PP=Protein N-term;MT=Variable	not applicable	NT=Strong cation-exchange chromatography (SCX);AC=PRIDE:0000561	3	1	in-StageTip SCX fractionated pooled proteome (measured 2015-09-28 batch)	0.1% formic acid / 60% acetonitrile binary gradient, 300 nL/min: 4-32% B over 90 min then 32-47% B over 20 min	20150928_QEp2_LC10_SeHu_SA_mESC_Proteome_6h_3.raw	v1.1.0	NT=ms-proteomics;VV=v1.1.0	NT=vertebrates;VV=v1.1.0	NT=cell-lines;VV=v1.1.0	NT=sdrf-skills;VV=v0.2.0	6 hour
mESC_EpiLC_6h_pool	Mus musculus	blastocyst	embryonic stem cell	normal	ES-E14TG2a	CVCL_9108	ES-E14TG2a	129P2/Ola	male	blastocyst	N2B27 medium with activin A, bFGF and KSR	not available	epiblast-like cell induction	cell line	study sample	not applicable	no depletion	6 hour	SN=mESC_EpiLC_6h_rep1;SN=mESC_EpiLC_6h_rep2;SN=mESC_EpiLC_6h_rep3;SN=mESC_EpiLC_6h_rep4	pooled	run 76	proteomic profiling by mass spectrometry	NT=Q Exactive HF;AC=MS:1002523	label free sample	NT=Data-dependent acquisition;AC=PRIDE:0000627	NT=beam-type collision-induced dissociation;AC=MS:1000422	25 NCE	NT=orbitrap;AC=MS:1000484	300m/z-1600m/z	4.5 ppm	20 ppm	NT=Tris(2-carboxyethyl)phosphine (TCEP);AC=PRIDE:0000609	NT=Chloroacetamide (ClAA);AC=PRIDE:0000600	NT=Trypsin;AC=MS:1001251	NT=Lys-C;AC=MS:1001309	NT=Carbamidomethyl;AC=UNIMOD:4;TA=C;MT=Fixed	NT=Oxidation;AC=UNIMOD:35;TA=M;MT=Variable	NT=Acetyl;AC=UNIMOD:1;PP=Protein N-term;MT=Variable	not applicable	NT=Strong cation-exchange chromatography (SCX);AC=PRIDE:0000561	4	1	in-StageTip SCX fractionated pooled proteome (measured 2015-09-28 batch)	0.1% formic acid / 60% acetonitrile binary gradient, 300 nL/min: 4-32% B over 90 min then 32-47% B over 20 min	20150928_QEp2_LC10_SeHu_SA_mESC_Proteome_6h_4.raw	v1.1.0	NT=ms-proteomics;VV=v1.1.0	NT=vertebrates;VV=v1.1.0	NT=cell-lines;VV=v1.1.0	NT=sdrf-skills;VV=v0.2.0	6 hour
mESC_EpiLC_6h_pool	Mus musculus	blastocyst	embryonic stem cell	normal	ES-E14TG2a	CVCL_9108	ES-E14TG2a	129P2/Ola	male	blastocyst	N2B27 medium with activin A, bFGF and KSR	not available	epiblast-like cell induction	cell line	study sample	not applicable	no depletion	6 hour	SN=mESC_EpiLC_6h_rep1;SN=mESC_EpiLC_6h_rep2;SN=mESC_EpiLC_6h_rep3;SN=mESC_EpiLC_6h_rep4	pooled	run 77	proteomic profiling by mass spectrometry	NT=Q Exactive HF;AC=MS:1002523	label free sample	NT=Data-dependent acquisition;AC=PRIDE:0000627	NT=beam-type collision-induced dissociation;AC=MS:1000422	25 NCE	NT=orbitrap;AC=MS:1000484	300m/z-1600m/z	4.5 ppm	20 ppm	NT=Tris(2-carboxyethyl)phosphine (TCEP);AC=PRIDE:0000609	NT=Chloroacetamide (ClAA);AC=PRIDE:0000600	NT=Trypsin;AC=MS:1001251	NT=Lys-C;AC=MS:1001309	NT=Carbamidomethyl;AC=UNIMOD:4;TA=C;MT=Fixed	NT=Oxidation;AC=UNIMOD:35;TA=M;MT=Variable	NT=Acetyl;AC=UNIMOD:1;PP=Protein N-term;MT=Variable	not applicable	NT=Strong cation-exchange chromatography (SCX);AC=PRIDE:0000561	5	1	in-StageTip SCX fractionated pooled proteome (measured 2015-09-28 batch)	0.1% formic acid / 60% acetonitrile binary gradient, 300 nL/min: 4-32% B over 90 min then 32-47% B over 20 min	20150928_QEp2_LC10_SeHu_SA_mESC_Proteome_6h_5.raw	v1.1.0	NT=ms-proteomics;VV=v1.1.0	NT=vertebrates;VV=v1.1.0	NT=cell-lines;VV=v1.1.0	NT=sdrf-skills;VV=v0.2.0	6 hour
mESC_EpiLC_6h_pool	Mus musculus	blastocyst	embryonic stem cell	normal	ES-E14TG2a	CVCL_9108	ES-E14TG2a	129P2/Ola	male	blastocyst	N2B27 medium with activin A, bFGF and KSR	not available	epiblast-like cell induction	cell line	study sample	not applicable	no depletion	6 hour	SN=mESC_EpiLC_6h_rep1;SN=mESC_EpiLC_6h_rep2;SN=mESC_EpiLC_6h_rep3;SN=mESC_EpiLC_6h_rep4	pooled	run 78	proteomic profiling by mass spectrometry	NT=Q Exactive HF;AC=MS:1002523	label free sample	NT=Data-dependent acquisition;AC=PRIDE:0000627	NT=beam-type collision-induced dissociation;AC=MS:1000422	25 NCE	NT=orbitrap;AC=MS:1000484	300m/z-1600m/z	4.5 ppm	20 ppm	NT=Tris(2-carboxyethyl)phosphine (TCEP);AC=PRIDE:0000609	NT=Chloroacetamide (ClAA);AC=PRIDE:0000600	NT=Trypsin;AC=MS:1001251	NT=Lys-C;AC=MS:1001309	NT=Carbamidomethyl;AC=UNIMOD:4;TA=C;MT=Fixed	NT=Oxidation;AC=UNIMOD:35;TA=M;MT=Variable	NT=Acetyl;AC=UNIMOD:1;PP=Protein N-term;MT=Variable	not applicable	NT=Strong cation-exchange chromatography (SCX);AC=PRIDE:0000561	6	1	in-StageTip SCX fractionated pooled proteome (measured 2015-09-28 batch)	0.1% formic acid / 60% acetonitrile binary gradient, 300 nL/min: 4-32% B over 90 min then 32-47% B over 20 min	20150928_QEp2_LC10_SeHu_SA_mESC_Proteome_6h_6.raw	v1.1.0	NT=ms-proteomics;VV=v1.1.0	NT=vertebrates;VV=v1.1.0	NT=cell-lines;VV=v1.1.0	NT=sdrf-skills;VV=v0.2.0	6 hour
mESC_EpiLC_12h_pool	Mus musculus	blastocyst	embryonic stem cell	normal	ES-E14TG2a	CVCL_9108	ES-E14TG2a	129P2/Ola	male	blastocyst	N2B27 medium with activin A, bFGF and KSR	not available	epiblast-like cell induction	cell line	study sample	not applicable	no depletion	12 hour	SN=mESC_EpiLC_12h_rep1;SN=mESC_EpiLC_12h_rep2;SN=mESC_EpiLC_12h_rep3;SN=mESC_EpiLC_12h_rep4	pooled	run 79	proteomic profiling by mass spectrometry	NT=Q Exactive HF;AC=MS:1002523	label free sample	NT=Data-dependent acquisition;AC=PRIDE:0000627	NT=beam-type collision-induced dissociation;AC=MS:1000422	25 NCE	NT=orbitrap;AC=MS:1000484	300m/z-1600m/z	4.5 ppm	20 ppm	NT=Tris(2-carboxyethyl)phosphine (TCEP);AC=PRIDE:0000609	NT=Chloroacetamide (ClAA);AC=PRIDE:0000600	NT=Trypsin;AC=MS:1001251	NT=Lys-C;AC=MS:1001309	NT=Carbamidomethyl;AC=UNIMOD:4;TA=C;MT=Fixed	NT=Oxidation;AC=UNIMOD:35;TA=M;MT=Variable	NT=Acetyl;AC=UNIMOD:1;PP=Protein N-term;MT=Variable	not applicable	NT=Strong cation-exchange chromatography (SCX);AC=PRIDE:0000561	1	1	in-StageTip SCX fractionated pooled proteome (measured 2015-09-28 batch)	0.1% formic acid / 60% acetonitrile binary gradient, 300 nL/min: 4-32% B over 90 min then 32-47% B over 20 min	20150928_QEp2_LC10_SeHu_SA_mESC_Proteome_12h_1.raw	v1.1.0	NT=ms-proteomics;VV=v1.1.0	NT=vertebrates;VV=v1.1.0	NT=cell-lines;VV=v1.1.0	NT=sdrf-skills;VV=v0.2.0	12 hour
mESC_EpiLC_12h_pool	Mus musculus	blastocyst	embryonic stem cell	normal	ES-E14TG2a	CVCL_9108	ES-E14TG2a	129P2/Ola	male	blastocyst	N2B27 medium with activin A, bFGF and KSR	not available	epiblast-like cell induction	cell line	study sample	not applicable	no depletion	12 hour	SN=mESC_EpiLC_12h_rep1;SN=mESC_EpiLC_12h_rep2;SN=mESC_EpiLC_12h_rep3;SN=mESC_EpiLC_12h_rep4	pooled	run 80	proteomic profiling by mass spectrometry	NT=Q Exactive HF;AC=MS:1002523	label free sample	NT=Data-dependent acquisition;AC=PRIDE:0000627	NT=beam-type collision-induced dissociation;AC=MS:1000422	25 NCE	NT=orbitrap;AC=MS:1000484	300m/z-1600m/z	4.5 ppm	20 ppm	NT=Tris(2-carboxyethyl)phosphine (TCEP);AC=PRIDE:0000609	NT=Chloroacetamide (ClAA);AC=PRIDE:0000600	NT=Trypsin;AC=MS:1001251	NT=Lys-C;AC=MS:1001309	NT=Carbamidomethyl;AC=UNIMOD:4;TA=C;MT=Fixed	NT=Oxidation;AC=UNIMOD:35;TA=M;MT=Variable	NT=Acetyl;AC=UNIMOD:1;PP=Protein N-term;MT=Variable	not applicable	NT=Strong cation-exchange chromatography (SCX);AC=PRIDE:0000561	2	1	in-StageTip SCX fractionated pooled proteome (measured 2015-09-28 batch)	0.1% formic acid / 60% acetonitrile binary gradient, 300 nL/min: 4-32% B over 90 min then 32-47% B over 20 min	20150928_QEp2_LC10_SeHu_SA_mESC_Proteome_12h_2.raw	v1.1.0	NT=ms-proteomics;VV=v1.1.0	NT=vertebrates;VV=v1.1.0	NT=cell-lines;VV=v1.1.0	NT=sdrf-skills;VV=v0.2.0	12 hour
mESC_EpiLC_12h_pool	Mus musculus	blastocyst	embryonic stem cell	normal	ES-E14TG2a	CVCL_9108	ES-E14TG2a	129P2/Ola	male	blastocyst	N2B27 medium with activin A, bFGF and KSR	not available	epiblast-like cell induction	cell line	study sample	not applicable	no depletion	12 hour	SN=mESC_EpiLC_12h_rep1;SN=mESC_EpiLC_12h_rep2;SN=mESC_EpiLC_12h_rep3;SN=mESC_EpiLC_12h_rep4	pooled	run 81	proteomic profiling by mass spectrometry	NT=Q Exactive HF;AC=MS:1002523	label free sample	NT=Data-dependent acquisition;AC=PRIDE:0000627	NT=beam-type collision-induced dissociation;AC=MS:1000422	25 NCE	NT=orbitrap;AC=MS:1000484	300m/z-1600m/z	4.5 ppm	20 ppm	NT=Tris(2-carboxyethyl)phosphine (TCEP);AC=PRIDE:0000609	NT=Chloroacetamide (ClAA);AC=PRIDE:0000600	NT=Trypsin;AC=MS:1001251	NT=Lys-C;AC=MS:1001309	NT=Carbamidomethyl;AC=UNIMOD:4;TA=C;MT=Fixed	NT=Oxidation;AC=UNIMOD:35;TA=M;MT=Variable	NT=Acetyl;AC=UNIMOD:1;PP=Protein N-term;MT=Variable	not applicable	NT=Strong cation-exchange chromatography (SCX);AC=PRIDE:0000561	3	1	in-StageTip SCX fractionated pooled proteome (measured 2015-09-28 batch)	0.1% formic acid / 60% acetonitrile binary gradient, 300 nL/min: 4-32% B over 90 min then 32-47% B over 20 min	20150928_QEp2_LC10_SeHu_SA_mESC_Proteome_12h_3.raw	v1.1.0	NT=ms-proteomics;VV=v1.1.0	NT=vertebrates;VV=v1.1.0	NT=cell-lines;VV=v1.1.0	NT=sdrf-skills;VV=v0.2.0	12 hour
mESC_EpiLC_12h_pool	Mus musculus	blastocyst	embryonic stem cell	normal	ES-E14TG2a	CVCL_9108	ES-E14TG2a	129P2/Ola	male	blastocyst	N2B27 medium with activin A, bFGF and KSR	not available	epiblast-like cell induction	cell line	study sample	not applicable	no depletion	12 hour	SN=mESC_EpiLC_12h_rep1;SN=mESC_EpiLC_12h_rep2;SN=mESC_EpiLC_12h_rep3;SN=mESC_EpiLC_12h_rep4	pooled	run 82	proteomic profiling by mass spectrometry	NT=Q Exactive HF;AC=MS:1002523	label free sample	NT=Data-dependent acquisition;AC=PRIDE:0000627	NT=beam-type collision-induced dissociation;AC=MS:1000422	25 NCE	NT=orbitrap;AC=MS:1000484	300m/z-1600m/z	4.5 ppm	20 ppm	NT=Tris(2-carboxyethyl)phosphine (TCEP);AC=PRIDE:0000609	NT=Chloroacetamide (ClAA);AC=PRIDE:0000600	NT=Trypsin;AC=MS:1001251	NT=Lys-C;AC=MS:1001309	NT=Carbamidomethyl;AC=UNIMOD:4;TA=C;MT=Fixed	NT=Oxidation;AC=UNIMOD:35;TA=M;MT=Variable	NT=Acetyl;AC=UNIMOD:1;PP=Protein N-term;MT=Variable	not applicable	NT=Strong cation-exchange chromatography (SCX);AC=PRIDE:0000561	4	1	in-StageTip SCX fractionated pooled proteome (measured 2015-09-28 batch)	0.1% formic acid / 60% acetonitrile binary gradient, 300 nL/min: 4-32% B over 90 min then 32-47% B over 20 min	20150928_QEp2_LC10_SeHu_SA_mESC_Proteome_12h_4.raw	v1.1.0	NT=ms-proteomics;VV=v1.1.0	NT=vertebrates;VV=v1.1.0	NT=cell-lines;VV=v1.1.0	NT=sdrf-skills;VV=v0.2.0	12 hour
mESC_EpiLC_12h_pool	Mus musculus	blastocyst	embryonic stem cell	normal	ES-E14TG2a	CVCL_9108	ES-E14TG2a	129P2/Ola	male	blastocyst	N2B27 medium with activin A, bFGF and KSR	not available	epiblast-like cell induction	cell line	study sample	not applicable	no depletion	12 hour	SN=mESC_EpiLC_12h_rep1;SN=mESC_EpiLC_12h_rep2;SN=mESC_EpiLC_12h_rep3;SN=mESC_EpiLC_12h_rep4	pooled	run 83	proteomic profiling by mass spectrometry	NT=Q Exactive HF;AC=MS:1002523	label free sample	NT=Data-dependent acquisition;AC=PRIDE:0000627	NT=beam-type collision-induced dissociation;AC=MS:1000422	25 NCE	NT=orbitrap;AC=MS:1000484	300m/z-1600m/z	4.5 ppm	20 ppm	NT=Tris(2-carboxyethyl)phosphine (TCEP);AC=PRIDE:0000609	NT=Chloroacetamide (ClAA);AC=PRIDE:0000600	NT=Trypsin;AC=MS:1001251	NT=Lys-C;AC=MS:1001309	NT=Carbamidomethyl;AC=UNIMOD:4;TA=C;MT=Fixed	NT=Oxidation;AC=UNIMOD:35;TA=M;MT=Variable	NT=Acetyl;AC=UNIMOD:1;PP=Protein N-term;MT=Variable	not applicable	NT=Strong cation-exchange chromatography (SCX);AC=PRIDE:0000561	5	1	in-StageTip SCX fractionated pooled proteome (measured 2015-09-28 batch)	0.1% formic acid / 60% acetonitrile binary gradient, 300 nL/min: 4-32% B over 90 min then 32-47% B over 20 min	20150928_QEp2_LC10_SeHu_SA_mESC_Proteome_12h_5.raw	v1.1.0	NT=ms-proteomics;VV=v1.1.0	NT=vertebrates;VV=v1.1.0	NT=cell-lines;VV=v1.1.0	NT=sdrf-skills;VV=v0.2.0	12 hour
mESC_EpiLC_12h_pool	Mus musculus	blastocyst	embryonic stem cell	normal	ES-E14TG2a	CVCL_9108	ES-E14TG2a	129P2/Ola	male	blastocyst	N2B27 medium with activin A, bFGF and KSR	not available	epiblast-like cell induction	cell line	study sample	not applicable	no depletion	12 hour	SN=mESC_EpiLC_12h_rep1;SN=mESC_EpiLC_12h_rep2;SN=mESC_EpiLC_12h_rep3;SN=mESC_EpiLC_12h_rep4	pooled	run 84	proteomic profiling by mass spectrometry	NT=Q Exactive HF;AC=MS:1002523	label free sample	NT=Data-dependent acquisition;AC=PRIDE:0000627	NT=beam-type collision-induced dissociation;AC=MS:1000422	25 NCE	NT=orbitrap;AC=MS:1000484	300m/z-1600m/z	4.5 ppm	20 ppm	NT=Tris(2-carboxyethyl)phosphine (TCEP);AC=PRIDE:0000609	NT=Chloroacetamide (ClAA);AC=PRIDE:0000600	NT=Trypsin;AC=MS:1001251	NT=Lys-C;AC=MS:1001309	NT=Carbamidomethyl;AC=UNIMOD:4;TA=C;MT=Fixed	NT=Oxidation;AC=UNIMOD:35;TA=M;MT=Variable	NT=Acetyl;AC=UNIMOD:1;PP=Protein N-term;MT=Variable	not applicable	NT=Strong cation-exchange chromatography (SCX);AC=PRIDE:0000561	6	1	in-StageTip SCX fractionated pooled proteome (measured 2015-09-28 batch)	0.1% formic acid / 60% acetonitrile binary gradient, 300 nL/min: 4-32% B over 90 min then 32-47% B over 20 min	20150928_QEp2_LC10_SeHu_SA_mESC_Proteome_12h_6.raw	v1.1.0	NT=ms-proteomics;VV=v1.1.0	NT=vertebrates;VV=v1.1.0	NT=cell-lines;VV=v1.1.0	NT=sdrf-skills;VV=v0.2.0	12 hour
mESC_EpiLC_24h_pool	Mus musculus	blastocyst	embryonic stem cell	normal	ES-E14TG2a	CVCL_9108	ES-E14TG2a	129P2/Ola	male	blastocyst	N2B27 medium with activin A, bFGF and KSR	not available	epiblast-like cell induction	cell line	study sample	not applicable	no depletion	24 hour	SN=mESC_EpiLC_24h_rep1;SN=mESC_EpiLC_24h_rep2;SN=mESC_EpiLC_24h_rep3;SN=mESC_EpiLC_24h_rep4	pooled	run 85	proteomic profiling by mass spectrometry	NT=Q Exactive HF;AC=MS:1002523	label free sample	NT=Data-dependent acquisition;AC=PRIDE:0000627	NT=beam-type collision-induced dissociation;AC=MS:1000422	25 NCE	NT=orbitrap;AC=MS:1000484	300m/z-1600m/z	4.5 ppm	20 ppm	NT=Tris(2-carboxyethyl)phosphine (TCEP);AC=PRIDE:0000609	NT=Chloroacetamide (ClAA);AC=PRIDE:0000600	NT=Trypsin;AC=MS:1001251	NT=Lys-C;AC=MS:1001309	NT=Carbamidomethyl;AC=UNIMOD:4;TA=C;MT=Fixed	NT=Oxidation;AC=UNIMOD:35;TA=M;MT=Variable	NT=Acetyl;AC=UNIMOD:1;PP=Protein N-term;MT=Variable	not applicable	NT=Strong cation-exchange chromatography (SCX);AC=PRIDE:0000561	1	1	in-StageTip SCX fractionated pooled proteome (measured 2015-09-28 batch)	0.1% formic acid / 60% acetonitrile binary gradient, 300 nL/min: 4-32% B over 90 min then 32-47% B over 20 min	20150928_QEp2_LC10_SeHu_SA_mESC_Proteome_24h_1.raw	v1.1.0	NT=ms-proteomics;VV=v1.1.0	NT=vertebrates;VV=v1.1.0	NT=cell-lines;VV=v1.1.0	NT=sdrf-skills;VV=v0.2.0	24 hour
mESC_EpiLC_24h_pool	Mus musculus	blastocyst	embryonic stem cell	normal	ES-E14TG2a	CVCL_9108	ES-E14TG2a	129P2/Ola	male	blastocyst	N2B27 medium with activin A, bFGF and KSR	not available	epiblast-like cell induction	cell line	study sample	not applicable	no depletion	24 hour	SN=mESC_EpiLC_24h_rep1;SN=mESC_EpiLC_24h_rep2;SN=mESC_EpiLC_24h_rep3;SN=mESC_EpiLC_24h_rep4	pooled	run 86	proteomic profiling by mass spectrometry	NT=Q Exactive HF;AC=MS:1002523	label free sample	NT=Data-dependent acquisition;AC=PRIDE:0000627	NT=beam-type collision-induced dissociation;AC=MS:1000422	25 NCE	NT=orbitrap;AC=MS:1000484	300m/z-1600m/z	4.5 ppm	20 ppm	NT=Tris(2-carboxyethyl)phosphine (TCEP);AC=PRIDE:0000609	NT=Chloroacetamide (ClAA);AC=PRIDE:0000600	NT=Trypsin;AC=MS:1001251	NT=Lys-C;AC=MS:1001309	NT=Carbamidomethyl;AC=UNIMOD:4;TA=C;MT=Fixed	NT=Oxidation;AC=UNIMOD:35;TA=M;MT=Variable	NT=Acetyl;AC=UNIMOD:1;PP=Protein N-term;MT=Variable	not applicable	NT=Strong cation-exchange chromatography (SCX);AC=PRIDE:0000561	2	1	in-StageTip SCX fractionated pooled proteome (measured 2015-09-28 batch)	0.1% formic acid / 60% acetonitrile binary gradient, 300 nL/min: 4-32% B over 90 min then 32-47% B over 20 min	20150928_QEp2_LC10_SeHu_SA_mESC_Proteome_24h_2.raw	v1.1.0	NT=ms-proteomics;VV=v1.1.0	NT=vertebrates;VV=v1.1.0	NT=cell-lines;VV=v1.1.0	NT=sdrf-skills;VV=v0.2.0	24 hour
mESC_EpiLC_24h_pool	Mus musculus	blastocyst	embryonic stem cell	normal	ES-E14TG2a	CVCL_9108	ES-E14TG2a	129P2/Ola	male	blastocyst	N2B27 medium with activin A, bFGF and KSR	not available	epiblast-like cell induction	cell line	study sample	not applicable	no depletion	24 hour	SN=mESC_EpiLC_24h_rep1;SN=mESC_EpiLC_24h_rep2;SN=mESC_EpiLC_24h_rep3;SN=mESC_EpiLC_24h_rep4	pooled	run 87	proteomic profiling by mass spectrometry	NT=Q Exactive HF;AC=MS:1002523	label free sample	NT=Data-dependent acquisition;AC=PRIDE:0000627	NT=beam-type collision-induced dissociation;AC=MS:1000422	25 NCE	NT=orbitrap;AC=MS:1000484	300m/z-1600m/z	4.5 ppm	20 ppm	NT=Tris(2-carboxyethyl)phosphine (TCEP);AC=PRIDE:0000609	NT=Chloroacetamide (ClAA);AC=PRIDE:0000600	NT=Trypsin;AC=MS:1001251	NT=Lys-C;AC=MS:1001309	NT=Carbamidomethyl;AC=UNIMOD:4;TA=C;MT=Fixed	NT=Oxidation;AC=UNIMOD:35;TA=M;MT=Variable	NT=Acetyl;AC=UNIMOD:1;PP=Protein N-term;MT=Variable	not applicable	NT=Strong cation-exchange chromatography (SCX);AC=PRIDE:0000561	3	1	in-StageTip SCX fractionated pooled proteome (measured 2015-09-28 batch)	0.1% formic acid / 60% acetonitrile binary gradient, 300 nL/min: 4-32% B over 90 min then 32-47% B over 20 min	20150928_QEp2_LC10_SeHu_SA_mESC_Proteome_24h_3.raw	v1.1.0	NT=ms-proteomics;VV=v1.1.0	NT=vertebrates;VV=v1.1.0	NT=cell-lines;VV=v1.1.0	NT=sdrf-skills;VV=v0.2.0	24 hour
mESC_EpiLC_24h_pool	Mus musculus	blastocyst	embryonic stem cell	normal	ES-E14TG2a	CVCL_9108	ES-E14TG2a	129P2/Ola	male	blastocyst	N2B27 medium with activin A, bFGF and KSR	not available	epiblast-like cell induction	cell line	study sample	not applicable	no depletion	24 hour	SN=mESC_EpiLC_24h_rep1;SN=mESC_EpiLC_24h_rep2;SN=mESC_EpiLC_24h_rep3;SN=mESC_EpiLC_24h_rep4	pooled	run 88	proteomic profiling by mass spectrometry	NT=Q Exactive HF;AC=MS:1002523	label free sample	NT=Data-dependent acquisition;AC=PRIDE:0000627	NT=beam-type collision-induced dissociation;AC=MS:1000422	25 NCE	NT=orbitrap;AC=MS:1000484	300m/z-1600m/z	4.5 ppm	20 ppm	NT=Tris(2-carboxyethyl)phosphine (TCEP);AC=PRIDE:0000609	NT=Chloroacetamide (ClAA);AC=PRIDE:0000600	NT=Trypsin;AC=MS:1001251	NT=Lys-C;AC=MS:1001309	NT=Carbamidomethyl;AC=UNIMOD:4;TA=C;MT=Fixed	NT=Oxidation;AC=UNIMOD:35;TA=M;MT=Variable	NT=Acetyl;AC=UNIMOD:1;PP=Protein N-term;MT=Variable	not applicable	NT=Strong cation-exchange chromatography (SCX);AC=PRIDE:0000561	4	1	in-StageTip SCX fractionated pooled proteome (measured 2015-09-28 batch)	0.1% formic acid / 60% acetonitrile binary gradient, 300 nL/min: 4-32% B over 90 min then 32-47% B over 20 min	20150928_QEp2_LC10_SeHu_SA_mESC_Proteome_24h_4.raw	v1.1.0	NT=ms-proteomics;VV=v1.1.0	NT=vertebrates;VV=v1.1.0	NT=cell-lines;VV=v1.1.0	NT=sdrf-skills;VV=v0.2.0	24 hour
mESC_EpiLC_24h_pool	Mus musculus	blastocyst	embryonic stem cell	normal	ES-E14TG2a	CVCL_9108	ES-E14TG2a	129P2/Ola	male	blastocyst	N2B27 medium with activin A, bFGF and KSR	not available	epiblast-like cell induction	cell line	study sample	not applicable	no depletion	24 hour	SN=mESC_EpiLC_24h_rep1;SN=mESC_EpiLC_24h_rep2;SN=mESC_EpiLC_24h_rep3;SN=mESC_EpiLC_24h_rep4	pooled	run 89	proteomic profiling by mass spectrometry	NT=Q Exactive HF;AC=MS:1002523	label free sample	NT=Data-dependent acquisition;AC=PRIDE:0000627	NT=beam-type collision-induced dissociation;AC=MS:1000422	25 NCE	NT=orbitrap;AC=MS:1000484	300m/z-1600m/z	4.5 ppm	20 ppm	NT=Tris(2-carboxyethyl)phosphine (TCEP);AC=PRIDE:0000609	NT=Chloroacetamide (ClAA);AC=PRIDE:0000600	NT=Trypsin;AC=MS:1001251	NT=Lys-C;AC=MS:1001309	NT=Carbamidomethyl;AC=UNIMOD:4;TA=C;MT=Fixed	NT=Oxidation;AC=UNIMOD:35;TA=M;MT=Variable	NT=Acetyl;AC=UNIMOD:1;PP=Protein N-term;MT=Variable	not applicable	NT=Strong cation-exchange chromatography (SCX);AC=PRIDE:0000561	5	1	in-StageTip SCX fractionated pooled proteome (measured 2015-09-28 batch)	0.1% formic acid / 60% acetonitrile binary gradient, 300 nL/min: 4-32% B over 90 min then 32-47% B over 20 min	20150928_QEp2_LC10_SeHu_SA_mESC_Proteome_24h_5.raw	v1.1.0	NT=ms-proteomics;VV=v1.1.0	NT=vertebrates;VV=v1.1.0	NT=cell-lines;VV=v1.1.0	NT=sdrf-skills;VV=v0.2.0	24 hour
mESC_EpiLC_24h_pool	Mus musculus	blastocyst	embryonic stem cell	normal	ES-E14TG2a	CVCL_9108	ES-E14TG2a	129P2/Ola	male	blastocyst	N2B27 medium with activin A, bFGF and KSR	not available	epiblast-like cell induction	cell line	study sample	not applicable	no depletion	24 hour	SN=mESC_EpiLC_24h_rep1;SN=mESC_EpiLC_24h_rep2;SN=mESC_EpiLC_24h_rep3;SN=mESC_EpiLC_24h_rep4	pooled	run 90	proteomic profiling by mass spectrometry	NT=Q Exactive HF;AC=MS:1002523	label free sample	NT=Data-dependent acquisition;AC=PRIDE:0000627	NT=beam-type collision-induced dissociation;AC=MS:1000422	25 NCE	NT=orbitrap;AC=MS:1000484	300m/z-1600m/z	4.5 ppm	20 ppm	NT=Tris(2-carboxyethyl)phosphine (TCEP);AC=PRIDE:0000609	NT=Chloroacetamide (ClAA);AC=PRIDE:0000600	NT=Trypsin;AC=MS:1001251	NT=Lys-C;AC=MS:1001309	NT=Carbamidomethyl;AC=UNIMOD:4;TA=C;MT=Fixed	NT=Oxidation;AC=UNIMOD:35;TA=M;MT=Variable	NT=Acetyl;AC=UNIMOD:1;PP=Protein N-term;MT=Variable	not applicable	NT=Strong cation-exchange chromatography (SCX);AC=PRIDE:0000561	6	1	in-StageTip SCX fractionated pooled proteome (measured 2015-09-28 batch)	0.1% formic acid / 60% acetonitrile binary gradient, 300 nL/min: 4-32% B over 90 min then 32-47% B over 20 min	20150928_QEp2_LC10_SeHu_SA_mESC_Proteome_24h_6.raw	v1.1.0	NT=ms-proteomics;VV=v1.1.0	NT=vertebrates;VV=v1.1.0	NT=cell-lines;VV=v1.1.0	NT=sdrf-skills;VV=v0.2.0	24 hour
mESC_EpiLC_36h_pool	Mus musculus	blastocyst	embryonic stem cell	normal	ES-E14TG2a	CVCL_9108	ES-E14TG2a	129P2/Ola	male	blastocyst	N2B27 medium with activin A, bFGF and KSR	not available	epiblast-like cell induction	cell line	study sample	not applicable	no depletion	36 hour	SN=mESC_EpiLC_36h_rep1;SN=mESC_EpiLC_36h_rep2;SN=mESC_EpiLC_36h_rep3;SN=mESC_EpiLC_36h_rep4	pooled	run 91	proteomic profiling by mass spectrometry	NT=Q Exactive HF;AC=MS:1002523	label free sample	NT=Data-dependent acquisition;AC=PRIDE:0000627	NT=beam-type collision-induced dissociation;AC=MS:1000422	25 NCE	NT=orbitrap;AC=MS:1000484	300m/z-1600m/z	4.5 ppm	20 ppm	NT=Tris(2-carboxyethyl)phosphine (TCEP);AC=PRIDE:0000609	NT=Chloroacetamide (ClAA);AC=PRIDE:0000600	NT=Trypsin;AC=MS:1001251	NT=Lys-C;AC=MS:1001309	NT=Carbamidomethyl;AC=UNIMOD:4;TA=C;MT=Fixed	NT=Oxidation;AC=UNIMOD:35;TA=M;MT=Variable	NT=Acetyl;AC=UNIMOD:1;PP=Protein N-term;MT=Variable	not applicable	NT=Strong cation-exchange chromatography (SCX);AC=PRIDE:0000561	1	1	in-StageTip SCX fractionated pooled proteome (measured 2015-09-28 batch)	0.1% formic acid / 60% acetonitrile binary gradient, 300 nL/min: 4-32% B over 90 min then 32-47% B over 20 min	20150928_QEp2_LC10_SeHu_SA_mESC_Proteome_36h_1.raw	v1.1.0	NT=ms-proteomics;VV=v1.1.0	NT=vertebrates;VV=v1.1.0	NT=cell-lines;VV=v1.1.0	NT=sdrf-skills;VV=v0.2.0	36 hour
mESC_EpiLC_36h_pool	Mus musculus	blastocyst	embryonic stem cell	normal	ES-E14TG2a	CVCL_9108	ES-E14TG2a	129P2/Ola	male	blastocyst	N2B27 medium with activin A, bFGF and KSR	not available	epiblast-like cell induction	cell line	study sample	not applicable	no depletion	36 hour	SN=mESC_EpiLC_36h_rep1;SN=mESC_EpiLC_36h_rep2;SN=mESC_EpiLC_36h_rep3;SN=mESC_EpiLC_36h_rep4	pooled	run 92	proteomic profiling by mass spectrometry	NT=Q Exactive HF;AC=MS:1002523	label free sample	NT=Data-dependent acquisition;AC=PRIDE:0000627	NT=beam-type collision-induced dissociation;AC=MS:1000422	25 NCE	NT=orbitrap;AC=MS:1000484	300m/z-1600m/z	4.5 ppm	20 ppm	NT=Tris(2-carboxyethyl)phosphine (TCEP);AC=PRIDE:0000609	NT=Chloroacetamide (ClAA);AC=PRIDE:0000600	NT=Trypsin;AC=MS:1001251	NT=Lys-C;AC=MS:1001309	NT=Carbamidomethyl;AC=UNIMOD:4;TA=C;MT=Fixed	NT=Oxidation;AC=UNIMOD:35;TA=M;MT=Variable	NT=Acetyl;AC=UNIMOD:1;PP=Protein N-term;MT=Variable	not applicable	NT=Strong cation-exchange chromatography (SCX);AC=PRIDE:0000561	2	1	in-StageTip SCX fractionated pooled proteome (measured 2015-09-28 batch)	0.1% formic acid / 60% acetonitrile binary gradient, 300 nL/min: 4-32% B over 90 min then 32-47% B over 20 min	20150928_QEp2_LC10_SeHu_SA_mESC_Proteome_36h_2.raw	v1.1.0	NT=ms-proteomics;VV=v1.1.0	NT=vertebrates;VV=v1.1.0	NT=cell-lines;VV=v1.1.0	NT=sdrf-skills;VV=v0.2.0	36 hour
mESC_EpiLC_36h_pool	Mus musculus	blastocyst	embryonic stem cell	normal	ES-E14TG2a	CVCL_9108	ES-E14TG2a	129P2/Ola	male	blastocyst	N2B27 medium with activin A, bFGF and KSR	not available	epiblast-like cell induction	cell line	study sample	not applicable	no depletion	36 hour	SN=mESC_EpiLC_36h_rep1;SN=mESC_EpiLC_36h_rep2;SN=mESC_EpiLC_36h_rep3;SN=mESC_EpiLC_36h_rep4	pooled	run 93	proteomic profiling by mass spectrometry	NT=Q Exactive HF;AC=MS:1002523	label free sample	NT=Data-dependent acquisition;AC=PRIDE:0000627	NT=beam-type collision-induced dissociation;AC=MS:1000422	25 NCE	NT=orbitrap;AC=MS:1000484	300m/z-1600m/z	4.5 ppm	20 ppm	NT=Tris(2-carboxyethyl)phosphine (TCEP);AC=PRIDE:0000609	NT=Chloroacetamide (ClAA);AC=PRIDE:0000600	NT=Trypsin;AC=MS:1001251	NT=Lys-C;AC=MS:1001309	NT=Carbamidomethyl;AC=UNIMOD:4;TA=C;MT=Fixed	NT=Oxidation;AC=UNIMOD:35;TA=M;MT=Variable	NT=Acetyl;AC=UNIMOD:1;PP=Protein N-term;MT=Variable	not applicable	NT=Strong cation-exchange chromatography (SCX);AC=PRIDE:0000561	3	1	in-StageTip SCX fractionated pooled proteome (measured 2015-09-28 batch)	0.1% formic acid / 60% acetonitrile binary gradient, 300 nL/min: 4-32% B over 90 min then 32-47% B over 20 min	20150928_QEp2_LC10_SeHu_SA_mESC_Proteome_36h_3.raw	v1.1.0	NT=ms-proteomics;VV=v1.1.0	NT=vertebrates;VV=v1.1.0	NT=cell-lines;VV=v1.1.0	NT=sdrf-skills;VV=v0.2.0	36 hour
mESC_EpiLC_36h_pool	Mus musculus	blastocyst	embryonic stem cell	normal	ES-E14TG2a	CVCL_9108	ES-E14TG2a	129P2/Ola	male	blastocyst	N2B27 medium with activin A, bFGF and KSR	not available	epiblast-like cell induction	cell line	study sample	not applicable	no depletion	36 hour	SN=mESC_EpiLC_36h_rep1;SN=mESC_EpiLC_36h_rep2;SN=mESC_EpiLC_36h_rep3;SN=mESC_EpiLC_36h_rep4	pooled	run 94	proteomic profiling by mass spectrometry	NT=Q Exactive HF;AC=MS:1002523	label free sample	NT=Data-dependent acquisition;AC=PRIDE:0000627	NT=beam-type collision-induced dissociation;AC=MS:1000422	25 NCE	NT=orbitrap;AC=MS:1000484	300m/z-1600m/z	4.5 ppm	20 ppm	NT=Tris(2-carboxyethyl)phosphine (TCEP);AC=PRIDE:0000609	NT=Chloroacetamide (ClAA);AC=PRIDE:0000600	NT=Trypsin;AC=MS:1001251	NT=Lys-C;AC=MS:1001309	NT=Carbamidomethyl;AC=UNIMOD:4;TA=C;MT=Fixed	NT=Oxidation;AC=UNIMOD:35;TA=M;MT=Variable	NT=Acetyl;AC=UNIMOD:1;PP=Protein N-term;MT=Variable	not applicable	NT=Strong cation-exchange chromatography (SCX);AC=PRIDE:0000561	4	1	in-StageTip SCX fractionated pooled proteome (measured 2015-09-28 batch)	0.1% formic acid / 60% acetonitrile binary gradient, 300 nL/min: 4-32% B over 90 min then 32-47% B over 20 min	20150928_QEp2_LC10_SeHu_SA_mESC_Proteome_36h_4.raw	v1.1.0	NT=ms-proteomics;VV=v1.1.0	NT=vertebrates;VV=v1.1.0	NT=cell-lines;VV=v1.1.0	NT=sdrf-skills;VV=v0.2.0	36 hour
mESC_EpiLC_36h_pool	Mus musculus	blastocyst	embryonic stem cell	normal	ES-E14TG2a	CVCL_9108	ES-E14TG2a	129P2/Ola	male	blastocyst	N2B27 medium with activin A, bFGF and KSR	not available	epiblast-like cell induction	cell line	study sample	not applicable	no depletion	36 hour	SN=mESC_EpiLC_36h_rep1;SN=mESC_EpiLC_36h_rep2;SN=mESC_EpiLC_36h_rep3;SN=mESC_EpiLC_36h_rep4	pooled	run 95	proteomic profiling by mass spectrometry	NT=Q Exactive HF;AC=MS:1002523	label free sample	NT=Data-dependent acquisition;AC=PRIDE:0000627	NT=beam-type collision-induced dissociation;AC=MS:1000422	25 NCE	NT=orbitrap;AC=MS:1000484	300m/z-1600m/z	4.5 ppm	20 ppm	NT=Tris(2-carboxyethyl)phosphine (TCEP);AC=PRIDE:0000609	NT=Chloroacetamide (ClAA);AC=PRIDE:0000600	NT=Trypsin;AC=MS:1001251	NT=Lys-C;AC=MS:1001309	NT=Carbamidomethyl;AC=UNIMOD:4;TA=C;MT=Fixed	NT=Oxidation;AC=UNIMOD:35;TA=M;MT=Variable	NT=Acetyl;AC=UNIMOD:1;PP=Protein N-term;MT=Variable	not applicable	NT=Strong cation-exchange chromatography (SCX);AC=PRIDE:0000561	5	1	in-StageTip SCX fractionated pooled proteome (measured 2015-09-28 batch)	0.1% formic acid / 60% acetonitrile binary gradient, 300 nL/min: 4-32% B over 90 min then 32-47% B over 20 min	20150928_QEp2_LC10_SeHu_SA_mESC_Proteome_36h_5.raw	v1.1.0	NT=ms-proteomics;VV=v1.1.0	NT=vertebrates;VV=v1.1.0	NT=cell-lines;VV=v1.1.0	NT=sdrf-skills;VV=v0.2.0	36 hour
mESC_EpiLC_36h_pool	Mus musculus	blastocyst	embryonic stem cell	normal	ES-E14TG2a	CVCL_9108	ES-E14TG2a	129P2/Ola	male	blastocyst	N2B27 medium with activin A, bFGF and KSR	not available	epiblast-like cell induction	cell line	study sample	not applicable	no depletion	36 hour	SN=mESC_EpiLC_36h_rep1;SN=mESC_EpiLC_36h_rep2;SN=mESC_EpiLC_36h_rep3;SN=mESC_EpiLC_36h_rep4	pooled	run 96	proteomic profiling by mass spectrometry	NT=Q Exactive HF;AC=MS:1002523	label free sample	NT=Data-dependent acquisition;AC=PRIDE:0000627	NT=beam-type collision-induced dissociation;AC=MS:1000422	25 NCE	NT=orbitrap;AC=MS:1000484	300m/z-1600m/z	4.5 ppm	20 ppm	NT=Tris(2-carboxyethyl)phosphine (TCEP);AC=PRIDE:0000609	NT=Chloroacetamide (ClAA);AC=PRIDE:0000600	NT=Trypsin;AC=MS:1001251	NT=Lys-C;AC=MS:1001309	NT=Carbamidomethyl;AC=UNIMOD:4;TA=C;MT=Fixed	NT=Oxidation;AC=UNIMOD:35;TA=M;MT=Variable	NT=Acetyl;AC=UNIMOD:1;PP=Protein N-term;MT=Variable	not applicable	NT=Strong cation-exchange chromatography (SCX);AC=PRIDE:0000561	6	1	in-StageTip SCX fractionated pooled proteome (measured 2015-09-28 batch)	0.1% formic acid / 60% acetonitrile binary gradient, 300 nL/min: 4-32% B over 90 min then 32-47% B over 20 min	20150928_QEp2_LC10_SeHu_SA_mESC_Proteome_36h_6.raw	v1.1.0	NT=ms-proteomics;VV=v1.1.0	NT=vertebrates;VV=v1.1.0	NT=cell-lines;VV=v1.1.0	NT=sdrf-skills;VV=v0.2.0	36 hour
mESC_EpiLC_48h_pool	Mus musculus	blastocyst	embryonic stem cell	normal	ES-E14TG2a	CVCL_9108	ES-E14TG2a	129P2/Ola	male	blastocyst	N2B27 medium with activin A, bFGF and KSR	not available	epiblast-like cell induction	cell line	study sample	not applicable	no depletion	48 hour	SN=mESC_EpiLC_48h_rep1;SN=mESC_EpiLC_48h_rep2;SN=mESC_EpiLC_48h_rep3;SN=mESC_EpiLC_48h_rep4	pooled	run 97	proteomic profiling by mass spectrometry	NT=Q Exactive HF;AC=MS:1002523	label free sample	NT=Data-dependent acquisition;AC=PRIDE:0000627	NT=beam-type collision-induced dissociation;AC=MS:1000422	25 NCE	NT=orbitrap;AC=MS:1000484	300m/z-1600m/z	4.5 ppm	20 ppm	NT=Tris(2-carboxyethyl)phosphine (TCEP);AC=PRIDE:0000609	NT=Chloroacetamide (ClAA);AC=PRIDE:0000600	NT=Trypsin;AC=MS:1001251	NT=Lys-C;AC=MS:1001309	NT=Carbamidomethyl;AC=UNIMOD:4;TA=C;MT=Fixed	NT=Oxidation;AC=UNIMOD:35;TA=M;MT=Variable	NT=Acetyl;AC=UNIMOD:1;PP=Protein N-term;MT=Variable	not applicable	NT=Strong cation-exchange chromatography (SCX);AC=PRIDE:0000561	1	1	in-StageTip SCX fractionated pooled proteome (measured 2015-09-28 batch)	0.1% formic acid / 60% acetonitrile binary gradient, 300 nL/min: 4-32% B over 90 min then 32-47% B over 20 min	20150928_QEp2_LC10_SeHu_SA_mESC_Proteome_48h_1.raw	v1.1.0	NT=ms-proteomics;VV=v1.1.0	NT=vertebrates;VV=v1.1.0	NT=cell-lines;VV=v1.1.0	NT=sdrf-skills;VV=v0.2.0	48 hour
mESC_EpiLC_48h_pool	Mus musculus	blastocyst	embryonic stem cell	normal	ES-E14TG2a	CVCL_9108	ES-E14TG2a	129P2/Ola	male	blastocyst	N2B27 medium with activin A, bFGF and KSR	not available	epiblast-like cell induction	cell line	study sample	not applicable	no depletion	48 hour	SN=mESC_EpiLC_48h_rep1;SN=mESC_EpiLC_48h_rep2;SN=mESC_EpiLC_48h_rep3;SN=mESC_EpiLC_48h_rep4	pooled	run 98	proteomic profiling by mass spectrometry	NT=Q Exactive HF;AC=MS:1002523	label free sample	NT=Data-dependent acquisition;AC=PRIDE:0000627	NT=beam-type collision-induced dissociation;AC=MS:1000422	25 NCE	NT=orbitrap;AC=MS:1000484	300m/z-1600m/z	4.5 ppm	20 ppm	NT=Tris(2-carboxyethyl)phosphine (TCEP);AC=PRIDE:0000609	NT=Chloroacetamide (ClAA);AC=PRIDE:0000600	NT=Trypsin;AC=MS:1001251	NT=Lys-C;AC=MS:1001309	NT=Carbamidomethyl;AC=UNIMOD:4;TA=C;MT=Fixed	NT=Oxidation;AC=UNIMOD:35;TA=M;MT=Variable	NT=Acetyl;AC=UNIMOD:1;PP=Protein N-term;MT=Variable	not applicable	NT=Strong cation-exchange chromatography (SCX);AC=PRIDE:0000561	2	1	in-StageTip SCX fractionated pooled proteome (measured 2015-09-28 batch)	0.1% formic acid / 60% acetonitrile binary gradient, 300 nL/min: 4-32% B over 90 min then 32-47% B over 20 min	20150928_QEp2_LC10_SeHu_SA_mESC_Proteome_48h_2.raw	v1.1.0	NT=ms-proteomics;VV=v1.1.0	NT=vertebrates;VV=v1.1.0	NT=cell-lines;VV=v1.1.0	NT=sdrf-skills;VV=v0.2.0	48 hour
mESC_EpiLC_48h_pool	Mus musculus	blastocyst	embryonic stem cell	normal	ES-E14TG2a	CVCL_9108	ES-E14TG2a	129P2/Ola	male	blastocyst	N2B27 medium with activin A, bFGF and KSR	not available	epiblast-like cell induction	cell line	study sample	not applicable	no depletion	48 hour	SN=mESC_EpiLC_48h_rep1;SN=mESC_EpiLC_48h_rep2;SN=mESC_EpiLC_48h_rep3;SN=mESC_EpiLC_48h_rep4	pooled	run 99	proteomic profiling by mass spectrometry	NT=Q Exactive HF;AC=MS:1002523	label free sample	NT=Data-dependent acquisition;AC=PRIDE:0000627	NT=beam-type collision-induced dissociation;AC=MS:1000422	25 NCE	NT=orbitrap;AC=MS:1000484	300m/z-1600m/z	4.5 ppm	20 ppm	NT=Tris(2-carboxyethyl)phosphine (TCEP);AC=PRIDE:0000609	NT=Chloroacetamide (ClAA);AC=PRIDE:0000600	NT=Trypsin;AC=MS:1001251	NT=Lys-C;AC=MS:1001309	NT=Carbamidomethyl;AC=UNIMOD:4;TA=C;MT=Fixed	NT=Oxidation;AC=UNIMOD:35;TA=M;MT=Variable	NT=Acetyl;AC=UNIMOD:1;PP=Protein N-term;MT=Variable	not applicable	NT=Strong cation-exchange chromatography (SCX);AC=PRIDE:0000561	3	1	in-StageTip SCX fractionated pooled proteome (measured 2015-09-28 batch)	0.1% formic acid / 60% acetonitrile binary gradient, 300 nL/min: 4-32% B over 90 min then 32-47% B over 20 min	20150928_QEp2_LC10_SeHu_SA_mESC_Proteome_48h_3.raw	v1.1.0	NT=ms-proteomics;VV=v1.1.0	NT=vertebrates;VV=v1.1.0	NT=cell-lines;VV=v1.1.0	NT=sdrf-skills;VV=v0.2.0	48 hour
mESC_EpiLC_48h_pool	Mus musculus	blastocyst	embryonic stem cell	normal	ES-E14TG2a	CVCL_9108	ES-E14TG2a	129P2/Ola	male	blastocyst	N2B27 medium with activin A, bFGF and KSR	not available	epiblast-like cell induction	cell line	study sample	not applicable	no depletion	48 hour	SN=mESC_EpiLC_48h_rep1;SN=mESC_EpiLC_48h_rep2;SN=mESC_EpiLC_48h_rep3;SN=mESC_EpiLC_48h_rep4	pooled	run 100	proteomic profiling by mass spectrometry	NT=Q Exactive HF;AC=MS:1002523	label free sample	NT=Data-dependent acquisition;AC=PRIDE:0000627	NT=beam-type collision-induced dissociation;AC=MS:1000422	25 NCE	NT=orbitrap;AC=MS:1000484	300m/z-1600m/z	4.5 ppm	20 ppm	NT=Tris(2-carboxyethyl)phosphine (TCEP);AC=PRIDE:0000609	NT=Chloroacetamide (ClAA);AC=PRIDE:0000600	NT=Trypsin;AC=MS:1001251	NT=Lys-C;AC=MS:1001309	NT=Carbamidomethyl;AC=UNIMOD:4;TA=C;MT=Fixed	NT=Oxidation;AC=UNIMOD:35;TA=M;MT=Variable	NT=Acetyl;AC=UNIMOD:1;PP=Protein N-term;MT=Variable	not applicable	NT=Strong cation-exchange chromatography (SCX);AC=PRIDE:0000561	4	1	in-StageTip SCX fractionated pooled proteome (measured 2015-09-28 batch)	0.1% formic acid / 60% acetonitrile binary gradient, 300 nL/min: 4-32% B over 90 min then 32-47% B over 20 min	20150928_QEp2_LC10_SeHu_SA_mESC_Proteome_48h_4.raw	v1.1.0	NT=ms-proteomics;VV=v1.1.0	NT=vertebrates;VV=v1.1.0	NT=cell-lines;VV=v1.1.0	NT=sdrf-skills;VV=v0.2.0	48 hour
mESC_EpiLC_48h_pool	Mus musculus	blastocyst	embryonic stem cell	normal	ES-E14TG2a	CVCL_9108	ES-E14TG2a	129P2/Ola	male	blastocyst	N2B27 medium with activin A, bFGF and KSR	not available	epiblast-like cell induction	cell line	study sample	not applicable	no depletion	48 hour	SN=mESC_EpiLC_48h_rep1;SN=mESC_EpiLC_48h_rep2;SN=mESC_EpiLC_48h_rep3;SN=mESC_EpiLC_48h_rep4	pooled	run 101	proteomic profiling by mass spectrometry	NT=Q Exactive HF;AC=MS:1002523	label free sample	NT=Data-dependent acquisition;AC=PRIDE:0000627	NT=beam-type collision-induced dissociation;AC=MS:1000422	25 NCE	NT=orbitrap;AC=MS:1000484	300m/z-1600m/z	4.5 ppm	20 ppm	NT=Tris(2-carboxyethyl)phosphine (TCEP);AC=PRIDE:0000609	NT=Chloroacetamide (ClAA);AC=PRIDE:0000600	NT=Trypsin;AC=MS:1001251	NT=Lys-C;AC=MS:1001309	NT=Carbamidomethyl;AC=UNIMOD:4;TA=C;MT=Fixed	NT=Oxidation;AC=UNIMOD:35;TA=M;MT=Variable	NT=Acetyl;AC=UNIMOD:1;PP=Protein N-term;MT=Variable	not applicable	NT=Strong cation-exchange chromatography (SCX);AC=PRIDE:0000561	5	1	in-StageTip SCX fractionated pooled proteome (measured 2015-09-28 batch)	0.1% formic acid / 60% acetonitrile binary gradient, 300 nL/min: 4-32% B over 90 min then 32-47% B over 20 min	20150928_QEp2_LC10_SeHu_SA_mESC_Proteome_48h_5.raw	v1.1.0	NT=ms-proteomics;VV=v1.1.0	NT=vertebrates;VV=v1.1.0	NT=cell-lines;VV=v1.1.0	NT=sdrf-skills;VV=v0.2.0	48 hour
mESC_EpiLC_48h_pool	Mus musculus	blastocyst	embryonic stem cell	normal	ES-E14TG2a	CVCL_9108	ES-E14TG2a	129P2/Ola	male	blastocyst	N2B27 medium with activin A, bFGF and KSR	not available	epiblast-like cell induction	cell line	study sample	not applicable	no depletion	48 hour	SN=mESC_EpiLC_48h_rep1;SN=mESC_EpiLC_48h_rep2;SN=mESC_EpiLC_48h_rep3;SN=mESC_EpiLC_48h_rep4	pooled	run 102	proteomic profiling by mass spectrometry	NT=Q Exactive HF;AC=MS:1002523	label free sample	NT=Data-dependent acquisition;AC=PRIDE:0000627	NT=beam-type collision-induced dissociation;AC=MS:1000422	25 NCE	NT=orbitrap;AC=MS:1000484	300m/z-1600m/z	4.5 ppm	20 ppm	NT=Tris(2-carboxyethyl)phosphine (TCEP);AC=PRIDE:0000609	NT=Chloroacetamide (ClAA);AC=PRIDE:0000600	NT=Trypsin;AC=MS:1001251	NT=Lys-C;AC=MS:1001309	NT=Carbamidomethyl;AC=UNIMOD:4;TA=C;MT=Fixed	NT=Oxidation;AC=UNIMOD:35;TA=M;MT=Variable	NT=Acetyl;AC=UNIMOD:1;PP=Protein N-term;MT=Variable	not applicable	NT=Strong cation-exchange chromatography (SCX);AC=PRIDE:0000561	6	1	in-StageTip SCX fractionated pooled proteome (measured 2015-09-28 batch)	0.1% formic acid / 60% acetonitrile binary gradient, 300 nL/min: 4-32% B over 90 min then 32-47% B over 20 min	20150928_QEp2_LC10_SeHu_SA_mESC_Proteome_48h_6.raw	v1.1.0	NT=ms-proteomics;VV=v1.1.0	NT=vertebrates;VV=v1.1.0	NT=cell-lines;VV=v1.1.0	NT=sdrf-skills;VV=v0.2.0	48 hour
mESC_EpiLC_72h_pool	Mus musculus	blastocyst	embryonic stem cell	normal	ES-E14TG2a	CVCL_9108	ES-E14TG2a	129P2/Ola	male	blastocyst	N2B27 medium with activin A, bFGF and KSR	not available	epiblast-like cell induction	cell line	study sample	not applicable	no depletion	72 hour	SN=mESC_EpiLC_72h_rep1;SN=mESC_EpiLC_72h_rep2;SN=mESC_EpiLC_72h_rep3;SN=mESC_EpiLC_72h_rep4	pooled	run 103	proteomic profiling by mass spectrometry	NT=Q Exactive HF;AC=MS:1002523	label free sample	NT=Data-dependent acquisition;AC=PRIDE:0000627	NT=beam-type collision-induced dissociation;AC=MS:1000422	25 NCE	NT=orbitrap;AC=MS:1000484	300m/z-1600m/z	4.5 ppm	20 ppm	NT=Tris(2-carboxyethyl)phosphine (TCEP);AC=PRIDE:0000609	NT=Chloroacetamide (ClAA);AC=PRIDE:0000600	NT=Trypsin;AC=MS:1001251	NT=Lys-C;AC=MS:1001309	NT=Carbamidomethyl;AC=UNIMOD:4;TA=C;MT=Fixed	NT=Oxidation;AC=UNIMOD:35;TA=M;MT=Variable	NT=Acetyl;AC=UNIMOD:1;PP=Protein N-term;MT=Variable	not applicable	NT=Strong cation-exchange chromatography (SCX);AC=PRIDE:0000561	1	1	in-StageTip SCX fractionated pooled proteome (measured 2015-09-28 batch)	0.1% formic acid / 60% acetonitrile binary gradient, 300 nL/min: 4-32% B over 90 min then 32-47% B over 20 min	20150928_QEp2_LC10_SeHu_SA_mESC_Proteome_72h_1.raw	v1.1.0	NT=ms-proteomics;VV=v1.1.0	NT=vertebrates;VV=v1.1.0	NT=cell-lines;VV=v1.1.0	NT=sdrf-skills;VV=v0.2.0	72 hour
mESC_EpiLC_72h_pool	Mus musculus	blastocyst	embryonic stem cell	normal	ES-E14TG2a	CVCL_9108	ES-E14TG2a	129P2/Ola	male	blastocyst	N2B27 medium with activin A, bFGF and KSR	not available	epiblast-like cell induction	cell line	study sample	not applicable	no depletion	72 hour	SN=mESC_EpiLC_72h_rep1;SN=mESC_EpiLC_72h_rep2;SN=mESC_EpiLC_72h_rep3;SN=mESC_EpiLC_72h_rep4	pooled	run 104	proteomic profiling by mass spectrometry	NT=Q Exactive HF;AC=MS:1002523	label free sample	NT=Data-dependent acquisition;AC=PRIDE:0000627	NT=beam-type collision-induced dissociation;AC=MS:1000422	25 NCE	NT=orbitrap;AC=MS:1000484	300m/z-1600m/z	4.5 ppm	20 ppm	NT=Tris(2-carboxyethyl)phosphine (TCEP);AC=PRIDE:0000609	NT=Chloroacetamide (ClAA);AC=PRIDE:0000600	NT=Trypsin;AC=MS:1001251	NT=Lys-C;AC=MS:1001309	NT=Carbamidomethyl;AC=UNIMOD:4;TA=C;MT=Fixed	NT=Oxidation;AC=UNIMOD:35;TA=M;MT=Variable	NT=Acetyl;AC=UNIMOD:1;PP=Protein N-term;MT=Variable	not applicable	NT=Strong cation-exchange chromatography (SCX);AC=PRIDE:0000561	2	1	in-StageTip SCX fractionated pooled proteome (measured 2015-09-28 batch)	0.1% formic acid / 60% acetonitrile binary gradient, 300 nL/min: 4-32% B over 90 min then 32-47% B over 20 min	20150928_QEp2_LC10_SeHu_SA_mESC_Proteome_72h_2.raw	v1.1.0	NT=ms-proteomics;VV=v1.1.0	NT=vertebrates;VV=v1.1.0	NT=cell-lines;VV=v1.1.0	NT=sdrf-skills;VV=v0.2.0	72 hour
mESC_EpiLC_72h_pool	Mus musculus	blastocyst	embryonic stem cell	normal	ES-E14TG2a	CVCL_9108	ES-E14TG2a	129P2/Ola	male	blastocyst	N2B27 medium with activin A, bFGF and KSR	not available	epiblast-like cell induction	cell line	study sample	not applicable	no depletion	72 hour	SN=mESC_EpiLC_72h_rep1;SN=mESC_EpiLC_72h_rep2;SN=mESC_EpiLC_72h_rep3;SN=mESC_EpiLC_72h_rep4	pooled	run 105	proteomic profiling by mass spectrometry	NT=Q Exactive HF;AC=MS:1002523	label free sample	NT=Data-dependent acquisition;AC=PRIDE:0000627	NT=beam-type collision-induced dissociation;AC=MS:1000422	25 NCE	NT=orbitrap;AC=MS:1000484	300m/z-1600m/z	4.5 ppm	20 ppm	NT=Tris(2-carboxyethyl)phosphine (TCEP);AC=PRIDE:0000609	NT=Chloroacetamide (ClAA);AC=PRIDE:0000600	NT=Trypsin;AC=MS:1001251	NT=Lys-C;AC=MS:1001309	NT=Carbamidomethyl;AC=UNIMOD:4;TA=C;MT=Fixed	NT=Oxidation;AC=UNIMOD:35;TA=M;MT=Variable	NT=Acetyl;AC=UNIMOD:1;PP=Protein N-term;MT=Variable	not applicable	NT=Strong cation-exchange chromatography (SCX);AC=PRIDE:0000561	3	1	in-StageTip SCX fractionated pooled proteome (measured 2015-09-28 batch)	0.1% formic acid / 60% acetonitrile binary gradient, 300 nL/min: 4-32% B over 90 min then 32-47% B over 20 min	20150928_QEp2_LC10_SeHu_SA_mESC_Proteome_72h_3.raw	v1.1.0	NT=ms-proteomics;VV=v1.1.0	NT=vertebrates;VV=v1.1.0	NT=cell-lines;VV=v1.1.0	NT=sdrf-skills;VV=v0.2.0	72 hour
mESC_EpiLC_72h_pool	Mus musculus	blastocyst	embryonic stem cell	normal	ES-E14TG2a	CVCL_9108	ES-E14TG2a	129P2/Ola	male	blastocyst	N2B27 medium with activin A, bFGF and KSR	not available	epiblast-like cell induction	cell line	study sample	not applicable	no depletion	72 hour	SN=mESC_EpiLC_72h_rep1;SN=mESC_EpiLC_72h_rep2;SN=mESC_EpiLC_72h_rep3;SN=mESC_EpiLC_72h_rep4	pooled	run 106	proteomic profiling by mass spectrometry	NT=Q Exactive HF;AC=MS:1002523	label free sample	NT=Data-dependent acquisition;AC=PRIDE:0000627	NT=beam-type collision-induced dissociation;AC=MS:1000422	25 NCE	NT=orbitrap;AC=MS:1000484	300m/z-1600m/z	4.5 ppm	20 ppm	NT=Tris(2-carboxyethyl)phosphine (TCEP);AC=PRIDE:0000609	NT=Chloroacetamide (ClAA);AC=PRIDE:0000600	NT=Trypsin;AC=MS:1001251	NT=Lys-C;AC=MS:1001309	NT=Carbamidomethyl;AC=UNIMOD:4;TA=C;MT=Fixed	NT=Oxidation;AC=UNIMOD:35;TA=M;MT=Variable	NT=Acetyl;AC=UNIMOD:1;PP=Protein N-term;MT=Variable	not applicable	NT=Strong cation-exchange chromatography (SCX);AC=PRIDE:0000561	4	1	in-StageTip SCX fractionated pooled proteome (measured 2015-09-28 batch)	0.1% formic acid / 60% acetonitrile binary gradient, 300 nL/min: 4-32% B over 90 min then 32-47% B over 20 min	20150928_QEp2_LC10_SeHu_SA_mESC_Proteome_72h_4.raw	v1.1.0	NT=ms-proteomics;VV=v1.1.0	NT=vertebrates;VV=v1.1.0	NT=cell-lines;VV=v1.1.0	NT=sdrf-skills;VV=v0.2.0	72 hour
mESC_EpiLC_72h_pool	Mus musculus	blastocyst	embryonic stem cell	normal	ES-E14TG2a	CVCL_9108	ES-E14TG2a	129P2/Ola	male	blastocyst	N2B27 medium with activin A, bFGF and KSR	not available	epiblast-like cell induction	cell line	study sample	not applicable	no depletion	72 hour	SN=mESC_EpiLC_72h_rep1;SN=mESC_EpiLC_72h_rep2;SN=mESC_EpiLC_72h_rep3;SN=mESC_EpiLC_72h_rep4	pooled	run 107	proteomic profiling by mass spectrometry	NT=Q Exactive HF;AC=MS:1002523	label free sample	NT=Data-dependent acquisition;AC=PRIDE:0000627	NT=beam-type collision-induced dissociation;AC=MS:1000422	25 NCE	NT=orbitrap;AC=MS:1000484	300m/z-1600m/z	4.5 ppm	20 ppm	NT=Tris(2-carboxyethyl)phosphine (TCEP);AC=PRIDE:0000609	NT=Chloroacetamide (ClAA);AC=PRIDE:0000600	NT=Trypsin;AC=MS:1001251	NT=Lys-C;AC=MS:1001309	NT=Carbamidomethyl;AC=UNIMOD:4;TA=C;MT=Fixed	NT=Oxidation;AC=UNIMOD:35;TA=M;MT=Variable	NT=Acetyl;AC=UNIMOD:1;PP=Protein N-term;MT=Variable	not applicable	NT=Strong cation-exchange chromatography (SCX);AC=PRIDE:0000561	5	1	in-StageTip SCX fractionated pooled proteome (measured 2015-09-28 batch)	0.1% formic acid / 60% acetonitrile binary gradient, 300 nL/min: 4-32% B over 90 min then 32-47% B over 20 min	20150928_QEp2_LC10_SeHu_SA_mESC_Proteome_72h_5.raw	v1.1.0	NT=ms-proteomics;VV=v1.1.0	NT=vertebrates;VV=v1.1.0	NT=cell-lines;VV=v1.1.0	NT=sdrf-skills;VV=v0.2.0	72 hour
mESC_EpiLC_72h_pool	Mus musculus	blastocyst	embryonic stem cell	normal	ES-E14TG2a	CVCL_9108	ES-E14TG2a	129P2/Ola	male	blastocyst	N2B27 medium with activin A, bFGF and KSR	not available	epiblast-like cell induction	cell line	study sample	not applicable	no depletion	72 hour	SN=mESC_EpiLC_72h_rep1;SN=mESC_EpiLC_72h_rep2;SN=mESC_EpiLC_72h_rep3;SN=mESC_EpiLC_72h_rep4	pooled	run 108	proteomic profiling by mass spectrometry	NT=Q Exactive HF;AC=MS:1002523	label free sample	NT=Data-dependent acquisition;AC=PRIDE:0000627	NT=beam-type collision-induced dissociation;AC=MS:1000422	25 NCE	NT=orbitrap;AC=MS:1000484	300m/z-1600m/z	4.5 ppm	20 ppm	NT=Tris(2-carboxyethyl)phosphine (TCEP);AC=PRIDE:0000609	NT=Chloroacetamide (ClAA);AC=PRIDE:0000600	NT=Trypsin;AC=MS:1001251	NT=Lys-C;AC=MS:1001309	NT=Carbamidomethyl;AC=UNIMOD:4;TA=C;MT=Fixed	NT=Oxidation;AC=UNIMOD:35;TA=M;MT=Variable	NT=Acetyl;AC=UNIMOD:1;PP=Protein N-term;MT=Variable	not applicable	NT=Strong cation-exchange chromatography (SCX);AC=PRIDE:0000561	6	1	in-StageTip SCX fractionated pooled proteome (measured 2015-09-28 batch)	0.1% formic acid / 60% acetonitrile binary gradient, 300 nL/min: 4-32% B over 90 min then 32-47% B over 20 min	20150928_QEp2_LC10_SeHu_SA_mESC_Proteome_72h_6.raw	v1.1.0	NT=ms-proteomics;VV=v1.1.0	NT=vertebrates;VV=v1.1.0	NT=cell-lines;VV=v1.1.0	NT=sdrf-skills;VV=v0.2.0	72 hour
mESC_EpiLC_0m_rep1	Mus musculus	blastocyst	embryonic stem cell	normal	ES-E14TG2a	CVCL_9108	ES-E14TG2a	129P2/Ola	male	blastocyst	N2B27 medium with 2i (PD0325901, CHIR99021) and LIF	not available	untreated	cell line	study sample	enrichment of phosphorylated protein	no depletion	0 minute	not pooled	1	run 109	proteomic profiling by mass spectrometry	NT=Q Exactive HF;AC=MS:1002523	label free sample	NT=Data-dependent acquisition;AC=PRIDE:0000627	NT=beam-type collision-induced dissociation;AC=MS:1000422	25 NCE	NT=orbitrap;AC=MS:1000484	300m/z-1600m/z	4.5 ppm	20 ppm	NT=Tris(2-carboxyethyl)phosphine (TCEP);AC=PRIDE:0000609	NT=Chloroacetamide (ClAA);AC=PRIDE:0000600	NT=Trypsin;AC=MS:1001251	NT=Lys-C;AC=MS:1001309	NT=Carbamidomethyl;AC=UNIMOD:4;TA=C;MT=Fixed	NT=Oxidation;AC=UNIMOD:35;TA=M;MT=Variable	NT=Acetyl;AC=UNIMOD:1;PP=Protein N-term;MT=Variable	NT=Phospho;AC=UNIMOD:21;TA=S,T,Y;MT=Variable	not applicable	1	1	EasyPhos phosphopeptide enrichment (measured 2015-07-26 batch)	0.1% formic acid / 60% acetonitrile binary gradient, 300 nL/min: 5-25% B over 85 min then 25-55% B over 45 min	20150726_QEp2_LC10_SeHu_SA_mESC_EasyPhos_A1.raw	v1.1.0	NT=ms-proteomics;VV=v1.1.0	NT=vertebrates;VV=v1.1.0	NT=cell-lines;VV=v1.1.0	NT=sdrf-skills;VV=v0.2.0	0 minute
mESC_EpiLC_0m_rep2	Mus musculus	blastocyst	embryonic stem cell	normal	ES-E14TG2a	CVCL_9108	ES-E14TG2a	129P2/Ola	male	blastocyst	N2B27 medium with 2i (PD0325901, CHIR99021) and LIF	not available	untreated	cell line	study sample	enrichment of phosphorylated protein	no depletion	0 minute	not pooled	2	run 110	proteomic profiling by mass spectrometry	NT=Q Exactive HF;AC=MS:1002523	label free sample	NT=Data-dependent acquisition;AC=PRIDE:0000627	NT=beam-type collision-induced dissociation;AC=MS:1000422	25 NCE	NT=orbitrap;AC=MS:1000484	300m/z-1600m/z	4.5 ppm	20 ppm	NT=Tris(2-carboxyethyl)phosphine (TCEP);AC=PRIDE:0000609	NT=Chloroacetamide (ClAA);AC=PRIDE:0000600	NT=Trypsin;AC=MS:1001251	NT=Lys-C;AC=MS:1001309	NT=Carbamidomethyl;AC=UNIMOD:4;TA=C;MT=Fixed	NT=Oxidation;AC=UNIMOD:35;TA=M;MT=Variable	NT=Acetyl;AC=UNIMOD:1;PP=Protein N-term;MT=Variable	NT=Phospho;AC=UNIMOD:21;TA=S,T,Y;MT=Variable	not applicable	1	1	EasyPhos phosphopeptide enrichment (measured 2015-07-26 batch)	0.1% formic acid / 60% acetonitrile binary gradient, 300 nL/min: 5-25% B over 85 min then 25-55% B over 45 min	20150726_QEp2_LC10_SeHu_SA_mESC_EasyPhos_B1.raw	v1.1.0	NT=ms-proteomics;VV=v1.1.0	NT=vertebrates;VV=v1.1.0	NT=cell-lines;VV=v1.1.0	NT=sdrf-skills;VV=v0.2.0	0 minute
mESC_EpiLC_0m_rep3	Mus musculus	blastocyst	embryonic stem cell	normal	ES-E14TG2a	CVCL_9108	ES-E14TG2a	129P2/Ola	male	blastocyst	N2B27 medium with 2i (PD0325901, CHIR99021) and LIF	not available	untreated	cell line	study sample	enrichment of phosphorylated protein	no depletion	0 minute	not pooled	3	run 111	proteomic profiling by mass spectrometry	NT=Q Exactive HF;AC=MS:1002523	label free sample	NT=Data-dependent acquisition;AC=PRIDE:0000627	NT=beam-type collision-induced dissociation;AC=MS:1000422	25 NCE	NT=orbitrap;AC=MS:1000484	300m/z-1600m/z	4.5 ppm	20 ppm	NT=Tris(2-carboxyethyl)phosphine (TCEP);AC=PRIDE:0000609	NT=Chloroacetamide (ClAA);AC=PRIDE:0000600	NT=Trypsin;AC=MS:1001251	NT=Lys-C;AC=MS:1001309	NT=Carbamidomethyl;AC=UNIMOD:4;TA=C;MT=Fixed	NT=Oxidation;AC=UNIMOD:35;TA=M;MT=Variable	NT=Acetyl;AC=UNIMOD:1;PP=Protein N-term;MT=Variable	NT=Phospho;AC=UNIMOD:21;TA=S,T,Y;MT=Variable	not applicable	1	1	EasyPhos phosphopeptide enrichment (measured 2015-07-26 batch)	0.1% formic acid / 60% acetonitrile binary gradient, 300 nL/min: 5-25% B over 85 min then 25-55% B over 45 min	20150726_QEp2_LC10_SeHu_SA_mESC_EasyPhos_C1.raw	v1.1.0	NT=ms-proteomics;VV=v1.1.0	NT=vertebrates;VV=v1.1.0	NT=cell-lines;VV=v1.1.0	NT=sdrf-skills;VV=v0.2.0	0 minute
mESC_EpiLC_0m_rep4	Mus musculus	blastocyst	embryonic stem cell	normal	ES-E14TG2a	CVCL_9108	ES-E14TG2a	129P2/Ola	male	blastocyst	N2B27 medium with 2i (PD0325901, CHIR99021) and LIF	not available	untreated	cell line	study sample	enrichment of phosphorylated protein	no depletion	0 minute	not pooled	4	run 112	proteomic profiling by mass spectrometry	NT=Q Exactive HF;AC=MS:1002523	label free sample	NT=Data-dependent acquisition;AC=PRIDE:0000627	NT=beam-type collision-induced dissociation;AC=MS:1000422	25 NCE	NT=orbitrap;AC=MS:1000484	300m/z-1600m/z	4.5 ppm	20 ppm	NT=Tris(2-carboxyethyl)phosphine (TCEP);AC=PRIDE:0000609	NT=Chloroacetamide (ClAA);AC=PRIDE:0000600	NT=Trypsin;AC=MS:1001251	NT=Lys-C;AC=MS:1001309	NT=Carbamidomethyl;AC=UNIMOD:4;TA=C;MT=Fixed	NT=Oxidation;AC=UNIMOD:35;TA=M;MT=Variable	NT=Acetyl;AC=UNIMOD:1;PP=Protein N-term;MT=Variable	NT=Phospho;AC=UNIMOD:21;TA=S,T,Y;MT=Variable	not applicable	1	1	EasyPhos phosphopeptide enrichment (measured 2015-07-26 batch)	0.1% formic acid / 60% acetonitrile binary gradient, 300 nL/min: 5-25% B over 85 min then 25-55% B over 45 min	20150726_QEp2_LC10_SeHu_SA_mESC_EasyPhos_D1.raw	v1.1.0	NT=ms-proteomics;VV=v1.1.0	NT=vertebrates;VV=v1.1.0	NT=cell-lines;VV=v1.1.0	NT=sdrf-skills;VV=v0.2.0	0 minute
mESC_EpiLC_5m_rep1	Mus musculus	blastocyst	embryonic stem cell	normal	ES-E14TG2a	CVCL_9108	ES-E14TG2a	129P2/Ola	male	blastocyst	N2B27 medium with activin A, bFGF and KSR	not available	epiblast-like cell induction	cell line	study sample	enrichment of phosphorylated protein	no depletion	5 minute	not pooled	1	run 113	proteomic profiling by mass spectrometry	NT=Q Exactive HF;AC=MS:1002523	label free sample	NT=Data-dependent acquisition;AC=PRIDE:0000627	NT=beam-type collision-induced dissociation;AC=MS:1000422	25 NCE	NT=orbitrap;AC=MS:1000484	300m/z-1600m/z	4.5 ppm	20 ppm	NT=Tris(2-carboxyethyl)phosphine (TCEP);AC=PRIDE:0000609	NT=Chloroacetamide (ClAA);AC=PRIDE:0000600	NT=Trypsin;AC=MS:1001251	NT=Lys-C;AC=MS:1001309	NT=Carbamidomethyl;AC=UNIMOD:4;TA=C;MT=Fixed	NT=Oxidation;AC=UNIMOD:35;TA=M;MT=Variable	NT=Acetyl;AC=UNIMOD:1;PP=Protein N-term;MT=Variable	NT=Phospho;AC=UNIMOD:21;TA=S,T,Y;MT=Variable	not applicable	1	1	EasyPhos phosphopeptide enrichment (measured 2015-07-26 batch)	0.1% formic acid / 60% acetonitrile binary gradient, 300 nL/min: 5-25% B over 85 min then 25-55% B over 45 min	20150726_QEp2_LC10_SeHu_SA_mESC_EasyPhos_A2.raw	v1.1.0	NT=ms-proteomics;VV=v1.1.0	NT=vertebrates;VV=v1.1.0	NT=cell-lines;VV=v1.1.0	NT=sdrf-skills;VV=v0.2.0	5 minute
mESC_EpiLC_5m_rep2	Mus musculus	blastocyst	embryonic stem cell	normal	ES-E14TG2a	CVCL_9108	ES-E14TG2a	129P2/Ola	male	blastocyst	N2B27 medium with activin A, bFGF and KSR	not available	epiblast-like cell induction	cell line	study sample	enrichment of phosphorylated protein	no depletion	5 minute	not pooled	2	run 114	proteomic profiling by mass spectrometry	NT=Q Exactive HF;AC=MS:1002523	label free sample	NT=Data-dependent acquisition;AC=PRIDE:0000627	NT=beam-type collision-induced dissociation;AC=MS:1000422	25 NCE	NT=orbitrap;AC=MS:1000484	300m/z-1600m/z	4.5 ppm	20 ppm	NT=Tris(2-carboxyethyl)phosphine (TCEP);AC=PRIDE:0000609	NT=Chloroacetamide (ClAA);AC=PRIDE:0000600	NT=Trypsin;AC=MS:1001251	NT=Lys-C;AC=MS:1001309	NT=Carbamidomethyl;AC=UNIMOD:4;TA=C;MT=Fixed	NT=Oxidation;AC=UNIMOD:35;TA=M;MT=Variable	NT=Acetyl;AC=UNIMOD:1;PP=Protein N-term;MT=Variable	NT=Phospho;AC=UNIMOD:21;TA=S,T,Y;MT=Variable	not applicable	1	1	EasyPhos phosphopeptide enrichment (measured 2015-07-26 batch)	0.1% formic acid / 60% acetonitrile binary gradient, 300 nL/min: 5-25% B over 85 min then 25-55% B over 45 min	20150726_QEp2_LC10_SeHu_SA_mESC_EasyPhos_B2.raw	v1.1.0	NT=ms-proteomics;VV=v1.1.0	NT=vertebrates;VV=v1.1.0	NT=cell-lines;VV=v1.1.0	NT=sdrf-skills;VV=v0.2.0	5 minute
mESC_EpiLC_5m_rep3	Mus musculus	blastocyst	embryonic stem cell	normal	ES-E14TG2a	CVCL_9108	ES-E14TG2a	129P2/Ola	male	blastocyst	N2B27 medium with activin A, bFGF and KSR	not available	epiblast-like cell induction	cell line	study sample	enrichment of phosphorylated protein	no depletion	5 minute	not pooled	3	run 115	proteomic profiling by mass spectrometry	NT=Q Exactive HF;AC=MS:1002523	label free sample	NT=Data-dependent acquisition;AC=PRIDE:0000627	NT=beam-type collision-induced dissociation;AC=MS:1000422	25 NCE	NT=orbitrap;AC=MS:1000484	300m/z-1600m/z	4.5 ppm	20 ppm	NT=Tris(2-carboxyethyl)phosphine (TCEP);AC=PRIDE:0000609	NT=Chloroacetamide (ClAA);AC=PRIDE:0000600	NT=Trypsin;AC=MS:1001251	NT=Lys-C;AC=MS:1001309	NT=Carbamidomethyl;AC=UNIMOD:4;TA=C;MT=Fixed	NT=Oxidation;AC=UNIMOD:35;TA=M;MT=Variable	NT=Acetyl;AC=UNIMOD:1;PP=Protein N-term;MT=Variable	NT=Phospho;AC=UNIMOD:21;TA=S,T,Y;MT=Variable	not applicable	1	1	EasyPhos phosphopeptide enrichment (measured 2015-07-26 batch)	0.1% formic acid / 60% acetonitrile binary gradient, 300 nL/min: 5-25% B over 85 min then 25-55% B over 45 min	20150726_QEp2_LC10_SeHu_SA_mESC_EasyPhos_C2.raw	v1.1.0	NT=ms-proteomics;VV=v1.1.0	NT=vertebrates;VV=v1.1.0	NT=cell-lines;VV=v1.1.0	NT=sdrf-skills;VV=v0.2.0	5 minute
mESC_EpiLC_5m_rep4	Mus musculus	blastocyst	embryonic stem cell	normal	ES-E14TG2a	CVCL_9108	ES-E14TG2a	129P2/Ola	male	blastocyst	N2B27 medium with activin A, bFGF and KSR	not available	epiblast-like cell induction	cell line	study sample	enrichment of phosphorylated protein	no depletion	5 minute	not pooled	4	run 116	proteomic profiling by mass spectrometry	NT=Q Exactive HF;AC=MS:1002523	label free sample	NT=Data-dependent acquisition;AC=PRIDE:0000627	NT=beam-type collision-induced dissociation;AC=MS:1000422	25 NCE	NT=orbitrap;AC=MS:1000484	300m/z-1600m/z	4.5 ppm	20 ppm	NT=Tris(2-carboxyethyl)phosphine (TCEP);AC=PRIDE:0000609	NT=Chloroacetamide (ClAA);AC=PRIDE:0000600	NT=Trypsin;AC=MS:1001251	NT=Lys-C;AC=MS:1001309	NT=Carbamidomethyl;AC=UNIMOD:4;TA=C;MT=Fixed	NT=Oxidation;AC=UNIMOD:35;TA=M;MT=Variable	NT=Acetyl;AC=UNIMOD:1;PP=Protein N-term;MT=Variable	NT=Phospho;AC=UNIMOD:21;TA=S,T,Y;MT=Variable	not applicable	1	1	EasyPhos phosphopeptide enrichment (measured 2015-07-26 batch)	0.1% formic acid / 60% acetonitrile binary gradient, 300 nL/min: 5-25% B over 85 min then 25-55% B over 45 min	20150726_QEp2_LC10_SeHu_SA_mESC_EasyPhos_D2.raw	v1.1.0	NT=ms-proteomics;VV=v1.1.0	NT=vertebrates;VV=v1.1.0	NT=cell-lines;VV=v1.1.0	NT=sdrf-skills;VV=v0.2.0	5 minute
mESC_EpiLC_15m_rep1	Mus musculus	blastocyst	embryonic stem cell	normal	ES-E14TG2a	CVCL_9108	ES-E14TG2a	129P2/Ola	male	blastocyst	N2B27 medium with activin A, bFGF and KSR	not available	epiblast-like cell induction	cell line	study sample	enrichment of phosphorylated protein	no depletion	15 minute	not pooled	1	run 117	proteomic profiling by mass spectrometry	NT=Q Exactive HF;AC=MS:1002523	label free sample	NT=Data-dependent acquisition;AC=PRIDE:0000627	NT=beam-type collision-induced dissociation;AC=MS:1000422	25 NCE	NT=orbitrap;AC=MS:1000484	300m/z-1600m/z	4.5 ppm	20 ppm	NT=Tris(2-carboxyethyl)phosphine (TCEP);AC=PRIDE:0000609	NT=Chloroacetamide (ClAA);AC=PRIDE:0000600	NT=Trypsin;AC=MS:1001251	NT=Lys-C;AC=MS:1001309	NT=Carbamidomethyl;AC=UNIMOD:4;TA=C;MT=Fixed	NT=Oxidation;AC=UNIMOD:35;TA=M;MT=Variable	NT=Acetyl;AC=UNIMOD:1;PP=Protein N-term;MT=Variable	NT=Phospho;AC=UNIMOD:21;TA=S,T,Y;MT=Variable	not applicable	1	1	EasyPhos phosphopeptide enrichment (measured 2015-07-26 batch)	0.1% formic acid / 60% acetonitrile binary gradient, 300 nL/min: 5-25% B over 85 min then 25-55% B over 45 min	20150726_QEp2_LC10_SeHu_SA_mESC_EasyPhos_A3.raw	v1.1.0	NT=ms-proteomics;VV=v1.1.0	NT=vertebrates;VV=v1.1.0	NT=cell-lines;VV=v1.1.0	NT=sdrf-skills;VV=v0.2.0	15 minute
mESC_EpiLC_15m_rep2	Mus musculus	blastocyst	embryonic stem cell	normal	ES-E14TG2a	CVCL_9108	ES-E14TG2a	129P2/Ola	male	blastocyst	N2B27 medium with activin A, bFGF and KSR	not available	epiblast-like cell induction	cell line	study sample	enrichment of phosphorylated protein	no depletion	15 minute	not pooled	2	run 118	proteomic profiling by mass spectrometry	NT=Q Exactive HF;AC=MS:1002523	label free sample	NT=Data-dependent acquisition;AC=PRIDE:0000627	NT=beam-type collision-induced dissociation;AC=MS:1000422	25 NCE	NT=orbitrap;AC=MS:1000484	300m/z-1600m/z	4.5 ppm	20 ppm	NT=Tris(2-carboxyethyl)phosphine (TCEP);AC=PRIDE:0000609	NT=Chloroacetamide (ClAA);AC=PRIDE:0000600	NT=Trypsin;AC=MS:1001251	NT=Lys-C;AC=MS:1001309	NT=Carbamidomethyl;AC=UNIMOD:4;TA=C;MT=Fixed	NT=Oxidation;AC=UNIMOD:35;TA=M;MT=Variable	NT=Acetyl;AC=UNIMOD:1;PP=Protein N-term;MT=Variable	NT=Phospho;AC=UNIMOD:21;TA=S,T,Y;MT=Variable	not applicable	1	1	EasyPhos phosphopeptide enrichment (measured 2015-07-26 batch)	0.1% formic acid / 60% acetonitrile binary gradient, 300 nL/min: 5-25% B over 85 min then 25-55% B over 45 min	20150726_QEp2_LC10_SeHu_SA_mESC_EasyPhos_B3.raw	v1.1.0	NT=ms-proteomics;VV=v1.1.0	NT=vertebrates;VV=v1.1.0	NT=cell-lines;VV=v1.1.0	NT=sdrf-skills;VV=v0.2.0	15 minute
mESC_EpiLC_15m_rep3	Mus musculus	blastocyst	embryonic stem cell	normal	ES-E14TG2a	CVCL_9108	ES-E14TG2a	129P2/Ola	male	blastocyst	N2B27 medium with activin A, bFGF and KSR	not available	epiblast-like cell induction	cell line	study sample	enrichment of phosphorylated protein	no depletion	15 minute	not pooled	3	run 119	proteomic profiling by mass spectrometry	NT=Q Exactive HF;AC=MS:1002523	label free sample	NT=Data-dependent acquisition;AC=PRIDE:0000627	NT=beam-type collision-induced dissociation;AC=MS:1000422	25 NCE	NT=orbitrap;AC=MS:1000484	300m/z-1600m/z	4.5 ppm	20 ppm	NT=Tris(2-carboxyethyl)phosphine (TCEP);AC=PRIDE:0000609	NT=Chloroacetamide (ClAA);AC=PRIDE:0000600	NT=Trypsin;AC=MS:1001251	NT=Lys-C;AC=MS:1001309	NT=Carbamidomethyl;AC=UNIMOD:4;TA=C;MT=Fixed	NT=Oxidation;AC=UNIMOD:35;TA=M;MT=Variable	NT=Acetyl;AC=UNIMOD:1;PP=Protein N-term;MT=Variable	NT=Phospho;AC=UNIMOD:21;TA=S,T,Y;MT=Variable	not applicable	1	1	EasyPhos phosphopeptide enrichment (measured 2015-07-26 batch)	0.1% formic acid / 60% acetonitrile binary gradient, 300 nL/min: 5-25% B over 85 min then 25-55% B over 45 min	20150726_QEp2_LC10_SeHu_SA_mESC_EasyPhos_C3.raw	v1.1.0	NT=ms-proteomics;VV=v1.1.0	NT=vertebrates;VV=v1.1.0	NT=cell-lines;VV=v1.1.0	NT=sdrf-skills;VV=v0.2.0	15 minute
mESC_EpiLC_15m_rep4	Mus musculus	blastocyst	embryonic stem cell	normal	ES-E14TG2a	CVCL_9108	ES-E14TG2a	129P2/Ola	male	blastocyst	N2B27 medium with activin A, bFGF and KSR	not available	epiblast-like cell induction	cell line	study sample	enrichment of phosphorylated protein	no depletion	15 minute	not pooled	4	run 120	proteomic profiling by mass spectrometry	NT=Q Exactive HF;AC=MS:1002523	label free sample	NT=Data-dependent acquisition;AC=PRIDE:0000627	NT=beam-type collision-induced dissociation;AC=MS:1000422	25 NCE	NT=orbitrap;AC=MS:1000484	300m/z-1600m/z	4.5 ppm	20 ppm	NT=Tris(2-carboxyethyl)phosphine (TCEP);AC=PRIDE:0000609	NT=Chloroacetamide (ClAA);AC=PRIDE:0000600	NT=Trypsin;AC=MS:1001251	NT=Lys-C;AC=MS:1001309	NT=Carbamidomethyl;AC=UNIMOD:4;TA=C;MT=Fixed	NT=Oxidation;AC=UNIMOD:35;TA=M;MT=Variable	NT=Acetyl;AC=UNIMOD:1;PP=Protein N-term;MT=Variable	NT=Phospho;AC=UNIMOD:21;TA=S,T,Y;MT=Variable	not applicable	1	1	EasyPhos phosphopeptide enrichment (measured 2015-07-26 batch)	0.1% formic acid / 60% acetonitrile binary gradient, 300 nL/min: 5-25% B over 85 min then 25-55% B over 45 min	20150726_QEp2_LC10_SeHu_SA_mESC_EasyPhos_D3.raw	v1.1.0	NT=ms-proteomics;VV=v1.1.0	NT=vertebrates;VV=v1.1.0	NT=cell-lines;VV=v1.1.0	NT=sdrf-skills;VV=v0.2.0	15 minute
mESC_EpiLC_30m_rep1	Mus musculus	blastocyst	embryonic stem cell	normal	ES-E14TG2a	CVCL_9108	ES-E14TG2a	129P2/Ola	male	blastocyst	N2B27 medium with activin A, bFGF and KSR	not available	epiblast-like cell induction	cell line	study sample	enrichment of phosphorylated protein	no depletion	30 minute	not pooled	1	run 121	proteomic profiling by mass spectrometry	NT=Q Exactive HF;AC=MS:1002523	label free sample	NT=Data-dependent acquisition;AC=PRIDE:0000627	NT=beam-type collision-induced dissociation;AC=MS:1000422	25 NCE	NT=orbitrap;AC=MS:1000484	300m/z-1600m/z	4.5 ppm	20 ppm	NT=Tris(2-carboxyethyl)phosphine (TCEP);AC=PRIDE:0000609	NT=Chloroacetamide (ClAA);AC=PRIDE:0000600	NT=Trypsin;AC=MS:1001251	NT=Lys-C;AC=MS:1001309	NT=Carbamidomethyl;AC=UNIMOD:4;TA=C;MT=Fixed	NT=Oxidation;AC=UNIMOD:35;TA=M;MT=Variable	NT=Acetyl;AC=UNIMOD:1;PP=Protein N-term;MT=Variable	NT=Phospho;AC=UNIMOD:21;TA=S,T,Y;MT=Variable	not applicable	1	1	EasyPhos phosphopeptide enrichment (measured 2015-07-26 batch)	0.1% formic acid / 60% acetonitrile binary gradient, 300 nL/min: 5-25% B over 85 min then 25-55% B over 45 min	20150726_QEp2_LC10_SeHu_SA_mESC_EasyPhos_A4.raw	v1.1.0	NT=ms-proteomics;VV=v1.1.0	NT=vertebrates;VV=v1.1.0	NT=cell-lines;VV=v1.1.0	NT=sdrf-skills;VV=v0.2.0	30 minute
mESC_EpiLC_30m_rep2	Mus musculus	blastocyst	embryonic stem cell	normal	ES-E14TG2a	CVCL_9108	ES-E14TG2a	129P2/Ola	male	blastocyst	N2B27 medium with activin A, bFGF and KSR	not available	epiblast-like cell induction	cell line	study sample	enrichment of phosphorylated protein	no depletion	30 minute	not pooled	2	run 122	proteomic profiling by mass spectrometry	NT=Q Exactive HF;AC=MS:1002523	label free sample	NT=Data-dependent acquisition;AC=PRIDE:0000627	NT=beam-type collision-induced dissociation;AC=MS:1000422	25 NCE	NT=orbitrap;AC=MS:1000484	300m/z-1600m/z	4.5 ppm	20 ppm	NT=Tris(2-carboxyethyl)phosphine (TCEP);AC=PRIDE:0000609	NT=Chloroacetamide (ClAA);AC=PRIDE:0000600	NT=Trypsin;AC=MS:1001251	NT=Lys-C;AC=MS:1001309	NT=Carbamidomethyl;AC=UNIMOD:4;TA=C;MT=Fixed	NT=Oxidation;AC=UNIMOD:35;TA=M;MT=Variable	NT=Acetyl;AC=UNIMOD:1;PP=Protein N-term;MT=Variable	NT=Phospho;AC=UNIMOD:21;TA=S,T,Y;MT=Variable	not applicable	1	1	EasyPhos phosphopeptide enrichment (measured 2015-07-26 batch)	0.1% formic acid / 60% acetonitrile binary gradient, 300 nL/min: 5-25% B over 85 min then 25-55% B over 45 min	20150726_QEp2_LC10_SeHu_SA_mESC_EasyPhos_B4.raw	v1.1.0	NT=ms-proteomics;VV=v1.1.0	NT=vertebrates;VV=v1.1.0	NT=cell-lines;VV=v1.1.0	NT=sdrf-skills;VV=v0.2.0	30 minute
mESC_EpiLC_30m_rep3	Mus musculus	blastocyst	embryonic stem cell	normal	ES-E14TG2a	CVCL_9108	ES-E14TG2a	129P2/Ola	male	blastocyst	N2B27 medium with activin A, bFGF and KSR	not available	epiblast-like cell induction	cell line	study sample	enrichment of phosphorylated protein	no depletion	30 minute	not pooled	3	run 123	proteomic profiling by mass spectrometry	NT=Q Exactive HF;AC=MS:1002523	label free sample	NT=Data-dependent acquisition;AC=PRIDE:0000627	NT=beam-type collision-induced dissociation;AC=MS:1000422	25 NCE	NT=orbitrap;AC=MS:1000484	300m/z-1600m/z	4.5 ppm	20 ppm	NT=Tris(2-carboxyethyl)phosphine (TCEP);AC=PRIDE:0000609	NT=Chloroacetamide (ClAA);AC=PRIDE:0000600	NT=Trypsin;AC=MS:1001251	NT=Lys-C;AC=MS:1001309	NT=Carbamidomethyl;AC=UNIMOD:4;TA=C;MT=Fixed	NT=Oxidation;AC=UNIMOD:35;TA=M;MT=Variable	NT=Acetyl;AC=UNIMOD:1;PP=Protein N-term;MT=Variable	NT=Phospho;AC=UNIMOD:21;TA=S,T,Y;MT=Variable	not applicable	1	1	EasyPhos phosphopeptide enrichment (measured 2015-07-26 batch)	0.1% formic acid / 60% acetonitrile binary gradient, 300 nL/min: 5-25% B over 85 min then 25-55% B over 45 min	20150726_QEp2_LC10_SeHu_SA_mESC_EasyPhos_C4.raw	v1.1.0	NT=ms-proteomics;VV=v1.1.0	NT=vertebrates;VV=v1.1.0	NT=cell-lines;VV=v1.1.0	NT=sdrf-skills;VV=v0.2.0	30 minute
mESC_EpiLC_30m_rep4	Mus musculus	blastocyst	embryonic stem cell	normal	ES-E14TG2a	CVCL_9108	ES-E14TG2a	129P2/Ola	male	blastocyst	N2B27 medium with activin A, bFGF and KSR	not available	epiblast-like cell induction	cell line	study sample	enrichment of phosphorylated protein	no depletion	30 minute	not pooled	4	run 124	proteomic profiling by mass spectrometry	NT=Q Exactive HF;AC=MS:1002523	label free sample	NT=Data-dependent acquisition;AC=PRIDE:0000627	NT=beam-type collision-induced dissociation;AC=MS:1000422	25 NCE	NT=orbitrap;AC=MS:1000484	300m/z-1600m/z	4.5 ppm	20 ppm	NT=Tris(2-carboxyethyl)phosphine (TCEP);AC=PRIDE:0000609	NT=Chloroacetamide (ClAA);AC=PRIDE:0000600	NT=Trypsin;AC=MS:1001251	NT=Lys-C;AC=MS:1001309	NT=Carbamidomethyl;AC=UNIMOD:4;TA=C;MT=Fixed	NT=Oxidation;AC=UNIMOD:35;TA=M;MT=Variable	NT=Acetyl;AC=UNIMOD:1;PP=Protein N-term;MT=Variable	NT=Phospho;AC=UNIMOD:21;TA=S,T,Y;MT=Variable	not applicable	1	1	EasyPhos phosphopeptide enrichment (measured 2015-07-26 batch)	0.1% formic acid / 60% acetonitrile binary gradient, 300 nL/min: 5-25% B over 85 min then 25-55% B over 45 min	20150726_QEp2_LC10_SeHu_SA_mESC_EasyPhos_D4.raw	v1.1.0	NT=ms-proteomics;VV=v1.1.0	NT=vertebrates;VV=v1.1.0	NT=cell-lines;VV=v1.1.0	NT=sdrf-skills;VV=v0.2.0	30 minute
mESC_EpiLC_1h_rep1	Mus musculus	blastocyst	embryonic stem cell	normal	ES-E14TG2a	CVCL_9108	ES-E14TG2a	129P2/Ola	male	blastocyst	N2B27 medium with activin A, bFGF and KSR	not available	epiblast-like cell induction	cell line	study sample	enrichment of phosphorylated protein	no depletion	1 hour	not pooled	1	run 125	proteomic profiling by mass spectrometry	NT=Q Exactive HF;AC=MS:1002523	label free sample	NT=Data-dependent acquisition;AC=PRIDE:0000627	NT=beam-type collision-induced dissociation;AC=MS:1000422	25 NCE	NT=orbitrap;AC=MS:1000484	300m/z-1600m/z	4.5 ppm	20 ppm	NT=Tris(2-carboxyethyl)phosphine (TCEP);AC=PRIDE:0000609	NT=Chloroacetamide (ClAA);AC=PRIDE:0000600	NT=Trypsin;AC=MS:1001251	NT=Lys-C;AC=MS:1001309	NT=Carbamidomethyl;AC=UNIMOD:4;TA=C;MT=Fixed	NT=Oxidation;AC=UNIMOD:35;TA=M;MT=Variable	NT=Acetyl;AC=UNIMOD:1;PP=Protein N-term;MT=Variable	NT=Phospho;AC=UNIMOD:21;TA=S,T,Y;MT=Variable	not applicable	1	1	EasyPhos phosphopeptide enrichment (measured 2015-07-26 batch)	0.1% formic acid / 60% acetonitrile binary gradient, 300 nL/min: 5-25% B over 85 min then 25-55% B over 45 min	20150726_QEp2_LC10_SeHu_SA_mESC_EasyPhos_A5.raw	v1.1.0	NT=ms-proteomics;VV=v1.1.0	NT=vertebrates;VV=v1.1.0	NT=cell-lines;VV=v1.1.0	NT=sdrf-skills;VV=v0.2.0	1 hour
mESC_EpiLC_1h_rep2	Mus musculus	blastocyst	embryonic stem cell	normal	ES-E14TG2a	CVCL_9108	ES-E14TG2a	129P2/Ola	male	blastocyst	N2B27 medium with activin A, bFGF and KSR	not available	epiblast-like cell induction	cell line	study sample	enrichment of phosphorylated protein	no depletion	1 hour	not pooled	2	run 126	proteomic profiling by mass spectrometry	NT=Q Exactive HF;AC=MS:1002523	label free sample	NT=Data-dependent acquisition;AC=PRIDE:0000627	NT=beam-type collision-induced dissociation;AC=MS:1000422	25 NCE	NT=orbitrap;AC=MS:1000484	300m/z-1600m/z	4.5 ppm	20 ppm	NT=Tris(2-carboxyethyl)phosphine (TCEP);AC=PRIDE:0000609	NT=Chloroacetamide (ClAA);AC=PRIDE:0000600	NT=Trypsin;AC=MS:1001251	NT=Lys-C;AC=MS:1001309	NT=Carbamidomethyl;AC=UNIMOD:4;TA=C;MT=Fixed	NT=Oxidation;AC=UNIMOD:35;TA=M;MT=Variable	NT=Acetyl;AC=UNIMOD:1;PP=Protein N-term;MT=Variable	NT=Phospho;AC=UNIMOD:21;TA=S,T,Y;MT=Variable	not applicable	1	1	EasyPhos phosphopeptide enrichment (measured 2015-07-26 batch)	0.1% formic acid / 60% acetonitrile binary gradient, 300 nL/min: 5-25% B over 85 min then 25-55% B over 45 min	20150726_QEp2_LC10_SeHu_SA_mESC_EasyPhos_B5.raw	v1.1.0	NT=ms-proteomics;VV=v1.1.0	NT=vertebrates;VV=v1.1.0	NT=cell-lines;VV=v1.1.0	NT=sdrf-skills;VV=v0.2.0	1 hour
mESC_EpiLC_1h_rep3	Mus musculus	blastocyst	embryonic stem cell	normal	ES-E14TG2a	CVCL_9108	ES-E14TG2a	129P2/Ola	male	blastocyst	N2B27 medium with activin A, bFGF and KSR	not available	epiblast-like cell induction	cell line	study sample	enrichment of phosphorylated protein	no depletion	1 hour	not pooled	3	run 127	proteomic profiling by mass spectrometry	NT=Q Exactive HF;AC=MS:1002523	label free sample	NT=Data-dependent acquisition;AC=PRIDE:0000627	NT=beam-type collision-induced dissociation;AC=MS:1000422	25 NCE	NT=orbitrap;AC=MS:1000484	300m/z-1600m/z	4.5 ppm	20 ppm	NT=Tris(2-carboxyethyl)phosphine (TCEP);AC=PRIDE:0000609	NT=Chloroacetamide (ClAA);AC=PRIDE:0000600	NT=Trypsin;AC=MS:1001251	NT=Lys-C;AC=MS:1001309	NT=Carbamidomethyl;AC=UNIMOD:4;TA=C;MT=Fixed	NT=Oxidation;AC=UNIMOD:35;TA=M;MT=Variable	NT=Acetyl;AC=UNIMOD:1;PP=Protein N-term;MT=Variable	NT=Phospho;AC=UNIMOD:21;TA=S,T,Y;MT=Variable	not applicable	1	1	EasyPhos phosphopeptide enrichment (measured 2015-07-26 batch)	0.1% formic acid / 60% acetonitrile binary gradient, 300 nL/min: 5-25% B over 85 min then 25-55% B over 45 min	20150726_QEp2_LC10_SeHu_SA_mESC_EasyPhos_C5.raw	v1.1.0	NT=ms-proteomics;VV=v1.1.0	NT=vertebrates;VV=v1.1.0	NT=cell-lines;VV=v1.1.0	NT=sdrf-skills;VV=v0.2.0	1 hour
mESC_EpiLC_1h_rep4	Mus musculus	blastocyst	embryonic stem cell	normal	ES-E14TG2a	CVCL_9108	ES-E14TG2a	129P2/Ola	male	blastocyst	N2B27 medium with activin A, bFGF and KSR	not available	epiblast-like cell induction	cell line	study sample	enrichment of phosphorylated protein	no depletion	1 hour	not pooled	4	run 128	proteomic profiling by mass spectrometry	NT=Q Exactive HF;AC=MS:1002523	label free sample	NT=Data-dependent acquisition;AC=PRIDE:0000627	NT=beam-type collision-induced dissociation;AC=MS:1000422	25 NCE	NT=orbitrap;AC=MS:1000484	300m/z-1600m/z	4.5 ppm	20 ppm	NT=Tris(2-carboxyethyl)phosphine (TCEP);AC=PRIDE:0000609	NT=Chloroacetamide (ClAA);AC=PRIDE:0000600	NT=Trypsin;AC=MS:1001251	NT=Lys-C;AC=MS:1001309	NT=Carbamidomethyl;AC=UNIMOD:4;TA=C;MT=Fixed	NT=Oxidation;AC=UNIMOD:35;TA=M;MT=Variable	NT=Acetyl;AC=UNIMOD:1;PP=Protein N-term;MT=Variable	NT=Phospho;AC=UNIMOD:21;TA=S,T,Y;MT=Variable	not applicable	1	1	EasyPhos phosphopeptide enrichment (measured 2015-07-26 batch)	0.1% formic acid / 60% acetonitrile binary gradient, 300 nL/min: 5-25% B over 85 min then 25-55% B over 45 min	20150726_QEp2_LC10_SeHu_SA_mESC_EasyPhos_D5.raw	v1.1.0	NT=ms-proteomics;VV=v1.1.0	NT=vertebrates;VV=v1.1.0	NT=cell-lines;VV=v1.1.0	NT=sdrf-skills;VV=v0.2.0	1 hour
mESC_EpiLC_3h_rep1	Mus musculus	blastocyst	embryonic stem cell	normal	ES-E14TG2a	CVCL_9108	ES-E14TG2a	129P2/Ola	male	blastocyst	N2B27 medium with activin A, bFGF and KSR	not available	epiblast-like cell induction	cell line	study sample	enrichment of phosphorylated protein	no depletion	3 hour	not pooled	1	run 129	proteomic profiling by mass spectrometry	NT=Q Exactive HF;AC=MS:1002523	label free sample	NT=Data-dependent acquisition;AC=PRIDE:0000627	NT=beam-type collision-induced dissociation;AC=MS:1000422	25 NCE	NT=orbitrap;AC=MS:1000484	300m/z-1600m/z	4.5 ppm	20 ppm	NT=Tris(2-carboxyethyl)phosphine (TCEP);AC=PRIDE:0000609	NT=Chloroacetamide (ClAA);AC=PRIDE:0000600	NT=Trypsin;AC=MS:1001251	NT=Lys-C;AC=MS:1001309	NT=Carbamidomethyl;AC=UNIMOD:4;TA=C;MT=Fixed	NT=Oxidation;AC=UNIMOD:35;TA=M;MT=Variable	NT=Acetyl;AC=UNIMOD:1;PP=Protein N-term;MT=Variable	NT=Phospho;AC=UNIMOD:21;TA=S,T,Y;MT=Variable	not applicable	1	1	EasyPhos phosphopeptide enrichment (measured 2015-07-26 batch)	0.1% formic acid / 60% acetonitrile binary gradient, 300 nL/min: 5-25% B over 85 min then 25-55% B over 45 min	20150726_QEp2_LC10_SeHu_SA_mESC_EasyPhos_A6.raw	v1.1.0	NT=ms-proteomics;VV=v1.1.0	NT=vertebrates;VV=v1.1.0	NT=cell-lines;VV=v1.1.0	NT=sdrf-skills;VV=v0.2.0	3 hour
mESC_EpiLC_3h_rep2	Mus musculus	blastocyst	embryonic stem cell	normal	ES-E14TG2a	CVCL_9108	ES-E14TG2a	129P2/Ola	male	blastocyst	N2B27 medium with activin A, bFGF and KSR	not available	epiblast-like cell induction	cell line	study sample	enrichment of phosphorylated protein	no depletion	3 hour	not pooled	2	run 130	proteomic profiling by mass spectrometry	NT=Q Exactive HF;AC=MS:1002523	label free sample	NT=Data-dependent acquisition;AC=PRIDE:0000627	NT=beam-type collision-induced dissociation;AC=MS:1000422	25 NCE	NT=orbitrap;AC=MS:1000484	300m/z-1600m/z	4.5 ppm	20 ppm	NT=Tris(2-carboxyethyl)phosphine (TCEP);AC=PRIDE:0000609	NT=Chloroacetamide (ClAA);AC=PRIDE:0000600	NT=Trypsin;AC=MS:1001251	NT=Lys-C;AC=MS:1001309	NT=Carbamidomethyl;AC=UNIMOD:4;TA=C;MT=Fixed	NT=Oxidation;AC=UNIMOD:35;TA=M;MT=Variable	NT=Acetyl;AC=UNIMOD:1;PP=Protein N-term;MT=Variable	NT=Phospho;AC=UNIMOD:21;TA=S,T,Y;MT=Variable	not applicable	1	1	EasyPhos phosphopeptide enrichment (measured 2015-07-26 batch)	0.1% formic acid / 60% acetonitrile binary gradient, 300 nL/min: 5-25% B over 85 min then 25-55% B over 45 min	20150726_QEp2_LC10_SeHu_SA_mESC_EasyPhos_B6.raw	v1.1.0	NT=ms-proteomics;VV=v1.1.0	NT=vertebrates;VV=v1.1.0	NT=cell-lines;VV=v1.1.0	NT=sdrf-skills;VV=v0.2.0	3 hour
mESC_EpiLC_3h_rep3	Mus musculus	blastocyst	embryonic stem cell	normal	ES-E14TG2a	CVCL_9108	ES-E14TG2a	129P2/Ola	male	blastocyst	N2B27 medium with activin A, bFGF and KSR	not available	epiblast-like cell induction	cell line	study sample	enrichment of phosphorylated protein	no depletion	3 hour	not pooled	3	run 131	proteomic profiling by mass spectrometry	NT=Q Exactive HF;AC=MS:1002523	label free sample	NT=Data-dependent acquisition;AC=PRIDE:0000627	NT=beam-type collision-induced dissociation;AC=MS:1000422	25 NCE	NT=orbitrap;AC=MS:1000484	300m/z-1600m/z	4.5 ppm	20 ppm	NT=Tris(2-carboxyethyl)phosphine (TCEP);AC=PRIDE:0000609	NT=Chloroacetamide (ClAA);AC=PRIDE:0000600	NT=Trypsin;AC=MS:1001251	NT=Lys-C;AC=MS:1001309	NT=Carbamidomethyl;AC=UNIMOD:4;TA=C;MT=Fixed	NT=Oxidation;AC=UNIMOD:35;TA=M;MT=Variable	NT=Acetyl;AC=UNIMOD:1;PP=Protein N-term;MT=Variable	NT=Phospho;AC=UNIMOD:21;TA=S,T,Y;MT=Variable	not applicable	1	1	EasyPhos phosphopeptide enrichment (measured 2015-07-26 batch)	0.1% formic acid / 60% acetonitrile binary gradient, 300 nL/min: 5-25% B over 85 min then 25-55% B over 45 min	20150726_QEp2_LC10_SeHu_SA_mESC_EasyPhos_C6.raw	v1.1.0	NT=ms-proteomics;VV=v1.1.0	NT=vertebrates;VV=v1.1.0	NT=cell-lines;VV=v1.1.0	NT=sdrf-skills;VV=v0.2.0	3 hour
mESC_EpiLC_3h_rep4	Mus musculus	blastocyst	embryonic stem cell	normal	ES-E14TG2a	CVCL_9108	ES-E14TG2a	129P2/Ola	male	blastocyst	N2B27 medium with activin A, bFGF and KSR	not available	epiblast-like cell induction	cell line	study sample	enrichment of phosphorylated protein	no depletion	3 hour	not pooled	4	run 132	proteomic profiling by mass spectrometry	NT=Q Exactive HF;AC=MS:1002523	label free sample	NT=Data-dependent acquisition;AC=PRIDE:0000627	NT=beam-type collision-induced dissociation;AC=MS:1000422	25 NCE	NT=orbitrap;AC=MS:1000484	300m/z-1600m/z	4.5 ppm	20 ppm	NT=Tris(2-carboxyethyl)phosphine (TCEP);AC=PRIDE:0000609	NT=Chloroacetamide (ClAA);AC=PRIDE:0000600	NT=Trypsin;AC=MS:1001251	NT=Lys-C;AC=MS:1001309	NT=Carbamidomethyl;AC=UNIMOD:4;TA=C;MT=Fixed	NT=Oxidation;AC=UNIMOD:35;TA=M;MT=Variable	NT=Acetyl;AC=UNIMOD:1;PP=Protein N-term;MT=Variable	NT=Phospho;AC=UNIMOD:21;TA=S,T,Y;MT=Variable	not applicable	1	1	EasyPhos phosphopeptide enrichment (measured 2015-07-26 batch)	0.1% formic acid / 60% acetonitrile binary gradient, 300 nL/min: 5-25% B over 85 min then 25-55% B over 45 min	20150726_QEp2_LC10_SeHu_SA_mESC_EasyPhos_D6.raw	v1.1.0	NT=ms-proteomics;VV=v1.1.0	NT=vertebrates;VV=v1.1.0	NT=cell-lines;VV=v1.1.0	NT=sdrf-skills;VV=v0.2.0	3 hour
mESC_EpiLC_6h_rep1	Mus musculus	blastocyst	embryonic stem cell	normal	ES-E14TG2a	CVCL_9108	ES-E14TG2a	129P2/Ola	male	blastocyst	N2B27 medium with activin A, bFGF and KSR	not available	epiblast-like cell induction	cell line	study sample	enrichment of phosphorylated protein	no depletion	6 hour	not pooled	1	run 133	proteomic profiling by mass spectrometry	NT=Q Exactive HF;AC=MS:1002523	label free sample	NT=Data-dependent acquisition;AC=PRIDE:0000627	NT=beam-type collision-induced dissociation;AC=MS:1000422	25 NCE	NT=orbitrap;AC=MS:1000484	300m/z-1600m/z	4.5 ppm	20 ppm	NT=Tris(2-carboxyethyl)phosphine (TCEP);AC=PRIDE:0000609	NT=Chloroacetamide (ClAA);AC=PRIDE:0000600	NT=Trypsin;AC=MS:1001251	NT=Lys-C;AC=MS:1001309	NT=Carbamidomethyl;AC=UNIMOD:4;TA=C;MT=Fixed	NT=Oxidation;AC=UNIMOD:35;TA=M;MT=Variable	NT=Acetyl;AC=UNIMOD:1;PP=Protein N-term;MT=Variable	NT=Phospho;AC=UNIMOD:21;TA=S,T,Y;MT=Variable	not applicable	1	1	EasyPhos phosphopeptide enrichment (measured 2015-07-26 batch)	0.1% formic acid / 60% acetonitrile binary gradient, 300 nL/min: 5-25% B over 85 min then 25-55% B over 45 min	20150726_QEp2_LC10_SeHu_SA_mESC_EasyPhos_A7.raw	v1.1.0	NT=ms-proteomics;VV=v1.1.0	NT=vertebrates;VV=v1.1.0	NT=cell-lines;VV=v1.1.0	NT=sdrf-skills;VV=v0.2.0	6 hour
mESC_EpiLC_6h_rep2	Mus musculus	blastocyst	embryonic stem cell	normal	ES-E14TG2a	CVCL_9108	ES-E14TG2a	129P2/Ola	male	blastocyst	N2B27 medium with activin A, bFGF and KSR	not available	epiblast-like cell induction	cell line	study sample	enrichment of phosphorylated protein	no depletion	6 hour	not pooled	2	run 134	proteomic profiling by mass spectrometry	NT=Q Exactive HF;AC=MS:1002523	label free sample	NT=Data-dependent acquisition;AC=PRIDE:0000627	NT=beam-type collision-induced dissociation;AC=MS:1000422	25 NCE	NT=orbitrap;AC=MS:1000484	300m/z-1600m/z	4.5 ppm	20 ppm	NT=Tris(2-carboxyethyl)phosphine (TCEP);AC=PRIDE:0000609	NT=Chloroacetamide (ClAA);AC=PRIDE:0000600	NT=Trypsin;AC=MS:1001251	NT=Lys-C;AC=MS:1001309	NT=Carbamidomethyl;AC=UNIMOD:4;TA=C;MT=Fixed	NT=Oxidation;AC=UNIMOD:35;TA=M;MT=Variable	NT=Acetyl;AC=UNIMOD:1;PP=Protein N-term;MT=Variable	NT=Phospho;AC=UNIMOD:21;TA=S,T,Y;MT=Variable	not applicable	1	1	EasyPhos phosphopeptide enrichment (measured 2015-07-26 batch)	0.1% formic acid / 60% acetonitrile binary gradient, 300 nL/min: 5-25% B over 85 min then 25-55% B over 45 min	20150726_QEp2_LC10_SeHu_SA_mESC_EasyPhos_B7.raw	v1.1.0	NT=ms-proteomics;VV=v1.1.0	NT=vertebrates;VV=v1.1.0	NT=cell-lines;VV=v1.1.0	NT=sdrf-skills;VV=v0.2.0	6 hour
mESC_EpiLC_6h_rep3	Mus musculus	blastocyst	embryonic stem cell	normal	ES-E14TG2a	CVCL_9108	ES-E14TG2a	129P2/Ola	male	blastocyst	N2B27 medium with activin A, bFGF and KSR	not available	epiblast-like cell induction	cell line	study sample	enrichment of phosphorylated protein	no depletion	6 hour	not pooled	3	run 135	proteomic profiling by mass spectrometry	NT=Q Exactive HF;AC=MS:1002523	label free sample	NT=Data-dependent acquisition;AC=PRIDE:0000627	NT=beam-type collision-induced dissociation;AC=MS:1000422	25 NCE	NT=orbitrap;AC=MS:1000484	300m/z-1600m/z	4.5 ppm	20 ppm	NT=Tris(2-carboxyethyl)phosphine (TCEP);AC=PRIDE:0000609	NT=Chloroacetamide (ClAA);AC=PRIDE:0000600	NT=Trypsin;AC=MS:1001251	NT=Lys-C;AC=MS:1001309	NT=Carbamidomethyl;AC=UNIMOD:4;TA=C;MT=Fixed	NT=Oxidation;AC=UNIMOD:35;TA=M;MT=Variable	NT=Acetyl;AC=UNIMOD:1;PP=Protein N-term;MT=Variable	NT=Phospho;AC=UNIMOD:21;TA=S,T,Y;MT=Variable	not applicable	1	1	EasyPhos phosphopeptide enrichment (measured 2015-07-26 batch)	0.1% formic acid / 60% acetonitrile binary gradient, 300 nL/min: 5-25% B over 85 min then 25-55% B over 45 min	20150726_QEp2_LC10_SeHu_SA_mESC_EasyPhos_C7.raw	v1.1.0	NT=ms-proteomics;VV=v1.1.0	NT=vertebrates;VV=v1.1.0	NT=cell-lines;VV=v1.1.0	NT=sdrf-skills;VV=v0.2.0	6 hour
mESC_EpiLC_6h_rep4	Mus musculus	blastocyst	embryonic stem cell	normal	ES-E14TG2a	CVCL_9108	ES-E14TG2a	129P2/Ola	male	blastocyst	N2B27 medium with activin A, bFGF and KSR	not available	epiblast-like cell induction	cell line	study sample	enrichment of phosphorylated protein	no depletion	6 hour	not pooled	4	run 136	proteomic profiling by mass spectrometry	NT=Q Exactive HF;AC=MS:1002523	label free sample	NT=Data-dependent acquisition;AC=PRIDE:0000627	NT=beam-type collision-induced dissociation;AC=MS:1000422	25 NCE	NT=orbitrap;AC=MS:1000484	300m/z-1600m/z	4.5 ppm	20 ppm	NT=Tris(2-carboxyethyl)phosphine (TCEP);AC=PRIDE:0000609	NT=Chloroacetamide (ClAA);AC=PRIDE:0000600	NT=Trypsin;AC=MS:1001251	NT=Lys-C;AC=MS:1001309	NT=Carbamidomethyl;AC=UNIMOD:4;TA=C;MT=Fixed	NT=Oxidation;AC=UNIMOD:35;TA=M;MT=Variable	NT=Acetyl;AC=UNIMOD:1;PP=Protein N-term;MT=Variable	NT=Phospho;AC=UNIMOD:21;TA=S,T,Y;MT=Variable	not applicable	1	1	EasyPhos phosphopeptide enrichment (measured 2015-07-26 batch)	0.1% formic acid / 60% acetonitrile binary gradient, 300 nL/min: 5-25% B over 85 min then 25-55% B over 45 min	20150726_QEp2_LC10_SeHu_SA_mESC_EasyPhos_D7.raw	v1.1.0	NT=ms-proteomics;VV=v1.1.0	NT=vertebrates;VV=v1.1.0	NT=cell-lines;VV=v1.1.0	NT=sdrf-skills;VV=v0.2.0	6 hour
mESC_EpiLC_12h_rep1	Mus musculus	blastocyst	embryonic stem cell	normal	ES-E14TG2a	CVCL_9108	ES-E14TG2a	129P2/Ola	male	blastocyst	N2B27 medium with activin A, bFGF and KSR	not available	epiblast-like cell induction	cell line	study sample	enrichment of phosphorylated protein	no depletion	12 hour	not pooled	1	run 137	proteomic profiling by mass spectrometry	NT=Q Exactive HF;AC=MS:1002523	label free sample	NT=Data-dependent acquisition;AC=PRIDE:0000627	NT=beam-type collision-induced dissociation;AC=MS:1000422	25 NCE	NT=orbitrap;AC=MS:1000484	300m/z-1600m/z	4.5 ppm	20 ppm	NT=Tris(2-carboxyethyl)phosphine (TCEP);AC=PRIDE:0000609	NT=Chloroacetamide (ClAA);AC=PRIDE:0000600	NT=Trypsin;AC=MS:1001251	NT=Lys-C;AC=MS:1001309	NT=Carbamidomethyl;AC=UNIMOD:4;TA=C;MT=Fixed	NT=Oxidation;AC=UNIMOD:35;TA=M;MT=Variable	NT=Acetyl;AC=UNIMOD:1;PP=Protein N-term;MT=Variable	NT=Phospho;AC=UNIMOD:21;TA=S,T,Y;MT=Variable	not applicable	1	1	EasyPhos phosphopeptide enrichment (measured 2015-07-26 batch)	0.1% formic acid / 60% acetonitrile binary gradient, 300 nL/min: 5-25% B over 85 min then 25-55% B over 45 min	20150726_QEp2_LC10_SeHu_SA_mESC_EasyPhos_A8.raw	v1.1.0	NT=ms-proteomics;VV=v1.1.0	NT=vertebrates;VV=v1.1.0	NT=cell-lines;VV=v1.1.0	NT=sdrf-skills;VV=v0.2.0	12 hour
mESC_EpiLC_12h_rep2	Mus musculus	blastocyst	embryonic stem cell	normal	ES-E14TG2a	CVCL_9108	ES-E14TG2a	129P2/Ola	male	blastocyst	N2B27 medium with activin A, bFGF and KSR	not available	epiblast-like cell induction	cell line	study sample	enrichment of phosphorylated protein	no depletion	12 hour	not pooled	2	run 138	proteomic profiling by mass spectrometry	NT=Q Exactive HF;AC=MS:1002523	label free sample	NT=Data-dependent acquisition;AC=PRIDE:0000627	NT=beam-type collision-induced dissociation;AC=MS:1000422	25 NCE	NT=orbitrap;AC=MS:1000484	300m/z-1600m/z	4.5 ppm	20 ppm	NT=Tris(2-carboxyethyl)phosphine (TCEP);AC=PRIDE:0000609	NT=Chloroacetamide (ClAA);AC=PRIDE:0000600	NT=Trypsin;AC=MS:1001251	NT=Lys-C;AC=MS:1001309	NT=Carbamidomethyl;AC=UNIMOD:4;TA=C;MT=Fixed	NT=Oxidation;AC=UNIMOD:35;TA=M;MT=Variable	NT=Acetyl;AC=UNIMOD:1;PP=Protein N-term;MT=Variable	NT=Phospho;AC=UNIMOD:21;TA=S,T,Y;MT=Variable	not applicable	1	1	EasyPhos phosphopeptide enrichment (measured 2015-07-26 batch)	0.1% formic acid / 60% acetonitrile binary gradient, 300 nL/min: 5-25% B over 85 min then 25-55% B over 45 min	20150726_QEp2_LC10_SeHu_SA_mESC_EasyPhos_B8.raw	v1.1.0	NT=ms-proteomics;VV=v1.1.0	NT=vertebrates;VV=v1.1.0	NT=cell-lines;VV=v1.1.0	NT=sdrf-skills;VV=v0.2.0	12 hour
mESC_EpiLC_12h_rep3	Mus musculus	blastocyst	embryonic stem cell	normal	ES-E14TG2a	CVCL_9108	ES-E14TG2a	129P2/Ola	male	blastocyst	N2B27 medium with activin A, bFGF and KSR	not available	epiblast-like cell induction	cell line	study sample	enrichment of phosphorylated protein	no depletion	12 hour	not pooled	3	run 139	proteomic profiling by mass spectrometry	NT=Q Exactive HF;AC=MS:1002523	label free sample	NT=Data-dependent acquisition;AC=PRIDE:0000627	NT=beam-type collision-induced dissociation;AC=MS:1000422	25 NCE	NT=orbitrap;AC=MS:1000484	300m/z-1600m/z	4.5 ppm	20 ppm	NT=Tris(2-carboxyethyl)phosphine (TCEP);AC=PRIDE:0000609	NT=Chloroacetamide (ClAA);AC=PRIDE:0000600	NT=Trypsin;AC=MS:1001251	NT=Lys-C;AC=MS:1001309	NT=Carbamidomethyl;AC=UNIMOD:4;TA=C;MT=Fixed	NT=Oxidation;AC=UNIMOD:35;TA=M;MT=Variable	NT=Acetyl;AC=UNIMOD:1;PP=Protein N-term;MT=Variable	NT=Phospho;AC=UNIMOD:21;TA=S,T,Y;MT=Variable	not applicable	1	1	EasyPhos phosphopeptide enrichment (measured 2015-07-26 batch)	0.1% formic acid / 60% acetonitrile binary gradient, 300 nL/min: 5-25% B over 85 min then 25-55% B over 45 min	20150726_QEp2_LC10_SeHu_SA_mESC_EasyPhos_C8.raw	v1.1.0	NT=ms-proteomics;VV=v1.1.0	NT=vertebrates;VV=v1.1.0	NT=cell-lines;VV=v1.1.0	NT=sdrf-skills;VV=v0.2.0	12 hour
mESC_EpiLC_12h_rep4	Mus musculus	blastocyst	embryonic stem cell	normal	ES-E14TG2a	CVCL_9108	ES-E14TG2a	129P2/Ola	male	blastocyst	N2B27 medium with activin A, bFGF and KSR	not available	epiblast-like cell induction	cell line	study sample	enrichment of phosphorylated protein	no depletion	12 hour	not pooled	4	run 140	proteomic profiling by mass spectrometry	NT=Q Exactive HF;AC=MS:1002523	label free sample	NT=Data-dependent acquisition;AC=PRIDE:0000627	NT=beam-type collision-induced dissociation;AC=MS:1000422	25 NCE	NT=orbitrap;AC=MS:1000484	300m/z-1600m/z	4.5 ppm	20 ppm	NT=Tris(2-carboxyethyl)phosphine (TCEP);AC=PRIDE:0000609	NT=Chloroacetamide (ClAA);AC=PRIDE:0000600	NT=Trypsin;AC=MS:1001251	NT=Lys-C;AC=MS:1001309	NT=Carbamidomethyl;AC=UNIMOD:4;TA=C;MT=Fixed	NT=Oxidation;AC=UNIMOD:35;TA=M;MT=Variable	NT=Acetyl;AC=UNIMOD:1;PP=Protein N-term;MT=Variable	NT=Phospho;AC=UNIMOD:21;TA=S,T,Y;MT=Variable	not applicable	1	1	EasyPhos phosphopeptide enrichment (measured 2015-07-26 batch)	0.1% formic acid / 60% acetonitrile binary gradient, 300 nL/min: 5-25% B over 85 min then 25-55% B over 45 min	20150726_QEp2_LC10_SeHu_SA_mESC_EasyPhos_D8.raw	v1.1.0	NT=ms-proteomics;VV=v1.1.0	NT=vertebrates;VV=v1.1.0	NT=cell-lines;VV=v1.1.0	NT=sdrf-skills;VV=v0.2.0	12 hour
mESC_EpiLC_24h_rep1	Mus musculus	blastocyst	embryonic stem cell	normal	ES-E14TG2a	CVCL_9108	ES-E14TG2a	129P2/Ola	male	blastocyst	N2B27 medium with activin A, bFGF and KSR	not available	epiblast-like cell induction	cell line	study sample	enrichment of phosphorylated protein	no depletion	24 hour	not pooled	1	run 141	proteomic profiling by mass spectrometry	NT=Q Exactive HF;AC=MS:1002523	label free sample	NT=Data-dependent acquisition;AC=PRIDE:0000627	NT=beam-type collision-induced dissociation;AC=MS:1000422	25 NCE	NT=orbitrap;AC=MS:1000484	300m/z-1600m/z	4.5 ppm	20 ppm	NT=Tris(2-carboxyethyl)phosphine (TCEP);AC=PRIDE:0000609	NT=Chloroacetamide (ClAA);AC=PRIDE:0000600	NT=Trypsin;AC=MS:1001251	NT=Lys-C;AC=MS:1001309	NT=Carbamidomethyl;AC=UNIMOD:4;TA=C;MT=Fixed	NT=Oxidation;AC=UNIMOD:35;TA=M;MT=Variable	NT=Acetyl;AC=UNIMOD:1;PP=Protein N-term;MT=Variable	NT=Phospho;AC=UNIMOD:21;TA=S,T,Y;MT=Variable	not applicable	1	1	EasyPhos phosphopeptide enrichment (measured 2015-07-26 batch)	0.1% formic acid / 60% acetonitrile binary gradient, 300 nL/min: 5-25% B over 85 min then 25-55% B over 45 min	20150726_QEp2_LC10_SeHu_SA_mESC_EasyPhos_A9.raw	v1.1.0	NT=ms-proteomics;VV=v1.1.0	NT=vertebrates;VV=v1.1.0	NT=cell-lines;VV=v1.1.0	NT=sdrf-skills;VV=v0.2.0	24 hour
mESC_EpiLC_24h_rep2	Mus musculus	blastocyst	embryonic stem cell	normal	ES-E14TG2a	CVCL_9108	ES-E14TG2a	129P2/Ola	male	blastocyst	N2B27 medium with activin A, bFGF and KSR	not available	epiblast-like cell induction	cell line	study sample	enrichment of phosphorylated protein	no depletion	24 hour	not pooled	2	run 142	proteomic profiling by mass spectrometry	NT=Q Exactive HF;AC=MS:1002523	label free sample	NT=Data-dependent acquisition;AC=PRIDE:0000627	NT=beam-type collision-induced dissociation;AC=MS:1000422	25 NCE	NT=orbitrap;AC=MS:1000484	300m/z-1600m/z	4.5 ppm	20 ppm	NT=Tris(2-carboxyethyl)phosphine (TCEP);AC=PRIDE:0000609	NT=Chloroacetamide (ClAA);AC=PRIDE:0000600	NT=Trypsin;AC=MS:1001251	NT=Lys-C;AC=MS:1001309	NT=Carbamidomethyl;AC=UNIMOD:4;TA=C;MT=Fixed	NT=Oxidation;AC=UNIMOD:35;TA=M;MT=Variable	NT=Acetyl;AC=UNIMOD:1;PP=Protein N-term;MT=Variable	NT=Phospho;AC=UNIMOD:21;TA=S,T,Y;MT=Variable	not applicable	1	1	EasyPhos phosphopeptide enrichment (measured 2015-07-26 batch)	0.1% formic acid / 60% acetonitrile binary gradient, 300 nL/min: 5-25% B over 85 min then 25-55% B over 45 min	20150726_QEp2_LC10_SeHu_SA_mESC_EasyPhos_B9.raw	v1.1.0	NT=ms-proteomics;VV=v1.1.0	NT=vertebrates;VV=v1.1.0	NT=cell-lines;VV=v1.1.0	NT=sdrf-skills;VV=v0.2.0	24 hour
mESC_EpiLC_24h_rep3	Mus musculus	blastocyst	embryonic stem cell	normal	ES-E14TG2a	CVCL_9108	ES-E14TG2a	129P2/Ola	male	blastocyst	N2B27 medium with activin A, bFGF and KSR	not available	epiblast-like cell induction	cell line	study sample	enrichment of phosphorylated protein	no depletion	24 hour	not pooled	3	run 143	proteomic profiling by mass spectrometry	NT=Q Exactive HF;AC=MS:1002523	label free sample	NT=Data-dependent acquisition;AC=PRIDE:0000627	NT=beam-type collision-induced dissociation;AC=MS:1000422	25 NCE	NT=orbitrap;AC=MS:1000484	300m/z-1600m/z	4.5 ppm	20 ppm	NT=Tris(2-carboxyethyl)phosphine (TCEP);AC=PRIDE:0000609	NT=Chloroacetamide (ClAA);AC=PRIDE:0000600	NT=Trypsin;AC=MS:1001251	NT=Lys-C;AC=MS:1001309	NT=Carbamidomethyl;AC=UNIMOD:4;TA=C;MT=Fixed	NT=Oxidation;AC=UNIMOD:35;TA=M;MT=Variable	NT=Acetyl;AC=UNIMOD:1;PP=Protein N-term;MT=Variable	NT=Phospho;AC=UNIMOD:21;TA=S,T,Y;MT=Variable	not applicable	1	1	EasyPhos phosphopeptide enrichment (measured 2015-07-26 batch)	0.1% formic acid / 60% acetonitrile binary gradient, 300 nL/min: 5-25% B over 85 min then 25-55% B over 45 min	20150726_QEp2_LC10_SeHu_SA_mESC_EasyPhos_C9.raw	v1.1.0	NT=ms-proteomics;VV=v1.1.0	NT=vertebrates;VV=v1.1.0	NT=cell-lines;VV=v1.1.0	NT=sdrf-skills;VV=v0.2.0	24 hour
mESC_EpiLC_24h_rep4	Mus musculus	blastocyst	embryonic stem cell	normal	ES-E14TG2a	CVCL_9108	ES-E14TG2a	129P2/Ola	male	blastocyst	N2B27 medium with activin A, bFGF and KSR	not available	epiblast-like cell induction	cell line	study sample	enrichment of phosphorylated protein	no depletion	24 hour	not pooled	4	run 144	proteomic profiling by mass spectrometry	NT=Q Exactive HF;AC=MS:1002523	label free sample	NT=Data-dependent acquisition;AC=PRIDE:0000627	NT=beam-type collision-induced dissociation;AC=MS:1000422	25 NCE	NT=orbitrap;AC=MS:1000484	300m/z-1600m/z	4.5 ppm	20 ppm	NT=Tris(2-carboxyethyl)phosphine (TCEP);AC=PRIDE:0000609	NT=Chloroacetamide (ClAA);AC=PRIDE:0000600	NT=Trypsin;AC=MS:1001251	NT=Lys-C;AC=MS:1001309	NT=Carbamidomethyl;AC=UNIMOD:4;TA=C;MT=Fixed	NT=Oxidation;AC=UNIMOD:35;TA=M;MT=Variable	NT=Acetyl;AC=UNIMOD:1;PP=Protein N-term;MT=Variable	NT=Phospho;AC=UNIMOD:21;TA=S,T,Y;MT=Variable	not applicable	1	1	EasyPhos phosphopeptide enrichment (measured 2015-07-26 batch)	0.1% formic acid / 60% acetonitrile binary gradient, 300 nL/min: 5-25% B over 85 min then 25-55% B over 45 min	20150726_QEp2_LC10_SeHu_SA_mESC_EasyPhos_D9.raw	v1.1.0	NT=ms-proteomics;VV=v1.1.0	NT=vertebrates;VV=v1.1.0	NT=cell-lines;VV=v1.1.0	NT=sdrf-skills;VV=v0.2.0	24 hour
mESC_EpiLC_36h_rep1	Mus musculus	blastocyst	embryonic stem cell	normal	ES-E14TG2a	CVCL_9108	ES-E14TG2a	129P2/Ola	male	blastocyst	N2B27 medium with activin A, bFGF and KSR	not available	epiblast-like cell induction	cell line	study sample	enrichment of phosphorylated protein	no depletion	36 hour	not pooled	1	run 145	proteomic profiling by mass spectrometry	NT=Q Exactive HF;AC=MS:1002523	label free sample	NT=Data-dependent acquisition;AC=PRIDE:0000627	NT=beam-type collision-induced dissociation;AC=MS:1000422	25 NCE	NT=orbitrap;AC=MS:1000484	300m/z-1600m/z	4.5 ppm	20 ppm	NT=Tris(2-carboxyethyl)phosphine (TCEP);AC=PRIDE:0000609	NT=Chloroacetamide (ClAA);AC=PRIDE:0000600	NT=Trypsin;AC=MS:1001251	NT=Lys-C;AC=MS:1001309	NT=Carbamidomethyl;AC=UNIMOD:4;TA=C;MT=Fixed	NT=Oxidation;AC=UNIMOD:35;TA=M;MT=Variable	NT=Acetyl;AC=UNIMOD:1;PP=Protein N-term;MT=Variable	NT=Phospho;AC=UNIMOD:21;TA=S,T,Y;MT=Variable	not applicable	1	1	EasyPhos phosphopeptide enrichment (measured 2015-07-26 batch)	0.1% formic acid / 60% acetonitrile binary gradient, 300 nL/min: 5-25% B over 85 min then 25-55% B over 45 min	20150726_QEp2_LC10_SeHu_SA_mESC_EasyPhos_A10.raw	v1.1.0	NT=ms-proteomics;VV=v1.1.0	NT=vertebrates;VV=v1.1.0	NT=cell-lines;VV=v1.1.0	NT=sdrf-skills;VV=v0.2.0	36 hour
mESC_EpiLC_36h_rep2	Mus musculus	blastocyst	embryonic stem cell	normal	ES-E14TG2a	CVCL_9108	ES-E14TG2a	129P2/Ola	male	blastocyst	N2B27 medium with activin A, bFGF and KSR	not available	epiblast-like cell induction	cell line	study sample	enrichment of phosphorylated protein	no depletion	36 hour	not pooled	2	run 146	proteomic profiling by mass spectrometry	NT=Q Exactive HF;AC=MS:1002523	label free sample	NT=Data-dependent acquisition;AC=PRIDE:0000627	NT=beam-type collision-induced dissociation;AC=MS:1000422	25 NCE	NT=orbitrap;AC=MS:1000484	300m/z-1600m/z	4.5 ppm	20 ppm	NT=Tris(2-carboxyethyl)phosphine (TCEP);AC=PRIDE:0000609	NT=Chloroacetamide (ClAA);AC=PRIDE:0000600	NT=Trypsin;AC=MS:1001251	NT=Lys-C;AC=MS:1001309	NT=Carbamidomethyl;AC=UNIMOD:4;TA=C;MT=Fixed	NT=Oxidation;AC=UNIMOD:35;TA=M;MT=Variable	NT=Acetyl;AC=UNIMOD:1;PP=Protein N-term;MT=Variable	NT=Phospho;AC=UNIMOD:21;TA=S,T,Y;MT=Variable	not applicable	1	1	EasyPhos phosphopeptide enrichment (measured 2015-07-26 batch)	0.1% formic acid / 60% acetonitrile binary gradient, 300 nL/min: 5-25% B over 85 min then 25-55% B over 45 min	20150726_QEp2_LC10_SeHu_SA_mESC_EasyPhos_B10.raw	v1.1.0	NT=ms-proteomics;VV=v1.1.0	NT=vertebrates;VV=v1.1.0	NT=cell-lines;VV=v1.1.0	NT=sdrf-skills;VV=v0.2.0	36 hour
mESC_EpiLC_36h_rep3	Mus musculus	blastocyst	embryonic stem cell	normal	ES-E14TG2a	CVCL_9108	ES-E14TG2a	129P2/Ola	male	blastocyst	N2B27 medium with activin A, bFGF and KSR	not available	epiblast-like cell induction	cell line	study sample	enrichment of phosphorylated protein	no depletion	36 hour	not pooled	3	run 147	proteomic profiling by mass spectrometry	NT=Q Exactive HF;AC=MS:1002523	label free sample	NT=Data-dependent acquisition;AC=PRIDE:0000627	NT=beam-type collision-induced dissociation;AC=MS:1000422	25 NCE	NT=orbitrap;AC=MS:1000484	300m/z-1600m/z	4.5 ppm	20 ppm	NT=Tris(2-carboxyethyl)phosphine (TCEP);AC=PRIDE:0000609	NT=Chloroacetamide (ClAA);AC=PRIDE:0000600	NT=Trypsin;AC=MS:1001251	NT=Lys-C;AC=MS:1001309	NT=Carbamidomethyl;AC=UNIMOD:4;TA=C;MT=Fixed	NT=Oxidation;AC=UNIMOD:35;TA=M;MT=Variable	NT=Acetyl;AC=UNIMOD:1;PP=Protein N-term;MT=Variable	NT=Phospho;AC=UNIMOD:21;TA=S,T,Y;MT=Variable	not applicable	1	1	EasyPhos phosphopeptide enrichment (measured 2015-07-26 batch)	0.1% formic acid / 60% acetonitrile binary gradient, 300 nL/min: 5-25% B over 85 min then 25-55% B over 45 min	20150726_QEp2_LC10_SeHu_SA_mESC_EasyPhos_C10.raw	v1.1.0	NT=ms-proteomics;VV=v1.1.0	NT=vertebrates;VV=v1.1.0	NT=cell-lines;VV=v1.1.0	NT=sdrf-skills;VV=v0.2.0	36 hour
mESC_EpiLC_36h_rep4	Mus musculus	blastocyst	embryonic stem cell	normal	ES-E14TG2a	CVCL_9108	ES-E14TG2a	129P2/Ola	male	blastocyst	N2B27 medium with activin A, bFGF and KSR	not available	epiblast-like cell induction	cell line	study sample	enrichment of phosphorylated protein	no depletion	36 hour	not pooled	4	run 148	proteomic profiling by mass spectrometry	NT=Q Exactive HF;AC=MS:1002523	label free sample	NT=Data-dependent acquisition;AC=PRIDE:0000627	NT=beam-type collision-induced dissociation;AC=MS:1000422	25 NCE	NT=orbitrap;AC=MS:1000484	300m/z-1600m/z	4.5 ppm	20 ppm	NT=Tris(2-carboxyethyl)phosphine (TCEP);AC=PRIDE:0000609	NT=Chloroacetamide (ClAA);AC=PRIDE:0000600	NT=Trypsin;AC=MS:1001251	NT=Lys-C;AC=MS:1001309	NT=Carbamidomethyl;AC=UNIMOD:4;TA=C;MT=Fixed	NT=Oxidation;AC=UNIMOD:35;TA=M;MT=Variable	NT=Acetyl;AC=UNIMOD:1;PP=Protein N-term;MT=Variable	NT=Phospho;AC=UNIMOD:21;TA=S,T,Y;MT=Variable	not applicable	1	1	EasyPhos phosphopeptide enrichment (measured 2015-07-26 batch)	0.1% formic acid / 60% acetonitrile binary gradient, 300 nL/min: 5-25% B over 85 min then 25-55% B over 45 min	20150726_QEp2_LC10_SeHu_SA_mESC_EasyPhos_D10.raw	v1.1.0	NT=ms-proteomics;VV=v1.1.0	NT=vertebrates;VV=v1.1.0	NT=cell-lines;VV=v1.1.0	NT=sdrf-skills;VV=v0.2.0	36 hour
mESC_EpiLC_48h_rep1	Mus musculus	blastocyst	embryonic stem cell	normal	ES-E14TG2a	CVCL_9108	ES-E14TG2a	129P2/Ola	male	blastocyst	N2B27 medium with activin A, bFGF and KSR	not available	epiblast-like cell induction	cell line	study sample	enrichment of phosphorylated protein	no depletion	48 hour	not pooled	1	run 149	proteomic profiling by mass spectrometry	NT=Q Exactive HF;AC=MS:1002523	label free sample	NT=Data-dependent acquisition;AC=PRIDE:0000627	NT=beam-type collision-induced dissociation;AC=MS:1000422	25 NCE	NT=orbitrap;AC=MS:1000484	300m/z-1600m/z	4.5 ppm	20 ppm	NT=Tris(2-carboxyethyl)phosphine (TCEP);AC=PRIDE:0000609	NT=Chloroacetamide (ClAA);AC=PRIDE:0000600	NT=Trypsin;AC=MS:1001251	NT=Lys-C;AC=MS:1001309	NT=Carbamidomethyl;AC=UNIMOD:4;TA=C;MT=Fixed	NT=Oxidation;AC=UNIMOD:35;TA=M;MT=Variable	NT=Acetyl;AC=UNIMOD:1;PP=Protein N-term;MT=Variable	NT=Phospho;AC=UNIMOD:21;TA=S,T,Y;MT=Variable	not applicable	1	1	EasyPhos phosphopeptide enrichment (measured 2015-07-26 batch)	0.1% formic acid / 60% acetonitrile binary gradient, 300 nL/min: 5-25% B over 85 min then 25-55% B over 45 min	20150726_QEp2_LC10_SeHu_SA_mESC_EasyPhos_A11.raw	v1.1.0	NT=ms-proteomics;VV=v1.1.0	NT=vertebrates;VV=v1.1.0	NT=cell-lines;VV=v1.1.0	NT=sdrf-skills;VV=v0.2.0	48 hour
mESC_EpiLC_48h_rep2	Mus musculus	blastocyst	embryonic stem cell	normal	ES-E14TG2a	CVCL_9108	ES-E14TG2a	129P2/Ola	male	blastocyst	N2B27 medium with activin A, bFGF and KSR	not available	epiblast-like cell induction	cell line	study sample	enrichment of phosphorylated protein	no depletion	48 hour	not pooled	2	run 150	proteomic profiling by mass spectrometry	NT=Q Exactive HF;AC=MS:1002523	label free sample	NT=Data-dependent acquisition;AC=PRIDE:0000627	NT=beam-type collision-induced dissociation;AC=MS:1000422	25 NCE	NT=orbitrap;AC=MS:1000484	300m/z-1600m/z	4.5 ppm	20 ppm	NT=Tris(2-carboxyethyl)phosphine (TCEP);AC=PRIDE:0000609	NT=Chloroacetamide (ClAA);AC=PRIDE:0000600	NT=Trypsin;AC=MS:1001251	NT=Lys-C;AC=MS:1001309	NT=Carbamidomethyl;AC=UNIMOD:4;TA=C;MT=Fixed	NT=Oxidation;AC=UNIMOD:35;TA=M;MT=Variable	NT=Acetyl;AC=UNIMOD:1;PP=Protein N-term;MT=Variable	NT=Phospho;AC=UNIMOD:21;TA=S,T,Y;MT=Variable	not applicable	1	1	EasyPhos phosphopeptide enrichment (measured 2015-07-26 batch)	0.1% formic acid / 60% acetonitrile binary gradient, 300 nL/min: 5-25% B over 85 min then 25-55% B over 45 min	20150726_QEp2_LC10_SeHu_SA_mESC_EasyPhos_B11.raw	v1.1.0	NT=ms-proteomics;VV=v1.1.0	NT=vertebrates;VV=v1.1.0	NT=cell-lines;VV=v1.1.0	NT=sdrf-skills;VV=v0.2.0	48 hour
mESC_EpiLC_48h_rep3	Mus musculus	blastocyst	embryonic stem cell	normal	ES-E14TG2a	CVCL_9108	ES-E14TG2a	129P2/Ola	male	blastocyst	N2B27 medium with activin A, bFGF and KSR	not available	epiblast-like cell induction	cell line	study sample	enrichment of phosphorylated protein	no depletion	48 hour	not pooled	3	run 151	proteomic profiling by mass spectrometry	NT=Q Exactive HF;AC=MS:1002523	label free sample	NT=Data-dependent acquisition;AC=PRIDE:0000627	NT=beam-type collision-induced dissociation;AC=MS:1000422	25 NCE	NT=orbitrap;AC=MS:1000484	300m/z-1600m/z	4.5 ppm	20 ppm	NT=Tris(2-carboxyethyl)phosphine (TCEP);AC=PRIDE:0000609	NT=Chloroacetamide (ClAA);AC=PRIDE:0000600	NT=Trypsin;AC=MS:1001251	NT=Lys-C;AC=MS:1001309	NT=Carbamidomethyl;AC=UNIMOD:4;TA=C;MT=Fixed	NT=Oxidation;AC=UNIMOD:35;TA=M;MT=Variable	NT=Acetyl;AC=UNIMOD:1;PP=Protein N-term;MT=Variable	NT=Phospho;AC=UNIMOD:21;TA=S,T,Y;MT=Variable	not applicable	1	1	EasyPhos phosphopeptide enrichment (measured 2015-07-26 batch)	0.1% formic acid / 60% acetonitrile binary gradient, 300 nL/min: 5-25% B over 85 min then 25-55% B over 45 min	20150726_QEp2_LC10_SeHu_SA_mESC_EasyPhos_C11.raw	v1.1.0	NT=ms-proteomics;VV=v1.1.0	NT=vertebrates;VV=v1.1.0	NT=cell-lines;VV=v1.1.0	NT=sdrf-skills;VV=v0.2.0	48 hour
mESC_EpiLC_48h_rep4	Mus musculus	blastocyst	embryonic stem cell	normal	ES-E14TG2a	CVCL_9108	ES-E14TG2a	129P2/Ola	male	blastocyst	N2B27 medium with activin A, bFGF and KSR	not available	epiblast-like cell induction	cell line	study sample	enrichment of phosphorylated protein	no depletion	48 hour	not pooled	4	run 152	proteomic profiling by mass spectrometry	NT=Q Exactive HF;AC=MS:1002523	label free sample	NT=Data-dependent acquisition;AC=PRIDE:0000627	NT=beam-type collision-induced dissociation;AC=MS:1000422	25 NCE	NT=orbitrap;AC=MS:1000484	300m/z-1600m/z	4.5 ppm	20 ppm	NT=Tris(2-carboxyethyl)phosphine (TCEP);AC=PRIDE:0000609	NT=Chloroacetamide (ClAA);AC=PRIDE:0000600	NT=Trypsin;AC=MS:1001251	NT=Lys-C;AC=MS:1001309	NT=Carbamidomethyl;AC=UNIMOD:4;TA=C;MT=Fixed	NT=Oxidation;AC=UNIMOD:35;TA=M;MT=Variable	NT=Acetyl;AC=UNIMOD:1;PP=Protein N-term;MT=Variable	NT=Phospho;AC=UNIMOD:21;TA=S,T,Y;MT=Variable	not applicable	1	1	EasyPhos phosphopeptide enrichment (measured 2015-07-26 batch)	0.1% formic acid / 60% acetonitrile binary gradient, 300 nL/min: 5-25% B over 85 min then 25-55% B over 45 min	20150726_QEp2_LC10_SeHu_SA_mESC_EasyPhos_D11.raw	v1.1.0	NT=ms-proteomics;VV=v1.1.0	NT=vertebrates;VV=v1.1.0	NT=cell-lines;VV=v1.1.0	NT=sdrf-skills;VV=v0.2.0	48 hour
mESC_EpiLC_72h_rep1	Mus musculus	blastocyst	embryonic stem cell	normal	ES-E14TG2a	CVCL_9108	ES-E14TG2a	129P2/Ola	male	blastocyst	N2B27 medium with activin A, bFGF and KSR	not available	epiblast-like cell induction	cell line	study sample	enrichment of phosphorylated protein	no depletion	72 hour	not pooled	1	run 153	proteomic profiling by mass spectrometry	NT=Q Exactive HF;AC=MS:1002523	label free sample	NT=Data-dependent acquisition;AC=PRIDE:0000627	NT=beam-type collision-induced dissociation;AC=MS:1000422	25 NCE	NT=orbitrap;AC=MS:1000484	300m/z-1600m/z	4.5 ppm	20 ppm	NT=Tris(2-carboxyethyl)phosphine (TCEP);AC=PRIDE:0000609	NT=Chloroacetamide (ClAA);AC=PRIDE:0000600	NT=Trypsin;AC=MS:1001251	NT=Lys-C;AC=MS:1001309	NT=Carbamidomethyl;AC=UNIMOD:4;TA=C;MT=Fixed	NT=Oxidation;AC=UNIMOD:35;TA=M;MT=Variable	NT=Acetyl;AC=UNIMOD:1;PP=Protein N-term;MT=Variable	NT=Phospho;AC=UNIMOD:21;TA=S,T,Y;MT=Variable	not applicable	1	1	EasyPhos phosphopeptide enrichment (measured 2015-07-26 batch)	0.1% formic acid / 60% acetonitrile binary gradient, 300 nL/min: 5-25% B over 85 min then 25-55% B over 45 min	20150726_QEp2_LC10_SeHu_SA_mESC_EasyPhos_A12.raw	v1.1.0	NT=ms-proteomics;VV=v1.1.0	NT=vertebrates;VV=v1.1.0	NT=cell-lines;VV=v1.1.0	NT=sdrf-skills;VV=v0.2.0	72 hour
mESC_EpiLC_72h_rep2	Mus musculus	blastocyst	embryonic stem cell	normal	ES-E14TG2a	CVCL_9108	ES-E14TG2a	129P2/Ola	male	blastocyst	N2B27 medium with activin A, bFGF and KSR	not available	epiblast-like cell induction	cell line	study sample	enrichment of phosphorylated protein	no depletion	72 hour	not pooled	2	run 154	proteomic profiling by mass spectrometry	NT=Q Exactive HF;AC=MS:1002523	label free sample	NT=Data-dependent acquisition;AC=PRIDE:0000627	NT=beam-type collision-induced dissociation;AC=MS:1000422	25 NCE	NT=orbitrap;AC=MS:1000484	300m/z-1600m/z	4.5 ppm	20 ppm	NT=Tris(2-carboxyethyl)phosphine (TCEP);AC=PRIDE:0000609	NT=Chloroacetamide (ClAA);AC=PRIDE:0000600	NT=Trypsin;AC=MS:1001251	NT=Lys-C;AC=MS:1001309	NT=Carbamidomethyl;AC=UNIMOD:4;TA=C;MT=Fixed	NT=Oxidation;AC=UNIMOD:35;TA=M;MT=Variable	NT=Acetyl;AC=UNIMOD:1;PP=Protein N-term;MT=Variable	NT=Phospho;AC=UNIMOD:21;TA=S,T,Y;MT=Variable	not applicable	1	1	EasyPhos phosphopeptide enrichment (measured 2015-07-26 batch)	0.1% formic acid / 60% acetonitrile binary gradient, 300 nL/min: 5-25% B over 85 min then 25-55% B over 45 min	20150726_QEp2_LC10_SeHu_SA_mESC_EasyPhos_B12.raw	v1.1.0	NT=ms-proteomics;VV=v1.1.0	NT=vertebrates;VV=v1.1.0	NT=cell-lines;VV=v1.1.0	NT=sdrf-skills;VV=v0.2.0	72 hour
mESC_EpiLC_72h_rep3	Mus musculus	blastocyst	embryonic stem cell	normal	ES-E14TG2a	CVCL_9108	ES-E14TG2a	129P2/Ola	male	blastocyst	N2B27 medium with activin A, bFGF and KSR	not available	epiblast-like cell induction	cell line	study sample	enrichment of phosphorylated protein	no depletion	72 hour	not pooled	3	run 155	proteomic profiling by mass spectrometry	NT=Q Exactive HF;AC=MS:1002523	label free sample	NT=Data-dependent acquisition;AC=PRIDE:0000627	NT=beam-type collision-induced dissociation;AC=MS:1000422	25 NCE	NT=orbitrap;AC=MS:1000484	300m/z-1600m/z	4.5 ppm	20 ppm	NT=Tris(2-carboxyethyl)phosphine (TCEP);AC=PRIDE:0000609	NT=Chloroacetamide (ClAA);AC=PRIDE:0000600	NT=Trypsin;AC=MS:1001251	NT=Lys-C;AC=MS:1001309	NT=Carbamidomethyl;AC=UNIMOD:4;TA=C;MT=Fixed	NT=Oxidation;AC=UNIMOD:35;TA=M;MT=Variable	NT=Acetyl;AC=UNIMOD:1;PP=Protein N-term;MT=Variable	NT=Phospho;AC=UNIMOD:21;TA=S,T,Y;MT=Variable	not applicable	1	1	EasyPhos phosphopeptide enrichment (measured 2015-07-26 batch)	0.1% formic acid / 60% acetonitrile binary gradient, 300 nL/min: 5-25% B over 85 min then 25-55% B over 45 min	20150726_QEp2_LC10_SeHu_SA_mESC_EasyPhos_C12.raw	v1.1.0	NT=ms-proteomics;VV=v1.1.0	NT=vertebrates;VV=v1.1.0	NT=cell-lines;VV=v1.1.0	NT=sdrf-skills;VV=v0.2.0	72 hour
mESC_EpiLC_72h_rep4	Mus musculus	blastocyst	embryonic stem cell	normal	ES-E14TG2a	CVCL_9108	ES-E14TG2a	129P2/Ola	male	blastocyst	N2B27 medium with activin A, bFGF and KSR	not available	epiblast-like cell induction	cell line	study sample	enrichment of phosphorylated protein	no depletion	72 hour	not pooled	4	run 156	proteomic profiling by mass spectrometry	NT=Q Exactive HF;AC=MS:1002523	label free sample	NT=Data-dependent acquisition;AC=PRIDE:0000627	NT=beam-type collision-induced dissociation;AC=MS:1000422	25 NCE	NT=orbitrap;AC=MS:1000484	300m/z-1600m/z	4.5 ppm	20 ppm	NT=Tris(2-carboxyethyl)phosphine (TCEP);AC=PRIDE:0000609	NT=Chloroacetamide (ClAA);AC=PRIDE:0000600	NT=Trypsin;AC=MS:1001251	NT=Lys-C;AC=MS:1001309	NT=Carbamidomethyl;AC=UNIMOD:4;TA=C;MT=Fixed	NT=Oxidation;AC=UNIMOD:35;TA=M;MT=Variable	NT=Acetyl;AC=UNIMOD:1;PP=Protein N-term;MT=Variable	NT=Phospho;AC=UNIMOD:21;TA=S,T,Y;MT=Variable	not applicable	1	1	EasyPhos phosphopeptide enrichment (measured 2015-07-26 batch)	0.1% formic acid / 60% acetonitrile binary gradient, 300 nL/min: 5-25% B over 85 min then 25-55% B over 45 min	20150726_QEp2_LC10_SeHu_SA_mESC_EasyPhos_D12.raw	v1.1.0	NT=ms-proteomics;VV=v1.1.0	NT=vertebrates;VV=v1.1.0	NT=cell-lines;VV=v1.1.0	NT=sdrf-skills;VV=v0.2.0	72 hour
