source name	characteristics[organism]	characteristics[organism part]	characteristics[cell type]	characteristics[strain or breed]	characteristics[disease]	characteristics[material type]	characteristics[depletion]	characteristics[biological replicate]	assay name	technology type	comment[instrument]	comment[label]	comment[cleavage agent details]	comment[modification parameters]	comment[modification parameters]	comment[modification parameters]	comment[proteomics data acquisition method]	comment[dissociation method]	comment[ms2 mass analyzer]	comment[collision energy]	comment[precursor mass tolerance]	comment[fragment mass tolerance]	comment[ms1 scan range]	comment[reduction reagent]	comment[alkylation reagent]	comment[fractionation method]	comment[acquisition date]	comment[fraction identifier]	comment[technical replicate]	comment[data file]	comment[sdrf version]	comment[sdrf template]	comment[sdrf annotation tool]	factor value[cell type]
PXD000711-Sample-1	Trypanosoma brucei	not applicable	bloodstream form	MiTat 1.4	not applicable	whole organism	no depletion	1	20111011_Orbi3_FB_tryp_proteome_K_01	proteomic profiling by mass spectrometry	NT=LTQ Orbitrap;AC=MS:1000449	SILAC heavy	NT=Lys-C;AC=MS:1001309	NT=Carbamidomethyl;AC=UNIMOD:4;TA=C;MT=Fixed	NT=Oxidation;AC=UNIMOD:35;TA=M;MT=Variable	NT=Acetyl;AC=UNIMOD:1;PP=Protein N-term;MT=Variable	NT=Data-dependent acquisition;AC=PRIDE:0000627	NT=collision-induced dissociation;AC=MS:1000133	NT=ion trap;AC=MS:1000264	35 NCE	6 ppm	0.5 Da	300m/z-1700m/z	NT=Dithiothreitol (DTT);AC=PRIDE:0000608	NT=Iodoacetamide (IAA);AC=PRIDE:0000599	NT=SDS PAGE;AC=PRIDE:0000568	2011-10-15	1	1	20111011_Orbi3_FB_tryp_proteome_K_01.RAW	v1.1.0	NT=ms-proteomics;VV=v1.1.0	NT=sdrf-skills;VV=v0.2.0	bloodstream form
PXD000711-Sample-2	Trypanosoma brucei	not applicable	procyclic form	MiTat 1.4	not applicable	whole organism	no depletion	1	20111011_Orbi3_FB_tryp_proteome_K_01	proteomic profiling by mass spectrometry	NT=LTQ Orbitrap;AC=MS:1000449	SILAC light	NT=Lys-C;AC=MS:1001309	NT=Carbamidomethyl;AC=UNIMOD:4;TA=C;MT=Fixed	NT=Oxidation;AC=UNIMOD:35;TA=M;MT=Variable	NT=Acetyl;AC=UNIMOD:1;PP=Protein N-term;MT=Variable	NT=Data-dependent acquisition;AC=PRIDE:0000627	NT=collision-induced dissociation;AC=MS:1000133	NT=ion trap;AC=MS:1000264	35 NCE	6 ppm	0.5 Da	300m/z-1700m/z	NT=Dithiothreitol (DTT);AC=PRIDE:0000608	NT=Iodoacetamide (IAA);AC=PRIDE:0000599	NT=SDS PAGE;AC=PRIDE:0000568	2011-10-15	1	1	20111011_Orbi3_FB_tryp_proteome_K_01.RAW	v1.1.0	NT=ms-proteomics;VV=v1.1.0	NT=sdrf-skills;VV=v0.2.0	procyclic form
PXD000711-Sample-1	Trypanosoma brucei	not applicable	bloodstream form	MiTat 1.4	not applicable	whole organism	no depletion	1	20111011_Orbi3_FB_tryp_proteome_K_02	proteomic profiling by mass spectrometry	NT=LTQ Orbitrap;AC=MS:1000449	SILAC heavy	NT=Lys-C;AC=MS:1001309	NT=Carbamidomethyl;AC=UNIMOD:4;TA=C;MT=Fixed	NT=Oxidation;AC=UNIMOD:35;TA=M;MT=Variable	NT=Acetyl;AC=UNIMOD:1;PP=Protein N-term;MT=Variable	NT=Data-dependent acquisition;AC=PRIDE:0000627	NT=collision-induced dissociation;AC=MS:1000133	NT=ion trap;AC=MS:1000264	35 NCE	6 ppm	0.5 Da	300m/z-1700m/z	NT=Dithiothreitol (DTT);AC=PRIDE:0000608	NT=Iodoacetamide (IAA);AC=PRIDE:0000599	NT=SDS PAGE;AC=PRIDE:0000568	2011-10-15	2	1	20111011_Orbi3_FB_tryp_proteome_K_02.RAW	v1.1.0	NT=ms-proteomics;VV=v1.1.0	NT=sdrf-skills;VV=v0.2.0	bloodstream form
PXD000711-Sample-2	Trypanosoma brucei	not applicable	procyclic form	MiTat 1.4	not applicable	whole organism	no depletion	1	20111011_Orbi3_FB_tryp_proteome_K_02	proteomic profiling by mass spectrometry	NT=LTQ Orbitrap;AC=MS:1000449	SILAC light	NT=Lys-C;AC=MS:1001309	NT=Carbamidomethyl;AC=UNIMOD:4;TA=C;MT=Fixed	NT=Oxidation;AC=UNIMOD:35;TA=M;MT=Variable	NT=Acetyl;AC=UNIMOD:1;PP=Protein N-term;MT=Variable	NT=Data-dependent acquisition;AC=PRIDE:0000627	NT=collision-induced dissociation;AC=MS:1000133	NT=ion trap;AC=MS:1000264	35 NCE	6 ppm	0.5 Da	300m/z-1700m/z	NT=Dithiothreitol (DTT);AC=PRIDE:0000608	NT=Iodoacetamide (IAA);AC=PRIDE:0000599	NT=SDS PAGE;AC=PRIDE:0000568	2011-10-15	2	1	20111011_Orbi3_FB_tryp_proteome_K_02.RAW	v1.1.0	NT=ms-proteomics;VV=v1.1.0	NT=sdrf-skills;VV=v0.2.0	procyclic form
PXD000711-Sample-1	Trypanosoma brucei	not applicable	bloodstream form	MiTat 1.4	not applicable	whole organism	no depletion	1	20111011_Orbi3_FB_tryp_proteome_K_03	proteomic profiling by mass spectrometry	NT=LTQ Orbitrap;AC=MS:1000449	SILAC heavy	NT=Lys-C;AC=MS:1001309	NT=Carbamidomethyl;AC=UNIMOD:4;TA=C;MT=Fixed	NT=Oxidation;AC=UNIMOD:35;TA=M;MT=Variable	NT=Acetyl;AC=UNIMOD:1;PP=Protein N-term;MT=Variable	NT=Data-dependent acquisition;AC=PRIDE:0000627	NT=collision-induced dissociation;AC=MS:1000133	NT=ion trap;AC=MS:1000264	35 NCE	6 ppm	0.5 Da	300m/z-1700m/z	NT=Dithiothreitol (DTT);AC=PRIDE:0000608	NT=Iodoacetamide (IAA);AC=PRIDE:0000599	NT=SDS PAGE;AC=PRIDE:0000568	2011-10-15	3	1	20111011_Orbi3_FB_tryp_proteome_K_03.RAW	v1.1.0	NT=ms-proteomics;VV=v1.1.0	NT=sdrf-skills;VV=v0.2.0	bloodstream form
PXD000711-Sample-2	Trypanosoma brucei	not applicable	procyclic form	MiTat 1.4	not applicable	whole organism	no depletion	1	20111011_Orbi3_FB_tryp_proteome_K_03	proteomic profiling by mass spectrometry	NT=LTQ Orbitrap;AC=MS:1000449	SILAC light	NT=Lys-C;AC=MS:1001309	NT=Carbamidomethyl;AC=UNIMOD:4;TA=C;MT=Fixed	NT=Oxidation;AC=UNIMOD:35;TA=M;MT=Variable	NT=Acetyl;AC=UNIMOD:1;PP=Protein N-term;MT=Variable	NT=Data-dependent acquisition;AC=PRIDE:0000627	NT=collision-induced dissociation;AC=MS:1000133	NT=ion trap;AC=MS:1000264	35 NCE	6 ppm	0.5 Da	300m/z-1700m/z	NT=Dithiothreitol (DTT);AC=PRIDE:0000608	NT=Iodoacetamide (IAA);AC=PRIDE:0000599	NT=SDS PAGE;AC=PRIDE:0000568	2011-10-15	3	1	20111011_Orbi3_FB_tryp_proteome_K_03.RAW	v1.1.0	NT=ms-proteomics;VV=v1.1.0	NT=sdrf-skills;VV=v0.2.0	procyclic form
PXD000711-Sample-1	Trypanosoma brucei	not applicable	bloodstream form	MiTat 1.4	not applicable	whole organism	no depletion	1	20111011_Orbi3_FB_tryp_proteome_K_04	proteomic profiling by mass spectrometry	NT=LTQ Orbitrap;AC=MS:1000449	SILAC heavy	NT=Lys-C;AC=MS:1001309	NT=Carbamidomethyl;AC=UNIMOD:4;TA=C;MT=Fixed	NT=Oxidation;AC=UNIMOD:35;TA=M;MT=Variable	NT=Acetyl;AC=UNIMOD:1;PP=Protein N-term;MT=Variable	NT=Data-dependent acquisition;AC=PRIDE:0000627	NT=collision-induced dissociation;AC=MS:1000133	NT=ion trap;AC=MS:1000264	35 NCE	6 ppm	0.5 Da	300m/z-1700m/z	NT=Dithiothreitol (DTT);AC=PRIDE:0000608	NT=Iodoacetamide (IAA);AC=PRIDE:0000599	NT=SDS PAGE;AC=PRIDE:0000568	2011-10-16	4	1	20111011_Orbi3_FB_tryp_proteome_K_04.RAW	v1.1.0	NT=ms-proteomics;VV=v1.1.0	NT=sdrf-skills;VV=v0.2.0	bloodstream form
PXD000711-Sample-2	Trypanosoma brucei	not applicable	procyclic form	MiTat 1.4	not applicable	whole organism	no depletion	1	20111011_Orbi3_FB_tryp_proteome_K_04	proteomic profiling by mass spectrometry	NT=LTQ Orbitrap;AC=MS:1000449	SILAC light	NT=Lys-C;AC=MS:1001309	NT=Carbamidomethyl;AC=UNIMOD:4;TA=C;MT=Fixed	NT=Oxidation;AC=UNIMOD:35;TA=M;MT=Variable	NT=Acetyl;AC=UNIMOD:1;PP=Protein N-term;MT=Variable	NT=Data-dependent acquisition;AC=PRIDE:0000627	NT=collision-induced dissociation;AC=MS:1000133	NT=ion trap;AC=MS:1000264	35 NCE	6 ppm	0.5 Da	300m/z-1700m/z	NT=Dithiothreitol (DTT);AC=PRIDE:0000608	NT=Iodoacetamide (IAA);AC=PRIDE:0000599	NT=SDS PAGE;AC=PRIDE:0000568	2011-10-16	4	1	20111011_Orbi3_FB_tryp_proteome_K_04.RAW	v1.1.0	NT=ms-proteomics;VV=v1.1.0	NT=sdrf-skills;VV=v0.2.0	procyclic form
PXD000711-Sample-1	Trypanosoma brucei	not applicable	bloodstream form	MiTat 1.4	not applicable	whole organism	no depletion	1	20111011_Orbi3_FB_tryp_proteome_K_05	proteomic profiling by mass spectrometry	NT=LTQ Orbitrap;AC=MS:1000449	SILAC heavy	NT=Lys-C;AC=MS:1001309	NT=Carbamidomethyl;AC=UNIMOD:4;TA=C;MT=Fixed	NT=Oxidation;AC=UNIMOD:35;TA=M;MT=Variable	NT=Acetyl;AC=UNIMOD:1;PP=Protein N-term;MT=Variable	NT=Data-dependent acquisition;AC=PRIDE:0000627	NT=collision-induced dissociation;AC=MS:1000133	NT=ion trap;AC=MS:1000264	35 NCE	6 ppm	0.5 Da	300m/z-1700m/z	NT=Dithiothreitol (DTT);AC=PRIDE:0000608	NT=Iodoacetamide (IAA);AC=PRIDE:0000599	NT=SDS PAGE;AC=PRIDE:0000568	2011-10-16	5	1	20111011_Orbi3_FB_tryp_proteome_K_05.RAW	v1.1.0	NT=ms-proteomics;VV=v1.1.0	NT=sdrf-skills;VV=v0.2.0	bloodstream form
PXD000711-Sample-2	Trypanosoma brucei	not applicable	procyclic form	MiTat 1.4	not applicable	whole organism	no depletion	1	20111011_Orbi3_FB_tryp_proteome_K_05	proteomic profiling by mass spectrometry	NT=LTQ Orbitrap;AC=MS:1000449	SILAC light	NT=Lys-C;AC=MS:1001309	NT=Carbamidomethyl;AC=UNIMOD:4;TA=C;MT=Fixed	NT=Oxidation;AC=UNIMOD:35;TA=M;MT=Variable	NT=Acetyl;AC=UNIMOD:1;PP=Protein N-term;MT=Variable	NT=Data-dependent acquisition;AC=PRIDE:0000627	NT=collision-induced dissociation;AC=MS:1000133	NT=ion trap;AC=MS:1000264	35 NCE	6 ppm	0.5 Da	300m/z-1700m/z	NT=Dithiothreitol (DTT);AC=PRIDE:0000608	NT=Iodoacetamide (IAA);AC=PRIDE:0000599	NT=SDS PAGE;AC=PRIDE:0000568	2011-10-16	5	1	20111011_Orbi3_FB_tryp_proteome_K_05.RAW	v1.1.0	NT=ms-proteomics;VV=v1.1.0	NT=sdrf-skills;VV=v0.2.0	procyclic form
PXD000711-Sample-1	Trypanosoma brucei	not applicable	bloodstream form	MiTat 1.4	not applicable	whole organism	no depletion	1	20111011_Orbi3_FB_tryp_proteome_K_06	proteomic profiling by mass spectrometry	NT=LTQ Orbitrap;AC=MS:1000449	SILAC heavy	NT=Lys-C;AC=MS:1001309	NT=Carbamidomethyl;AC=UNIMOD:4;TA=C;MT=Fixed	NT=Oxidation;AC=UNIMOD:35;TA=M;MT=Variable	NT=Acetyl;AC=UNIMOD:1;PP=Protein N-term;MT=Variable	NT=Data-dependent acquisition;AC=PRIDE:0000627	NT=collision-induced dissociation;AC=MS:1000133	NT=ion trap;AC=MS:1000264	35 NCE	6 ppm	0.5 Da	300m/z-1700m/z	NT=Dithiothreitol (DTT);AC=PRIDE:0000608	NT=Iodoacetamide (IAA);AC=PRIDE:0000599	NT=SDS PAGE;AC=PRIDE:0000568	2011-10-16	6	1	20111011_Orbi3_FB_tryp_proteome_K_06.RAW	v1.1.0	NT=ms-proteomics;VV=v1.1.0	NT=sdrf-skills;VV=v0.2.0	bloodstream form
PXD000711-Sample-2	Trypanosoma brucei	not applicable	procyclic form	MiTat 1.4	not applicable	whole organism	no depletion	1	20111011_Orbi3_FB_tryp_proteome_K_06	proteomic profiling by mass spectrometry	NT=LTQ Orbitrap;AC=MS:1000449	SILAC light	NT=Lys-C;AC=MS:1001309	NT=Carbamidomethyl;AC=UNIMOD:4;TA=C;MT=Fixed	NT=Oxidation;AC=UNIMOD:35;TA=M;MT=Variable	NT=Acetyl;AC=UNIMOD:1;PP=Protein N-term;MT=Variable	NT=Data-dependent acquisition;AC=PRIDE:0000627	NT=collision-induced dissociation;AC=MS:1000133	NT=ion trap;AC=MS:1000264	35 NCE	6 ppm	0.5 Da	300m/z-1700m/z	NT=Dithiothreitol (DTT);AC=PRIDE:0000608	NT=Iodoacetamide (IAA);AC=PRIDE:0000599	NT=SDS PAGE;AC=PRIDE:0000568	2011-10-16	6	1	20111011_Orbi3_FB_tryp_proteome_K_06.RAW	v1.1.0	NT=ms-proteomics;VV=v1.1.0	NT=sdrf-skills;VV=v0.2.0	procyclic form
PXD000711-Sample-1	Trypanosoma brucei	not applicable	bloodstream form	MiTat 1.4	not applicable	whole organism	no depletion	1	20111011_Orbi3_FB_tryp_proteome_K_07_111016150021	proteomic profiling by mass spectrometry	NT=LTQ Orbitrap;AC=MS:1000449	SILAC heavy	NT=Lys-C;AC=MS:1001309	NT=Carbamidomethyl;AC=UNIMOD:4;TA=C;MT=Fixed	NT=Oxidation;AC=UNIMOD:35;TA=M;MT=Variable	NT=Acetyl;AC=UNIMOD:1;PP=Protein N-term;MT=Variable	NT=Data-dependent acquisition;AC=PRIDE:0000627	NT=collision-induced dissociation;AC=MS:1000133	NT=ion trap;AC=MS:1000264	35 NCE	6 ppm	0.5 Da	300m/z-1700m/z	NT=Dithiothreitol (DTT);AC=PRIDE:0000608	NT=Iodoacetamide (IAA);AC=PRIDE:0000599	NT=SDS PAGE;AC=PRIDE:0000568	2011-10-16	7	1	20111011_Orbi3_FB_tryp_proteome_K_07_111016150021.RAW	v1.1.0	NT=ms-proteomics;VV=v1.1.0	NT=sdrf-skills;VV=v0.2.0	bloodstream form
PXD000711-Sample-2	Trypanosoma brucei	not applicable	procyclic form	MiTat 1.4	not applicable	whole organism	no depletion	1	20111011_Orbi3_FB_tryp_proteome_K_07_111016150021	proteomic profiling by mass spectrometry	NT=LTQ Orbitrap;AC=MS:1000449	SILAC light	NT=Lys-C;AC=MS:1001309	NT=Carbamidomethyl;AC=UNIMOD:4;TA=C;MT=Fixed	NT=Oxidation;AC=UNIMOD:35;TA=M;MT=Variable	NT=Acetyl;AC=UNIMOD:1;PP=Protein N-term;MT=Variable	NT=Data-dependent acquisition;AC=PRIDE:0000627	NT=collision-induced dissociation;AC=MS:1000133	NT=ion trap;AC=MS:1000264	35 NCE	6 ppm	0.5 Da	300m/z-1700m/z	NT=Dithiothreitol (DTT);AC=PRIDE:0000608	NT=Iodoacetamide (IAA);AC=PRIDE:0000599	NT=SDS PAGE;AC=PRIDE:0000568	2011-10-16	7	1	20111011_Orbi3_FB_tryp_proteome_K_07_111016150021.RAW	v1.1.0	NT=ms-proteomics;VV=v1.1.0	NT=sdrf-skills;VV=v0.2.0	procyclic form
PXD000711-Sample-1	Trypanosoma brucei	not applicable	bloodstream form	MiTat 1.4	not applicable	whole organism	no depletion	1	20111011_Orbi3_FB_tryp_proteome_K_08	proteomic profiling by mass spectrometry	NT=LTQ Orbitrap;AC=MS:1000449	SILAC heavy	NT=Lys-C;AC=MS:1001309	NT=Carbamidomethyl;AC=UNIMOD:4;TA=C;MT=Fixed	NT=Oxidation;AC=UNIMOD:35;TA=M;MT=Variable	NT=Acetyl;AC=UNIMOD:1;PP=Protein N-term;MT=Variable	NT=Data-dependent acquisition;AC=PRIDE:0000627	NT=collision-induced dissociation;AC=MS:1000133	NT=ion trap;AC=MS:1000264	35 NCE	6 ppm	0.5 Da	300m/z-1700m/z	NT=Dithiothreitol (DTT);AC=PRIDE:0000608	NT=Iodoacetamide (IAA);AC=PRIDE:0000599	NT=SDS PAGE;AC=PRIDE:0000568	2011-10-16	8	1	20111011_Orbi3_FB_tryp_proteome_K_08.RAW	v1.1.0	NT=ms-proteomics;VV=v1.1.0	NT=sdrf-skills;VV=v0.2.0	bloodstream form
PXD000711-Sample-2	Trypanosoma brucei	not applicable	procyclic form	MiTat 1.4	not applicable	whole organism	no depletion	1	20111011_Orbi3_FB_tryp_proteome_K_08	proteomic profiling by mass spectrometry	NT=LTQ Orbitrap;AC=MS:1000449	SILAC light	NT=Lys-C;AC=MS:1001309	NT=Carbamidomethyl;AC=UNIMOD:4;TA=C;MT=Fixed	NT=Oxidation;AC=UNIMOD:35;TA=M;MT=Variable	NT=Acetyl;AC=UNIMOD:1;PP=Protein N-term;MT=Variable	NT=Data-dependent acquisition;AC=PRIDE:0000627	NT=collision-induced dissociation;AC=MS:1000133	NT=ion trap;AC=MS:1000264	35 NCE	6 ppm	0.5 Da	300m/z-1700m/z	NT=Dithiothreitol (DTT);AC=PRIDE:0000608	NT=Iodoacetamide (IAA);AC=PRIDE:0000599	NT=SDS PAGE;AC=PRIDE:0000568	2011-10-16	8	1	20111011_Orbi3_FB_tryp_proteome_K_08.RAW	v1.1.0	NT=ms-proteomics;VV=v1.1.0	NT=sdrf-skills;VV=v0.2.0	procyclic form
PXD000711-Sample-1	Trypanosoma brucei	not applicable	bloodstream form	MiTat 1.4	not applicable	whole organism	no depletion	1	20111011_Orbi3_FB_tryp_proteome_K_09	proteomic profiling by mass spectrometry	NT=LTQ Orbitrap;AC=MS:1000449	SILAC heavy	NT=Lys-C;AC=MS:1001309	NT=Carbamidomethyl;AC=UNIMOD:4;TA=C;MT=Fixed	NT=Oxidation;AC=UNIMOD:35;TA=M;MT=Variable	NT=Acetyl;AC=UNIMOD:1;PP=Protein N-term;MT=Variable	NT=Data-dependent acquisition;AC=PRIDE:0000627	NT=collision-induced dissociation;AC=MS:1000133	NT=ion trap;AC=MS:1000264	35 NCE	6 ppm	0.5 Da	300m/z-1700m/z	NT=Dithiothreitol (DTT);AC=PRIDE:0000608	NT=Iodoacetamide (IAA);AC=PRIDE:0000599	NT=SDS PAGE;AC=PRIDE:0000568	2011-10-16	9	1	20111011_Orbi3_FB_tryp_proteome_K_09.RAW	v1.1.0	NT=ms-proteomics;VV=v1.1.0	NT=sdrf-skills;VV=v0.2.0	bloodstream form
PXD000711-Sample-2	Trypanosoma brucei	not applicable	procyclic form	MiTat 1.4	not applicable	whole organism	no depletion	1	20111011_Orbi3_FB_tryp_proteome_K_09	proteomic profiling by mass spectrometry	NT=LTQ Orbitrap;AC=MS:1000449	SILAC light	NT=Lys-C;AC=MS:1001309	NT=Carbamidomethyl;AC=UNIMOD:4;TA=C;MT=Fixed	NT=Oxidation;AC=UNIMOD:35;TA=M;MT=Variable	NT=Acetyl;AC=UNIMOD:1;PP=Protein N-term;MT=Variable	NT=Data-dependent acquisition;AC=PRIDE:0000627	NT=collision-induced dissociation;AC=MS:1000133	NT=ion trap;AC=MS:1000264	35 NCE	6 ppm	0.5 Da	300m/z-1700m/z	NT=Dithiothreitol (DTT);AC=PRIDE:0000608	NT=Iodoacetamide (IAA);AC=PRIDE:0000599	NT=SDS PAGE;AC=PRIDE:0000568	2011-10-16	9	1	20111011_Orbi3_FB_tryp_proteome_K_09.RAW	v1.1.0	NT=ms-proteomics;VV=v1.1.0	NT=sdrf-skills;VV=v0.2.0	procyclic form
PXD000711-Sample-1	Trypanosoma brucei	not applicable	bloodstream form	MiTat 1.4	not applicable	whole organism	no depletion	1	20111011_Orbi3_FB_tryp_proteome_K_10	proteomic profiling by mass spectrometry	NT=LTQ Orbitrap;AC=MS:1000449	SILAC heavy	NT=Lys-C;AC=MS:1001309	NT=Carbamidomethyl;AC=UNIMOD:4;TA=C;MT=Fixed	NT=Oxidation;AC=UNIMOD:35;TA=M;MT=Variable	NT=Acetyl;AC=UNIMOD:1;PP=Protein N-term;MT=Variable	NT=Data-dependent acquisition;AC=PRIDE:0000627	NT=collision-induced dissociation;AC=MS:1000133	NT=ion trap;AC=MS:1000264	35 NCE	6 ppm	0.5 Da	300m/z-1700m/z	NT=Dithiothreitol (DTT);AC=PRIDE:0000608	NT=Iodoacetamide (IAA);AC=PRIDE:0000599	NT=SDS PAGE;AC=PRIDE:0000568	2011-10-17	10	1	20111011_Orbi3_FB_tryp_proteome_K_10.RAW	v1.1.0	NT=ms-proteomics;VV=v1.1.0	NT=sdrf-skills;VV=v0.2.0	bloodstream form
PXD000711-Sample-2	Trypanosoma brucei	not applicable	procyclic form	MiTat 1.4	not applicable	whole organism	no depletion	1	20111011_Orbi3_FB_tryp_proteome_K_10	proteomic profiling by mass spectrometry	NT=LTQ Orbitrap;AC=MS:1000449	SILAC light	NT=Lys-C;AC=MS:1001309	NT=Carbamidomethyl;AC=UNIMOD:4;TA=C;MT=Fixed	NT=Oxidation;AC=UNIMOD:35;TA=M;MT=Variable	NT=Acetyl;AC=UNIMOD:1;PP=Protein N-term;MT=Variable	NT=Data-dependent acquisition;AC=PRIDE:0000627	NT=collision-induced dissociation;AC=MS:1000133	NT=ion trap;AC=MS:1000264	35 NCE	6 ppm	0.5 Da	300m/z-1700m/z	NT=Dithiothreitol (DTT);AC=PRIDE:0000608	NT=Iodoacetamide (IAA);AC=PRIDE:0000599	NT=SDS PAGE;AC=PRIDE:0000568	2011-10-17	10	1	20111011_Orbi3_FB_tryp_proteome_K_10.RAW	v1.1.0	NT=ms-proteomics;VV=v1.1.0	NT=sdrf-skills;VV=v0.2.0	procyclic form
PXD000711-Sample-1	Trypanosoma brucei	not applicable	bloodstream form	MiTat 1.4	not applicable	whole organism	no depletion	1	20111011_Orbi3_FB_tryp_proteome_K_11	proteomic profiling by mass spectrometry	NT=LTQ Orbitrap;AC=MS:1000449	SILAC heavy	NT=Lys-C;AC=MS:1001309	NT=Carbamidomethyl;AC=UNIMOD:4;TA=C;MT=Fixed	NT=Oxidation;AC=UNIMOD:35;TA=M;MT=Variable	NT=Acetyl;AC=UNIMOD:1;PP=Protein N-term;MT=Variable	NT=Data-dependent acquisition;AC=PRIDE:0000627	NT=collision-induced dissociation;AC=MS:1000133	NT=ion trap;AC=MS:1000264	35 NCE	6 ppm	0.5 Da	300m/z-1700m/z	NT=Dithiothreitol (DTT);AC=PRIDE:0000608	NT=Iodoacetamide (IAA);AC=PRIDE:0000599	NT=SDS PAGE;AC=PRIDE:0000568	2011-10-17	11	1	20111011_Orbi3_FB_tryp_proteome_K_11.RAW	v1.1.0	NT=ms-proteomics;VV=v1.1.0	NT=sdrf-skills;VV=v0.2.0	bloodstream form
PXD000711-Sample-2	Trypanosoma brucei	not applicable	procyclic form	MiTat 1.4	not applicable	whole organism	no depletion	1	20111011_Orbi3_FB_tryp_proteome_K_11	proteomic profiling by mass spectrometry	NT=LTQ Orbitrap;AC=MS:1000449	SILAC light	NT=Lys-C;AC=MS:1001309	NT=Carbamidomethyl;AC=UNIMOD:4;TA=C;MT=Fixed	NT=Oxidation;AC=UNIMOD:35;TA=M;MT=Variable	NT=Acetyl;AC=UNIMOD:1;PP=Protein N-term;MT=Variable	NT=Data-dependent acquisition;AC=PRIDE:0000627	NT=collision-induced dissociation;AC=MS:1000133	NT=ion trap;AC=MS:1000264	35 NCE	6 ppm	0.5 Da	300m/z-1700m/z	NT=Dithiothreitol (DTT);AC=PRIDE:0000608	NT=Iodoacetamide (IAA);AC=PRIDE:0000599	NT=SDS PAGE;AC=PRIDE:0000568	2011-10-17	11	1	20111011_Orbi3_FB_tryp_proteome_K_11.RAW	v1.1.0	NT=ms-proteomics;VV=v1.1.0	NT=sdrf-skills;VV=v0.2.0	procyclic form
PXD000711-Sample-1	Trypanosoma brucei	not applicable	bloodstream form	MiTat 1.4	not applicable	whole organism	no depletion	1	20111011_Orbi3_FB_tryp_proteome_K_12	proteomic profiling by mass spectrometry	NT=LTQ Orbitrap;AC=MS:1000449	SILAC heavy	NT=Lys-C;AC=MS:1001309	NT=Carbamidomethyl;AC=UNIMOD:4;TA=C;MT=Fixed	NT=Oxidation;AC=UNIMOD:35;TA=M;MT=Variable	NT=Acetyl;AC=UNIMOD:1;PP=Protein N-term;MT=Variable	NT=Data-dependent acquisition;AC=PRIDE:0000627	NT=collision-induced dissociation;AC=MS:1000133	NT=ion trap;AC=MS:1000264	35 NCE	6 ppm	0.5 Da	300m/z-1700m/z	NT=Dithiothreitol (DTT);AC=PRIDE:0000608	NT=Iodoacetamide (IAA);AC=PRIDE:0000599	NT=SDS PAGE;AC=PRIDE:0000568	2011-10-17	12	1	20111011_Orbi3_FB_tryp_proteome_K_12.RAW	v1.1.0	NT=ms-proteomics;VV=v1.1.0	NT=sdrf-skills;VV=v0.2.0	bloodstream form
PXD000711-Sample-2	Trypanosoma brucei	not applicable	procyclic form	MiTat 1.4	not applicable	whole organism	no depletion	1	20111011_Orbi3_FB_tryp_proteome_K_12	proteomic profiling by mass spectrometry	NT=LTQ Orbitrap;AC=MS:1000449	SILAC light	NT=Lys-C;AC=MS:1001309	NT=Carbamidomethyl;AC=UNIMOD:4;TA=C;MT=Fixed	NT=Oxidation;AC=UNIMOD:35;TA=M;MT=Variable	NT=Acetyl;AC=UNIMOD:1;PP=Protein N-term;MT=Variable	NT=Data-dependent acquisition;AC=PRIDE:0000627	NT=collision-induced dissociation;AC=MS:1000133	NT=ion trap;AC=MS:1000264	35 NCE	6 ppm	0.5 Da	300m/z-1700m/z	NT=Dithiothreitol (DTT);AC=PRIDE:0000608	NT=Iodoacetamide (IAA);AC=PRIDE:0000599	NT=SDS PAGE;AC=PRIDE:0000568	2011-10-17	12	1	20111011_Orbi3_FB_tryp_proteome_K_12.RAW	v1.1.0	NT=ms-proteomics;VV=v1.1.0	NT=sdrf-skills;VV=v0.2.0	procyclic form
PXD000711-Sample-1	Trypanosoma brucei	not applicable	bloodstream form	MiTat 1.4	not applicable	whole organism	no depletion	1	20120102_EXQ2_FB_SA_lysC_BSH_H_01	proteomic profiling by mass spectrometry	NT=Q Exactive;AC=MS:1001911	SILAC heavy	NT=Lys-C;AC=MS:1001309	NT=Carbamidomethyl;AC=UNIMOD:4;TA=C;MT=Fixed	NT=Oxidation;AC=UNIMOD:35;TA=M;MT=Variable	NT=Acetyl;AC=UNIMOD:1;PP=Protein N-term;MT=Variable	NT=Data-dependent acquisition;AC=PRIDE:0000627	NT=beam-type collision-induced dissociation;AC=MS:1000422	NT=orbitrap;AC=MS:1000484	25 NCE	6 ppm	20 ppm	300m/z-1650m/z	NT=Dithiothreitol (DTT);AC=PRIDE:0000608	NT=Iodoacetamide (IAA);AC=PRIDE:0000599	NT=SDS PAGE;AC=PRIDE:0000568	2012-01-06	1	2	20120102_EXQ2_FB_SA_lysC_BSH_H_01.raw	v1.1.0	NT=ms-proteomics;VV=v1.1.0	NT=sdrf-skills;VV=v0.2.0	bloodstream form
PXD000711-Sample-2	Trypanosoma brucei	not applicable	procyclic form	MiTat 1.4	not applicable	whole organism	no depletion	1	20120102_EXQ2_FB_SA_lysC_BSH_H_01	proteomic profiling by mass spectrometry	NT=Q Exactive;AC=MS:1001911	SILAC light	NT=Lys-C;AC=MS:1001309	NT=Carbamidomethyl;AC=UNIMOD:4;TA=C;MT=Fixed	NT=Oxidation;AC=UNIMOD:35;TA=M;MT=Variable	NT=Acetyl;AC=UNIMOD:1;PP=Protein N-term;MT=Variable	NT=Data-dependent acquisition;AC=PRIDE:0000627	NT=beam-type collision-induced dissociation;AC=MS:1000422	NT=orbitrap;AC=MS:1000484	25 NCE	6 ppm	20 ppm	300m/z-1650m/z	NT=Dithiothreitol (DTT);AC=PRIDE:0000608	NT=Iodoacetamide (IAA);AC=PRIDE:0000599	NT=SDS PAGE;AC=PRIDE:0000568	2012-01-06	1	2	20120102_EXQ2_FB_SA_lysC_BSH_H_01.raw	v1.1.0	NT=ms-proteomics;VV=v1.1.0	NT=sdrf-skills;VV=v0.2.0	procyclic form
PXD000711-Sample-1	Trypanosoma brucei	not applicable	bloodstream form	MiTat 1.4	not applicable	whole organism	no depletion	1	20120102_EXQ2_FB_SA_lysC_BSH_H_02	proteomic profiling by mass spectrometry	NT=Q Exactive;AC=MS:1001911	SILAC heavy	NT=Lys-C;AC=MS:1001309	NT=Carbamidomethyl;AC=UNIMOD:4;TA=C;MT=Fixed	NT=Oxidation;AC=UNIMOD:35;TA=M;MT=Variable	NT=Acetyl;AC=UNIMOD:1;PP=Protein N-term;MT=Variable	NT=Data-dependent acquisition;AC=PRIDE:0000627	NT=beam-type collision-induced dissociation;AC=MS:1000422	NT=orbitrap;AC=MS:1000484	25 NCE	6 ppm	20 ppm	300m/z-1650m/z	NT=Dithiothreitol (DTT);AC=PRIDE:0000608	NT=Iodoacetamide (IAA);AC=PRIDE:0000599	NT=SDS PAGE;AC=PRIDE:0000568	2012-01-06	2	2	20120102_EXQ2_FB_SA_lysC_BSH_H_02.raw	v1.1.0	NT=ms-proteomics;VV=v1.1.0	NT=sdrf-skills;VV=v0.2.0	bloodstream form
PXD000711-Sample-2	Trypanosoma brucei	not applicable	procyclic form	MiTat 1.4	not applicable	whole organism	no depletion	1	20120102_EXQ2_FB_SA_lysC_BSH_H_02	proteomic profiling by mass spectrometry	NT=Q Exactive;AC=MS:1001911	SILAC light	NT=Lys-C;AC=MS:1001309	NT=Carbamidomethyl;AC=UNIMOD:4;TA=C;MT=Fixed	NT=Oxidation;AC=UNIMOD:35;TA=M;MT=Variable	NT=Acetyl;AC=UNIMOD:1;PP=Protein N-term;MT=Variable	NT=Data-dependent acquisition;AC=PRIDE:0000627	NT=beam-type collision-induced dissociation;AC=MS:1000422	NT=orbitrap;AC=MS:1000484	25 NCE	6 ppm	20 ppm	300m/z-1650m/z	NT=Dithiothreitol (DTT);AC=PRIDE:0000608	NT=Iodoacetamide (IAA);AC=PRIDE:0000599	NT=SDS PAGE;AC=PRIDE:0000568	2012-01-06	2	2	20120102_EXQ2_FB_SA_lysC_BSH_H_02.raw	v1.1.0	NT=ms-proteomics;VV=v1.1.0	NT=sdrf-skills;VV=v0.2.0	procyclic form
PXD000711-Sample-1	Trypanosoma brucei	not applicable	bloodstream form	MiTat 1.4	not applicable	whole organism	no depletion	1	20120102_EXQ2_FB_SA_lysC_BSH_H_03	proteomic profiling by mass spectrometry	NT=Q Exactive;AC=MS:1001911	SILAC heavy	NT=Lys-C;AC=MS:1001309	NT=Carbamidomethyl;AC=UNIMOD:4;TA=C;MT=Fixed	NT=Oxidation;AC=UNIMOD:35;TA=M;MT=Variable	NT=Acetyl;AC=UNIMOD:1;PP=Protein N-term;MT=Variable	NT=Data-dependent acquisition;AC=PRIDE:0000627	NT=beam-type collision-induced dissociation;AC=MS:1000422	NT=orbitrap;AC=MS:1000484	25 NCE	6 ppm	20 ppm	300m/z-1650m/z	NT=Dithiothreitol (DTT);AC=PRIDE:0000608	NT=Iodoacetamide (IAA);AC=PRIDE:0000599	NT=SDS PAGE;AC=PRIDE:0000568	2012-01-06	3	2	20120102_EXQ2_FB_SA_lysC_BSH_H_03.raw	v1.1.0	NT=ms-proteomics;VV=v1.1.0	NT=sdrf-skills;VV=v0.2.0	bloodstream form
PXD000711-Sample-2	Trypanosoma brucei	not applicable	procyclic form	MiTat 1.4	not applicable	whole organism	no depletion	1	20120102_EXQ2_FB_SA_lysC_BSH_H_03	proteomic profiling by mass spectrometry	NT=Q Exactive;AC=MS:1001911	SILAC light	NT=Lys-C;AC=MS:1001309	NT=Carbamidomethyl;AC=UNIMOD:4;TA=C;MT=Fixed	NT=Oxidation;AC=UNIMOD:35;TA=M;MT=Variable	NT=Acetyl;AC=UNIMOD:1;PP=Protein N-term;MT=Variable	NT=Data-dependent acquisition;AC=PRIDE:0000627	NT=beam-type collision-induced dissociation;AC=MS:1000422	NT=orbitrap;AC=MS:1000484	25 NCE	6 ppm	20 ppm	300m/z-1650m/z	NT=Dithiothreitol (DTT);AC=PRIDE:0000608	NT=Iodoacetamide (IAA);AC=PRIDE:0000599	NT=SDS PAGE;AC=PRIDE:0000568	2012-01-06	3	2	20120102_EXQ2_FB_SA_lysC_BSH_H_03.raw	v1.1.0	NT=ms-proteomics;VV=v1.1.0	NT=sdrf-skills;VV=v0.2.0	procyclic form
PXD000711-Sample-1	Trypanosoma brucei	not applicable	bloodstream form	MiTat 1.4	not applicable	whole organism	no depletion	1	20120102_EXQ2_FB_SA_lysC_BSH_H_04	proteomic profiling by mass spectrometry	NT=Q Exactive;AC=MS:1001911	SILAC heavy	NT=Lys-C;AC=MS:1001309	NT=Carbamidomethyl;AC=UNIMOD:4;TA=C;MT=Fixed	NT=Oxidation;AC=UNIMOD:35;TA=M;MT=Variable	NT=Acetyl;AC=UNIMOD:1;PP=Protein N-term;MT=Variable	NT=Data-dependent acquisition;AC=PRIDE:0000627	NT=beam-type collision-induced dissociation;AC=MS:1000422	NT=orbitrap;AC=MS:1000484	25 NCE	6 ppm	20 ppm	300m/z-1650m/z	NT=Dithiothreitol (DTT);AC=PRIDE:0000608	NT=Iodoacetamide (IAA);AC=PRIDE:0000599	NT=SDS PAGE;AC=PRIDE:0000568	2012-01-07	4	2	20120102_EXQ2_FB_SA_lysC_BSH_H_04.raw	v1.1.0	NT=ms-proteomics;VV=v1.1.0	NT=sdrf-skills;VV=v0.2.0	bloodstream form
PXD000711-Sample-2	Trypanosoma brucei	not applicable	procyclic form	MiTat 1.4	not applicable	whole organism	no depletion	1	20120102_EXQ2_FB_SA_lysC_BSH_H_04	proteomic profiling by mass spectrometry	NT=Q Exactive;AC=MS:1001911	SILAC light	NT=Lys-C;AC=MS:1001309	NT=Carbamidomethyl;AC=UNIMOD:4;TA=C;MT=Fixed	NT=Oxidation;AC=UNIMOD:35;TA=M;MT=Variable	NT=Acetyl;AC=UNIMOD:1;PP=Protein N-term;MT=Variable	NT=Data-dependent acquisition;AC=PRIDE:0000627	NT=beam-type collision-induced dissociation;AC=MS:1000422	NT=orbitrap;AC=MS:1000484	25 NCE	6 ppm	20 ppm	300m/z-1650m/z	NT=Dithiothreitol (DTT);AC=PRIDE:0000608	NT=Iodoacetamide (IAA);AC=PRIDE:0000599	NT=SDS PAGE;AC=PRIDE:0000568	2012-01-07	4	2	20120102_EXQ2_FB_SA_lysC_BSH_H_04.raw	v1.1.0	NT=ms-proteomics;VV=v1.1.0	NT=sdrf-skills;VV=v0.2.0	procyclic form
PXD000711-Sample-1	Trypanosoma brucei	not applicable	bloodstream form	MiTat 1.4	not applicable	whole organism	no depletion	1	20120102_EXQ2_FB_SA_lysC_BSH_H_05	proteomic profiling by mass spectrometry	NT=Q Exactive;AC=MS:1001911	SILAC heavy	NT=Lys-C;AC=MS:1001309	NT=Carbamidomethyl;AC=UNIMOD:4;TA=C;MT=Fixed	NT=Oxidation;AC=UNIMOD:35;TA=M;MT=Variable	NT=Acetyl;AC=UNIMOD:1;PP=Protein N-term;MT=Variable	NT=Data-dependent acquisition;AC=PRIDE:0000627	NT=beam-type collision-induced dissociation;AC=MS:1000422	NT=orbitrap;AC=MS:1000484	25 NCE	6 ppm	20 ppm	300m/z-1650m/z	NT=Dithiothreitol (DTT);AC=PRIDE:0000608	NT=Iodoacetamide (IAA);AC=PRIDE:0000599	NT=SDS PAGE;AC=PRIDE:0000568	2012-01-07	5	2	20120102_EXQ2_FB_SA_lysC_BSH_H_05.raw	v1.1.0	NT=ms-proteomics;VV=v1.1.0	NT=sdrf-skills;VV=v0.2.0	bloodstream form
PXD000711-Sample-2	Trypanosoma brucei	not applicable	procyclic form	MiTat 1.4	not applicable	whole organism	no depletion	1	20120102_EXQ2_FB_SA_lysC_BSH_H_05	proteomic profiling by mass spectrometry	NT=Q Exactive;AC=MS:1001911	SILAC light	NT=Lys-C;AC=MS:1001309	NT=Carbamidomethyl;AC=UNIMOD:4;TA=C;MT=Fixed	NT=Oxidation;AC=UNIMOD:35;TA=M;MT=Variable	NT=Acetyl;AC=UNIMOD:1;PP=Protein N-term;MT=Variable	NT=Data-dependent acquisition;AC=PRIDE:0000627	NT=beam-type collision-induced dissociation;AC=MS:1000422	NT=orbitrap;AC=MS:1000484	25 NCE	6 ppm	20 ppm	300m/z-1650m/z	NT=Dithiothreitol (DTT);AC=PRIDE:0000608	NT=Iodoacetamide (IAA);AC=PRIDE:0000599	NT=SDS PAGE;AC=PRIDE:0000568	2012-01-07	5	2	20120102_EXQ2_FB_SA_lysC_BSH_H_05.raw	v1.1.0	NT=ms-proteomics;VV=v1.1.0	NT=sdrf-skills;VV=v0.2.0	procyclic form
PXD000711-Sample-1	Trypanosoma brucei	not applicable	bloodstream form	MiTat 1.4	not applicable	whole organism	no depletion	1	20120102_EXQ2_FB_SA_lysC_BSH_H_06	proteomic profiling by mass spectrometry	NT=Q Exactive;AC=MS:1001911	SILAC heavy	NT=Lys-C;AC=MS:1001309	NT=Carbamidomethyl;AC=UNIMOD:4;TA=C;MT=Fixed	NT=Oxidation;AC=UNIMOD:35;TA=M;MT=Variable	NT=Acetyl;AC=UNIMOD:1;PP=Protein N-term;MT=Variable	NT=Data-dependent acquisition;AC=PRIDE:0000627	NT=beam-type collision-induced dissociation;AC=MS:1000422	NT=orbitrap;AC=MS:1000484	25 NCE	6 ppm	20 ppm	300m/z-1650m/z	NT=Dithiothreitol (DTT);AC=PRIDE:0000608	NT=Iodoacetamide (IAA);AC=PRIDE:0000599	NT=SDS PAGE;AC=PRIDE:0000568	2012-01-07	6	2	20120102_EXQ2_FB_SA_lysC_BSH_H_06.raw	v1.1.0	NT=ms-proteomics;VV=v1.1.0	NT=sdrf-skills;VV=v0.2.0	bloodstream form
PXD000711-Sample-2	Trypanosoma brucei	not applicable	procyclic form	MiTat 1.4	not applicable	whole organism	no depletion	1	20120102_EXQ2_FB_SA_lysC_BSH_H_06	proteomic profiling by mass spectrometry	NT=Q Exactive;AC=MS:1001911	SILAC light	NT=Lys-C;AC=MS:1001309	NT=Carbamidomethyl;AC=UNIMOD:4;TA=C;MT=Fixed	NT=Oxidation;AC=UNIMOD:35;TA=M;MT=Variable	NT=Acetyl;AC=UNIMOD:1;PP=Protein N-term;MT=Variable	NT=Data-dependent acquisition;AC=PRIDE:0000627	NT=beam-type collision-induced dissociation;AC=MS:1000422	NT=orbitrap;AC=MS:1000484	25 NCE	6 ppm	20 ppm	300m/z-1650m/z	NT=Dithiothreitol (DTT);AC=PRIDE:0000608	NT=Iodoacetamide (IAA);AC=PRIDE:0000599	NT=SDS PAGE;AC=PRIDE:0000568	2012-01-07	6	2	20120102_EXQ2_FB_SA_lysC_BSH_H_06.raw	v1.1.0	NT=ms-proteomics;VV=v1.1.0	NT=sdrf-skills;VV=v0.2.0	procyclic form
PXD000711-Sample-1	Trypanosoma brucei	not applicable	bloodstream form	MiTat 1.4	not applicable	whole organism	no depletion	1	20120102_EXQ2_FB_SA_lysC_BSH_H_07	proteomic profiling by mass spectrometry	NT=Q Exactive;AC=MS:1001911	SILAC heavy	NT=Lys-C;AC=MS:1001309	NT=Carbamidomethyl;AC=UNIMOD:4;TA=C;MT=Fixed	NT=Oxidation;AC=UNIMOD:35;TA=M;MT=Variable	NT=Acetyl;AC=UNIMOD:1;PP=Protein N-term;MT=Variable	NT=Data-dependent acquisition;AC=PRIDE:0000627	NT=beam-type collision-induced dissociation;AC=MS:1000422	NT=orbitrap;AC=MS:1000484	25 NCE	6 ppm	20 ppm	300m/z-1650m/z	NT=Dithiothreitol (DTT);AC=PRIDE:0000608	NT=Iodoacetamide (IAA);AC=PRIDE:0000599	NT=SDS PAGE;AC=PRIDE:0000568	2012-01-07	7	2	20120102_EXQ2_FB_SA_lysC_BSH_H_07.raw	v1.1.0	NT=ms-proteomics;VV=v1.1.0	NT=sdrf-skills;VV=v0.2.0	bloodstream form
PXD000711-Sample-2	Trypanosoma brucei	not applicable	procyclic form	MiTat 1.4	not applicable	whole organism	no depletion	1	20120102_EXQ2_FB_SA_lysC_BSH_H_07	proteomic profiling by mass spectrometry	NT=Q Exactive;AC=MS:1001911	SILAC light	NT=Lys-C;AC=MS:1001309	NT=Carbamidomethyl;AC=UNIMOD:4;TA=C;MT=Fixed	NT=Oxidation;AC=UNIMOD:35;TA=M;MT=Variable	NT=Acetyl;AC=UNIMOD:1;PP=Protein N-term;MT=Variable	NT=Data-dependent acquisition;AC=PRIDE:0000627	NT=beam-type collision-induced dissociation;AC=MS:1000422	NT=orbitrap;AC=MS:1000484	25 NCE	6 ppm	20 ppm	300m/z-1650m/z	NT=Dithiothreitol (DTT);AC=PRIDE:0000608	NT=Iodoacetamide (IAA);AC=PRIDE:0000599	NT=SDS PAGE;AC=PRIDE:0000568	2012-01-07	7	2	20120102_EXQ2_FB_SA_lysC_BSH_H_07.raw	v1.1.0	NT=ms-proteomics;VV=v1.1.0	NT=sdrf-skills;VV=v0.2.0	procyclic form
PXD000711-Sample-1	Trypanosoma brucei	not applicable	bloodstream form	MiTat 1.4	not applicable	whole organism	no depletion	1	20120102_EXQ2_FB_SA_lysC_BSH_H_08	proteomic profiling by mass spectrometry	NT=Q Exactive;AC=MS:1001911	SILAC heavy	NT=Lys-C;AC=MS:1001309	NT=Carbamidomethyl;AC=UNIMOD:4;TA=C;MT=Fixed	NT=Oxidation;AC=UNIMOD:35;TA=M;MT=Variable	NT=Acetyl;AC=UNIMOD:1;PP=Protein N-term;MT=Variable	NT=Data-dependent acquisition;AC=PRIDE:0000627	NT=beam-type collision-induced dissociation;AC=MS:1000422	NT=orbitrap;AC=MS:1000484	25 NCE	6 ppm	20 ppm	300m/z-1650m/z	NT=Dithiothreitol (DTT);AC=PRIDE:0000608	NT=Iodoacetamide (IAA);AC=PRIDE:0000599	NT=SDS PAGE;AC=PRIDE:0000568	2012-01-07	8	2	20120102_EXQ2_FB_SA_lysC_BSH_H_08.raw	v1.1.0	NT=ms-proteomics;VV=v1.1.0	NT=sdrf-skills;VV=v0.2.0	bloodstream form
PXD000711-Sample-2	Trypanosoma brucei	not applicable	procyclic form	MiTat 1.4	not applicable	whole organism	no depletion	1	20120102_EXQ2_FB_SA_lysC_BSH_H_08	proteomic profiling by mass spectrometry	NT=Q Exactive;AC=MS:1001911	SILAC light	NT=Lys-C;AC=MS:1001309	NT=Carbamidomethyl;AC=UNIMOD:4;TA=C;MT=Fixed	NT=Oxidation;AC=UNIMOD:35;TA=M;MT=Variable	NT=Acetyl;AC=UNIMOD:1;PP=Protein N-term;MT=Variable	NT=Data-dependent acquisition;AC=PRIDE:0000627	NT=beam-type collision-induced dissociation;AC=MS:1000422	NT=orbitrap;AC=MS:1000484	25 NCE	6 ppm	20 ppm	300m/z-1650m/z	NT=Dithiothreitol (DTT);AC=PRIDE:0000608	NT=Iodoacetamide (IAA);AC=PRIDE:0000599	NT=SDS PAGE;AC=PRIDE:0000568	2012-01-07	8	2	20120102_EXQ2_FB_SA_lysC_BSH_H_08.raw	v1.1.0	NT=ms-proteomics;VV=v1.1.0	NT=sdrf-skills;VV=v0.2.0	procyclic form
PXD000711-Sample-1	Trypanosoma brucei	not applicable	bloodstream form	MiTat 1.4	not applicable	whole organism	no depletion	1	20120102_EXQ2_FB_SA_lysC_BSH_H_09	proteomic profiling by mass spectrometry	NT=Q Exactive;AC=MS:1001911	SILAC heavy	NT=Lys-C;AC=MS:1001309	NT=Carbamidomethyl;AC=UNIMOD:4;TA=C;MT=Fixed	NT=Oxidation;AC=UNIMOD:35;TA=M;MT=Variable	NT=Acetyl;AC=UNIMOD:1;PP=Protein N-term;MT=Variable	NT=Data-dependent acquisition;AC=PRIDE:0000627	NT=beam-type collision-induced dissociation;AC=MS:1000422	NT=orbitrap;AC=MS:1000484	25 NCE	6 ppm	20 ppm	300m/z-1650m/z	NT=Dithiothreitol (DTT);AC=PRIDE:0000608	NT=Iodoacetamide (IAA);AC=PRIDE:0000599	NT=SDS PAGE;AC=PRIDE:0000568	2012-01-07	9	2	20120102_EXQ2_FB_SA_lysC_BSH_H_09.raw	v1.1.0	NT=ms-proteomics;VV=v1.1.0	NT=sdrf-skills;VV=v0.2.0	bloodstream form
PXD000711-Sample-2	Trypanosoma brucei	not applicable	procyclic form	MiTat 1.4	not applicable	whole organism	no depletion	1	20120102_EXQ2_FB_SA_lysC_BSH_H_09	proteomic profiling by mass spectrometry	NT=Q Exactive;AC=MS:1001911	SILAC light	NT=Lys-C;AC=MS:1001309	NT=Carbamidomethyl;AC=UNIMOD:4;TA=C;MT=Fixed	NT=Oxidation;AC=UNIMOD:35;TA=M;MT=Variable	NT=Acetyl;AC=UNIMOD:1;PP=Protein N-term;MT=Variable	NT=Data-dependent acquisition;AC=PRIDE:0000627	NT=beam-type collision-induced dissociation;AC=MS:1000422	NT=orbitrap;AC=MS:1000484	25 NCE	6 ppm	20 ppm	300m/z-1650m/z	NT=Dithiothreitol (DTT);AC=PRIDE:0000608	NT=Iodoacetamide (IAA);AC=PRIDE:0000599	NT=SDS PAGE;AC=PRIDE:0000568	2012-01-07	9	2	20120102_EXQ2_FB_SA_lysC_BSH_H_09.raw	v1.1.0	NT=ms-proteomics;VV=v1.1.0	NT=sdrf-skills;VV=v0.2.0	procyclic form
PXD000711-Sample-1	Trypanosoma brucei	not applicable	bloodstream form	MiTat 1.4	not applicable	whole organism	no depletion	1	20120102_EXQ2_FB_SA_lysC_BSH_H_10	proteomic profiling by mass spectrometry	NT=Q Exactive;AC=MS:1001911	SILAC heavy	NT=Lys-C;AC=MS:1001309	NT=Carbamidomethyl;AC=UNIMOD:4;TA=C;MT=Fixed	NT=Oxidation;AC=UNIMOD:35;TA=M;MT=Variable	NT=Acetyl;AC=UNIMOD:1;PP=Protein N-term;MT=Variable	NT=Data-dependent acquisition;AC=PRIDE:0000627	NT=beam-type collision-induced dissociation;AC=MS:1000422	NT=orbitrap;AC=MS:1000484	25 NCE	6 ppm	20 ppm	300m/z-1650m/z	NT=Dithiothreitol (DTT);AC=PRIDE:0000608	NT=Iodoacetamide (IAA);AC=PRIDE:0000599	NT=SDS PAGE;AC=PRIDE:0000568	2012-01-07	10	2	20120102_EXQ2_FB_SA_lysC_BSH_H_10.raw	v1.1.0	NT=ms-proteomics;VV=v1.1.0	NT=sdrf-skills;VV=v0.2.0	bloodstream form
PXD000711-Sample-2	Trypanosoma brucei	not applicable	procyclic form	MiTat 1.4	not applicable	whole organism	no depletion	1	20120102_EXQ2_FB_SA_lysC_BSH_H_10	proteomic profiling by mass spectrometry	NT=Q Exactive;AC=MS:1001911	SILAC light	NT=Lys-C;AC=MS:1001309	NT=Carbamidomethyl;AC=UNIMOD:4;TA=C;MT=Fixed	NT=Oxidation;AC=UNIMOD:35;TA=M;MT=Variable	NT=Acetyl;AC=UNIMOD:1;PP=Protein N-term;MT=Variable	NT=Data-dependent acquisition;AC=PRIDE:0000627	NT=beam-type collision-induced dissociation;AC=MS:1000422	NT=orbitrap;AC=MS:1000484	25 NCE	6 ppm	20 ppm	300m/z-1650m/z	NT=Dithiothreitol (DTT);AC=PRIDE:0000608	NT=Iodoacetamide (IAA);AC=PRIDE:0000599	NT=SDS PAGE;AC=PRIDE:0000568	2012-01-07	10	2	20120102_EXQ2_FB_SA_lysC_BSH_H_10.raw	v1.1.0	NT=ms-proteomics;VV=v1.1.0	NT=sdrf-skills;VV=v0.2.0	procyclic form
PXD000711-Sample-1	Trypanosoma brucei	not applicable	bloodstream form	MiTat 1.4	not applicable	whole organism	no depletion	1	20120102_EXQ2_FB_SA_lysC_BSH_H_11	proteomic profiling by mass spectrometry	NT=Q Exactive;AC=MS:1001911	SILAC heavy	NT=Lys-C;AC=MS:1001309	NT=Carbamidomethyl;AC=UNIMOD:4;TA=C;MT=Fixed	NT=Oxidation;AC=UNIMOD:35;TA=M;MT=Variable	NT=Acetyl;AC=UNIMOD:1;PP=Protein N-term;MT=Variable	NT=Data-dependent acquisition;AC=PRIDE:0000627	NT=beam-type collision-induced dissociation;AC=MS:1000422	NT=orbitrap;AC=MS:1000484	25 NCE	6 ppm	20 ppm	300m/z-1650m/z	NT=Dithiothreitol (DTT);AC=PRIDE:0000608	NT=Iodoacetamide (IAA);AC=PRIDE:0000599	NT=SDS PAGE;AC=PRIDE:0000568	2012-01-07	11	2	20120102_EXQ2_FB_SA_lysC_BSH_H_11.raw	v1.1.0	NT=ms-proteomics;VV=v1.1.0	NT=sdrf-skills;VV=v0.2.0	bloodstream form
PXD000711-Sample-2	Trypanosoma brucei	not applicable	procyclic form	MiTat 1.4	not applicable	whole organism	no depletion	1	20120102_EXQ2_FB_SA_lysC_BSH_H_11	proteomic profiling by mass spectrometry	NT=Q Exactive;AC=MS:1001911	SILAC light	NT=Lys-C;AC=MS:1001309	NT=Carbamidomethyl;AC=UNIMOD:4;TA=C;MT=Fixed	NT=Oxidation;AC=UNIMOD:35;TA=M;MT=Variable	NT=Acetyl;AC=UNIMOD:1;PP=Protein N-term;MT=Variable	NT=Data-dependent acquisition;AC=PRIDE:0000627	NT=beam-type collision-induced dissociation;AC=MS:1000422	NT=orbitrap;AC=MS:1000484	25 NCE	6 ppm	20 ppm	300m/z-1650m/z	NT=Dithiothreitol (DTT);AC=PRIDE:0000608	NT=Iodoacetamide (IAA);AC=PRIDE:0000599	NT=SDS PAGE;AC=PRIDE:0000568	2012-01-07	11	2	20120102_EXQ2_FB_SA_lysC_BSH_H_11.raw	v1.1.0	NT=ms-proteomics;VV=v1.1.0	NT=sdrf-skills;VV=v0.2.0	procyclic form
PXD000711-Sample-1	Trypanosoma brucei	not applicable	bloodstream form	MiTat 1.4	not applicable	whole organism	no depletion	1	20120102_EXQ2_FB_SA_lysC_BSH_H_12	proteomic profiling by mass spectrometry	NT=Q Exactive;AC=MS:1001911	SILAC heavy	NT=Lys-C;AC=MS:1001309	NT=Carbamidomethyl;AC=UNIMOD:4;TA=C;MT=Fixed	NT=Oxidation;AC=UNIMOD:35;TA=M;MT=Variable	NT=Acetyl;AC=UNIMOD:1;PP=Protein N-term;MT=Variable	NT=Data-dependent acquisition;AC=PRIDE:0000627	NT=beam-type collision-induced dissociation;AC=MS:1000422	NT=orbitrap;AC=MS:1000484	25 NCE	6 ppm	20 ppm	300m/z-1650m/z	NT=Dithiothreitol (DTT);AC=PRIDE:0000608	NT=Iodoacetamide (IAA);AC=PRIDE:0000599	NT=SDS PAGE;AC=PRIDE:0000568	2012-01-08	12	2	20120102_EXQ2_FB_SA_lysC_BSH_H_12.raw	v1.1.0	NT=ms-proteomics;VV=v1.1.0	NT=sdrf-skills;VV=v0.2.0	bloodstream form
PXD000711-Sample-2	Trypanosoma brucei	not applicable	procyclic form	MiTat 1.4	not applicable	whole organism	no depletion	1	20120102_EXQ2_FB_SA_lysC_BSH_H_12	proteomic profiling by mass spectrometry	NT=Q Exactive;AC=MS:1001911	SILAC light	NT=Lys-C;AC=MS:1001309	NT=Carbamidomethyl;AC=UNIMOD:4;TA=C;MT=Fixed	NT=Oxidation;AC=UNIMOD:35;TA=M;MT=Variable	NT=Acetyl;AC=UNIMOD:1;PP=Protein N-term;MT=Variable	NT=Data-dependent acquisition;AC=PRIDE:0000627	NT=beam-type collision-induced dissociation;AC=MS:1000422	NT=orbitrap;AC=MS:1000484	25 NCE	6 ppm	20 ppm	300m/z-1650m/z	NT=Dithiothreitol (DTT);AC=PRIDE:0000608	NT=Iodoacetamide (IAA);AC=PRIDE:0000599	NT=SDS PAGE;AC=PRIDE:0000568	2012-01-08	12	2	20120102_EXQ2_FB_SA_lysC_BSH_H_12.raw	v1.1.0	NT=ms-proteomics;VV=v1.1.0	NT=sdrf-skills;VV=v0.2.0	procyclic form
PXD000711-Sample-4	Trypanosoma brucei	not applicable	procyclic form	MiTat 1.4	not applicable	whole organism	no depletion	2	20111014_Orbi6_FB_tryp_proteome_K_13	proteomic profiling by mass spectrometry	NT=LTQ Orbitrap XL;AC=MS:1000556	SILAC heavy	NT=Lys-C;AC=MS:1001309	NT=Carbamidomethyl;AC=UNIMOD:4;TA=C;MT=Fixed	NT=Oxidation;AC=UNIMOD:35;TA=M;MT=Variable	NT=Acetyl;AC=UNIMOD:1;PP=Protein N-term;MT=Variable	NT=Data-dependent acquisition;AC=PRIDE:0000627	NT=collision-induced dissociation;AC=MS:1000133	NT=ion trap;AC=MS:1000264	35 NCE	6 ppm	0.5 Da	300m/z-1650m/z	NT=Dithiothreitol (DTT);AC=PRIDE:0000608	NT=Iodoacetamide (IAA);AC=PRIDE:0000599	NT=SDS PAGE;AC=PRIDE:0000568	2011-10-16	1	1	20111014_Orbi6_FB_tryp_proteome_K_13.RAW	v1.1.0	NT=ms-proteomics;VV=v1.1.0	NT=sdrf-skills;VV=v0.2.0	procyclic form
PXD000711-Sample-3	Trypanosoma brucei	not applicable	bloodstream form	MiTat 1.4	not applicable	whole organism	no depletion	2	20111014_Orbi6_FB_tryp_proteome_K_13	proteomic profiling by mass spectrometry	NT=LTQ Orbitrap XL;AC=MS:1000556	SILAC light	NT=Lys-C;AC=MS:1001309	NT=Carbamidomethyl;AC=UNIMOD:4;TA=C;MT=Fixed	NT=Oxidation;AC=UNIMOD:35;TA=M;MT=Variable	NT=Acetyl;AC=UNIMOD:1;PP=Protein N-term;MT=Variable	NT=Data-dependent acquisition;AC=PRIDE:0000627	NT=collision-induced dissociation;AC=MS:1000133	NT=ion trap;AC=MS:1000264	35 NCE	6 ppm	0.5 Da	300m/z-1650m/z	NT=Dithiothreitol (DTT);AC=PRIDE:0000608	NT=Iodoacetamide (IAA);AC=PRIDE:0000599	NT=SDS PAGE;AC=PRIDE:0000568	2011-10-16	1	1	20111014_Orbi6_FB_tryp_proteome_K_13.RAW	v1.1.0	NT=ms-proteomics;VV=v1.1.0	NT=sdrf-skills;VV=v0.2.0	bloodstream form
PXD000711-Sample-4	Trypanosoma brucei	not applicable	procyclic form	MiTat 1.4	not applicable	whole organism	no depletion	2	20111014_Orbi6_FB_tryp_proteome_K_14	proteomic profiling by mass spectrometry	NT=LTQ Orbitrap XL;AC=MS:1000556	SILAC heavy	NT=Lys-C;AC=MS:1001309	NT=Carbamidomethyl;AC=UNIMOD:4;TA=C;MT=Fixed	NT=Oxidation;AC=UNIMOD:35;TA=M;MT=Variable	NT=Acetyl;AC=UNIMOD:1;PP=Protein N-term;MT=Variable	NT=Data-dependent acquisition;AC=PRIDE:0000627	NT=collision-induced dissociation;AC=MS:1000133	NT=ion trap;AC=MS:1000264	35 NCE	6 ppm	0.5 Da	300m/z-1650m/z	NT=Dithiothreitol (DTT);AC=PRIDE:0000608	NT=Iodoacetamide (IAA);AC=PRIDE:0000599	NT=SDS PAGE;AC=PRIDE:0000568	2011-10-16	2	1	20111014_Orbi6_FB_tryp_proteome_K_14.RAW	v1.1.0	NT=ms-proteomics;VV=v1.1.0	NT=sdrf-skills;VV=v0.2.0	procyclic form
PXD000711-Sample-3	Trypanosoma brucei	not applicable	bloodstream form	MiTat 1.4	not applicable	whole organism	no depletion	2	20111014_Orbi6_FB_tryp_proteome_K_14	proteomic profiling by mass spectrometry	NT=LTQ Orbitrap XL;AC=MS:1000556	SILAC light	NT=Lys-C;AC=MS:1001309	NT=Carbamidomethyl;AC=UNIMOD:4;TA=C;MT=Fixed	NT=Oxidation;AC=UNIMOD:35;TA=M;MT=Variable	NT=Acetyl;AC=UNIMOD:1;PP=Protein N-term;MT=Variable	NT=Data-dependent acquisition;AC=PRIDE:0000627	NT=collision-induced dissociation;AC=MS:1000133	NT=ion trap;AC=MS:1000264	35 NCE	6 ppm	0.5 Da	300m/z-1650m/z	NT=Dithiothreitol (DTT);AC=PRIDE:0000608	NT=Iodoacetamide (IAA);AC=PRIDE:0000599	NT=SDS PAGE;AC=PRIDE:0000568	2011-10-16	2	1	20111014_Orbi6_FB_tryp_proteome_K_14.RAW	v1.1.0	NT=ms-proteomics;VV=v1.1.0	NT=sdrf-skills;VV=v0.2.0	bloodstream form
PXD000711-Sample-4	Trypanosoma brucei	not applicable	procyclic form	MiTat 1.4	not applicable	whole organism	no depletion	2	20111014_Orbi6_FB_tryp_proteome_K_15	proteomic profiling by mass spectrometry	NT=LTQ Orbitrap XL;AC=MS:1000556	SILAC heavy	NT=Lys-C;AC=MS:1001309	NT=Carbamidomethyl;AC=UNIMOD:4;TA=C;MT=Fixed	NT=Oxidation;AC=UNIMOD:35;TA=M;MT=Variable	NT=Acetyl;AC=UNIMOD:1;PP=Protein N-term;MT=Variable	NT=Data-dependent acquisition;AC=PRIDE:0000627	NT=collision-induced dissociation;AC=MS:1000133	NT=ion trap;AC=MS:1000264	35 NCE	6 ppm	0.5 Da	300m/z-1650m/z	NT=Dithiothreitol (DTT);AC=PRIDE:0000608	NT=Iodoacetamide (IAA);AC=PRIDE:0000599	NT=SDS PAGE;AC=PRIDE:0000568	2011-10-16	3	1	20111014_Orbi6_FB_tryp_proteome_K_15.RAW	v1.1.0	NT=ms-proteomics;VV=v1.1.0	NT=sdrf-skills;VV=v0.2.0	procyclic form
PXD000711-Sample-3	Trypanosoma brucei	not applicable	bloodstream form	MiTat 1.4	not applicable	whole organism	no depletion	2	20111014_Orbi6_FB_tryp_proteome_K_15	proteomic profiling by mass spectrometry	NT=LTQ Orbitrap XL;AC=MS:1000556	SILAC light	NT=Lys-C;AC=MS:1001309	NT=Carbamidomethyl;AC=UNIMOD:4;TA=C;MT=Fixed	NT=Oxidation;AC=UNIMOD:35;TA=M;MT=Variable	NT=Acetyl;AC=UNIMOD:1;PP=Protein N-term;MT=Variable	NT=Data-dependent acquisition;AC=PRIDE:0000627	NT=collision-induced dissociation;AC=MS:1000133	NT=ion trap;AC=MS:1000264	35 NCE	6 ppm	0.5 Da	300m/z-1650m/z	NT=Dithiothreitol (DTT);AC=PRIDE:0000608	NT=Iodoacetamide (IAA);AC=PRIDE:0000599	NT=SDS PAGE;AC=PRIDE:0000568	2011-10-16	3	1	20111014_Orbi6_FB_tryp_proteome_K_15.RAW	v1.1.0	NT=ms-proteomics;VV=v1.1.0	NT=sdrf-skills;VV=v0.2.0	bloodstream form
PXD000711-Sample-4	Trypanosoma brucei	not applicable	procyclic form	MiTat 1.4	not applicable	whole organism	no depletion	2	20111014_Orbi6_FB_tryp_proteome_K_16	proteomic profiling by mass spectrometry	NT=LTQ Orbitrap XL;AC=MS:1000556	SILAC heavy	NT=Lys-C;AC=MS:1001309	NT=Carbamidomethyl;AC=UNIMOD:4;TA=C;MT=Fixed	NT=Oxidation;AC=UNIMOD:35;TA=M;MT=Variable	NT=Acetyl;AC=UNIMOD:1;PP=Protein N-term;MT=Variable	NT=Data-dependent acquisition;AC=PRIDE:0000627	NT=collision-induced dissociation;AC=MS:1000133	NT=ion trap;AC=MS:1000264	35 NCE	6 ppm	0.5 Da	300m/z-1650m/z	NT=Dithiothreitol (DTT);AC=PRIDE:0000608	NT=Iodoacetamide (IAA);AC=PRIDE:0000599	NT=SDS PAGE;AC=PRIDE:0000568	2011-10-16	4	1	20111014_Orbi6_FB_tryp_proteome_K_16.RAW	v1.1.0	NT=ms-proteomics;VV=v1.1.0	NT=sdrf-skills;VV=v0.2.0	procyclic form
PXD000711-Sample-3	Trypanosoma brucei	not applicable	bloodstream form	MiTat 1.4	not applicable	whole organism	no depletion	2	20111014_Orbi6_FB_tryp_proteome_K_16	proteomic profiling by mass spectrometry	NT=LTQ Orbitrap XL;AC=MS:1000556	SILAC light	NT=Lys-C;AC=MS:1001309	NT=Carbamidomethyl;AC=UNIMOD:4;TA=C;MT=Fixed	NT=Oxidation;AC=UNIMOD:35;TA=M;MT=Variable	NT=Acetyl;AC=UNIMOD:1;PP=Protein N-term;MT=Variable	NT=Data-dependent acquisition;AC=PRIDE:0000627	NT=collision-induced dissociation;AC=MS:1000133	NT=ion trap;AC=MS:1000264	35 NCE	6 ppm	0.5 Da	300m/z-1650m/z	NT=Dithiothreitol (DTT);AC=PRIDE:0000608	NT=Iodoacetamide (IAA);AC=PRIDE:0000599	NT=SDS PAGE;AC=PRIDE:0000568	2011-10-16	4	1	20111014_Orbi6_FB_tryp_proteome_K_16.RAW	v1.1.0	NT=ms-proteomics;VV=v1.1.0	NT=sdrf-skills;VV=v0.2.0	bloodstream form
PXD000711-Sample-4	Trypanosoma brucei	not applicable	procyclic form	MiTat 1.4	not applicable	whole organism	no depletion	2	20111014_Orbi6_FB_tryp_proteome_K_17	proteomic profiling by mass spectrometry	NT=LTQ Orbitrap XL;AC=MS:1000556	SILAC heavy	NT=Lys-C;AC=MS:1001309	NT=Carbamidomethyl;AC=UNIMOD:4;TA=C;MT=Fixed	NT=Oxidation;AC=UNIMOD:35;TA=M;MT=Variable	NT=Acetyl;AC=UNIMOD:1;PP=Protein N-term;MT=Variable	NT=Data-dependent acquisition;AC=PRIDE:0000627	NT=collision-induced dissociation;AC=MS:1000133	NT=ion trap;AC=MS:1000264	35 NCE	6 ppm	0.5 Da	300m/z-1650m/z	NT=Dithiothreitol (DTT);AC=PRIDE:0000608	NT=Iodoacetamide (IAA);AC=PRIDE:0000599	NT=SDS PAGE;AC=PRIDE:0000568	2011-10-17	5	1	20111014_Orbi6_FB_tryp_proteome_K_17.RAW	v1.1.0	NT=ms-proteomics;VV=v1.1.0	NT=sdrf-skills;VV=v0.2.0	procyclic form
PXD000711-Sample-3	Trypanosoma brucei	not applicable	bloodstream form	MiTat 1.4	not applicable	whole organism	no depletion	2	20111014_Orbi6_FB_tryp_proteome_K_17	proteomic profiling by mass spectrometry	NT=LTQ Orbitrap XL;AC=MS:1000556	SILAC light	NT=Lys-C;AC=MS:1001309	NT=Carbamidomethyl;AC=UNIMOD:4;TA=C;MT=Fixed	NT=Oxidation;AC=UNIMOD:35;TA=M;MT=Variable	NT=Acetyl;AC=UNIMOD:1;PP=Protein N-term;MT=Variable	NT=Data-dependent acquisition;AC=PRIDE:0000627	NT=collision-induced dissociation;AC=MS:1000133	NT=ion trap;AC=MS:1000264	35 NCE	6 ppm	0.5 Da	300m/z-1650m/z	NT=Dithiothreitol (DTT);AC=PRIDE:0000608	NT=Iodoacetamide (IAA);AC=PRIDE:0000599	NT=SDS PAGE;AC=PRIDE:0000568	2011-10-17	5	1	20111014_Orbi6_FB_tryp_proteome_K_17.RAW	v1.1.0	NT=ms-proteomics;VV=v1.1.0	NT=sdrf-skills;VV=v0.2.0	bloodstream form
PXD000711-Sample-4	Trypanosoma brucei	not applicable	procyclic form	MiTat 1.4	not applicable	whole organism	no depletion	2	20111014_Orbi6_FB_tryp_proteome_K_18	proteomic profiling by mass spectrometry	NT=LTQ Orbitrap XL;AC=MS:1000556	SILAC heavy	NT=Lys-C;AC=MS:1001309	NT=Carbamidomethyl;AC=UNIMOD:4;TA=C;MT=Fixed	NT=Oxidation;AC=UNIMOD:35;TA=M;MT=Variable	NT=Acetyl;AC=UNIMOD:1;PP=Protein N-term;MT=Variable	NT=Data-dependent acquisition;AC=PRIDE:0000627	NT=collision-induced dissociation;AC=MS:1000133	NT=ion trap;AC=MS:1000264	35 NCE	6 ppm	0.5 Da	300m/z-1650m/z	NT=Dithiothreitol (DTT);AC=PRIDE:0000608	NT=Iodoacetamide (IAA);AC=PRIDE:0000599	NT=SDS PAGE;AC=PRIDE:0000568	2011-10-17	6	1	20111014_Orbi6_FB_tryp_proteome_K_18.RAW	v1.1.0	NT=ms-proteomics;VV=v1.1.0	NT=sdrf-skills;VV=v0.2.0	procyclic form
PXD000711-Sample-3	Trypanosoma brucei	not applicable	bloodstream form	MiTat 1.4	not applicable	whole organism	no depletion	2	20111014_Orbi6_FB_tryp_proteome_K_18	proteomic profiling by mass spectrometry	NT=LTQ Orbitrap XL;AC=MS:1000556	SILAC light	NT=Lys-C;AC=MS:1001309	NT=Carbamidomethyl;AC=UNIMOD:4;TA=C;MT=Fixed	NT=Oxidation;AC=UNIMOD:35;TA=M;MT=Variable	NT=Acetyl;AC=UNIMOD:1;PP=Protein N-term;MT=Variable	NT=Data-dependent acquisition;AC=PRIDE:0000627	NT=collision-induced dissociation;AC=MS:1000133	NT=ion trap;AC=MS:1000264	35 NCE	6 ppm	0.5 Da	300m/z-1650m/z	NT=Dithiothreitol (DTT);AC=PRIDE:0000608	NT=Iodoacetamide (IAA);AC=PRIDE:0000599	NT=SDS PAGE;AC=PRIDE:0000568	2011-10-17	6	1	20111014_Orbi6_FB_tryp_proteome_K_18.RAW	v1.1.0	NT=ms-proteomics;VV=v1.1.0	NT=sdrf-skills;VV=v0.2.0	bloodstream form
PXD000711-Sample-4	Trypanosoma brucei	not applicable	procyclic form	MiTat 1.4	not applicable	whole organism	no depletion	2	20111014_Orbi6_FB_tryp_proteome_K_19	proteomic profiling by mass spectrometry	NT=LTQ Orbitrap XL;AC=MS:1000556	SILAC heavy	NT=Lys-C;AC=MS:1001309	NT=Carbamidomethyl;AC=UNIMOD:4;TA=C;MT=Fixed	NT=Oxidation;AC=UNIMOD:35;TA=M;MT=Variable	NT=Acetyl;AC=UNIMOD:1;PP=Protein N-term;MT=Variable	NT=Data-dependent acquisition;AC=PRIDE:0000627	NT=collision-induced dissociation;AC=MS:1000133	NT=ion trap;AC=MS:1000264	35 NCE	6 ppm	0.5 Da	300m/z-1650m/z	NT=Dithiothreitol (DTT);AC=PRIDE:0000608	NT=Iodoacetamide (IAA);AC=PRIDE:0000599	NT=SDS PAGE;AC=PRIDE:0000568	2011-10-17	7	1	20111014_Orbi6_FB_tryp_proteome_K_19.RAW	v1.1.0	NT=ms-proteomics;VV=v1.1.0	NT=sdrf-skills;VV=v0.2.0	procyclic form
PXD000711-Sample-3	Trypanosoma brucei	not applicable	bloodstream form	MiTat 1.4	not applicable	whole organism	no depletion	2	20111014_Orbi6_FB_tryp_proteome_K_19	proteomic profiling by mass spectrometry	NT=LTQ Orbitrap XL;AC=MS:1000556	SILAC light	NT=Lys-C;AC=MS:1001309	NT=Carbamidomethyl;AC=UNIMOD:4;TA=C;MT=Fixed	NT=Oxidation;AC=UNIMOD:35;TA=M;MT=Variable	NT=Acetyl;AC=UNIMOD:1;PP=Protein N-term;MT=Variable	NT=Data-dependent acquisition;AC=PRIDE:0000627	NT=collision-induced dissociation;AC=MS:1000133	NT=ion trap;AC=MS:1000264	35 NCE	6 ppm	0.5 Da	300m/z-1650m/z	NT=Dithiothreitol (DTT);AC=PRIDE:0000608	NT=Iodoacetamide (IAA);AC=PRIDE:0000599	NT=SDS PAGE;AC=PRIDE:0000568	2011-10-17	7	1	20111014_Orbi6_FB_tryp_proteome_K_19.RAW	v1.1.0	NT=ms-proteomics;VV=v1.1.0	NT=sdrf-skills;VV=v0.2.0	bloodstream form
PXD000711-Sample-4	Trypanosoma brucei	not applicable	procyclic form	MiTat 1.4	not applicable	whole organism	no depletion	2	20111014_Orbi6_FB_tryp_proteome_K_20	proteomic profiling by mass spectrometry	NT=LTQ Orbitrap XL;AC=MS:1000556	SILAC heavy	NT=Lys-C;AC=MS:1001309	NT=Carbamidomethyl;AC=UNIMOD:4;TA=C;MT=Fixed	NT=Oxidation;AC=UNIMOD:35;TA=M;MT=Variable	NT=Acetyl;AC=UNIMOD:1;PP=Protein N-term;MT=Variable	NT=Data-dependent acquisition;AC=PRIDE:0000627	NT=collision-induced dissociation;AC=MS:1000133	NT=ion trap;AC=MS:1000264	35 NCE	6 ppm	0.5 Da	300m/z-1650m/z	NT=Dithiothreitol (DTT);AC=PRIDE:0000608	NT=Iodoacetamide (IAA);AC=PRIDE:0000599	NT=SDS PAGE;AC=PRIDE:0000568	2011-10-17	8	1	20111014_Orbi6_FB_tryp_proteome_K_20.RAW	v1.1.0	NT=ms-proteomics;VV=v1.1.0	NT=sdrf-skills;VV=v0.2.0	procyclic form
PXD000711-Sample-3	Trypanosoma brucei	not applicable	bloodstream form	MiTat 1.4	not applicable	whole organism	no depletion	2	20111014_Orbi6_FB_tryp_proteome_K_20	proteomic profiling by mass spectrometry	NT=LTQ Orbitrap XL;AC=MS:1000556	SILAC light	NT=Lys-C;AC=MS:1001309	NT=Carbamidomethyl;AC=UNIMOD:4;TA=C;MT=Fixed	NT=Oxidation;AC=UNIMOD:35;TA=M;MT=Variable	NT=Acetyl;AC=UNIMOD:1;PP=Protein N-term;MT=Variable	NT=Data-dependent acquisition;AC=PRIDE:0000627	NT=collision-induced dissociation;AC=MS:1000133	NT=ion trap;AC=MS:1000264	35 NCE	6 ppm	0.5 Da	300m/z-1650m/z	NT=Dithiothreitol (DTT);AC=PRIDE:0000608	NT=Iodoacetamide (IAA);AC=PRIDE:0000599	NT=SDS PAGE;AC=PRIDE:0000568	2011-10-17	8	1	20111014_Orbi6_FB_tryp_proteome_K_20.RAW	v1.1.0	NT=ms-proteomics;VV=v1.1.0	NT=sdrf-skills;VV=v0.2.0	bloodstream form
PXD000711-Sample-4	Trypanosoma brucei	not applicable	procyclic form	MiTat 1.4	not applicable	whole organism	no depletion	2	20111014_Orbi6_FB_tryp_proteome_K_21	proteomic profiling by mass spectrometry	NT=LTQ Orbitrap XL;AC=MS:1000556	SILAC heavy	NT=Lys-C;AC=MS:1001309	NT=Carbamidomethyl;AC=UNIMOD:4;TA=C;MT=Fixed	NT=Oxidation;AC=UNIMOD:35;TA=M;MT=Variable	NT=Acetyl;AC=UNIMOD:1;PP=Protein N-term;MT=Variable	NT=Data-dependent acquisition;AC=PRIDE:0000627	NT=collision-induced dissociation;AC=MS:1000133	NT=ion trap;AC=MS:1000264	35 NCE	6 ppm	0.5 Da	300m/z-1650m/z	NT=Dithiothreitol (DTT);AC=PRIDE:0000608	NT=Iodoacetamide (IAA);AC=PRIDE:0000599	NT=SDS PAGE;AC=PRIDE:0000568	2011-10-17	9	1	20111014_Orbi6_FB_tryp_proteome_K_21.RAW	v1.1.0	NT=ms-proteomics;VV=v1.1.0	NT=sdrf-skills;VV=v0.2.0	procyclic form
PXD000711-Sample-3	Trypanosoma brucei	not applicable	bloodstream form	MiTat 1.4	not applicable	whole organism	no depletion	2	20111014_Orbi6_FB_tryp_proteome_K_21	proteomic profiling by mass spectrometry	NT=LTQ Orbitrap XL;AC=MS:1000556	SILAC light	NT=Lys-C;AC=MS:1001309	NT=Carbamidomethyl;AC=UNIMOD:4;TA=C;MT=Fixed	NT=Oxidation;AC=UNIMOD:35;TA=M;MT=Variable	NT=Acetyl;AC=UNIMOD:1;PP=Protein N-term;MT=Variable	NT=Data-dependent acquisition;AC=PRIDE:0000627	NT=collision-induced dissociation;AC=MS:1000133	NT=ion trap;AC=MS:1000264	35 NCE	6 ppm	0.5 Da	300m/z-1650m/z	NT=Dithiothreitol (DTT);AC=PRIDE:0000608	NT=Iodoacetamide (IAA);AC=PRIDE:0000599	NT=SDS PAGE;AC=PRIDE:0000568	2011-10-17	9	1	20111014_Orbi6_FB_tryp_proteome_K_21.RAW	v1.1.0	NT=ms-proteomics;VV=v1.1.0	NT=sdrf-skills;VV=v0.2.0	bloodstream form
PXD000711-Sample-4	Trypanosoma brucei	not applicable	procyclic form	MiTat 1.4	not applicable	whole organism	no depletion	2	20111014_Orbi6_FB_tryp_proteome_K_22	proteomic profiling by mass spectrometry	NT=LTQ Orbitrap XL;AC=MS:1000556	SILAC heavy	NT=Lys-C;AC=MS:1001309	NT=Carbamidomethyl;AC=UNIMOD:4;TA=C;MT=Fixed	NT=Oxidation;AC=UNIMOD:35;TA=M;MT=Variable	NT=Acetyl;AC=UNIMOD:1;PP=Protein N-term;MT=Variable	NT=Data-dependent acquisition;AC=PRIDE:0000627	NT=collision-induced dissociation;AC=MS:1000133	NT=ion trap;AC=MS:1000264	35 NCE	6 ppm	0.5 Da	300m/z-1650m/z	NT=Dithiothreitol (DTT);AC=PRIDE:0000608	NT=Iodoacetamide (IAA);AC=PRIDE:0000599	NT=SDS PAGE;AC=PRIDE:0000568	2011-10-17	10	1	20111014_Orbi6_FB_tryp_proteome_K_22.RAW	v1.1.0	NT=ms-proteomics;VV=v1.1.0	NT=sdrf-skills;VV=v0.2.0	procyclic form
PXD000711-Sample-3	Trypanosoma brucei	not applicable	bloodstream form	MiTat 1.4	not applicable	whole organism	no depletion	2	20111014_Orbi6_FB_tryp_proteome_K_22	proteomic profiling by mass spectrometry	NT=LTQ Orbitrap XL;AC=MS:1000556	SILAC light	NT=Lys-C;AC=MS:1001309	NT=Carbamidomethyl;AC=UNIMOD:4;TA=C;MT=Fixed	NT=Oxidation;AC=UNIMOD:35;TA=M;MT=Variable	NT=Acetyl;AC=UNIMOD:1;PP=Protein N-term;MT=Variable	NT=Data-dependent acquisition;AC=PRIDE:0000627	NT=collision-induced dissociation;AC=MS:1000133	NT=ion trap;AC=MS:1000264	35 NCE	6 ppm	0.5 Da	300m/z-1650m/z	NT=Dithiothreitol (DTT);AC=PRIDE:0000608	NT=Iodoacetamide (IAA);AC=PRIDE:0000599	NT=SDS PAGE;AC=PRIDE:0000568	2011-10-17	10	1	20111014_Orbi6_FB_tryp_proteome_K_22.RAW	v1.1.0	NT=ms-proteomics;VV=v1.1.0	NT=sdrf-skills;VV=v0.2.0	bloodstream form
PXD000711-Sample-4	Trypanosoma brucei	not applicable	procyclic form	MiTat 1.4	not applicable	whole organism	no depletion	2	20111014_Orbi6_FB_tryp_proteome_K_23	proteomic profiling by mass spectrometry	NT=LTQ Orbitrap XL;AC=MS:1000556	SILAC heavy	NT=Lys-C;AC=MS:1001309	NT=Carbamidomethyl;AC=UNIMOD:4;TA=C;MT=Fixed	NT=Oxidation;AC=UNIMOD:35;TA=M;MT=Variable	NT=Acetyl;AC=UNIMOD:1;PP=Protein N-term;MT=Variable	NT=Data-dependent acquisition;AC=PRIDE:0000627	NT=collision-induced dissociation;AC=MS:1000133	NT=ion trap;AC=MS:1000264	35 NCE	6 ppm	0.5 Da	300m/z-1650m/z	NT=Dithiothreitol (DTT);AC=PRIDE:0000608	NT=Iodoacetamide (IAA);AC=PRIDE:0000599	NT=SDS PAGE;AC=PRIDE:0000568	2011-10-18	11	1	20111014_Orbi6_FB_tryp_proteome_K_23.RAW	v1.1.0	NT=ms-proteomics;VV=v1.1.0	NT=sdrf-skills;VV=v0.2.0	procyclic form
PXD000711-Sample-3	Trypanosoma brucei	not applicable	bloodstream form	MiTat 1.4	not applicable	whole organism	no depletion	2	20111014_Orbi6_FB_tryp_proteome_K_23	proteomic profiling by mass spectrometry	NT=LTQ Orbitrap XL;AC=MS:1000556	SILAC light	NT=Lys-C;AC=MS:1001309	NT=Carbamidomethyl;AC=UNIMOD:4;TA=C;MT=Fixed	NT=Oxidation;AC=UNIMOD:35;TA=M;MT=Variable	NT=Acetyl;AC=UNIMOD:1;PP=Protein N-term;MT=Variable	NT=Data-dependent acquisition;AC=PRIDE:0000627	NT=collision-induced dissociation;AC=MS:1000133	NT=ion trap;AC=MS:1000264	35 NCE	6 ppm	0.5 Da	300m/z-1650m/z	NT=Dithiothreitol (DTT);AC=PRIDE:0000608	NT=Iodoacetamide (IAA);AC=PRIDE:0000599	NT=SDS PAGE;AC=PRIDE:0000568	2011-10-18	11	1	20111014_Orbi6_FB_tryp_proteome_K_23.RAW	v1.1.0	NT=ms-proteomics;VV=v1.1.0	NT=sdrf-skills;VV=v0.2.0	bloodstream form
PXD000711-Sample-4	Trypanosoma brucei	not applicable	procyclic form	MiTat 1.4	not applicable	whole organism	no depletion	2	20111014_Orbi6_FB_tryp_proteome_K_24	proteomic profiling by mass spectrometry	NT=LTQ Orbitrap XL;AC=MS:1000556	SILAC heavy	NT=Lys-C;AC=MS:1001309	NT=Carbamidomethyl;AC=UNIMOD:4;TA=C;MT=Fixed	NT=Oxidation;AC=UNIMOD:35;TA=M;MT=Variable	NT=Acetyl;AC=UNIMOD:1;PP=Protein N-term;MT=Variable	NT=Data-dependent acquisition;AC=PRIDE:0000627	NT=collision-induced dissociation;AC=MS:1000133	NT=ion trap;AC=MS:1000264	35 NCE	6 ppm	0.5 Da	300m/z-1650m/z	NT=Dithiothreitol (DTT);AC=PRIDE:0000608	NT=Iodoacetamide (IAA);AC=PRIDE:0000599	NT=SDS PAGE;AC=PRIDE:0000568	2011-10-18	12	1	20111014_Orbi6_FB_tryp_proteome_K_24.RAW	v1.1.0	NT=ms-proteomics;VV=v1.1.0	NT=sdrf-skills;VV=v0.2.0	procyclic form
PXD000711-Sample-3	Trypanosoma brucei	not applicable	bloodstream form	MiTat 1.4	not applicable	whole organism	no depletion	2	20111014_Orbi6_FB_tryp_proteome_K_24	proteomic profiling by mass spectrometry	NT=LTQ Orbitrap XL;AC=MS:1000556	SILAC light	NT=Lys-C;AC=MS:1001309	NT=Carbamidomethyl;AC=UNIMOD:4;TA=C;MT=Fixed	NT=Oxidation;AC=UNIMOD:35;TA=M;MT=Variable	NT=Acetyl;AC=UNIMOD:1;PP=Protein N-term;MT=Variable	NT=Data-dependent acquisition;AC=PRIDE:0000627	NT=collision-induced dissociation;AC=MS:1000133	NT=ion trap;AC=MS:1000264	35 NCE	6 ppm	0.5 Da	300m/z-1650m/z	NT=Dithiothreitol (DTT);AC=PRIDE:0000608	NT=Iodoacetamide (IAA);AC=PRIDE:0000599	NT=SDS PAGE;AC=PRIDE:0000568	2011-10-18	12	1	20111014_Orbi6_FB_tryp_proteome_K_24.RAW	v1.1.0	NT=ms-proteomics;VV=v1.1.0	NT=sdrf-skills;VV=v0.2.0	bloodstream form
PXD000711-Sample-4	Trypanosoma brucei	not applicable	procyclic form	MiTat 1.4	not applicable	whole organism	no depletion	2	20120102_EXQ2_FB_SA_lysC_BSH_L_01	proteomic profiling by mass spectrometry	NT=Q Exactive;AC=MS:1001911	SILAC heavy	NT=Lys-C;AC=MS:1001309	NT=Carbamidomethyl;AC=UNIMOD:4;TA=C;MT=Fixed	NT=Oxidation;AC=UNIMOD:35;TA=M;MT=Variable	NT=Acetyl;AC=UNIMOD:1;PP=Protein N-term;MT=Variable	NT=Data-dependent acquisition;AC=PRIDE:0000627	NT=beam-type collision-induced dissociation;AC=MS:1000422	NT=orbitrap;AC=MS:1000484	25 NCE	6 ppm	20 ppm	300m/z-1650m/z	NT=Dithiothreitol (DTT);AC=PRIDE:0000608	NT=Iodoacetamide (IAA);AC=PRIDE:0000599	NT=SDS PAGE;AC=PRIDE:0000568	2012-01-08	1	2	20120102_EXQ2_FB_SA_lysC_BSH_L_01.raw	v1.1.0	NT=ms-proteomics;VV=v1.1.0	NT=sdrf-skills;VV=v0.2.0	procyclic form
PXD000711-Sample-3	Trypanosoma brucei	not applicable	bloodstream form	MiTat 1.4	not applicable	whole organism	no depletion	2	20120102_EXQ2_FB_SA_lysC_BSH_L_01	proteomic profiling by mass spectrometry	NT=Q Exactive;AC=MS:1001911	SILAC light	NT=Lys-C;AC=MS:1001309	NT=Carbamidomethyl;AC=UNIMOD:4;TA=C;MT=Fixed	NT=Oxidation;AC=UNIMOD:35;TA=M;MT=Variable	NT=Acetyl;AC=UNIMOD:1;PP=Protein N-term;MT=Variable	NT=Data-dependent acquisition;AC=PRIDE:0000627	NT=beam-type collision-induced dissociation;AC=MS:1000422	NT=orbitrap;AC=MS:1000484	25 NCE	6 ppm	20 ppm	300m/z-1650m/z	NT=Dithiothreitol (DTT);AC=PRIDE:0000608	NT=Iodoacetamide (IAA);AC=PRIDE:0000599	NT=SDS PAGE;AC=PRIDE:0000568	2012-01-08	1	2	20120102_EXQ2_FB_SA_lysC_BSH_L_01.raw	v1.1.0	NT=ms-proteomics;VV=v1.1.0	NT=sdrf-skills;VV=v0.2.0	bloodstream form
PXD000711-Sample-4	Trypanosoma brucei	not applicable	procyclic form	MiTat 1.4	not applicable	whole organism	no depletion	2	20120102_EXQ2_FB_SA_lysC_BSH_L_02	proteomic profiling by mass spectrometry	NT=Q Exactive;AC=MS:1001911	SILAC heavy	NT=Lys-C;AC=MS:1001309	NT=Carbamidomethyl;AC=UNIMOD:4;TA=C;MT=Fixed	NT=Oxidation;AC=UNIMOD:35;TA=M;MT=Variable	NT=Acetyl;AC=UNIMOD:1;PP=Protein N-term;MT=Variable	NT=Data-dependent acquisition;AC=PRIDE:0000627	NT=beam-type collision-induced dissociation;AC=MS:1000422	NT=orbitrap;AC=MS:1000484	25 NCE	6 ppm	20 ppm	300m/z-1650m/z	NT=Dithiothreitol (DTT);AC=PRIDE:0000608	NT=Iodoacetamide (IAA);AC=PRIDE:0000599	NT=SDS PAGE;AC=PRIDE:0000568	2012-01-08	2	2	20120102_EXQ2_FB_SA_lysC_BSH_L_02.raw	v1.1.0	NT=ms-proteomics;VV=v1.1.0	NT=sdrf-skills;VV=v0.2.0	procyclic form
PXD000711-Sample-3	Trypanosoma brucei	not applicable	bloodstream form	MiTat 1.4	not applicable	whole organism	no depletion	2	20120102_EXQ2_FB_SA_lysC_BSH_L_02	proteomic profiling by mass spectrometry	NT=Q Exactive;AC=MS:1001911	SILAC light	NT=Lys-C;AC=MS:1001309	NT=Carbamidomethyl;AC=UNIMOD:4;TA=C;MT=Fixed	NT=Oxidation;AC=UNIMOD:35;TA=M;MT=Variable	NT=Acetyl;AC=UNIMOD:1;PP=Protein N-term;MT=Variable	NT=Data-dependent acquisition;AC=PRIDE:0000627	NT=beam-type collision-induced dissociation;AC=MS:1000422	NT=orbitrap;AC=MS:1000484	25 NCE	6 ppm	20 ppm	300m/z-1650m/z	NT=Dithiothreitol (DTT);AC=PRIDE:0000608	NT=Iodoacetamide (IAA);AC=PRIDE:0000599	NT=SDS PAGE;AC=PRIDE:0000568	2012-01-08	2	2	20120102_EXQ2_FB_SA_lysC_BSH_L_02.raw	v1.1.0	NT=ms-proteomics;VV=v1.1.0	NT=sdrf-skills;VV=v0.2.0	bloodstream form
PXD000711-Sample-4	Trypanosoma brucei	not applicable	procyclic form	MiTat 1.4	not applicable	whole organism	no depletion	2	20120102_EXQ2_FB_SA_lysC_BSH_L_03	proteomic profiling by mass spectrometry	NT=Q Exactive;AC=MS:1001911	SILAC heavy	NT=Lys-C;AC=MS:1001309	NT=Carbamidomethyl;AC=UNIMOD:4;TA=C;MT=Fixed	NT=Oxidation;AC=UNIMOD:35;TA=M;MT=Variable	NT=Acetyl;AC=UNIMOD:1;PP=Protein N-term;MT=Variable	NT=Data-dependent acquisition;AC=PRIDE:0000627	NT=beam-type collision-induced dissociation;AC=MS:1000422	NT=orbitrap;AC=MS:1000484	25 NCE	6 ppm	20 ppm	300m/z-1650m/z	NT=Dithiothreitol (DTT);AC=PRIDE:0000608	NT=Iodoacetamide (IAA);AC=PRIDE:0000599	NT=SDS PAGE;AC=PRIDE:0000568	2012-01-08	3	2	20120102_EXQ2_FB_SA_lysC_BSH_L_03.raw	v1.1.0	NT=ms-proteomics;VV=v1.1.0	NT=sdrf-skills;VV=v0.2.0	procyclic form
PXD000711-Sample-3	Trypanosoma brucei	not applicable	bloodstream form	MiTat 1.4	not applicable	whole organism	no depletion	2	20120102_EXQ2_FB_SA_lysC_BSH_L_03	proteomic profiling by mass spectrometry	NT=Q Exactive;AC=MS:1001911	SILAC light	NT=Lys-C;AC=MS:1001309	NT=Carbamidomethyl;AC=UNIMOD:4;TA=C;MT=Fixed	NT=Oxidation;AC=UNIMOD:35;TA=M;MT=Variable	NT=Acetyl;AC=UNIMOD:1;PP=Protein N-term;MT=Variable	NT=Data-dependent acquisition;AC=PRIDE:0000627	NT=beam-type collision-induced dissociation;AC=MS:1000422	NT=orbitrap;AC=MS:1000484	25 NCE	6 ppm	20 ppm	300m/z-1650m/z	NT=Dithiothreitol (DTT);AC=PRIDE:0000608	NT=Iodoacetamide (IAA);AC=PRIDE:0000599	NT=SDS PAGE;AC=PRIDE:0000568	2012-01-08	3	2	20120102_EXQ2_FB_SA_lysC_BSH_L_03.raw	v1.1.0	NT=ms-proteomics;VV=v1.1.0	NT=sdrf-skills;VV=v0.2.0	bloodstream form
PXD000711-Sample-4	Trypanosoma brucei	not applicable	procyclic form	MiTat 1.4	not applicable	whole organism	no depletion	2	20120102_EXQ2_FB_SA_lysC_BSH_L_04	proteomic profiling by mass spectrometry	NT=Q Exactive;AC=MS:1001911	SILAC heavy	NT=Lys-C;AC=MS:1001309	NT=Carbamidomethyl;AC=UNIMOD:4;TA=C;MT=Fixed	NT=Oxidation;AC=UNIMOD:35;TA=M;MT=Variable	NT=Acetyl;AC=UNIMOD:1;PP=Protein N-term;MT=Variable	NT=Data-dependent acquisition;AC=PRIDE:0000627	NT=beam-type collision-induced dissociation;AC=MS:1000422	NT=orbitrap;AC=MS:1000484	25 NCE	6 ppm	20 ppm	300m/z-1650m/z	NT=Dithiothreitol (DTT);AC=PRIDE:0000608	NT=Iodoacetamide (IAA);AC=PRIDE:0000599	NT=SDS PAGE;AC=PRIDE:0000568	2012-01-08	4	2	20120102_EXQ2_FB_SA_lysC_BSH_L_04.raw	v1.1.0	NT=ms-proteomics;VV=v1.1.0	NT=sdrf-skills;VV=v0.2.0	procyclic form
PXD000711-Sample-3	Trypanosoma brucei	not applicable	bloodstream form	MiTat 1.4	not applicable	whole organism	no depletion	2	20120102_EXQ2_FB_SA_lysC_BSH_L_04	proteomic profiling by mass spectrometry	NT=Q Exactive;AC=MS:1001911	SILAC light	NT=Lys-C;AC=MS:1001309	NT=Carbamidomethyl;AC=UNIMOD:4;TA=C;MT=Fixed	NT=Oxidation;AC=UNIMOD:35;TA=M;MT=Variable	NT=Acetyl;AC=UNIMOD:1;PP=Protein N-term;MT=Variable	NT=Data-dependent acquisition;AC=PRIDE:0000627	NT=beam-type collision-induced dissociation;AC=MS:1000422	NT=orbitrap;AC=MS:1000484	25 NCE	6 ppm	20 ppm	300m/z-1650m/z	NT=Dithiothreitol (DTT);AC=PRIDE:0000608	NT=Iodoacetamide (IAA);AC=PRIDE:0000599	NT=SDS PAGE;AC=PRIDE:0000568	2012-01-08	4	2	20120102_EXQ2_FB_SA_lysC_BSH_L_04.raw	v1.1.0	NT=ms-proteomics;VV=v1.1.0	NT=sdrf-skills;VV=v0.2.0	bloodstream form
PXD000711-Sample-4	Trypanosoma brucei	not applicable	procyclic form	MiTat 1.4	not applicable	whole organism	no depletion	2	20120102_EXQ2_FB_SA_lysC_BSH_L_05	proteomic profiling by mass spectrometry	NT=Q Exactive;AC=MS:1001911	SILAC heavy	NT=Lys-C;AC=MS:1001309	NT=Carbamidomethyl;AC=UNIMOD:4;TA=C;MT=Fixed	NT=Oxidation;AC=UNIMOD:35;TA=M;MT=Variable	NT=Acetyl;AC=UNIMOD:1;PP=Protein N-term;MT=Variable	NT=Data-dependent acquisition;AC=PRIDE:0000627	NT=beam-type collision-induced dissociation;AC=MS:1000422	NT=orbitrap;AC=MS:1000484	25 NCE	6 ppm	20 ppm	300m/z-1650m/z	NT=Dithiothreitol (DTT);AC=PRIDE:0000608	NT=Iodoacetamide (IAA);AC=PRIDE:0000599	NT=SDS PAGE;AC=PRIDE:0000568	2012-01-08	5	2	20120102_EXQ2_FB_SA_lysC_BSH_L_05.raw	v1.1.0	NT=ms-proteomics;VV=v1.1.0	NT=sdrf-skills;VV=v0.2.0	procyclic form
PXD000711-Sample-3	Trypanosoma brucei	not applicable	bloodstream form	MiTat 1.4	not applicable	whole organism	no depletion	2	20120102_EXQ2_FB_SA_lysC_BSH_L_05	proteomic profiling by mass spectrometry	NT=Q Exactive;AC=MS:1001911	SILAC light	NT=Lys-C;AC=MS:1001309	NT=Carbamidomethyl;AC=UNIMOD:4;TA=C;MT=Fixed	NT=Oxidation;AC=UNIMOD:35;TA=M;MT=Variable	NT=Acetyl;AC=UNIMOD:1;PP=Protein N-term;MT=Variable	NT=Data-dependent acquisition;AC=PRIDE:0000627	NT=beam-type collision-induced dissociation;AC=MS:1000422	NT=orbitrap;AC=MS:1000484	25 NCE	6 ppm	20 ppm	300m/z-1650m/z	NT=Dithiothreitol (DTT);AC=PRIDE:0000608	NT=Iodoacetamide (IAA);AC=PRIDE:0000599	NT=SDS PAGE;AC=PRIDE:0000568	2012-01-08	5	2	20120102_EXQ2_FB_SA_lysC_BSH_L_05.raw	v1.1.0	NT=ms-proteomics;VV=v1.1.0	NT=sdrf-skills;VV=v0.2.0	bloodstream form
PXD000711-Sample-4	Trypanosoma brucei	not applicable	procyclic form	MiTat 1.4	not applicable	whole organism	no depletion	2	20120102_EXQ2_FB_SA_lysC_BSH_L_06	proteomic profiling by mass spectrometry	NT=Q Exactive;AC=MS:1001911	SILAC heavy	NT=Lys-C;AC=MS:1001309	NT=Carbamidomethyl;AC=UNIMOD:4;TA=C;MT=Fixed	NT=Oxidation;AC=UNIMOD:35;TA=M;MT=Variable	NT=Acetyl;AC=UNIMOD:1;PP=Protein N-term;MT=Variable	NT=Data-dependent acquisition;AC=PRIDE:0000627	NT=beam-type collision-induced dissociation;AC=MS:1000422	NT=orbitrap;AC=MS:1000484	25 NCE	6 ppm	20 ppm	300m/z-1650m/z	NT=Dithiothreitol (DTT);AC=PRIDE:0000608	NT=Iodoacetamide (IAA);AC=PRIDE:0000599	NT=SDS PAGE;AC=PRIDE:0000568	2012-01-08	6	2	20120102_EXQ2_FB_SA_lysC_BSH_L_06.raw	v1.1.0	NT=ms-proteomics;VV=v1.1.0	NT=sdrf-skills;VV=v0.2.0	procyclic form
PXD000711-Sample-3	Trypanosoma brucei	not applicable	bloodstream form	MiTat 1.4	not applicable	whole organism	no depletion	2	20120102_EXQ2_FB_SA_lysC_BSH_L_06	proteomic profiling by mass spectrometry	NT=Q Exactive;AC=MS:1001911	SILAC light	NT=Lys-C;AC=MS:1001309	NT=Carbamidomethyl;AC=UNIMOD:4;TA=C;MT=Fixed	NT=Oxidation;AC=UNIMOD:35;TA=M;MT=Variable	NT=Acetyl;AC=UNIMOD:1;PP=Protein N-term;MT=Variable	NT=Data-dependent acquisition;AC=PRIDE:0000627	NT=beam-type collision-induced dissociation;AC=MS:1000422	NT=orbitrap;AC=MS:1000484	25 NCE	6 ppm	20 ppm	300m/z-1650m/z	NT=Dithiothreitol (DTT);AC=PRIDE:0000608	NT=Iodoacetamide (IAA);AC=PRIDE:0000599	NT=SDS PAGE;AC=PRIDE:0000568	2012-01-08	6	2	20120102_EXQ2_FB_SA_lysC_BSH_L_06.raw	v1.1.0	NT=ms-proteomics;VV=v1.1.0	NT=sdrf-skills;VV=v0.2.0	bloodstream form
PXD000711-Sample-4	Trypanosoma brucei	not applicable	procyclic form	MiTat 1.4	not applicable	whole organism	no depletion	2	20120102_EXQ2_FB_SA_lysC_BSH_L_07	proteomic profiling by mass spectrometry	NT=Q Exactive;AC=MS:1001911	SILAC heavy	NT=Lys-C;AC=MS:1001309	NT=Carbamidomethyl;AC=UNIMOD:4;TA=C;MT=Fixed	NT=Oxidation;AC=UNIMOD:35;TA=M;MT=Variable	NT=Acetyl;AC=UNIMOD:1;PP=Protein N-term;MT=Variable	NT=Data-dependent acquisition;AC=PRIDE:0000627	NT=beam-type collision-induced dissociation;AC=MS:1000422	NT=orbitrap;AC=MS:1000484	25 NCE	6 ppm	20 ppm	300m/z-1650m/z	NT=Dithiothreitol (DTT);AC=PRIDE:0000608	NT=Iodoacetamide (IAA);AC=PRIDE:0000599	NT=SDS PAGE;AC=PRIDE:0000568	2012-01-08	7	2	20120102_EXQ2_FB_SA_lysC_BSH_L_07.raw	v1.1.0	NT=ms-proteomics;VV=v1.1.0	NT=sdrf-skills;VV=v0.2.0	procyclic form
PXD000711-Sample-3	Trypanosoma brucei	not applicable	bloodstream form	MiTat 1.4	not applicable	whole organism	no depletion	2	20120102_EXQ2_FB_SA_lysC_BSH_L_07	proteomic profiling by mass spectrometry	NT=Q Exactive;AC=MS:1001911	SILAC light	NT=Lys-C;AC=MS:1001309	NT=Carbamidomethyl;AC=UNIMOD:4;TA=C;MT=Fixed	NT=Oxidation;AC=UNIMOD:35;TA=M;MT=Variable	NT=Acetyl;AC=UNIMOD:1;PP=Protein N-term;MT=Variable	NT=Data-dependent acquisition;AC=PRIDE:0000627	NT=beam-type collision-induced dissociation;AC=MS:1000422	NT=orbitrap;AC=MS:1000484	25 NCE	6 ppm	20 ppm	300m/z-1650m/z	NT=Dithiothreitol (DTT);AC=PRIDE:0000608	NT=Iodoacetamide (IAA);AC=PRIDE:0000599	NT=SDS PAGE;AC=PRIDE:0000568	2012-01-08	7	2	20120102_EXQ2_FB_SA_lysC_BSH_L_07.raw	v1.1.0	NT=ms-proteomics;VV=v1.1.0	NT=sdrf-skills;VV=v0.2.0	bloodstream form
PXD000711-Sample-4	Trypanosoma brucei	not applicable	procyclic form	MiTat 1.4	not applicable	whole organism	no depletion	2	20120102_EXQ2_FB_SA_lysC_BSH_L_08	proteomic profiling by mass spectrometry	NT=Q Exactive;AC=MS:1001911	SILAC heavy	NT=Lys-C;AC=MS:1001309	NT=Carbamidomethyl;AC=UNIMOD:4;TA=C;MT=Fixed	NT=Oxidation;AC=UNIMOD:35;TA=M;MT=Variable	NT=Acetyl;AC=UNIMOD:1;PP=Protein N-term;MT=Variable	NT=Data-dependent acquisition;AC=PRIDE:0000627	NT=beam-type collision-induced dissociation;AC=MS:1000422	NT=orbitrap;AC=MS:1000484	25 NCE	6 ppm	20 ppm	300m/z-1650m/z	NT=Dithiothreitol (DTT);AC=PRIDE:0000608	NT=Iodoacetamide (IAA);AC=PRIDE:0000599	NT=SDS PAGE;AC=PRIDE:0000568	2012-01-09	8	2	20120102_EXQ2_FB_SA_lysC_BSH_L_08.raw	v1.1.0	NT=ms-proteomics;VV=v1.1.0	NT=sdrf-skills;VV=v0.2.0	procyclic form
PXD000711-Sample-3	Trypanosoma brucei	not applicable	bloodstream form	MiTat 1.4	not applicable	whole organism	no depletion	2	20120102_EXQ2_FB_SA_lysC_BSH_L_08	proteomic profiling by mass spectrometry	NT=Q Exactive;AC=MS:1001911	SILAC light	NT=Lys-C;AC=MS:1001309	NT=Carbamidomethyl;AC=UNIMOD:4;TA=C;MT=Fixed	NT=Oxidation;AC=UNIMOD:35;TA=M;MT=Variable	NT=Acetyl;AC=UNIMOD:1;PP=Protein N-term;MT=Variable	NT=Data-dependent acquisition;AC=PRIDE:0000627	NT=beam-type collision-induced dissociation;AC=MS:1000422	NT=orbitrap;AC=MS:1000484	25 NCE	6 ppm	20 ppm	300m/z-1650m/z	NT=Dithiothreitol (DTT);AC=PRIDE:0000608	NT=Iodoacetamide (IAA);AC=PRIDE:0000599	NT=SDS PAGE;AC=PRIDE:0000568	2012-01-09	8	2	20120102_EXQ2_FB_SA_lysC_BSH_L_08.raw	v1.1.0	NT=ms-proteomics;VV=v1.1.0	NT=sdrf-skills;VV=v0.2.0	bloodstream form
PXD000711-Sample-4	Trypanosoma brucei	not applicable	procyclic form	MiTat 1.4	not applicable	whole organism	no depletion	2	20120102_EXQ2_FB_SA_lysC_BSH_L_09	proteomic profiling by mass spectrometry	NT=Q Exactive;AC=MS:1001911	SILAC heavy	NT=Lys-C;AC=MS:1001309	NT=Carbamidomethyl;AC=UNIMOD:4;TA=C;MT=Fixed	NT=Oxidation;AC=UNIMOD:35;TA=M;MT=Variable	NT=Acetyl;AC=UNIMOD:1;PP=Protein N-term;MT=Variable	NT=Data-dependent acquisition;AC=PRIDE:0000627	NT=beam-type collision-induced dissociation;AC=MS:1000422	NT=orbitrap;AC=MS:1000484	25 NCE	6 ppm	20 ppm	300m/z-1650m/z	NT=Dithiothreitol (DTT);AC=PRIDE:0000608	NT=Iodoacetamide (IAA);AC=PRIDE:0000599	NT=SDS PAGE;AC=PRIDE:0000568	2012-01-09	9	2	20120102_EXQ2_FB_SA_lysC_BSH_L_09.raw	v1.1.0	NT=ms-proteomics;VV=v1.1.0	NT=sdrf-skills;VV=v0.2.0	procyclic form
PXD000711-Sample-3	Trypanosoma brucei	not applicable	bloodstream form	MiTat 1.4	not applicable	whole organism	no depletion	2	20120102_EXQ2_FB_SA_lysC_BSH_L_09	proteomic profiling by mass spectrometry	NT=Q Exactive;AC=MS:1001911	SILAC light	NT=Lys-C;AC=MS:1001309	NT=Carbamidomethyl;AC=UNIMOD:4;TA=C;MT=Fixed	NT=Oxidation;AC=UNIMOD:35;TA=M;MT=Variable	NT=Acetyl;AC=UNIMOD:1;PP=Protein N-term;MT=Variable	NT=Data-dependent acquisition;AC=PRIDE:0000627	NT=beam-type collision-induced dissociation;AC=MS:1000422	NT=orbitrap;AC=MS:1000484	25 NCE	6 ppm	20 ppm	300m/z-1650m/z	NT=Dithiothreitol (DTT);AC=PRIDE:0000608	NT=Iodoacetamide (IAA);AC=PRIDE:0000599	NT=SDS PAGE;AC=PRIDE:0000568	2012-01-09	9	2	20120102_EXQ2_FB_SA_lysC_BSH_L_09.raw	v1.1.0	NT=ms-proteomics;VV=v1.1.0	NT=sdrf-skills;VV=v0.2.0	bloodstream form
PXD000711-Sample-4	Trypanosoma brucei	not applicable	procyclic form	MiTat 1.4	not applicable	whole organism	no depletion	2	20120102_EXQ2_FB_SA_lysC_BSH_L_10	proteomic profiling by mass spectrometry	NT=Q Exactive;AC=MS:1001911	SILAC heavy	NT=Lys-C;AC=MS:1001309	NT=Carbamidomethyl;AC=UNIMOD:4;TA=C;MT=Fixed	NT=Oxidation;AC=UNIMOD:35;TA=M;MT=Variable	NT=Acetyl;AC=UNIMOD:1;PP=Protein N-term;MT=Variable	NT=Data-dependent acquisition;AC=PRIDE:0000627	NT=beam-type collision-induced dissociation;AC=MS:1000422	NT=orbitrap;AC=MS:1000484	25 NCE	6 ppm	20 ppm	300m/z-1650m/z	NT=Dithiothreitol (DTT);AC=PRIDE:0000608	NT=Iodoacetamide (IAA);AC=PRIDE:0000599	NT=SDS PAGE;AC=PRIDE:0000568	2012-01-09	10	2	20120102_EXQ2_FB_SA_lysC_BSH_L_10.raw	v1.1.0	NT=ms-proteomics;VV=v1.1.0	NT=sdrf-skills;VV=v0.2.0	procyclic form
PXD000711-Sample-3	Trypanosoma brucei	not applicable	bloodstream form	MiTat 1.4	not applicable	whole organism	no depletion	2	20120102_EXQ2_FB_SA_lysC_BSH_L_10	proteomic profiling by mass spectrometry	NT=Q Exactive;AC=MS:1001911	SILAC light	NT=Lys-C;AC=MS:1001309	NT=Carbamidomethyl;AC=UNIMOD:4;TA=C;MT=Fixed	NT=Oxidation;AC=UNIMOD:35;TA=M;MT=Variable	NT=Acetyl;AC=UNIMOD:1;PP=Protein N-term;MT=Variable	NT=Data-dependent acquisition;AC=PRIDE:0000627	NT=beam-type collision-induced dissociation;AC=MS:1000422	NT=orbitrap;AC=MS:1000484	25 NCE	6 ppm	20 ppm	300m/z-1650m/z	NT=Dithiothreitol (DTT);AC=PRIDE:0000608	NT=Iodoacetamide (IAA);AC=PRIDE:0000599	NT=SDS PAGE;AC=PRIDE:0000568	2012-01-09	10	2	20120102_EXQ2_FB_SA_lysC_BSH_L_10.raw	v1.1.0	NT=ms-proteomics;VV=v1.1.0	NT=sdrf-skills;VV=v0.2.0	bloodstream form
PXD000711-Sample-4	Trypanosoma brucei	not applicable	procyclic form	MiTat 1.4	not applicable	whole organism	no depletion	2	20120102_EXQ2_FB_SA_lysC_BSH_L_11	proteomic profiling by mass spectrometry	NT=Q Exactive;AC=MS:1001911	SILAC heavy	NT=Lys-C;AC=MS:1001309	NT=Carbamidomethyl;AC=UNIMOD:4;TA=C;MT=Fixed	NT=Oxidation;AC=UNIMOD:35;TA=M;MT=Variable	NT=Acetyl;AC=UNIMOD:1;PP=Protein N-term;MT=Variable	NT=Data-dependent acquisition;AC=PRIDE:0000627	NT=beam-type collision-induced dissociation;AC=MS:1000422	NT=orbitrap;AC=MS:1000484	25 NCE	6 ppm	20 ppm	300m/z-1650m/z	NT=Dithiothreitol (DTT);AC=PRIDE:0000608	NT=Iodoacetamide (IAA);AC=PRIDE:0000599	NT=SDS PAGE;AC=PRIDE:0000568	2012-01-09	11	2	20120102_EXQ2_FB_SA_lysC_BSH_L_11.raw	v1.1.0	NT=ms-proteomics;VV=v1.1.0	NT=sdrf-skills;VV=v0.2.0	procyclic form
PXD000711-Sample-3	Trypanosoma brucei	not applicable	bloodstream form	MiTat 1.4	not applicable	whole organism	no depletion	2	20120102_EXQ2_FB_SA_lysC_BSH_L_11	proteomic profiling by mass spectrometry	NT=Q Exactive;AC=MS:1001911	SILAC light	NT=Lys-C;AC=MS:1001309	NT=Carbamidomethyl;AC=UNIMOD:4;TA=C;MT=Fixed	NT=Oxidation;AC=UNIMOD:35;TA=M;MT=Variable	NT=Acetyl;AC=UNIMOD:1;PP=Protein N-term;MT=Variable	NT=Data-dependent acquisition;AC=PRIDE:0000627	NT=beam-type collision-induced dissociation;AC=MS:1000422	NT=orbitrap;AC=MS:1000484	25 NCE	6 ppm	20 ppm	300m/z-1650m/z	NT=Dithiothreitol (DTT);AC=PRIDE:0000608	NT=Iodoacetamide (IAA);AC=PRIDE:0000599	NT=SDS PAGE;AC=PRIDE:0000568	2012-01-09	11	2	20120102_EXQ2_FB_SA_lysC_BSH_L_11.raw	v1.1.0	NT=ms-proteomics;VV=v1.1.0	NT=sdrf-skills;VV=v0.2.0	bloodstream form
PXD000711-Sample-4	Trypanosoma brucei	not applicable	procyclic form	MiTat 1.4	not applicable	whole organism	no depletion	2	20120102_EXQ2_FB_SA_lysC_BSH_L_12	proteomic profiling by mass spectrometry	NT=Q Exactive;AC=MS:1001911	SILAC heavy	NT=Lys-C;AC=MS:1001309	NT=Carbamidomethyl;AC=UNIMOD:4;TA=C;MT=Fixed	NT=Oxidation;AC=UNIMOD:35;TA=M;MT=Variable	NT=Acetyl;AC=UNIMOD:1;PP=Protein N-term;MT=Variable	NT=Data-dependent acquisition;AC=PRIDE:0000627	NT=beam-type collision-induced dissociation;AC=MS:1000422	NT=orbitrap;AC=MS:1000484	25 NCE	6 ppm	20 ppm	300m/z-1650m/z	NT=Dithiothreitol (DTT);AC=PRIDE:0000608	NT=Iodoacetamide (IAA);AC=PRIDE:0000599	NT=SDS PAGE;AC=PRIDE:0000568	2012-01-09	12	2	20120102_EXQ2_FB_SA_lysC_BSH_L_12.raw	v1.1.0	NT=ms-proteomics;VV=v1.1.0	NT=sdrf-skills;VV=v0.2.0	procyclic form
PXD000711-Sample-3	Trypanosoma brucei	not applicable	bloodstream form	MiTat 1.4	not applicable	whole organism	no depletion	2	20120102_EXQ2_FB_SA_lysC_BSH_L_12	proteomic profiling by mass spectrometry	NT=Q Exactive;AC=MS:1001911	SILAC light	NT=Lys-C;AC=MS:1001309	NT=Carbamidomethyl;AC=UNIMOD:4;TA=C;MT=Fixed	NT=Oxidation;AC=UNIMOD:35;TA=M;MT=Variable	NT=Acetyl;AC=UNIMOD:1;PP=Protein N-term;MT=Variable	NT=Data-dependent acquisition;AC=PRIDE:0000627	NT=beam-type collision-induced dissociation;AC=MS:1000422	NT=orbitrap;AC=MS:1000484	25 NCE	6 ppm	20 ppm	300m/z-1650m/z	NT=Dithiothreitol (DTT);AC=PRIDE:0000608	NT=Iodoacetamide (IAA);AC=PRIDE:0000599	NT=SDS PAGE;AC=PRIDE:0000568	2012-01-09	12	2	20120102_EXQ2_FB_SA_lysC_BSH_L_12.raw	v1.1.0	NT=ms-proteomics;VV=v1.1.0	NT=sdrf-skills;VV=v0.2.0	bloodstream form
PXD000711-Sample-1	Trypanosoma brucei	not applicable	bloodstream form	MiTat 1.4	not applicable	whole organism	no depletion	1	20111014_Orbi6_FB_tryp_proteome_KR_01	proteomic profiling by mass spectrometry	NT=LTQ Orbitrap XL;AC=MS:1000556	SILAC heavy	NT=Trypsin;AC=MS:1001251	NT=Carbamidomethyl;AC=UNIMOD:4;TA=C;MT=Fixed	NT=Oxidation;AC=UNIMOD:35;TA=M;MT=Variable	NT=Acetyl;AC=UNIMOD:1;PP=Protein N-term;MT=Variable	NT=Data-dependent acquisition;AC=PRIDE:0000627	NT=collision-induced dissociation;AC=MS:1000133	NT=ion trap;AC=MS:1000264	35 NCE	6 ppm	0.5 Da	300m/z-1650m/z	NT=Dithiothreitol (DTT);AC=PRIDE:0000608	NT=Iodoacetamide (IAA);AC=PRIDE:0000599	NT=SDS PAGE;AC=PRIDE:0000568	2011-10-18	1	1	20111014_Orbi6_FB_tryp_proteome_KR_01.RAW	v1.1.0	NT=ms-proteomics;VV=v1.1.0	NT=sdrf-skills;VV=v0.2.0	bloodstream form
PXD000711-Sample-2	Trypanosoma brucei	not applicable	procyclic form	MiTat 1.4	not applicable	whole organism	no depletion	1	20111014_Orbi6_FB_tryp_proteome_KR_01	proteomic profiling by mass spectrometry	NT=LTQ Orbitrap XL;AC=MS:1000556	SILAC light	NT=Trypsin;AC=MS:1001251	NT=Carbamidomethyl;AC=UNIMOD:4;TA=C;MT=Fixed	NT=Oxidation;AC=UNIMOD:35;TA=M;MT=Variable	NT=Acetyl;AC=UNIMOD:1;PP=Protein N-term;MT=Variable	NT=Data-dependent acquisition;AC=PRIDE:0000627	NT=collision-induced dissociation;AC=MS:1000133	NT=ion trap;AC=MS:1000264	35 NCE	6 ppm	0.5 Da	300m/z-1650m/z	NT=Dithiothreitol (DTT);AC=PRIDE:0000608	NT=Iodoacetamide (IAA);AC=PRIDE:0000599	NT=SDS PAGE;AC=PRIDE:0000568	2011-10-18	1	1	20111014_Orbi6_FB_tryp_proteome_KR_01.RAW	v1.1.0	NT=ms-proteomics;VV=v1.1.0	NT=sdrf-skills;VV=v0.2.0	procyclic form
PXD000711-Sample-1	Trypanosoma brucei	not applicable	bloodstream form	MiTat 1.4	not applicable	whole organism	no depletion	1	20111014_Orbi6_FB_tryp_proteome_KR_02	proteomic profiling by mass spectrometry	NT=LTQ Orbitrap XL;AC=MS:1000556	SILAC heavy	NT=Trypsin;AC=MS:1001251	NT=Carbamidomethyl;AC=UNIMOD:4;TA=C;MT=Fixed	NT=Oxidation;AC=UNIMOD:35;TA=M;MT=Variable	NT=Acetyl;AC=UNIMOD:1;PP=Protein N-term;MT=Variable	NT=Data-dependent acquisition;AC=PRIDE:0000627	NT=collision-induced dissociation;AC=MS:1000133	NT=ion trap;AC=MS:1000264	35 NCE	6 ppm	0.5 Da	300m/z-1650m/z	NT=Dithiothreitol (DTT);AC=PRIDE:0000608	NT=Iodoacetamide (IAA);AC=PRIDE:0000599	NT=SDS PAGE;AC=PRIDE:0000568	2011-10-18	2	1	20111014_Orbi6_FB_tryp_proteome_KR_02.RAW	v1.1.0	NT=ms-proteomics;VV=v1.1.0	NT=sdrf-skills;VV=v0.2.0	bloodstream form
PXD000711-Sample-2	Trypanosoma brucei	not applicable	procyclic form	MiTat 1.4	not applicable	whole organism	no depletion	1	20111014_Orbi6_FB_tryp_proteome_KR_02	proteomic profiling by mass spectrometry	NT=LTQ Orbitrap XL;AC=MS:1000556	SILAC light	NT=Trypsin;AC=MS:1001251	NT=Carbamidomethyl;AC=UNIMOD:4;TA=C;MT=Fixed	NT=Oxidation;AC=UNIMOD:35;TA=M;MT=Variable	NT=Acetyl;AC=UNIMOD:1;PP=Protein N-term;MT=Variable	NT=Data-dependent acquisition;AC=PRIDE:0000627	NT=collision-induced dissociation;AC=MS:1000133	NT=ion trap;AC=MS:1000264	35 NCE	6 ppm	0.5 Da	300m/z-1650m/z	NT=Dithiothreitol (DTT);AC=PRIDE:0000608	NT=Iodoacetamide (IAA);AC=PRIDE:0000599	NT=SDS PAGE;AC=PRIDE:0000568	2011-10-18	2	1	20111014_Orbi6_FB_tryp_proteome_KR_02.RAW	v1.1.0	NT=ms-proteomics;VV=v1.1.0	NT=sdrf-skills;VV=v0.2.0	procyclic form
PXD000711-Sample-1	Trypanosoma brucei	not applicable	bloodstream form	MiTat 1.4	not applicable	whole organism	no depletion	1	20111014_Orbi6_FB_tryp_proteome_KR_03	proteomic profiling by mass spectrometry	NT=LTQ Orbitrap XL;AC=MS:1000556	SILAC heavy	NT=Trypsin;AC=MS:1001251	NT=Carbamidomethyl;AC=UNIMOD:4;TA=C;MT=Fixed	NT=Oxidation;AC=UNIMOD:35;TA=M;MT=Variable	NT=Acetyl;AC=UNIMOD:1;PP=Protein N-term;MT=Variable	NT=Data-dependent acquisition;AC=PRIDE:0000627	NT=collision-induced dissociation;AC=MS:1000133	NT=ion trap;AC=MS:1000264	35 NCE	6 ppm	0.5 Da	300m/z-1650m/z	NT=Dithiothreitol (DTT);AC=PRIDE:0000608	NT=Iodoacetamide (IAA);AC=PRIDE:0000599	NT=SDS PAGE;AC=PRIDE:0000568	2011-10-18	3	1	20111014_Orbi6_FB_tryp_proteome_KR_03.RAW	v1.1.0	NT=ms-proteomics;VV=v1.1.0	NT=sdrf-skills;VV=v0.2.0	bloodstream form
PXD000711-Sample-2	Trypanosoma brucei	not applicable	procyclic form	MiTat 1.4	not applicable	whole organism	no depletion	1	20111014_Orbi6_FB_tryp_proteome_KR_03	proteomic profiling by mass spectrometry	NT=LTQ Orbitrap XL;AC=MS:1000556	SILAC light	NT=Trypsin;AC=MS:1001251	NT=Carbamidomethyl;AC=UNIMOD:4;TA=C;MT=Fixed	NT=Oxidation;AC=UNIMOD:35;TA=M;MT=Variable	NT=Acetyl;AC=UNIMOD:1;PP=Protein N-term;MT=Variable	NT=Data-dependent acquisition;AC=PRIDE:0000627	NT=collision-induced dissociation;AC=MS:1000133	NT=ion trap;AC=MS:1000264	35 NCE	6 ppm	0.5 Da	300m/z-1650m/z	NT=Dithiothreitol (DTT);AC=PRIDE:0000608	NT=Iodoacetamide (IAA);AC=PRIDE:0000599	NT=SDS PAGE;AC=PRIDE:0000568	2011-10-18	3	1	20111014_Orbi6_FB_tryp_proteome_KR_03.RAW	v1.1.0	NT=ms-proteomics;VV=v1.1.0	NT=sdrf-skills;VV=v0.2.0	procyclic form
PXD000711-Sample-1	Trypanosoma brucei	not applicable	bloodstream form	MiTat 1.4	not applicable	whole organism	no depletion	1	20111014_Orbi6_FB_tryp_proteome_KR_04	proteomic profiling by mass spectrometry	NT=LTQ Orbitrap XL;AC=MS:1000556	SILAC heavy	NT=Trypsin;AC=MS:1001251	NT=Carbamidomethyl;AC=UNIMOD:4;TA=C;MT=Fixed	NT=Oxidation;AC=UNIMOD:35;TA=M;MT=Variable	NT=Acetyl;AC=UNIMOD:1;PP=Protein N-term;MT=Variable	NT=Data-dependent acquisition;AC=PRIDE:0000627	NT=collision-induced dissociation;AC=MS:1000133	NT=ion trap;AC=MS:1000264	35 NCE	6 ppm	0.5 Da	300m/z-1650m/z	NT=Dithiothreitol (DTT);AC=PRIDE:0000608	NT=Iodoacetamide (IAA);AC=PRIDE:0000599	NT=SDS PAGE;AC=PRIDE:0000568	2011-10-18	4	1	20111014_Orbi6_FB_tryp_proteome_KR_04.RAW	v1.1.0	NT=ms-proteomics;VV=v1.1.0	NT=sdrf-skills;VV=v0.2.0	bloodstream form
PXD000711-Sample-2	Trypanosoma brucei	not applicable	procyclic form	MiTat 1.4	not applicable	whole organism	no depletion	1	20111014_Orbi6_FB_tryp_proteome_KR_04	proteomic profiling by mass spectrometry	NT=LTQ Orbitrap XL;AC=MS:1000556	SILAC light	NT=Trypsin;AC=MS:1001251	NT=Carbamidomethyl;AC=UNIMOD:4;TA=C;MT=Fixed	NT=Oxidation;AC=UNIMOD:35;TA=M;MT=Variable	NT=Acetyl;AC=UNIMOD:1;PP=Protein N-term;MT=Variable	NT=Data-dependent acquisition;AC=PRIDE:0000627	NT=collision-induced dissociation;AC=MS:1000133	NT=ion trap;AC=MS:1000264	35 NCE	6 ppm	0.5 Da	300m/z-1650m/z	NT=Dithiothreitol (DTT);AC=PRIDE:0000608	NT=Iodoacetamide (IAA);AC=PRIDE:0000599	NT=SDS PAGE;AC=PRIDE:0000568	2011-10-18	4	1	20111014_Orbi6_FB_tryp_proteome_KR_04.RAW	v1.1.0	NT=ms-proteomics;VV=v1.1.0	NT=sdrf-skills;VV=v0.2.0	procyclic form
PXD000711-Sample-1	Trypanosoma brucei	not applicable	bloodstream form	MiTat 1.4	not applicable	whole organism	no depletion	1	20111014_Orbi6_FB_tryp_proteome_KR_05	proteomic profiling by mass spectrometry	NT=LTQ Orbitrap XL;AC=MS:1000556	SILAC heavy	NT=Trypsin;AC=MS:1001251	NT=Carbamidomethyl;AC=UNIMOD:4;TA=C;MT=Fixed	NT=Oxidation;AC=UNIMOD:35;TA=M;MT=Variable	NT=Acetyl;AC=UNIMOD:1;PP=Protein N-term;MT=Variable	NT=Data-dependent acquisition;AC=PRIDE:0000627	NT=collision-induced dissociation;AC=MS:1000133	NT=ion trap;AC=MS:1000264	35 NCE	6 ppm	0.5 Da	300m/z-1650m/z	NT=Dithiothreitol (DTT);AC=PRIDE:0000608	NT=Iodoacetamide (IAA);AC=PRIDE:0000599	NT=SDS PAGE;AC=PRIDE:0000568	2011-10-18	5	1	20111014_Orbi6_FB_tryp_proteome_KR_05.RAW	v1.1.0	NT=ms-proteomics;VV=v1.1.0	NT=sdrf-skills;VV=v0.2.0	bloodstream form
PXD000711-Sample-2	Trypanosoma brucei	not applicable	procyclic form	MiTat 1.4	not applicable	whole organism	no depletion	1	20111014_Orbi6_FB_tryp_proteome_KR_05	proteomic profiling by mass spectrometry	NT=LTQ Orbitrap XL;AC=MS:1000556	SILAC light	NT=Trypsin;AC=MS:1001251	NT=Carbamidomethyl;AC=UNIMOD:4;TA=C;MT=Fixed	NT=Oxidation;AC=UNIMOD:35;TA=M;MT=Variable	NT=Acetyl;AC=UNIMOD:1;PP=Protein N-term;MT=Variable	NT=Data-dependent acquisition;AC=PRIDE:0000627	NT=collision-induced dissociation;AC=MS:1000133	NT=ion trap;AC=MS:1000264	35 NCE	6 ppm	0.5 Da	300m/z-1650m/z	NT=Dithiothreitol (DTT);AC=PRIDE:0000608	NT=Iodoacetamide (IAA);AC=PRIDE:0000599	NT=SDS PAGE;AC=PRIDE:0000568	2011-10-18	5	1	20111014_Orbi6_FB_tryp_proteome_KR_05.RAW	v1.1.0	NT=ms-proteomics;VV=v1.1.0	NT=sdrf-skills;VV=v0.2.0	procyclic form
PXD000711-Sample-1	Trypanosoma brucei	not applicable	bloodstream form	MiTat 1.4	not applicable	whole organism	no depletion	1	20111014_Orbi6_FB_tryp_proteome_KR_06	proteomic profiling by mass spectrometry	NT=LTQ Orbitrap XL;AC=MS:1000556	SILAC heavy	NT=Trypsin;AC=MS:1001251	NT=Carbamidomethyl;AC=UNIMOD:4;TA=C;MT=Fixed	NT=Oxidation;AC=UNIMOD:35;TA=M;MT=Variable	NT=Acetyl;AC=UNIMOD:1;PP=Protein N-term;MT=Variable	NT=Data-dependent acquisition;AC=PRIDE:0000627	NT=collision-induced dissociation;AC=MS:1000133	NT=ion trap;AC=MS:1000264	35 NCE	6 ppm	0.5 Da	300m/z-1650m/z	NT=Dithiothreitol (DTT);AC=PRIDE:0000608	NT=Iodoacetamide (IAA);AC=PRIDE:0000599	NT=SDS PAGE;AC=PRIDE:0000568	2011-10-19	6	1	20111014_Orbi6_FB_tryp_proteome_KR_06.RAW	v1.1.0	NT=ms-proteomics;VV=v1.1.0	NT=sdrf-skills;VV=v0.2.0	bloodstream form
PXD000711-Sample-2	Trypanosoma brucei	not applicable	procyclic form	MiTat 1.4	not applicable	whole organism	no depletion	1	20111014_Orbi6_FB_tryp_proteome_KR_06	proteomic profiling by mass spectrometry	NT=LTQ Orbitrap XL;AC=MS:1000556	SILAC light	NT=Trypsin;AC=MS:1001251	NT=Carbamidomethyl;AC=UNIMOD:4;TA=C;MT=Fixed	NT=Oxidation;AC=UNIMOD:35;TA=M;MT=Variable	NT=Acetyl;AC=UNIMOD:1;PP=Protein N-term;MT=Variable	NT=Data-dependent acquisition;AC=PRIDE:0000627	NT=collision-induced dissociation;AC=MS:1000133	NT=ion trap;AC=MS:1000264	35 NCE	6 ppm	0.5 Da	300m/z-1650m/z	NT=Dithiothreitol (DTT);AC=PRIDE:0000608	NT=Iodoacetamide (IAA);AC=PRIDE:0000599	NT=SDS PAGE;AC=PRIDE:0000568	2011-10-19	6	1	20111014_Orbi6_FB_tryp_proteome_KR_06.RAW	v1.1.0	NT=ms-proteomics;VV=v1.1.0	NT=sdrf-skills;VV=v0.2.0	procyclic form
PXD000711-Sample-1	Trypanosoma brucei	not applicable	bloodstream form	MiTat 1.4	not applicable	whole organism	no depletion	1	20111014_Orbi6_FB_tryp_proteome_KR_07	proteomic profiling by mass spectrometry	NT=LTQ Orbitrap XL;AC=MS:1000556	SILAC heavy	NT=Trypsin;AC=MS:1001251	NT=Carbamidomethyl;AC=UNIMOD:4;TA=C;MT=Fixed	NT=Oxidation;AC=UNIMOD:35;TA=M;MT=Variable	NT=Acetyl;AC=UNIMOD:1;PP=Protein N-term;MT=Variable	NT=Data-dependent acquisition;AC=PRIDE:0000627	NT=collision-induced dissociation;AC=MS:1000133	NT=ion trap;AC=MS:1000264	35 NCE	6 ppm	0.5 Da	300m/z-1650m/z	NT=Dithiothreitol (DTT);AC=PRIDE:0000608	NT=Iodoacetamide (IAA);AC=PRIDE:0000599	NT=SDS PAGE;AC=PRIDE:0000568	2011-10-19	7	1	20111014_Orbi6_FB_tryp_proteome_KR_07.RAW	v1.1.0	NT=ms-proteomics;VV=v1.1.0	NT=sdrf-skills;VV=v0.2.0	bloodstream form
PXD000711-Sample-2	Trypanosoma brucei	not applicable	procyclic form	MiTat 1.4	not applicable	whole organism	no depletion	1	20111014_Orbi6_FB_tryp_proteome_KR_07	proteomic profiling by mass spectrometry	NT=LTQ Orbitrap XL;AC=MS:1000556	SILAC light	NT=Trypsin;AC=MS:1001251	NT=Carbamidomethyl;AC=UNIMOD:4;TA=C;MT=Fixed	NT=Oxidation;AC=UNIMOD:35;TA=M;MT=Variable	NT=Acetyl;AC=UNIMOD:1;PP=Protein N-term;MT=Variable	NT=Data-dependent acquisition;AC=PRIDE:0000627	NT=collision-induced dissociation;AC=MS:1000133	NT=ion trap;AC=MS:1000264	35 NCE	6 ppm	0.5 Da	300m/z-1650m/z	NT=Dithiothreitol (DTT);AC=PRIDE:0000608	NT=Iodoacetamide (IAA);AC=PRIDE:0000599	NT=SDS PAGE;AC=PRIDE:0000568	2011-10-19	7	1	20111014_Orbi6_FB_tryp_proteome_KR_07.RAW	v1.1.0	NT=ms-proteomics;VV=v1.1.0	NT=sdrf-skills;VV=v0.2.0	procyclic form
PXD000711-Sample-1	Trypanosoma brucei	not applicable	bloodstream form	MiTat 1.4	not applicable	whole organism	no depletion	1	20111014_Orbi6_FB_tryp_proteome_KR_08	proteomic profiling by mass spectrometry	NT=LTQ Orbitrap XL;AC=MS:1000556	SILAC heavy	NT=Trypsin;AC=MS:1001251	NT=Carbamidomethyl;AC=UNIMOD:4;TA=C;MT=Fixed	NT=Oxidation;AC=UNIMOD:35;TA=M;MT=Variable	NT=Acetyl;AC=UNIMOD:1;PP=Protein N-term;MT=Variable	NT=Data-dependent acquisition;AC=PRIDE:0000627	NT=collision-induced dissociation;AC=MS:1000133	NT=ion trap;AC=MS:1000264	35 NCE	6 ppm	0.5 Da	300m/z-1650m/z	NT=Dithiothreitol (DTT);AC=PRIDE:0000608	NT=Iodoacetamide (IAA);AC=PRIDE:0000599	NT=SDS PAGE;AC=PRIDE:0000568	2011-10-19	8	1	20111014_Orbi6_FB_tryp_proteome_KR_08.RAW	v1.1.0	NT=ms-proteomics;VV=v1.1.0	NT=sdrf-skills;VV=v0.2.0	bloodstream form
PXD000711-Sample-2	Trypanosoma brucei	not applicable	procyclic form	MiTat 1.4	not applicable	whole organism	no depletion	1	20111014_Orbi6_FB_tryp_proteome_KR_08	proteomic profiling by mass spectrometry	NT=LTQ Orbitrap XL;AC=MS:1000556	SILAC light	NT=Trypsin;AC=MS:1001251	NT=Carbamidomethyl;AC=UNIMOD:4;TA=C;MT=Fixed	NT=Oxidation;AC=UNIMOD:35;TA=M;MT=Variable	NT=Acetyl;AC=UNIMOD:1;PP=Protein N-term;MT=Variable	NT=Data-dependent acquisition;AC=PRIDE:0000627	NT=collision-induced dissociation;AC=MS:1000133	NT=ion trap;AC=MS:1000264	35 NCE	6 ppm	0.5 Da	300m/z-1650m/z	NT=Dithiothreitol (DTT);AC=PRIDE:0000608	NT=Iodoacetamide (IAA);AC=PRIDE:0000599	NT=SDS PAGE;AC=PRIDE:0000568	2011-10-19	8	1	20111014_Orbi6_FB_tryp_proteome_KR_08.RAW	v1.1.0	NT=ms-proteomics;VV=v1.1.0	NT=sdrf-skills;VV=v0.2.0	procyclic form
PXD000711-Sample-1	Trypanosoma brucei	not applicable	bloodstream form	MiTat 1.4	not applicable	whole organism	no depletion	1	20111014_Orbi6_FB_tryp_proteome_KR_09	proteomic profiling by mass spectrometry	NT=LTQ Orbitrap XL;AC=MS:1000556	SILAC heavy	NT=Trypsin;AC=MS:1001251	NT=Carbamidomethyl;AC=UNIMOD:4;TA=C;MT=Fixed	NT=Oxidation;AC=UNIMOD:35;TA=M;MT=Variable	NT=Acetyl;AC=UNIMOD:1;PP=Protein N-term;MT=Variable	NT=Data-dependent acquisition;AC=PRIDE:0000627	NT=collision-induced dissociation;AC=MS:1000133	NT=ion trap;AC=MS:1000264	35 NCE	6 ppm	0.5 Da	300m/z-1650m/z	NT=Dithiothreitol (DTT);AC=PRIDE:0000608	NT=Iodoacetamide (IAA);AC=PRIDE:0000599	NT=SDS PAGE;AC=PRIDE:0000568	2011-10-19	9	1	20111014_Orbi6_FB_tryp_proteome_KR_09.RAW	v1.1.0	NT=ms-proteomics;VV=v1.1.0	NT=sdrf-skills;VV=v0.2.0	bloodstream form
PXD000711-Sample-2	Trypanosoma brucei	not applicable	procyclic form	MiTat 1.4	not applicable	whole organism	no depletion	1	20111014_Orbi6_FB_tryp_proteome_KR_09	proteomic profiling by mass spectrometry	NT=LTQ Orbitrap XL;AC=MS:1000556	SILAC light	NT=Trypsin;AC=MS:1001251	NT=Carbamidomethyl;AC=UNIMOD:4;TA=C;MT=Fixed	NT=Oxidation;AC=UNIMOD:35;TA=M;MT=Variable	NT=Acetyl;AC=UNIMOD:1;PP=Protein N-term;MT=Variable	NT=Data-dependent acquisition;AC=PRIDE:0000627	NT=collision-induced dissociation;AC=MS:1000133	NT=ion trap;AC=MS:1000264	35 NCE	6 ppm	0.5 Da	300m/z-1650m/z	NT=Dithiothreitol (DTT);AC=PRIDE:0000608	NT=Iodoacetamide (IAA);AC=PRIDE:0000599	NT=SDS PAGE;AC=PRIDE:0000568	2011-10-19	9	1	20111014_Orbi6_FB_tryp_proteome_KR_09.RAW	v1.1.0	NT=ms-proteomics;VV=v1.1.0	NT=sdrf-skills;VV=v0.2.0	procyclic form
PXD000711-Sample-1	Trypanosoma brucei	not applicable	bloodstream form	MiTat 1.4	not applicable	whole organism	no depletion	1	20111014_Orbi6_FB_tryp_proteome_KR_10	proteomic profiling by mass spectrometry	NT=LTQ Orbitrap XL;AC=MS:1000556	SILAC heavy	NT=Trypsin;AC=MS:1001251	NT=Carbamidomethyl;AC=UNIMOD:4;TA=C;MT=Fixed	NT=Oxidation;AC=UNIMOD:35;TA=M;MT=Variable	NT=Acetyl;AC=UNIMOD:1;PP=Protein N-term;MT=Variable	NT=Data-dependent acquisition;AC=PRIDE:0000627	NT=collision-induced dissociation;AC=MS:1000133	NT=ion trap;AC=MS:1000264	35 NCE	6 ppm	0.5 Da	300m/z-1650m/z	NT=Dithiothreitol (DTT);AC=PRIDE:0000608	NT=Iodoacetamide (IAA);AC=PRIDE:0000599	NT=SDS PAGE;AC=PRIDE:0000568	2011-10-19	10	1	20111014_Orbi6_FB_tryp_proteome_KR_10.RAW	v1.1.0	NT=ms-proteomics;VV=v1.1.0	NT=sdrf-skills;VV=v0.2.0	bloodstream form
PXD000711-Sample-2	Trypanosoma brucei	not applicable	procyclic form	MiTat 1.4	not applicable	whole organism	no depletion	1	20111014_Orbi6_FB_tryp_proteome_KR_10	proteomic profiling by mass spectrometry	NT=LTQ Orbitrap XL;AC=MS:1000556	SILAC light	NT=Trypsin;AC=MS:1001251	NT=Carbamidomethyl;AC=UNIMOD:4;TA=C;MT=Fixed	NT=Oxidation;AC=UNIMOD:35;TA=M;MT=Variable	NT=Acetyl;AC=UNIMOD:1;PP=Protein N-term;MT=Variable	NT=Data-dependent acquisition;AC=PRIDE:0000627	NT=collision-induced dissociation;AC=MS:1000133	NT=ion trap;AC=MS:1000264	35 NCE	6 ppm	0.5 Da	300m/z-1650m/z	NT=Dithiothreitol (DTT);AC=PRIDE:0000608	NT=Iodoacetamide (IAA);AC=PRIDE:0000599	NT=SDS PAGE;AC=PRIDE:0000568	2011-10-19	10	1	20111014_Orbi6_FB_tryp_proteome_KR_10.RAW	v1.1.0	NT=ms-proteomics;VV=v1.1.0	NT=sdrf-skills;VV=v0.2.0	procyclic form
PXD000711-Sample-1	Trypanosoma brucei	not applicable	bloodstream form	MiTat 1.4	not applicable	whole organism	no depletion	1	20111014_Orbi6_FB_tryp_proteome_KR_11	proteomic profiling by mass spectrometry	NT=LTQ Orbitrap XL;AC=MS:1000556	SILAC heavy	NT=Trypsin;AC=MS:1001251	NT=Carbamidomethyl;AC=UNIMOD:4;TA=C;MT=Fixed	NT=Oxidation;AC=UNIMOD:35;TA=M;MT=Variable	NT=Acetyl;AC=UNIMOD:1;PP=Protein N-term;MT=Variable	NT=Data-dependent acquisition;AC=PRIDE:0000627	NT=collision-induced dissociation;AC=MS:1000133	NT=ion trap;AC=MS:1000264	35 NCE	6 ppm	0.5 Da	300m/z-1650m/z	NT=Dithiothreitol (DTT);AC=PRIDE:0000608	NT=Iodoacetamide (IAA);AC=PRIDE:0000599	NT=SDS PAGE;AC=PRIDE:0000568	2011-10-19	11	1	20111014_Orbi6_FB_tryp_proteome_KR_11.RAW	v1.1.0	NT=ms-proteomics;VV=v1.1.0	NT=sdrf-skills;VV=v0.2.0	bloodstream form
PXD000711-Sample-2	Trypanosoma brucei	not applicable	procyclic form	MiTat 1.4	not applicable	whole organism	no depletion	1	20111014_Orbi6_FB_tryp_proteome_KR_11	proteomic profiling by mass spectrometry	NT=LTQ Orbitrap XL;AC=MS:1000556	SILAC light	NT=Trypsin;AC=MS:1001251	NT=Carbamidomethyl;AC=UNIMOD:4;TA=C;MT=Fixed	NT=Oxidation;AC=UNIMOD:35;TA=M;MT=Variable	NT=Acetyl;AC=UNIMOD:1;PP=Protein N-term;MT=Variable	NT=Data-dependent acquisition;AC=PRIDE:0000627	NT=collision-induced dissociation;AC=MS:1000133	NT=ion trap;AC=MS:1000264	35 NCE	6 ppm	0.5 Da	300m/z-1650m/z	NT=Dithiothreitol (DTT);AC=PRIDE:0000608	NT=Iodoacetamide (IAA);AC=PRIDE:0000599	NT=SDS PAGE;AC=PRIDE:0000568	2011-10-19	11	1	20111014_Orbi6_FB_tryp_proteome_KR_11.RAW	v1.1.0	NT=ms-proteomics;VV=v1.1.0	NT=sdrf-skills;VV=v0.2.0	procyclic form
PXD000711-Sample-1	Trypanosoma brucei	not applicable	bloodstream form	MiTat 1.4	not applicable	whole organism	no depletion	1	20111014_Orbi6_FB_tryp_proteome_KR_12	proteomic profiling by mass spectrometry	NT=LTQ Orbitrap XL;AC=MS:1000556	SILAC heavy	NT=Trypsin;AC=MS:1001251	NT=Carbamidomethyl;AC=UNIMOD:4;TA=C;MT=Fixed	NT=Oxidation;AC=UNIMOD:35;TA=M;MT=Variable	NT=Acetyl;AC=UNIMOD:1;PP=Protein N-term;MT=Variable	NT=Data-dependent acquisition;AC=PRIDE:0000627	NT=collision-induced dissociation;AC=MS:1000133	NT=ion trap;AC=MS:1000264	35 NCE	6 ppm	0.5 Da	300m/z-1650m/z	NT=Dithiothreitol (DTT);AC=PRIDE:0000608	NT=Iodoacetamide (IAA);AC=PRIDE:0000599	NT=SDS PAGE;AC=PRIDE:0000568	2011-10-20	12	1	20111014_Orbi6_FB_tryp_proteome_KR_12.RAW	v1.1.0	NT=ms-proteomics;VV=v1.1.0	NT=sdrf-skills;VV=v0.2.0	bloodstream form
PXD000711-Sample-2	Trypanosoma brucei	not applicable	procyclic form	MiTat 1.4	not applicable	whole organism	no depletion	1	20111014_Orbi6_FB_tryp_proteome_KR_12	proteomic profiling by mass spectrometry	NT=LTQ Orbitrap XL;AC=MS:1000556	SILAC light	NT=Trypsin;AC=MS:1001251	NT=Carbamidomethyl;AC=UNIMOD:4;TA=C;MT=Fixed	NT=Oxidation;AC=UNIMOD:35;TA=M;MT=Variable	NT=Acetyl;AC=UNIMOD:1;PP=Protein N-term;MT=Variable	NT=Data-dependent acquisition;AC=PRIDE:0000627	NT=collision-induced dissociation;AC=MS:1000133	NT=ion trap;AC=MS:1000264	35 NCE	6 ppm	0.5 Da	300m/z-1650m/z	NT=Dithiothreitol (DTT);AC=PRIDE:0000608	NT=Iodoacetamide (IAA);AC=PRIDE:0000599	NT=SDS PAGE;AC=PRIDE:0000568	2011-10-20	12	1	20111014_Orbi6_FB_tryp_proteome_KR_12.RAW	v1.1.0	NT=ms-proteomics;VV=v1.1.0	NT=sdrf-skills;VV=v0.2.0	procyclic form
PXD000711-Sample-1	Trypanosoma brucei	not applicable	bloodstream form	MiTat 1.4	not applicable	whole organism	no depletion	1	20120102_EXQ2_FB_SA_tryp_BSH_H_01	proteomic profiling by mass spectrometry	NT=Q Exactive;AC=MS:1001911	SILAC heavy	NT=Trypsin;AC=MS:1001251	NT=Carbamidomethyl;AC=UNIMOD:4;TA=C;MT=Fixed	NT=Oxidation;AC=UNIMOD:35;TA=M;MT=Variable	NT=Acetyl;AC=UNIMOD:1;PP=Protein N-term;MT=Variable	NT=Data-dependent acquisition;AC=PRIDE:0000627	NT=beam-type collision-induced dissociation;AC=MS:1000422	NT=orbitrap;AC=MS:1000484	25 NCE	6 ppm	20 ppm	300m/z-1650m/z	NT=Dithiothreitol (DTT);AC=PRIDE:0000608	NT=Iodoacetamide (IAA);AC=PRIDE:0000599	NT=SDS PAGE;AC=PRIDE:0000568	2012-01-02	1	2	20120102_EXQ2_FB_SA_tryp_BSH_H_01.raw	v1.1.0	NT=ms-proteomics;VV=v1.1.0	NT=sdrf-skills;VV=v0.2.0	bloodstream form
PXD000711-Sample-2	Trypanosoma brucei	not applicable	procyclic form	MiTat 1.4	not applicable	whole organism	no depletion	1	20120102_EXQ2_FB_SA_tryp_BSH_H_01	proteomic profiling by mass spectrometry	NT=Q Exactive;AC=MS:1001911	SILAC light	NT=Trypsin;AC=MS:1001251	NT=Carbamidomethyl;AC=UNIMOD:4;TA=C;MT=Fixed	NT=Oxidation;AC=UNIMOD:35;TA=M;MT=Variable	NT=Acetyl;AC=UNIMOD:1;PP=Protein N-term;MT=Variable	NT=Data-dependent acquisition;AC=PRIDE:0000627	NT=beam-type collision-induced dissociation;AC=MS:1000422	NT=orbitrap;AC=MS:1000484	25 NCE	6 ppm	20 ppm	300m/z-1650m/z	NT=Dithiothreitol (DTT);AC=PRIDE:0000608	NT=Iodoacetamide (IAA);AC=PRIDE:0000599	NT=SDS PAGE;AC=PRIDE:0000568	2012-01-02	1	2	20120102_EXQ2_FB_SA_tryp_BSH_H_01.raw	v1.1.0	NT=ms-proteomics;VV=v1.1.0	NT=sdrf-skills;VV=v0.2.0	procyclic form
PXD000711-Sample-1	Trypanosoma brucei	not applicable	bloodstream form	MiTat 1.4	not applicable	whole organism	no depletion	1	20120102_EXQ2_FB_SA_tryp_BSH_H_02	proteomic profiling by mass spectrometry	NT=Q Exactive;AC=MS:1001911	SILAC heavy	NT=Trypsin;AC=MS:1001251	NT=Carbamidomethyl;AC=UNIMOD:4;TA=C;MT=Fixed	NT=Oxidation;AC=UNIMOD:35;TA=M;MT=Variable	NT=Acetyl;AC=UNIMOD:1;PP=Protein N-term;MT=Variable	NT=Data-dependent acquisition;AC=PRIDE:0000627	NT=beam-type collision-induced dissociation;AC=MS:1000422	NT=orbitrap;AC=MS:1000484	25 NCE	6 ppm	20 ppm	300m/z-1650m/z	NT=Dithiothreitol (DTT);AC=PRIDE:0000608	NT=Iodoacetamide (IAA);AC=PRIDE:0000599	NT=SDS PAGE;AC=PRIDE:0000568	2012-01-03	2	2	20120102_EXQ2_FB_SA_tryp_BSH_H_02.raw	v1.1.0	NT=ms-proteomics;VV=v1.1.0	NT=sdrf-skills;VV=v0.2.0	bloodstream form
PXD000711-Sample-2	Trypanosoma brucei	not applicable	procyclic form	MiTat 1.4	not applicable	whole organism	no depletion	1	20120102_EXQ2_FB_SA_tryp_BSH_H_02	proteomic profiling by mass spectrometry	NT=Q Exactive;AC=MS:1001911	SILAC light	NT=Trypsin;AC=MS:1001251	NT=Carbamidomethyl;AC=UNIMOD:4;TA=C;MT=Fixed	NT=Oxidation;AC=UNIMOD:35;TA=M;MT=Variable	NT=Acetyl;AC=UNIMOD:1;PP=Protein N-term;MT=Variable	NT=Data-dependent acquisition;AC=PRIDE:0000627	NT=beam-type collision-induced dissociation;AC=MS:1000422	NT=orbitrap;AC=MS:1000484	25 NCE	6 ppm	20 ppm	300m/z-1650m/z	NT=Dithiothreitol (DTT);AC=PRIDE:0000608	NT=Iodoacetamide (IAA);AC=PRIDE:0000599	NT=SDS PAGE;AC=PRIDE:0000568	2012-01-03	2	2	20120102_EXQ2_FB_SA_tryp_BSH_H_02.raw	v1.1.0	NT=ms-proteomics;VV=v1.1.0	NT=sdrf-skills;VV=v0.2.0	procyclic form
PXD000711-Sample-1	Trypanosoma brucei	not applicable	bloodstream form	MiTat 1.4	not applicable	whole organism	no depletion	1	20120102_EXQ2_FB_SA_tryp_BSH_H_03	proteomic profiling by mass spectrometry	NT=Q Exactive;AC=MS:1001911	SILAC heavy	NT=Trypsin;AC=MS:1001251	NT=Carbamidomethyl;AC=UNIMOD:4;TA=C;MT=Fixed	NT=Oxidation;AC=UNIMOD:35;TA=M;MT=Variable	NT=Acetyl;AC=UNIMOD:1;PP=Protein N-term;MT=Variable	NT=Data-dependent acquisition;AC=PRIDE:0000627	NT=beam-type collision-induced dissociation;AC=MS:1000422	NT=orbitrap;AC=MS:1000484	25 NCE	6 ppm	20 ppm	300m/z-1650m/z	NT=Dithiothreitol (DTT);AC=PRIDE:0000608	NT=Iodoacetamide (IAA);AC=PRIDE:0000599	NT=SDS PAGE;AC=PRIDE:0000568	2012-01-03	3	2	20120102_EXQ2_FB_SA_tryp_BSH_H_03.raw	v1.1.0	NT=ms-proteomics;VV=v1.1.0	NT=sdrf-skills;VV=v0.2.0	bloodstream form
PXD000711-Sample-2	Trypanosoma brucei	not applicable	procyclic form	MiTat 1.4	not applicable	whole organism	no depletion	1	20120102_EXQ2_FB_SA_tryp_BSH_H_03	proteomic profiling by mass spectrometry	NT=Q Exactive;AC=MS:1001911	SILAC light	NT=Trypsin;AC=MS:1001251	NT=Carbamidomethyl;AC=UNIMOD:4;TA=C;MT=Fixed	NT=Oxidation;AC=UNIMOD:35;TA=M;MT=Variable	NT=Acetyl;AC=UNIMOD:1;PP=Protein N-term;MT=Variable	NT=Data-dependent acquisition;AC=PRIDE:0000627	NT=beam-type collision-induced dissociation;AC=MS:1000422	NT=orbitrap;AC=MS:1000484	25 NCE	6 ppm	20 ppm	300m/z-1650m/z	NT=Dithiothreitol (DTT);AC=PRIDE:0000608	NT=Iodoacetamide (IAA);AC=PRIDE:0000599	NT=SDS PAGE;AC=PRIDE:0000568	2012-01-03	3	2	20120102_EXQ2_FB_SA_tryp_BSH_H_03.raw	v1.1.0	NT=ms-proteomics;VV=v1.1.0	NT=sdrf-skills;VV=v0.2.0	procyclic form
PXD000711-Sample-1	Trypanosoma brucei	not applicable	bloodstream form	MiTat 1.4	not applicable	whole organism	no depletion	1	20120102_EXQ2_FB_SA_tryp_BSH_H_04	proteomic profiling by mass spectrometry	NT=Q Exactive;AC=MS:1001911	SILAC heavy	NT=Trypsin;AC=MS:1001251	NT=Carbamidomethyl;AC=UNIMOD:4;TA=C;MT=Fixed	NT=Oxidation;AC=UNIMOD:35;TA=M;MT=Variable	NT=Acetyl;AC=UNIMOD:1;PP=Protein N-term;MT=Variable	NT=Data-dependent acquisition;AC=PRIDE:0000627	NT=beam-type collision-induced dissociation;AC=MS:1000422	NT=orbitrap;AC=MS:1000484	25 NCE	6 ppm	20 ppm	300m/z-1650m/z	NT=Dithiothreitol (DTT);AC=PRIDE:0000608	NT=Iodoacetamide (IAA);AC=PRIDE:0000599	NT=SDS PAGE;AC=PRIDE:0000568	2012-01-03	4	2	20120102_EXQ2_FB_SA_tryp_BSH_H_04.raw	v1.1.0	NT=ms-proteomics;VV=v1.1.0	NT=sdrf-skills;VV=v0.2.0	bloodstream form
PXD000711-Sample-2	Trypanosoma brucei	not applicable	procyclic form	MiTat 1.4	not applicable	whole organism	no depletion	1	20120102_EXQ2_FB_SA_tryp_BSH_H_04	proteomic profiling by mass spectrometry	NT=Q Exactive;AC=MS:1001911	SILAC light	NT=Trypsin;AC=MS:1001251	NT=Carbamidomethyl;AC=UNIMOD:4;TA=C;MT=Fixed	NT=Oxidation;AC=UNIMOD:35;TA=M;MT=Variable	NT=Acetyl;AC=UNIMOD:1;PP=Protein N-term;MT=Variable	NT=Data-dependent acquisition;AC=PRIDE:0000627	NT=beam-type collision-induced dissociation;AC=MS:1000422	NT=orbitrap;AC=MS:1000484	25 NCE	6 ppm	20 ppm	300m/z-1650m/z	NT=Dithiothreitol (DTT);AC=PRIDE:0000608	NT=Iodoacetamide (IAA);AC=PRIDE:0000599	NT=SDS PAGE;AC=PRIDE:0000568	2012-01-03	4	2	20120102_EXQ2_FB_SA_tryp_BSH_H_04.raw	v1.1.0	NT=ms-proteomics;VV=v1.1.0	NT=sdrf-skills;VV=v0.2.0	procyclic form
PXD000711-Sample-1	Trypanosoma brucei	not applicable	bloodstream form	MiTat 1.4	not applicable	whole organism	no depletion	1	20120102_EXQ2_FB_SA_tryp_BSH_H_05	proteomic profiling by mass spectrometry	NT=Q Exactive;AC=MS:1001911	SILAC heavy	NT=Trypsin;AC=MS:1001251	NT=Carbamidomethyl;AC=UNIMOD:4;TA=C;MT=Fixed	NT=Oxidation;AC=UNIMOD:35;TA=M;MT=Variable	NT=Acetyl;AC=UNIMOD:1;PP=Protein N-term;MT=Variable	NT=Data-dependent acquisition;AC=PRIDE:0000627	NT=beam-type collision-induced dissociation;AC=MS:1000422	NT=orbitrap;AC=MS:1000484	25 NCE	6 ppm	20 ppm	300m/z-1650m/z	NT=Dithiothreitol (DTT);AC=PRIDE:0000608	NT=Iodoacetamide (IAA);AC=PRIDE:0000599	NT=SDS PAGE;AC=PRIDE:0000568	2012-01-03	5	2	20120102_EXQ2_FB_SA_tryp_BSH_H_05.raw	v1.1.0	NT=ms-proteomics;VV=v1.1.0	NT=sdrf-skills;VV=v0.2.0	bloodstream form
PXD000711-Sample-2	Trypanosoma brucei	not applicable	procyclic form	MiTat 1.4	not applicable	whole organism	no depletion	1	20120102_EXQ2_FB_SA_tryp_BSH_H_05	proteomic profiling by mass spectrometry	NT=Q Exactive;AC=MS:1001911	SILAC light	NT=Trypsin;AC=MS:1001251	NT=Carbamidomethyl;AC=UNIMOD:4;TA=C;MT=Fixed	NT=Oxidation;AC=UNIMOD:35;TA=M;MT=Variable	NT=Acetyl;AC=UNIMOD:1;PP=Protein N-term;MT=Variable	NT=Data-dependent acquisition;AC=PRIDE:0000627	NT=beam-type collision-induced dissociation;AC=MS:1000422	NT=orbitrap;AC=MS:1000484	25 NCE	6 ppm	20 ppm	300m/z-1650m/z	NT=Dithiothreitol (DTT);AC=PRIDE:0000608	NT=Iodoacetamide (IAA);AC=PRIDE:0000599	NT=SDS PAGE;AC=PRIDE:0000568	2012-01-03	5	2	20120102_EXQ2_FB_SA_tryp_BSH_H_05.raw	v1.1.0	NT=ms-proteomics;VV=v1.1.0	NT=sdrf-skills;VV=v0.2.0	procyclic form
PXD000711-Sample-1	Trypanosoma brucei	not applicable	bloodstream form	MiTat 1.4	not applicable	whole organism	no depletion	1	20120102_EXQ2_FB_SA_tryp_BSH_H_06	proteomic profiling by mass spectrometry	NT=Q Exactive;AC=MS:1001911	SILAC heavy	NT=Trypsin;AC=MS:1001251	NT=Carbamidomethyl;AC=UNIMOD:4;TA=C;MT=Fixed	NT=Oxidation;AC=UNIMOD:35;TA=M;MT=Variable	NT=Acetyl;AC=UNIMOD:1;PP=Protein N-term;MT=Variable	NT=Data-dependent acquisition;AC=PRIDE:0000627	NT=beam-type collision-induced dissociation;AC=MS:1000422	NT=orbitrap;AC=MS:1000484	25 NCE	6 ppm	20 ppm	300m/z-1650m/z	NT=Dithiothreitol (DTT);AC=PRIDE:0000608	NT=Iodoacetamide (IAA);AC=PRIDE:0000599	NT=SDS PAGE;AC=PRIDE:0000568	2012-01-03	6	2	20120102_EXQ2_FB_SA_tryp_BSH_H_06.raw	v1.1.0	NT=ms-proteomics;VV=v1.1.0	NT=sdrf-skills;VV=v0.2.0	bloodstream form
PXD000711-Sample-2	Trypanosoma brucei	not applicable	procyclic form	MiTat 1.4	not applicable	whole organism	no depletion	1	20120102_EXQ2_FB_SA_tryp_BSH_H_06	proteomic profiling by mass spectrometry	NT=Q Exactive;AC=MS:1001911	SILAC light	NT=Trypsin;AC=MS:1001251	NT=Carbamidomethyl;AC=UNIMOD:4;TA=C;MT=Fixed	NT=Oxidation;AC=UNIMOD:35;TA=M;MT=Variable	NT=Acetyl;AC=UNIMOD:1;PP=Protein N-term;MT=Variable	NT=Data-dependent acquisition;AC=PRIDE:0000627	NT=beam-type collision-induced dissociation;AC=MS:1000422	NT=orbitrap;AC=MS:1000484	25 NCE	6 ppm	20 ppm	300m/z-1650m/z	NT=Dithiothreitol (DTT);AC=PRIDE:0000608	NT=Iodoacetamide (IAA);AC=PRIDE:0000599	NT=SDS PAGE;AC=PRIDE:0000568	2012-01-03	6	2	20120102_EXQ2_FB_SA_tryp_BSH_H_06.raw	v1.1.0	NT=ms-proteomics;VV=v1.1.0	NT=sdrf-skills;VV=v0.2.0	procyclic form
PXD000711-Sample-1	Trypanosoma brucei	not applicable	bloodstream form	MiTat 1.4	not applicable	whole organism	no depletion	1	20120102_EXQ2_FB_SA_tryp_BSH_H_07	proteomic profiling by mass spectrometry	NT=Q Exactive;AC=MS:1001911	SILAC heavy	NT=Trypsin;AC=MS:1001251	NT=Carbamidomethyl;AC=UNIMOD:4;TA=C;MT=Fixed	NT=Oxidation;AC=UNIMOD:35;TA=M;MT=Variable	NT=Acetyl;AC=UNIMOD:1;PP=Protein N-term;MT=Variable	NT=Data-dependent acquisition;AC=PRIDE:0000627	NT=beam-type collision-induced dissociation;AC=MS:1000422	NT=orbitrap;AC=MS:1000484	25 NCE	6 ppm	20 ppm	300m/z-1650m/z	NT=Dithiothreitol (DTT);AC=PRIDE:0000608	NT=Iodoacetamide (IAA);AC=PRIDE:0000599	NT=SDS PAGE;AC=PRIDE:0000568	2012-01-03	7	2	20120102_EXQ2_FB_SA_tryp_BSH_H_07.raw	v1.1.0	NT=ms-proteomics;VV=v1.1.0	NT=sdrf-skills;VV=v0.2.0	bloodstream form
PXD000711-Sample-2	Trypanosoma brucei	not applicable	procyclic form	MiTat 1.4	not applicable	whole organism	no depletion	1	20120102_EXQ2_FB_SA_tryp_BSH_H_07	proteomic profiling by mass spectrometry	NT=Q Exactive;AC=MS:1001911	SILAC light	NT=Trypsin;AC=MS:1001251	NT=Carbamidomethyl;AC=UNIMOD:4;TA=C;MT=Fixed	NT=Oxidation;AC=UNIMOD:35;TA=M;MT=Variable	NT=Acetyl;AC=UNIMOD:1;PP=Protein N-term;MT=Variable	NT=Data-dependent acquisition;AC=PRIDE:0000627	NT=beam-type collision-induced dissociation;AC=MS:1000422	NT=orbitrap;AC=MS:1000484	25 NCE	6 ppm	20 ppm	300m/z-1650m/z	NT=Dithiothreitol (DTT);AC=PRIDE:0000608	NT=Iodoacetamide (IAA);AC=PRIDE:0000599	NT=SDS PAGE;AC=PRIDE:0000568	2012-01-03	7	2	20120102_EXQ2_FB_SA_tryp_BSH_H_07.raw	v1.1.0	NT=ms-proteomics;VV=v1.1.0	NT=sdrf-skills;VV=v0.2.0	procyclic form
PXD000711-Sample-1	Trypanosoma brucei	not applicable	bloodstream form	MiTat 1.4	not applicable	whole organism	no depletion	1	20120102_EXQ2_FB_SA_tryp_BSH_H_08	proteomic profiling by mass spectrometry	NT=Q Exactive;AC=MS:1001911	SILAC heavy	NT=Trypsin;AC=MS:1001251	NT=Carbamidomethyl;AC=UNIMOD:4;TA=C;MT=Fixed	NT=Oxidation;AC=UNIMOD:35;TA=M;MT=Variable	NT=Acetyl;AC=UNIMOD:1;PP=Protein N-term;MT=Variable	NT=Data-dependent acquisition;AC=PRIDE:0000627	NT=beam-type collision-induced dissociation;AC=MS:1000422	NT=orbitrap;AC=MS:1000484	25 NCE	6 ppm	20 ppm	300m/z-1650m/z	NT=Dithiothreitol (DTT);AC=PRIDE:0000608	NT=Iodoacetamide (IAA);AC=PRIDE:0000599	NT=SDS PAGE;AC=PRIDE:0000568	2012-01-03	8	2	20120102_EXQ2_FB_SA_tryp_BSH_H_08.raw	v1.1.0	NT=ms-proteomics;VV=v1.1.0	NT=sdrf-skills;VV=v0.2.0	bloodstream form
PXD000711-Sample-2	Trypanosoma brucei	not applicable	procyclic form	MiTat 1.4	not applicable	whole organism	no depletion	1	20120102_EXQ2_FB_SA_tryp_BSH_H_08	proteomic profiling by mass spectrometry	NT=Q Exactive;AC=MS:1001911	SILAC light	NT=Trypsin;AC=MS:1001251	NT=Carbamidomethyl;AC=UNIMOD:4;TA=C;MT=Fixed	NT=Oxidation;AC=UNIMOD:35;TA=M;MT=Variable	NT=Acetyl;AC=UNIMOD:1;PP=Protein N-term;MT=Variable	NT=Data-dependent acquisition;AC=PRIDE:0000627	NT=beam-type collision-induced dissociation;AC=MS:1000422	NT=orbitrap;AC=MS:1000484	25 NCE	6 ppm	20 ppm	300m/z-1650m/z	NT=Dithiothreitol (DTT);AC=PRIDE:0000608	NT=Iodoacetamide (IAA);AC=PRIDE:0000599	NT=SDS PAGE;AC=PRIDE:0000568	2012-01-03	8	2	20120102_EXQ2_FB_SA_tryp_BSH_H_08.raw	v1.1.0	NT=ms-proteomics;VV=v1.1.0	NT=sdrf-skills;VV=v0.2.0	procyclic form
PXD000711-Sample-1	Trypanosoma brucei	not applicable	bloodstream form	MiTat 1.4	not applicable	whole organism	no depletion	1	20120102_EXQ2_FB_SA_tryp_BSH_H_09	proteomic profiling by mass spectrometry	NT=Q Exactive;AC=MS:1001911	SILAC heavy	NT=Trypsin;AC=MS:1001251	NT=Carbamidomethyl;AC=UNIMOD:4;TA=C;MT=Fixed	NT=Oxidation;AC=UNIMOD:35;TA=M;MT=Variable	NT=Acetyl;AC=UNIMOD:1;PP=Protein N-term;MT=Variable	NT=Data-dependent acquisition;AC=PRIDE:0000627	NT=beam-type collision-induced dissociation;AC=MS:1000422	NT=orbitrap;AC=MS:1000484	25 NCE	6 ppm	20 ppm	300m/z-1650m/z	NT=Dithiothreitol (DTT);AC=PRIDE:0000608	NT=Iodoacetamide (IAA);AC=PRIDE:0000599	NT=SDS PAGE;AC=PRIDE:0000568	2012-01-03	9	2	20120102_EXQ2_FB_SA_tryp_BSH_H_09.raw	v1.1.0	NT=ms-proteomics;VV=v1.1.0	NT=sdrf-skills;VV=v0.2.0	bloodstream form
PXD000711-Sample-2	Trypanosoma brucei	not applicable	procyclic form	MiTat 1.4	not applicable	whole organism	no depletion	1	20120102_EXQ2_FB_SA_tryp_BSH_H_09	proteomic profiling by mass spectrometry	NT=Q Exactive;AC=MS:1001911	SILAC light	NT=Trypsin;AC=MS:1001251	NT=Carbamidomethyl;AC=UNIMOD:4;TA=C;MT=Fixed	NT=Oxidation;AC=UNIMOD:35;TA=M;MT=Variable	NT=Acetyl;AC=UNIMOD:1;PP=Protein N-term;MT=Variable	NT=Data-dependent acquisition;AC=PRIDE:0000627	NT=beam-type collision-induced dissociation;AC=MS:1000422	NT=orbitrap;AC=MS:1000484	25 NCE	6 ppm	20 ppm	300m/z-1650m/z	NT=Dithiothreitol (DTT);AC=PRIDE:0000608	NT=Iodoacetamide (IAA);AC=PRIDE:0000599	NT=SDS PAGE;AC=PRIDE:0000568	2012-01-03	9	2	20120102_EXQ2_FB_SA_tryp_BSH_H_09.raw	v1.1.0	NT=ms-proteomics;VV=v1.1.0	NT=sdrf-skills;VV=v0.2.0	procyclic form
PXD000711-Sample-1	Trypanosoma brucei	not applicable	bloodstream form	MiTat 1.4	not applicable	whole organism	no depletion	1	20120102_EXQ2_FB_SA_tryp_BSH_H_10	proteomic profiling by mass spectrometry	NT=Q Exactive;AC=MS:1001911	SILAC heavy	NT=Trypsin;AC=MS:1001251	NT=Carbamidomethyl;AC=UNIMOD:4;TA=C;MT=Fixed	NT=Oxidation;AC=UNIMOD:35;TA=M;MT=Variable	NT=Acetyl;AC=UNIMOD:1;PP=Protein N-term;MT=Variable	NT=Data-dependent acquisition;AC=PRIDE:0000627	NT=beam-type collision-induced dissociation;AC=MS:1000422	NT=orbitrap;AC=MS:1000484	25 NCE	6 ppm	20 ppm	300m/z-1650m/z	NT=Dithiothreitol (DTT);AC=PRIDE:0000608	NT=Iodoacetamide (IAA);AC=PRIDE:0000599	NT=SDS PAGE;AC=PRIDE:0000568	2012-01-04	10	2	20120102_EXQ2_FB_SA_tryp_BSH_H_10.raw	v1.1.0	NT=ms-proteomics;VV=v1.1.0	NT=sdrf-skills;VV=v0.2.0	bloodstream form
PXD000711-Sample-2	Trypanosoma brucei	not applicable	procyclic form	MiTat 1.4	not applicable	whole organism	no depletion	1	20120102_EXQ2_FB_SA_tryp_BSH_H_10	proteomic profiling by mass spectrometry	NT=Q Exactive;AC=MS:1001911	SILAC light	NT=Trypsin;AC=MS:1001251	NT=Carbamidomethyl;AC=UNIMOD:4;TA=C;MT=Fixed	NT=Oxidation;AC=UNIMOD:35;TA=M;MT=Variable	NT=Acetyl;AC=UNIMOD:1;PP=Protein N-term;MT=Variable	NT=Data-dependent acquisition;AC=PRIDE:0000627	NT=beam-type collision-induced dissociation;AC=MS:1000422	NT=orbitrap;AC=MS:1000484	25 NCE	6 ppm	20 ppm	300m/z-1650m/z	NT=Dithiothreitol (DTT);AC=PRIDE:0000608	NT=Iodoacetamide (IAA);AC=PRIDE:0000599	NT=SDS PAGE;AC=PRIDE:0000568	2012-01-04	10	2	20120102_EXQ2_FB_SA_tryp_BSH_H_10.raw	v1.1.0	NT=ms-proteomics;VV=v1.1.0	NT=sdrf-skills;VV=v0.2.0	procyclic form
PXD000711-Sample-1	Trypanosoma brucei	not applicable	bloodstream form	MiTat 1.4	not applicable	whole organism	no depletion	1	20120102_EXQ2_FB_SA_tryp_BSH_H_11	proteomic profiling by mass spectrometry	NT=Q Exactive;AC=MS:1001911	SILAC heavy	NT=Trypsin;AC=MS:1001251	NT=Carbamidomethyl;AC=UNIMOD:4;TA=C;MT=Fixed	NT=Oxidation;AC=UNIMOD:35;TA=M;MT=Variable	NT=Acetyl;AC=UNIMOD:1;PP=Protein N-term;MT=Variable	NT=Data-dependent acquisition;AC=PRIDE:0000627	NT=beam-type collision-induced dissociation;AC=MS:1000422	NT=orbitrap;AC=MS:1000484	25 NCE	6 ppm	20 ppm	300m/z-1650m/z	NT=Dithiothreitol (DTT);AC=PRIDE:0000608	NT=Iodoacetamide (IAA);AC=PRIDE:0000599	NT=SDS PAGE;AC=PRIDE:0000568	2012-01-04	11	2	20120102_EXQ2_FB_SA_tryp_BSH_H_11.raw	v1.1.0	NT=ms-proteomics;VV=v1.1.0	NT=sdrf-skills;VV=v0.2.0	bloodstream form
PXD000711-Sample-2	Trypanosoma brucei	not applicable	procyclic form	MiTat 1.4	not applicable	whole organism	no depletion	1	20120102_EXQ2_FB_SA_tryp_BSH_H_11	proteomic profiling by mass spectrometry	NT=Q Exactive;AC=MS:1001911	SILAC light	NT=Trypsin;AC=MS:1001251	NT=Carbamidomethyl;AC=UNIMOD:4;TA=C;MT=Fixed	NT=Oxidation;AC=UNIMOD:35;TA=M;MT=Variable	NT=Acetyl;AC=UNIMOD:1;PP=Protein N-term;MT=Variable	NT=Data-dependent acquisition;AC=PRIDE:0000627	NT=beam-type collision-induced dissociation;AC=MS:1000422	NT=orbitrap;AC=MS:1000484	25 NCE	6 ppm	20 ppm	300m/z-1650m/z	NT=Dithiothreitol (DTT);AC=PRIDE:0000608	NT=Iodoacetamide (IAA);AC=PRIDE:0000599	NT=SDS PAGE;AC=PRIDE:0000568	2012-01-04	11	2	20120102_EXQ2_FB_SA_tryp_BSH_H_11.raw	v1.1.0	NT=ms-proteomics;VV=v1.1.0	NT=sdrf-skills;VV=v0.2.0	procyclic form
PXD000711-Sample-1	Trypanosoma brucei	not applicable	bloodstream form	MiTat 1.4	not applicable	whole organism	no depletion	1	20120102_EXQ2_FB_SA_tryp_BSH_H_12	proteomic profiling by mass spectrometry	NT=Q Exactive;AC=MS:1001911	SILAC heavy	NT=Trypsin;AC=MS:1001251	NT=Carbamidomethyl;AC=UNIMOD:4;TA=C;MT=Fixed	NT=Oxidation;AC=UNIMOD:35;TA=M;MT=Variable	NT=Acetyl;AC=UNIMOD:1;PP=Protein N-term;MT=Variable	NT=Data-dependent acquisition;AC=PRIDE:0000627	NT=beam-type collision-induced dissociation;AC=MS:1000422	NT=orbitrap;AC=MS:1000484	25 NCE	6 ppm	20 ppm	300m/z-1650m/z	NT=Dithiothreitol (DTT);AC=PRIDE:0000608	NT=Iodoacetamide (IAA);AC=PRIDE:0000599	NT=SDS PAGE;AC=PRIDE:0000568	2012-01-04	12	2	20120102_EXQ2_FB_SA_tryp_BSH_H_12.raw	v1.1.0	NT=ms-proteomics;VV=v1.1.0	NT=sdrf-skills;VV=v0.2.0	bloodstream form
PXD000711-Sample-2	Trypanosoma brucei	not applicable	procyclic form	MiTat 1.4	not applicable	whole organism	no depletion	1	20120102_EXQ2_FB_SA_tryp_BSH_H_12	proteomic profiling by mass spectrometry	NT=Q Exactive;AC=MS:1001911	SILAC light	NT=Trypsin;AC=MS:1001251	NT=Carbamidomethyl;AC=UNIMOD:4;TA=C;MT=Fixed	NT=Oxidation;AC=UNIMOD:35;TA=M;MT=Variable	NT=Acetyl;AC=UNIMOD:1;PP=Protein N-term;MT=Variable	NT=Data-dependent acquisition;AC=PRIDE:0000627	NT=beam-type collision-induced dissociation;AC=MS:1000422	NT=orbitrap;AC=MS:1000484	25 NCE	6 ppm	20 ppm	300m/z-1650m/z	NT=Dithiothreitol (DTT);AC=PRIDE:0000608	NT=Iodoacetamide (IAA);AC=PRIDE:0000599	NT=SDS PAGE;AC=PRIDE:0000568	2012-01-04	12	2	20120102_EXQ2_FB_SA_tryp_BSH_H_12.raw	v1.1.0	NT=ms-proteomics;VV=v1.1.0	NT=sdrf-skills;VV=v0.2.0	procyclic form
PXD000711-Sample-4	Trypanosoma brucei	not applicable	procyclic form	MiTat 1.4	not applicable	whole organism	no depletion	2	20111014_Orbi6_FB_tryp_proteome_KR_13	proteomic profiling by mass spectrometry	NT=LTQ Orbitrap XL;AC=MS:1000556	SILAC heavy	NT=Trypsin;AC=MS:1001251	NT=Carbamidomethyl;AC=UNIMOD:4;TA=C;MT=Fixed	NT=Oxidation;AC=UNIMOD:35;TA=M;MT=Variable	NT=Acetyl;AC=UNIMOD:1;PP=Protein N-term;MT=Variable	NT=Data-dependent acquisition;AC=PRIDE:0000627	NT=collision-induced dissociation;AC=MS:1000133	NT=ion trap;AC=MS:1000264	35 NCE	6 ppm	0.5 Da	300m/z-1650m/z	NT=Dithiothreitol (DTT);AC=PRIDE:0000608	NT=Iodoacetamide (IAA);AC=PRIDE:0000599	NT=SDS PAGE;AC=PRIDE:0000568	2011-10-20	1	1	20111014_Orbi6_FB_tryp_proteome_KR_13.RAW	v1.1.0	NT=ms-proteomics;VV=v1.1.0	NT=sdrf-skills;VV=v0.2.0	procyclic form
PXD000711-Sample-3	Trypanosoma brucei	not applicable	bloodstream form	MiTat 1.4	not applicable	whole organism	no depletion	2	20111014_Orbi6_FB_tryp_proteome_KR_13	proteomic profiling by mass spectrometry	NT=LTQ Orbitrap XL;AC=MS:1000556	SILAC light	NT=Trypsin;AC=MS:1001251	NT=Carbamidomethyl;AC=UNIMOD:4;TA=C;MT=Fixed	NT=Oxidation;AC=UNIMOD:35;TA=M;MT=Variable	NT=Acetyl;AC=UNIMOD:1;PP=Protein N-term;MT=Variable	NT=Data-dependent acquisition;AC=PRIDE:0000627	NT=collision-induced dissociation;AC=MS:1000133	NT=ion trap;AC=MS:1000264	35 NCE	6 ppm	0.5 Da	300m/z-1650m/z	NT=Dithiothreitol (DTT);AC=PRIDE:0000608	NT=Iodoacetamide (IAA);AC=PRIDE:0000599	NT=SDS PAGE;AC=PRIDE:0000568	2011-10-20	1	1	20111014_Orbi6_FB_tryp_proteome_KR_13.RAW	v1.1.0	NT=ms-proteomics;VV=v1.1.0	NT=sdrf-skills;VV=v0.2.0	bloodstream form
PXD000711-Sample-4	Trypanosoma brucei	not applicable	procyclic form	MiTat 1.4	not applicable	whole organism	no depletion	2	20111014_Orbi6_FB_tryp_proteome_KR_14	proteomic profiling by mass spectrometry	NT=LTQ Orbitrap XL;AC=MS:1000556	SILAC heavy	NT=Trypsin;AC=MS:1001251	NT=Carbamidomethyl;AC=UNIMOD:4;TA=C;MT=Fixed	NT=Oxidation;AC=UNIMOD:35;TA=M;MT=Variable	NT=Acetyl;AC=UNIMOD:1;PP=Protein N-term;MT=Variable	NT=Data-dependent acquisition;AC=PRIDE:0000627	NT=collision-induced dissociation;AC=MS:1000133	NT=ion trap;AC=MS:1000264	35 NCE	6 ppm	0.5 Da	300m/z-1650m/z	NT=Dithiothreitol (DTT);AC=PRIDE:0000608	NT=Iodoacetamide (IAA);AC=PRIDE:0000599	NT=SDS PAGE;AC=PRIDE:0000568	2011-10-20	2	1	20111014_Orbi6_FB_tryp_proteome_KR_14.RAW	v1.1.0	NT=ms-proteomics;VV=v1.1.0	NT=sdrf-skills;VV=v0.2.0	procyclic form
PXD000711-Sample-3	Trypanosoma brucei	not applicable	bloodstream form	MiTat 1.4	not applicable	whole organism	no depletion	2	20111014_Orbi6_FB_tryp_proteome_KR_14	proteomic profiling by mass spectrometry	NT=LTQ Orbitrap XL;AC=MS:1000556	SILAC light	NT=Trypsin;AC=MS:1001251	NT=Carbamidomethyl;AC=UNIMOD:4;TA=C;MT=Fixed	NT=Oxidation;AC=UNIMOD:35;TA=M;MT=Variable	NT=Acetyl;AC=UNIMOD:1;PP=Protein N-term;MT=Variable	NT=Data-dependent acquisition;AC=PRIDE:0000627	NT=collision-induced dissociation;AC=MS:1000133	NT=ion trap;AC=MS:1000264	35 NCE	6 ppm	0.5 Da	300m/z-1650m/z	NT=Dithiothreitol (DTT);AC=PRIDE:0000608	NT=Iodoacetamide (IAA);AC=PRIDE:0000599	NT=SDS PAGE;AC=PRIDE:0000568	2011-10-20	2	1	20111014_Orbi6_FB_tryp_proteome_KR_14.RAW	v1.1.0	NT=ms-proteomics;VV=v1.1.0	NT=sdrf-skills;VV=v0.2.0	bloodstream form
PXD000711-Sample-4	Trypanosoma brucei	not applicable	procyclic form	MiTat 1.4	not applicable	whole organism	no depletion	2	20111014_Orbi6_FB_tryp_proteome_KR_15	proteomic profiling by mass spectrometry	NT=LTQ Orbitrap XL;AC=MS:1000556	SILAC heavy	NT=Trypsin;AC=MS:1001251	NT=Carbamidomethyl;AC=UNIMOD:4;TA=C;MT=Fixed	NT=Oxidation;AC=UNIMOD:35;TA=M;MT=Variable	NT=Acetyl;AC=UNIMOD:1;PP=Protein N-term;MT=Variable	NT=Data-dependent acquisition;AC=PRIDE:0000627	NT=collision-induced dissociation;AC=MS:1000133	NT=ion trap;AC=MS:1000264	35 NCE	6 ppm	0.5 Da	300m/z-1650m/z	NT=Dithiothreitol (DTT);AC=PRIDE:0000608	NT=Iodoacetamide (IAA);AC=PRIDE:0000599	NT=SDS PAGE;AC=PRIDE:0000568	2011-10-20	3	1	20111014_Orbi6_FB_tryp_proteome_KR_15.RAW	v1.1.0	NT=ms-proteomics;VV=v1.1.0	NT=sdrf-skills;VV=v0.2.0	procyclic form
PXD000711-Sample-3	Trypanosoma brucei	not applicable	bloodstream form	MiTat 1.4	not applicable	whole organism	no depletion	2	20111014_Orbi6_FB_tryp_proteome_KR_15	proteomic profiling by mass spectrometry	NT=LTQ Orbitrap XL;AC=MS:1000556	SILAC light	NT=Trypsin;AC=MS:1001251	NT=Carbamidomethyl;AC=UNIMOD:4;TA=C;MT=Fixed	NT=Oxidation;AC=UNIMOD:35;TA=M;MT=Variable	NT=Acetyl;AC=UNIMOD:1;PP=Protein N-term;MT=Variable	NT=Data-dependent acquisition;AC=PRIDE:0000627	NT=collision-induced dissociation;AC=MS:1000133	NT=ion trap;AC=MS:1000264	35 NCE	6 ppm	0.5 Da	300m/z-1650m/z	NT=Dithiothreitol (DTT);AC=PRIDE:0000608	NT=Iodoacetamide (IAA);AC=PRIDE:0000599	NT=SDS PAGE;AC=PRIDE:0000568	2011-10-20	3	1	20111014_Orbi6_FB_tryp_proteome_KR_15.RAW	v1.1.0	NT=ms-proteomics;VV=v1.1.0	NT=sdrf-skills;VV=v0.2.0	bloodstream form
PXD000711-Sample-4	Trypanosoma brucei	not applicable	procyclic form	MiTat 1.4	not applicable	whole organism	no depletion	2	20111014_Orbi6_FB_tryp_proteome_KR_16	proteomic profiling by mass spectrometry	NT=LTQ Orbitrap XL;AC=MS:1000556	SILAC heavy	NT=Trypsin;AC=MS:1001251	NT=Carbamidomethyl;AC=UNIMOD:4;TA=C;MT=Fixed	NT=Oxidation;AC=UNIMOD:35;TA=M;MT=Variable	NT=Acetyl;AC=UNIMOD:1;PP=Protein N-term;MT=Variable	NT=Data-dependent acquisition;AC=PRIDE:0000627	NT=collision-induced dissociation;AC=MS:1000133	NT=ion trap;AC=MS:1000264	35 NCE	6 ppm	0.5 Da	300m/z-1650m/z	NT=Dithiothreitol (DTT);AC=PRIDE:0000608	NT=Iodoacetamide (IAA);AC=PRIDE:0000599	NT=SDS PAGE;AC=PRIDE:0000568	2011-10-20	4	1	20111014_Orbi6_FB_tryp_proteome_KR_16.RAW	v1.1.0	NT=ms-proteomics;VV=v1.1.0	NT=sdrf-skills;VV=v0.2.0	procyclic form
PXD000711-Sample-3	Trypanosoma brucei	not applicable	bloodstream form	MiTat 1.4	not applicable	whole organism	no depletion	2	20111014_Orbi6_FB_tryp_proteome_KR_16	proteomic profiling by mass spectrometry	NT=LTQ Orbitrap XL;AC=MS:1000556	SILAC light	NT=Trypsin;AC=MS:1001251	NT=Carbamidomethyl;AC=UNIMOD:4;TA=C;MT=Fixed	NT=Oxidation;AC=UNIMOD:35;TA=M;MT=Variable	NT=Acetyl;AC=UNIMOD:1;PP=Protein N-term;MT=Variable	NT=Data-dependent acquisition;AC=PRIDE:0000627	NT=collision-induced dissociation;AC=MS:1000133	NT=ion trap;AC=MS:1000264	35 NCE	6 ppm	0.5 Da	300m/z-1650m/z	NT=Dithiothreitol (DTT);AC=PRIDE:0000608	NT=Iodoacetamide (IAA);AC=PRIDE:0000599	NT=SDS PAGE;AC=PRIDE:0000568	2011-10-20	4	1	20111014_Orbi6_FB_tryp_proteome_KR_16.RAW	v1.1.0	NT=ms-proteomics;VV=v1.1.0	NT=sdrf-skills;VV=v0.2.0	bloodstream form
PXD000711-Sample-4	Trypanosoma brucei	not applicable	procyclic form	MiTat 1.4	not applicable	whole organism	no depletion	2	20111014_Orbi6_FB_tryp_proteome_KR_17	proteomic profiling by mass spectrometry	NT=LTQ Orbitrap XL;AC=MS:1000556	SILAC heavy	NT=Trypsin;AC=MS:1001251	NT=Carbamidomethyl;AC=UNIMOD:4;TA=C;MT=Fixed	NT=Oxidation;AC=UNIMOD:35;TA=M;MT=Variable	NT=Acetyl;AC=UNIMOD:1;PP=Protein N-term;MT=Variable	NT=Data-dependent acquisition;AC=PRIDE:0000627	NT=collision-induced dissociation;AC=MS:1000133	NT=ion trap;AC=MS:1000264	35 NCE	6 ppm	0.5 Da	300m/z-1650m/z	NT=Dithiothreitol (DTT);AC=PRIDE:0000608	NT=Iodoacetamide (IAA);AC=PRIDE:0000599	NT=SDS PAGE;AC=PRIDE:0000568	2011-10-20	5	1	20111014_Orbi6_FB_tryp_proteome_KR_17.RAW	v1.1.0	NT=ms-proteomics;VV=v1.1.0	NT=sdrf-skills;VV=v0.2.0	procyclic form
PXD000711-Sample-3	Trypanosoma brucei	not applicable	bloodstream form	MiTat 1.4	not applicable	whole organism	no depletion	2	20111014_Orbi6_FB_tryp_proteome_KR_17	proteomic profiling by mass spectrometry	NT=LTQ Orbitrap XL;AC=MS:1000556	SILAC light	NT=Trypsin;AC=MS:1001251	NT=Carbamidomethyl;AC=UNIMOD:4;TA=C;MT=Fixed	NT=Oxidation;AC=UNIMOD:35;TA=M;MT=Variable	NT=Acetyl;AC=UNIMOD:1;PP=Protein N-term;MT=Variable	NT=Data-dependent acquisition;AC=PRIDE:0000627	NT=collision-induced dissociation;AC=MS:1000133	NT=ion trap;AC=MS:1000264	35 NCE	6 ppm	0.5 Da	300m/z-1650m/z	NT=Dithiothreitol (DTT);AC=PRIDE:0000608	NT=Iodoacetamide (IAA);AC=PRIDE:0000599	NT=SDS PAGE;AC=PRIDE:0000568	2011-10-20	5	1	20111014_Orbi6_FB_tryp_proteome_KR_17.RAW	v1.1.0	NT=ms-proteomics;VV=v1.1.0	NT=sdrf-skills;VV=v0.2.0	bloodstream form
PXD000711-Sample-4	Trypanosoma brucei	not applicable	procyclic form	MiTat 1.4	not applicable	whole organism	no depletion	2	20111014_Orbi6_FB_tryp_proteome_KR_18	proteomic profiling by mass spectrometry	NT=LTQ Orbitrap XL;AC=MS:1000556	SILAC heavy	NT=Trypsin;AC=MS:1001251	NT=Carbamidomethyl;AC=UNIMOD:4;TA=C;MT=Fixed	NT=Oxidation;AC=UNIMOD:35;TA=M;MT=Variable	NT=Acetyl;AC=UNIMOD:1;PP=Protein N-term;MT=Variable	NT=Data-dependent acquisition;AC=PRIDE:0000627	NT=collision-induced dissociation;AC=MS:1000133	NT=ion trap;AC=MS:1000264	35 NCE	6 ppm	0.5 Da	300m/z-1650m/z	NT=Dithiothreitol (DTT);AC=PRIDE:0000608	NT=Iodoacetamide (IAA);AC=PRIDE:0000599	NT=SDS PAGE;AC=PRIDE:0000568	2011-10-20	6	1	20111014_Orbi6_FB_tryp_proteome_KR_18.RAW	v1.1.0	NT=ms-proteomics;VV=v1.1.0	NT=sdrf-skills;VV=v0.2.0	procyclic form
PXD000711-Sample-3	Trypanosoma brucei	not applicable	bloodstream form	MiTat 1.4	not applicable	whole organism	no depletion	2	20111014_Orbi6_FB_tryp_proteome_KR_18	proteomic profiling by mass spectrometry	NT=LTQ Orbitrap XL;AC=MS:1000556	SILAC light	NT=Trypsin;AC=MS:1001251	NT=Carbamidomethyl;AC=UNIMOD:4;TA=C;MT=Fixed	NT=Oxidation;AC=UNIMOD:35;TA=M;MT=Variable	NT=Acetyl;AC=UNIMOD:1;PP=Protein N-term;MT=Variable	NT=Data-dependent acquisition;AC=PRIDE:0000627	NT=collision-induced dissociation;AC=MS:1000133	NT=ion trap;AC=MS:1000264	35 NCE	6 ppm	0.5 Da	300m/z-1650m/z	NT=Dithiothreitol (DTT);AC=PRIDE:0000608	NT=Iodoacetamide (IAA);AC=PRIDE:0000599	NT=SDS PAGE;AC=PRIDE:0000568	2011-10-20	6	1	20111014_Orbi6_FB_tryp_proteome_KR_18.RAW	v1.1.0	NT=ms-proteomics;VV=v1.1.0	NT=sdrf-skills;VV=v0.2.0	bloodstream form
PXD000711-Sample-4	Trypanosoma brucei	not applicable	procyclic form	MiTat 1.4	not applicable	whole organism	no depletion	2	20111014_Orbi6_FB_tryp_proteome_KR_19	proteomic profiling by mass spectrometry	NT=LTQ Orbitrap XL;AC=MS:1000556	SILAC heavy	NT=Trypsin;AC=MS:1001251	NT=Carbamidomethyl;AC=UNIMOD:4;TA=C;MT=Fixed	NT=Oxidation;AC=UNIMOD:35;TA=M;MT=Variable	NT=Acetyl;AC=UNIMOD:1;PP=Protein N-term;MT=Variable	NT=Data-dependent acquisition;AC=PRIDE:0000627	NT=collision-induced dissociation;AC=MS:1000133	NT=ion trap;AC=MS:1000264	35 NCE	6 ppm	0.5 Da	300m/z-1650m/z	NT=Dithiothreitol (DTT);AC=PRIDE:0000608	NT=Iodoacetamide (IAA);AC=PRIDE:0000599	NT=SDS PAGE;AC=PRIDE:0000568	2011-10-21	7	1	20111014_Orbi6_FB_tryp_proteome_KR_19.RAW	v1.1.0	NT=ms-proteomics;VV=v1.1.0	NT=sdrf-skills;VV=v0.2.0	procyclic form
PXD000711-Sample-3	Trypanosoma brucei	not applicable	bloodstream form	MiTat 1.4	not applicable	whole organism	no depletion	2	20111014_Orbi6_FB_tryp_proteome_KR_19	proteomic profiling by mass spectrometry	NT=LTQ Orbitrap XL;AC=MS:1000556	SILAC light	NT=Trypsin;AC=MS:1001251	NT=Carbamidomethyl;AC=UNIMOD:4;TA=C;MT=Fixed	NT=Oxidation;AC=UNIMOD:35;TA=M;MT=Variable	NT=Acetyl;AC=UNIMOD:1;PP=Protein N-term;MT=Variable	NT=Data-dependent acquisition;AC=PRIDE:0000627	NT=collision-induced dissociation;AC=MS:1000133	NT=ion trap;AC=MS:1000264	35 NCE	6 ppm	0.5 Da	300m/z-1650m/z	NT=Dithiothreitol (DTT);AC=PRIDE:0000608	NT=Iodoacetamide (IAA);AC=PRIDE:0000599	NT=SDS PAGE;AC=PRIDE:0000568	2011-10-21	7	1	20111014_Orbi6_FB_tryp_proteome_KR_19.RAW	v1.1.0	NT=ms-proteomics;VV=v1.1.0	NT=sdrf-skills;VV=v0.2.0	bloodstream form
PXD000711-Sample-4	Trypanosoma brucei	not applicable	procyclic form	MiTat 1.4	not applicable	whole organism	no depletion	2	20111014_Orbi6_FB_tryp_proteome_KR_20	proteomic profiling by mass spectrometry	NT=LTQ Orbitrap XL;AC=MS:1000556	SILAC heavy	NT=Trypsin;AC=MS:1001251	NT=Carbamidomethyl;AC=UNIMOD:4;TA=C;MT=Fixed	NT=Oxidation;AC=UNIMOD:35;TA=M;MT=Variable	NT=Acetyl;AC=UNIMOD:1;PP=Protein N-term;MT=Variable	NT=Data-dependent acquisition;AC=PRIDE:0000627	NT=collision-induced dissociation;AC=MS:1000133	NT=ion trap;AC=MS:1000264	35 NCE	6 ppm	0.5 Da	300m/z-1650m/z	NT=Dithiothreitol (DTT);AC=PRIDE:0000608	NT=Iodoacetamide (IAA);AC=PRIDE:0000599	NT=SDS PAGE;AC=PRIDE:0000568	2011-10-21	8	1	20111014_Orbi6_FB_tryp_proteome_KR_20.RAW	v1.1.0	NT=ms-proteomics;VV=v1.1.0	NT=sdrf-skills;VV=v0.2.0	procyclic form
PXD000711-Sample-3	Trypanosoma brucei	not applicable	bloodstream form	MiTat 1.4	not applicable	whole organism	no depletion	2	20111014_Orbi6_FB_tryp_proteome_KR_20	proteomic profiling by mass spectrometry	NT=LTQ Orbitrap XL;AC=MS:1000556	SILAC light	NT=Trypsin;AC=MS:1001251	NT=Carbamidomethyl;AC=UNIMOD:4;TA=C;MT=Fixed	NT=Oxidation;AC=UNIMOD:35;TA=M;MT=Variable	NT=Acetyl;AC=UNIMOD:1;PP=Protein N-term;MT=Variable	NT=Data-dependent acquisition;AC=PRIDE:0000627	NT=collision-induced dissociation;AC=MS:1000133	NT=ion trap;AC=MS:1000264	35 NCE	6 ppm	0.5 Da	300m/z-1650m/z	NT=Dithiothreitol (DTT);AC=PRIDE:0000608	NT=Iodoacetamide (IAA);AC=PRIDE:0000599	NT=SDS PAGE;AC=PRIDE:0000568	2011-10-21	8	1	20111014_Orbi6_FB_tryp_proteome_KR_20.RAW	v1.1.0	NT=ms-proteomics;VV=v1.1.0	NT=sdrf-skills;VV=v0.2.0	bloodstream form
PXD000711-Sample-4	Trypanosoma brucei	not applicable	procyclic form	MiTat 1.4	not applicable	whole organism	no depletion	2	20111014_Orbi6_FB_tryp_proteome_KR_21	proteomic profiling by mass spectrometry	NT=LTQ Orbitrap XL;AC=MS:1000556	SILAC heavy	NT=Trypsin;AC=MS:1001251	NT=Carbamidomethyl;AC=UNIMOD:4;TA=C;MT=Fixed	NT=Oxidation;AC=UNIMOD:35;TA=M;MT=Variable	NT=Acetyl;AC=UNIMOD:1;PP=Protein N-term;MT=Variable	NT=Data-dependent acquisition;AC=PRIDE:0000627	NT=collision-induced dissociation;AC=MS:1000133	NT=ion trap;AC=MS:1000264	35 NCE	6 ppm	0.5 Da	300m/z-1650m/z	NT=Dithiothreitol (DTT);AC=PRIDE:0000608	NT=Iodoacetamide (IAA);AC=PRIDE:0000599	NT=SDS PAGE;AC=PRIDE:0000568	2011-10-22	9	1	20111014_Orbi6_FB_tryp_proteome_KR_21.RAW	v1.1.0	NT=ms-proteomics;VV=v1.1.0	NT=sdrf-skills;VV=v0.2.0	procyclic form
PXD000711-Sample-3	Trypanosoma brucei	not applicable	bloodstream form	MiTat 1.4	not applicable	whole organism	no depletion	2	20111014_Orbi6_FB_tryp_proteome_KR_21	proteomic profiling by mass spectrometry	NT=LTQ Orbitrap XL;AC=MS:1000556	SILAC light	NT=Trypsin;AC=MS:1001251	NT=Carbamidomethyl;AC=UNIMOD:4;TA=C;MT=Fixed	NT=Oxidation;AC=UNIMOD:35;TA=M;MT=Variable	NT=Acetyl;AC=UNIMOD:1;PP=Protein N-term;MT=Variable	NT=Data-dependent acquisition;AC=PRIDE:0000627	NT=collision-induced dissociation;AC=MS:1000133	NT=ion trap;AC=MS:1000264	35 NCE	6 ppm	0.5 Da	300m/z-1650m/z	NT=Dithiothreitol (DTT);AC=PRIDE:0000608	NT=Iodoacetamide (IAA);AC=PRIDE:0000599	NT=SDS PAGE;AC=PRIDE:0000568	2011-10-22	9	1	20111014_Orbi6_FB_tryp_proteome_KR_21.RAW	v1.1.0	NT=ms-proteomics;VV=v1.1.0	NT=sdrf-skills;VV=v0.2.0	bloodstream form
PXD000711-Sample-4	Trypanosoma brucei	not applicable	procyclic form	MiTat 1.4	not applicable	whole organism	no depletion	2	20111014_Orbi6_FB_tryp_proteome_KR_22	proteomic profiling by mass spectrometry	NT=LTQ Orbitrap XL;AC=MS:1000556	SILAC heavy	NT=Trypsin;AC=MS:1001251	NT=Carbamidomethyl;AC=UNIMOD:4;TA=C;MT=Fixed	NT=Oxidation;AC=UNIMOD:35;TA=M;MT=Variable	NT=Acetyl;AC=UNIMOD:1;PP=Protein N-term;MT=Variable	NT=Data-dependent acquisition;AC=PRIDE:0000627	NT=collision-induced dissociation;AC=MS:1000133	NT=ion trap;AC=MS:1000264	35 NCE	6 ppm	0.5 Da	300m/z-1650m/z	NT=Dithiothreitol (DTT);AC=PRIDE:0000608	NT=Iodoacetamide (IAA);AC=PRIDE:0000599	NT=SDS PAGE;AC=PRIDE:0000568	2011-10-22	10	1	20111014_Orbi6_FB_tryp_proteome_KR_22.RAW	v1.1.0	NT=ms-proteomics;VV=v1.1.0	NT=sdrf-skills;VV=v0.2.0	procyclic form
PXD000711-Sample-3	Trypanosoma brucei	not applicable	bloodstream form	MiTat 1.4	not applicable	whole organism	no depletion	2	20111014_Orbi6_FB_tryp_proteome_KR_22	proteomic profiling by mass spectrometry	NT=LTQ Orbitrap XL;AC=MS:1000556	SILAC light	NT=Trypsin;AC=MS:1001251	NT=Carbamidomethyl;AC=UNIMOD:4;TA=C;MT=Fixed	NT=Oxidation;AC=UNIMOD:35;TA=M;MT=Variable	NT=Acetyl;AC=UNIMOD:1;PP=Protein N-term;MT=Variable	NT=Data-dependent acquisition;AC=PRIDE:0000627	NT=collision-induced dissociation;AC=MS:1000133	NT=ion trap;AC=MS:1000264	35 NCE	6 ppm	0.5 Da	300m/z-1650m/z	NT=Dithiothreitol (DTT);AC=PRIDE:0000608	NT=Iodoacetamide (IAA);AC=PRIDE:0000599	NT=SDS PAGE;AC=PRIDE:0000568	2011-10-22	10	1	20111014_Orbi6_FB_tryp_proteome_KR_22.RAW	v1.1.0	NT=ms-proteomics;VV=v1.1.0	NT=sdrf-skills;VV=v0.2.0	bloodstream form
PXD000711-Sample-4	Trypanosoma brucei	not applicable	procyclic form	MiTat 1.4	not applicable	whole organism	no depletion	2	20111014_Orbi6_FB_tryp_proteome_KR_23	proteomic profiling by mass spectrometry	NT=LTQ Orbitrap XL;AC=MS:1000556	SILAC heavy	NT=Trypsin;AC=MS:1001251	NT=Carbamidomethyl;AC=UNIMOD:4;TA=C;MT=Fixed	NT=Oxidation;AC=UNIMOD:35;TA=M;MT=Variable	NT=Acetyl;AC=UNIMOD:1;PP=Protein N-term;MT=Variable	NT=Data-dependent acquisition;AC=PRIDE:0000627	NT=collision-induced dissociation;AC=MS:1000133	NT=ion trap;AC=MS:1000264	35 NCE	6 ppm	0.5 Da	300m/z-1650m/z	NT=Dithiothreitol (DTT);AC=PRIDE:0000608	NT=Iodoacetamide (IAA);AC=PRIDE:0000599	NT=SDS PAGE;AC=PRIDE:0000568	2011-10-22	11	1	20111014_Orbi6_FB_tryp_proteome_KR_23.RAW	v1.1.0	NT=ms-proteomics;VV=v1.1.0	NT=sdrf-skills;VV=v0.2.0	procyclic form
PXD000711-Sample-3	Trypanosoma brucei	not applicable	bloodstream form	MiTat 1.4	not applicable	whole organism	no depletion	2	20111014_Orbi6_FB_tryp_proteome_KR_23	proteomic profiling by mass spectrometry	NT=LTQ Orbitrap XL;AC=MS:1000556	SILAC light	NT=Trypsin;AC=MS:1001251	NT=Carbamidomethyl;AC=UNIMOD:4;TA=C;MT=Fixed	NT=Oxidation;AC=UNIMOD:35;TA=M;MT=Variable	NT=Acetyl;AC=UNIMOD:1;PP=Protein N-term;MT=Variable	NT=Data-dependent acquisition;AC=PRIDE:0000627	NT=collision-induced dissociation;AC=MS:1000133	NT=ion trap;AC=MS:1000264	35 NCE	6 ppm	0.5 Da	300m/z-1650m/z	NT=Dithiothreitol (DTT);AC=PRIDE:0000608	NT=Iodoacetamide (IAA);AC=PRIDE:0000599	NT=SDS PAGE;AC=PRIDE:0000568	2011-10-22	11	1	20111014_Orbi6_FB_tryp_proteome_KR_23.RAW	v1.1.0	NT=ms-proteomics;VV=v1.1.0	NT=sdrf-skills;VV=v0.2.0	bloodstream form
PXD000711-Sample-4	Trypanosoma brucei	not applicable	procyclic form	MiTat 1.4	not applicable	whole organism	no depletion	2	20111014_Orbi6_FB_tryp_proteome_KR_24	proteomic profiling by mass spectrometry	NT=LTQ Orbitrap XL;AC=MS:1000556	SILAC heavy	NT=Trypsin;AC=MS:1001251	NT=Carbamidomethyl;AC=UNIMOD:4;TA=C;MT=Fixed	NT=Oxidation;AC=UNIMOD:35;TA=M;MT=Variable	NT=Acetyl;AC=UNIMOD:1;PP=Protein N-term;MT=Variable	NT=Data-dependent acquisition;AC=PRIDE:0000627	NT=collision-induced dissociation;AC=MS:1000133	NT=ion trap;AC=MS:1000264	35 NCE	6 ppm	0.5 Da	300m/z-1650m/z	NT=Dithiothreitol (DTT);AC=PRIDE:0000608	NT=Iodoacetamide (IAA);AC=PRIDE:0000599	NT=SDS PAGE;AC=PRIDE:0000568	2011-10-22	12	1	20111014_Orbi6_FB_tryp_proteome_KR_24.RAW	v1.1.0	NT=ms-proteomics;VV=v1.1.0	NT=sdrf-skills;VV=v0.2.0	procyclic form
PXD000711-Sample-3	Trypanosoma brucei	not applicable	bloodstream form	MiTat 1.4	not applicable	whole organism	no depletion	2	20111014_Orbi6_FB_tryp_proteome_KR_24	proteomic profiling by mass spectrometry	NT=LTQ Orbitrap XL;AC=MS:1000556	SILAC light	NT=Trypsin;AC=MS:1001251	NT=Carbamidomethyl;AC=UNIMOD:4;TA=C;MT=Fixed	NT=Oxidation;AC=UNIMOD:35;TA=M;MT=Variable	NT=Acetyl;AC=UNIMOD:1;PP=Protein N-term;MT=Variable	NT=Data-dependent acquisition;AC=PRIDE:0000627	NT=collision-induced dissociation;AC=MS:1000133	NT=ion trap;AC=MS:1000264	35 NCE	6 ppm	0.5 Da	300m/z-1650m/z	NT=Dithiothreitol (DTT);AC=PRIDE:0000608	NT=Iodoacetamide (IAA);AC=PRIDE:0000599	NT=SDS PAGE;AC=PRIDE:0000568	2011-10-22	12	1	20111014_Orbi6_FB_tryp_proteome_KR_24.RAW	v1.1.0	NT=ms-proteomics;VV=v1.1.0	NT=sdrf-skills;VV=v0.2.0	bloodstream form
PXD000711-Sample-4	Trypanosoma brucei	not applicable	procyclic form	MiTat 1.4	not applicable	whole organism	no depletion	2	20120102_EXQ2_FB_SA_tryp_BSH_L_01	proteomic profiling by mass spectrometry	NT=Q Exactive;AC=MS:1001911	SILAC heavy	NT=Trypsin;AC=MS:1001251	NT=Carbamidomethyl;AC=UNIMOD:4;TA=C;MT=Fixed	NT=Oxidation;AC=UNIMOD:35;TA=M;MT=Variable	NT=Acetyl;AC=UNIMOD:1;PP=Protein N-term;MT=Variable	NT=Data-dependent acquisition;AC=PRIDE:0000627	NT=beam-type collision-induced dissociation;AC=MS:1000422	NT=orbitrap;AC=MS:1000484	25 NCE	6 ppm	20 ppm	300m/z-1650m/z	NT=Dithiothreitol (DTT);AC=PRIDE:0000608	NT=Iodoacetamide (IAA);AC=PRIDE:0000599	NT=SDS PAGE;AC=PRIDE:0000568	2012-01-04	1	2	20120102_EXQ2_FB_SA_tryp_BSH_L_01.raw	v1.1.0	NT=ms-proteomics;VV=v1.1.0	NT=sdrf-skills;VV=v0.2.0	procyclic form
PXD000711-Sample-3	Trypanosoma brucei	not applicable	bloodstream form	MiTat 1.4	not applicable	whole organism	no depletion	2	20120102_EXQ2_FB_SA_tryp_BSH_L_01	proteomic profiling by mass spectrometry	NT=Q Exactive;AC=MS:1001911	SILAC light	NT=Trypsin;AC=MS:1001251	NT=Carbamidomethyl;AC=UNIMOD:4;TA=C;MT=Fixed	NT=Oxidation;AC=UNIMOD:35;TA=M;MT=Variable	NT=Acetyl;AC=UNIMOD:1;PP=Protein N-term;MT=Variable	NT=Data-dependent acquisition;AC=PRIDE:0000627	NT=beam-type collision-induced dissociation;AC=MS:1000422	NT=orbitrap;AC=MS:1000484	25 NCE	6 ppm	20 ppm	300m/z-1650m/z	NT=Dithiothreitol (DTT);AC=PRIDE:0000608	NT=Iodoacetamide (IAA);AC=PRIDE:0000599	NT=SDS PAGE;AC=PRIDE:0000568	2012-01-04	1	2	20120102_EXQ2_FB_SA_tryp_BSH_L_01.raw	v1.1.0	NT=ms-proteomics;VV=v1.1.0	NT=sdrf-skills;VV=v0.2.0	bloodstream form
PXD000711-Sample-4	Trypanosoma brucei	not applicable	procyclic form	MiTat 1.4	not applicable	whole organism	no depletion	2	20120102_EXQ2_FB_SA_tryp_BSH_L_02	proteomic profiling by mass spectrometry	NT=Q Exactive;AC=MS:1001911	SILAC heavy	NT=Trypsin;AC=MS:1001251	NT=Carbamidomethyl;AC=UNIMOD:4;TA=C;MT=Fixed	NT=Oxidation;AC=UNIMOD:35;TA=M;MT=Variable	NT=Acetyl;AC=UNIMOD:1;PP=Protein N-term;MT=Variable	NT=Data-dependent acquisition;AC=PRIDE:0000627	NT=beam-type collision-induced dissociation;AC=MS:1000422	NT=orbitrap;AC=MS:1000484	25 NCE	6 ppm	20 ppm	300m/z-1650m/z	NT=Dithiothreitol (DTT);AC=PRIDE:0000608	NT=Iodoacetamide (IAA);AC=PRIDE:0000599	NT=SDS PAGE;AC=PRIDE:0000568	2012-01-04	2	2	20120102_EXQ2_FB_SA_tryp_BSH_L_02.raw	v1.1.0	NT=ms-proteomics;VV=v1.1.0	NT=sdrf-skills;VV=v0.2.0	procyclic form
PXD000711-Sample-3	Trypanosoma brucei	not applicable	bloodstream form	MiTat 1.4	not applicable	whole organism	no depletion	2	20120102_EXQ2_FB_SA_tryp_BSH_L_02	proteomic profiling by mass spectrometry	NT=Q Exactive;AC=MS:1001911	SILAC light	NT=Trypsin;AC=MS:1001251	NT=Carbamidomethyl;AC=UNIMOD:4;TA=C;MT=Fixed	NT=Oxidation;AC=UNIMOD:35;TA=M;MT=Variable	NT=Acetyl;AC=UNIMOD:1;PP=Protein N-term;MT=Variable	NT=Data-dependent acquisition;AC=PRIDE:0000627	NT=beam-type collision-induced dissociation;AC=MS:1000422	NT=orbitrap;AC=MS:1000484	25 NCE	6 ppm	20 ppm	300m/z-1650m/z	NT=Dithiothreitol (DTT);AC=PRIDE:0000608	NT=Iodoacetamide (IAA);AC=PRIDE:0000599	NT=SDS PAGE;AC=PRIDE:0000568	2012-01-04	2	2	20120102_EXQ2_FB_SA_tryp_BSH_L_02.raw	v1.1.0	NT=ms-proteomics;VV=v1.1.0	NT=sdrf-skills;VV=v0.2.0	bloodstream form
PXD000711-Sample-4	Trypanosoma brucei	not applicable	procyclic form	MiTat 1.4	not applicable	whole organism	no depletion	2	20120102_EXQ2_FB_SA_tryp_BSH_L_03	proteomic profiling by mass spectrometry	NT=Q Exactive;AC=MS:1001911	SILAC heavy	NT=Trypsin;AC=MS:1001251	NT=Carbamidomethyl;AC=UNIMOD:4;TA=C;MT=Fixed	NT=Oxidation;AC=UNIMOD:35;TA=M;MT=Variable	NT=Acetyl;AC=UNIMOD:1;PP=Protein N-term;MT=Variable	NT=Data-dependent acquisition;AC=PRIDE:0000627	NT=beam-type collision-induced dissociation;AC=MS:1000422	NT=orbitrap;AC=MS:1000484	25 NCE	6 ppm	20 ppm	300m/z-1650m/z	NT=Dithiothreitol (DTT);AC=PRIDE:0000608	NT=Iodoacetamide (IAA);AC=PRIDE:0000599	NT=SDS PAGE;AC=PRIDE:0000568	2012-01-04	3	2	20120102_EXQ2_FB_SA_tryp_BSH_L_03.raw	v1.1.0	NT=ms-proteomics;VV=v1.1.0	NT=sdrf-skills;VV=v0.2.0	procyclic form
PXD000711-Sample-3	Trypanosoma brucei	not applicable	bloodstream form	MiTat 1.4	not applicable	whole organism	no depletion	2	20120102_EXQ2_FB_SA_tryp_BSH_L_03	proteomic profiling by mass spectrometry	NT=Q Exactive;AC=MS:1001911	SILAC light	NT=Trypsin;AC=MS:1001251	NT=Carbamidomethyl;AC=UNIMOD:4;TA=C;MT=Fixed	NT=Oxidation;AC=UNIMOD:35;TA=M;MT=Variable	NT=Acetyl;AC=UNIMOD:1;PP=Protein N-term;MT=Variable	NT=Data-dependent acquisition;AC=PRIDE:0000627	NT=beam-type collision-induced dissociation;AC=MS:1000422	NT=orbitrap;AC=MS:1000484	25 NCE	6 ppm	20 ppm	300m/z-1650m/z	NT=Dithiothreitol (DTT);AC=PRIDE:0000608	NT=Iodoacetamide (IAA);AC=PRIDE:0000599	NT=SDS PAGE;AC=PRIDE:0000568	2012-01-04	3	2	20120102_EXQ2_FB_SA_tryp_BSH_L_03.raw	v1.1.0	NT=ms-proteomics;VV=v1.1.0	NT=sdrf-skills;VV=v0.2.0	bloodstream form
PXD000711-Sample-4	Trypanosoma brucei	not applicable	procyclic form	MiTat 1.4	not applicable	whole organism	no depletion	2	20120102_EXQ2_FB_SA_tryp_BSH_L_04	proteomic profiling by mass spectrometry	NT=Q Exactive;AC=MS:1001911	SILAC heavy	NT=Trypsin;AC=MS:1001251	NT=Carbamidomethyl;AC=UNIMOD:4;TA=C;MT=Fixed	NT=Oxidation;AC=UNIMOD:35;TA=M;MT=Variable	NT=Acetyl;AC=UNIMOD:1;PP=Protein N-term;MT=Variable	NT=Data-dependent acquisition;AC=PRIDE:0000627	NT=beam-type collision-induced dissociation;AC=MS:1000422	NT=orbitrap;AC=MS:1000484	25 NCE	6 ppm	20 ppm	300m/z-1650m/z	NT=Dithiothreitol (DTT);AC=PRIDE:0000608	NT=Iodoacetamide (IAA);AC=PRIDE:0000599	NT=SDS PAGE;AC=PRIDE:0000568	2012-01-04	4	2	20120102_EXQ2_FB_SA_tryp_BSH_L_04.raw	v1.1.0	NT=ms-proteomics;VV=v1.1.0	NT=sdrf-skills;VV=v0.2.0	procyclic form
PXD000711-Sample-3	Trypanosoma brucei	not applicable	bloodstream form	MiTat 1.4	not applicable	whole organism	no depletion	2	20120102_EXQ2_FB_SA_tryp_BSH_L_04	proteomic profiling by mass spectrometry	NT=Q Exactive;AC=MS:1001911	SILAC light	NT=Trypsin;AC=MS:1001251	NT=Carbamidomethyl;AC=UNIMOD:4;TA=C;MT=Fixed	NT=Oxidation;AC=UNIMOD:35;TA=M;MT=Variable	NT=Acetyl;AC=UNIMOD:1;PP=Protein N-term;MT=Variable	NT=Data-dependent acquisition;AC=PRIDE:0000627	NT=beam-type collision-induced dissociation;AC=MS:1000422	NT=orbitrap;AC=MS:1000484	25 NCE	6 ppm	20 ppm	300m/z-1650m/z	NT=Dithiothreitol (DTT);AC=PRIDE:0000608	NT=Iodoacetamide (IAA);AC=PRIDE:0000599	NT=SDS PAGE;AC=PRIDE:0000568	2012-01-04	4	2	20120102_EXQ2_FB_SA_tryp_BSH_L_04.raw	v1.1.0	NT=ms-proteomics;VV=v1.1.0	NT=sdrf-skills;VV=v0.2.0	bloodstream form
PXD000711-Sample-4	Trypanosoma brucei	not applicable	procyclic form	MiTat 1.4	not applicable	whole organism	no depletion	2	20120102_EXQ2_FB_SA_tryp_BSH_L_05	proteomic profiling by mass spectrometry	NT=Q Exactive;AC=MS:1001911	SILAC heavy	NT=Trypsin;AC=MS:1001251	NT=Carbamidomethyl;AC=UNIMOD:4;TA=C;MT=Fixed	NT=Oxidation;AC=UNIMOD:35;TA=M;MT=Variable	NT=Acetyl;AC=UNIMOD:1;PP=Protein N-term;MT=Variable	NT=Data-dependent acquisition;AC=PRIDE:0000627	NT=beam-type collision-induced dissociation;AC=MS:1000422	NT=orbitrap;AC=MS:1000484	25 NCE	6 ppm	20 ppm	300m/z-1650m/z	NT=Dithiothreitol (DTT);AC=PRIDE:0000608	NT=Iodoacetamide (IAA);AC=PRIDE:0000599	NT=SDS PAGE;AC=PRIDE:0000568	2012-01-05	5	2	20120102_EXQ2_FB_SA_tryp_BSH_L_05.raw	v1.1.0	NT=ms-proteomics;VV=v1.1.0	NT=sdrf-skills;VV=v0.2.0	procyclic form
PXD000711-Sample-3	Trypanosoma brucei	not applicable	bloodstream form	MiTat 1.4	not applicable	whole organism	no depletion	2	20120102_EXQ2_FB_SA_tryp_BSH_L_05	proteomic profiling by mass spectrometry	NT=Q Exactive;AC=MS:1001911	SILAC light	NT=Trypsin;AC=MS:1001251	NT=Carbamidomethyl;AC=UNIMOD:4;TA=C;MT=Fixed	NT=Oxidation;AC=UNIMOD:35;TA=M;MT=Variable	NT=Acetyl;AC=UNIMOD:1;PP=Protein N-term;MT=Variable	NT=Data-dependent acquisition;AC=PRIDE:0000627	NT=beam-type collision-induced dissociation;AC=MS:1000422	NT=orbitrap;AC=MS:1000484	25 NCE	6 ppm	20 ppm	300m/z-1650m/z	NT=Dithiothreitol (DTT);AC=PRIDE:0000608	NT=Iodoacetamide (IAA);AC=PRIDE:0000599	NT=SDS PAGE;AC=PRIDE:0000568	2012-01-05	5	2	20120102_EXQ2_FB_SA_tryp_BSH_L_05.raw	v1.1.0	NT=ms-proteomics;VV=v1.1.0	NT=sdrf-skills;VV=v0.2.0	bloodstream form
PXD000711-Sample-4	Trypanosoma brucei	not applicable	procyclic form	MiTat 1.4	not applicable	whole organism	no depletion	2	20120102_EXQ2_FB_SA_tryp_BSH_L_06	proteomic profiling by mass spectrometry	NT=Q Exactive;AC=MS:1001911	SILAC heavy	NT=Trypsin;AC=MS:1001251	NT=Carbamidomethyl;AC=UNIMOD:4;TA=C;MT=Fixed	NT=Oxidation;AC=UNIMOD:35;TA=M;MT=Variable	NT=Acetyl;AC=UNIMOD:1;PP=Protein N-term;MT=Variable	NT=Data-dependent acquisition;AC=PRIDE:0000627	NT=beam-type collision-induced dissociation;AC=MS:1000422	NT=orbitrap;AC=MS:1000484	25 NCE	6 ppm	20 ppm	300m/z-1650m/z	NT=Dithiothreitol (DTT);AC=PRIDE:0000608	NT=Iodoacetamide (IAA);AC=PRIDE:0000599	NT=SDS PAGE;AC=PRIDE:0000568	2012-01-05	6	2	20120102_EXQ2_FB_SA_tryp_BSH_L_06.raw	v1.1.0	NT=ms-proteomics;VV=v1.1.0	NT=sdrf-skills;VV=v0.2.0	procyclic form
PXD000711-Sample-3	Trypanosoma brucei	not applicable	bloodstream form	MiTat 1.4	not applicable	whole organism	no depletion	2	20120102_EXQ2_FB_SA_tryp_BSH_L_06	proteomic profiling by mass spectrometry	NT=Q Exactive;AC=MS:1001911	SILAC light	NT=Trypsin;AC=MS:1001251	NT=Carbamidomethyl;AC=UNIMOD:4;TA=C;MT=Fixed	NT=Oxidation;AC=UNIMOD:35;TA=M;MT=Variable	NT=Acetyl;AC=UNIMOD:1;PP=Protein N-term;MT=Variable	NT=Data-dependent acquisition;AC=PRIDE:0000627	NT=beam-type collision-induced dissociation;AC=MS:1000422	NT=orbitrap;AC=MS:1000484	25 NCE	6 ppm	20 ppm	300m/z-1650m/z	NT=Dithiothreitol (DTT);AC=PRIDE:0000608	NT=Iodoacetamide (IAA);AC=PRIDE:0000599	NT=SDS PAGE;AC=PRIDE:0000568	2012-01-05	6	2	20120102_EXQ2_FB_SA_tryp_BSH_L_06.raw	v1.1.0	NT=ms-proteomics;VV=v1.1.0	NT=sdrf-skills;VV=v0.2.0	bloodstream form
PXD000711-Sample-4	Trypanosoma brucei	not applicable	procyclic form	MiTat 1.4	not applicable	whole organism	no depletion	2	20120102_EXQ2_FB_SA_tryp_BSH_L_07	proteomic profiling by mass spectrometry	NT=Q Exactive;AC=MS:1001911	SILAC heavy	NT=Trypsin;AC=MS:1001251	NT=Carbamidomethyl;AC=UNIMOD:4;TA=C;MT=Fixed	NT=Oxidation;AC=UNIMOD:35;TA=M;MT=Variable	NT=Acetyl;AC=UNIMOD:1;PP=Protein N-term;MT=Variable	NT=Data-dependent acquisition;AC=PRIDE:0000627	NT=beam-type collision-induced dissociation;AC=MS:1000422	NT=orbitrap;AC=MS:1000484	25 NCE	6 ppm	20 ppm	300m/z-1650m/z	NT=Dithiothreitol (DTT);AC=PRIDE:0000608	NT=Iodoacetamide (IAA);AC=PRIDE:0000599	NT=SDS PAGE;AC=PRIDE:0000568	2012-01-05	7	2	20120102_EXQ2_FB_SA_tryp_BSH_L_07.raw	v1.1.0	NT=ms-proteomics;VV=v1.1.0	NT=sdrf-skills;VV=v0.2.0	procyclic form
PXD000711-Sample-3	Trypanosoma brucei	not applicable	bloodstream form	MiTat 1.4	not applicable	whole organism	no depletion	2	20120102_EXQ2_FB_SA_tryp_BSH_L_07	proteomic profiling by mass spectrometry	NT=Q Exactive;AC=MS:1001911	SILAC light	NT=Trypsin;AC=MS:1001251	NT=Carbamidomethyl;AC=UNIMOD:4;TA=C;MT=Fixed	NT=Oxidation;AC=UNIMOD:35;TA=M;MT=Variable	NT=Acetyl;AC=UNIMOD:1;PP=Protein N-term;MT=Variable	NT=Data-dependent acquisition;AC=PRIDE:0000627	NT=beam-type collision-induced dissociation;AC=MS:1000422	NT=orbitrap;AC=MS:1000484	25 NCE	6 ppm	20 ppm	300m/z-1650m/z	NT=Dithiothreitol (DTT);AC=PRIDE:0000608	NT=Iodoacetamide (IAA);AC=PRIDE:0000599	NT=SDS PAGE;AC=PRIDE:0000568	2012-01-05	7	2	20120102_EXQ2_FB_SA_tryp_BSH_L_07.raw	v1.1.0	NT=ms-proteomics;VV=v1.1.0	NT=sdrf-skills;VV=v0.2.0	bloodstream form
PXD000711-Sample-4	Trypanosoma brucei	not applicable	procyclic form	MiTat 1.4	not applicable	whole organism	no depletion	2	20120102_EXQ2_FB_SA_tryp_BSH_L_08_120105201525	proteomic profiling by mass spectrometry	NT=Q Exactive;AC=MS:1001911	SILAC heavy	NT=Trypsin;AC=MS:1001251	NT=Carbamidomethyl;AC=UNIMOD:4;TA=C;MT=Fixed	NT=Oxidation;AC=UNIMOD:35;TA=M;MT=Variable	NT=Acetyl;AC=UNIMOD:1;PP=Protein N-term;MT=Variable	NT=Data-dependent acquisition;AC=PRIDE:0000627	NT=beam-type collision-induced dissociation;AC=MS:1000422	NT=orbitrap;AC=MS:1000484	25 NCE	6 ppm	20 ppm	300m/z-1650m/z	NT=Dithiothreitol (DTT);AC=PRIDE:0000608	NT=Iodoacetamide (IAA);AC=PRIDE:0000599	NT=SDS PAGE;AC=PRIDE:0000568	2012-01-05	8	2	20120102_EXQ2_FB_SA_tryp_BSH_L_08_120105201525.raw	v1.1.0	NT=ms-proteomics;VV=v1.1.0	NT=sdrf-skills;VV=v0.2.0	procyclic form
PXD000711-Sample-3	Trypanosoma brucei	not applicable	bloodstream form	MiTat 1.4	not applicable	whole organism	no depletion	2	20120102_EXQ2_FB_SA_tryp_BSH_L_08_120105201525	proteomic profiling by mass spectrometry	NT=Q Exactive;AC=MS:1001911	SILAC light	NT=Trypsin;AC=MS:1001251	NT=Carbamidomethyl;AC=UNIMOD:4;TA=C;MT=Fixed	NT=Oxidation;AC=UNIMOD:35;TA=M;MT=Variable	NT=Acetyl;AC=UNIMOD:1;PP=Protein N-term;MT=Variable	NT=Data-dependent acquisition;AC=PRIDE:0000627	NT=beam-type collision-induced dissociation;AC=MS:1000422	NT=orbitrap;AC=MS:1000484	25 NCE	6 ppm	20 ppm	300m/z-1650m/z	NT=Dithiothreitol (DTT);AC=PRIDE:0000608	NT=Iodoacetamide (IAA);AC=PRIDE:0000599	NT=SDS PAGE;AC=PRIDE:0000568	2012-01-05	8	2	20120102_EXQ2_FB_SA_tryp_BSH_L_08_120105201525.raw	v1.1.0	NT=ms-proteomics;VV=v1.1.0	NT=sdrf-skills;VV=v0.2.0	bloodstream form
PXD000711-Sample-4	Trypanosoma brucei	not applicable	procyclic form	MiTat 1.4	not applicable	whole organism	no depletion	2	20120102_EXQ2_FB_SA_tryp_BSH_L_09	proteomic profiling by mass spectrometry	NT=Q Exactive;AC=MS:1001911	SILAC heavy	NT=Trypsin;AC=MS:1001251	NT=Carbamidomethyl;AC=UNIMOD:4;TA=C;MT=Fixed	NT=Oxidation;AC=UNIMOD:35;TA=M;MT=Variable	NT=Acetyl;AC=UNIMOD:1;PP=Protein N-term;MT=Variable	NT=Data-dependent acquisition;AC=PRIDE:0000627	NT=beam-type collision-induced dissociation;AC=MS:1000422	NT=orbitrap;AC=MS:1000484	25 NCE	6 ppm	20 ppm	300m/z-1650m/z	NT=Dithiothreitol (DTT);AC=PRIDE:0000608	NT=Iodoacetamide (IAA);AC=PRIDE:0000599	NT=SDS PAGE;AC=PRIDE:0000568	2012-01-05	9	2	20120102_EXQ2_FB_SA_tryp_BSH_L_09.raw	v1.1.0	NT=ms-proteomics;VV=v1.1.0	NT=sdrf-skills;VV=v0.2.0	procyclic form
PXD000711-Sample-3	Trypanosoma brucei	not applicable	bloodstream form	MiTat 1.4	not applicable	whole organism	no depletion	2	20120102_EXQ2_FB_SA_tryp_BSH_L_09	proteomic profiling by mass spectrometry	NT=Q Exactive;AC=MS:1001911	SILAC light	NT=Trypsin;AC=MS:1001251	NT=Carbamidomethyl;AC=UNIMOD:4;TA=C;MT=Fixed	NT=Oxidation;AC=UNIMOD:35;TA=M;MT=Variable	NT=Acetyl;AC=UNIMOD:1;PP=Protein N-term;MT=Variable	NT=Data-dependent acquisition;AC=PRIDE:0000627	NT=beam-type collision-induced dissociation;AC=MS:1000422	NT=orbitrap;AC=MS:1000484	25 NCE	6 ppm	20 ppm	300m/z-1650m/z	NT=Dithiothreitol (DTT);AC=PRIDE:0000608	NT=Iodoacetamide (IAA);AC=PRIDE:0000599	NT=SDS PAGE;AC=PRIDE:0000568	2012-01-05	9	2	20120102_EXQ2_FB_SA_tryp_BSH_L_09.raw	v1.1.0	NT=ms-proteomics;VV=v1.1.0	NT=sdrf-skills;VV=v0.2.0	bloodstream form
PXD000711-Sample-4	Trypanosoma brucei	not applicable	procyclic form	MiTat 1.4	not applicable	whole organism	no depletion	2	20120102_EXQ2_FB_SA_tryp_BSH_L_10	proteomic profiling by mass spectrometry	NT=Q Exactive;AC=MS:1001911	SILAC heavy	NT=Trypsin;AC=MS:1001251	NT=Carbamidomethyl;AC=UNIMOD:4;TA=C;MT=Fixed	NT=Oxidation;AC=UNIMOD:35;TA=M;MT=Variable	NT=Acetyl;AC=UNIMOD:1;PP=Protein N-term;MT=Variable	NT=Data-dependent acquisition;AC=PRIDE:0000627	NT=beam-type collision-induced dissociation;AC=MS:1000422	NT=orbitrap;AC=MS:1000484	25 NCE	6 ppm	20 ppm	300m/z-1650m/z	NT=Dithiothreitol (DTT);AC=PRIDE:0000608	NT=Iodoacetamide (IAA);AC=PRIDE:0000599	NT=SDS PAGE;AC=PRIDE:0000568	2012-01-06	10	2	20120102_EXQ2_FB_SA_tryp_BSH_L_10.raw	v1.1.0	NT=ms-proteomics;VV=v1.1.0	NT=sdrf-skills;VV=v0.2.0	procyclic form
PXD000711-Sample-3	Trypanosoma brucei	not applicable	bloodstream form	MiTat 1.4	not applicable	whole organism	no depletion	2	20120102_EXQ2_FB_SA_tryp_BSH_L_10	proteomic profiling by mass spectrometry	NT=Q Exactive;AC=MS:1001911	SILAC light	NT=Trypsin;AC=MS:1001251	NT=Carbamidomethyl;AC=UNIMOD:4;TA=C;MT=Fixed	NT=Oxidation;AC=UNIMOD:35;TA=M;MT=Variable	NT=Acetyl;AC=UNIMOD:1;PP=Protein N-term;MT=Variable	NT=Data-dependent acquisition;AC=PRIDE:0000627	NT=beam-type collision-induced dissociation;AC=MS:1000422	NT=orbitrap;AC=MS:1000484	25 NCE	6 ppm	20 ppm	300m/z-1650m/z	NT=Dithiothreitol (DTT);AC=PRIDE:0000608	NT=Iodoacetamide (IAA);AC=PRIDE:0000599	NT=SDS PAGE;AC=PRIDE:0000568	2012-01-06	10	2	20120102_EXQ2_FB_SA_tryp_BSH_L_10.raw	v1.1.0	NT=ms-proteomics;VV=v1.1.0	NT=sdrf-skills;VV=v0.2.0	bloodstream form
PXD000711-Sample-4	Trypanosoma brucei	not applicable	procyclic form	MiTat 1.4	not applicable	whole organism	no depletion	2	20120102_EXQ2_FB_SA_tryp_BSH_L_11	proteomic profiling by mass spectrometry	NT=Q Exactive;AC=MS:1001911	SILAC heavy	NT=Trypsin;AC=MS:1001251	NT=Carbamidomethyl;AC=UNIMOD:4;TA=C;MT=Fixed	NT=Oxidation;AC=UNIMOD:35;TA=M;MT=Variable	NT=Acetyl;AC=UNIMOD:1;PP=Protein N-term;MT=Variable	NT=Data-dependent acquisition;AC=PRIDE:0000627	NT=beam-type collision-induced dissociation;AC=MS:1000422	NT=orbitrap;AC=MS:1000484	25 NCE	6 ppm	20 ppm	300m/z-1650m/z	NT=Dithiothreitol (DTT);AC=PRIDE:0000608	NT=Iodoacetamide (IAA);AC=PRIDE:0000599	NT=SDS PAGE;AC=PRIDE:0000568	2012-01-06	11	2	20120102_EXQ2_FB_SA_tryp_BSH_L_11.raw	v1.1.0	NT=ms-proteomics;VV=v1.1.0	NT=sdrf-skills;VV=v0.2.0	procyclic form
PXD000711-Sample-3	Trypanosoma brucei	not applicable	bloodstream form	MiTat 1.4	not applicable	whole organism	no depletion	2	20120102_EXQ2_FB_SA_tryp_BSH_L_11	proteomic profiling by mass spectrometry	NT=Q Exactive;AC=MS:1001911	SILAC light	NT=Trypsin;AC=MS:1001251	NT=Carbamidomethyl;AC=UNIMOD:4;TA=C;MT=Fixed	NT=Oxidation;AC=UNIMOD:35;TA=M;MT=Variable	NT=Acetyl;AC=UNIMOD:1;PP=Protein N-term;MT=Variable	NT=Data-dependent acquisition;AC=PRIDE:0000627	NT=beam-type collision-induced dissociation;AC=MS:1000422	NT=orbitrap;AC=MS:1000484	25 NCE	6 ppm	20 ppm	300m/z-1650m/z	NT=Dithiothreitol (DTT);AC=PRIDE:0000608	NT=Iodoacetamide (IAA);AC=PRIDE:0000599	NT=SDS PAGE;AC=PRIDE:0000568	2012-01-06	11	2	20120102_EXQ2_FB_SA_tryp_BSH_L_11.raw	v1.1.0	NT=ms-proteomics;VV=v1.1.0	NT=sdrf-skills;VV=v0.2.0	bloodstream form
PXD000711-Sample-4	Trypanosoma brucei	not applicable	procyclic form	MiTat 1.4	not applicable	whole organism	no depletion	2	20120102_EXQ2_FB_SA_tryp_BSH_L_12	proteomic profiling by mass spectrometry	NT=Q Exactive;AC=MS:1001911	SILAC heavy	NT=Trypsin;AC=MS:1001251	NT=Carbamidomethyl;AC=UNIMOD:4;TA=C;MT=Fixed	NT=Oxidation;AC=UNIMOD:35;TA=M;MT=Variable	NT=Acetyl;AC=UNIMOD:1;PP=Protein N-term;MT=Variable	NT=Data-dependent acquisition;AC=PRIDE:0000627	NT=beam-type collision-induced dissociation;AC=MS:1000422	NT=orbitrap;AC=MS:1000484	25 NCE	6 ppm	20 ppm	300m/z-1650m/z	NT=Dithiothreitol (DTT);AC=PRIDE:0000608	NT=Iodoacetamide (IAA);AC=PRIDE:0000599	NT=SDS PAGE;AC=PRIDE:0000568	2012-01-06	12	2	20120102_EXQ2_FB_SA_tryp_BSH_L_12.raw	v1.1.0	NT=ms-proteomics;VV=v1.1.0	NT=sdrf-skills;VV=v0.2.0	procyclic form
PXD000711-Sample-3	Trypanosoma brucei	not applicable	bloodstream form	MiTat 1.4	not applicable	whole organism	no depletion	2	20120102_EXQ2_FB_SA_tryp_BSH_L_12	proteomic profiling by mass spectrometry	NT=Q Exactive;AC=MS:1001911	SILAC light	NT=Trypsin;AC=MS:1001251	NT=Carbamidomethyl;AC=UNIMOD:4;TA=C;MT=Fixed	NT=Oxidation;AC=UNIMOD:35;TA=M;MT=Variable	NT=Acetyl;AC=UNIMOD:1;PP=Protein N-term;MT=Variable	NT=Data-dependent acquisition;AC=PRIDE:0000627	NT=beam-type collision-induced dissociation;AC=MS:1000422	NT=orbitrap;AC=MS:1000484	25 NCE	6 ppm	20 ppm	300m/z-1650m/z	NT=Dithiothreitol (DTT);AC=PRIDE:0000608	NT=Iodoacetamide (IAA);AC=PRIDE:0000599	NT=SDS PAGE;AC=PRIDE:0000568	2012-01-06	12	2	20120102_EXQ2_FB_SA_tryp_BSH_L_12.raw	v1.1.0	NT=ms-proteomics;VV=v1.1.0	NT=sdrf-skills;VV=v0.2.0	bloodstream form
